product_id,product_name,category,price
1,Product1,Clothing,1443.55
2,Product2,Sports,4191.12
3,Product3,Clothing,4481.08
4,Product4,Sports,3001.96
5,Product5,Sports,3256.35
6,Product6,Home,1820.31
7,Product7,Electronics,4975.81
8,Product8,Sports,2992.27
9,Product9,Books,4227.41
10,Product10,Books,249.45
11,Product11,Home,570.26
12,Product12,Books,2249.97
13,Product13,Electronics,2107.73
14,Product14,Electronics,2888.44
15,Product15,Books,2640.0
16,Product16,Books,1691.54
17,Product17,Clothing,3046.12
18,Product18,Sports,570.18
19,Product19,Sports,2917.78
20,Product20,Books,2055.31
21,Product21,Sports,1849.38
22,Product22,Books,2150.43
23,Product23,Home,2460.94
24,Product24,Sports,1194.55
25,Product25,Clothing,3200.82
26,Product26,Sports,4064.72
27,Product27,Sports,499.46
28,Product28,Home,4697.6
29,Product29,Clothing,2034.78
30,Product30,Books,4542.84
31,Product31,Electronics,1494.23
32,Product32,Books,4301.69
33,Product33,Books,1228.49
34,Product34,Books,4369.14
35,Product35,Clothing,2768.94
36,Product36,Home,2519.09
37,Product37,Clothing,4339.4
38,Product38,Books,4782.59
39,Product39,Home,3004.69
40,Product40,Electronics,2290.38
41,Product41,Home,1309.07
42,Product42,Home,3446.87
43,Product43,Clothing,2969.13
44,Product44,Clothing,3648.43
45,Product45,Home,3408.67
46,Product46,Electronics,1567.59
47,Product47,Home,1095.99
48,Product48,Books,2589.66
49,Product49,Home,671.92
50,Product50,Clothing,1524.75
51,Product51,Electronics,531.79
52,Product52,Clothing,1687.41
53,Product53,Sports,4805.57
54,Product54,Electronics,421.02
55,Product55,Books,87.5
56,Product56,Books,229.82
57,Product57,Sports,1544.4
58,Product58,Clothing,665.84
59,Product59,Electronics,3099.63
60,Product60,Clothing,1236.2
61,Product61,Clothing,2418.21
62,Product62,Books,2149.25
63,Product63,Books,1661.48
64,Product64,Books,1947.11
65,Product65,Sports,1382.46
66,Product66,Electronics,4871.55
67,Product67,Clothing,1486.01
68,Product68,Books,4263.96
69,Product69,Books,2436.46
70,Product70,Sports,812.85
71,Product71,Sports,2779.38
72,Product72,Clothing,4125.75
73,Product73,Electronics,128.55
74,Product74,Clothing,2996.54
75,Product75,Home,3605.43
76,Product76,Electronics,1276.24
77,Product77,Books,1666.25
78,Product78,Electronics,589.43
79,Product79,Electronics,2592.07
80,Product80,Home,2542.71
81,Product81,Home,1054.09
82,Product82,Sports,1683.73
83,Product83,Electronics,61.29
84,Product84,Electronics,4079.48
85,Product85,Clothing,4385.16
86,Product86,Electronics,3837.44
87,Product87,Books,4457.67
88,Product88,Sports,4313.27
89,Product89,Books,4807.9
90,Product90,Home,3171.27
91,Product91,Electronics,2585.84
92,Product92,Clothing,3540.81
93,Product93,Electronics,2506.89
94,Product94,Books,820.94
95,Product95,Books,4868.96
96,Product96,Home,4954.92
97,Product97,Clothing,4697.32
98,Product98,Books,662.65
99,Product99,Electronics,503.75
100,Product100,Home,883.37
101,Product101,Home,3513.65
102,Product102,Clothing,1382.46
103,Product103,Home,4753.89
104,Product104,Clothing,2726.06
105,Product105,Books,2593.13
106,Product106,Electronics,4923.71
107,Product107,Home,3162.36
108,Product108,Clothing,4278.69
109,Product109,Clothing,2441.05
110,Product110,Clothing,4518.19
111,Product111,Sports,1656.65
112,Product112,Sports,3981.31
113,Product113,Home,1170.09
114,Product114,Clothing,3200.68
115,Product115,Books,4836.27
116,Product116,Books,4176.28
117,Product117,Sports,3713.84
118,Product118,Sports,2076.39
119,Product119,Home,1827.56
120,Product120,Home,1225.88
121,Product121,Home,2403.47
122,Product122,Home,1800.96
123,Product123,Books,1887.36
124,Product124,Books,1774.66
125,Product125,Clothing,4983.4
126,Product126,Clothing,4364.91
127,Product127,Sports,3865.29
128,Product128,Books,4870.98
129,Product129,Clothing,2798.47
130,Product130,Home,3870.72
131,Product131,Home,2929.49
132,Product132,Sports,2103.63
133,Product133,Books,2022.78
134,Product134,Electronics,3092.92
135,Product135,Clothing,3255.46
136,Product136,Sports,934.53
137,Product137,Home,1453.34
138,Product138,Electronics,3263.74
139,Product139,Books,2357.62
140,Product140,Clothing,4089.75
141,Product141,Electronics,3506.68
142,Product142,Home,314.89
143,Product143,Home,4763.51
144,Product144,Books,2458.86
145,Product145,Electronics,3460.13
146,Product146,Sports,4419.22
147,Product147,Clothing,3682.63
148,Product148,Books,750.32
149,Product149,Home,2780.19
150,Product150,Clothing,3124.71
151,Product151,Sports,3593.28
152,Product152,Books,2764.42
153,Product153,Electronics,4690.48
154,Product154,Clothing,4566.81
155,Product155,Clothing,3876.03
156,Product156,Home,4934.93
157,Product157,Sports,1980.72
158,Product158,Electronics,1194.36
159,Product159,Clothing,3309.45
160,Product160,Home,4007.3
161,Product161,Electronics,1384.06
162,Product162,Electronics,3921.34
163,Product163,Sports,1884.93
164,Product164,Clothing,4109.04
165,Product165,Clothing,1882.28
166,Product166,Sports,4523.53
167,Product167,Sports,2591.89
168,Product168,Electronics,3461.53
169,Product169,Home,1134.54
170,Product170,Sports,3911.81
171,Product171,Sports,3287.83
172,Product172,Sports,3963.88
173,Product173,Books,2247.29
174,Product174,Sports,2263.08
175,Product175,Sports,3108.89
176,Product176,Books,752.64
177,Product177,Home,4847.83
178,Product178,Electronics,1901.85
179,Product179,Sports,4754.45
180,Product180,Sports,946.29
181,Product181,Sports,4544.92
182,Product182,Books,4311.59
183,Product183,Home,3682.74
184,Product184,Clothing,1704.67
185,Product185,Clothing,2061.52
186,Product186,Clothing,4089.51
187,Product187,Books,3007.99
188,Product188,Sports,1787.17
189,Product189,Home,3672.06
190,Product190,Clothing,732.94
191,Product191,Books,1318.17
192,Product192,Home,1249.14
193,Product193,Books,285.91
194,Product194,Electronics,722.52
195,Product195,Clothing,3708.22
196,Product196,Sports,1957.48
197,Product197,Books,4457.39
198,Product198,Electronics,682.69
199,Product199,Books,1060.48
200,Product200,Sports,1760.25
201,Product201,Sports,3670.39
202,Product202,Home,128.35
203,Product203,Electronics,4198.16
204,Product204,Clothing,4371.21
205,Product205,Sports,1445.98
206,Product206,Home,2107.22
207,Product207,Clothing,3034.68
208,Product208,Clothing,3906.42
209,Product209,Sports,2005.68
210,Product210,Clothing,2203.04
211,Product211,Home,543.89
212,Product212,Clothing,1964.88
213,Product213,Clothing,4066.5
214,Product214,Electronics,1993.86
215,Product215,Books,4661.66
216,Product216,Sports,1287.02
217,Product217,Home,4693.0
218,Product218,Sports,4738.48
219,Product219,Clothing,3472.36
220,Product220,Home,2165.54
221,Product221,Home,2285.46
222,Product222,Clothing,2641.64
223,Product223,Electronics,4432.13
224,Product224,Books,752.95
225,Product225,Electronics,894.91
226,Product226,Clothing,1183.76
227,Product227,Books,1379.25
228,Product228,Books,1098.24
229,Product229,Sports,638.34
230,Product230,Sports,3447.87
231,Product231,Electronics,219.98
232,Product232,Home,2862.53
233,Product233,Home,972.0
234,Product234,Books,639.03
235,Product235,Books,4590.69
236,Product236,Books,215.16
237,Product237,Home,4994.37
238,Product238,Clothing,4707.8
239,Product239,Electronics,2531.62
240,Product240,Clothing,4294.55
241,Product241,Sports,2949.59
242,Product242,Electronics,2450.59
243,Product243,Clothing,4929.26
244,Product244,Clothing,1840.74
245,Product245,Sports,460.89
246,Product246,Electronics,1821.96
247,Product247,Clothing,4602.96
248,Product248,Electronics,1179.11
249,Product249,Electronics,4308.28
250,Product250,Electronics,1979.43
251,Product251,Clothing,3057.06
252,Product252,Sports,4060.35
253,Product253,Home,4314.06
254,Product254,Books,4640.03
255,Product255,Electronics,705.28
256,Product256,Electronics,3136.91
257,Product257,Clothing,248.49
258,Product258,Books,2156.68
259,Product259,Electronics,768.84
260,Product260,Home,2746.48
261,Product261,Books,4822.35
262,Product262,Books,1876.96
263,Product263,Books,3782.4
264,Product264,Books,4926.53
265,Product265,Home,3646.34
266,Product266,Books,3337.89
267,Product267,Clothing,1721.95
268,Product268,Electronics,1986.05
269,Product269,Home,1354.83
270,Product270,Sports,4368.04
271,Product271,Clothing,396.48
272,Product272,Electronics,1568.28
273,Product273,Home,3827.53
274,Product274,Electronics,292.69
275,Product275,Clothing,3920.58
276,Product276,Sports,3609.68
277,Product277,Sports,3368.88
278,Product278,Home,1044.57
279,Product279,Books,260.34
280,Product280,Sports,4231.52
281,Product281,Clothing,2964.78
282,Product282,Home,11.75
283,Product283,Clothing,1875.0
284,Product284,Electronics,766.44
285,Product285,Sports,515.7
286,Product286,Home,2172.41
287,Product287,Electronics,4038.76
288,Product288,Electronics,3707.45
289,Product289,Home,4637.85
290,Product290,Sports,4196.04
291,Product291,Clothing,4081.93
292,Product292,Books,4492.01
293,Product293,Clothing,542.71
294,Product294,Electronics,3741.37
295,Product295,Home,833.59
296,Product296,Sports,3955.76
297,Product297,Sports,260.46
298,Product298,Clothing,2066.29
299,Product299,Electronics,4200.25
300,Product300,Home,435.1
301,Product301,Electronics,3791.14
302,Product302,Clothing,4027.96
303,Product303,Electronics,214.63
304,Product304,Sports,958.12
305,Product305,Home,2912.83
306,Product306,Clothing,3268.38
307,Product307,Sports,3478.95
308,Product308,Sports,2664.22
309,Product309,Sports,548.37
310,Product310,Sports,527.69
311,Product311,Sports,4294.22
312,Product312,Books,1704.02
313,Product313,Home,2964.08
314,Product314,Clothing,2016.54
315,Product315,Clothing,1402.07
316,Product316,Clothing,4850.52
317,Product317,Sports,1421.77
318,Product318,Home,1175.76
319,Product319,Books,2915.83
320,Product320,Home,4440.43
321,Product321,Clothing,2775.86
322,Product322,Clothing,4266.0
323,Product323,Sports,1284.47
324,Product324,Clothing,188.52
325,Product325,Home,2980.47
326,Product326,Electronics,869.12
327,Product327,Electronics,4817.25
328,Product328,Books,3336.5
329,Product329,Clothing,1266.41
330,Product330,Home,4965.71
331,Product331,Books,1814.14
332,Product332,Books,1831.38
333,Product333,Clothing,605.33
334,Product334,Electronics,3509.22
335,Product335,Home,3715.7
336,Product336,Home,1854.09
337,Product337,Home,4291.18
338,Product338,Clothing,1514.45
339,Product339,Electronics,4439.46
340,Product340,Electronics,4587.9
341,Product341,Books,1900.52
342,Product342,Electronics,1361.53
343,Product343,Books,41.86
344,Product344,Sports,3912.5
345,Product345,Sports,4755.26
346,Product346,Clothing,3504.64
347,Product347,Home,4938.82
348,Product348,Clothing,1172.91
349,Product349,Clothing,4110.73
350,Product350,Books,1520.11
351,Product351,Electronics,260.17
352,Product352,Clothing,366.64
353,Product353,Clothing,4349.16
354,Product354,Clothing,1589.33
355,Product355,Clothing,1548.67
356,Product356,Electronics,3626.22
357,Product357,Sports,3962.3
358,Product358,Electronics,3824.05
359,Product359,Clothing,1792.31
360,Product360,Books,3688.07
361,Product361,Sports,784.79
362,Product362,Home,4534.58
363,Product363,Sports,3803.07
364,Product364,Books,502.33
365,Product365,Electronics,3377.93
366,Product366,Sports,551.58
367,Product367,Clothing,3337.21
368,Product368,Sports,3403.76
369,Product369,Clothing,3749.21
370,Product370,Electronics,915.03
371,Product371,Home,2965.79
372,Product372,Sports,1102.04
373,Product373,Electronics,3294.41
374,Product374,Home,3368.53
375,Product375,Sports,1409.42
376,Product376,Home,80.98
377,Product377,Home,990.08
378,Product378,Books,1059.7
379,Product379,Electronics,4899.35
380,Product380,Home,1762.89
381,Product381,Books,4885.41
382,Product382,Home,2178.52
383,Product383,Sports,4313.85
384,Product384,Sports,2373.42
385,Product385,Clothing,978.83
386,Product386,Sports,457.14
387,Product387,Sports,3829.38
388,Product388,Home,4024.22
389,Product389,Clothing,4334.82
390,Product390,Clothing,1227.03
391,Product391,Electronics,275.85
392,Product392,Sports,18.7
393,Product393,Sports,1526.18
394,Product394,Sports,1987.1
395,Product395,Home,2087.3
396,Product396,Electronics,3812.04
397,Product397,Electronics,3726.92
398,Product398,Home,612.93
399,Product399,Books,3459.05
400,Product400,Books,1194.29
401,Product401,Electronics,4787.04
402,Product402,Electronics,2625.38
403,Product403,Sports,98.17
404,Product404,Electronics,2585.82
405,Product405,Clothing,1380.57
406,Product406,Home,4535.56
407,Product407,Home,2459.23
408,Product408,Sports,4400.83
409,Product409,Home,1698.07
410,Product410,Sports,489.57
411,Product411,Home,3456.96
412,Product412,Clothing,304.66
413,Product413,Books,2064.36
414,Product414,Sports,747.26
415,Product415,Home,2904.96
416,Product416,Home,64.05
417,Product417,Sports,2868.73
418,Product418,Electronics,1897.99
419,Product419,Clothing,1807.29
420,Product420,Electronics,3197.91
421,Product421,Books,2783.15
422,Product422,Sports,922.4
423,Product423,Clothing,2536.89
424,Product424,Sports,1295.63
425,Product425,Electronics,1763.08
426,Product426,Clothing,1215.79
427,Product427,Home,3356.55
428,Product428,Books,1064.17
429,Product429,Home,186.61
430,Product430,Electronics,1877.0
431,Product431,Electronics,4144.69
432,Product432,Electronics,3571.56
433,Product433,Clothing,3831.08
434,Product434,Home,1514.73
435,Product435,Sports,2451.16
436,Product436,Sports,3505.63
437,Product437,Electronics,3149.54
438,Product438,Books,2257.77
439,Product439,Home,1668.53
440,Product440,Home,2354.57
441,Product441,Clothing,2045.27
442,Product442,Books,3226.16
443,Product443,Books,3171.57
444,Product444,Books,4027.54
445,Product445,Home,4760.91
446,Product446,Clothing,1043.15
447,Product447,Clothing,61.2
448,Product448,Electronics,1496.79
449,Product449,Electronics,3526.32
450,Product450,Electronics,2119.16
451,Product451,Home,4230.88
452,Product452,Sports,4059.71
453,Product453,Clothing,1720.55
454,Product454,Sports,15.55
455,Product455,Home,3513.15
456,Product456,Electronics,3589.57
457,Product457,Electronics,236.16
458,Product458,Clothing,2971.39
459,Product459,Books,1325.63
460,Product460,Books,2671.63
461,Product461,Home,4865.77
462,Product462,Electronics,228.19
463,Product463,Electronics,1897.72
464,Product464,Electronics,3406.15
465,Product465,Home,2780.98
466,Product466,Sports,3643.66
467,Product467,Home,3455.6
468,Product468,Books,1292.12
469,Product469,Books,832.29
470,Product470,Books,4922.44
471,Product471,Clothing,750.93
472,Product472,Books,3357.65
473,Product473,Clothing,40.62
474,Product474,Sports,11.02
475,Product475,Electronics,2922.67
476,Product476,Sports,3053.11
477,Product477,Sports,498.88
478,Product478,Home,125.9
479,Product479,Sports,1349.91
480,Product480,Home,4338.56
481,Product481,Books,936.66
482,Product482,Books,3380.05
483,Product483,Clothing,2267.28
484,Product484,Sports,4056.03
485,Product485,Sports,2497.16
486,Product486,Clothing,2975.26
487,Product487,Books,3559.29
488,Product488,Home,1559.14
489,Product489,Sports,1558.75
490,Product490,Sports,4146.74
491,Product491,Sports,47.64
492,Product492,Home,2989.22
493,Product493,Electronics,3866.72
494,Product494,Home,396.42
495,Product495,Books,1486.26
496,Product496,Sports,906.1
497,Product497,Sports,2710.42
498,Product498,Clothing,607.94
499,Product499,Clothing,441.59
500,Product500,Sports,3204.12
501,Product501,Home,1572.74
502,Product502,Electronics,496.81
503,Product503,Clothing,4038.01
504,Product504,Sports,4211.59
505,Product505,Clothing,829.24
506,Product506,Electronics,1798.65
507,Product507,Books,3413.59
508,Product508,Clothing,1141.17
509,Product509,Sports,4126.1
510,Product510,Electronics,2353.94
511,Product511,Sports,2824.48
512,Product512,Clothing,4930.74
513,Product513,Home,3615.18
514,Product514,Clothing,4565.23
515,Product515,Books,247.81
516,Product516,Clothing,677.45
517,Product517,Home,4085.51
518,Product518,Electronics,1175.23
519,Product519,Books,777.19
520,Product520,Sports,3447.8
521,Product521,Electronics,1618.94
522,Product522,Home,4587.27
523,Product523,Sports,4442.56
524,Product524,Books,862.58
525,Product525,Clothing,4086.38
526,Product526,Home,4047.32
527,Product527,Books,2493.97
528,Product528,Books,3711.64
529,Product529,Electronics,4650.7
530,Product530,Sports,1838.16
531,Product531,Clothing,4190.74
532,Product532,Home,1587.42
533,Product533,Home,1566.89
534,Product534,Home,3235.12
535,Product535,Sports,4076.0
536,Product536,Sports,1686.79
537,Product537,Electronics,1358.27
538,Product538,Home,499.44
539,Product539,Sports,60.38
540,Product540,Home,970.28
541,Product541,Home,3808.87
542,Product542,Clothing,646.49
543,Product543,Electronics,4530.37
544,Product544,Books,4152.37
545,Product545,Electronics,2748.85
546,Product546,Clothing,2590.54
547,Product547,Electronics,3775.22
548,Product548,Electronics,717.26
549,Product549,Clothing,201.08
550,Product550,Books,1734.17
551,Product551,Electronics,83.72
552,Product552,Sports,3527.12
553,Product553,Sports,203.04
554,Product554,Home,357.35
555,Product555,Books,4084.27
556,Product556,Books,4246.17
557,Product557,Home,573.45
558,Product558,Electronics,1452.38
559,Product559,Sports,1373.48
560,Product560,Home,3125.64
561,Product561,Books,3837.75
562,Product562,Clothing,1567.48
563,Product563,Clothing,161.29
564,Product564,Home,1093.12
565,Product565,Home,3543.4
566,Product566,Home,721.83
567,Product567,Books,622.06
568,Product568,Clothing,4078.55
569,Product569,Electronics,1131.14
570,Product570,Home,31.79
571,Product571,Electronics,4527.45
572,Product572,Sports,1880.25
573,Product573,Clothing,1573.34
574,Product574,Home,927.76
575,Product575,Home,974.85
576,Product576,Books,515.39
577,Product577,Electronics,1594.07
578,Product578,Books,1145.6
579,Product579,Home,4311.01
580,Product580,Home,878.5
581,Product581,Sports,3175.21
582,Product582,Sports,4985.13
583,Product583,Books,2383.29
584,Product584,Electronics,1512.37
585,Product585,Home,2086.37
586,Product586,Electronics,27.83
587,Product587,Clothing,3283.15
588,Product588,Electronics,1127.87
589,Product589,Sports,425.82
590,Product590,Sports,4316.08
591,Product591,Sports,3055.3
592,Product592,Sports,3583.87
593,Product593,Clothing,4419.13
594,Product594,Clothing,4153.36
595,Product595,Home,1588.46
596,Product596,Sports,345.49
597,Product597,Home,1439.04
598,Product598,Electronics,3377.09
599,Product599,Home,1781.02
600,Product600,Sports,2737.98
601,Product601,Sports,1996.5
602,Product602,Home,4591.78
603,Product603,Books,1662.45
604,Product604,Electronics,2862.35
605,Product605,Books,316.14
606,Product606,Sports,834.4
607,Product607,Home,2767.32
608,Product608,Clothing,4339.67
609,Product609,Electronics,4249.25
610,Product610,Home,3038.93
611,Product611,Books,4281.94
612,Product612,Home,3339.14
613,Product613,Clothing,737.03
614,Product614,Books,4088.84
615,Product615,Electronics,1921.59
616,Product616,Sports,438.69
617,Product617,Books,4197.76
618,Product618,Sports,3694.88
619,Product619,Electronics,1889.89
620,Product620,Books,91.79
621,Product621,Sports,3834.51
622,Product622,Sports,1763.35
623,Product623,Sports,2502.27
624,Product624,Home,2611.54
625,Product625,Clothing,3298.8
626,Product626,Books,381.14
627,Product627,Sports,1156.27
628,Product628,Electronics,2816.88
629,Product629,Books,1341.39
630,Product630,Sports,1163.24
631,Product631,Home,1897.86
632,Product632,Sports,2426.88
633,Product633,Sports,1454.25
634,Product634,Home,452.17
635,Product635,Clothing,1935.45
636,Product636,Sports,1431.46
637,Product637,Sports,118.86
638,Product638,Clothing,2921.34
639,Product639,Books,819.77
640,Product640,Clothing,4188.32
641,Product641,Books,478.74
642,Product642,Home,4687.62
643,Product643,Home,896.17
644,Product644,Clothing,4638.51
645,Product645,Sports,4258.36
646,Product646,Sports,3490.42
647,Product647,Electronics,746.6
648,Product648,Sports,4789.44
649,Product649,Home,805.89
650,Product650,Home,1448.91
651,Product651,Clothing,1425.97
652,Product652,Books,3953.84
653,Product653,Electronics,3903.68
654,Product654,Books,4862.23
655,Product655,Sports,4131.25
656,Product656,Electronics,1621.82
657,Product657,Sports,2245.72
658,Product658,Books,2207.0
659,Product659,Books,2972.42
660,Product660,Home,523.82
661,Product661,Home,1796.06
662,Product662,Books,1085.79
663,Product663,Books,465.1
664,Product664,Books,3340.33
665,Product665,Home,2992.71
666,Product666,Sports,1764.03
667,Product667,Books,1826.54
668,Product668,Home,485.94
669,Product669,Sports,338.21
670,Product670,Electronics,370.57
671,Product671,Books,1690.02
672,Product672,Books,67.1
673,Product673,Sports,1255.71
674,Product674,Books,1845.57
675,Product675,Clothing,2562.76
676,Product676,Home,3325.48
677,Product677,Sports,3648.85
678,Product678,Sports,3779.92
679,Product679,Home,449.14
680,Product680,Home,455.0
681,Product681,Clothing,4422.63
682,Product682,Home,855.99
683,Product683,Clothing,3950.71
684,Product684,Sports,318.34
685,Product685,Electronics,3703.34
686,Product686,Sports,3073.16
687,Product687,Home,2074.81
688,Product688,Home,197.54
689,Product689,Clothing,3578.95
690,Product690,Sports,4244.39
691,Product691,Home,3207.75
692,Product692,Home,4614.0
693,Product693,Home,3341.29
694,Product694,Clothing,1846.93
695,Product695,Clothing,1005.68
696,Product696,Books,4415.0
697,Product697,Clothing,1690.56
698,Product698,Electronics,4876.22
699,Product699,Electronics,4100.93
700,Product700,Home,570.81
701,Product701,Sports,447.19
702,Product702,Sports,3279.5
703,Product703,Books,2655.3
704,Product704,Clothing,4958.77
705,Product705,Books,263.23
706,Product706,Sports,1313.41
707,Product707,Electronics,2942.43
708,Product708,Electronics,1430.78
709,Product709,Home,422.23
710,Product710,Books,4395.18
711,Product711,Books,3973.07
712,Product712,Electronics,4490.97
713,Product713,Books,953.64
714,Product714,Books,2811.51
715,Product715,Home,4440.4
716,Product716,Home,4513.08
717,Product717,Clothing,4132.29
718,Product718,Home,2838.29
719,Product719,Books,3658.49
720,Product720,Home,3305.17
721,Product721,Home,1184.23
722,Product722,Sports,738.19
723,Product723,Books,134.81
724,Product724,Clothing,2347.41
725,Product725,Home,1539.9
726,Product726,Clothing,164.85
727,Product727,Sports,1938.95
728,Product728,Sports,96.95
729,Product729,Sports,593.0
730,Product730,Electronics,2308.93
731,Product731,Home,4229.56
732,Product732,Clothing,4998.08
733,Product733,Clothing,202.96
734,Product734,Books,2508.4
735,Product735,Home,951.65
736,Product736,Books,48.21
737,Product737,Home,774.44
738,Product738,Sports,4097.86
739,Product739,Electronics,2880.87
740,Product740,Sports,2868.04
741,Product741,Books,514.86
742,Product742,Books,2872.4
743,Product743,Clothing,702.25
744,Product744,Sports,4780.13
745,Product745,Electronics,3094.27
746,Product746,Sports,2139.61
747,Product747,Electronics,2715.21
748,Product748,Clothing,3322.26
749,Product749,Books,1644.71
750,Product750,Electronics,4395.52
751,Product751,Electronics,3152.75
752,Product752,Books,314.94
753,Product753,Sports,673.07
754,Product754,Clothing,3408.52
755,Product755,Clothing,4552.48
756,Product756,Clothing,4702.85
757,Product757,Electronics,703.58
758,Product758,Clothing,1577.13
759,Product759,Clothing,2624.91
760,Product760,Sports,809.82
761,Product761,Books,572.74
762,Product762,Electronics,3235.62
763,Product763,Sports,1402.43
764,Product764,Sports,1944.85
765,Product765,Sports,217.83
766,Product766,Clothing,3580.36
767,Product767,Books,3742.88
768,Product768,Clothing,1080.45
769,Product769,Books,2266.3
770,Product770,Books,1341.77
771,Product771,Books,3135.65
772,Product772,Clothing,2148.54
773,Product773,Home,4798.48
774,Product774,Electronics,3182.39
775,Product775,Clothing,2389.55
776,Product776,Sports,1951.65
777,Product777,Electronics,1789.22
778,Product778,Clothing,2706.37
779,Product779,Electronics,3079.62
780,Product780,Home,4485.79
781,Product781,Home,3336.59
782,Product782,Home,3580.36
783,Product783,Books,881.05
784,Product784,Home,527.09
785,Product785,Home,1542.73
786,Product786,Electronics,4592.56
787,Product787,Electronics,1745.8
788,Product788,Clothing,1400.29
789,Product789,Sports,595.12
790,Product790,Books,1830.55
791,Product791,Electronics,3541.78
792,Product792,Sports,401.19
793,Product793,Sports,2308.73
794,Product794,Clothing,910.28
795,Product795,Clothing,895.04
796,Product796,Clothing,894.31
797,Product797,Electronics,2692.79
798,Product798,Clothing,2600.64
799,Product799,Sports,4954.47
800,Product800,Sports,3407.04
801,Product801,Books,4120.93
802,Product802,Sports,1131.69
803,Product803,Clothing,4677.97
804,Product804,Electronics,1623.64
805,Product805,Sports,3563.75
806,Product806,Books,1229.26
807,Product807,Electronics,3529.75
808,Product808,Sports,1530.05
809,Product809,Clothing,2963.65
810,Product810,Books,1008.9
811,Product811,Books,304.21
812,Product812,Clothing,4920.1
813,Product813,Sports,789.15
814,Product814,Books,3779.36
815,Product815,Electronics,2791.81
816,Product816,Home,4352.37
817,Product817,Home,4390.18
818,Product818,Books,2089.47
819,Product819,Sports,4909.08
820,Product820,Home,433.43
821,Product821,Clothing,1831.44
822,Product822,Electronics,2775.96
823,Product823,Electronics,486.14
824,Product824,Books,2099.38
825,Product825,Sports,3749.32
826,Product826,Books,767.61
827,Product827,Home,417.43
828,Product828,Electronics,1460.2
829,Product829,Books,1305.34
830,Product830,Books,305.48
831,Product831,Clothing,4699.29
832,Product832,Books,2234.46
833,Product833,Books,3561.82
834,Product834,Home,4175.31
835,Product835,Electronics,254.79
836,Product836,Home,1883.36
837,Product837,Sports,384.39
838,Product838,Clothing,460.46
839,Product839,Sports,3581.86
840,Product840,Books,1397.37
841,Product841,Clothing,3590.43
842,Product842,Sports,1870.59
843,Product843,Home,80.09
844,Product844,Books,1036.65
845,Product845,Electronics,832.68
846,Product846,Home,3529.34
847,Product847,Electronics,1859.08
848,Product848,Electronics,1654.84
849,Product849,Home,868.63
850,Product850,Books,1076.75
851,Product851,Sports,48.86
852,Product852,Clothing,1584.82
853,Product853,Home,2496.09
854,Product854,Books,3662.69
855,Product855,Books,1851.96
856,Product856,Books,646.79
857,Product857,Sports,2083.43
858,Product858,Electronics,100.98
859,Product859,Home,1262.52
860,Product860,Sports,1870.66
861,Product861,Sports,3351.22
862,Product862,Electronics,380.86
863,Product863,Electronics,4220.94
864,Product864,Books,3260.18
865,Product865,Home,4549.82
866,Product866,Sports,3447.29
867,Product867,Home,2104.1
868,Product868,Books,4363.42
869,Product869,Electronics,250.5
870,Product870,Books,1550.96
871,Product871,Home,4068.85
872,Product872,Electronics,1869.75
873,Product873,Sports,2719.3
874,Product874,Home,674.99
875,Product875,Electronics,4448.25
876,Product876,Books,4560.46
877,Product877,Clothing,3120.02
878,Product878,Books,820.44
879,Product879,Home,179.38
880,Product880,Books,3941.9
881,Product881,Home,3691.72
882,Product882,Electronics,2417.52
883,Product883,Sports,1034.29
884,Product884,Clothing,3816.19
885,Product885,Electronics,3608.49
886,Product886,Electronics,3556.7
887,Product887,Books,193.02
888,Product888,Sports,4234.02
889,Product889,Books,2932.71
890,Product890,Books,515.25
891,Product891,Clothing,57.65
892,Product892,Clothing,4466.62
893,Product893,Sports,1966.11
894,Product894,Sports,2925.22
895,Product895,Electronics,2699.42
896,Product896,Books,1844.32
897,Product897,Sports,2578.78
898,Product898,Books,208.15
899,Product899,Electronics,3137.98
900,Product900,Electronics,2543.1
901,Product901,Electronics,4261.58
902,Product902,Clothing,2794.44
903,Product903,Electronics,4294.95
904,Product904,Sports,4869.24
905,Product905,Sports,2603.75
906,Product906,Clothing,450.22
907,Product907,Clothing,1962.84
908,Product908,Home,1177.25
909,Product909,Books,4886.54
910,Product910,Home,2608.82
911,Product911,Electronics,1482.79
912,Product912,Sports,457.79
913,Product913,Books,3657.16
914,Product914,Home,2127.78
915,Product915,Sports,2848.23
916,Product916,Books,4658.88
917,Product917,Home,1075.34
918,Product918,Sports,684.34
919,Product919,Home,378.77
920,Product920,Sports,1050.58
921,Product921,Sports,1595.99
922,Product922,Clothing,3831.37
923,Product923,Electronics,1655.83
924,Product924,Books,2788.83
925,Product925,Electronics,1985.86
926,Product926,Sports,2399.96
927,Product927,Sports,3892.44
928,Product928,Clothing,2529.6
929,Product929,Clothing,2998.86
930,Product930,Books,3567.15
931,Product931,Clothing,960.44
932,Product932,Electronics,2125.2
933,Product933,Sports,2463.83
934,Product934,Sports,3281.03
935,Product935,Clothing,3070.41
936,Product936,Home,2001.48
937,Product937,Electronics,2418.79
938,Product938,Books,3402.11
939,Product939,Electronics,1312.54
940,Product940,Electronics,1072.94
941,Product941,Books,3952.58
942,Product942,Books,326.38
943,Product943,Books,935.57
944,Product944,Sports,1397.38
945,Product945,Sports,3407.63
946,Product946,Books,1872.28
947,Product947,Books,2137.56
948,Product948,Clothing,2162.84
949,Product949,Sports,4670.15
950,Product950,Clothing,556.91
951,Product951,Home,3529.5
952,Product952,Books,4918.67
953,Product953,Books,1642.4
954,Product954,Electronics,4597.01
955,Product955,Books,2694.17
956,Product956,Home,301.69
957,Product957,Clothing,292.63
958,Product958,Sports,3695.57
959,Product959,Clothing,4333.91
960,Product960,Electronics,3110.64
961,Product961,Books,3654.7
962,Product962,Books,2899.58
963,Product963,Books,2492.59
964,Product964,Books,103.75
965,Product965,Home,3689.49
966,Product966,Electronics,3185.04
967,Product967,Clothing,539.9
968,Product968,Sports,2232.6
969,Product969,Clothing,2135.35
970,Product970,Home,1617.38
971,Product971,Sports,2057.83
972,Product972,Electronics,3036.1
973,Product973,Home,1640.15
974,Product974,Clothing,1370.02
975,Product975,Clothing,2760.29
976,Product976,Clothing,534.27
977,Product977,Electronics,88.83
978,Product978,Home,295.89
979,Product979,Home,2864.94
980,Product980,Books,1114.18
981,Product981,Books,1634.63
982,Product982,Electronics,2490.01
983,Product983,Home,2780.29
984,Product984,Books,145.65
985,Product985,Home,4765.4
986,Product986,Clothing,463.3
987,Product987,Clothing,3450.87
988,Product988,Books,807.08
989,Product989,Home,1867.0
990,Product990,Sports,3032.17
991,Product991,Electronics,3484.04
992,Product992,Clothing,455.97
993,Product993,Electronics,401.94
994,Product994,Sports,4682.26
995,Product995,Clothing,2980.59
996,Product996,Home,1957.49
997,Product997,Home,3205.32
998,Product998,Sports,3471.93
999,Product999,Home,1616.65
1000,Product1000,Electronics,1032.21
1001,Product1001,Sports,1467.05
1002,Product1002,Sports,1280.72
1003,Product1003,Home,3969.41
1004,Product1004,Clothing,4991.31
1005,Product1005,Books,2498.53
1006,Product1006,Sports,15.1
1007,Product1007,Books,1221.18
1008,Product1008,Clothing,43.45
1009,Product1009,Books,2171.91
1010,Product1010,Sports,339.77
1011,Product1011,Clothing,1688.9
1012,Product1012,Sports,4573.45
1013,Product1013,Electronics,2738.98
1014,Product1014,Electronics,998.47
1015,Product1015,Clothing,1051.79
1016,Product1016,Electronics,106.55
1017,Product1017,Clothing,4284.57
1018,Product1018,Books,3582.34
1019,Product1019,Clothing,519.78
1020,Product1020,Electronics,1300.06
1021,Product1021,Clothing,1989.31
1022,Product1022,Home,3516.7
1023,Product1023,Clothing,628.81
1024,Product1024,Books,3849.62
1025,Product1025,Home,828.54
1026,Product1026,Clothing,861.57
1027,Product1027,Sports,1367.1
1028,Product1028,Clothing,4623.72
1029,Product1029,Clothing,920.42
1030,Product1030,Books,4038.77
1031,Product1031,Clothing,414.62
1032,Product1032,Sports,3733.54
1033,Product1033,Home,4961.18
1034,Product1034,Clothing,2024.74
1035,Product1035,Clothing,1243.41
1036,Product1036,Home,4407.23
1037,Product1037,Electronics,147.72
1038,Product1038,Home,2732.38
1039,Product1039,Electronics,4400.22
1040,Product1040,Sports,74.65
1041,Product1041,Sports,1559.1
1042,Product1042,Clothing,1564.11
1043,Product1043,Clothing,4309.8
1044,Product1044,Clothing,1124.39
1045,Product1045,Sports,2208.8
1046,Product1046,Home,1144.23
1047,Product1047,Home,2380.31
1048,Product1048,Sports,4139.14
1049,Product1049,Electronics,486.33
1050,Product1050,Electronics,4143.26
1051,Product1051,Books,2536.56
1052,Product1052,Books,3965.86
1053,Product1053,Sports,127.46
1054,Product1054,Books,2188.61
1055,Product1055,Clothing,688.41
1056,Product1056,Books,4478.1
1057,Product1057,Sports,3910.87
1058,Product1058,Sports,3225.04
1059,Product1059,Home,2581.99
1060,Product1060,Sports,2733.76
1061,Product1061,Sports,1682.48
1062,Product1062,Home,4181.0
1063,Product1063,Electronics,4119.55
1064,Product1064,Electronics,619.91
1065,Product1065,Electronics,2901.68
1066,Product1066,Sports,1407.22
1067,Product1067,Clothing,4876.74
1068,Product1068,Clothing,906.29
1069,Product1069,Books,3545.59
1070,Product1070,Books,1992.24
1071,Product1071,Clothing,4053.97
1072,Product1072,Home,1023.08
1073,Product1073,Clothing,2700.81
1074,Product1074,Electronics,4055.18
1075,Product1075,Sports,2952.16
1076,Product1076,Books,1230.61
1077,Product1077,Books,2905.58
1078,Product1078,Electronics,1775.14
1079,Product1079,Home,1757.5
1080,Product1080,Books,261.56
1081,Product1081,Sports,2593.42
1082,Product1082,Clothing,2355.92
1083,Product1083,Home,338.93
1084,Product1084,Home,2142.93
1085,Product1085,Clothing,3209.42
1086,Product1086,Home,4960.99
1087,Product1087,Home,882.09
1088,Product1088,Electronics,4044.24
1089,Product1089,Electronics,3757.94
1090,Product1090,Clothing,4172.01
1091,Product1091,Books,225.39
1092,Product1092,Clothing,4025.52
1093,Product1093,Electronics,29.75
1094,Product1094,Books,3357.16
1095,Product1095,Clothing,2348.49
1096,Product1096,Home,2002.87
1097,Product1097,Clothing,88.48
1098,Product1098,Books,3496.74
1099,Product1099,Electronics,4801.98
1100,Product1100,Clothing,3401.55
1101,Product1101,Sports,4465.39
1102,Product1102,Clothing,4703.69
1103,Product1103,Electronics,579.38
1104,Product1104,Home,3156.46
1105,Product1105,Books,4561.1
1106,Product1106,Sports,3098.63
1107,Product1107,Home,4210.17
1108,Product1108,Home,1089.57
1109,Product1109,Clothing,997.49
1110,Product1110,Home,3411.62
1111,Product1111,Clothing,4617.56
1112,Product1112,Sports,2346.94
1113,Product1113,Books,1645.48
1114,Product1114,Sports,1015.59
1115,Product1115,Clothing,4187.85
1116,Product1116,Sports,4020.51
1117,Product1117,Clothing,164.67
1118,Product1118,Electronics,683.85
1119,Product1119,Sports,3258.63
1120,Product1120,Sports,1653.96
1121,Product1121,Books,2484.91
1122,Product1122,Clothing,2559.41
1123,Product1123,Home,736.96
1124,Product1124,Home,3631.33
1125,Product1125,Clothing,3837.39
1126,Product1126,Sports,4912.29
1127,Product1127,Electronics,4432.88
1128,Product1128,Electronics,2942.81
1129,Product1129,Books,3900.64
1130,Product1130,Sports,3907.92
1131,Product1131,Sports,560.84
1132,Product1132,Books,2934.8
1133,Product1133,Sports,2588.98
1134,Product1134,Clothing,4942.79
1135,Product1135,Books,834.2
1136,Product1136,Clothing,2439.25
1137,Product1137,Sports,4286.32
1138,Product1138,Electronics,4092.9
1139,Product1139,Electronics,3590.78
1140,Product1140,Home,2341.64
1141,Product1141,Home,264.54
1142,Product1142,Books,3238.95
1143,Product1143,Sports,147.73
1144,Product1144,Clothing,1417.3
1145,Product1145,Sports,452.54
1146,Product1146,Clothing,4279.79
1147,Product1147,Electronics,2824.18
1148,Product1148,Books,4039.67
1149,Product1149,Sports,366.85
1150,Product1150,Sports,3250.98
1151,Product1151,Sports,3092.02
1152,Product1152,Clothing,211.59
1153,Product1153,Books,3290.35
1154,Product1154,Clothing,767.81
1155,Product1155,Home,1968.48
1156,Product1156,Home,4328.23
1157,Product1157,Books,4286.09
1158,Product1158,Books,2491.23
1159,Product1159,Clothing,2359.62
1160,Product1160,Books,1698.16
1161,Product1161,Home,905.7
1162,Product1162,Sports,4582.89
1163,Product1163,Books,4610.71
1164,Product1164,Clothing,818.74
1165,Product1165,Sports,611.42
1166,Product1166,Clothing,4015.54
1167,Product1167,Books,4926.8
1168,Product1168,Sports,659.28
1169,Product1169,Books,3177.59
1170,Product1170,Clothing,2031.86
1171,Product1171,Books,148.11
1172,Product1172,Sports,1490.64
1173,Product1173,Electronics,2363.69
1174,Product1174,Electronics,3555.82
1175,Product1175,Clothing,598.8
1176,Product1176,Books,3150.69
1177,Product1177,Electronics,1198.37
1178,Product1178,Home,1623.07
1179,Product1179,Home,203.46
1180,Product1180,Home,4616.74
1181,Product1181,Home,2335.29
1182,Product1182,Home,1150.97
1183,Product1183,Clothing,3472.34
1184,Product1184,Home,2937.66
1185,Product1185,Sports,1753.29
1186,Product1186,Clothing,4118.0
1187,Product1187,Home,413.07
1188,Product1188,Home,191.52
1189,Product1189,Books,3471.71
1190,Product1190,Clothing,4732.65
1191,Product1191,Books,2462.84
1192,Product1192,Clothing,2978.22
1193,Product1193,Clothing,2604.7
1194,Product1194,Sports,4566.47
1195,Product1195,Electronics,366.89
1196,Product1196,Home,1119.05
1197,Product1197,Books,4810.94
1198,Product1198,Sports,1436.16
1199,Product1199,Sports,543.53
1200,Product1200,Sports,4564.44
1201,Product1201,Electronics,4271.42
1202,Product1202,Home,2236.57
1203,Product1203,Electronics,1178.75
1204,Product1204,Clothing,2779.35
1205,Product1205,Clothing,2866.46
1206,Product1206,Books,2400.54
1207,Product1207,Home,4303.66
1208,Product1208,Home,4963.5
1209,Product1209,Home,1584.81
1210,Product1210,Books,3448.84
1211,Product1211,Clothing,717.09
1212,Product1212,Home,1816.01
1213,Product1213,Electronics,3116.34
1214,Product1214,Home,3667.87
1215,Product1215,Books,3765.72
1216,Product1216,Clothing,1429.5
1217,Product1217,Sports,212.22
1218,Product1218,Home,3787.05
1219,Product1219,Books,4135.16
1220,Product1220,Electronics,245.3
1221,Product1221,Electronics,4320.56
1222,Product1222,Clothing,2525.36
1223,Product1223,Home,4002.43
1224,Product1224,Books,899.85
1225,Product1225,Sports,2066.57
1226,Product1226,Clothing,3796.93
1227,Product1227,Electronics,4251.84
1228,Product1228,Electronics,2901.46
1229,Product1229,Sports,3737.65
1230,Product1230,Books,1704.28
1231,Product1231,Sports,2283.07
1232,Product1232,Home,121.19
1233,Product1233,Clothing,2010.51
1234,Product1234,Books,2480.05
1235,Product1235,Books,2144.62
1236,Product1236,Books,3092.24
1237,Product1237,Books,1067.76
1238,Product1238,Books,1359.14
1239,Product1239,Electronics,3690.46
1240,Product1240,Sports,3614.62
1241,Product1241,Home,1384.59
1242,Product1242,Electronics,2910.26
1243,Product1243,Home,4774.35
1244,Product1244,Home,274.4
1245,Product1245,Home,2281.71
1246,Product1246,Clothing,4502.77
1247,Product1247,Books,3759.75
1248,Product1248,Electronics,3784.26
1249,Product1249,Clothing,2913.61
1250,Product1250,Electronics,3268.28
1251,Product1251,Sports,4835.53
1252,Product1252,Sports,3976.55
1253,Product1253,Home,4911.3
1254,Product1254,Sports,3995.19
1255,Product1255,Home,468.05
1256,Product1256,Home,1818.73
1257,Product1257,Electronics,4016.37
1258,Product1258,Electronics,3052.21
1259,Product1259,Home,4833.05
1260,Product1260,Home,1660.0
1261,Product1261,Electronics,2934.72
1262,Product1262,Home,259.46
1263,Product1263,Books,1414.92
1264,Product1264,Clothing,1834.18
1265,Product1265,Sports,2969.82
1266,Product1266,Sports,2181.5
1267,Product1267,Sports,3099.68
1268,Product1268,Sports,2043.86
1269,Product1269,Clothing,1326.39
1270,Product1270,Clothing,4551.23
1271,Product1271,Books,2520.57
1272,Product1272,Clothing,2400.94
1273,Product1273,Sports,2008.35
1274,Product1274,Home,4494.64
1275,Product1275,Sports,2129.81
1276,Product1276,Books,748.01
1277,Product1277,Home,3565.89
1278,Product1278,Electronics,1744.64
1279,Product1279,Electronics,607.38
1280,Product1280,Home,4816.19
1281,Product1281,Home,1531.55
1282,Product1282,Home,4908.38
1283,Product1283,Books,3235.01
1284,Product1284,Sports,3137.35
1285,Product1285,Clothing,4892.13
1286,Product1286,Home,433.39
1287,Product1287,Home,4770.59
1288,Product1288,Clothing,4171.85
1289,Product1289,Electronics,1196.33
1290,Product1290,Sports,3139.63
1291,Product1291,Electronics,893.84
1292,Product1292,Clothing,4156.65
1293,Product1293,Electronics,3563.09
1294,Product1294,Home,4813.61
1295,Product1295,Clothing,3001.29
1296,Product1296,Electronics,1945.48
1297,Product1297,Home,4811.42
1298,Product1298,Electronics,3806.38
1299,Product1299,Sports,4170.42
1300,Product1300,Books,1310.27
1301,Product1301,Books,1609.89
1302,Product1302,Clothing,20.43
1303,Product1303,Electronics,3196.73
1304,Product1304,Home,6.76
1305,Product1305,Clothing,4575.47
1306,Product1306,Electronics,1360.81
1307,Product1307,Electronics,3540.06
1308,Product1308,Books,4235.79
1309,Product1309,Electronics,3601.46
1310,Product1310,Books,2249.67
1311,Product1311,Home,973.07
1312,Product1312,Sports,4380.54
1313,Product1313,Sports,3367.42
1314,Product1314,Books,2663.62
1315,Product1315,Clothing,58.84
1316,Product1316,Electronics,1567.65
1317,Product1317,Electronics,2555.37
1318,Product1318,Sports,2435.24
1319,Product1319,Clothing,131.33
1320,Product1320,Clothing,1593.53
1321,Product1321,Electronics,4549.41
1322,Product1322,Electronics,111.65
1323,Product1323,Books,372.02
1324,Product1324,Home,931.58
1325,Product1325,Home,98.6
1326,Product1326,Books,3591.24
1327,Product1327,Books,4749.14
1328,Product1328,Clothing,1814.6
1329,Product1329,Books,4826.54
1330,Product1330,Sports,2780.07
1331,Product1331,Books,281.15
1332,Product1332,Electronics,591.62
1333,Product1333,Electronics,2138.91
1334,Product1334,Books,455.9
1335,Product1335,Sports,1469.41
1336,Product1336,Books,3917.31
1337,Product1337,Home,4792.92
1338,Product1338,Clothing,4592.01
1339,Product1339,Home,242.13
1340,Product1340,Sports,2938.64
1341,Product1341,Home,3334.06
1342,Product1342,Home,3863.67
1343,Product1343,Home,1430.43
1344,Product1344,Electronics,1140.47
1345,Product1345,Sports,2222.33
1346,Product1346,Books,4165.96
1347,Product1347,Electronics,3326.75
1348,Product1348,Electronics,4774.32
1349,Product1349,Clothing,2097.44
1350,Product1350,Home,2929.19
1351,Product1351,Sports,4190.65
1352,Product1352,Sports,4395.09
1353,Product1353,Books,4522.5
1354,Product1354,Home,1890.4
1355,Product1355,Clothing,4356.25
1356,Product1356,Electronics,3871.48
1357,Product1357,Clothing,1816.62
1358,Product1358,Books,3518.36
1359,Product1359,Books,3139.88
1360,Product1360,Home,387.96
1361,Product1361,Home,2765.17
1362,Product1362,Electronics,4456.78
1363,Product1363,Home,4153.46
1364,Product1364,Home,676.28
1365,Product1365,Electronics,480.96
1366,Product1366,Clothing,4298.27
1367,Product1367,Home,1544.1
1368,Product1368,Clothing,2896.1
1369,Product1369,Sports,3417.06
1370,Product1370,Books,1369.96
1371,Product1371,Home,3316.23
1372,Product1372,Home,4846.42
1373,Product1373,Home,1836.27
1374,Product1374,Home,425.02
1375,Product1375,Books,1740.58
1376,Product1376,Electronics,448.09
1377,Product1377,Sports,2101.7
1378,Product1378,Home,2989.66
1379,Product1379,Home,1000.78
1380,Product1380,Sports,2848.17
1381,Product1381,Home,49.76
1382,Product1382,Books,1832.14
1383,Product1383,Home,973.8
1384,Product1384,Books,2152.82
1385,Product1385,Sports,211.84
1386,Product1386,Clothing,1533.5
1387,Product1387,Books,2241.9
1388,Product1388,Home,4289.91
1389,Product1389,Sports,3382.74
1390,Product1390,Sports,1715.24
1391,Product1391,Clothing,3719.26
1392,Product1392,Clothing,609.28
1393,Product1393,Electronics,1382.11
1394,Product1394,Electronics,2366.48
1395,Product1395,Books,4323.21
1396,Product1396,Home,3441.27
1397,Product1397,Electronics,1990.18
1398,Product1398,Electronics,2664.08
1399,Product1399,Home,3646.39
1400,Product1400,Books,2675.13
1401,Product1401,Books,2169.05
1402,Product1402,Sports,3669.21
1403,Product1403,Clothing,427.75
1404,Product1404,Electronics,3253.98
1405,Product1405,Electronics,1838.82
1406,Product1406,Clothing,3696.51
1407,Product1407,Sports,2842.92
1408,Product1408,Books,3441.25
1409,Product1409,Books,291.26
1410,Product1410,Books,3909.4
1411,Product1411,Books,2058.07
1412,Product1412,Clothing,169.54
1413,Product1413,Books,3901.44
1414,Product1414,Clothing,3872.1
1415,Product1415,Sports,1945.7
1416,Product1416,Clothing,1302.04
1417,Product1417,Books,2297.17
1418,Product1418,Electronics,4908.39
1419,Product1419,Clothing,2623.27
1420,Product1420,Sports,3725.67
1421,Product1421,Electronics,4157.37
1422,Product1422,Clothing,953.6
1423,Product1423,Electronics,2189.16
1424,Product1424,Clothing,4994.37
1425,Product1425,Home,1341.86
1426,Product1426,Sports,2009.35
1427,Product1427,Books,1224.83
1428,Product1428,Electronics,3995.59
1429,Product1429,Home,4259.48
1430,Product1430,Home,3190.6
1431,Product1431,Books,4028.69
1432,Product1432,Electronics,92.51
1433,Product1433,Sports,3234.28
1434,Product1434,Sports,905.12
1435,Product1435,Home,3374.75
1436,Product1436,Clothing,4580.66
1437,Product1437,Home,4869.56
1438,Product1438,Clothing,4248.16
1439,Product1439,Books,2019.58
1440,Product1440,Home,1176.71
1441,Product1441,Electronics,3757.27
1442,Product1442,Sports,2793.98
1443,Product1443,Electronics,2198.96
1444,Product1444,Home,4260.81
1445,Product1445,Books,4378.65
1446,Product1446,Electronics,4950.73
1447,Product1447,Books,3143.69
1448,Product1448,Sports,2098.76
1449,Product1449,Sports,3461.51
1450,Product1450,Sports,428.89
1451,Product1451,Sports,4720.99
1452,Product1452,Books,294.94
1453,Product1453,Sports,4209.27
1454,Product1454,Books,4734.68
1455,Product1455,Books,1365.88
1456,Product1456,Clothing,1739.07
1457,Product1457,Clothing,4416.85
1458,Product1458,Clothing,4530.09
1459,Product1459,Books,4631.0
1460,Product1460,Clothing,4655.06
1461,Product1461,Books,3264.89
1462,Product1462,Clothing,4012.23
1463,Product1463,Home,1703.46
1464,Product1464,Home,2155.05
1465,Product1465,Sports,4232.35
1466,Product1466,Home,1773.41
1467,Product1467,Books,4113.75
1468,Product1468,Sports,2417.29
1469,Product1469,Sports,4730.16
1470,Product1470,Home,2416.19
1471,Product1471,Electronics,2413.05
1472,Product1472,Clothing,4244.56
1473,Product1473,Clothing,906.23
1474,Product1474,Home,1078.1
1475,Product1475,Clothing,4891.68
1476,Product1476,Books,1295.69
1477,Product1477,Clothing,3793.01
1478,Product1478,Books,2670.99
1479,Product1479,Clothing,785.81
1480,Product1480,Sports,2017.51
1481,Product1481,Books,1220.92
1482,Product1482,Sports,4063.54
1483,Product1483,Home,2596.37
1484,Product1484,Home,1256.83
1485,Product1485,Home,2880.98
1486,Product1486,Books,365.87
1487,Product1487,Home,270.47
1488,Product1488,Sports,908.47
1489,Product1489,Clothing,2546.8
1490,Product1490,Sports,4824.48
1491,Product1491,Home,2530.15
1492,Product1492,Books,2766.38
1493,Product1493,Clothing,1379.84
1494,Product1494,Home,254.98
1495,Product1495,Books,2340.44
1496,Product1496,Sports,1967.12
1497,Product1497,Home,4791.25
1498,Product1498,Sports,891.68
1499,Product1499,Clothing,4903.77
1500,Product1500,Electronics,2049.29
1501,Product1501,Clothing,4880.95
1502,Product1502,Electronics,4021.36
1503,Product1503,Sports,4057.46
1504,Product1504,Sports,1385.7
1505,Product1505,Clothing,3339.1
1506,Product1506,Clothing,3872.72
1507,Product1507,Sports,2993.61
1508,Product1508,Home,1585.05
1509,Product1509,Sports,873.49
1510,Product1510,Electronics,704.89
1511,Product1511,Sports,2615.09
1512,Product1512,Sports,4975.73
1513,Product1513,Electronics,2047.28
1514,Product1514,Sports,4716.96
1515,Product1515,Electronics,3452.85
1516,Product1516,Books,3952.73
1517,Product1517,Sports,1747.1
1518,Product1518,Home,2645.7
1519,Product1519,Books,3924.07
1520,Product1520,Clothing,1220.03
1521,Product1521,Sports,825.13
1522,Product1522,Clothing,2084.91
1523,Product1523,Electronics,932.11
1524,Product1524,Books,516.85
1525,Product1525,Clothing,815.39
1526,Product1526,Home,2899.2
1527,Product1527,Home,1893.74
1528,Product1528,Books,1214.93
1529,Product1529,Electronics,681.67
1530,Product1530,Books,3213.62
1531,Product1531,Sports,2208.02
1532,Product1532,Sports,1382.3
1533,Product1533,Books,2358.21
1534,Product1534,Electronics,4278.64
1535,Product1535,Books,2023.91
1536,Product1536,Books,3656.53
1537,Product1537,Clothing,542.55
1538,Product1538,Books,1302.81
1539,Product1539,Clothing,1528.63
1540,Product1540,Electronics,364.65
1541,Product1541,Electronics,1545.21
1542,Product1542,Books,4614.15
1543,Product1543,Clothing,435.79
1544,Product1544,Sports,1108.42
1545,Product1545,Home,121.03
1546,Product1546,Books,2546.71
1547,Product1547,Books,4224.71
1548,Product1548,Sports,1342.17
1549,Product1549,Electronics,4215.4
1550,Product1550,Books,2441.82
1551,Product1551,Home,2936.58
1552,Product1552,Home,3766.32
1553,Product1553,Electronics,1686.19
1554,Product1554,Clothing,3673.34
1555,Product1555,Home,2212.82
1556,Product1556,Home,3333.91
1557,Product1557,Clothing,1612.0
1558,Product1558,Electronics,2289.95
1559,Product1559,Home,3745.38
1560,Product1560,Electronics,605.7
1561,Product1561,Sports,2905.31
1562,Product1562,Home,1331.8
1563,Product1563,Electronics,2903.92
1564,Product1564,Home,765.22
1565,Product1565,Home,3081.49
1566,Product1566,Electronics,9.16
1567,Product1567,Sports,675.74
1568,Product1568,Clothing,4693.26
1569,Product1569,Books,4415.65
1570,Product1570,Sports,3788.97
1571,Product1571,Sports,432.99
1572,Product1572,Clothing,490.37
1573,Product1573,Home,2758.43
1574,Product1574,Sports,4011.82
1575,Product1575,Books,3451.6
1576,Product1576,Electronics,297.82
1577,Product1577,Sports,2653.31
1578,Product1578,Sports,3609.33
1579,Product1579,Sports,816.6
1580,Product1580,Clothing,238.49
1581,Product1581,Books,1883.24
1582,Product1582,Clothing,4261.66
1583,Product1583,Sports,3476.01
1584,Product1584,Sports,959.4
1585,Product1585,Electronics,3963.15
1586,Product1586,Home,2616.69
1587,Product1587,Electronics,4676.25
1588,Product1588,Electronics,1632.44
1589,Product1589,Sports,4679.5
1590,Product1590,Books,2196.37
1591,Product1591,Clothing,3612.15
1592,Product1592,Electronics,525.1
1593,Product1593,Home,627.24
1594,Product1594,Books,4026.4
1595,Product1595,Home,4349.62
1596,Product1596,Clothing,1586.61
1597,Product1597,Home,4872.13
1598,Product1598,Home,2270.37
1599,Product1599,Sports,75.23
1600,Product1600,Sports,3592.42
1601,Product1601,Clothing,773.64
1602,Product1602,Electronics,3826.24
1603,Product1603,Clothing,1554.26
1604,Product1604,Clothing,942.6
1605,Product1605,Clothing,3680.18
1606,Product1606,Sports,2859.01
1607,Product1607,Electronics,411.58
1608,Product1608,Clothing,4412.1
1609,Product1609,Electronics,2174.86
1610,Product1610,Books,1513.6
1611,Product1611,Books,1526.5
1612,Product1612,Sports,3399.06
1613,Product1613,Clothing,254.31
1614,Product1614,Home,3883.78
1615,Product1615,Books,2975.02
1616,Product1616,Books,349.9
1617,Product1617,Electronics,4195.31
1618,Product1618,Books,4054.84
1619,Product1619,Books,4568.73
1620,Product1620,Sports,3441.67
1621,Product1621,Books,3156.6
1622,Product1622,Sports,4418.67
1623,Product1623,Electronics,2682.91
1624,Product1624,Books,3229.41
1625,Product1625,Books,2129.2
1626,Product1626,Clothing,606.42
1627,Product1627,Home,2557.75
1628,Product1628,Electronics,4726.37
1629,Product1629,Sports,1563.02
1630,Product1630,Books,3446.42
1631,Product1631,Books,4963.73
1632,Product1632,Books,3366.28
1633,Product1633,Electronics,962.48
1634,Product1634,Home,2357.56
1635,Product1635,Books,4025.94
1636,Product1636,Home,2687.63
1637,Product1637,Electronics,2648.67
1638,Product1638,Sports,4642.29
1639,Product1639,Sports,683.01
1640,Product1640,Sports,1730.9
1641,Product1641,Clothing,1628.04
1642,Product1642,Clothing,3966.52
1643,Product1643,Electronics,4931.56
1644,Product1644,Sports,2564.6
1645,Product1645,Sports,48.58
1646,Product1646,Clothing,3389.96
1647,Product1647,Clothing,1237.93
1648,Product1648,Sports,185.38
1649,Product1649,Clothing,2517.29
1650,Product1650,Sports,4813.62
1651,Product1651,Books,3726.99
1652,Product1652,Home,2736.43
1653,Product1653,Sports,3691.4
1654,Product1654,Clothing,744.33
1655,Product1655,Sports,1157.0
1656,Product1656,Sports,561.04
1657,Product1657,Electronics,231.45
1658,Product1658,Electronics,902.32
1659,Product1659,Sports,4873.03
1660,Product1660,Books,4869.95
1661,Product1661,Home,3941.63
1662,Product1662,Clothing,1486.01
1663,Product1663,Clothing,863.37
1664,Product1664,Electronics,625.47
1665,Product1665,Home,4364.66
1666,Product1666,Clothing,4148.14
1667,Product1667,Clothing,2802.06
1668,Product1668,Home,305.76
1669,Product1669,Sports,4367.78
1670,Product1670,Home,2547.14
1671,Product1671,Books,576.21
1672,Product1672,Electronics,4032.18
1673,Product1673,Electronics,2628.73
1674,Product1674,Sports,152.8
1675,Product1675,Home,1346.19
1676,Product1676,Clothing,3780.7
1677,Product1677,Home,1999.86
1678,Product1678,Sports,1241.08
1679,Product1679,Sports,2983.49
1680,Product1680,Sports,4516.91
1681,Product1681,Home,4110.84
1682,Product1682,Books,2993.01
1683,Product1683,Sports,413.4
1684,Product1684,Electronics,1792.79
1685,Product1685,Electronics,2355.7
1686,Product1686,Home,4366.02
1687,Product1687,Clothing,195.53
1688,Product1688,Books,4485.4
1689,Product1689,Sports,1043.3
1690,Product1690,Sports,1813.91
1691,Product1691,Electronics,915.43
1692,Product1692,Books,906.46
1693,Product1693,Sports,1766.08
1694,Product1694,Books,1125.24
1695,Product1695,Books,367.63
1696,Product1696,Clothing,3947.02
1697,Product1697,Electronics,2385.35
1698,Product1698,Clothing,2067.14
1699,Product1699,Books,3537.03
1700,Product1700,Books,4856.31
1701,Product1701,Clothing,2324.14
1702,Product1702,Books,4802.47
1703,Product1703,Electronics,3442.52
1704,Product1704,Clothing,4954.72
1705,Product1705,Electronics,1321.33
1706,Product1706,Sports,1644.93
1707,Product1707,Electronics,783.18
1708,Product1708,Electronics,4982.16
1709,Product1709,Electronics,3009.73
1710,Product1710,Books,928.13
1711,Product1711,Sports,4773.58
1712,Product1712,Home,765.22
1713,Product1713,Books,2185.27
1714,Product1714,Sports,3659.22
1715,Product1715,Clothing,3718.34
1716,Product1716,Books,241.93
1717,Product1717,Sports,3769.71
1718,Product1718,Books,4919.72
1719,Product1719,Electronics,3953.82
1720,Product1720,Electronics,500.2
1721,Product1721,Books,1170.75
1722,Product1722,Home,2647.35
1723,Product1723,Books,4688.08
1724,Product1724,Home,1496.05
1725,Product1725,Electronics,3699.47
1726,Product1726,Books,2586.26
1727,Product1727,Clothing,764.23
1728,Product1728,Home,4967.18
1729,Product1729,Home,1927.91
1730,Product1730,Sports,727.85
1731,Product1731,Electronics,4127.22
1732,Product1732,Clothing,3184.5
1733,Product1733,Home,1111.27
1734,Product1734,Books,3861.51
1735,Product1735,Books,4579.84
1736,Product1736,Home,23.37
1737,Product1737,Sports,2357.41
1738,Product1738,Home,4396.78
1739,Product1739,Books,4233.06
1740,Product1740,Electronics,1730.77
1741,Product1741,Home,1221.05
1742,Product1742,Electronics,1581.21
1743,Product1743,Sports,124.96
1744,Product1744,Sports,4866.49
1745,Product1745,Electronics,4049.07
1746,Product1746,Home,1039.13
1747,Product1747,Sports,495.46
1748,Product1748,Books,3581.65
1749,Product1749,Home,3901.88
1750,Product1750,Home,3072.37
1751,Product1751,Sports,2442.29
1752,Product1752,Clothing,4502.4
1753,Product1753,Clothing,1806.02
1754,Product1754,Sports,4276.74
1755,Product1755,Books,4402.45
1756,Product1756,Clothing,2917.02
1757,Product1757,Electronics,3035.2
1758,Product1758,Home,4664.73
1759,Product1759,Home,366.43
1760,Product1760,Home,3251.2
1761,Product1761,Clothing,473.01
1762,Product1762,Home,1944.66
1763,Product1763,Electronics,1828.36
1764,Product1764,Electronics,1640.83
1765,Product1765,Sports,2028.44
1766,Product1766,Electronics,1911.61
1767,Product1767,Clothing,124.6
1768,Product1768,Electronics,1501.05
1769,Product1769,Books,1252.39
1770,Product1770,Sports,1708.51
1771,Product1771,Home,3173.0
1772,Product1772,Home,4275.99
1773,Product1773,Sports,3349.53
1774,Product1774,Sports,2465.28
1775,Product1775,Sports,2458.53
1776,Product1776,Books,3785.83
1777,Product1777,Electronics,3253.88
1778,Product1778,Sports,3933.48
1779,Product1779,Clothing,4888.93
1780,Product1780,Electronics,1119.55
1781,Product1781,Sports,682.99
1782,Product1782,Home,3573.58
1783,Product1783,Books,1498.28
1784,Product1784,Sports,2643.02
1785,Product1785,Books,1269.33
1786,Product1786,Electronics,2795.87
1787,Product1787,Clothing,3310.73
1788,Product1788,Books,387.66
1789,Product1789,Books,2745.14
1790,Product1790,Books,4369.64
1791,Product1791,Books,3649.06
1792,Product1792,Sports,152.97
1793,Product1793,Clothing,2432.54
1794,Product1794,Sports,3458.93
1795,Product1795,Books,3198.92
1796,Product1796,Sports,3354.87
1797,Product1797,Books,3869.75
1798,Product1798,Books,4994.18
1799,Product1799,Books,4765.78
1800,Product1800,Books,2084.07
1801,Product1801,Electronics,1693.24
1802,Product1802,Sports,3692.87
1803,Product1803,Sports,4363.5
1804,Product1804,Sports,3238.13
1805,Product1805,Sports,4195.99
1806,Product1806,Electronics,4282.23
1807,Product1807,Sports,2019.6
1808,Product1808,Clothing,3450.84
1809,Product1809,Books,3747.59
1810,Product1810,Home,1569.47
1811,Product1811,Books,882.46
1812,Product1812,Sports,302.02
1813,Product1813,Electronics,2753.98
1814,Product1814,Sports,4493.62
1815,Product1815,Books,655.16
1816,Product1816,Books,2402.54
1817,Product1817,Books,3630.4
1818,Product1818,Electronics,4387.8
1819,Product1819,Sports,847.76
1820,Product1820,Books,2692.77
1821,Product1821,Sports,2486.25
1822,Product1822,Books,2283.13
1823,Product1823,Electronics,3853.82
1824,Product1824,Books,479.0
1825,Product1825,Electronics,1892.95
1826,Product1826,Books,4372.86
1827,Product1827,Electronics,662.11
1828,Product1828,Electronics,4680.06
1829,Product1829,Sports,553.74
1830,Product1830,Sports,3099.95
1831,Product1831,Electronics,3081.71
1832,Product1832,Electronics,2951.4
1833,Product1833,Sports,507.06
1834,Product1834,Home,2304.98
1835,Product1835,Clothing,2072.1
1836,Product1836,Electronics,2142.65
1837,Product1837,Clothing,2422.66
1838,Product1838,Sports,214.69
1839,Product1839,Books,84.5
1840,Product1840,Home,4961.42
1841,Product1841,Home,1714.46
1842,Product1842,Home,4409.1
1843,Product1843,Clothing,396.75
1844,Product1844,Home,228.79
1845,Product1845,Sports,4028.13
1846,Product1846,Home,1185.33
1847,Product1847,Clothing,3753.57
1848,Product1848,Sports,119.59
1849,Product1849,Electronics,1220.92
1850,Product1850,Sports,1400.25
1851,Product1851,Home,3928.44
1852,Product1852,Sports,3114.73
1853,Product1853,Clothing,4794.02
1854,Product1854,Books,4949.91
1855,Product1855,Clothing,3983.25
1856,Product1856,Books,953.74
1857,Product1857,Clothing,2639.02
1858,Product1858,Clothing,2666.95
1859,Product1859,Sports,3841.24
1860,Product1860,Electronics,2101.86
1861,Product1861,Home,3666.32
1862,Product1862,Clothing,4511.46
1863,Product1863,Books,4817.85
1864,Product1864,Clothing,399.29
1865,Product1865,Books,1476.35
1866,Product1866,Books,1346.24
1867,Product1867,Sports,301.25
1868,Product1868,Electronics,821.67
1869,Product1869,Sports,2183.33
1870,Product1870,Clothing,669.52
1871,Product1871,Home,1054.56
1872,Product1872,Sports,3340.57
1873,Product1873,Electronics,4405.83
1874,Product1874,Books,4802.38
1875,Product1875,Books,94.98
1876,Product1876,Clothing,1056.81
1877,Product1877,Electronics,3248.44
1878,Product1878,Books,1244.6
1879,Product1879,Clothing,2162.45
1880,Product1880,Books,495.05
1881,Product1881,Clothing,3646.41
1882,Product1882,Sports,633.59
1883,Product1883,Electronics,3996.09
1884,Product1884,Clothing,1376.17
1885,Product1885,Home,1940.26
1886,Product1886,Books,155.07
1887,Product1887,Home,971.41
1888,Product1888,Electronics,466.94
1889,Product1889,Books,3948.77
1890,Product1890,Sports,166.24
1891,Product1891,Electronics,2587.28
1892,Product1892,Electronics,510.45
1893,Product1893,Home,627.41
1894,Product1894,Home,4750.14
1895,Product1895,Books,1013.19
1896,Product1896,Home,1638.92
1897,Product1897,Books,1654.91
1898,Product1898,Sports,3691.06
1899,Product1899,Books,4128.35
1900,Product1900,Home,703.15
1901,Product1901,Home,2971.99
1902,Product1902,Clothing,2987.34
1903,Product1903,Books,4641.71
1904,Product1904,Home,4037.26
1905,Product1905,Electronics,2698.36
1906,Product1906,Clothing,4805.49
1907,Product1907,Clothing,4124.95
1908,Product1908,Books,3343.76
1909,Product1909,Home,4483.93
1910,Product1910,Clothing,3021.56
1911,Product1911,Books,2746.94
1912,Product1912,Home,4027.35
1913,Product1913,Home,3597.65
1914,Product1914,Electronics,1810.96
1915,Product1915,Books,4344.96
1916,Product1916,Sports,2738.09
1917,Product1917,Electronics,2449.89
1918,Product1918,Sports,296.88
1919,Product1919,Books,3902.16
1920,Product1920,Books,1486.38
1921,Product1921,Home,3537.8
1922,Product1922,Clothing,2302.18
1923,Product1923,Home,4304.2
1924,Product1924,Clothing,3577.52
1925,Product1925,Sports,2296.41
1926,Product1926,Clothing,4721.13
1927,Product1927,Electronics,450.57
1928,Product1928,Books,1643.21
1929,Product1929,Electronics,4879.93
1930,Product1930,Clothing,1652.08
1931,Product1931,Electronics,4295.08
1932,Product1932,Sports,4276.28
1933,Product1933,Electronics,4536.61
1934,Product1934,Electronics,2147.12
1935,Product1935,Sports,4246.41
1936,Product1936,Clothing,3351.34
1937,Product1937,Clothing,4872.34
1938,Product1938,Electronics,4625.52
1939,Product1939,Clothing,2825.1
1940,Product1940,Clothing,4243.48
1941,Product1941,Home,1279.96
1942,Product1942,Sports,2475.8
1943,Product1943,Books,191.09
1944,Product1944,Books,3046.24
1945,Product1945,Clothing,184.9
1946,Product1946,Clothing,2319.14
1947,Product1947,Books,2701.51
1948,Product1948,Sports,3243.07
1949,Product1949,Home,1178.76
1950,Product1950,Home,2717.91
1951,Product1951,Clothing,1635.21
1952,Product1952,Clothing,1659.09
1953,Product1953,Home,3169.51
1954,Product1954,Sports,688.02
1955,Product1955,Books,595.17
1956,Product1956,Sports,1267.45
1957,Product1957,Electronics,1080.44
1958,Product1958,Electronics,3032.44
1959,Product1959,Electronics,4338.74
1960,Product1960,Sports,386.3
1961,Product1961,Clothing,4799.62
1962,Product1962,Electronics,2150.31
1963,Product1963,Sports,3492.88
1964,Product1964,Electronics,4068.32
1965,Product1965,Home,2752.68
1966,Product1966,Electronics,3203.46
1967,Product1967,Home,1886.33
1968,Product1968,Home,4435.11
1969,Product1969,Electronics,4530.54
1970,Product1970,Electronics,1216.48
1971,Product1971,Books,4449.74
1972,Product1972,Books,2367.72
1973,Product1973,Home,1614.92
1974,Product1974,Home,333.15
1975,Product1975,Electronics,293.84
1976,Product1976,Clothing,608.3
1977,Product1977,Electronics,3632.25
1978,Product1978,Home,4329.24
1979,Product1979,Clothing,4160.66
1980,Product1980,Sports,4834.19
1981,Product1981,Clothing,4907.61
1982,Product1982,Books,3516.32
1983,Product1983,Books,3373.0
1984,Product1984,Electronics,4571.12
1985,Product1985,Clothing,4423.01
1986,Product1986,Home,2077.43
1987,Product1987,Sports,2304.88
1988,Product1988,Books,4275.76
1989,Product1989,Home,2933.66
1990,Product1990,Clothing,1730.95
1991,Product1991,Sports,4377.18
1992,Product1992,Electronics,1030.18
1993,Product1993,Electronics,3779.87
1994,Product1994,Sports,1940.3
1995,Product1995,Electronics,2781.05
1996,Product1996,Electronics,2839.33
1997,Product1997,Home,1287.35
1998,Product1998,Electronics,2599.24
1999,Product1999,Books,1882.37
2000,Product2000,Clothing,164.12
2001,Product2001,Sports,807.57
2002,Product2002,Home,4413.71
2003,Product2003,Clothing,3772.87
2004,Product2004,Electronics,2404.36
2005,Product2005,Clothing,1254.71
2006,Product2006,Clothing,3888.41
2007,Product2007,Sports,3066.15
2008,Product2008,Home,3393.25
2009,Product2009,Home,723.8
2010,Product2010,Books,4780.25
2011,Product2011,Electronics,1417.19
2012,Product2012,Home,2627.45
2013,Product2013,Home,3038.48
2014,Product2014,Books,4905.35
2015,Product2015,Sports,2218.22
2016,Product2016,Books,303.17
2017,Product2017,Books,4538.38
2018,Product2018,Books,754.35
2019,Product2019,Sports,1635.55
2020,Product2020,Electronics,2493.2
2021,Product2021,Books,2776.5
2022,Product2022,Clothing,1989.14
2023,Product2023,Clothing,4420.73
2024,Product2024,Sports,4255.93
2025,Product2025,Books,4271.4
2026,Product2026,Sports,147.99
2027,Product2027,Clothing,1556.78
2028,Product2028,Books,1028.31
2029,Product2029,Sports,4517.21
2030,Product2030,Electronics,2390.07
2031,Product2031,Home,1654.91
2032,Product2032,Books,3451.39
2033,Product2033,Books,358.52
2034,Product2034,Books,2834.86
2035,Product2035,Sports,4815.08
2036,Product2036,Electronics,4950.43
2037,Product2037,Home,1010.46
2038,Product2038,Clothing,4991.61
2039,Product2039,Books,3374.11
2040,Product2040,Sports,301.76
2041,Product2041,Electronics,121.29
2042,Product2042,Books,1224.7
2043,Product2043,Clothing,593.24
2044,Product2044,Books,202.75
2045,Product2045,Home,4237.55
2046,Product2046,Home,1254.19
2047,Product2047,Clothing,3190.42
2048,Product2048,Books,745.72
2049,Product2049,Clothing,3599.68
2050,Product2050,Books,3587.04
2051,Product2051,Electronics,3413.99
2052,Product2052,Electronics,4082.06
2053,Product2053,Books,3190.66
2054,Product2054,Books,3175.06
2055,Product2055,Clothing,4266.99
2056,Product2056,Electronics,1910.54
2057,Product2057,Home,4664.88
2058,Product2058,Electronics,1984.99
2059,Product2059,Books,1108.31
2060,Product2060,Books,3571.38
2061,Product2061,Electronics,4493.11
2062,Product2062,Sports,4376.61
2063,Product2063,Clothing,3402.55
2064,Product2064,Clothing,4751.28
2065,Product2065,Home,818.72
2066,Product2066,Sports,2586.0
2067,Product2067,Home,2445.66
2068,Product2068,Electronics,556.02
2069,Product2069,Books,1869.88
2070,Product2070,Home,2105.16
2071,Product2071,Books,4845.34
2072,Product2072,Home,2930.04
2073,Product2073,Books,794.8
2074,Product2074,Sports,124.88
2075,Product2075,Home,4916.01
2076,Product2076,Clothing,446.49
2077,Product2077,Home,2411.59
2078,Product2078,Home,1133.8
2079,Product2079,Clothing,4504.52
2080,Product2080,Sports,4432.48
2081,Product2081,Sports,3394.36
2082,Product2082,Clothing,2433.3
2083,Product2083,Clothing,2705.09
2084,Product2084,Home,1955.76
2085,Product2085,Sports,4095.45
2086,Product2086,Sports,4527.66
2087,Product2087,Books,2660.49
2088,Product2088,Electronics,3534.83
2089,Product2089,Sports,2922.46
2090,Product2090,Electronics,1718.42
2091,Product2091,Clothing,2073.0
2092,Product2092,Home,699.76
2093,Product2093,Electronics,3559.24
2094,Product2094,Clothing,1152.74
2095,Product2095,Sports,1694.24
2096,Product2096,Electronics,3794.84
2097,Product2097,Books,3531.17
2098,Product2098,Home,1264.01
2099,Product2099,Home,3165.61
2100,Product2100,Electronics,521.45
2101,Product2101,Clothing,3311.24
2102,Product2102,Electronics,4298.6
2103,Product2103,Clothing,212.62
2104,Product2104,Electronics,2479.26
2105,Product2105,Books,163.09
2106,Product2106,Electronics,1076.01
2107,Product2107,Home,201.62
2108,Product2108,Clothing,3165.34
2109,Product2109,Home,827.51
2110,Product2110,Sports,4566.93
2111,Product2111,Books,1815.02
2112,Product2112,Books,1503.02
2113,Product2113,Books,4435.02
2114,Product2114,Clothing,2275.94
2115,Product2115,Books,3812.19
2116,Product2116,Clothing,4704.11
2117,Product2117,Clothing,2478.65
2118,Product2118,Home,4155.71
2119,Product2119,Clothing,3680.55
2120,Product2120,Books,2498.82
2121,Product2121,Home,3155.0
2122,Product2122,Home,1804.99
2123,Product2123,Electronics,1693.05
2124,Product2124,Books,414.92
2125,Product2125,Electronics,3613.17
2126,Product2126,Clothing,3869.2
2127,Product2127,Electronics,4556.02
2128,Product2128,Books,3316.08
2129,Product2129,Home,4817.64
2130,Product2130,Sports,1580.2
2131,Product2131,Electronics,4980.2
2132,Product2132,Home,2886.68
2133,Product2133,Sports,975.68
2134,Product2134,Books,1829.81
2135,Product2135,Clothing,4812.98
2136,Product2136,Books,361.98
2137,Product2137,Clothing,284.43
2138,Product2138,Clothing,3437.08
2139,Product2139,Electronics,460.54
2140,Product2140,Home,1779.47
2141,Product2141,Sports,4906.94
2142,Product2142,Books,3126.65
2143,Product2143,Clothing,3874.82
2144,Product2144,Electronics,4747.31
2145,Product2145,Books,512.7
2146,Product2146,Home,809.6
2147,Product2147,Electronics,4043.37
2148,Product2148,Sports,3462.16
2149,Product2149,Home,4104.29
2150,Product2150,Sports,3411.97
2151,Product2151,Books,180.0
2152,Product2152,Books,2490.93
2153,Product2153,Sports,4813.97
2154,Product2154,Home,2943.07
2155,Product2155,Sports,1609.4
2156,Product2156,Sports,814.8
2157,Product2157,Electronics,94.97
2158,Product2158,Sports,2048.61
2159,Product2159,Home,4604.59
2160,Product2160,Sports,3831.47
2161,Product2161,Home,3388.16
2162,Product2162,Home,3603.22
2163,Product2163,Electronics,4164.97
2164,Product2164,Home,2387.71
2165,Product2165,Sports,613.23
2166,Product2166,Clothing,2594.24
2167,Product2167,Sports,3100.41
2168,Product2168,Sports,2232.41
2169,Product2169,Books,1034.85
2170,Product2170,Books,1178.05
2171,Product2171,Electronics,1497.85
2172,Product2172,Clothing,354.46
2173,Product2173,Clothing,1996.88
2174,Product2174,Home,4960.31
2175,Product2175,Books,4582.27
2176,Product2176,Books,4270.99
2177,Product2177,Electronics,709.32
2178,Product2178,Clothing,1152.75
2179,Product2179,Sports,830.28
2180,Product2180,Clothing,956.01
2181,Product2181,Home,1962.97
2182,Product2182,Electronics,1760.21
2183,Product2183,Sports,1768.92
2184,Product2184,Home,2344.19
2185,Product2185,Clothing,3220.51
2186,Product2186,Sports,1965.11
2187,Product2187,Clothing,1670.14
2188,Product2188,Clothing,2799.99
2189,Product2189,Clothing,4704.42
2190,Product2190,Clothing,4924.14
2191,Product2191,Home,622.05
2192,Product2192,Home,4696.31
2193,Product2193,Books,4592.48
2194,Product2194,Electronics,3509.52
2195,Product2195,Sports,3078.29
2196,Product2196,Clothing,4717.81
2197,Product2197,Sports,3242.46
2198,Product2198,Books,1925.24
2199,Product2199,Books,3997.02
2200,Product2200,Clothing,1768.98
2201,Product2201,Home,264.42
2202,Product2202,Sports,3597.66
2203,Product2203,Books,260.19
2204,Product2204,Sports,4592.8
2205,Product2205,Clothing,1867.88
2206,Product2206,Electronics,4593.51
2207,Product2207,Clothing,2455.82
2208,Product2208,Sports,274.58
2209,Product2209,Books,3375.68
2210,Product2210,Electronics,4384.79
2211,Product2211,Books,1382.92
2212,Product2212,Clothing,3651.51
2213,Product2213,Home,3292.32
2214,Product2214,Home,4267.76
2215,Product2215,Books,3829.56
2216,Product2216,Books,3294.59
2217,Product2217,Electronics,4634.91
2218,Product2218,Sports,4592.05
2219,Product2219,Clothing,2582.37
2220,Product2220,Books,2980.08
2221,Product2221,Books,3476.96
2222,Product2222,Electronics,2656.0
2223,Product2223,Home,1838.52
2224,Product2224,Books,1567.22
2225,Product2225,Sports,681.86
2226,Product2226,Home,3746.81
2227,Product2227,Clothing,4349.56
2228,Product2228,Sports,2538.28
2229,Product2229,Sports,4756.1
2230,Product2230,Home,1190.67
2231,Product2231,Home,2153.33
2232,Product2232,Books,3775.21
2233,Product2233,Electronics,1931.34
2234,Product2234,Clothing,2216.99
2235,Product2235,Clothing,923.25
2236,Product2236,Sports,4328.82
2237,Product2237,Clothing,777.85
2238,Product2238,Clothing,2904.69
2239,Product2239,Electronics,2677.31
2240,Product2240,Electronics,1350.31
2241,Product2241,Electronics,2565.25
2242,Product2242,Clothing,1922.51
2243,Product2243,Books,2709.49
2244,Product2244,Clothing,2384.59
2245,Product2245,Sports,3050.09
2246,Product2246,Clothing,3688.88
2247,Product2247,Electronics,2515.89
2248,Product2248,Home,2690.49
2249,Product2249,Sports,3340.75
2250,Product2250,Clothing,3034.56
2251,Product2251,Sports,529.68
2252,Product2252,Clothing,1839.73
2253,Product2253,Books,1153.28
2254,Product2254,Electronics,1304.16
2255,Product2255,Electronics,1849.42
2256,Product2256,Sports,3291.59
2257,Product2257,Home,311.27
2258,Product2258,Home,574.38
2259,Product2259,Home,120.02
2260,Product2260,Books,1715.04
2261,Product2261,Books,3705.11
2262,Product2262,Electronics,334.51
2263,Product2263,Clothing,4853.43
2264,Product2264,Electronics,3638.57
2265,Product2265,Books,3868.23
2266,Product2266,Books,1827.72
2267,Product2267,Home,3127.38
2268,Product2268,Electronics,821.88
2269,Product2269,Sports,1457.68
2270,Product2270,Sports,2432.8
2271,Product2271,Sports,2333.9
2272,Product2272,Electronics,1688.9
2273,Product2273,Electronics,3941.8
2274,Product2274,Clothing,2783.79
2275,Product2275,Electronics,2144.91
2276,Product2276,Books,3603.87
2277,Product2277,Sports,1535.86
2278,Product2278,Books,2183.16
2279,Product2279,Home,497.72
2280,Product2280,Clothing,3074.86
2281,Product2281,Books,3077.03
2282,Product2282,Books,4459.69
2283,Product2283,Clothing,326.7
2284,Product2284,Home,4557.34
2285,Product2285,Clothing,551.94
2286,Product2286,Clothing,4927.61
2287,Product2287,Clothing,1624.81
2288,Product2288,Electronics,1245.42
2289,Product2289,Clothing,4768.31
2290,Product2290,Electronics,2850.88
2291,Product2291,Clothing,1492.55
2292,Product2292,Books,1915.15
2293,Product2293,Electronics,4808.69
2294,Product2294,Clothing,4877.45
2295,Product2295,Sports,4670.85
2296,Product2296,Books,588.39
2297,Product2297,Home,1645.95
2298,Product2298,Books,2077.11
2299,Product2299,Home,72.76
2300,Product2300,Sports,4939.94
2301,Product2301,Sports,2817.22
2302,Product2302,Home,398.83
2303,Product2303,Clothing,212.87
2304,Product2304,Electronics,4301.57
2305,Product2305,Electronics,709.18
2306,Product2306,Sports,4261.18
2307,Product2307,Home,4683.42
2308,Product2308,Clothing,1524.35
2309,Product2309,Clothing,856.49
2310,Product2310,Sports,2282.4
2311,Product2311,Books,932.95
2312,Product2312,Books,2056.39
2313,Product2313,Clothing,4909.74
2314,Product2314,Clothing,3445.06
2315,Product2315,Electronics,1271.96
2316,Product2316,Sports,1510.49
2317,Product2317,Sports,4946.3
2318,Product2318,Clothing,4990.5
2319,Product2319,Sports,2444.19
2320,Product2320,Electronics,3921.39
2321,Product2321,Clothing,2062.63
2322,Product2322,Sports,1691.13
2323,Product2323,Sports,4253.81
2324,Product2324,Electronics,359.38
2325,Product2325,Books,600.18
2326,Product2326,Electronics,2706.53
2327,Product2327,Sports,4117.53
2328,Product2328,Home,848.36
2329,Product2329,Sports,1891.03
2330,Product2330,Sports,162.14
2331,Product2331,Electronics,4648.41
2332,Product2332,Clothing,3178.41
2333,Product2333,Sports,2642.15
2334,Product2334,Home,4777.1
2335,Product2335,Sports,4594.27
2336,Product2336,Clothing,3161.58
2337,Product2337,Sports,4936.23
2338,Product2338,Sports,1259.19
2339,Product2339,Clothing,878.61
2340,Product2340,Sports,4039.01
2341,Product2341,Electronics,2055.45
2342,Product2342,Electronics,788.1
2343,Product2343,Home,2438.35
2344,Product2344,Home,1798.98
2345,Product2345,Home,1681.4
2346,Product2346,Sports,2633.3
2347,Product2347,Home,1154.78
2348,Product2348,Sports,1389.73
2349,Product2349,Clothing,34.34
2350,Product2350,Home,2525.79
2351,Product2351,Books,2437.49
2352,Product2352,Books,2889.29
2353,Product2353,Books,16.43
2354,Product2354,Clothing,2402.06
2355,Product2355,Sports,2158.81
2356,Product2356,Electronics,999.44
2357,Product2357,Home,2864.56
2358,Product2358,Home,3831.36
2359,Product2359,Books,8.3
2360,Product2360,Electronics,1110.05
2361,Product2361,Home,1289.17
2362,Product2362,Sports,3758.03
2363,Product2363,Sports,1522.18
2364,Product2364,Electronics,583.01
2365,Product2365,Electronics,4449.4
2366,Product2366,Electronics,2442.89
2367,Product2367,Home,1156.26
2368,Product2368,Clothing,3858.49
2369,Product2369,Clothing,1861.35
2370,Product2370,Sports,4226.44
2371,Product2371,Sports,4259.86
2372,Product2372,Electronics,4435.93
2373,Product2373,Books,2331.34
2374,Product2374,Books,2990.8
2375,Product2375,Electronics,3233.97
2376,Product2376,Electronics,3336.86
2377,Product2377,Sports,4814.76
2378,Product2378,Home,2719.56
2379,Product2379,Electronics,3788.89
2380,Product2380,Sports,110.45
2381,Product2381,Sports,3522.68
2382,Product2382,Home,3314.62
2383,Product2383,Home,4555.4
2384,Product2384,Home,4958.64
2385,Product2385,Books,4235.16
2386,Product2386,Clothing,4714.87
2387,Product2387,Clothing,2530.49
2388,Product2388,Books,3211.42
2389,Product2389,Electronics,1588.84
2390,Product2390,Sports,783.22
2391,Product2391,Home,1449.1
2392,Product2392,Books,419.48
2393,Product2393,Home,4329.71
2394,Product2394,Clothing,3951.92
2395,Product2395,Clothing,1784.31
2396,Product2396,Sports,115.68
2397,Product2397,Electronics,2168.64
2398,Product2398,Clothing,2669.14
2399,Product2399,Books,4420.92
2400,Product2400,Clothing,1128.2
2401,Product2401,Home,655.41
2402,Product2402,Clothing,4484.34
2403,Product2403,Clothing,2142.29
2404,Product2404,Electronics,2392.59
2405,Product2405,Books,849.99
2406,Product2406,Books,1059.97
2407,Product2407,Clothing,1827.83
2408,Product2408,Books,674.57
2409,Product2409,Books,232.15
2410,Product2410,Clothing,4705.06
2411,Product2411,Electronics,174.21
2412,Product2412,Home,2937.76
2413,Product2413,Books,2538.98
2414,Product2414,Clothing,2359.84
2415,Product2415,Sports,1510.78
2416,Product2416,Clothing,3712.87
2417,Product2417,Clothing,1340.02
2418,Product2418,Clothing,1140.28
2419,Product2419,Clothing,4976.83
2420,Product2420,Books,3424.4
2421,Product2421,Sports,2811.8
2422,Product2422,Clothing,2146.02
2423,Product2423,Sports,2075.22
2424,Product2424,Home,4320.13
2425,Product2425,Electronics,3839.67
2426,Product2426,Home,1281.17
2427,Product2427,Home,2764.2
2428,Product2428,Sports,2286.13
2429,Product2429,Home,1924.91
2430,Product2430,Home,1133.56
2431,Product2431,Home,2903.5
2432,Product2432,Sports,3998.06
2433,Product2433,Electronics,2619.64
2434,Product2434,Electronics,1301.8
2435,Product2435,Sports,2796.18
2436,Product2436,Sports,59.69
2437,Product2437,Books,600.69
2438,Product2438,Books,2174.6
2439,Product2439,Books,4852.6
2440,Product2440,Electronics,22.97
2441,Product2441,Sports,4619.72
2442,Product2442,Books,2013.72
2443,Product2443,Books,2151.93
2444,Product2444,Books,3706.43
2445,Product2445,Home,3754.81
2446,Product2446,Electronics,4204.92
2447,Product2447,Books,3590.17
2448,Product2448,Electronics,517.23
2449,Product2449,Books,4136.9
2450,Product2450,Books,2267.48
2451,Product2451,Sports,1523.04
2452,Product2452,Home,384.51
2453,Product2453,Home,1533.53
2454,Product2454,Home,3938.43
2455,Product2455,Books,4509.25
2456,Product2456,Electronics,3207.79
2457,Product2457,Sports,860.72
2458,Product2458,Clothing,344.75
2459,Product2459,Sports,1929.69
2460,Product2460,Home,2508.7
2461,Product2461,Books,224.71
2462,Product2462,Sports,1394.87
2463,Product2463,Sports,1153.13
2464,Product2464,Home,3668.46
2465,Product2465,Home,861.5
2466,Product2466,Electronics,1529.39
2467,Product2467,Home,3901.14
2468,Product2468,Books,1539.44
2469,Product2469,Clothing,1721.6
2470,Product2470,Home,1720.64
2471,Product2471,Sports,4905.28
2472,Product2472,Electronics,4605.64
2473,Product2473,Books,538.33
2474,Product2474,Clothing,1881.41
2475,Product2475,Sports,3547.41
2476,Product2476,Books,689.62
2477,Product2477,Clothing,4376.77
2478,Product2478,Clothing,2904.43
2479,Product2479,Books,4490.89
2480,Product2480,Electronics,3468.02
2481,Product2481,Books,486.63
2482,Product2482,Sports,4917.69
2483,Product2483,Clothing,4773.97
2484,Product2484,Electronics,4921.15
2485,Product2485,Electronics,1516.57
2486,Product2486,Sports,884.98
2487,Product2487,Sports,4539.82
2488,Product2488,Electronics,3939.83
2489,Product2489,Clothing,2118.38
2490,Product2490,Books,2477.93
2491,Product2491,Home,1089.47
2492,Product2492,Clothing,1680.91
2493,Product2493,Sports,871.46
2494,Product2494,Sports,1664.76
2495,Product2495,Clothing,3235.67
2496,Product2496,Clothing,2766.15
2497,Product2497,Electronics,425.82
2498,Product2498,Electronics,2171.24
2499,Product2499,Electronics,4874.76
2500,Product2500,Electronics,2264.35
2501,Product2501,Clothing,1875.65
2502,Product2502,Books,2955.68
2503,Product2503,Sports,1004.56
2504,Product2504,Home,661.66
2505,Product2505,Home,2243.91
2506,Product2506,Electronics,2939.58
2507,Product2507,Sports,2306.56
2508,Product2508,Sports,598.22
2509,Product2509,Clothing,657.84
2510,Product2510,Sports,4364.05
2511,Product2511,Books,2787.2
2512,Product2512,Clothing,1335.85
2513,Product2513,Books,1197.49
2514,Product2514,Electronics,2875.18
2515,Product2515,Books,3799.74
2516,Product2516,Books,101.17
2517,Product2517,Sports,4949.71
2518,Product2518,Sports,2876.93
2519,Product2519,Books,1419.78
2520,Product2520,Books,4762.56
2521,Product2521,Clothing,1525.85
2522,Product2522,Clothing,2259.91
2523,Product2523,Home,4774.05
2524,Product2524,Electronics,1028.19
2525,Product2525,Sports,2476.43
2526,Product2526,Books,3030.44
2527,Product2527,Books,3075.9
2528,Product2528,Books,4742.77
2529,Product2529,Clothing,2328.65
2530,Product2530,Books,3370.43
2531,Product2531,Books,4455.08
2532,Product2532,Sports,4819.0
2533,Product2533,Clothing,3602.01
2534,Product2534,Home,4322.5
2535,Product2535,Books,3043.09
2536,Product2536,Sports,1492.59
2537,Product2537,Electronics,2381.95
2538,Product2538,Home,4751.05
2539,Product2539,Electronics,1533.81
2540,Product2540,Electronics,2295.31
2541,Product2541,Home,3359.56
2542,Product2542,Clothing,542.98
2543,Product2543,Electronics,4829.7
2544,Product2544,Books,4521.63
2545,Product2545,Books,315.83
2546,Product2546,Clothing,3021.79
2547,Product2547,Electronics,4059.91
2548,Product2548,Clothing,2801.25
2549,Product2549,Sports,408.6
2550,Product2550,Electronics,2737.9
2551,Product2551,Electronics,2190.16
2552,Product2552,Home,2809.31
2553,Product2553,Home,1254.07
2554,Product2554,Sports,1960.54
2555,Product2555,Clothing,2277.94
2556,Product2556,Clothing,3176.54
2557,Product2557,Sports,3147.97
2558,Product2558,Sports,2731.82
2559,Product2559,Home,1313.65
2560,Product2560,Electronics,2978.89
2561,Product2561,Sports,903.66
2562,Product2562,Electronics,3920.63
2563,Product2563,Sports,585.67
2564,Product2564,Books,4864.1
2565,Product2565,Sports,2165.77
2566,Product2566,Home,2695.8
2567,Product2567,Books,1080.7
2568,Product2568,Electronics,797.22
2569,Product2569,Books,3421.53
2570,Product2570,Books,1641.88
2571,Product2571,Electronics,4925.86
2572,Product2572,Electronics,2849.23
2573,Product2573,Books,1723.41
2574,Product2574,Electronics,4479.44
2575,Product2575,Clothing,3957.83
2576,Product2576,Electronics,1113.64
2577,Product2577,Books,1538.59
2578,Product2578,Clothing,2928.45
2579,Product2579,Sports,300.17
2580,Product2580,Electronics,4383.29
2581,Product2581,Clothing,3525.15
2582,Product2582,Clothing,3919.1
2583,Product2583,Electronics,151.05
2584,Product2584,Home,2954.79
2585,Product2585,Home,1312.59
2586,Product2586,Clothing,3292.76
2587,Product2587,Sports,2323.8
2588,Product2588,Books,2598.36
2589,Product2589,Home,3625.81
2590,Product2590,Clothing,1152.78
2591,Product2591,Sports,849.47
2592,Product2592,Electronics,2503.68
2593,Product2593,Electronics,605.05
2594,Product2594,Home,2625.08
2595,Product2595,Clothing,3156.13
2596,Product2596,Books,1134.72
2597,Product2597,Clothing,2559.36
2598,Product2598,Clothing,3153.68
2599,Product2599,Clothing,3484.05
2600,Product2600,Home,1413.81
2601,Product2601,Sports,815.02
2602,Product2602,Sports,1603.45
2603,Product2603,Home,4848.59
2604,Product2604,Home,171.44
2605,Product2605,Clothing,4119.43
2606,Product2606,Electronics,1593.1
2607,Product2607,Sports,2948.4
2608,Product2608,Books,56.79
2609,Product2609,Sports,3727.78
2610,Product2610,Home,4928.65
2611,Product2611,Clothing,4491.25
2612,Product2612,Books,4760.79
2613,Product2613,Clothing,1231.23
2614,Product2614,Home,1609.35
2615,Product2615,Books,3585.87
2616,Product2616,Books,3821.74
2617,Product2617,Home,4889.34
2618,Product2618,Electronics,3948.91
2619,Product2619,Electronics,2273.25
2620,Product2620,Books,2938.17
2621,Product2621,Clothing,3889.72
2622,Product2622,Sports,4552.24
2623,Product2623,Home,3216.3
2624,Product2624,Sports,3228.84
2625,Product2625,Electronics,3033.49
2626,Product2626,Electronics,563.13
2627,Product2627,Clothing,1246.95
2628,Product2628,Clothing,1878.37
2629,Product2629,Home,271.53
2630,Product2630,Clothing,2681.87
2631,Product2631,Clothing,3745.62
2632,Product2632,Home,1536.5
2633,Product2633,Home,2099.72
2634,Product2634,Electronics,1466.1
2635,Product2635,Electronics,1530.89
2636,Product2636,Books,870.08
2637,Product2637,Books,3593.37
2638,Product2638,Books,4579.34
2639,Product2639,Clothing,2238.71
2640,Product2640,Home,2336.42
2641,Product2641,Electronics,4850.23
2642,Product2642,Home,4882.86
2643,Product2643,Books,2823.34
2644,Product2644,Books,2600.92
2645,Product2645,Clothing,2747.62
2646,Product2646,Books,994.67
2647,Product2647,Clothing,2663.83
2648,Product2648,Clothing,1096.17
2649,Product2649,Books,1350.1
2650,Product2650,Home,1836.96
2651,Product2651,Sports,3392.02
2652,Product2652,Books,2487.29
2653,Product2653,Home,1360.91
2654,Product2654,Clothing,2867.58
2655,Product2655,Sports,599.79
2656,Product2656,Clothing,4791.15
2657,Product2657,Books,913.47
2658,Product2658,Books,2259.84
2659,Product2659,Books,3744.86
2660,Product2660,Clothing,2700.14
2661,Product2661,Clothing,4763.15
2662,Product2662,Sports,2292.5
2663,Product2663,Books,4717.65
2664,Product2664,Electronics,4748.39
2665,Product2665,Home,2338.5
2666,Product2666,Clothing,1575.07
2667,Product2667,Electronics,3367.97
2668,Product2668,Sports,878.11
2669,Product2669,Home,2279.71
2670,Product2670,Sports,1937.81
2671,Product2671,Home,4484.28
2672,Product2672,Books,1777.51
2673,Product2673,Electronics,888.6
2674,Product2674,Books,4755.65
2675,Product2675,Books,2639.8
2676,Product2676,Home,1045.82
2677,Product2677,Sports,3154.88
2678,Product2678,Home,226.81
2679,Product2679,Home,865.58
2680,Product2680,Home,3248.91
2681,Product2681,Sports,4543.09
2682,Product2682,Clothing,1656.31
2683,Product2683,Electronics,2231.59
2684,Product2684,Home,4004.32
2685,Product2685,Clothing,4506.57
2686,Product2686,Home,1746.91
2687,Product2687,Books,3360.25
2688,Product2688,Books,3370.44
2689,Product2689,Home,2664.9
2690,Product2690,Home,3121.43
2691,Product2691,Clothing,641.32
2692,Product2692,Books,3210.3
2693,Product2693,Electronics,4560.13
2694,Product2694,Clothing,1008.29
2695,Product2695,Sports,817.75
2696,Product2696,Home,2627.56
2697,Product2697,Sports,2467.74
2698,Product2698,Sports,3434.01
2699,Product2699,Electronics,3038.73
2700,Product2700,Electronics,2556.62
2701,Product2701,Clothing,3474.16
2702,Product2702,Home,4366.88
2703,Product2703,Clothing,1780.56
2704,Product2704,Sports,3848.03
2705,Product2705,Sports,4573.57
2706,Product2706,Home,4872.36
2707,Product2707,Electronics,3408.98
2708,Product2708,Sports,4941.55
2709,Product2709,Home,1946.99
2710,Product2710,Sports,2521.44
2711,Product2711,Books,903.67
2712,Product2712,Home,1376.73
2713,Product2713,Home,1629.36
2714,Product2714,Sports,874.38
2715,Product2715,Home,2278.93
2716,Product2716,Books,2940.58
2717,Product2717,Electronics,1214.7
2718,Product2718,Books,1649.34
2719,Product2719,Sports,3133.53
2720,Product2720,Sports,4197.46
2721,Product2721,Sports,4195.15
2722,Product2722,Clothing,2282.59
2723,Product2723,Electronics,438.72
2724,Product2724,Clothing,4531.31
2725,Product2725,Books,3858.63
2726,Product2726,Books,4140.0
2727,Product2727,Books,1562.16
2728,Product2728,Home,2019.81
2729,Product2729,Electronics,3964.89
2730,Product2730,Clothing,2167.5
2731,Product2731,Sports,1317.14
2732,Product2732,Electronics,869.3
2733,Product2733,Sports,455.88
2734,Product2734,Home,2915.52
2735,Product2735,Clothing,3321.3
2736,Product2736,Electronics,4229.14
2737,Product2737,Electronics,3166.57
2738,Product2738,Sports,3054.24
2739,Product2739,Electronics,2929.38
2740,Product2740,Sports,2044.12
2741,Product2741,Electronics,1984.96
2742,Product2742,Sports,1115.36
2743,Product2743,Sports,1538.03
2744,Product2744,Sports,3696.15
2745,Product2745,Electronics,2304.0
2746,Product2746,Electronics,3973.03
2747,Product2747,Clothing,3764.53
2748,Product2748,Books,3114.09
2749,Product2749,Clothing,3995.57
2750,Product2750,Books,3311.71
2751,Product2751,Electronics,458.05
2752,Product2752,Electronics,4989.18
2753,Product2753,Electronics,2520.81
2754,Product2754,Clothing,424.63
2755,Product2755,Clothing,1740.12
2756,Product2756,Books,4350.8
2757,Product2757,Sports,1248.22
2758,Product2758,Clothing,2574.35
2759,Product2759,Electronics,493.87
2760,Product2760,Books,430.64
2761,Product2761,Electronics,3590.57
2762,Product2762,Clothing,616.72
2763,Product2763,Electronics,2775.45
2764,Product2764,Clothing,4661.19
2765,Product2765,Sports,1759.03
2766,Product2766,Home,4290.71
2767,Product2767,Sports,3875.82
2768,Product2768,Clothing,3058.13
2769,Product2769,Electronics,3041.71
2770,Product2770,Books,3489.17
2771,Product2771,Home,2856.77
2772,Product2772,Electronics,2445.97
2773,Product2773,Sports,843.55
2774,Product2774,Books,4128.54
2775,Product2775,Sports,3970.68
2776,Product2776,Home,3686.57
2777,Product2777,Home,4629.02
2778,Product2778,Home,1826.34
2779,Product2779,Home,2063.73
2780,Product2780,Sports,834.94
2781,Product2781,Home,1758.18
2782,Product2782,Clothing,2356.16
2783,Product2783,Clothing,2525.72
2784,Product2784,Sports,3454.95
2785,Product2785,Books,1755.48
2786,Product2786,Electronics,1230.13
2787,Product2787,Books,4541.43
2788,Product2788,Clothing,2329.6
2789,Product2789,Home,1218.3
2790,Product2790,Sports,359.22
2791,Product2791,Books,4197.72
2792,Product2792,Clothing,1791.53
2793,Product2793,Books,3469.8
2794,Product2794,Clothing,2856.33
2795,Product2795,Clothing,4262.79
2796,Product2796,Books,2505.09
2797,Product2797,Clothing,2757.83
2798,Product2798,Home,4073.4
2799,Product2799,Clothing,978.65
2800,Product2800,Sports,3948.4
2801,Product2801,Clothing,4041.25
2802,Product2802,Home,2769.49
2803,Product2803,Sports,4127.06
2804,Product2804,Sports,1014.17
2805,Product2805,Sports,4225.93
2806,Product2806,Books,2556.1
2807,Product2807,Clothing,1902.42
2808,Product2808,Home,4694.42
2809,Product2809,Books,4483.38
2810,Product2810,Sports,3526.71
2811,Product2811,Sports,2457.22
2812,Product2812,Home,138.53
2813,Product2813,Home,3616.01
2814,Product2814,Electronics,2245.18
2815,Product2815,Clothing,2960.85
2816,Product2816,Electronics,4951.15
2817,Product2817,Clothing,1273.49
2818,Product2818,Electronics,1026.32
2819,Product2819,Home,4257.8
2820,Product2820,Home,150.82
2821,Product2821,Home,2889.28
2822,Product2822,Books,2597.04
2823,Product2823,Sports,1444.57
2824,Product2824,Home,2004.14
2825,Product2825,Sports,4742.7
2826,Product2826,Electronics,2066.76
2827,Product2827,Clothing,2970.31
2828,Product2828,Home,4834.16
2829,Product2829,Clothing,1528.35
2830,Product2830,Home,97.42
2831,Product2831,Clothing,4144.35
2832,Product2832,Books,2740.11
2833,Product2833,Sports,1221.13
2834,Product2834,Sports,1899.12
2835,Product2835,Books,484.39
2836,Product2836,Clothing,1880.7
2837,Product2837,Electronics,1263.12
2838,Product2838,Clothing,170.92
2839,Product2839,Sports,25.79
2840,Product2840,Clothing,374.42
2841,Product2841,Home,764.45
2842,Product2842,Sports,4381.28
2843,Product2843,Clothing,4529.17
2844,Product2844,Clothing,3704.7
2845,Product2845,Home,247.52
2846,Product2846,Home,1387.81
2847,Product2847,Sports,3068.15
2848,Product2848,Electronics,2526.94
2849,Product2849,Books,271.98
2850,Product2850,Home,3334.76
2851,Product2851,Sports,4675.11
2852,Product2852,Electronics,4683.73
2853,Product2853,Electronics,173.06
2854,Product2854,Books,1625.2
2855,Product2855,Sports,4335.68
2856,Product2856,Home,4032.95
2857,Product2857,Sports,2483.46
2858,Product2858,Electronics,1188.33
2859,Product2859,Sports,2153.62
2860,Product2860,Home,3266.29
2861,Product2861,Clothing,4169.55
2862,Product2862,Electronics,1955.76
2863,Product2863,Books,4970.23
2864,Product2864,Home,4843.33
2865,Product2865,Home,4216.52
2866,Product2866,Books,4539.98
2867,Product2867,Sports,2701.53
2868,Product2868,Books,4826.84
2869,Product2869,Sports,2951.57
2870,Product2870,Clothing,138.0
2871,Product2871,Electronics,3666.63
2872,Product2872,Clothing,661.07
2873,Product2873,Books,3598.32
2874,Product2874,Books,1843.19
2875,Product2875,Electronics,1554.19
2876,Product2876,Books,657.87
2877,Product2877,Clothing,870.62
2878,Product2878,Sports,1850.67
2879,Product2879,Sports,2170.91
2880,Product2880,Clothing,3102.54
2881,Product2881,Books,4282.42
2882,Product2882,Books,2265.33
2883,Product2883,Clothing,2040.91
2884,Product2884,Sports,4583.41
2885,Product2885,Clothing,2695.54
2886,Product2886,Books,4788.49
2887,Product2887,Home,4253.31
2888,Product2888,Electronics,3873.47
2889,Product2889,Home,3186.48
2890,Product2890,Electronics,2331.56
2891,Product2891,Electronics,2078.49
2892,Product2892,Books,3693.88
2893,Product2893,Electronics,1745.13
2894,Product2894,Clothing,2380.3
2895,Product2895,Home,4493.88
2896,Product2896,Electronics,2854.08
2897,Product2897,Home,4858.52
2898,Product2898,Electronics,1591.57
2899,Product2899,Sports,976.78
2900,Product2900,Home,4098.13
2901,Product2901,Sports,3085.3
2902,Product2902,Sports,798.9
2903,Product2903,Books,1456.74
2904,Product2904,Clothing,1985.98
2905,Product2905,Books,4529.62
2906,Product2906,Books,1354.33
2907,Product2907,Clothing,385.48
2908,Product2908,Sports,1116.76
2909,Product2909,Sports,1280.02
2910,Product2910,Home,4466.5
2911,Product2911,Books,595.6
2912,Product2912,Home,1863.14
2913,Product2913,Books,4964.78
2914,Product2914,Electronics,3513.46
2915,Product2915,Sports,4019.29
2916,Product2916,Electronics,456.57
2917,Product2917,Sports,3153.62
2918,Product2918,Home,4185.93
2919,Product2919,Electronics,3988.62
2920,Product2920,Clothing,2580.38
2921,Product2921,Books,4915.9
2922,Product2922,Clothing,498.03
2923,Product2923,Sports,4070.67
2924,Product2924,Home,3888.11
2925,Product2925,Books,3482.26
2926,Product2926,Electronics,4679.59
2927,Product2927,Electronics,2467.4
2928,Product2928,Sports,1048.43
2929,Product2929,Sports,20.24
2930,Product2930,Home,1403.46
2931,Product2931,Clothing,4098.27
2932,Product2932,Electronics,2575.25
2933,Product2933,Books,996.73
2934,Product2934,Books,2960.59
2935,Product2935,Books,88.53
2936,Product2936,Sports,3268.68
2937,Product2937,Electronics,1784.75
2938,Product2938,Sports,1541.56
2939,Product2939,Home,3487.65
2940,Product2940,Books,2286.69
2941,Product2941,Electronics,2627.69
2942,Product2942,Sports,3834.97
2943,Product2943,Home,1342.08
2944,Product2944,Sports,2199.64
2945,Product2945,Clothing,3221.54
2946,Product2946,Home,4091.34
2947,Product2947,Home,2349.16
2948,Product2948,Books,136.78
2949,Product2949,Electronics,1882.5
2950,Product2950,Electronics,1265.81
2951,Product2951,Sports,1294.02
2952,Product2952,Books,4298.29
2953,Product2953,Clothing,1248.44
2954,Product2954,Books,3727.61
2955,Product2955,Books,4644.75
2956,Product2956,Electronics,1793.98
2957,Product2957,Sports,3092.63
2958,Product2958,Clothing,451.78
2959,Product2959,Electronics,2659.04
2960,Product2960,Sports,3130.4
2961,Product2961,Sports,2662.81
2962,Product2962,Electronics,2963.94
2963,Product2963,Home,775.38
2964,Product2964,Books,4317.62
2965,Product2965,Electronics,3867.54
2966,Product2966,Clothing,35.91
2967,Product2967,Clothing,131.87
2968,Product2968,Home,2622.8
2969,Product2969,Home,212.34
2970,Product2970,Books,2074.41
2971,Product2971,Clothing,3725.89
2972,Product2972,Home,3788.31
2973,Product2973,Electronics,4025.06
2974,Product2974,Books,2078.15
2975,Product2975,Books,618.48
2976,Product2976,Clothing,4672.71
2977,Product2977,Clothing,2134.39
2978,Product2978,Electronics,3138.49
2979,Product2979,Books,2269.02
2980,Product2980,Books,829.71
2981,Product2981,Books,4688.75
2982,Product2982,Electronics,184.93
2983,Product2983,Books,23.91
2984,Product2984,Electronics,354.0
2985,Product2985,Home,1458.21
2986,Product2986,Home,4862.72
2987,Product2987,Sports,3047.18
2988,Product2988,Books,2396.92
2989,Product2989,Books,112.7
2990,Product2990,Clothing,1822.46
2991,Product2991,Electronics,1267.59
2992,Product2992,Sports,604.48
2993,Product2993,Clothing,1060.85
2994,Product2994,Books,3846.63
2995,Product2995,Electronics,3382.46
2996,Product2996,Books,3367.69
2997,Product2997,Books,158.76
2998,Product2998,Sports,2689.72
2999,Product2999,Home,681.2
3000,Product3000,Electronics,1096.55
3001,Product3001,Home,655.01
3002,Product3002,Home,4869.39
3003,Product3003,Clothing,1877.43
3004,Product3004,Sports,3960.95
3005,Product3005,Sports,4614.95
3006,Product3006,Clothing,1703.81
3007,Product3007,Books,2744.25
3008,Product3008,Clothing,1338.83
3009,Product3009,Books,3350.88
3010,Product3010,Electronics,1612.27
3011,Product3011,Books,70.34
3012,Product3012,Electronics,1421.26
3013,Product3013,Home,4714.55
3014,Product3014,Books,504.85
3015,Product3015,Home,2007.63
3016,Product3016,Clothing,2699.91
3017,Product3017,Electronics,2929.33
3018,Product3018,Clothing,222.75
3019,Product3019,Books,3514.98
3020,Product3020,Sports,1686.68
3021,Product3021,Clothing,553.63
3022,Product3022,Sports,209.81
3023,Product3023,Electronics,3100.62
3024,Product3024,Books,2097.04
3025,Product3025,Home,942.09
3026,Product3026,Sports,3910.99
3027,Product3027,Home,2344.6
3028,Product3028,Electronics,2242.13
3029,Product3029,Electronics,1869.12
3030,Product3030,Home,1846.87
3031,Product3031,Electronics,1637.78
3032,Product3032,Sports,3391.8
3033,Product3033,Clothing,3883.39
3034,Product3034,Clothing,389.55
3035,Product3035,Sports,1697.52
3036,Product3036,Sports,2857.67
3037,Product3037,Books,230.61
3038,Product3038,Electronics,2184.04
3039,Product3039,Electronics,3038.75
3040,Product3040,Clothing,3012.72
3041,Product3041,Home,1282.6
3042,Product3042,Sports,3951.18
3043,Product3043,Books,1486.02
3044,Product3044,Books,2078.32
3045,Product3045,Clothing,2697.3
3046,Product3046,Books,189.79
3047,Product3047,Electronics,1997.57
3048,Product3048,Books,3340.17
3049,Product3049,Sports,1516.88
3050,Product3050,Home,4555.46
3051,Product3051,Electronics,1582.83
3052,Product3052,Electronics,3675.47
3053,Product3053,Electronics,818.88
3054,Product3054,Electronics,3374.92
3055,Product3055,Clothing,224.67
3056,Product3056,Sports,3077.51
3057,Product3057,Electronics,1943.82
3058,Product3058,Home,3087.22
3059,Product3059,Clothing,1825.37
3060,Product3060,Electronics,4174.61
3061,Product3061,Home,4341.05
3062,Product3062,Books,3048.34
3063,Product3063,Home,4529.69
3064,Product3064,Sports,2053.71
3065,Product3065,Sports,3199.06
3066,Product3066,Electronics,1105.64
3067,Product3067,Books,694.42
3068,Product3068,Electronics,3852.58
3069,Product3069,Sports,1347.97
3070,Product3070,Home,1195.38
3071,Product3071,Sports,4467.12
3072,Product3072,Electronics,3420.15
3073,Product3073,Home,1197.13
3074,Product3074,Electronics,4599.01
3075,Product3075,Sports,3674.91
3076,Product3076,Home,3888.21
3077,Product3077,Electronics,3159.5
3078,Product3078,Electronics,1895.26
3079,Product3079,Sports,4163.26
3080,Product3080,Clothing,793.91
3081,Product3081,Clothing,1605.74
3082,Product3082,Clothing,2690.45
3083,Product3083,Electronics,3214.72
3084,Product3084,Clothing,1089.17
3085,Product3085,Home,1170.24
3086,Product3086,Home,3243.29
3087,Product3087,Home,4629.57
3088,Product3088,Home,1678.11
3089,Product3089,Sports,4123.01
3090,Product3090,Books,4646.61
3091,Product3091,Clothing,1708.4
3092,Product3092,Sports,1147.26
3093,Product3093,Clothing,1865.01
3094,Product3094,Clothing,3702.03
3095,Product3095,Clothing,4836.67
3096,Product3096,Clothing,4865.67
3097,Product3097,Home,2579.7
3098,Product3098,Home,4832.11
3099,Product3099,Books,8.52
3100,Product3100,Books,4854.74
3101,Product3101,Electronics,4994.15
3102,Product3102,Books,2694.29
3103,Product3103,Clothing,2407.66
3104,Product3104,Clothing,4754.59
3105,Product3105,Electronics,2274.17
3106,Product3106,Books,2983.61
3107,Product3107,Clothing,1218.53
3108,Product3108,Electronics,741.73
3109,Product3109,Home,4164.03
3110,Product3110,Home,2333.97
3111,Product3111,Electronics,2816.97
3112,Product3112,Clothing,3996.38
3113,Product3113,Books,3421.19
3114,Product3114,Home,46.71
3115,Product3115,Electronics,1601.74
3116,Product3116,Books,3456.65
3117,Product3117,Sports,1270.8
3118,Product3118,Home,4449.87
3119,Product3119,Clothing,3065.13
3120,Product3120,Clothing,4816.38
3121,Product3121,Sports,445.11
3122,Product3122,Home,4402.8
3123,Product3123,Sports,2280.77
3124,Product3124,Sports,1719.42
3125,Product3125,Home,2949.76
3126,Product3126,Sports,106.46
3127,Product3127,Books,1296.06
3128,Product3128,Home,4081.61
3129,Product3129,Home,2575.91
3130,Product3130,Electronics,2055.11
3131,Product3131,Books,2110.16
3132,Product3132,Clothing,2222.03
3133,Product3133,Home,1590.95
3134,Product3134,Sports,4204.47
3135,Product3135,Electronics,895.94
3136,Product3136,Electronics,3362.61
3137,Product3137,Electronics,3234.84
3138,Product3138,Clothing,3654.73
3139,Product3139,Books,3868.95
3140,Product3140,Clothing,2381.88
3141,Product3141,Home,1678.24
3142,Product3142,Sports,705.36
3143,Product3143,Home,2993.96
3144,Product3144,Electronics,1800.86
3145,Product3145,Books,2941.24
3146,Product3146,Books,2132.73
3147,Product3147,Electronics,4512.94
3148,Product3148,Home,4678.71
3149,Product3149,Clothing,939.87
3150,Product3150,Home,4467.95
3151,Product3151,Books,4419.29
3152,Product3152,Home,3829.27
3153,Product3153,Sports,1197.48
3154,Product3154,Home,350.29
3155,Product3155,Sports,4953.42
3156,Product3156,Clothing,847.73
3157,Product3157,Electronics,4576.81
3158,Product3158,Home,697.68
3159,Product3159,Electronics,362.67
3160,Product3160,Clothing,3850.55
3161,Product3161,Clothing,1486.08
3162,Product3162,Sports,2932.65
3163,Product3163,Home,80.1
3164,Product3164,Electronics,3686.69
3165,Product3165,Clothing,2563.02
3166,Product3166,Home,1261.32
3167,Product3167,Books,4963.54
3168,Product3168,Sports,3414.58
3169,Product3169,Electronics,1073.89
3170,Product3170,Home,2827.77
3171,Product3171,Sports,1648.45
3172,Product3172,Home,3781.46
3173,Product3173,Books,4546.57
3174,Product3174,Electronics,4826.3
3175,Product3175,Electronics,4038.43
3176,Product3176,Clothing,569.21
3177,Product3177,Home,2251.76
3178,Product3178,Clothing,4918.11
3179,Product3179,Sports,1339.57
3180,Product3180,Books,3159.25
3181,Product3181,Clothing,3108.5
3182,Product3182,Electronics,21.34
3183,Product3183,Clothing,79.95
3184,Product3184,Clothing,4007.92
3185,Product3185,Clothing,1014.55
3186,Product3186,Books,3895.13
3187,Product3187,Home,3089.82
3188,Product3188,Clothing,2150.25
3189,Product3189,Clothing,254.45
3190,Product3190,Clothing,676.32
3191,Product3191,Sports,3785.38
3192,Product3192,Home,2572.5
3193,Product3193,Home,4450.48
3194,Product3194,Sports,3734.0
3195,Product3195,Books,1775.67
3196,Product3196,Electronics,283.1
3197,Product3197,Home,3340.2
3198,Product3198,Books,231.24
3199,Product3199,Clothing,698.48
3200,Product3200,Sports,2201.63
3201,Product3201,Clothing,369.53
3202,Product3202,Clothing,2918.29
3203,Product3203,Sports,4805.31
3204,Product3204,Sports,2961.45
3205,Product3205,Books,379.05
3206,Product3206,Sports,633.63
3207,Product3207,Sports,1165.01
3208,Product3208,Clothing,2352.78
3209,Product3209,Electronics,687.8
3210,Product3210,Clothing,387.63
3211,Product3211,Home,2605.84
3212,Product3212,Home,1333.84
3213,Product3213,Books,3967.5
3214,Product3214,Clothing,3808.55
3215,Product3215,Books,3100.4
3216,Product3216,Clothing,2597.19
3217,Product3217,Electronics,4694.71
3218,Product3218,Books,3932.4
3219,Product3219,Electronics,4622.42
3220,Product3220,Sports,149.88
3221,Product3221,Books,1008.78
3222,Product3222,Sports,4178.22
3223,Product3223,Books,3092.18
3224,Product3224,Electronics,244.23
3225,Product3225,Electronics,3720.57
3226,Product3226,Clothing,778.59
3227,Product3227,Books,3057.19
3228,Product3228,Home,2104.4
3229,Product3229,Books,2060.29
3230,Product3230,Home,99.76
3231,Product3231,Sports,3051.59
3232,Product3232,Home,3768.55
3233,Product3233,Home,3957.09
3234,Product3234,Clothing,3603.79
3235,Product3235,Books,3369.35
3236,Product3236,Electronics,866.94
3237,Product3237,Electronics,4756.61
3238,Product3238,Home,335.8
3239,Product3239,Home,692.62
3240,Product3240,Electronics,3148.92
3241,Product3241,Books,2584.04
3242,Product3242,Clothing,4250.2
3243,Product3243,Sports,3391.96
3244,Product3244,Electronics,544.38
3245,Product3245,Electronics,4978.32
3246,Product3246,Books,2707.04
3247,Product3247,Books,491.58
3248,Product3248,Books,299.9
3249,Product3249,Sports,3845.83
3250,Product3250,Electronics,3981.48
3251,Product3251,Sports,856.53
3252,Product3252,Clothing,1790.44
3253,Product3253,Sports,1664.05
3254,Product3254,Sports,3573.46
3255,Product3255,Electronics,4812.11
3256,Product3256,Sports,3963.38
3257,Product3257,Electronics,109.93
3258,Product3258,Home,1213.22
3259,Product3259,Electronics,1257.25
3260,Product3260,Home,3385.05
3261,Product3261,Electronics,1406.12
3262,Product3262,Electronics,150.55
3263,Product3263,Clothing,4358.1
3264,Product3264,Clothing,4517.32
3265,Product3265,Clothing,885.82
3266,Product3266,Books,194.57
3267,Product3267,Electronics,3131.57
3268,Product3268,Books,4651.55
3269,Product3269,Books,3077.76
3270,Product3270,Electronics,4200.05
3271,Product3271,Sports,172.64
3272,Product3272,Clothing,4564.11
3273,Product3273,Electronics,352.35
3274,Product3274,Books,1522.13
3275,Product3275,Sports,1038.33
3276,Product3276,Books,4120.15
3277,Product3277,Home,2573.24
3278,Product3278,Home,1414.1
3279,Product3279,Electronics,943.6
3280,Product3280,Books,3856.22
3281,Product3281,Clothing,269.7
3282,Product3282,Home,1015.8
3283,Product3283,Sports,2201.58
3284,Product3284,Electronics,2274.17
3285,Product3285,Electronics,740.89
3286,Product3286,Electronics,4344.66
3287,Product3287,Electronics,3708.98
3288,Product3288,Clothing,998.73
3289,Product3289,Electronics,1851.58
3290,Product3290,Clothing,4625.06
3291,Product3291,Books,4467.66
3292,Product3292,Home,3165.1
3293,Product3293,Home,4163.68
3294,Product3294,Sports,4402.32
3295,Product3295,Books,2154.27
3296,Product3296,Clothing,4792.69
3297,Product3297,Electronics,4522.24
3298,Product3298,Clothing,2342.98
3299,Product3299,Home,3041.51
3300,Product3300,Clothing,5.05
3301,Product3301,Clothing,3813.75
3302,Product3302,Books,3938.46
3303,Product3303,Books,4985.05
3304,Product3304,Electronics,1678.76
3305,Product3305,Clothing,2761.51
3306,Product3306,Sports,4424.68
3307,Product3307,Home,1634.41
3308,Product3308,Sports,1722.32
3309,Product3309,Home,2306.96
3310,Product3310,Home,1050.9
3311,Product3311,Sports,2255.3
3312,Product3312,Home,578.16
3313,Product3313,Clothing,1534.49
3314,Product3314,Books,2823.91
3315,Product3315,Books,4732.43
3316,Product3316,Clothing,42.98
3317,Product3317,Electronics,1957.29
3318,Product3318,Books,4533.3
3319,Product3319,Electronics,1599.85
3320,Product3320,Electronics,7.93
3321,Product3321,Electronics,39.04
3322,Product3322,Books,4399.19
3323,Product3323,Sports,3403.79
3324,Product3324,Electronics,3337.25
3325,Product3325,Clothing,4067.42
3326,Product3326,Electronics,3956.41
3327,Product3327,Electronics,3018.67
3328,Product3328,Home,4503.89
3329,Product3329,Books,1887.14
3330,Product3330,Clothing,620.07
3331,Product3331,Books,3853.87
3332,Product3332,Books,459.26
3333,Product3333,Clothing,1666.87
3334,Product3334,Electronics,64.41
3335,Product3335,Clothing,3989.38
3336,Product3336,Home,1450.95
3337,Product3337,Clothing,1550.32
3338,Product3338,Books,1319.16
3339,Product3339,Sports,4704.8
3340,Product3340,Clothing,545.77
3341,Product3341,Sports,612.61
3342,Product3342,Clothing,3200.12
3343,Product3343,Books,3310.81
3344,Product3344,Clothing,4267.64
3345,Product3345,Electronics,3739.3
3346,Product3346,Sports,299.85
3347,Product3347,Sports,3227.83
3348,Product3348,Clothing,4224.14
3349,Product3349,Sports,1968.45
3350,Product3350,Sports,1257.89
3351,Product3351,Clothing,935.21
3352,Product3352,Clothing,3483.57
3353,Product3353,Clothing,4494.93
3354,Product3354,Clothing,892.51
3355,Product3355,Electronics,4922.37
3356,Product3356,Electronics,1809.63
3357,Product3357,Electronics,982.57
3358,Product3358,Books,4559.77
3359,Product3359,Sports,1674.64
3360,Product3360,Clothing,2495.03
3361,Product3361,Electronics,1224.24
3362,Product3362,Clothing,2922.33
3363,Product3363,Books,288.63
3364,Product3364,Home,3201.82
3365,Product3365,Electronics,4187.61
3366,Product3366,Home,1738.6
3367,Product3367,Home,4121.11
3368,Product3368,Sports,4900.15
3369,Product3369,Electronics,4844.67
3370,Product3370,Electronics,1248.72
3371,Product3371,Electronics,1051.73
3372,Product3372,Sports,4421.95
3373,Product3373,Clothing,2076.1
3374,Product3374,Books,3244.84
3375,Product3375,Books,2131.65
3376,Product3376,Books,3131.22
3377,Product3377,Clothing,1523.09
3378,Product3378,Home,1141.59
3379,Product3379,Books,899.12
3380,Product3380,Books,4120.36
3381,Product3381,Books,2799.19
3382,Product3382,Electronics,1064.4
3383,Product3383,Books,3899.77
3384,Product3384,Electronics,271.03
3385,Product3385,Electronics,217.53
3386,Product3386,Clothing,1760.47
3387,Product3387,Books,129.97
3388,Product3388,Electronics,3638.63
3389,Product3389,Home,3964.29
3390,Product3390,Home,114.47
3391,Product3391,Clothing,515.36
3392,Product3392,Home,2520.46
3393,Product3393,Books,4252.25
3394,Product3394,Electronics,1314.16
3395,Product3395,Books,1642.97
3396,Product3396,Electronics,1951.45
3397,Product3397,Home,246.38
3398,Product3398,Clothing,2325.33
3399,Product3399,Sports,65.55
3400,Product3400,Home,4001.69
3401,Product3401,Books,2364.08
3402,Product3402,Books,120.39
3403,Product3403,Books,2289.68
3404,Product3404,Books,2052.89
3405,Product3405,Home,556.87
3406,Product3406,Electronics,1660.83
3407,Product3407,Sports,295.03
3408,Product3408,Home,1878.96
3409,Product3409,Books,830.7
3410,Product3410,Clothing,3698.65
3411,Product3411,Clothing,3233.21
3412,Product3412,Electronics,3795.61
3413,Product3413,Sports,1320.97
3414,Product3414,Clothing,4055.21
3415,Product3415,Sports,4726.15
3416,Product3416,Electronics,2922.44
3417,Product3417,Electronics,762.8
3418,Product3418,Clothing,1287.92
3419,Product3419,Books,3999.48
3420,Product3420,Books,4811.33
3421,Product3421,Sports,302.77
3422,Product3422,Books,1630.12
3423,Product3423,Home,370.35
3424,Product3424,Clothing,3693.73
3425,Product3425,Home,3858.37
3426,Product3426,Sports,128.05
3427,Product3427,Home,644.81
3428,Product3428,Electronics,2594.32
3429,Product3429,Electronics,3767.15
3430,Product3430,Sports,3710.23
3431,Product3431,Books,1365.06
3432,Product3432,Clothing,1461.68
3433,Product3433,Sports,4703.25
3434,Product3434,Books,3062.1
3435,Product3435,Books,1896.45
3436,Product3436,Clothing,3535.59
3437,Product3437,Home,4642.15
3438,Product3438,Electronics,516.5
3439,Product3439,Sports,4366.43
3440,Product3440,Sports,4645.89
3441,Product3441,Clothing,3931.97
3442,Product3442,Electronics,1796.7
3443,Product3443,Sports,4572.25
3444,Product3444,Home,3669.63
3445,Product3445,Books,2762.4
3446,Product3446,Electronics,577.56
3447,Product3447,Books,1755.96
3448,Product3448,Home,4340.4
3449,Product3449,Home,355.92
3450,Product3450,Sports,2585.21
3451,Product3451,Electronics,933.59
3452,Product3452,Sports,1245.69
3453,Product3453,Electronics,1333.12
3454,Product3454,Sports,2723.53
3455,Product3455,Home,4466.66
3456,Product3456,Clothing,4067.06
3457,Product3457,Electronics,3216.95
3458,Product3458,Books,3598.67
3459,Product3459,Sports,174.92
3460,Product3460,Books,1577.3
3461,Product3461,Clothing,1505.65
3462,Product3462,Books,506.69
3463,Product3463,Electronics,2594.38
3464,Product3464,Sports,1961.9
3465,Product3465,Sports,4432.92
3466,Product3466,Electronics,1408.93
3467,Product3467,Sports,2240.1
3468,Product3468,Home,3510.89
3469,Product3469,Clothing,1558.93
3470,Product3470,Clothing,4785.17
3471,Product3471,Clothing,1104.21
3472,Product3472,Home,1172.95
3473,Product3473,Clothing,2738.23
3474,Product3474,Sports,761.84
3475,Product3475,Sports,2290.83
3476,Product3476,Electronics,3405.58
3477,Product3477,Electronics,2149.77
3478,Product3478,Sports,2525.48
3479,Product3479,Home,2619.32
3480,Product3480,Books,2723.19
3481,Product3481,Clothing,3157.22
3482,Product3482,Sports,3121.27
3483,Product3483,Home,3388.31
3484,Product3484,Books,4896.41
3485,Product3485,Electronics,3794.92
3486,Product3486,Clothing,3096.04
3487,Product3487,Home,3142.76
3488,Product3488,Clothing,3504.53
3489,Product3489,Books,1254.95
3490,Product3490,Electronics,3088.62
3491,Product3491,Home,720.8
3492,Product3492,Electronics,3869.96
3493,Product3493,Electronics,2117.07
3494,Product3494,Clothing,1040.9
3495,Product3495,Clothing,4301.27
3496,Product3496,Books,3667.07
3497,Product3497,Electronics,3760.52
3498,Product3498,Sports,3391.94
3499,Product3499,Books,2409.69
3500,Product3500,Electronics,1651.07
3501,Product3501,Sports,3856.68
3502,Product3502,Books,155.08
3503,Product3503,Home,1215.73
3504,Product3504,Home,3789.63
3505,Product3505,Sports,37.45
3506,Product3506,Electronics,4863.54
3507,Product3507,Books,3463.9
3508,Product3508,Books,4607.3
3509,Product3509,Sports,4683.04
3510,Product3510,Clothing,2183.14
3511,Product3511,Electronics,4685.07
3512,Product3512,Home,4984.12
3513,Product3513,Clothing,3133.78
3514,Product3514,Home,1815.63
3515,Product3515,Clothing,4859.57
3516,Product3516,Sports,4212.88
3517,Product3517,Books,1942.67
3518,Product3518,Home,1695.63
3519,Product3519,Electronics,4044.8
3520,Product3520,Sports,3145.79
3521,Product3521,Home,654.02
3522,Product3522,Books,3575.27
3523,Product3523,Sports,4665.75
3524,Product3524,Electronics,4695.92
3525,Product3525,Books,1220.98
3526,Product3526,Home,3951.0
3527,Product3527,Sports,466.94
3528,Product3528,Electronics,4274.98
3529,Product3529,Books,2427.72
3530,Product3530,Home,1145.8
3531,Product3531,Clothing,705.14
3532,Product3532,Clothing,3245.12
3533,Product3533,Electronics,1971.78
3534,Product3534,Electronics,3044.58
3535,Product3535,Home,3731.24
3536,Product3536,Sports,2749.12
3537,Product3537,Sports,3188.43
3538,Product3538,Home,3198.15
3539,Product3539,Sports,2344.34
3540,Product3540,Electronics,1049.77
3541,Product3541,Home,4275.83
3542,Product3542,Books,1950.35
3543,Product3543,Home,3629.6
3544,Product3544,Sports,4077.43
3545,Product3545,Electronics,460.96
3546,Product3546,Clothing,1761.34
3547,Product3547,Clothing,3350.33
3548,Product3548,Electronics,2053.72
3549,Product3549,Clothing,3557.83
3550,Product3550,Books,367.09
3551,Product3551,Clothing,4305.85
3552,Product3552,Electronics,3434.52
3553,Product3553,Home,2981.64
3554,Product3554,Books,4907.89
3555,Product3555,Clothing,1406.43
3556,Product3556,Books,3381.54
3557,Product3557,Clothing,3552.67
3558,Product3558,Books,3140.52
3559,Product3559,Clothing,2308.45
3560,Product3560,Clothing,2724.34
3561,Product3561,Home,4848.11
3562,Product3562,Sports,4194.52
3563,Product3563,Home,247.74
3564,Product3564,Electronics,4007.05
3565,Product3565,Electronics,873.3
3566,Product3566,Clothing,3061.57
3567,Product3567,Clothing,1328.38
3568,Product3568,Books,4292.09
3569,Product3569,Electronics,2603.16
3570,Product3570,Sports,4553.57
3571,Product3571,Sports,4010.12
3572,Product3572,Electronics,4693.43
3573,Product3573,Electronics,888.78
3574,Product3574,Home,2059.29
3575,Product3575,Books,3104.08
3576,Product3576,Books,1537.01
3577,Product3577,Electronics,554.85
3578,Product3578,Home,1590.22
3579,Product3579,Clothing,1307.02
3580,Product3580,Books,1568.26
3581,Product3581,Books,3076.37
3582,Product3582,Home,2856.18
3583,Product3583,Home,3480.07
3584,Product3584,Electronics,4361.75
3585,Product3585,Electronics,1504.91
3586,Product3586,Books,399.33
3587,Product3587,Electronics,853.05
3588,Product3588,Sports,3021.96
3589,Product3589,Clothing,1657.54
3590,Product3590,Sports,2116.88
3591,Product3591,Sports,1990.5
3592,Product3592,Home,1585.67
3593,Product3593,Home,3227.6
3594,Product3594,Electronics,4258.3
3595,Product3595,Books,3984.66
3596,Product3596,Sports,3069.51
3597,Product3597,Sports,2577.52
3598,Product3598,Books,901.13
3599,Product3599,Home,2590.7
3600,Product3600,Books,887.27
3601,Product3601,Home,4533.23
3602,Product3602,Electronics,2499.34
3603,Product3603,Books,3542.16
3604,Product3604,Sports,9.05
3605,Product3605,Sports,1081.37
3606,Product3606,Electronics,3375.73
3607,Product3607,Electronics,2284.15
3608,Product3608,Electronics,3249.15
3609,Product3609,Home,979.59
3610,Product3610,Electronics,4982.56
3611,Product3611,Books,1178.81
3612,Product3612,Sports,2144.56
3613,Product3613,Electronics,487.2
3614,Product3614,Home,912.13
3615,Product3615,Home,2561.71
3616,Product3616,Sports,4713.06
3617,Product3617,Clothing,3603.83
3618,Product3618,Books,3813.88
3619,Product3619,Home,297.01
3620,Product3620,Home,4949.95
3621,Product3621,Sports,3776.91
3622,Product3622,Clothing,2439.03
3623,Product3623,Home,3923.88
3624,Product3624,Books,3845.47
3625,Product3625,Books,4188.7
3626,Product3626,Books,4658.29
3627,Product3627,Electronics,1051.11
3628,Product3628,Clothing,2605.42
3629,Product3629,Home,4466.72
3630,Product3630,Clothing,782.61
3631,Product3631,Clothing,3194.67
3632,Product3632,Books,148.24
3633,Product3633,Home,1722.82
3634,Product3634,Sports,2397.65
3635,Product3635,Electronics,4213.48
3636,Product3636,Books,4049.99
3637,Product3637,Home,4181.77
3638,Product3638,Books,184.96
3639,Product3639,Electronics,1200.52
3640,Product3640,Clothing,3856.21
3641,Product3641,Electronics,3231.61
3642,Product3642,Sports,3551.76
3643,Product3643,Sports,1053.81
3644,Product3644,Home,3694.21
3645,Product3645,Electronics,273.71
3646,Product3646,Books,471.92
3647,Product3647,Clothing,1389.14
3648,Product3648,Sports,4676.0
3649,Product3649,Electronics,3704.6
3650,Product3650,Sports,1589.84
3651,Product3651,Electronics,601.06
3652,Product3652,Electronics,1780.42
3653,Product3653,Electronics,386.89
3654,Product3654,Sports,2232.03
3655,Product3655,Books,3448.87
3656,Product3656,Electronics,3724.45
3657,Product3657,Electronics,3868.47
3658,Product3658,Clothing,3976.71
3659,Product3659,Sports,3755.12
3660,Product3660,Sports,559.77
3661,Product3661,Home,3362.62
3662,Product3662,Sports,684.94
3663,Product3663,Electronics,3284.25
3664,Product3664,Clothing,1676.64
3665,Product3665,Books,1113.91
3666,Product3666,Sports,772.55
3667,Product3667,Clothing,1016.55
3668,Product3668,Sports,4059.05
3669,Product3669,Sports,1565.02
3670,Product3670,Clothing,3295.86
3671,Product3671,Books,1445.92
3672,Product3672,Sports,2155.74
3673,Product3673,Sports,3098.66
3674,Product3674,Home,459.27
3675,Product3675,Sports,2829.31
3676,Product3676,Sports,4803.09
3677,Product3677,Home,4935.94
3678,Product3678,Home,2293.76
3679,Product3679,Books,3542.14
3680,Product3680,Sports,50.19
3681,Product3681,Electronics,1517.25
3682,Product3682,Books,380.93
3683,Product3683,Home,2997.36
3684,Product3684,Books,2340.34
3685,Product3685,Electronics,4883.89
3686,Product3686,Sports,3272.69
3687,Product3687,Clothing,2515.96
3688,Product3688,Clothing,1320.12
3689,Product3689,Clothing,4690.17
3690,Product3690,Books,4144.62
3691,Product3691,Electronics,4063.44
3692,Product3692,Home,1705.79
3693,Product3693,Books,491.67
3694,Product3694,Home,3571.08
3695,Product3695,Sports,606.51
3696,Product3696,Home,1234.14
3697,Product3697,Clothing,3256.0
3698,Product3698,Home,3336.69
3699,Product3699,Electronics,4516.42
3700,Product3700,Electronics,1118.61
3701,Product3701,Electronics,3994.94
3702,Product3702,Sports,3126.55
3703,Product3703,Home,1003.77
3704,Product3704,Sports,1210.05
3705,Product3705,Sports,3520.38
3706,Product3706,Home,4663.48
3707,Product3707,Electronics,838.78
3708,Product3708,Sports,770.62
3709,Product3709,Home,864.85
3710,Product3710,Sports,2908.18
3711,Product3711,Books,1723.65
3712,Product3712,Books,2535.76
3713,Product3713,Sports,3715.91
3714,Product3714,Clothing,2742.43
3715,Product3715,Sports,2490.17
3716,Product3716,Home,624.73
3717,Product3717,Sports,2849.26
3718,Product3718,Clothing,2081.01
3719,Product3719,Sports,4589.59
3720,Product3720,Home,1489.23
3721,Product3721,Books,3929.74
3722,Product3722,Clothing,2508.27
3723,Product3723,Sports,562.46
3724,Product3724,Electronics,3779.81
3725,Product3725,Electronics,1356.73
3726,Product3726,Home,2105.17
3727,Product3727,Clothing,2719.15
3728,Product3728,Books,3872.69
3729,Product3729,Sports,1918.34
3730,Product3730,Home,1818.99
3731,Product3731,Electronics,1004.9
3732,Product3732,Clothing,1127.95
3733,Product3733,Electronics,443.35
3734,Product3734,Sports,1442.77
3735,Product3735,Sports,4708.21
3736,Product3736,Books,2303.49
3737,Product3737,Electronics,2580.23
3738,Product3738,Clothing,1790.71
3739,Product3739,Home,436.93
3740,Product3740,Electronics,3620.55
3741,Product3741,Clothing,3767.62
3742,Product3742,Clothing,4617.91
3743,Product3743,Clothing,3663.78
3744,Product3744,Sports,569.1
3745,Product3745,Electronics,4330.98
3746,Product3746,Home,1703.21
3747,Product3747,Books,4365.55
3748,Product3748,Home,4492.61
3749,Product3749,Clothing,43.27
3750,Product3750,Electronics,1507.77
3751,Product3751,Electronics,3602.37
3752,Product3752,Home,1154.53
3753,Product3753,Books,2586.42
3754,Product3754,Home,2889.12
3755,Product3755,Sports,3325.67
3756,Product3756,Home,2981.01
3757,Product3757,Electronics,2905.68
3758,Product3758,Books,529.44
3759,Product3759,Clothing,2567.77
3760,Product3760,Electronics,4597.13
3761,Product3761,Sports,3708.09
3762,Product3762,Electronics,1603.04
3763,Product3763,Home,1756.81
3764,Product3764,Books,4923.91
3765,Product3765,Books,2428.54
3766,Product3766,Electronics,4265.74
3767,Product3767,Books,2322.76
3768,Product3768,Electronics,2138.8
3769,Product3769,Books,1046.97
3770,Product3770,Sports,2126.18
3771,Product3771,Electronics,4642.1
3772,Product3772,Sports,530.97
3773,Product3773,Electronics,2005.94
3774,Product3774,Clothing,1901.98
3775,Product3775,Clothing,132.63
3776,Product3776,Sports,787.44
3777,Product3777,Clothing,3063.75
3778,Product3778,Clothing,3519.56
3779,Product3779,Clothing,2079.87
3780,Product3780,Home,1986.24
3781,Product3781,Clothing,4631.73
3782,Product3782,Home,505.38
3783,Product3783,Books,4142.71
3784,Product3784,Clothing,2965.37
3785,Product3785,Electronics,2490.31
3786,Product3786,Books,1025.45
3787,Product3787,Clothing,1721.45
3788,Product3788,Clothing,1090.84
3789,Product3789,Home,2666.58
3790,Product3790,Clothing,3564.74
3791,Product3791,Clothing,597.48
3792,Product3792,Electronics,4985.22
3793,Product3793,Home,3105.5
3794,Product3794,Sports,1411.6
3795,Product3795,Books,3719.24
3796,Product3796,Books,2147.66
3797,Product3797,Sports,719.05
3798,Product3798,Sports,2548.19
3799,Product3799,Clothing,1654.42
3800,Product3800,Books,1905.47
3801,Product3801,Books,4196.64
3802,Product3802,Electronics,2550.93
3803,Product3803,Electronics,1847.28
3804,Product3804,Electronics,2982.82
3805,Product3805,Clothing,3681.36
3806,Product3806,Sports,3132.4
3807,Product3807,Home,3008.28
3808,Product3808,Sports,4040.04
3809,Product3809,Clothing,1453.52
3810,Product3810,Sports,4267.63
3811,Product3811,Home,4317.06
3812,Product3812,Home,2749.2
3813,Product3813,Books,3152.04
3814,Product3814,Clothing,3815.76
3815,Product3815,Books,4092.92
3816,Product3816,Home,3089.5
3817,Product3817,Sports,1938.09
3818,Product3818,Clothing,2812.57
3819,Product3819,Home,1722.04
3820,Product3820,Sports,1185.44
3821,Product3821,Sports,408.81
3822,Product3822,Home,2299.37
3823,Product3823,Electronics,795.57
3824,Product3824,Clothing,113.84
3825,Product3825,Sports,11.17
3826,Product3826,Clothing,3853.4
3827,Product3827,Home,3001.22
3828,Product3828,Home,3838.32
3829,Product3829,Books,3327.58
3830,Product3830,Books,635.57
3831,Product3831,Sports,4810.89
3832,Product3832,Home,4907.29
3833,Product3833,Electronics,3834.28
3834,Product3834,Clothing,3880.7
3835,Product3835,Sports,1110.65
3836,Product3836,Clothing,515.02
3837,Product3837,Electronics,4316.25
3838,Product3838,Electronics,3600.82
3839,Product3839,Books,952.14
3840,Product3840,Electronics,2132.33
3841,Product3841,Electronics,3677.58
3842,Product3842,Clothing,4399.01
3843,Product3843,Home,2756.22
3844,Product3844,Sports,3532.13
3845,Product3845,Electronics,213.17
3846,Product3846,Sports,2248.05
3847,Product3847,Clothing,2732.77
3848,Product3848,Home,4948.48
3849,Product3849,Sports,2314.15
3850,Product3850,Sports,2279.99
3851,Product3851,Clothing,4089.58
3852,Product3852,Sports,1035.55
3853,Product3853,Electronics,3748.17
3854,Product3854,Home,4692.16
3855,Product3855,Clothing,42.11
3856,Product3856,Electronics,3448.91
3857,Product3857,Clothing,1873.36
3858,Product3858,Sports,4808.91
3859,Product3859,Sports,4918.76
3860,Product3860,Books,3676.69
3861,Product3861,Home,2620.87
3862,Product3862,Home,4249.2
3863,Product3863,Home,667.9
3864,Product3864,Home,1824.28
3865,Product3865,Home,3175.38
3866,Product3866,Clothing,196.24
3867,Product3867,Clothing,278.0
3868,Product3868,Electronics,382.78
3869,Product3869,Sports,2113.66
3870,Product3870,Sports,4059.54
3871,Product3871,Home,629.44
3872,Product3872,Electronics,51.51
3873,Product3873,Home,1062.63
3874,Product3874,Sports,2223.47
3875,Product3875,Books,3822.15
3876,Product3876,Home,4768.9
3877,Product3877,Electronics,1752.57
3878,Product3878,Books,2858.21
3879,Product3879,Home,2929.32
3880,Product3880,Sports,75.19
3881,Product3881,Books,4239.08
3882,Product3882,Books,2528.51
3883,Product3883,Sports,4868.94
3884,Product3884,Sports,920.44
3885,Product3885,Sports,2804.63
3886,Product3886,Books,954.81
3887,Product3887,Books,4518.21
3888,Product3888,Home,4741.1
3889,Product3889,Home,1794.89
3890,Product3890,Sports,4380.77
3891,Product3891,Electronics,4814.66
3892,Product3892,Books,3864.77
3893,Product3893,Electronics,700.18
3894,Product3894,Home,3550.61
3895,Product3895,Sports,2220.07
3896,Product3896,Electronics,381.53
3897,Product3897,Books,2930.89
3898,Product3898,Electronics,4684.93
3899,Product3899,Books,3096.42
3900,Product3900,Clothing,2891.67
3901,Product3901,Sports,3809.21
3902,Product3902,Books,304.12
3903,Product3903,Books,4191.52
3904,Product3904,Books,2958.37
3905,Product3905,Home,4425.17
3906,Product3906,Clothing,4875.23
3907,Product3907,Electronics,2267.43
3908,Product3908,Electronics,3833.27
3909,Product3909,Home,1327.06
3910,Product3910,Books,4743.55
3911,Product3911,Electronics,2151.81
3912,Product3912,Home,2928.99
3913,Product3913,Books,498.81
3914,Product3914,Sports,975.49
3915,Product3915,Books,2478.15
3916,Product3916,Sports,2296.42
3917,Product3917,Books,3530.69
3918,Product3918,Clothing,3394.83
3919,Product3919,Electronics,1097.86
3920,Product3920,Clothing,4494.08
3921,Product3921,Books,1011.33
3922,Product3922,Home,3777.37
3923,Product3923,Sports,320.07
3924,Product3924,Books,4084.81
3925,Product3925,Sports,2692.86
3926,Product3926,Electronics,4347.65
3927,Product3927,Clothing,876.12
3928,Product3928,Clothing,4694.44
3929,Product3929,Sports,1406.38
3930,Product3930,Electronics,352.95
3931,Product3931,Books,2307.15
3932,Product3932,Electronics,4706.5
3933,Product3933,Clothing,2353.36
3934,Product3934,Electronics,3634.05
3935,Product3935,Electronics,3075.92
3936,Product3936,Books,674.52
3937,Product3937,Electronics,1457.72
3938,Product3938,Home,985.46
3939,Product3939,Sports,4109.6
3940,Product3940,Books,865.57
3941,Product3941,Clothing,2722.32
3942,Product3942,Home,1687.36
3943,Product3943,Clothing,4255.01
3944,Product3944,Home,2065.81
3945,Product3945,Books,2213.62
3946,Product3946,Clothing,585.59
3947,Product3947,Clothing,2832.33
3948,Product3948,Clothing,3048.14
3949,Product3949,Home,2385.44
3950,Product3950,Clothing,3295.55
3951,Product3951,Books,4047.05
3952,Product3952,Home,3707.48
3953,Product3953,Electronics,216.94
3954,Product3954,Books,3967.73
3955,Product3955,Books,950.07
3956,Product3956,Electronics,1196.14
3957,Product3957,Books,651.89
3958,Product3958,Home,2532.08
3959,Product3959,Home,4204.3
3960,Product3960,Clothing,1700.72
3961,Product3961,Sports,1026.95
3962,Product3962,Books,32.61
3963,Product3963,Home,4958.91
3964,Product3964,Home,1536.92
3965,Product3965,Books,2268.78
3966,Product3966,Home,4542.08
3967,Product3967,Home,4412.83
3968,Product3968,Home,2953.65
3969,Product3969,Clothing,3964.42
3970,Product3970,Electronics,1915.79
3971,Product3971,Electronics,3188.19
3972,Product3972,Books,3989.01
3973,Product3973,Books,1282.37
3974,Product3974,Home,4399.82
3975,Product3975,Sports,1225.27
3976,Product3976,Sports,3200.38
3977,Product3977,Electronics,2092.12
3978,Product3978,Clothing,3019.0
3979,Product3979,Clothing,2093.5
3980,Product3980,Clothing,1541.48
3981,Product3981,Sports,2297.85
3982,Product3982,Sports,2510.98
3983,Product3983,Home,1398.07
3984,Product3984,Electronics,1697.01
3985,Product3985,Sports,2675.07
3986,Product3986,Sports,17.9
3987,Product3987,Sports,1350.66
3988,Product3988,Electronics,1040.67
3989,Product3989,Books,1137.97
3990,Product3990,Electronics,1356.95
3991,Product3991,Sports,2686.52
3992,Product3992,Clothing,3487.55
3993,Product3993,Home,2555.17
3994,Product3994,Books,1308.89
3995,Product3995,Electronics,1237.04
3996,Product3996,Home,625.73
3997,Product3997,Books,104.24
3998,Product3998,Clothing,3708.47
3999,Product3999,Home,1393.44
4000,Product4000,Home,3857.75
4001,Product4001,Home,184.4
4002,Product4002,Sports,4692.46
4003,Product4003,Clothing,3632.61
4004,Product4004,Home,951.36
4005,Product4005,Home,257.87
4006,Product4006,Clothing,343.39
4007,Product4007,Electronics,1592.64
4008,Product4008,Books,2025.29
4009,Product4009,Electronics,3872.76
4010,Product4010,Electronics,4182.23
4011,Product4011,Home,266.11
4012,Product4012,Sports,1530.56
4013,Product4013,Sports,1937.7
4014,Product4014,Sports,814.45
4015,Product4015,Sports,1135.86
4016,Product4016,Home,2044.51
4017,Product4017,Books,2856.26
4018,Product4018,Home,621.35
4019,Product4019,Electronics,4816.99
4020,Product4020,Clothing,1311.45
4021,Product4021,Clothing,1773.44
4022,Product4022,Clothing,2790.73
4023,Product4023,Electronics,793.89
4024,Product4024,Home,1744.24
4025,Product4025,Clothing,572.84
4026,Product4026,Home,2681.79
4027,Product4027,Home,4121.57
4028,Product4028,Sports,677.7
4029,Product4029,Books,1052.64
4030,Product4030,Sports,8.95
4031,Product4031,Sports,4617.44
4032,Product4032,Home,1687.31
4033,Product4033,Sports,3173.91
4034,Product4034,Home,800.91
4035,Product4035,Books,1648.1
4036,Product4036,Sports,4533.45
4037,Product4037,Books,3481.07
4038,Product4038,Electronics,1533.85
4039,Product4039,Books,1625.59
4040,Product4040,Home,1833.96
4041,Product4041,Clothing,975.13
4042,Product4042,Sports,1620.51
4043,Product4043,Home,1598.18
4044,Product4044,Books,246.48
4045,Product4045,Home,3717.18
4046,Product4046,Books,3652.51
4047,Product4047,Sports,2018.7
4048,Product4048,Clothing,1772.68
4049,Product4049,Sports,1486.08
4050,Product4050,Sports,3969.76
4051,Product4051,Books,4060.41
4052,Product4052,Home,1403.26
4053,Product4053,Sports,3994.22
4054,Product4054,Electronics,1336.83
4055,Product4055,Clothing,1989.43
4056,Product4056,Books,3100.17
4057,Product4057,Books,3125.53
4058,Product4058,Sports,1936.23
4059,Product4059,Home,3116.33
4060,Product4060,Clothing,826.86
4061,Product4061,Electronics,1138.09
4062,Product4062,Clothing,3170.83
4063,Product4063,Electronics,2547.0
4064,Product4064,Books,450.58
4065,Product4065,Sports,1802.62
4066,Product4066,Electronics,1151.37
4067,Product4067,Books,4176.7
4068,Product4068,Home,3001.21
4069,Product4069,Electronics,2439.6
4070,Product4070,Home,225.74
4071,Product4071,Sports,1743.45
4072,Product4072,Books,2890.54
4073,Product4073,Books,3160.98
4074,Product4074,Electronics,3011.62
4075,Product4075,Electronics,71.03
4076,Product4076,Electronics,4854.02
4077,Product4077,Home,288.03
4078,Product4078,Home,2506.82
4079,Product4079,Sports,4313.79
4080,Product4080,Home,4288.9
4081,Product4081,Books,490.21
4082,Product4082,Home,4149.36
4083,Product4083,Electronics,1746.58
4084,Product4084,Home,3752.41
4085,Product4085,Electronics,2817.27
4086,Product4086,Sports,4270.16
4087,Product4087,Sports,420.25
4088,Product4088,Sports,4958.06
4089,Product4089,Clothing,152.98
4090,Product4090,Home,4477.78
4091,Product4091,Books,4495.31
4092,Product4092,Clothing,3325.86
4093,Product4093,Books,1943.2
4094,Product4094,Sports,4706.64
4095,Product4095,Clothing,290.52
4096,Product4096,Sports,4534.63
4097,Product4097,Clothing,3942.22
4098,Product4098,Electronics,4204.31
4099,Product4099,Clothing,3888.84
4100,Product4100,Books,1014.12
4101,Product4101,Clothing,2678.31
4102,Product4102,Books,284.24
4103,Product4103,Books,4649.86
4104,Product4104,Books,2746.53
4105,Product4105,Electronics,3377.79
4106,Product4106,Books,33.51
4107,Product4107,Books,2513.59
4108,Product4108,Electronics,1853.17
4109,Product4109,Electronics,244.75
4110,Product4110,Electronics,2864.41
4111,Product4111,Home,194.7
4112,Product4112,Sports,478.56
4113,Product4113,Books,3499.86
4114,Product4114,Sports,1760.45
4115,Product4115,Sports,787.37
4116,Product4116,Electronics,4949.99
4117,Product4117,Home,416.68
4118,Product4118,Home,2019.8
4119,Product4119,Books,3596.42
4120,Product4120,Sports,4943.71
4121,Product4121,Home,4393.45
4122,Product4122,Sports,3947.44
4123,Product4123,Sports,1650.6
4124,Product4124,Books,575.7
4125,Product4125,Home,4989.0
4126,Product4126,Home,4724.18
4127,Product4127,Clothing,1086.45
4128,Product4128,Electronics,3210.37
4129,Product4129,Clothing,3213.59
4130,Product4130,Sports,622.43
4131,Product4131,Home,2733.09
4132,Product4132,Books,623.68
4133,Product4133,Home,389.3
4134,Product4134,Clothing,2002.85
4135,Product4135,Home,4475.99
4136,Product4136,Home,3945.65
4137,Product4137,Clothing,2976.89
4138,Product4138,Electronics,2269.73
4139,Product4139,Sports,1031.21
4140,Product4140,Clothing,2886.34
4141,Product4141,Electronics,4403.16
4142,Product4142,Books,1939.35
4143,Product4143,Home,3119.8
4144,Product4144,Books,2974.6
4145,Product4145,Electronics,1810.49
4146,Product4146,Clothing,67.51
4147,Product4147,Books,4521.17
4148,Product4148,Home,4532.56
4149,Product4149,Sports,1331.29
4150,Product4150,Home,4003.68
4151,Product4151,Books,4840.78
4152,Product4152,Electronics,1312.48
4153,Product4153,Clothing,826.0
4154,Product4154,Home,2221.36
4155,Product4155,Clothing,4400.64
4156,Product4156,Sports,282.99
4157,Product4157,Clothing,1021.14
4158,Product4158,Clothing,2402.02
4159,Product4159,Books,885.63
4160,Product4160,Sports,3127.57
4161,Product4161,Clothing,238.52
4162,Product4162,Sports,692.02
4163,Product4163,Books,73.51
4164,Product4164,Clothing,1634.36
4165,Product4165,Sports,1777.19
4166,Product4166,Clothing,3977.33
4167,Product4167,Home,3272.25
4168,Product4168,Electronics,1010.16
4169,Product4169,Electronics,4711.34
4170,Product4170,Clothing,4980.46
4171,Product4171,Sports,50.63
4172,Product4172,Clothing,1209.07
4173,Product4173,Electronics,1726.5
4174,Product4174,Sports,1284.31
4175,Product4175,Books,3008.28
4176,Product4176,Clothing,4609.05
4177,Product4177,Clothing,3097.44
4178,Product4178,Electronics,4299.86
4179,Product4179,Electronics,1023.01
4180,Product4180,Books,765.34
4181,Product4181,Books,971.29
4182,Product4182,Electronics,1004.13
4183,Product4183,Electronics,4791.91
4184,Product4184,Home,4534.66
4185,Product4185,Books,4285.28
4186,Product4186,Home,2117.36
4187,Product4187,Books,1254.87
4188,Product4188,Clothing,580.41
4189,Product4189,Home,2170.3
4190,Product4190,Electronics,3704.32
4191,Product4191,Electronics,943.33
4192,Product4192,Electronics,3149.55
4193,Product4193,Books,2311.51
4194,Product4194,Clothing,4696.02
4195,Product4195,Electronics,43.25
4196,Product4196,Books,3911.01
4197,Product4197,Sports,4679.0
4198,Product4198,Books,3140.64
4199,Product4199,Sports,1059.18
4200,Product4200,Books,4506.49
4201,Product4201,Books,524.66
4202,Product4202,Books,4688.27
4203,Product4203,Clothing,301.19
4204,Product4204,Electronics,2082.73
4205,Product4205,Books,3061.3
4206,Product4206,Electronics,2918.06
4207,Product4207,Clothing,2726.44
4208,Product4208,Clothing,3684.25
4209,Product4209,Sports,533.08
4210,Product4210,Sports,839.18
4211,Product4211,Sports,798.08
4212,Product4212,Electronics,1332.39
4213,Product4213,Books,2514.06
4214,Product4214,Clothing,4779.12
4215,Product4215,Electronics,2715.03
4216,Product4216,Home,1919.54
4217,Product4217,Clothing,376.18
4218,Product4218,Electronics,3061.19
4219,Product4219,Clothing,4641.98
4220,Product4220,Sports,2047.11
4221,Product4221,Sports,4789.37
4222,Product4222,Clothing,3980.31
4223,Product4223,Clothing,1625.3
4224,Product4224,Books,1805.48
4225,Product4225,Books,1853.7
4226,Product4226,Home,4347.52
4227,Product4227,Sports,1673.75
4228,Product4228,Home,492.26
4229,Product4229,Home,604.85
4230,Product4230,Clothing,1535.89
4231,Product4231,Books,3732.1
4232,Product4232,Clothing,1918.27
4233,Product4233,Sports,2717.0
4234,Product4234,Sports,1437.52
4235,Product4235,Electronics,4620.28
4236,Product4236,Home,277.61
4237,Product4237,Books,2465.39
4238,Product4238,Sports,3602.81
4239,Product4239,Electronics,4018.19
4240,Product4240,Clothing,3081.42
4241,Product4241,Books,1245.18
4242,Product4242,Books,1264.37
4243,Product4243,Books,4221.57
4244,Product4244,Books,3913.07
4245,Product4245,Sports,4493.43
4246,Product4246,Sports,3918.84
4247,Product4247,Books,945.73
4248,Product4248,Home,4182.29
4249,Product4249,Home,1960.56
4250,Product4250,Home,4878.62
4251,Product4251,Electronics,2241.54
4252,Product4252,Home,4966.52
4253,Product4253,Home,4648.66
4254,Product4254,Home,3194.6
4255,Product4255,Electronics,352.24
4256,Product4256,Home,619.94
4257,Product4257,Home,3564.09
4258,Product4258,Home,3444.82
4259,Product4259,Home,3337.41
4260,Product4260,Sports,719.46
4261,Product4261,Sports,3614.98
4262,Product4262,Books,1482.08
4263,Product4263,Clothing,3989.91
4264,Product4264,Home,3388.17
4265,Product4265,Sports,3237.94
4266,Product4266,Clothing,1135.67
4267,Product4267,Clothing,51.14
4268,Product4268,Books,1872.06
4269,Product4269,Home,1157.78
4270,Product4270,Home,2961.44
4271,Product4271,Books,3446.35
4272,Product4272,Books,2182.22
4273,Product4273,Home,1131.87
4274,Product4274,Clothing,3254.56
4275,Product4275,Books,2416.41
4276,Product4276,Sports,2492.82
4277,Product4277,Electronics,3317.95
4278,Product4278,Home,4464.61
4279,Product4279,Clothing,1509.62
4280,Product4280,Electronics,1289.95
4281,Product4281,Electronics,3780.59
4282,Product4282,Books,91.4
4283,Product4283,Sports,1399.71
4284,Product4284,Books,2459.28
4285,Product4285,Home,4746.47
4286,Product4286,Sports,4656.88
4287,Product4287,Books,3008.87
4288,Product4288,Sports,2643.24
4289,Product4289,Books,1293.67
4290,Product4290,Clothing,2523.51
4291,Product4291,Clothing,1589.05
4292,Product4292,Sports,4475.14
4293,Product4293,Electronics,321.61
4294,Product4294,Clothing,1078.8
4295,Product4295,Home,2853.04
4296,Product4296,Sports,4009.09
4297,Product4297,Home,3129.71
4298,Product4298,Electronics,2144.39
4299,Product4299,Home,2839.29
4300,Product4300,Sports,82.98
4301,Product4301,Clothing,3260.51
4302,Product4302,Home,396.3
4303,Product4303,Books,780.88
4304,Product4304,Electronics,3360.21
4305,Product4305,Clothing,412.13
4306,Product4306,Sports,3571.52
4307,Product4307,Clothing,2812.88
4308,Product4308,Sports,1310.51
4309,Product4309,Home,2191.36
4310,Product4310,Home,4547.06
4311,Product4311,Sports,2994.97
4312,Product4312,Clothing,3244.31
4313,Product4313,Books,4517.88
4314,Product4314,Clothing,1785.98
4315,Product4315,Electronics,1985.77
4316,Product4316,Clothing,2800.18
4317,Product4317,Sports,3296.78
4318,Product4318,Electronics,2923.93
4319,Product4319,Clothing,3643.04
4320,Product4320,Electronics,999.76
4321,Product4321,Clothing,3090.47
4322,Product4322,Books,3393.53
4323,Product4323,Electronics,671.22
4324,Product4324,Electronics,1208.79
4325,Product4325,Books,3048.09
4326,Product4326,Sports,4466.57
4327,Product4327,Home,659.0
4328,Product4328,Sports,49.74
4329,Product4329,Books,3124.55
4330,Product4330,Sports,768.4
4331,Product4331,Home,2685.02
4332,Product4332,Electronics,4385.44
4333,Product4333,Clothing,4320.28
4334,Product4334,Sports,3953.22
4335,Product4335,Books,3136.17
4336,Product4336,Home,2071.49
4337,Product4337,Books,1216.36
4338,Product4338,Electronics,2507.6
4339,Product4339,Clothing,2510.05
4340,Product4340,Books,1706.28
4341,Product4341,Home,170.93
4342,Product4342,Books,252.67
4343,Product4343,Books,179.28
4344,Product4344,Sports,2202.79
4345,Product4345,Books,881.0
4346,Product4346,Electronics,3369.21
4347,Product4347,Sports,2304.17
4348,Product4348,Home,733.2
4349,Product4349,Electronics,3869.38
4350,Product4350,Home,356.43
4351,Product4351,Home,3571.11
4352,Product4352,Clothing,757.42
4353,Product4353,Home,1751.1
4354,Product4354,Home,1994.34
4355,Product4355,Sports,4677.58
4356,Product4356,Home,2598.92
4357,Product4357,Books,4084.18
4358,Product4358,Home,4291.88
4359,Product4359,Sports,4659.21
4360,Product4360,Electronics,3311.76
4361,Product4361,Electronics,4887.52
4362,Product4362,Electronics,1713.55
4363,Product4363,Clothing,2942.82
4364,Product4364,Clothing,3088.02
4365,Product4365,Books,260.02
4366,Product4366,Electronics,1587.14
4367,Product4367,Electronics,1289.07
4368,Product4368,Clothing,969.99
4369,Product4369,Books,3744.25
4370,Product4370,Clothing,3953.24
4371,Product4371,Home,324.56
4372,Product4372,Electronics,3367.01
4373,Product4373,Electronics,3029.02
4374,Product4374,Sports,4099.5
4375,Product4375,Home,3927.77
4376,Product4376,Home,4819.55
4377,Product4377,Books,4127.19
4378,Product4378,Clothing,4819.22
4379,Product4379,Books,2431.29
4380,Product4380,Sports,1357.51
4381,Product4381,Sports,4733.13
4382,Product4382,Clothing,1849.66
4383,Product4383,Sports,1839.21
4384,Product4384,Home,1965.25
4385,Product4385,Sports,1466.48
4386,Product4386,Electronics,1250.98
4387,Product4387,Home,2224.99
4388,Product4388,Home,1072.0
4389,Product4389,Clothing,787.69
4390,Product4390,Sports,3556.78
4391,Product4391,Books,1721.61
4392,Product4392,Clothing,1928.63
4393,Product4393,Books,4768.95
4394,Product4394,Clothing,4578.93
4395,Product4395,Sports,3386.08
4396,Product4396,Home,2270.42
4397,Product4397,Sports,1606.12
4398,Product4398,Electronics,3869.74
4399,Product4399,Books,3557.03
4400,Product4400,Electronics,110.17
4401,Product4401,Clothing,4085.88
4402,Product4402,Books,2213.06
4403,Product4403,Books,2699.13
4404,Product4404,Home,2182.61
4405,Product4405,Electronics,4138.59
4406,Product4406,Electronics,508.12
4407,Product4407,Sports,2720.96
4408,Product4408,Sports,1025.09
4409,Product4409,Clothing,1630.85
4410,Product4410,Books,3894.61
4411,Product4411,Clothing,1898.47
4412,Product4412,Sports,4543.9
4413,Product4413,Electronics,1849.26
4414,Product4414,Clothing,4742.75
4415,Product4415,Books,1272.21
4416,Product4416,Electronics,7.0
4417,Product4417,Home,2986.98
4418,Product4418,Sports,3203.69
4419,Product4419,Sports,1895.51
4420,Product4420,Home,4181.02
4421,Product4421,Sports,2861.91
4422,Product4422,Home,1757.63
4423,Product4423,Sports,5.22
4424,Product4424,Books,4119.13
4425,Product4425,Sports,4926.48
4426,Product4426,Electronics,3120.16
4427,Product4427,Clothing,2068.77
4428,Product4428,Books,4681.76
4429,Product4429,Clothing,1814.39
4430,Product4430,Home,2293.25
4431,Product4431,Sports,284.96
4432,Product4432,Home,308.2
4433,Product4433,Sports,4514.17
4434,Product4434,Books,3893.11
4435,Product4435,Sports,1210.02
4436,Product4436,Sports,3265.32
4437,Product4437,Sports,838.74
4438,Product4438,Electronics,3993.69
4439,Product4439,Home,410.98
4440,Product4440,Home,1137.74
4441,Product4441,Books,3548.64
4442,Product4442,Home,1582.88
4443,Product4443,Sports,4566.61
4444,Product4444,Electronics,2960.02
4445,Product4445,Home,2903.04
4446,Product4446,Electronics,3019.81
4447,Product4447,Electronics,613.09
4448,Product4448,Electronics,2833.55
4449,Product4449,Clothing,3675.07
4450,Product4450,Clothing,299.18
4451,Product4451,Clothing,1826.74
4452,Product4452,Electronics,4558.53
4453,Product4453,Sports,221.72
4454,Product4454,Books,22.09
4455,Product4455,Sports,84.16
4456,Product4456,Electronics,2628.93
4457,Product4457,Home,1092.62
4458,Product4458,Sports,4413.07
4459,Product4459,Home,583.32
4460,Product4460,Sports,3372.78
4461,Product4461,Books,1911.98
4462,Product4462,Books,4288.04
4463,Product4463,Home,3009.99
4464,Product4464,Sports,3116.29
4465,Product4465,Home,617.83
4466,Product4466,Clothing,940.76
4467,Product4467,Home,1435.72
4468,Product4468,Clothing,1838.35
4469,Product4469,Home,1697.46
4470,Product4470,Sports,1937.47
4471,Product4471,Electronics,4436.18
4472,Product4472,Books,4891.41
4473,Product4473,Books,4532.78
4474,Product4474,Electronics,3754.79
4475,Product4475,Home,379.91
4476,Product4476,Sports,1469.0
4477,Product4477,Sports,3266.13
4478,Product4478,Electronics,1647.47
4479,Product4479,Sports,3482.14
4480,Product4480,Books,4782.26
4481,Product4481,Home,2270.96
4482,Product4482,Home,34.43
4483,Product4483,Clothing,2026.13
4484,Product4484,Clothing,3365.45
4485,Product4485,Home,4762.71
4486,Product4486,Sports,4940.75
4487,Product4487,Home,92.99
4488,Product4488,Clothing,2796.11
4489,Product4489,Electronics,3232.42
4490,Product4490,Electronics,2356.91
4491,Product4491,Electronics,3623.48
4492,Product4492,Sports,2017.06
4493,Product4493,Home,3102.56
4494,Product4494,Books,670.18
4495,Product4495,Books,2891.98
4496,Product4496,Electronics,1576.33
4497,Product4497,Sports,1742.81
4498,Product4498,Books,3406.26
4499,Product4499,Clothing,3786.32
4500,Product4500,Home,3210.41
4501,Product4501,Sports,3388.94
4502,Product4502,Books,4256.48
4503,Product4503,Books,3011.25
4504,Product4504,Books,1500.02
4505,Product4505,Sports,4687.77
4506,Product4506,Electronics,4853.18
4507,Product4507,Books,1580.03
4508,Product4508,Sports,2997.36
4509,Product4509,Sports,4853.37
4510,Product4510,Electronics,1902.87
4511,Product4511,Sports,1189.05
4512,Product4512,Electronics,4212.99
4513,Product4513,Sports,938.45
4514,Product4514,Home,1732.89
4515,Product4515,Books,2076.71
4516,Product4516,Clothing,1635.74
4517,Product4517,Books,1409.85
4518,Product4518,Clothing,2962.78
4519,Product4519,Electronics,1561.77
4520,Product4520,Sports,1462.48
4521,Product4521,Home,1312.85
4522,Product4522,Electronics,471.75
4523,Product4523,Books,2031.57
4524,Product4524,Home,2321.69
4525,Product4525,Books,2433.69
4526,Product4526,Books,4173.25
4527,Product4527,Home,4514.34
4528,Product4528,Books,3467.76
4529,Product4529,Sports,2719.42
4530,Product4530,Sports,3733.98
4531,Product4531,Electronics,761.32
4532,Product4532,Books,4922.37
4533,Product4533,Electronics,1955.18
4534,Product4534,Electronics,4598.29
4535,Product4535,Home,2960.19
4536,Product4536,Electronics,4869.22
4537,Product4537,Electronics,1288.6
4538,Product4538,Books,3191.88
4539,Product4539,Home,1311.59
4540,Product4540,Home,507.89
4541,Product4541,Electronics,4574.28
4542,Product4542,Home,4176.07
4543,Product4543,Clothing,4722.85
4544,Product4544,Clothing,777.12
4545,Product4545,Home,2539.88
4546,Product4546,Books,2444.57
4547,Product4547,Sports,3346.52
4548,Product4548,Electronics,4108.18
4549,Product4549,Electronics,2089.5
4550,Product4550,Clothing,2216.65
4551,Product4551,Sports,2900.18
4552,Product4552,Books,4299.73
4553,Product4553,Home,2935.94
4554,Product4554,Books,1475.95
4555,Product4555,Books,3067.73
4556,Product4556,Clothing,2692.38
4557,Product4557,Clothing,1905.32
4558,Product4558,Electronics,4457.17
4559,Product4559,Electronics,1604.4
4560,Product4560,Home,3828.92
4561,Product4561,Home,1835.14
4562,Product4562,Sports,3890.17
4563,Product4563,Electronics,4422.21
4564,Product4564,Sports,1614.85
4565,Product4565,Sports,3770.0
4566,Product4566,Sports,796.65
4567,Product4567,Sports,758.44
4568,Product4568,Sports,2338.03
4569,Product4569,Home,1865.02
4570,Product4570,Electronics,768.81
4571,Product4571,Books,1990.16
4572,Product4572,Electronics,4387.42
4573,Product4573,Clothing,3306.87
4574,Product4574,Electronics,3444.43
4575,Product4575,Sports,2682.21
4576,Product4576,Clothing,3743.9
4577,Product4577,Books,2983.59
4578,Product4578,Clothing,2671.98
4579,Product4579,Electronics,1253.36
4580,Product4580,Sports,3081.23
4581,Product4581,Sports,2642.98
4582,Product4582,Clothing,3292.94
4583,Product4583,Books,296.39
4584,Product4584,Books,1423.18
4585,Product4585,Clothing,253.33
4586,Product4586,Sports,4608.26
4587,Product4587,Home,4087.34
4588,Product4588,Clothing,3914.29
4589,Product4589,Sports,704.39
4590,Product4590,Books,1721.15
4591,Product4591,Electronics,1136.42
4592,Product4592,Home,4750.15
4593,Product4593,Sports,3190.03
4594,Product4594,Books,2805.46
4595,Product4595,Electronics,3912.36
4596,Product4596,Electronics,770.08
4597,Product4597,Home,4978.69
4598,Product4598,Home,1525.1
4599,Product4599,Sports,867.55
4600,Product4600,Sports,838.3
4601,Product4601,Electronics,884.18
4602,Product4602,Clothing,4444.87
4603,Product4603,Books,2490.44
4604,Product4604,Electronics,4224.34
4605,Product4605,Clothing,1446.63
4606,Product4606,Home,4833.95
4607,Product4607,Clothing,3163.62
4608,Product4608,Clothing,2275.49
4609,Product4609,Sports,3294.7
4610,Product4610,Clothing,523.03
4611,Product4611,Home,1279.14
4612,Product4612,Home,1433.4
4613,Product4613,Sports,3816.94
4614,Product4614,Books,4958.83
4615,Product4615,Sports,4116.68
4616,Product4616,Books,3354.32
4617,Product4617,Home,2922.46
4618,Product4618,Clothing,4028.34
4619,Product4619,Clothing,3534.28
4620,Product4620,Books,911.18
4621,Product4621,Home,1701.83
4622,Product4622,Books,834.09
4623,Product4623,Books,4114.29
4624,Product4624,Clothing,212.19
4625,Product4625,Clothing,629.82
4626,Product4626,Electronics,3492.02
4627,Product4627,Home,2878.89
4628,Product4628,Electronics,125.07
4629,Product4629,Sports,4822.9
4630,Product4630,Home,4392.32
4631,Product4631,Electronics,356.64
4632,Product4632,Home,792.81
4633,Product4633,Home,2306.72
4634,Product4634,Books,1835.55
4635,Product4635,Electronics,4316.68
4636,Product4636,Sports,2526.21
4637,Product4637,Clothing,4953.57
4638,Product4638,Sports,567.21
4639,Product4639,Books,4586.89
4640,Product4640,Home,4568.86
4641,Product4641,Home,15.66
4642,Product4642,Home,1345.94
4643,Product4643,Electronics,4121.56
4644,Product4644,Electronics,1118.31
4645,Product4645,Clothing,1469.14
4646,Product4646,Books,3363.69
4647,Product4647,Clothing,4905.91
4648,Product4648,Home,3028.89
4649,Product4649,Books,1485.27
4650,Product4650,Electronics,243.2
4651,Product4651,Sports,1039.84
4652,Product4652,Books,3462.31
4653,Product4653,Electronics,300.04
4654,Product4654,Clothing,763.25
4655,Product4655,Sports,1514.52
4656,Product4656,Sports,1019.46
4657,Product4657,Home,2896.25
4658,Product4658,Clothing,4356.48
4659,Product4659,Home,3311.66
4660,Product4660,Electronics,4853.0
4661,Product4661,Sports,1938.68
4662,Product4662,Books,1440.29
4663,Product4663,Clothing,4581.14
4664,Product4664,Electronics,2591.64
4665,Product4665,Sports,463.4
4666,Product4666,Sports,4412.37
4667,Product4667,Clothing,2759.81
4668,Product4668,Clothing,861.86
4669,Product4669,Clothing,4760.56
4670,Product4670,Electronics,2663.66
4671,Product4671,Clothing,4162.05
4672,Product4672,Electronics,4858.0
4673,Product4673,Electronics,131.15
4674,Product4674,Clothing,3598.2
4675,Product4675,Books,4695.08
4676,Product4676,Sports,3135.42
4677,Product4677,Books,168.53
4678,Product4678,Home,4072.03
4679,Product4679,Sports,4712.39
4680,Product4680,Sports,1255.69
4681,Product4681,Electronics,1533.33
4682,Product4682,Sports,896.42
4683,Product4683,Books,3891.43
4684,Product4684,Electronics,3708.03
4685,Product4685,Clothing,3276.49
4686,Product4686,Clothing,1576.04
4687,Product4687,Sports,4540.83
4688,Product4688,Sports,1847.89
4689,Product4689,Home,2760.23
4690,Product4690,Clothing,809.07
4691,Product4691,Electronics,1621.91
4692,Product4692,Sports,397.49
4693,Product4693,Home,155.13
4694,Product4694,Electronics,631.87
4695,Product4695,Electronics,3018.82
4696,Product4696,Books,847.89
4697,Product4697,Clothing,2008.6
4698,Product4698,Electronics,2292.51
4699,Product4699,Clothing,3961.5
4700,Product4700,Clothing,480.08
4701,Product4701,Home,3389.01
4702,Product4702,Clothing,3470.59
4703,Product4703,Home,2875.26
4704,Product4704,Clothing,285.34
4705,Product4705,Electronics,2443.18
4706,Product4706,Electronics,3378.18
4707,Product4707,Books,2792.81
4708,Product4708,Electronics,2856.79
4709,Product4709,Books,2245.29
4710,Product4710,Sports,1896.62
4711,Product4711,Electronics,1953.0
4712,Product4712,Books,628.96
4713,Product4713,Home,4488.8
4714,Product4714,Electronics,2740.6
4715,Product4715,Clothing,4612.63
4716,Product4716,Home,2188.6
4717,Product4717,Electronics,4031.1
4718,Product4718,Home,4029.19
4719,Product4719,Books,3405.21
4720,Product4720,Home,2756.4
4721,Product4721,Clothing,2815.25
4722,Product4722,Electronics,4319.47
4723,Product4723,Sports,2429.24
4724,Product4724,Sports,3627.57
4725,Product4725,Clothing,3137.77
4726,Product4726,Books,1155.54
4727,Product4727,Home,41.82
4728,Product4728,Sports,3784.6
4729,Product4729,Sports,476.19
4730,Product4730,Home,1979.35
4731,Product4731,Books,2812.59
4732,Product4732,Books,2097.18
4733,Product4733,Electronics,4416.37
4734,Product4734,Books,4239.05
4735,Product4735,Clothing,4730.77
4736,Product4736,Home,1991.51
4737,Product4737,Sports,1805.88
4738,Product4738,Sports,1247.1
4739,Product4739,Electronics,3669.12
4740,Product4740,Clothing,3671.84
4741,Product4741,Sports,3964.24
4742,Product4742,Electronics,3933.59
4743,Product4743,Clothing,1911.37
4744,Product4744,Books,2623.97
4745,Product4745,Sports,1793.2
4746,Product4746,Books,2197.79
4747,Product4747,Books,64.69
4748,Product4748,Sports,2600.68
4749,Product4749,Home,2112.32
4750,Product4750,Sports,2627.76
4751,Product4751,Clothing,4781.86
4752,Product4752,Home,478.26
4753,Product4753,Clothing,4028.85
4754,Product4754,Electronics,2241.01
4755,Product4755,Home,1548.0
4756,Product4756,Clothing,3822.4
4757,Product4757,Home,4101.37
4758,Product4758,Home,1915.74
4759,Product4759,Electronics,26.88
4760,Product4760,Sports,4445.69
4761,Product4761,Sports,3994.73
4762,Product4762,Electronics,3635.29
4763,Product4763,Home,903.03
4764,Product4764,Electronics,1940.71
4765,Product4765,Books,298.13
4766,Product4766,Sports,2433.9
4767,Product4767,Books,2852.92
4768,Product4768,Home,2358.61
4769,Product4769,Sports,2570.97
4770,Product4770,Home,4768.72
4771,Product4771,Electronics,1370.79
4772,Product4772,Books,4279.48
4773,Product4773,Home,2648.55
4774,Product4774,Electronics,4984.37
4775,Product4775,Home,4583.31
4776,Product4776,Home,437.66
4777,Product4777,Electronics,2140.87
4778,Product4778,Home,1682.6
4779,Product4779,Clothing,2539.56
4780,Product4780,Clothing,1999.96
4781,Product4781,Home,3212.76
4782,Product4782,Sports,964.25
4783,Product4783,Electronics,2684.3
4784,Product4784,Home,849.05
4785,Product4785,Clothing,1191.81
4786,Product4786,Books,4777.1
4787,Product4787,Clothing,775.26
4788,Product4788,Electronics,3260.41
4789,Product4789,Books,4370.73
4790,Product4790,Electronics,2861.14
4791,Product4791,Clothing,3690.81
4792,Product4792,Electronics,4070.47
4793,Product4793,Books,3560.82
4794,Product4794,Home,1050.51
4795,Product4795,Electronics,2307.62
4796,Product4796,Sports,624.45
4797,Product4797,Books,1666.29
4798,Product4798,Home,42.08
4799,Product4799,Books,2748.67
4800,Product4800,Books,3954.62
4801,Product4801,Clothing,2538.54
4802,Product4802,Clothing,1722.2
4803,Product4803,Sports,2311.62
4804,Product4804,Sports,4719.26
4805,Product4805,Electronics,4874.3
4806,Product4806,Sports,4936.87
4807,Product4807,Sports,1040.29
4808,Product4808,Books,2317.38
4809,Product4809,Home,331.97
4810,Product4810,Electronics,1416.82
4811,Product4811,Sports,2224.57
4812,Product4812,Sports,473.37
4813,Product4813,Sports,1656.18
4814,Product4814,Home,1606.22
4815,Product4815,Home,272.2
4816,Product4816,Home,1792.81
4817,Product4817,Home,1871.62
4818,Product4818,Sports,183.89
4819,Product4819,Home,3366.78
4820,Product4820,Clothing,3479.85
4821,Product4821,Clothing,4259.36
4822,Product4822,Sports,2870.36
4823,Product4823,Electronics,3234.91
4824,Product4824,Clothing,1508.94
4825,Product4825,Electronics,478.92
4826,Product4826,Electronics,2036.82
4827,Product4827,Clothing,4760.3
4828,Product4828,Sports,782.51
4829,Product4829,Clothing,233.88
4830,Product4830,Sports,3093.62
4831,Product4831,Home,4457.33
4832,Product4832,Clothing,2002.78
4833,Product4833,Clothing,1461.17
4834,Product4834,Electronics,4222.58
4835,Product4835,Clothing,2298.66
4836,Product4836,Home,884.05
4837,Product4837,Books,3330.27
4838,Product4838,Home,1939.94
4839,Product4839,Books,2287.64
4840,Product4840,Electronics,3333.06
4841,Product4841,Clothing,282.92
4842,Product4842,Books,3155.9
4843,Product4843,Clothing,1132.24
4844,Product4844,Books,3398.81
4845,Product4845,Electronics,3566.95
4846,Product4846,Books,2894.93
4847,Product4847,Sports,1769.16
4848,Product4848,Home,4814.11
4849,Product4849,Electronics,4345.01
4850,Product4850,Sports,4348.54
4851,Product4851,Books,2471.74
4852,Product4852,Clothing,3617.66
4853,Product4853,Books,3505.1
4854,Product4854,Home,3586.16
4855,Product4855,Home,4375.58
4856,Product4856,Books,387.2
4857,Product4857,Books,2447.86
4858,Product4858,Electronics,1686.8
4859,Product4859,Clothing,1758.25
4860,Product4860,Books,4335.29
4861,Product4861,Electronics,3551.52
4862,Product4862,Home,3096.65
4863,Product4863,Books,2924.69
4864,Product4864,Electronics,1275.96
4865,Product4865,Books,1055.35
4866,Product4866,Sports,4328.85
4867,Product4867,Clothing,2064.01
4868,Product4868,Sports,1782.21
4869,Product4869,Sports,1991.38
4870,Product4870,Electronics,1180.92
4871,Product4871,Home,2304.16
4872,Product4872,Electronics,4533.67
4873,Product4873,Sports,197.54
4874,Product4874,Home,2160.98
4875,Product4875,Home,2305.95
4876,Product4876,Clothing,1114.26
4877,Product4877,Clothing,3425.62
4878,Product4878,Clothing,3643.6
4879,Product4879,Sports,979.43
4880,Product4880,Books,2301.59
4881,Product4881,Clothing,3735.83
4882,Product4882,Clothing,1635.14
4883,Product4883,Home,863.88
4884,Product4884,Books,2824.7
4885,Product4885,Sports,78.48
4886,Product4886,Home,4428.34
4887,Product4887,Sports,3175.84
4888,Product4888,Electronics,3080.27
4889,Product4889,Books,4622.23
4890,Product4890,Electronics,3105.04
4891,Product4891,Sports,3361.85
4892,Product4892,Clothing,4233.41
4893,Product4893,Electronics,2683.82
4894,Product4894,Clothing,4408.39
4895,Product4895,Electronics,4793.65
4896,Product4896,Sports,2720.44
4897,Product4897,Books,4882.46
4898,Product4898,Books,757.73
4899,Product4899,Home,2704.38
4900,Product4900,Sports,2090.15
4901,Product4901,Electronics,3495.3
4902,Product4902,Sports,959.59
4903,Product4903,Books,546.26
4904,Product4904,Sports,2543.4
4905,Product4905,Electronics,1663.42
4906,Product4906,Clothing,2006.89
4907,Product4907,Books,3012.45
4908,Product4908,Sports,1550.15
4909,Product4909,Electronics,563.98
4910,Product4910,Sports,1569.82
4911,Product4911,Clothing,4373.12
4912,Product4912,Home,1190.6
4913,Product4913,Home,1301.65
4914,Product4914,Clothing,1977.53
4915,Product4915,Electronics,2073.58
4916,Product4916,Books,3648.81
4917,Product4917,Books,2254.79
4918,Product4918,Clothing,827.6
4919,Product4919,Electronics,3616.05
4920,Product4920,Sports,3383.52
4921,Product4921,Electronics,2593.14
4922,Product4922,Sports,1358.29
4923,Product4923,Clothing,126.47
4924,Product4924,Electronics,2844.5
4925,Product4925,Sports,891.96
4926,Product4926,Sports,3779.71
4927,Product4927,Books,2481.38
4928,Product4928,Home,948.74
4929,Product4929,Books,4650.11
4930,Product4930,Electronics,3259.67
4931,Product4931,Clothing,263.0
4932,Product4932,Electronics,1148.85
4933,Product4933,Clothing,4797.23
4934,Product4934,Home,825.0
4935,Product4935,Clothing,1469.37
4936,Product4936,Electronics,1417.66
4937,Product4937,Clothing,2215.29
4938,Product4938,Books,4237.67
4939,Product4939,Home,1563.87
4940,Product4940,Books,2407.42
4941,Product4941,Books,1002.14
4942,Product4942,Clothing,2044.77
4943,Product4943,Electronics,406.68
4944,Product4944,Home,3025.84
4945,Product4945,Clothing,4122.34
4946,Product4946,Books,293.88
4947,Product4947,Books,1067.8
4948,Product4948,Electronics,725.31
4949,Product4949,Sports,4620.71
4950,Product4950,Home,1907.09
4951,Product4951,Electronics,4505.45
4952,Product4952,Books,30.38
4953,Product4953,Books,1737.05
4954,Product4954,Sports,2760.08
4955,Product4955,Clothing,689.63
4956,Product4956,Books,1652.94
4957,Product4957,Clothing,1653.35
4958,Product4958,Books,19.77
4959,Product4959,Home,413.38
4960,Product4960,Sports,3218.51
4961,Product4961,Clothing,3772.0
4962,Product4962,Clothing,1090.93
4963,Product4963,Sports,2666.83
4964,Product4964,Clothing,4957.66
4965,Product4965,Electronics,1468.2
4966,Product4966,Home,4122.12
4967,Product4967,Clothing,1525.0
4968,Product4968,Clothing,3504.68
4969,Product4969,Books,177.35
4970,Product4970,Clothing,4425.38
4971,Product4971,Home,3740.2
4972,Product4972,Electronics,1865.17
4973,Product4973,Books,3076.7
4974,Product4974,Home,4917.0
4975,Product4975,Electronics,3832.54
4976,Product4976,Electronics,2285.05
4977,Product4977,Clothing,4240.17
4978,Product4978,Sports,722.85
4979,Product4979,Home,1145.61
4980,Product4980,Sports,1056.7
4981,Product4981,Books,4369.78
4982,Product4982,Home,110.38
4983,Product4983,Clothing,2359.31
4984,Product4984,Books,2988.11
4985,Product4985,Home,1904.0
4986,Product4986,Electronics,2755.54
4987,Product4987,Sports,374.31
4988,Product4988,Sports,1232.51
4989,Product4989,Electronics,311.35
4990,Product4990,Electronics,2755.16
4991,Product4991,Electronics,956.83
4992,Product4992,Sports,4729.79
4993,Product4993,Sports,1220.92
4994,Product4994,Electronics,1056.79
4995,Product4995,Clothing,1281.04
4996,Product4996,Books,4192.07
4997,Product4997,Clothing,4525.38
4998,Product4998,Electronics,2490.25
4999,Product4999,Clothing,17.73
5000,Product5000,Sports,3473.94
