product_id,customer_id,transaction_id,amount,status,channel,transaction_date,fraud_flag
1,1973,3382,1144.06,failed,online,2025-05-01,NO
3261,30255,4174,854.24,failed,online,2025-05-01,NO
500,48523,5424,227.32,failed,online,2025-05-01,NO
968,45524,7980,1012.51,completed,online,2025-05-01,NO
1762,25887,9652,1550.67,completed,online,2025-05-01,NO
415,44183,10937,1696.47,failed,online,2025-05-01,NO
4051,15328,12630,1534.24,failed,UNKNOWN,2025-05-01,NO
1088,44253,22112,1536.05,failed,online,2025-05-01,NO
1,49610,23402,1077.06,failed,online,2025-05-01,NO
4948,41717,24123,1861.23,failed,online,2025-05-01,NO
4450,5857,26139,7964.0966465640695,failed,online,2025-05-01,NO
911,47565,27339,1938.02,completed,online,2025-05-01,NO
1,46781,33469,1923.81,completed,online,2025-05-01,NO
2497,34852,36031,769.76,completed,online,2025-05-01,NO
4585,28707,37691,1266.41,failed,online,2025-05-01,NO
1,32917,46372,1306.31,completed,online,2025-05-01,NO
1,253,52411,490.02,failed,online,2025-05-01,NO
1870,854,57782,1990.72,failed,online,2025-05-01,NO
3805,2564,59316,1685.7,failed,online,2025-05-01,NO
2871,8188,61570,694.17,completed,online,2025-05-01,NO
1,36992,61608,1788.71,failed,online,2025-05-01,NO
1,45874,64180,627.99,failed,online,2025-05-01,NO
3921,15601,68350,1044.21,failed,online,2025-05-01,NO
3904,35946,69252,246.69,completed,online,2025-05-01,NO
2687,47448,70893,515.44,completed,online,2025-05-01,NO
463,34344,71750,1973.91,failed,online,2025-05-01,NO
434,20842,76600,304.1,completed,online,2025-05-01,NO
3464,14429,77700,1604.11,completed,online,2025-05-01,NO
1,2762,77863,946.52,failed,online,2025-05-01,NO
2654,38518,78347,26.62,failed,online,2025-05-01,NO
3775,24332,78629,573.9,failed,online,2025-05-01,NO
1228,3333,80619,1583.71,failed,online,2025-05-01,NO
2942,7871,80971,1114.43,completed,online,2025-05-01,NO
3862,45606,82490,1528.83,failed,online,2025-05-01,NO
2429,48184,85304,1895.51,completed,online,2025-05-01,NO
1,40839,87169,545.12,failed,online,2025-05-01,NO
1056,49878,88686,256.34,failed,online,2025-05-01,NO
3261,2712,91174,300.53,completed,online,2025-05-01,NO
3691,29881,92843,986.78,completed,online,2025-05-01,NO
1626,10838,93032,542.55,failed,online,2025-05-01,NO
28,48278,94212,259.84,completed,online,2025-05-01,NO
3183,16767,94483,1555.84,failed,online,2025-05-01,NO
4482,31244,99208,1101.48,completed,online,2025-05-01,NO
261,30222,99435,839.52,failed,online,2025-05-01,NO
1,24567,104070,1159.0,completed,online,2025-05-01,NO
1453,23899,104254,762.28,failed,online,2025-05-01,NO
341,12079,104266,133.14,completed,online,2025-05-01,NO
3630,39848,104946,1393.11,completed,online,2025-05-01,NO
2458,25457,105365,503.17,failed,online,2025-05-01,NO
1098,15010,107212,300.48,completed,online,2025-05-01,NO
4685,14095,107961,1034.71,completed,online,2025-05-01,NO
4009,8585,109504,588.2,completed,online,2025-05-01,NO
1,42745,110429,175.77,failed,online,2025-05-01,NO
1298,3284,111216,933.42,failed,online,2025-05-01,NO
1,458,112108,1539.71,completed,online,2025-05-01,NO
4529,19383,120718,1807.13,failed,online,2025-05-01,NO
1747,32020,121365,536.89,failed,online,2025-05-01,NO
735,18995,121511,832.18,failed,online,2025-05-01,NO
1504,39908,122257,63.19,failed,online,2025-05-01,NO
3001,48582,122662,423.26,completed,online,2025-05-01,NO
3655,17822,125139,178.27,completed,online,2025-05-01,NO
337,33198,125530,86.92,failed,online,2025-05-01,NO
1204,10360,126076,1542.14,failed,online,2025-05-01,NO
887,8334,126733,792.0,failed,online,2025-05-01,NO
3784,24514,128620,1947.32,failed,online,2025-05-01,NO
3710,4638,130075,711.55,failed,online,2025-05-01,NO
1434,33808,131281,438.0,failed,online,2025-05-01,NO
1,48273,132193,1203.12,failed,online,2025-05-01,NO
63,4510,132345,1951.97,failed,online,2025-05-01,NO
3295,2682,132626,1279.23,failed,online,2025-05-01,NO
3757,33090,132741,1788.52,failed,online,2025-05-01,NO
8,9906,133683,1636.5,failed,online,2025-05-01,NO
1694,45587,134480,1664.25,failed,online,2025-05-01,NO
781,30055,135132,660.9,failed,online,2025-05-01,NO
1288,10895,135649,1682.51,completed,online,2025-05-01,NO
1,40776,136075,193.62,failed,online,2025-05-01,NO
966,35342,138622,1176.05,completed,online,2025-05-01,NO
121,25854,139649,266.17,failed,online,2025-05-01,NO
3477,35244,140769,1521.24,completed,online,2025-05-01,NO
411,24614,142685,789.65,completed,online,2025-05-01,NO
3936,1644,149438,1919.03,failed,online,2025-05-01,NO
2443,45425,737,1005.97,completed,online,2025-03-31,NO
3740,27601,784,1752.28,failed,online,2025-03-31,NO
2454,1635,2294,1694.93,failed,online,2025-03-31,NO
3531,47083,2366,639.37,completed,online,2025-03-31,NO
1723,7831,4727,486.78,completed,online,2025-03-31,NO
294,19974,4882,1818.36,failed,online,2025-03-31,NO
1,5228,6616,759.55,completed,online,2025-03-31,NO
4058,601,8152,1188.3,completed,online,2025-03-31,NO
2173,3548,8458,1856.52,failed,online,2025-03-31,NO
1549,3161,19334,1508.91,failed,online,2025-03-31,NO
799,29119,20354,1260.48,failed,online,2025-03-31,NO
1,31136,20382,1292.86,failed,online,2025-03-31,NO
108,23486,20717,730.13,completed,online,2025-03-31,NO
1527,44204,21037,1994.7,completed,online,2025-03-31,NO
288,33041,21270,1949.84,failed,online,2025-03-31,NO
767,18430,21869,1513.05,failed,online,2025-03-31,NO
3650,1074,25259,784.53,completed,online,2025-03-31,NO
1,9405,26706,1042.78,completed,online,2025-03-31,NO
1,6292,26802,1902.18,failed,online,2025-03-31,NO
10,19111,31282,1310.11,failed,online,2025-03-31,NO
736,17663,33436,1670.45,failed,online,2025-03-31,NO
1493,11515,33763,1138.13,failed,online,2025-03-31,NO
3670,41020,34759,1533.1,completed,online,2025-03-31,NO
3588,24137,37646,391.61,failed,online,2025-03-31,NO
4625,7999,38072,1430.25,completed,online,2025-03-31,NO
4331,17377,39071,36.35,failed,online,2025-03-31,NO
3628,27912,40607,810.98,failed,online,2025-03-31,NO
1487,40847,41185,1076.45,failed,online,2025-03-31,NO
1,11175,42172,339.33,completed,online,2025-03-31,NO
4751,3091,42871,15.35,completed,online,2025-03-31,NO
2853,41059,48854,1270.67,completed,online,2025-03-31,NO
2482,21620,48907,23.79,failed,online,2025-03-31,NO
213,19565,54815,24.73,failed,online,2025-03-31,NO
3133,1851,55984,1899.69,failed,online,2025-03-31,NO
3785,15387,57759,1994.86,completed,online,2025-03-31,NO
4836,79,58032,1061.69,failed,online,2025-03-31,NO
574,39103,64374,1377.68,failed,online,2025-03-31,NO
4823,47622,65291,1575.9,completed,online,2025-03-31,NO
1259,13536,66246,454.43,failed,online,2025-03-31,NO
2169,14898,72824,392.05,completed,online,2025-03-31,NO
1,29296,73320,674.63,completed,online,2025-03-31,NO
3230,9393,77932,1086.0,failed,online,2025-03-31,NO
2659,34853,78327,1237.99,failed,online,2025-03-31,NO
3272,13114,80227,802.14,failed,online,2025-03-31,NO
2279,32056,81602,377.9,failed,online,2025-03-31,NO
4666,21179,81630,1299.5,failed,online,2025-03-31,NO
2964,46131,83336,736.71,completed,online,2025-03-31,NO
2359,12932,84628,1077.1,completed,online,2025-03-31,NO
3560,44129,84785,486.79,failed,online,2025-03-31,NO
1679,19883,86546,470.44,failed,online,2025-03-31,NO
2232,20060,86707,457.47,completed,online,2025-03-31,NO
311,44274,92228,853.12,failed,online,2025-03-31,NO
3636,29205,97828,70.06,completed,online,2025-03-31,NO
1,12162,99343,214.19,completed,online,2025-03-31,NO
3550,9278,100942,1357.61,failed,online,2025-03-31,NO
3563,29654,101382,1397.19,failed,online,2025-03-31,NO
1,44535,103570,918.65,completed,online,2025-03-31,NO
2932,48937,104460,1118.6,failed,online,2025-03-31,NO
4833,31923,111343,633.26,completed,online,2025-03-31,NO
1,14665,112668,1038.43,failed,UNKNOWN,2025-03-31,NO
3621,29089,114565,1888.48,failed,online,2025-03-31,NO
2755,36423,115200,1104.06,completed,online,2025-03-31,NO
1746,28783,115236,409.59,failed,online,2025-03-31,NO
932,25924,116437,320.89,failed,online,2025-03-31,NO
1814,5115,122706,361.7,failed,online,2025-03-31,NO
1527,5513,124236,787.57,completed,online,2025-03-31,NO
1,19382,126290,1743.86,completed,online,2025-03-31,NO
4195,34266,130528,1827.1,failed,online,2025-03-31,NO
733,35183,131056,1735.8,failed,online,2025-03-31,NO
4309,35451,131744,21.4,failed,online,2025-03-31,NO
644,31635,132292,1999.43,completed,online,2025-03-31,NO
4536,30326,133245,1383.93,failed,online,2025-03-31,NO
1,13633,133704,910.96,failed,online,2025-03-31,NO
3318,34237,134435,1611.3,failed,online,2025-03-31,NO
1123,36658,135398,298.67,completed,online,2025-03-31,NO
4398,25606,136928,291.79,completed,UNKNOWN,2025-03-31,NO
1,43475,139531,1227.57,completed,online,2025-03-31,NO
1,7889,139912,1839.1,completed,online,2025-03-31,NO
1404,10549,141389,1485.14,completed,online,2025-03-31,NO
1012,46686,144597,828.79,completed,online,2025-03-31,NO
2859,18535,147684,1936.92,completed,online,2025-03-31,NO
444,14468,1228,1679.23,failed,online,2025-03-02,NO
1543,43417,1999,709.5,completed,online,2025-03-02,NO
1,31618,2063,1038.1,failed,online,2025-03-02,NO
1,15834,2818,785.31,failed,online,2025-03-02,NO
1074,27718,3542,835.96,failed,online,2025-03-02,NO
3374,37668,4685,23.44,completed,online,2025-03-02,NO
2315,11661,7307,664.69,failed,online,2025-03-02,NO
4197,48885,7999,1843.1,completed,online,2025-03-02,NO
3994,27247,13273,781.88,failed,online,2025-03-02,NO
432,7641,15080,1251.52,failed,online,2025-03-02,NO
4199,19963,15574,1779.14,failed,online,2025-03-02,NO
1127,3006,17260,235.66,failed,online,2025-03-02,NO
2953,33927,19108,1821.29,failed,online,2025-03-02,NO
4693,41752,21801,538.28,failed,UNKNOWN,2025-03-02,NO
2150,40475,22590,515.65,completed,online,2025-03-02,NO
1,30085,23432,1258.14,failed,online,2025-03-02,NO
1147,14687,27224,420.19,failed,online,2025-03-02,NO
1,43410,27408,568.44,completed,online,2025-03-02,NO
3510,21015,28368,1167.68,completed,online,2025-03-02,NO
178,38822,31272,319.35,completed,online,2025-03-02,NO
1,14987,32763,1558.82,completed,online,2025-03-02,NO
880,11191,34652,1162.06,failed,online,2025-03-02,NO
2194,6620,38844,715.81,failed,online,2025-03-02,NO
2517,44300,40977,1013.55,failed,online,2025-03-02,NO
4637,45886,43128,529.67,completed,online,2025-03-02,NO
1878,9254,43148,557.79,failed,online,2025-03-02,NO
1532,26378,43452,324.5,completed,online,2025-03-02,NO
1157,25890,46199,1268.34,failed,online,2025-03-02,NO
1,23167,46641,506.12,completed,online,2025-03-02,NO
4785,21306,47919,332.46,failed,online,2025-03-02,NO
2224,14387,48434,627.8,failed,online,2025-03-02,NO
2992,30907,48806,746.76,completed,online,2025-03-02,NO
3644,40420,51027,154.0,failed,online,2025-03-02,NO
569,45761,52306,6390.944250211723,failed,online,2025-03-02,NO
2477,39558,53869,1715.1,failed,online,2025-03-02,NO
3052,17034,55093,762.51,completed,online,2025-03-02,NO
447,40298,55836,475.96,failed,online,2025-03-02,NO
1,48134,55980,1461.46,failed,online,2025-03-02,NO
1868,39562,57136,370.57,failed,online,2025-03-02,NO
1200,21447,59546,453.1,failed,online,2025-03-02,NO
3178,25548,60547,950.81,failed,online,2025-03-02,NO
2461,35892,65259,135.14,failed,online,2025-03-02,NO
2554,5202,66416,357.93,completed,online,2025-03-02,NO
4982,35864,69214,873.71,failed,online,2025-03-02,NO
4519,8303,70449,169.94,failed,online,2025-03-02,NO
319,8077,70613,1320.41,completed,online,2025-03-02,NO
4923,9297,71665,1495.95,failed,online,2025-03-02,NO
1,40585,76566,95.69,completed,online,2025-03-02,NO
3437,22202,76956,370.72,failed,online,2025-03-02,NO
322,965,77286,1152.44,failed,online,2025-03-02,NO
4527,28176,83101,1848.37,failed,online,2025-03-02,NO
1302,43794,83285,5676.497291325044,completed,online,2025-03-02,NO
2730,46830,86417,1625.67,failed,online,2025-03-02,NO
2087,31012,92035,140.09,failed,online,2025-03-02,NO
1526,19255,92830,1327.54,failed,online,2025-03-02,NO
372,22367,97277,1048.86,failed,online,2025-03-02,NO
99,28353,98040,345.42,failed,online,2025-03-02,NO
1,30727,101807,141.45,failed,online,2025-03-02,NO
2410,47159,109173,517.76,failed,online,2025-03-02,NO
773,26400,110181,711.5,failed,online,2025-03-02,NO
1582,29164,114444,911.32,failed,online,2025-03-02,NO
1,35240,122004,1890.82,completed,online,2025-03-02,NO
2552,44959,123789,1472.98,completed,online,2025-03-02,NO
750,47325,127471,844.13,completed,online,2025-03-02,NO
1,40232,128154,260.64,completed,online,2025-03-02,NO
1,6311,129826,184.92,completed,online,2025-03-02,NO
2834,27272,130937,99.51,failed,online,2025-03-02,NO
2479,30928,131420,1608.94,completed,online,2025-03-02,NO
4611,31299,132181,1318.79,completed,UNKNOWN,2025-03-02,NO
411,24672,133329,854.7,completed,online,2025-03-02,NO
3400,39486,134008,52.46,failed,online,2025-03-02,NO
1,42057,134295,774.9,failed,online,2025-03-02,NO
1,14905,134985,1934.25,completed,online,2025-03-02,NO
4134,33270,136080,1460.81,completed,online,2025-03-02,NO
1508,40833,142969,246.14,failed,online,2025-03-02,NO
4696,20767,146401,620.78,failed,online,2025-03-02,NO
2803,11068,147345,1131.32,completed,online,2025-03-02,NO
3722,16702,147921,588.31,failed,online,2025-03-02,NO
4336,5488,148168,1433.97,completed,online,2025-03-02,NO
2990,28943,149125,702.33,completed,online,2025-03-02,NO
3215,48508,149685,1335.14,failed,online,2025-03-02,NO
342,32477,1016,1152.62,failed,online,2025-08-27,NO
294,3363,1165,1706.84,failed,online,2025-08-27,NO
3213,3798,2331,255.72,completed,online,2025-08-27,NO
952,41958,3284,220.93,completed,online,2025-08-27,NO
1,15545,3657,1341.95,failed,online,2025-08-27,NO
3718,22089,4796,350.69,completed,online,2025-08-27,NO
1,45540,8482,597.16,completed,online,2025-08-27,NO
1,21265,9153,189.21,failed,online,2025-08-27,NO
2746,10340,10527,173.41,completed,online,2025-08-27,NO
2523,43539,17639,721.85,failed,online,2025-08-27,NO
2772,38740,23583,213.94,failed,online,2025-08-27,NO
3003,2600,23739,1965.54,failed,online,2025-08-27,NO
4139,30300,33547,1644.21,failed,online,2025-08-27,NO
1,47608,35449,292.35,completed,online,2025-08-27,NO
4933,2899,36423,385.09,failed,online,2025-08-27,NO
1,3091,37135,861.42,completed,online,2025-08-27,NO
65,29980,37194,1458.8,completed,online,2025-08-27,NO
2728,41103,37210,1534.13,completed,online,2025-08-27,NO
3258,37047,38535,624.32,completed,online,2025-08-27,NO
2853,26304,40405,566.15,completed,online,2025-08-27,NO
1707,42298,46929,1118.61,completed,online,2025-08-27,NO
1,47940,50034,1323.32,failed,online,2025-08-27,NO
2289,14486,51044,790.11,completed,online,2025-08-27,NO
1677,12382,51142,1863.55,completed,online,2025-08-27,NO
3867,34040,54190,1283.7,failed,online,2025-08-27,NO
406,49475,55869,1651.5,completed,online,2025-08-27,NO
1,1046,57210,343.54,failed,online,2025-08-27,NO
4230,19208,60081,1954.17,completed,online,2025-08-27,NO
4560,27015,64019,138.86,failed,online,2025-08-27,NO
1,47135,64033,1902.78,failed,online,2025-08-27,NO
2607,48389,69723,741.67,failed,online,2025-08-27,NO
2890,46067,71114,343.0,completed,online,2025-08-27,NO
6,32547,72344,845.65,failed,online,2025-08-27,NO
82,26052,75713,1556.44,failed,online,2025-08-27,NO
152,1957,75986,392.19,completed,online,2025-08-27,NO
3810,35327,76761,1976.69,failed,online,2025-08-27,NO
3221,1678,77272,821.97,failed,UNKNOWN,2025-08-27,NO
311,10430,86014,1523.45,failed,online,2025-08-27,NO
4628,32455,86336,1207.42,completed,online,2025-08-27,NO
1,25951,89054,1421.22,completed,online,2025-08-27,NO
21,8852,89760,1074.53,failed,online,2025-08-27,NO
102,8756,91491,1976.68,completed,online,2025-08-27,NO
3496,5820,91541,688.33,failed,online,2025-08-27,NO
4997,19758,91885,1195.53,failed,online,2025-08-27,NO
614,36911,93199,469.9,completed,online,2025-08-27,NO
2910,4014,93871,796.9,failed,online,2025-08-27,NO
4935,27054,94651,830.7,completed,online,2025-08-27,NO
1893,40646,95421,291.96,completed,online,2025-08-27,NO
1948,13674,95788,1649.63,completed,online,2025-08-27,NO
3676,14538,96245,401.92,completed,online,2025-08-27,NO
1,4608,97318,614.16,completed,online,2025-08-27,NO
1175,45978,100600,203.09,failed,online,2025-08-27,NO
1682,21586,106148,656.8,completed,online,2025-08-27,NO
1,6345,106854,1804.04,completed,online,2025-08-27,NO
1720,20947,107964,1307.85,failed,online,2025-08-27,NO
1522,27177,108975,826.43,completed,online,2025-08-27,NO
2652,44317,109385,1329.42,failed,online,2025-08-27,NO
1,25491,110262,806.59,completed,online,2025-08-27,NO
1,18043,113594,123.21,completed,UNKNOWN,2025-08-27,NO
2739,43392,113850,498.3,failed,online,2025-08-27,NO
1,23593,115815,57.52,completed,online,2025-08-27,NO
4620,23479,117072,203.35,failed,online,2025-08-27,NO
1,24482,117883,1849.69,completed,online,2025-08-27,NO
1,23662,119747,1920.23,failed,online,2025-08-27,NO
370,26415,123382,935.74,failed,online,2025-08-27,NO
3781,24951,123891,1786.71,failed,online,2025-08-27,NO
2698,6706,125406,684.51,completed,online,2025-08-27,NO
3828,8689,125488,1907.75,failed,online,2025-08-27,NO
4052,37326,125522,1881.7,completed,online,2025-08-27,NO
252,15625,127446,1332.75,completed,UNKNOWN,2025-08-27,NO
4940,16124,130673,817.86,completed,online,2025-08-27,NO
1,23587,133499,1974.43,failed,online,2025-08-27,NO
320,18640,135468,551.41,failed,online,2025-08-27,NO
2345,6492,136621,1236.93,completed,online,2025-08-27,NO
1,22778,139225,842.19,failed,online,2025-08-27,NO
460,24359,140803,1882.08,completed,online,2025-08-27,NO
1,9999,142301,442.24,failed,online,2025-08-27,NO
1,29419,143431,1394.34,completed,online,2025-08-27,NO
4367,28767,144625,1952.09,completed,online,2025-08-27,NO
198,40091,145548,875.65,failed,online,2025-08-27,NO
4208,29183,148566,241.75,failed,online,2025-08-27,NO
1924,48110,805,1173.13,completed,online,2025-07-01,NO
3662,25992,1481,1193.05,completed,online,2025-07-01,NO
604,30771,3248,538.61,completed,online,2025-07-01,NO
3906,17401,8071,560.84,failed,online,2025-07-01,NO
1496,9970,8437,1056.31,failed,online,2025-07-01,NO
496,16224,9180,1300.58,failed,online,2025-07-01,NO
653,25656,9608,1520.34,completed,online,2025-07-01,NO
1109,10898,9823,553.94,completed,online,2025-07-01,NO
4892,43723,10321,320.58,completed,online,2025-07-01,NO
4427,40874,19248,1184.88,failed,online,2025-07-01,NO
3218,8532,22235,1377.66,completed,online,2025-07-01,NO
4361,27495,26329,396.07,completed,online,2025-07-01,NO
2361,33712,26900,471.24,failed,online,2025-07-01,NO
229,201,27617,1079.94,failed,online,2025-07-01,NO
1173,41876,29830,717.56,completed,online,2025-07-01,NO
1114,37155,35222,1890.7,failed,online,2025-07-01,NO
913,29458,37963,822.69,completed,online,2025-07-01,NO
2677,9769,40843,771.52,completed,online,2025-07-01,NO
4493,1219,41021,839.67,failed,online,2025-07-01,NO
2537,27549,45517,1813.46,failed,online,2025-07-01,NO
2827,22568,46321,1655.52,failed,online,2025-07-01,NO
1975,16361,51184,845.17,failed,online,2025-07-01,NO
4975,46767,52044,549.35,failed,online,2025-07-01,NO
1795,24823,58341,502.55,completed,online,2025-07-01,NO
4039,41785,58412,1849.13,failed,online,2025-07-01,NO
2781,39614,58476,1062.16,completed,online,2025-07-01,NO
1109,41697,60063,1848.27,completed,online,2025-07-01,NO
3519,35707,60910,211.23,completed,online,2025-07-01,NO
1,18989,62056,1035.86,failed,online,2025-07-01,NO
361,9492,62649,491.19,failed,online,2025-07-01,NO
4473,23801,62990,1523.67,completed,online,2025-07-01,NO
1,25804,67377,1357.35,failed,online,2025-07-01,NO
2507,28551,69170,1944.9,completed,online,2025-07-01,NO
3711,5446,69512,1623.04,failed,online,2025-07-01,NO
1,23795,72312,1659.39,failed,online,2025-07-01,NO
4834,9819,72494,1380.32,completed,online,2025-07-01,NO
4488,3499,73527,1251.25,failed,online,2025-07-01,NO
1,16255,73907,591.1,failed,online,2025-07-01,NO
1,37504,78225,1965.83,failed,online,2025-07-01,NO
3155,14395,79252,643.15,completed,online,2025-07-01,NO
1757,32333,82780,271.83,completed,online,2025-07-01,NO
3373,37377,82940,372.14,failed,online,2025-07-01,NO
1,8597,83950,714.54,completed,online,2025-07-01,NO
4893,19043,84209,1601.67,completed,online,2025-07-01,NO
1,15680,84394,1643.82,completed,online,2025-07-01,NO
3721,569,85094,1180.35,failed,online,2025-07-01,NO
1799,12152,91520,1605.54,failed,online,2025-07-01,NO
140,11496,93739,524.65,failed,online,2025-07-01,NO
1,32035,94757,1182.99,failed,online,2025-07-01,NO
1602,47817,97025,207.9,completed,online,2025-07-01,NO
2469,40989,103261,1974.28,completed,online,2025-07-01,NO
4940,30385,103680,1121.21,failed,online,2025-07-01,NO
1,33455,106868,144.8,completed,online,2025-07-01,NO
3284,5838,108650,389.16,failed,online,2025-07-01,NO
2538,45970,110683,1199.44,failed,online,2025-07-01,NO
3738,27713,111501,1667.14,completed,online,2025-07-01,NO
4372,18184,112326,819.47,completed,online,2025-07-01,NO
2348,37885,114250,764.11,completed,online,2025-07-01,NO
1,9809,114611,1189.93,completed,online,2025-07-01,NO
4067,8794,115831,996.35,completed,online,2025-07-01,NO
4374,33005,116730,130.52,failed,online,2025-07-01,NO
3002,4113,119896,972.41,completed,online,2025-07-01,NO
4333,48525,120212,643.3,failed,online,2025-07-01,NO
4303,49367,122908,641.57,failed,online,2025-07-01,NO
4571,42054,126418,779.69,failed,online,2025-07-01,NO
4056,49660,126499,474.02,completed,online,2025-07-01,NO
4232,19813,127228,1787.85,completed,online,2025-07-01,NO
4334,30284,128928,1682.13,completed,online,2025-07-01,NO
1669,37915,130189,961.78,completed,online,2025-07-01,NO
1,47500,131046,1135.18,completed,online,2025-07-01,NO
1,26183,131148,1036.55,failed,online,2025-07-01,NO
3922,36018,132348,736.34,completed,online,2025-07-01,NO
780,42311,139052,1478.67,completed,online,2025-07-01,NO
1,31119,139513,455.0,failed,online,2025-07-01,NO
4235,7663,140189,544.25,failed,online,2025-07-01,NO
1862,6716,141917,1670.67,completed,online,2025-07-01,NO
4581,48893,145640,121.65,failed,online,2025-07-01,NO
472,4987,147183,236.28,completed,online,2025-07-01,NO
1011,19700,148690,1723.68,completed,online,2025-07-01,NO
2238,10559,148956,1834.49,completed,online,2025-07-01,NO
940,42269,87,722.18,completed,online,2025-02-11,NO
1634,43957,273,873.09,failed,online,2025-02-11,NO
2566,28984,7704,766.5,completed,online,2025-02-11,NO
1072,13613,9070,71.42,completed,online,2025-02-11,NO
4145,1874,9987,42.8,failed,online,2025-02-11,NO
1,33394,10657,1820.34,failed,online,2025-02-11,NO
4435,45087,12225,1520.03,completed,online,2025-02-11,NO
4322,28156,12505,1531.63,failed,online,2025-02-11,NO
2656,38809,16123,158.38,failed,online,2025-02-11,NO
3470,6523,16577,979.35,failed,online,2025-02-11,NO
824,19732,20469,1535.18,completed,online,2025-02-11,NO
2031,39608,21621,1165.64,completed,online,2025-02-11,NO
1,2736,23112,1122.3,failed,online,2025-02-11,NO
827,32200,23436,453.55,failed,online,2025-02-11,NO
1369,7994,24874,1794.15,completed,online,2025-02-11,NO
1733,18567,25029,751.0,completed,online,2025-02-11,NO
2540,15046,25750,1461.17,completed,online,2025-02-11,NO
1,36133,27433,358.38,failed,online,2025-02-11,NO
2033,22463,29371,129.74,failed,online,2025-02-11,NO
2499,49259,30573,543.85,failed,online,2025-02-11,NO
3020,12879,38321,1936.93,completed,online,2025-02-11,NO
3275,167,40056,881.29,completed,online,2025-02-11,NO
542,13488,40615,1931.98,failed,online,2025-02-11,NO
746,28451,43913,1755.75,completed,online,2025-02-11,NO
1,47878,44575,659.35,completed,online,2025-02-11,NO
1,22946,46008,297.53,completed,online,2025-02-11,NO
1280,1997,48292,1832.58,failed,online,2025-02-11,NO
4224,48481,50883,882.92,failed,online,2025-02-11,NO
951,29145,51287,401.1,completed,online,2025-02-11,NO
2231,49976,51793,1489.75,failed,online,2025-02-11,NO
1,3623,53753,1860.62,failed,online,2025-02-11,NO
1711,11971,56782,1191.48,completed,online,2025-02-11,NO
3804,24607,58698,702.81,failed,online,2025-02-11,NO
879,5733,58714,1173.93,completed,online,2025-02-11,NO
3468,17782,58935,1537.19,completed,online,2025-02-11,NO
267,19692,65240,1273.03,completed,online,2025-02-11,NO
4569,21963,66377,1797.9,failed,online,2025-02-11,NO
4243,350,69721,57.05,failed,online,2025-02-11,NO
1,49211,72193,527.93,completed,online,2025-02-11,NO
4439,30381,73941,68.38,failed,online,2025-02-11,NO
1,22098,78710,617.36,failed,online,2025-02-11,NO
3799,33583,81340,1358.75,completed,online,2025-02-11,NO
1,17204,82377,672.48,failed,online,2025-02-11,NO
585,47570,89575,1833.37,failed,online,2025-02-11,NO
2179,2156,91464,919.39,failed,online,2025-02-11,NO
796,38240,94797,622.34,failed,online,2025-02-11,NO
451,7862,95147,1593.54,failed,online,2025-02-11,NO
2975,27798,99355,1847.65,failed,online,2025-02-11,NO
3651,4518,100144,1269.78,failed,online,2025-02-11,NO
962,28797,101854,1856.48,failed,online,2025-02-11,NO
1,21600,103079,814.23,failed,UNKNOWN,2025-02-11,NO
801,46306,103123,1184.59,failed,online,2025-02-11,NO
3251,21887,106744,1729.87,failed,online,2025-02-11,NO
2273,2684,106914,937.46,completed,online,2025-02-11,NO
1590,32125,107081,1739.61,failed,online,2025-02-11,NO
1,14668,108773,1463.3,failed,online,2025-02-11,NO
4808,15789,110419,398.64,failed,online,2025-02-11,NO
4753,39248,110432,1187.14,completed,online,2025-02-11,NO
1,39354,111252,1251.23,failed,online,2025-02-11,NO
310,9361,113486,1227.84,completed,online,2025-02-11,NO
3704,13324,115300,1473.09,completed,online,2025-02-11,NO
4511,8926,117919,387.53,completed,online,2025-02-11,NO
1121,15537,118075,1461.34,failed,online,2025-02-11,NO
1907,14211,119598,668.95,failed,online,2025-02-11,NO
3038,45473,119960,349.64,failed,online,2025-02-11,NO
2968,43708,121627,554.15,completed,online,2025-02-11,NO
1,41169,124714,1323.52,failed,online,2025-02-11,NO
4588,5609,124807,426.06,failed,online,2025-02-11,NO
4683,4255,124899,1877.26,failed,online,2025-02-11,NO
3292,36692,125511,1296.42,failed,online,2025-02-11,NO
1783,7199,127054,206.73,failed,online,2025-02-11,NO
1,46749,129415,379.82,failed,online,2025-02-11,NO
1075,13079,131223,7303.687905208983,failed,online,2025-02-11,NO
791,66,131366,881.97,failed,online,2025-02-11,NO
55,7182,133579,360.69,completed,online,2025-02-11,NO
3391,14550,133771,401.85,failed,UNKNOWN,2025-02-11,NO
385,43696,140363,157.54,completed,online,2025-02-11,NO
3688,35894,142122,1567.85,completed,online,2025-02-11,NO
3251,5656,144131,1176.23,failed,online,2025-02-11,NO
1169,32242,144874,882.56,failed,online,2025-02-11,NO
1410,20366,145603,1883.37,completed,online,2025-02-11,NO
1,49671,113,819.89,failed,online,2025-06-27,NO
4737,42882,7593,718.11,completed,online,2025-06-27,NO
1219,35803,8268,386.76,completed,online,2025-06-27,NO
860,14568,8732,62.17,completed,online,2025-06-27,NO
1342,33234,9928,243.3,completed,online,2025-06-27,NO
870,29509,10528,1431.58,completed,online,2025-06-27,NO
1,27595,13383,586.06,failed,online,2025-06-27,NO
1772,3296,16195,1813.07,completed,online,2025-06-27,NO
1674,24694,30171,454.22,failed,online,2025-06-27,NO
1715,29482,33845,597.78,failed,online,2025-06-27,NO
1905,41419,35293,1333.37,completed,online,2025-06-27,NO
3854,36262,40814,101.79,failed,online,2025-06-27,NO
2348,26973,40842,408.16,completed,online,2025-06-27,NO
4862,8453,41057,339.38,completed,online,2025-06-27,NO
555,28607,46107,1763.84,failed,online,2025-06-27,NO
2450,39237,46961,1570.35,completed,online,2025-06-27,NO
442,18197,49978,683.82,completed,online,2025-06-27,NO
1,33793,49998,1818.18,failed,online,2025-06-27,NO
1,46003,54806,741.95,completed,UNKNOWN,2025-06-27,NO
1,22214,54840,1155.33,completed,online,2025-06-27,NO
4896,6135,55926,568.52,failed,online,2025-06-27,NO
197,11828,56346,1379.75,failed,online,2025-06-27,NO
1,33585,56955,5369.807437294596,completed,online,2025-06-27,NO
1,18924,57604,9443.074156244213,completed,online,2025-06-27,NO
886,21688,57614,1752.96,failed,online,2025-06-27,NO
1,23893,59057,1124.04,failed,online,2025-06-27,NO
4162,35248,60970,652.55,completed,online,2025-06-27,NO
1,35718,62668,1883.41,failed,online,2025-06-27,NO
1,11607,66457,314.31,failed,UNKNOWN,2025-06-27,NO
912,12061,66933,1098.97,failed,online,2025-06-27,NO
1,45901,69511,1526.62,failed,online,2025-06-27,NO
1,701,70222,76.7,failed,online,2025-06-27,NO
1,415,70827,584.4,completed,online,2025-06-27,NO
2175,19535,72840,945.79,failed,online,2025-06-27,NO
3470,7994,74901,575.82,completed,online,2025-06-27,NO
641,44111,81775,934.88,completed,online,2025-06-27,NO
1,28317,82009,724.9,failed,online,2025-06-27,NO
678,30285,82759,872.96,failed,online,2025-06-27,NO
878,35340,83196,757.62,failed,online,2025-06-27,NO
3315,14031,83577,958.94,completed,online,2025-06-27,NO
1,37823,84131,1118.03,failed,online,2025-06-27,NO
2468,9922,86231,1438.95,completed,online,2025-06-27,NO
4506,43222,86880,1500.62,completed,online,2025-06-27,NO
3651,8475,86883,878.71,completed,online,2025-06-27,NO
2844,36123,87140,152.75,completed,online,2025-06-27,NO
2885,11886,87241,567.41,failed,UNKNOWN,2025-06-27,NO
3646,41630,89755,1939.66,completed,online,2025-06-27,NO
1808,34176,92075,476.1,failed,online,2025-06-27,NO
29,39261,92771,93.21,completed,online,2025-06-27,NO
2195,37368,93781,966.68,failed,online,2025-06-27,NO
2220,7220,93889,1635.7,failed,online,2025-06-27,NO
3955,34063,94016,65.94,failed,online,2025-06-27,NO
4135,13296,95136,1706.53,completed,online,2025-06-27,NO
4423,24462,96477,742.3,failed,online,2025-06-27,NO
2370,12871,97598,1450.79,completed,online,2025-06-27,NO
2231,17864,97836,1637.62,failed,online,2025-06-27,NO
1257,33685,97852,562.97,completed,online,2025-06-27,NO
2945,29222,100653,142.06,failed,online,2025-06-27,NO
1,8540,104773,1820.96,failed,online,2025-06-27,NO
3400,21597,104827,1766.04,failed,online,2025-06-27,NO
1,24325,105245,497.45,failed,online,2025-06-27,NO
1,7846,105518,761.65,failed,online,2025-06-27,NO
1378,29549,106069,515.54,failed,online,2025-06-27,NO
4265,22387,109279,416.3,failed,online,2025-06-27,NO
3113,27175,110518,412.9,completed,online,2025-06-27,NO
1,6527,110657,106.09,completed,online,2025-06-27,NO
4675,21287,114021,340.18,completed,online,2025-06-27,NO
1,390,117733,1456.43,completed,online,2025-06-27,NO
1897,43909,119268,705.46,completed,online,2025-06-27,NO
4150,39775,120664,543.77,completed,online,2025-06-27,NO
2361,11502,122275,264.16,failed,online,2025-06-27,NO
3677,33207,124763,371.36,failed,online,2025-06-27,NO
3648,42707,127176,712.59,completed,online,2025-06-27,NO
1,25330,128411,601.06,failed,online,2025-06-27,NO
406,1978,128489,1099.31,completed,online,2025-06-27,NO
611,47097,134715,1309.96,completed,online,2025-06-27,NO
3868,801,134874,637.12,completed,online,2025-06-27,NO
1421,6263,136210,1577.5,failed,online,2025-06-27,NO
2297,40370,142952,1858.27,failed,online,2025-06-27,NO
1,19090,143157,43.23,completed,online,2025-06-27,NO
1,4314,144993,1791.0,completed,online,2025-06-27,NO
1774,25303,185,1259.38,failed,online,2025-05-03,NO
1956,570,8105,1811.35,completed,online,2025-05-03,NO
4498,11767,8681,1465.38,failed,online,2025-05-03,NO
2264,25863,11543,495.97,completed,online,2025-05-03,NO
1,25415,12535,1681.46,completed,online,2025-05-03,NO
3031,19954,13368,561.9,completed,online,2025-05-03,NO
924,8740,18503,1875.2,completed,online,2025-05-03,NO
2269,35499,22787,1248.9,completed,online,2025-05-03,NO
4606,22751,23472,1586.04,failed,online,2025-05-03,NO
1,46006,27581,756.06,failed,online,2025-05-03,NO
3367,47639,28505,411.48,failed,online,2025-05-03,NO
1,34622,28796,1848.4,completed,online,2025-05-03,NO
982,1507,30218,771.58,completed,online,2025-05-03,NO
2069,49298,31037,1990.69,failed,online,2025-05-03,NO
3003,7107,32782,1323.47,completed,online,2025-05-03,NO
3307,11848,33050,1507.4,failed,online,2025-05-03,NO
1,25422,33381,1128.56,completed,online,2025-05-03,NO
3914,37953,36366,430.81,completed,online,2025-05-03,NO
661,15905,36499,480.64,completed,online,2025-05-03,NO
3028,792,37323,587.87,failed,online,2025-05-03,NO
1,29330,37448,1783.42,failed,online,2025-05-03,NO
4037,31300,37556,1342.59,completed,online,2025-05-03,NO
2852,30221,40123,591.11,failed,online,2025-05-03,NO
1378,27049,40859,177.57,completed,online,2025-05-03,NO
2743,17768,46347,308.49,completed,online,2025-05-03,NO
1900,1779,46608,510.01,completed,online,2025-05-03,NO
1,41191,49737,166.55,completed,online,2025-05-03,NO
1651,6387,52057,704.4,completed,online,2025-05-03,NO
781,2958,55258,921.01,completed,online,2025-05-03,NO
4786,39340,57490,359.68,completed,online,2025-05-03,NO
1,20152,57661,1874.52,completed,online,2025-05-03,NO
684,45006,58876,642.91,completed,online,2025-05-03,NO
1,12115,60195,1577.9,completed,online,2025-05-03,NO
4135,42288,60498,998.1,completed,online,2025-05-03,NO
1599,31282,60621,1682.15,failed,online,2025-05-03,NO
1,26890,61825,777.79,completed,online,2025-05-03,NO
61,24891,65303,1189.74,failed,online,2025-05-03,NO
156,47913,66621,1887.61,failed,online,2025-05-03,NO
1622,6601,66720,1300.77,completed,UNKNOWN,2025-05-03,NO
743,48408,67074,27.8,completed,online,2025-05-03,NO
536,12982,67157,1484.66,failed,online,2025-05-03,NO
262,1333,69580,1619.94,failed,online,2025-05-03,NO
4638,22920,71722,1341.54,failed,online,2025-05-03,NO
3024,39503,72719,1888.93,completed,online,2025-05-03,NO
4527,36260,79415,300.88,failed,online,2025-05-03,NO
1334,11157,85317,1208.14,failed,online,2025-05-03,NO
4279,27197,87014,1473.0,completed,online,2025-05-03,NO
1578,41971,89036,279.68,completed,online,2025-05-03,NO
1206,38817,89094,1059.67,completed,online,2025-05-03,NO
3968,45467,91281,453.17,completed,online,2025-05-03,NO
3512,12314,93466,1707.95,completed,online,2025-05-03,NO
1,37778,93899,266.61,completed,online,2025-05-03,NO
4700,2987,94792,323.99,completed,online,2025-05-03,NO
3558,15094,94966,1372.21,completed,online,2025-05-03,NO
3697,2641,97527,596.65,completed,online,2025-05-03,NO
2722,8984,103503,1858.96,failed,online,2025-05-03,NO
108,16016,109304,1817.07,completed,online,2025-05-03,NO
4433,45599,113793,1422.84,failed,online,2025-05-03,NO
2334,32733,119617,703.78,failed,online,2025-05-03,NO
2266,27557,120058,368.99,failed,online,2025-05-03,NO
2920,30800,120760,1591.89,completed,online,2025-05-03,NO
3995,16487,121782,1997.67,completed,online,2025-05-03,NO
2571,28316,126365,1380.65,failed,online,2025-05-03,NO
225,14080,126838,892.87,failed,online,2025-05-03,NO
279,44360,128319,678.86,completed,online,2025-05-03,NO
4260,11991,129488,669.36,failed,online,2025-05-03,NO
1916,36652,131666,71.71,completed,online,2025-05-03,NO
1224,19335,135154,1946.26,completed,online,2025-05-03,NO
1360,18561,136480,639.35,failed,online,2025-05-03,NO
4050,25018,137916,913.49,failed,online,2025-05-03,NO
1,22781,139576,834.0,completed,online,2025-05-03,NO
1000,25643,141747,1348.38,completed,online,2025-05-03,NO
797,35292,142263,608.9,completed,online,2025-05-03,NO
1,8229,142468,1207.27,completed,online,2025-05-03,NO
1,25737,142728,38.79,failed,online,2025-05-03,NO
3409,24677,143308,1130.43,failed,online,2025-05-03,NO
4757,46003,143406,316.6,failed,online,2025-05-03,NO
546,28533,145265,734.55,failed,online,2025-05-03,NO
1,7833,145422,1358.18,failed,online,2025-05-03,NO
855,2463,145507,1410.84,completed,online,2025-05-03,NO
4091,45925,761,139.46,completed,online,2025-09-14,NO
3452,34277,1901,143.23,failed,online,2025-09-14,NO
3871,17615,3637,1893.16,completed,online,2025-09-14,NO
1,17097,3715,1800.98,completed,online,2025-09-14,NO
4939,27514,4252,1319.88,completed,online,2025-09-14,NO
3286,5946,6573,963.7,failed,online,2025-09-14,NO
1357,43841,6789,1731.29,failed,online,2025-09-14,NO
2425,14439,19445,704.43,failed,online,2025-09-14,NO
2857,38927,21476,1178.66,completed,online,2025-09-14,NO
4677,37868,23645,1096.51,completed,online,2025-09-14,NO
2202,40399,29143,688.44,completed,online,2025-09-14,NO
742,31198,31193,1999.45,completed,online,2025-09-14,NO
1,13008,31452,1752.12,failed,online,2025-09-14,NO
3303,3157,34109,848.16,completed,online,2025-09-14,NO
1,36351,36205,966.17,failed,online,2025-09-14,NO
4539,609,38753,1961.01,completed,online,2025-09-14,NO
1,7719,38763,1390.25,completed,online,2025-09-14,NO
728,30440,38925,655.65,failed,online,2025-09-14,NO
2999,11196,39378,503.33,failed,online,2025-09-14,NO
4037,49008,43354,1871.77,completed,online,2025-09-14,NO
1023,3299,43927,1406.02,failed,online,2025-09-14,NO
2468,32424,45846,1396.49,completed,online,2025-09-14,NO
4370,21028,48830,1546.1,completed,online,2025-09-14,NO
2440,7614,50020,1236.32,completed,online,2025-09-14,NO
1,32725,50255,1602.96,failed,online,2025-09-14,NO
3702,12414,51456,1585.83,completed,online,2025-09-14,NO
1913,21455,51711,739.26,failed,online,2025-09-14,NO
1,29172,53193,630.95,completed,online,2025-09-14,NO
3988,39146,57191,19.83,completed,online,2025-09-14,NO
112,24916,57586,518.88,failed,online,2025-09-14,NO
2276,24967,58367,1504.71,failed,online,2025-09-14,NO
3520,25010,59639,182.94,failed,online,2025-09-14,NO
4546,21644,59684,1085.31,completed,online,2025-09-14,NO
439,9270,60184,290.65,completed,online,2025-09-14,NO
4771,48302,64310,1426.75,failed,online,2025-09-14,NO
614,317,64504,780.7,completed,online,2025-09-14,NO
173,28257,68307,1978.97,completed,online,2025-09-14,NO
1801,12102,70019,137.63,completed,online,2025-09-14,NO
2488,1219,72321,1508.51,completed,online,2025-09-14,NO
3418,49384,72402,730.46,failed,online,2025-09-14,NO
1489,26037,73450,608.96,completed,online,2025-09-14,NO
2446,21376,79225,1764.58,failed,online,2025-09-14,NO
3018,3012,79716,515.04,failed,online,2025-09-14,NO
817,31014,84305,1970.29,completed,online,2025-09-14,NO
3870,31029,84577,1655.43,failed,online,2025-09-14,NO
3508,6957,87288,1803.75,failed,online,2025-09-14,NO
2683,49414,89293,1481.36,completed,online,2025-09-14,NO
1,20787,92236,69.84,failed,online,2025-09-14,NO
1616,190,93585,1937.41,failed,online,2025-09-14,NO
332,41468,97080,309.63,failed,online,2025-09-14,NO
934,20424,97454,1810.2,completed,online,2025-09-14,NO
3221,35213,101543,458.02,completed,online,2025-09-14,NO
1250,32966,104027,563.38,completed,online,2025-09-14,NO
3834,29082,105473,1114.08,completed,online,2025-09-14,NO
1,48733,106142,1876.23,completed,online,2025-09-14,NO
4182,8604,107963,198.64,failed,online,2025-09-14,NO
1,6634,108466,1227.58,completed,online,2025-09-14,NO
77,35240,108676,1491.25,failed,online,2025-09-14,NO
2005,24736,110129,1810.84,completed,online,2025-09-14,NO
1,26863,112556,1376.75,failed,online,2025-09-14,NO
2898,34773,118411,768.07,completed,online,2025-09-14,NO
1,35350,118497,557.9,failed,online,2025-09-14,NO
1,24814,119067,1283.47,failed,online,2025-09-14,NO
473,8580,120781,1610.94,failed,online,2025-09-14,NO
3839,48045,121466,1489.05,completed,online,2025-09-14,NO
3997,3121,122626,755.26,completed,online,2025-09-14,NO
478,48301,126954,374.79,failed,online,2025-09-14,NO
1,10492,130817,266.97,completed,online,2025-09-14,NO
4964,21810,131736,1452.04,failed,online,2025-09-14,NO
1284,38742,133500,1462.7,failed,online,2025-09-14,NO
860,39100,134195,657.23,completed,online,2025-09-14,NO
4380,48178,137882,1872.23,failed,online,2025-09-14,NO
1105,38915,140713,1433.0,completed,online,2025-09-14,NO
1581,42216,141173,1840.12,failed,online,2025-09-14,NO
2451,38065,145493,539.44,completed,online,2025-09-14,NO
2361,31696,146244,1243.93,completed,online,2025-09-14,NO
2102,19693,147371,1127.38,completed,online,2025-09-14,NO
1231,5933,148210,1214.44,failed,online,2025-09-14,NO
1004,19422,148879,81.86,failed,online,2025-09-14,NO
1,42395,149771,1123.51,completed,online,2025-09-14,NO
1,49383,489,1911.67,completed,online,2025-01-04,NO
1557,38738,624,218.97,completed,online,2025-01-04,NO
3164,47037,3277,1157.29,completed,online,2025-01-04,NO
1,24930,4997,601.75,failed,online,2025-01-04,NO
1909,38205,9360,545.97,failed,online,2025-01-04,NO
3822,25388,16282,710.01,failed,online,2025-01-04,NO
2486,36740,16859,1330.51,completed,online,2025-01-04,NO
2090,38945,17850,1375.23,completed,online,2025-01-04,NO
3900,31623,19152,436.66,completed,online,2025-01-04,NO
1915,12491,21781,16.11,failed,online,2025-01-04,NO
1349,8084,22015,1508.29,completed,online,2025-01-04,NO
3943,23679,26063,281.74,failed,online,2025-01-04,NO
1,982,28345,594.91,failed,online,2025-01-04,NO
4760,43166,28727,670.76,completed,online,2025-01-04,NO
1,17333,31011,645.99,completed,online,2025-01-04,NO
1655,3027,35488,592.77,completed,online,2025-01-04,NO
3069,31182,36334,32.06,failed,online,2025-01-04,NO
588,43141,36490,1056.26,failed,online,2025-01-04,NO
1,28604,37296,1068.21,completed,online,2025-01-04,NO
4755,46692,38568,1953.58,completed,online,2025-01-04,NO
1776,27661,39815,1480.91,failed,online,2025-01-04,NO
2012,37322,42566,460.99,completed,online,2025-01-04,NO
432,20234,45596,816.99,completed,online,2025-01-04,NO
290,778,47089,206.37,completed,online,2025-01-04,NO
1342,18536,49438,460.0,completed,online,2025-01-04,NO
1,26931,49622,1659.31,completed,online,2025-01-04,NO
2995,2754,50244,1612.47,completed,online,2025-01-04,NO
1,31698,53149,132.29,completed,online,2025-01-04,NO
1,30136,56241,396.28,completed,online,2025-01-04,NO
1,11816,57232,659.32,completed,online,2025-01-04,NO
243,27064,58212,1259.75,failed,online,2025-01-04,NO
4419,19304,58545,19.56,completed,online,2025-01-04,NO
3808,48567,61148,1883.69,completed,online,2025-01-04,NO
1399,4517,61724,1125.7,completed,online,2025-01-04,NO
4923,22354,63170,1606.4,completed,online,2025-01-04,NO
3262,38838,66972,359.78,completed,online,2025-01-04,NO
1111,34554,68812,733.22,failed,online,2025-01-04,NO
552,32437,73807,1122.55,failed,online,2025-01-04,NO
4200,31381,73998,1443.48,failed,online,2025-01-04,NO
4419,43854,74574,1067.21,failed,online,2025-01-04,NO
1083,6831,76020,1016.64,completed,online,2025-01-04,NO
1,26128,76421,725.91,completed,online,2025-01-04,NO
278,48058,77498,1511.63,completed,online,2025-01-04,NO
4413,30005,77730,230.08,completed,online,2025-01-04,NO
2170,20731,80782,1864.03,completed,online,2025-01-04,NO
1,48879,83260,1646.94,completed,online,2025-01-04,NO
1,16676,83578,559.19,completed,online,2025-01-04,NO
2705,31647,83960,1369.53,completed,online,2025-01-04,NO
177,40278,85136,1594.81,failed,online,2025-01-04,NO
2876,20949,85172,696.46,completed,online,2025-01-04,NO
1,21728,86288,1073.47,failed,online,2025-01-04,NO
1,12737,86438,1651.64,failed,online,2025-01-04,NO
1815,40753,87786,765.76,failed,online,2025-01-04,NO
3158,33082,92355,984.36,completed,online,2025-01-04,NO
1766,28564,92385,1959.1,failed,online,2025-01-04,NO
1,18024,93170,1904.59,completed,online,2025-01-04,NO
3813,19507,97566,1842.04,failed,online,2025-01-04,NO
1,7144,97781,1037.16,completed,online,2025-01-04,NO
2419,28906,98212,993.87,failed,online,2025-01-04,NO
3365,13595,100106,1256.92,failed,online,2025-01-04,NO
4519,40997,100744,645.83,completed,online,2025-01-04,NO
3754,35903,101693,532.56,failed,online,2025-01-04,NO
1,5903,102564,1396.59,failed,online,2025-01-04,NO
1,18880,105146,303.83,completed,online,2025-01-04,NO
1884,6069,105154,1562.67,failed,online,2025-01-04,NO
2917,15583,107877,957.45,completed,online,2025-01-04,NO
870,4414,111693,5564.770808402101,failed,online,2025-01-04,NO
4432,16221,116918,1972.14,completed,online,2025-01-04,NO
2279,16207,127190,800.2,failed,online,2025-01-04,NO
1,48648,128139,922.59,completed,online,2025-01-04,NO
246,13853,128774,1128.38,failed,online,2025-01-04,NO
2057,8710,131427,1481.44,completed,online,2025-01-04,NO
2925,33309,133449,94.01,failed,online,2025-01-04,NO
3773,25911,141227,1039.36,completed,online,2025-01-04,NO
1656,3254,144049,1097.02,completed,online,2025-01-04,NO
808,15511,145339,1920.51,completed,online,2025-01-04,NO
857,2099,145934,879.35,failed,online,2025-01-04,NO
4111,46132,148414,605.1,failed,online,2025-01-04,NO
4586,17564,148893,854.41,failed,online,2025-01-04,NO
4477,22417,149385,1014.26,failed,online,2025-01-04,NO
1,42967,7295,662.35,completed,online,2025-04-10,NO
2065,39795,8190,268.34,failed,online,2025-04-10,NO
3608,1744,9797,1791.64,failed,online,2025-04-10,NO
1244,3570,10419,1711.11,completed,online,2025-04-10,NO
4897,38694,10988,1393.85,completed,online,2025-04-10,NO
1,29993,14055,1017.02,completed,online,2025-04-10,NO
2792,21479,15555,736.86,completed,online,2025-04-10,NO
4911,21045,17208,532.56,failed,online,2025-04-10,NO
1,27365,17610,829.02,failed,online,2025-04-10,NO
3293,8559,19870,324.83,completed,online,2025-04-10,NO
3281,13291,24370,497.31,completed,online,2025-04-10,NO
409,24163,27572,1287.37,failed,online,2025-04-10,NO
2126,12638,27614,1811.88,completed,online,2025-04-10,NO
601,49313,28785,471.42,completed,online,2025-04-10,NO
3718,31972,30685,78.18,failed,online,2025-04-10,NO
738,46688,31862,1721.6,completed,online,2025-04-10,NO
4514,42404,31984,859.28,completed,online,2025-04-10,NO
2615,44868,33066,1983.8,failed,online,2025-04-10,NO
4632,1007,35414,1314.87,completed,online,2025-04-10,NO
1,17361,38316,1964.08,completed,online,2025-04-10,NO
2830,22798,39050,250.61,completed,online,2025-04-10,NO
4159,44001,41975,1864.01,completed,online,2025-04-10,NO
4763,48468,42043,1619.54,completed,online,2025-04-10,NO
337,46828,44612,1131.84,completed,online,2025-04-10,NO
3548,434,46841,1390.7,completed,online,2025-04-10,NO
1,11622,52053,255.43,completed,online,2025-04-10,NO
1,25313,61528,690.05,completed,online,2025-04-10,NO
511,2848,62595,1493.46,failed,online,2025-04-10,NO
4103,6036,63503,552.34,failed,online,2025-04-10,NO
886,23995,65762,1756.09,completed,online,2025-04-10,NO
4567,1671,69345,1329.91,failed,online,2025-04-10,NO
4028,45562,69525,504.69,completed,online,2025-04-10,NO
1736,25806,69710,13.18,failed,online,2025-04-10,NO
4479,30231,71408,1017.75,failed,online,2025-04-10,NO
1,11404,72809,94.68,failed,online,2025-04-10,NO
1513,33423,74857,181.15,completed,online,2025-04-10,NO
3529,45048,75889,40.39,completed,online,2025-04-10,NO
2081,40240,79078,964.22,completed,online,2025-04-10,NO
4289,9812,82052,540.07,failed,online,2025-04-10,NO
2951,31970,85774,918.27,completed,online,2025-04-10,NO
3383,43078,86478,1131.8,completed,online,2025-04-10,NO
3436,11800,87022,943.92,failed,online,2025-04-10,NO
3228,27482,87362,725.74,completed,online,2025-04-10,NO
4443,19634,87948,1938.94,failed,online,2025-04-10,NO
3286,12250,91354,1342.15,failed,online,2025-04-10,NO
4174,25166,94461,305.29,completed,online,2025-04-10,NO
4419,24512,95192,1081.55,failed,online,2025-04-10,NO
3034,46539,96859,335.35,completed,online,2025-04-10,NO
1684,1401,97576,315.93,failed,online,2025-04-10,NO
4710,32345,98319,1449.34,completed,online,2025-04-10,NO
2728,8085,99312,156.74,completed,online,2025-04-10,NO
1,36223,103069,1926.13,failed,online,2025-04-10,NO
633,9386,108079,1243.13,failed,online,2025-04-10,NO
2659,28656,108600,1723.97,completed,online,2025-04-10,NO
119,2695,108878,1006.53,completed,online,2025-04-10,NO
947,6936,110058,1630.52,failed,online,2025-04-10,NO
369,18722,110063,1295.48,failed,online,2025-04-10,NO
1476,17612,111154,999.49,completed,online,2025-04-10,NO
2778,43872,111561,1239.74,completed,online,2025-04-10,NO
1,32393,114502,221.02,failed,online,2025-04-10,NO
3982,28296,115320,571.05,failed,online,2025-04-10,NO
1,7108,115542,818.34,failed,online,2025-04-10,NO
2929,10028,120677,84.7,failed,online,2025-04-10,NO
637,2557,121521,62.48,failed,online,2025-04-10,NO
3084,42086,121989,652.85,completed,online,2025-04-10,NO
1,22605,122353,1333.12,completed,online,2025-04-10,NO
1,20359,127404,297.7,completed,online,2025-04-10,NO
3636,23770,128310,528.74,failed,online,2025-04-10,NO
1356,8944,129033,137.92,failed,online,2025-04-10,NO
1502,12381,132524,1779.0,completed,online,2025-04-10,NO
750,46793,132668,1272.34,completed,online,2025-04-10,NO
4802,46225,134160,1128.94,completed,online,2025-04-10,NO
1,27210,134871,1898.32,failed,online,2025-04-10,NO
169,31508,135358,1264.55,failed,online,2025-04-10,NO
4234,10111,138224,592.46,failed,online,2025-04-10,NO
1388,7472,138727,1917.01,completed,online,2025-04-10,NO
1,40708,141597,1431.19,completed,online,2025-04-10,NO
1,10529,141618,702.64,failed,online,2025-04-10,NO
4937,27195,144794,890.79,completed,online,2025-04-10,NO
678,30987,147510,1845.19,completed,online,2025-04-10,NO
1,6095,726,1951.68,completed,online,2025-11-21,NO
1186,7362,4679,650.29,completed,online,2025-11-21,NO
3981,47058,6114,1836.54,failed,online,2025-11-21,NO
1908,38534,6205,1431.93,completed,online,2025-11-21,NO
2779,19812,7162,714.86,completed,online,2025-11-21,NO
3941,11253,7235,1995.3,completed,online,2025-11-21,NO
1,43110,7313,13.23,completed,online,2025-11-21,NO
1,28842,8183,662.23,failed,online,2025-11-21,NO
4536,45663,9708,1489.12,failed,online,2025-11-21,NO
3847,22056,11934,1462.41,completed,online,2025-11-21,NO
1,15904,12754,5032.6356792247425,failed,online,2025-11-21,NO
515,25367,14047,662.46,failed,online,2025-11-21,NO
3659,33364,14232,1336.43,completed,online,2025-11-21,NO
3012,35194,16086,1074.38,failed,online,2025-11-21,NO
3715,29294,16405,587.99,completed,online,2025-11-21,NO
3608,17737,17642,527.23,completed,online,2025-11-21,NO
2456,6759,18465,260.36,completed,online,2025-11-21,NO
2170,11579,19179,99.62,failed,online,2025-11-21,NO
3144,41036,20465,755.94,failed,online,2025-11-21,NO
4858,35516,21973,1294.46,failed,online,2025-11-21,NO
1391,30688,24186,1937.24,completed,online,2025-11-21,NO
1601,14277,28296,898.59,completed,online,2025-11-21,NO
4275,28853,33909,184.17,completed,online,2025-11-21,NO
59,40673,35728,917.92,failed,online,2025-11-21,NO
4830,29007,36722,1287.69,failed,online,2025-11-21,NO
2305,2166,38987,1104.49,completed,online,2025-11-21,NO
1983,2146,39111,835.53,failed,online,2025-11-21,NO
841,3753,40961,88.36,completed,online,2025-11-21,NO
457,46631,42209,119.95,failed,online,2025-11-21,NO
987,4167,44657,6658.284290195451,failed,online,2025-11-21,NO
2277,7761,44937,1361.0,failed,online,2025-11-21,NO
3245,2508,45728,1649.64,failed,online,2025-11-21,NO
2128,24570,48084,864.06,failed,online,2025-11-21,NO
4745,19811,48242,470.35,failed,online,2025-11-21,NO
4925,34799,49107,842.83,completed,online,2025-11-21,NO
4350,1607,51139,453.05,completed,online,2025-11-21,NO
1,23903,52102,690.16,completed,online,2025-11-21,NO
4133,48926,53607,285.58,completed,online,2025-11-21,NO
4621,15787,55534,1638.24,failed,online,2025-11-21,NO
1629,12870,57167,1119.14,failed,online,2025-11-21,NO
855,30607,57720,525.97,completed,online,2025-11-21,NO
4155,11253,60299,944.88,failed,online,2025-11-21,NO
4724,1960,61338,1815.57,completed,online,2025-11-21,NO
3853,49663,61755,1677.49,completed,online,2025-11-21,NO
4328,38584,66838,1936.03,failed,online,2025-11-21,NO
1,30031,68455,498.43,failed,online,2025-11-21,NO
1,44806,68526,939.11,failed,online,2025-11-21,NO
1484,2074,68566,110.19,completed,online,2025-11-21,NO
4058,2889,68834,348.42,failed,online,2025-11-21,NO
1527,8058,69360,340.59,failed,online,2025-11-21,NO
2547,43173,75093,1864.86,failed,online,2025-11-21,NO
798,8283,75128,1378.64,completed,online,2025-11-21,NO
553,24619,75313,1280.72,failed,online,2025-11-21,NO
165,35069,75862,404.96,failed,online,2025-11-21,NO
680,25296,77175,1219.85,failed,online,2025-11-21,NO
473,47243,77328,38.61,failed,online,2025-11-21,NO
515,48945,80591,1535.93,completed,online,2025-11-21,NO
1446,3533,87223,243.61,completed,online,2025-11-21,NO
1032,14720,88921,1066.61,completed,online,2025-11-21,NO
4857,19568,92673,1943.74,completed,online,2025-11-21,NO
3128,30996,94189,1364.88,completed,online,2025-11-21,NO
2041,4325,98937,606.28,completed,online,2025-11-21,NO
1,33579,105406,1219.36,completed,online,2025-11-21,NO
1592,4051,106362,713.99,completed,online,2025-11-21,NO
2644,48240,107269,687.39,failed,online,2025-11-21,NO
236,32749,107353,1996.2,failed,online,2025-11-21,NO
592,5974,110983,1748.44,completed,UNKNOWN,2025-11-21,NO
1935,34784,111069,1524.37,completed,online,2025-11-21,NO
55,28512,112498,649.32,failed,online,2025-11-21,NO
1648,47273,115306,1018.17,failed,online,2025-11-21,NO
3811,22557,120030,1511.53,failed,online,2025-11-21,NO
1,9361,122273,1574.76,completed,online,2025-11-21,NO
1119,46824,122561,1201.0,failed,online,2025-11-21,NO
2973,24022,129492,415.13,completed,online,2025-11-21,NO
1989,34510,131809,1688.78,failed,online,2025-11-21,NO
735,23743,135962,1758.5,completed,online,2025-11-21,NO
2464,41581,136683,860.68,completed,online,2025-11-21,NO
1,49455,140526,1288.6,failed,online,2025-11-21,NO
786,6533,141275,219.2,completed,online,2025-11-21,NO
1151,33195,144039,704.1,completed,online,2025-11-21,NO
1,36377,1474,1677.09,failed,online,2025-04-16,NO
3632,14494,4385,1748.38,failed,online,2025-04-16,NO
1,30135,6752,671.58,failed,online,2025-04-16,NO
3345,15608,6838,1200.47,completed,online,2025-04-16,NO
4663,27666,7988,855.36,failed,online,2025-04-16,NO
2222,4959,13693,914.84,completed,online,2025-04-16,NO
4159,20620,14267,483.72,completed,online,2025-04-16,NO
4256,34588,16742,1712.47,completed,online,2025-04-16,NO
1,43885,17037,418.76,failed,online,2025-04-16,NO
1,20818,18946,613.57,failed,online,2025-04-16,NO
2867,22286,25581,401.84,failed,online,2025-04-16,NO
1,40774,25657,759.56,failed,online,2025-04-16,NO
408,17494,25697,393.11,failed,online,2025-04-16,NO
1,4951,26843,1067.21,failed,online,2025-04-16,NO
3590,35731,27698,1332.96,failed,online,2025-04-16,NO
2590,30843,28377,1671.63,completed,online,2025-04-16,NO
4212,3484,32248,1515.48,failed,online,2025-04-16,NO
1233,44095,35851,1451.3,failed,online,2025-04-16,NO
3994,28340,40533,1941.2,completed,online,2025-04-16,NO
247,13679,42059,412.87,completed,online,2025-04-16,NO
3036,20234,43355,1125.12,failed,online,2025-04-16,NO
1,27198,52428,944.35,completed,online,2025-04-16,NO
566,30108,52456,1759.36,completed,online,2025-04-16,NO
1,28060,52494,822.16,failed,online,2025-04-16,NO
3244,26238,58265,155.49,completed,online,2025-04-16,NO
1728,15841,58357,354.39,completed,online,2025-04-16,NO
3534,36584,58481,668.32,completed,online,2025-04-16,NO
3274,30327,58861,538.74,completed,online,2025-04-16,NO
4279,35669,60654,1704.14,completed,online,2025-04-16,NO
670,23562,61049,8947.09169710815,completed,online,2025-04-16,NO
3011,38733,62633,193.97,failed,online,2025-04-16,NO
1,10877,62946,344.15,failed,online,2025-04-16,NO
4093,6113,63224,152.8,failed,online,2025-04-16,NO
3667,30895,65108,1934.1,completed,online,2025-04-16,NO
3907,13517,67949,1506.48,failed,online,2025-04-16,NO
4402,6185,68421,1619.22,completed,online,2025-04-16,NO
1679,15118,69164,543.6,failed,online,2025-04-16,NO
1094,18149,72134,1769.5,failed,online,2025-04-16,NO
2751,13664,78663,508.24,completed,online,2025-04-16,NO
1,43601,80089,1452.5,failed,online,2025-04-16,NO
457,983,82772,1369.14,completed,online,2025-04-16,NO
1827,21981,85851,1993.82,completed,online,2025-04-16,NO
592,19384,88834,601.97,failed,online,2025-04-16,NO
2523,2399,89737,243.94,failed,online,2025-04-16,NO
1403,18681,89880,840.9,failed,online,2025-04-16,NO
1822,25037,89995,268.41,failed,online,2025-04-16,NO
1824,4664,91911,1198.78,completed,online,2025-04-16,NO
1276,42986,94042,250.71,failed,online,2025-04-16,NO
2331,4985,94489,1385.3,failed,online,2025-04-16,NO
2831,30501,97215,408.38,completed,online,2025-04-16,NO
611,47993,97747,867.67,completed,online,2025-04-16,NO
524,4221,100335,860.32,completed,online,2025-04-16,NO
941,23138,101722,1518.94,failed,online,2025-04-16,NO
1327,40522,103222,342.19,completed,online,2025-04-16,NO
1199,7214,106381,1991.06,completed,online,2025-04-16,NO
1078,49539,106943,74.86,failed,online,2025-04-16,NO
3502,39725,106987,218.73,completed,UNKNOWN,2025-04-16,NO
1375,32782,108424,802.96,failed,online,2025-04-16,NO
1168,31289,108432,1499.31,completed,online,2025-04-16,NO
1,34991,108893,1775.6,failed,online,2025-04-16,NO
1008,40067,109688,329.62,completed,online,2025-04-16,NO
4198,16451,111048,300.75,failed,online,2025-04-16,NO
374,30011,111080,1284.82,failed,online,2025-04-16,NO
853,49673,113453,436.54,completed,online,2025-04-16,NO
2996,10091,119763,1058.57,failed,online,2025-04-16,NO
1678,40705,120616,1923.49,completed,online,2025-04-16,NO
563,36240,121902,1042.0,completed,online,2025-04-16,NO
1,6125,123910,705.25,failed,online,2025-04-16,NO
2143,16707,126747,1223.29,completed,online,2025-04-16,NO
4903,20655,127136,284.52,completed,online,2025-04-16,NO
2711,41477,127495,312.95,failed,online,2025-04-16,NO
2050,22763,129082,921.78,completed,online,2025-04-16,NO
4566,47127,133675,676.78,completed,online,2025-04-16,NO
481,3295,133995,1909.81,completed,online,2025-04-16,NO
2455,15466,134911,691.61,completed,online,2025-04-16,NO
3200,19722,137107,1959.39,failed,online,2025-04-16,NO
4564,4097,138281,1487.36,completed,online,2025-04-16,NO
797,13834,142670,943.51,failed,online,2025-04-16,NO
1077,20933,144825,572.23,completed,online,2025-04-16,NO
1,33096,149307,1347.92,failed,online,2025-04-16,NO
1,45235,1298,1817.2,failed,online,2025-02-04,NO
69,23119,6833,220.85,completed,UNKNOWN,2025-02-04,NO
1841,46904,7524,481.97,completed,online,2025-02-04,NO
3090,25983,11658,1287.57,completed,online,2025-02-04,NO
1183,22190,22433,1828.79,failed,online,2025-02-04,NO
4181,44129,25033,1346.35,completed,online,2025-02-04,NO
1,20130,26478,61.13,failed,UNKNOWN,2025-02-04,NO
4246,42786,26981,1502.57,completed,online,2025-02-04,NO
1,1030,27622,1135.5,failed,online,2025-02-04,NO
3626,43298,32823,1501.23,failed,online,2025-02-04,NO
1,15626,33736,1677.07,failed,online,2025-02-04,NO
3763,2224,34096,1609.87,completed,online,2025-02-04,NO
4001,33073,36241,910.23,completed,online,2025-02-04,NO
3187,6148,36811,1828.17,completed,online,2025-02-04,NO
748,1377,37938,1758.07,completed,online,2025-02-04,NO
1752,42535,44808,1270.02,completed,online,2025-02-04,NO
1,27499,45899,1570.39,failed,online,2025-02-04,NO
2753,28041,47115,1801.19,completed,online,2025-02-04,NO
4937,28216,48949,339.73,failed,online,2025-02-04,NO
553,15501,49087,208.87,failed,online,2025-02-04,NO
1014,44068,50602,991.77,failed,online,2025-02-04,NO
1414,23807,50850,386.7,completed,online,2025-02-04,NO
1009,25362,52714,1462.88,failed,online,2025-02-04,NO
525,929,56091,1290.33,failed,online,2025-02-04,NO
1,3538,56279,1065.8,failed,online,2025-02-04,NO
4621,49752,62487,1751.36,completed,online,2025-02-04,NO
1,13100,63758,1582.05,completed,online,2025-02-04,NO
528,495,65156,1318.0,failed,online,2025-02-04,NO
2972,957,66466,1253.05,completed,online,2025-02-04,NO
2221,15826,67120,1978.6,failed,online,2025-02-04,NO
395,27725,71940,1037.57,completed,UNKNOWN,2025-02-04,NO
3841,35410,74500,662.37,failed,online,2025-02-04,NO
1319,17101,75534,1615.01,completed,online,2025-02-04,NO
1,3534,78083,1629.37,failed,UNKNOWN,2025-02-04,NO
541,9485,80800,386.06,completed,online,2025-02-04,NO
1,8728,81568,1051.54,completed,online,2025-02-04,NO
2928,19628,82705,1567.59,completed,online,2025-02-04,NO
1,43434,82725,1271.12,failed,online,2025-02-04,NO
1589,8923,84389,1378.54,completed,online,2025-02-04,NO
2017,25825,89226,527.55,completed,online,2025-02-04,NO
1126,14502,90863,1516.99,failed,online,2025-02-04,NO
1534,7528,91195,157.04,completed,online,2025-02-04,NO
2708,33754,91972,1486.38,failed,online,2025-02-04,NO
1359,38011,92669,485.9,completed,online,2025-02-04,NO
325,14523,93943,617.31,failed,online,2025-02-04,NO
522,34870,94246,274.76,failed,online,2025-02-04,NO
1,10688,95403,908.22,failed,online,2025-02-04,NO
1156,28420,95578,153.38,failed,online,2025-02-04,NO
1,40928,95641,257.92,failed,online,2025-02-04,NO
4903,31899,96185,518.61,completed,online,2025-02-04,NO
2495,46864,97991,218.76,completed,online,2025-02-04,NO
3211,4848,102054,1682.64,completed,online,2025-02-04,NO
126,38886,102326,19.97,failed,online,2025-02-04,NO
4825,33420,103465,337.33,completed,online,2025-02-04,NO
556,35381,105978,1391.13,failed,online,2025-02-04,NO
4359,9343,106202,285.29,failed,online,2025-02-04,NO
3903,17165,106262,1467.42,failed,online,2025-02-04,NO
455,12999,112434,1918.32,failed,online,2025-02-04,NO
4047,23036,112952,1429.87,failed,online,2025-02-04,NO
1,36262,115827,1413.31,failed,online,2025-02-04,NO
738,47121,115881,1129.14,completed,online,2025-02-04,NO
4146,14858,119335,659.7,completed,online,2025-02-04,NO
3192,34403,119842,320.3,completed,online,2025-02-04,NO
3857,31423,121330,288.7,completed,online,2025-02-04,NO
2252,44888,123106,1733.16,completed,online,2025-02-04,NO
343,49974,127832,253.61,completed,online,2025-02-04,NO
1,20778,128184,1200.32,failed,online,2025-02-04,NO
3231,46715,129392,268.51,failed,online,2025-02-04,NO
2336,3254,130478,898.28,completed,online,2025-02-04,NO
2245,40342,131052,883.39,completed,online,2025-02-04,NO
2850,30097,131597,34.67,completed,online,2025-02-04,NO
4768,29089,134787,170.98,failed,online,2025-02-04,NO
131,43034,136059,8623.397010593299,failed,online,2025-02-04,NO
2126,16480,136074,601.02,failed,online,2025-02-04,NO
3270,31012,136183,65.81,completed,online,2025-02-04,NO
3600,1492,136562,1855.66,failed,online,2025-02-04,NO
2731,33482,138588,195.59,completed,online,2025-02-04,NO
377,13878,140636,1448.53,completed,online,2025-02-04,NO
1,33324,142911,1890.42,completed,online,2025-02-04,NO
4075,8704,143840,774.94,failed,online,2025-02-04,NO
4500,35453,473,1181.0,completed,online,2025-04-10,NO
1,1016,2577,470.33,failed,online,2025-04-10,NO
600,35046,4524,401.54,failed,online,2025-04-10,NO
1295,6536,13050,1054.98,failed,online,2025-04-10,NO
1,4530,17276,1897.33,failed,online,2025-04-10,NO
1,10795,23413,742.02,failed,online,2025-04-10,NO
4661,31859,26942,1032.54,completed,online,2025-04-10,NO
1,32732,30014,1748.11,failed,online,2025-04-10,NO
3075,46176,32929,813.23,completed,online,2025-04-10,NO
1,11127,33041,604.23,failed,online,2025-04-10,NO
1,34154,33072,661.83,failed,UNKNOWN,2025-04-10,NO
4646,14718,36146,16.6,completed,online,2025-04-10,NO
1183,9275,38268,497.4,failed,online,2025-04-10,NO
1006,9226,46899,1764.11,failed,online,2025-04-10,NO
1,2867,47109,342.67,completed,online,2025-04-10,NO
2567,31018,47732,1122.21,failed,online,2025-04-10,NO
460,5228,49655,792.26,completed,online,2025-04-10,NO
71,7070,49839,1253.21,failed,online,2025-04-10,NO
1,976,53431,1910.93,completed,online,2025-04-10,NO
62,568,57824,411.83,completed,online,2025-04-10,NO
2253,36424,60533,9470.644787250116,completed,online,2025-04-10,NO
1,27193,61113,1948.42,completed,online,2025-04-10,NO
3922,27516,61877,373.75,completed,online,2025-04-10,NO
2932,30356,62236,1519.47,completed,online,2025-04-10,NO
3039,5692,62821,1149.97,failed,online,2025-04-10,NO
2705,40805,63230,1673.51,completed,online,2025-04-10,NO
3679,27256,64866,1728.02,completed,online,2025-04-10,NO
3259,24208,69117,71.3,completed,online,2025-04-10,NO
1,31651,69461,1808.93,completed,online,2025-04-10,NO
2621,44303,69733,937.89,failed,online,2025-04-10,NO
626,47598,70472,925.88,failed,online,2025-04-10,NO
2432,15587,74657,713.0,completed,online,2025-04-10,NO
4697,39537,74891,133.49,failed,online,2025-04-10,NO
2406,28024,76381,1133.54,failed,online,2025-04-10,NO
2175,33681,77163,1393.21,failed,online,2025-04-10,NO
3590,21113,78458,153.22,completed,online,2025-04-10,NO
2298,6067,80243,425.11,failed,online,2025-04-10,NO
240,30130,81148,318.63,completed,online,2025-04-10,NO
1,21937,81813,470.02,failed,online,2025-04-10,NO
1,45731,88809,574.56,completed,online,2025-04-10,NO
741,8608,93695,1271.85,completed,online,2025-04-10,NO
709,24007,94579,1850.19,completed,UNKNOWN,2025-04-10,NO
1254,14720,97805,21.44,completed,online,2025-04-10,NO
4025,3063,99240,667.66,failed,online,2025-04-10,NO
3718,28556,100427,383.88,failed,online,2025-04-10,NO
4292,32374,100769,1189.83,completed,online,2025-04-10,NO
1,41916,101642,978.13,completed,online,2025-04-10,NO
3534,44706,103451,1522.03,completed,online,2025-04-10,NO
2553,9383,105418,1765.5,failed,online,2025-04-10,NO
1,4881,107128,685.76,completed,online,2025-04-10,NO
1525,17779,107310,1501.39,completed,online,2025-04-10,NO
4509,19624,107842,756.48,completed,online,2025-04-10,NO
2246,45612,108426,1992.22,failed,online,2025-04-10,NO
18,17,109573,1142.5,completed,online,2025-04-10,NO
1,49654,111175,733.1,failed,online,2025-04-10,NO
1713,48848,112263,1368.24,completed,online,2025-04-10,NO
1218,47189,117840,854.84,failed,online,2025-04-10,NO
1,32797,120000,534.35,completed,online,2025-04-10,NO
4230,31878,121880,1959.31,completed,online,2025-04-10,NO
3702,35066,122824,1746.41,completed,online,2025-04-10,NO
2057,15879,123388,1296.47,completed,online,2025-04-10,NO
840,48397,123488,1287.46,failed,online,2025-04-10,NO
3519,10840,124300,1074.7,completed,online,2025-04-10,NO
4509,25531,124654,343.09,failed,online,2025-04-10,NO
4828,27428,126025,959.41,completed,online,2025-04-10,NO
1626,5987,126063,1906.3,failed,online,2025-04-10,NO
3992,14805,127911,1530.7,completed,online,2025-04-10,NO
3096,16097,128708,748.99,failed,online,2025-04-10,NO
1429,38885,129012,1496.15,failed,online,2025-04-10,NO
371,38725,129230,10.27,failed,online,2025-04-10,NO
2135,10635,130100,583.36,completed,online,2025-04-10,NO
4000,16689,133674,751.25,completed,online,2025-04-10,NO
1087,11141,135447,153.95,failed,online,2025-04-10,NO
1,1799,137891,1967.1,completed,online,2025-04-10,NO
1530,41889,139390,189.37,completed,online,2025-04-10,NO
1775,13139,139953,508.34,completed,online,2025-04-10,NO
1,37629,143322,1957.63,completed,online,2025-04-10,NO
1,1689,145429,1569.75,completed,online,2025-04-10,NO
656,8397,146130,467.54,failed,online,2025-04-10,NO
2073,18420,148190,1544.1,completed,online,2025-04-10,NO
1,15432,1087,1930.61,failed,online,2025-12-23,NO
4993,18316,2760,144.29,completed,online,2025-12-23,NO
1,9569,4041,1765.84,completed,online,2025-12-23,NO
970,45753,6714,823.88,completed,online,2025-12-23,NO
1,17858,6729,1997.0,completed,online,2025-12-23,NO
1002,23143,6884,1773.84,completed,online,2025-12-23,NO
1,3500,8445,876.91,completed,online,2025-12-23,NO
4949,27810,9885,1049.7,completed,online,2025-12-23,NO
1,2756,12123,1147.16,failed,online,2025-12-23,NO
2341,14668,13057,1037.89,failed,online,2025-12-23,NO
569,42699,15473,1145.08,completed,online,2025-12-23,NO
1,29119,17155,244.89,failed,online,2025-12-23,NO
1,15386,17179,1987.51,completed,online,2025-12-23,NO
2168,8908,18514,681.19,completed,online,2025-12-23,NO
1,40427,19030,301.14,failed,online,2025-12-23,NO
4451,20322,19987,348.97,failed,online,2025-12-23,NO
439,2960,21666,1777.74,completed,online,2025-12-23,NO
2329,35227,22125,529.85,failed,online,2025-12-23,NO
715,26322,23930,508.97,failed,online,2025-12-23,NO
4841,8835,27389,1498.28,completed,online,2025-12-23,NO
2431,1857,29625,1286.38,completed,online,2025-12-23,NO
1084,16124,30436,366.46,failed,online,2025-12-23,NO
2244,3751,31252,1786.01,failed,online,2025-12-23,NO
4402,8838,31791,864.44,completed,online,2025-12-23,NO
490,5988,34214,904.31,completed,online,2025-12-23,NO
502,10407,34316,1532.15,failed,online,2025-12-23,NO
4215,30238,35352,194.54,completed,online,2025-12-23,NO
1055,46614,37632,919.12,completed,online,2025-12-23,NO
1426,13161,38292,1165.09,failed,online,2025-12-23,NO
125,49333,39402,323.05,failed,online,2025-12-23,NO
2784,25465,40042,832.04,completed,online,2025-12-23,NO
3812,3797,41741,552.99,failed,online,2025-12-23,NO
4743,29758,41999,1678.91,failed,online,2025-12-23,NO
854,28299,42298,203.08,completed,online,2025-12-23,NO
1,30408,42418,1521.93,failed,online,2025-12-23,NO
1,11796,43820,320.67,failed,online,2025-12-23,NO
1,25415,44662,722.28,completed,online,2025-12-23,NO
2317,29650,46966,58.79,completed,online,2025-12-23,NO
3218,16625,48730,627.58,completed,online,2025-12-23,NO
680,36215,49710,41.92,failed,online,2025-12-23,NO
1,15972,55967,818.66,completed,online,2025-12-23,NO
2226,7911,56694,1064.41,completed,UNKNOWN,2025-12-23,NO
2204,14205,66342,1635.77,completed,online,2025-12-23,NO
1272,28173,68683,1372.27,completed,online,2025-12-23,NO
3314,34413,69973,158.1,failed,online,2025-12-23,NO
3117,3859,70720,264.82,completed,online,2025-12-23,NO
1,10037,72128,1959.11,failed,online,2025-12-23,NO
4305,27139,72717,1498.88,completed,online,2025-12-23,NO
1,25267,74345,1948.3,completed,online,2025-12-23,NO
1,17166,75694,1444.37,failed,online,2025-12-23,NO
1283,467,81539,1680.7,failed,online,2025-12-23,NO
1,11972,81878,913.85,completed,online,2025-12-23,NO
1,45564,83936,1672.05,failed,online,2025-12-23,NO
868,46661,84014,818.55,completed,online,2025-12-23,NO
2883,36653,84889,301.14,completed,online,2025-12-23,NO
1542,11175,85793,1831.83,failed,online,2025-12-23,NO
2853,26643,91395,1182.02,failed,online,2025-12-23,NO
1656,47421,93273,34.33,failed,online,2025-12-23,NO
236,36394,93583,559.91,failed,online,2025-12-23,NO
4429,23729,94970,1718.71,completed,online,2025-12-23,NO
3883,35234,95261,1813.2,failed,online,2025-12-23,NO
2598,44454,98321,406.46,failed,online,2025-12-23,NO
2285,26282,105949,1100.73,completed,online,2025-12-23,NO
903,5728,106357,312.24,completed,online,2025-12-23,NO
678,48158,107091,901.58,completed,online,2025-12-23,NO
182,45873,108747,1180.52,completed,online,2025-12-23,NO
595,6902,117680,809.0,completed,online,2025-12-23,NO
2197,31388,117933,30.31,completed,online,2025-12-23,NO
874,7669,120487,173.49,failed,online,2025-12-23,NO
485,30065,120901,567.14,failed,online,2025-12-23,NO
4436,3209,122546,1915.25,completed,online,2025-12-23,NO
561,22826,126074,144.15,failed,online,2025-12-23,NO
2281,1194,127621,448.28,failed,online,2025-12-23,NO
1,34427,131186,620.76,failed,online,2025-12-23,NO
593,17975,132518,496.83,completed,online,2025-12-23,NO
4341,17173,138165,927.31,completed,online,2025-12-23,NO
3852,30488,140943,81.36,completed,online,2025-12-23,NO
177,44033,144964,981.57,failed,online,2025-12-23,NO
575,15636,148213,752.83,failed,online,2025-12-23,NO
1,45493,148214,1902.38,completed,online,2025-12-23,NO
1,32984,149788,477.44,completed,online,2025-12-23,NO
2230,43649,52,1931.82,failed,online,2025-02-17,NO
1,31493,2810,1376.04,failed,online,2025-02-17,NO
199,40186,3625,1370.2,completed,online,2025-02-17,NO
1011,15339,6171,1958.48,failed,online,2025-02-17,NO
1,20782,6578,1001.29,completed,online,2025-02-17,NO
3706,5303,9040,908.53,completed,online,2025-02-17,NO
1,32959,10108,437.46,failed,online,2025-02-17,NO
2852,12822,11990,908.32,completed,online,2025-02-17,NO
1,29973,16187,536.81,completed,online,2025-02-17,NO
3062,37565,21546,1346.16,failed,online,2025-02-17,NO
3289,46983,21887,941.89,failed,online,2025-02-17,NO
3081,37892,25102,31.72,completed,online,2025-02-17,NO
2087,5991,25265,1840.1,failed,online,2025-02-17,NO
634,47114,27406,991.7,failed,online,2025-02-17,NO
1,30253,28025,1376.52,failed,UNKNOWN,2025-02-17,NO
3770,9042,30175,157.38,completed,online,2025-02-17,NO
355,26247,36038,1569.19,completed,online,2025-02-17,NO
1,34923,37281,1477.65,completed,online,2025-02-17,NO
2654,43927,37326,814.34,completed,online,2025-02-17,NO
1,15523,39657,924.57,failed,online,2025-02-17,NO
4015,43004,41571,693.92,failed,online,2025-02-17,NO
3950,11703,42715,176.08,failed,online,2025-02-17,NO
633,33838,46243,1224.95,completed,online,2025-02-17,NO
3797,46300,46257,515.17,failed,online,2025-02-17,NO
1793,9695,47547,275.8,failed,online,2025-02-17,NO
4602,12340,47842,916.77,failed,online,2025-02-17,NO
128,27559,50737,1013.17,failed,online,2025-02-17,NO
4004,4547,51015,961.72,failed,online,2025-02-17,NO
1,15584,51504,1785.84,failed,online,2025-02-17,NO
4755,12076,52314,1938.69,failed,online,2025-02-17,NO
401,17659,57282,142.19,completed,online,2025-02-17,NO
2219,21936,58146,259.14,failed,online,2025-02-17,NO
4035,18544,58601,1531.89,completed,online,2025-02-17,NO
2318,15240,67241,85.57,completed,online,2025-02-17,NO
2729,10682,67606,120.1,failed,online,2025-02-17,NO
1,14435,68275,206.41,completed,online,2025-02-17,NO
100,18788,70852,1668.47,failed,online,2025-02-17,NO
4201,33100,75505,322.47,completed,online,2025-02-17,NO
4786,1102,78574,1176.16,completed,online,2025-02-17,NO
3624,41843,79509,1514.59,failed,online,2025-02-17,NO
1,48351,80215,1679.87,completed,online,2025-02-17,NO
507,22942,80919,47.92,completed,online,2025-02-17,NO
1855,6474,81405,1713.82,failed,online,2025-02-17,NO
2424,3334,83256,915.86,failed,online,2025-02-17,NO
2187,30979,83863,1891.17,failed,online,2025-02-17,NO
1452,14452,88609,1056.37,failed,online,2025-02-17,NO
2471,48144,88842,484.91,failed,online,2025-02-17,NO
2713,49533,89249,1770.76,failed,online,2025-02-17,NO
1994,1586,90676,169.72,failed,online,2025-02-17,NO
4470,10363,93042,1675.76,completed,online,2025-02-17,NO
3846,45161,93789,1173.77,completed,online,2025-02-17,NO
2700,1766,94175,44.45,completed,online,2025-02-17,NO
2068,15603,95255,245.13,completed,online,2025-02-17,NO
537,24418,96530,1142.32,completed,online,2025-02-17,NO
239,27205,96861,1919.72,completed,online,2025-02-17,NO
3532,4125,98864,1117.93,failed,online,2025-02-17,NO
1328,41461,101260,875.07,failed,online,2025-02-17,NO
573,41844,101305,1941.56,failed,online,2025-02-17,NO
2743,37453,102341,1773.69,failed,UNKNOWN,2025-02-17,NO
1,18214,102408,76.55,failed,online,2025-02-17,NO
1,26067,104433,858.63,failed,online,2025-02-17,NO
3012,42493,108013,123.33,failed,online,2025-02-17,NO
3380,23869,110306,528.74,failed,online,2025-02-17,NO
1,44303,113708,884.5,failed,online,2025-02-17,NO
1858,22571,115703,179.69,failed,online,2025-02-17,NO
3293,2733,120010,178.41,completed,online,2025-02-17,NO
2914,38400,123383,1453.44,completed,online,2025-02-17,NO
4581,39945,124531,644.54,failed,online,2025-02-17,NO
2103,21566,125184,735.48,completed,online,2025-02-17,NO
1287,13625,126630,1211.11,failed,online,2025-02-17,NO
4590,29436,127493,1684.01,failed,online,2025-02-17,NO
4548,2335,127871,142.46,completed,online,2025-02-17,NO
1487,25582,131331,1570.6,failed,online,2025-02-17,NO
927,33361,131637,277.16,completed,online,2025-02-17,NO
1,14244,134940,589.24,failed,online,2025-02-17,NO
1,47058,138125,142.27,failed,online,2025-02-17,NO
2058,44681,140380,1900.66,completed,online,2025-02-17,NO
1,24284,142846,1531.41,completed,online,2025-02-17,NO
1997,4195,143403,1218.32,failed,online,2025-02-17,NO
2695,28171,149284,603.85,failed,online,2025-02-17,NO
2530,22546,149602,652.8,completed,online,2025-02-17,NO
1201,49475,3196,1493.69,completed,online,2025-06-15,NO
675,35746,11243,1344.38,failed,online,2025-06-15,NO
2592,33111,11330,898.23,failed,online,2025-06-15,NO
1,21400,11352,1391.09,completed,online,2025-06-15,NO
3279,10392,14128,709.52,completed,online,2025-06-15,NO
1,47230,14436,1496.91,completed,online,2025-06-15,NO
1374,21152,14656,726.02,failed,online,2025-06-15,NO
4768,32123,15604,1507.15,failed,online,2025-06-15,NO
772,551,16348,692.42,failed,online,2025-06-15,NO
2530,44943,19396,709.59,failed,online,2025-06-15,NO
2257,29903,21145,593.77,failed,online,2025-06-15,NO
1,44006,23669,809.35,completed,online,2025-06-15,NO
1,7357,24189,411.25,failed,online,2025-06-15,NO
1,42234,24900,619.14,completed,online,2025-06-15,NO
3736,44071,24915,1124.91,completed,online,2025-06-15,NO
1,31016,32636,266.31,failed,online,2025-06-15,NO
2145,25033,32706,41.44,completed,online,2025-06-15,NO
4670,12603,33166,544.44,failed,online,2025-06-15,NO
4625,3425,33333,564.84,failed,online,2025-06-15,NO
316,29523,37832,1311.36,completed,online,2025-06-15,NO
3629,47250,38234,1394.98,failed,online,2025-06-15,NO
4099,32471,38886,853.09,completed,online,2025-06-15,NO
1,38132,40304,605.09,failed,online,2025-06-15,NO
4988,46577,40477,857.87,completed,online,2025-06-15,NO
1396,44696,46477,1198.29,failed,online,2025-06-15,NO
2643,13153,49914,1592.03,completed,online,2025-06-15,NO
3512,5283,52332,1239.75,completed,online,2025-06-15,NO
1657,37426,60993,924.59,failed,online,2025-06-15,NO
3138,46197,61643,1150.15,completed,online,2025-06-15,NO
2742,25774,64493,1164.09,completed,online,2025-06-15,NO
2128,33472,65110,1422.13,completed,online,2025-06-15,NO
1,23733,66582,686.46,completed,online,2025-06-15,NO
4257,1587,66884,70.38,failed,online,2025-06-15,NO
1,19555,67060,1673.63,completed,online,2025-06-15,NO
1,5123,67870,1510.57,failed,online,2025-06-15,NO
2705,13446,70097,1957.13,failed,online,2025-06-15,NO
739,15858,70305,59.36,completed,online,2025-06-15,NO
3881,44087,71703,1653.56,failed,online,2025-06-15,NO
2475,47021,71865,1242.28,failed,online,2025-06-15,NO
1,15535,72720,1263.09,completed,online,2025-06-15,NO
375,10389,74556,852.47,failed,online,2025-06-15,NO
3537,8499,75439,688.75,completed,online,2025-06-15,NO
3984,23310,82229,101.36,completed,online,2025-06-15,NO
588,37048,82974,570.74,failed,online,2025-06-15,NO
716,31938,88522,6839.791351467864,failed,online,2025-06-15,NO
2311,14318,89567,102.71,failed,online,2025-06-15,NO
4421,43710,89571,1063.28,failed,online,2025-06-15,NO
1,40369,90276,1447.31,failed,online,2025-06-15,NO
1422,38144,92050,1232.84,failed,online,2025-06-15,NO
4187,19311,93575,1682.15,failed,online,2025-06-15,NO
2156,37419,94524,380.24,failed,online,2025-06-15,NO
982,3568,94869,1747.21,completed,online,2025-06-15,NO
4384,39739,102861,227.85,completed,online,2025-06-15,NO
3682,40987,105839,1366.05,failed,online,2025-06-15,NO
3226,24193,107050,1654.47,failed,online,2025-06-15,NO
1,9294,107288,905.91,failed,online,2025-06-15,NO
553,40405,108236,1797.77,failed,online,2025-06-15,NO
1438,16351,108754,1035.82,completed,online,2025-06-15,NO
2199,27987,112189,612.07,completed,online,2025-06-15,NO
2519,31732,112541,1850.5,failed,online,2025-06-15,NO
4557,2382,113375,861.15,completed,online,2025-06-15,NO
1,39517,115388,387.69,completed,online,2025-06-15,NO
4646,42852,121901,1302.79,completed,online,2025-06-15,NO
4113,44790,123266,1406.04,completed,online,2025-06-15,NO
815,17466,124057,841.43,failed,online,2025-06-15,NO
4705,4517,124834,1479.02,failed,online,2025-06-15,NO
1325,13313,128475,678.72,completed,online,2025-06-15,NO
3858,45920,129319,762.52,completed,online,2025-06-15,NO
1086,5330,132188,397.36,completed,online,2025-06-15,NO
4833,29702,133577,1798.97,completed,online,2025-06-15,NO
1646,12535,138286,960.7,failed,online,2025-06-15,NO
1,22861,139208,843.94,completed,online,2025-06-15,NO
763,47263,142807,963.4,failed,online,2025-06-15,NO
3900,11561,143605,698.25,failed,online,2025-06-15,NO
1564,27309,145393,226.01,failed,online,2025-06-15,NO
4629,43821,145979,1081.17,completed,online,2025-06-15,NO
1470,6964,146360,1499.11,failed,online,2025-06-15,NO
4567,43316,147818,1809.53,failed,online,2025-06-15,NO
3851,14408,148916,440.19,failed,online,2025-06-15,NO
4521,5179,149525,313.05,failed,online,2025-06-15,NO
581,31280,1651,473.13,failed,online,2025-05-18,NO
313,4638,2196,179.48,failed,online,2025-05-18,NO
115,37150,3281,252.81,completed,online,2025-05-18,NO
1,19869,3923,1615.93,failed,online,2025-05-18,NO
1,31341,7275,41.88,completed,online,2025-05-18,NO
26,42907,9622,1183.58,completed,online,2025-05-18,NO
4452,4214,10697,104.9,completed,online,2025-05-18,NO
2759,37480,11181,53.83,failed,online,2025-05-18,NO
2514,26237,11631,84.75,failed,online,2025-05-18,NO
2222,36104,11755,913.23,failed,online,2025-05-18,NO
551,21227,14620,871.17,completed,online,2025-05-18,NO
4000,42725,18052,1328.17,failed,online,2025-05-18,NO
382,26566,18590,1343.5,failed,online,2025-05-18,NO
2501,27018,20228,1759.35,completed,online,2025-05-18,NO
1,10163,21348,663.76,failed,online,2025-05-18,NO
4674,20778,23862,1511.51,completed,online,2025-05-18,NO
2951,15551,25057,1397.91,completed,UNKNOWN,2025-05-18,NO
1,7308,25113,956.95,failed,online,2025-05-18,NO
4075,24681,26536,737.66,completed,online,2025-05-18,NO
520,40289,28844,1160.42,completed,online,2025-05-18,NO
3655,30375,29267,1263.86,failed,online,2025-05-18,NO
3074,36341,29710,1822.58,failed,online,2025-05-18,NO
2397,2435,37001,1013.51,failed,online,2025-05-18,NO
505,21229,38617,508.31,completed,online,2025-05-18,NO
3874,3125,38794,1843.84,completed,online,2025-05-18,NO
2617,40476,43606,136.89,completed,online,2025-05-18,NO
3222,23668,44155,267.97,failed,online,2025-05-18,NO
1489,17637,45797,1091.69,failed,online,2025-05-18,NO
1276,29175,47413,41.9,completed,online,2025-05-18,NO
1,49203,48809,1487.25,completed,online,2025-05-18,NO
3306,49001,51198,1927.16,completed,online,2025-05-18,NO
2996,22856,52270,143.64,completed,UNKNOWN,2025-05-18,NO
2384,10197,52900,1306.92,failed,online,2025-05-18,NO
4327,21057,53137,1943.75,failed,online,2025-05-18,NO
2711,1220,58597,819.97,completed,online,2025-05-18,NO
1,46436,65643,378.01,completed,online,2025-05-18,NO
1,22836,74603,1121.68,failed,online,2025-05-18,NO
2804,45339,75642,5652.965507246476,failed,online,2025-05-18,NO
1,25483,77938,770.76,failed,online,2025-05-18,NO
2038,751,86463,822.25,failed,online,2025-05-18,NO
1,27424,87302,937.66,completed,online,2025-05-18,NO
4958,38447,87937,1121.87,failed,online,2025-05-18,NO
1,16904,88678,1914.26,completed,online,2025-05-18,NO
70,1331,89463,686.82,failed,online,2025-05-18,NO
149,32459,89887,1940.02,completed,online,2025-05-18,NO
3066,40136,91762,762.88,completed,online,2025-05-18,NO
1,11968,91976,1674.35,failed,online,2025-05-18,NO
4315,14212,93252,477.35,completed,online,2025-05-18,NO
1,22643,95023,1356.75,completed,online,2025-05-18,NO
1242,35856,96130,364.36,failed,online,2025-05-18,NO
643,28235,98882,1026.84,failed,online,2025-05-18,NO
1,46262,101421,808.54,completed,online,2025-05-18,NO
1,42765,101696,1691.03,failed,online,2025-05-18,NO
3084,44027,104492,976.52,failed,online,2025-05-18,NO
3951,10062,106197,473.32,completed,online,2025-05-18,NO
773,31296,107234,71.65,failed,online,2025-05-18,NO
1,6041,108108,341.78,failed,online,2025-05-18,NO
1,37211,111572,1230.6,failed,online,2025-05-18,NO
4826,49091,111809,106.74,failed,online,2025-05-18,NO
2734,27722,112197,1399.89,failed,online,2025-05-18,NO
2230,1222,112200,151.63,failed,online,2025-05-18,NO
77,14098,113577,199.21,failed,online,2025-05-18,NO
466,25466,113642,1051.31,completed,online,2025-05-18,NO
1,48596,113921,259.34,completed,online,2025-05-18,NO
2746,7730,116025,240.59,failed,online,2025-05-18,NO
1,2543,118173,37.5,completed,online,2025-05-18,NO
4539,17740,119034,886.49,failed,online,2025-05-18,NO
1,27551,120655,1812.33,failed,online,2025-05-18,NO
4500,6813,124077,1428.02,completed,online,2025-05-18,NO
2509,16730,124841,39.1,failed,online,2025-05-18,NO
1,18217,125638,369.69,failed,online,2025-05-18,NO
130,6337,126177,1501.99,completed,online,2025-05-18,NO
1266,5094,129687,299.31,completed,online,2025-05-18,NO
4752,48603,131513,1577.52,failed,online,2025-05-18,NO
4573,38939,133165,1541.73,completed,online,2025-05-18,NO
4017,28940,133285,701.78,failed,online,2025-05-18,NO
1,23204,135828,641.12,completed,online,2025-05-18,NO
1,26774,141611,219.79,failed,online,2025-05-18,NO
697,20668,142375,94.88,failed,online,2025-05-18,NO
2803,20089,143193,1048.01,completed,online,2025-05-18,NO
1,29474,143700,1748.48,completed,UNKNOWN,2025-05-18,NO
1,16147,499,1013.07,completed,online,2025-10-30,NO
1,17345,2221,746.86,failed,online,2025-10-30,NO
4862,28394,6814,603.6,completed,online,2025-10-30,NO
1,16367,7064,1415.13,failed,online,2025-10-30,NO
1038,38105,8934,1892.81,completed,online,2025-10-30,NO
948,507,11797,994.67,failed,online,2025-10-30,NO
2454,40569,15860,638.55,completed,UNKNOWN,2025-10-30,NO
1,14635,16349,1818.69,completed,online,2025-10-30,NO
1,3423,17994,597.63,failed,online,2025-10-30,NO
144,19558,21803,1215.03,completed,online,2025-10-30,NO
2537,21886,22203,771.19,failed,online,2025-10-30,NO
708,13545,22762,175.34,completed,online,2025-10-30,NO
732,19895,23194,1379.57,completed,online,2025-10-30,NO
583,148,24147,1409.62,failed,online,2025-10-30,NO
4947,49075,25187,1720.38,failed,online,2025-10-30,NO
3839,23829,29012,992.42,failed,online,2025-10-30,NO
3368,33980,29390,1976.04,completed,online,2025-10-30,NO
3387,6810,29750,1574.85,failed,online,2025-10-30,NO
2754,39425,41244,248.2,failed,online,2025-10-30,NO
184,12116,45005,595.45,failed,online,2025-10-30,NO
3133,24086,49514,290.36,failed,online,2025-10-30,NO
1,22992,51983,468.2,completed,online,2025-10-30,NO
4922,15966,52343,272.37,completed,online,2025-10-30,NO
1562,12575,53532,1231.46,failed,online,2025-10-30,NO
809,39342,54228,1916.18,completed,online,2025-10-30,NO
1,37883,54657,1097.09,failed,online,2025-10-30,NO
3010,32352,54744,698.16,failed,online,2025-10-30,NO
1,48039,55032,1460.58,completed,online,2025-10-30,NO
3827,17129,57230,418.57,failed,online,2025-10-30,NO
3386,1268,58372,1854.73,completed,online,2025-10-30,NO
4202,21144,60770,1845.72,failed,online,2025-10-30,NO
1,2904,60991,1685.57,failed,online,2025-10-30,NO
1,34310,62147,942.82,completed,online,2025-10-30,NO
1,11646,63613,1430.87,completed,online,2025-10-30,NO
1,31157,65849,827.26,failed,online,2025-10-30,NO
1197,37970,68413,625.83,completed,online,2025-10-30,NO
1680,31358,69976,1936.52,failed,UNKNOWN,2025-10-30,NO
1,24094,72738,633.15,completed,online,2025-10-30,NO
2893,19472,73446,1907.64,failed,online,2025-10-30,NO
2273,27120,73513,1522.17,failed,online,2025-10-30,NO
4392,41571,74980,1854.96,completed,online,2025-10-30,NO
2252,33553,77133,1037.35,completed,online,2025-10-30,NO
1,2946,77382,527.9,completed,online,2025-10-30,NO
1,17043,77605,499.7,completed,online,2025-10-30,NO
3872,8852,80305,221.58,completed,online,2025-10-30,NO
2981,24651,83635,1239.05,completed,online,2025-10-30,NO
22,107,86185,543.47,completed,online,2025-10-30,NO
3994,11729,89437,1097.93,failed,online,2025-10-30,NO
2729,9159,89912,564.86,completed,online,2025-10-30,NO
1828,45385,91184,500.7,failed,online,2025-10-30,NO
3020,29623,93069,171.65,completed,online,2025-10-30,NO
1421,48423,97239,1523.3,failed,online,2025-10-30,NO
1,43955,98991,1207.24,completed,online,2025-10-30,NO
1,17636,101271,1264.2,completed,online,2025-10-30,NO
2282,27975,103288,1799.15,failed,online,2025-10-30,NO
4891,33403,107363,248.91,completed,online,2025-10-30,NO
1,23666,107879,1821.28,failed,online,2025-10-30,NO
3151,18235,108263,1633.73,failed,online,2025-10-30,NO
2352,2682,110372,1274.72,failed,online,2025-10-30,NO
3327,39143,115575,1979.19,failed,online,2025-10-30,NO
2190,24632,115693,182.78,failed,online,2025-10-30,NO
3303,36955,115698,1831.69,failed,online,2025-10-30,NO
3611,35752,119605,897.17,failed,online,2025-10-30,NO
1,28424,122848,722.1,completed,online,2025-10-30,NO
1,10741,125679,422.5,completed,online,2025-10-30,NO
1,16772,125770,752.68,failed,online,2025-10-30,NO
2703,1946,129727,1065.96,completed,online,2025-10-30,NO
1,941,133545,420.09,failed,online,2025-10-30,NO
2514,14596,134544,1875.24,failed,online,2025-10-30,NO
3086,36421,135097,1924.28,failed,online,2025-10-30,NO
3144,49908,136366,530.45,completed,online,2025-10-30,NO
3383,40871,140642,705.91,completed,online,2025-10-30,NO
27,34864,142474,735.81,failed,online,2025-10-30,NO
1697,42100,142694,1742.11,completed,online,2025-10-30,NO
1240,38111,144069,1805.01,completed,online,2025-10-30,NO
1975,42175,146294,847.7,completed,online,2025-10-30,NO
1,1468,147650,443.43,failed,UNKNOWN,2025-10-30,NO
1,5847,148074,585.84,failed,online,2025-10-30,NO
1,32781,148399,1192.55,completed,online,2025-10-30,NO
563,20668,149390,1187.92,completed,online,2025-10-30,NO
1,6575,149931,1861.36,failed,online,2025-10-30,NO
2837,24798,260,1563.28,completed,online,2025-02-20,NO
4796,21487,3380,1731.88,failed,online,2025-02-20,NO
1328,25198,8370,835.01,failed,online,2025-02-20,NO
1,12240,13325,1069.39,failed,online,2025-02-20,NO
3014,32512,14993,513.8,completed,online,2025-02-20,NO
4480,2134,18109,1637.53,completed,online,2025-02-20,NO
276,36687,18232,464.75,completed,online,2025-02-20,NO
1,29684,20759,1066.33,completed,online,2025-02-20,NO
167,14668,20916,135.55,completed,online,2025-02-20,NO
1443,7162,23526,1470.6,completed,online,2025-02-20,NO
1,2643,24642,497.06,failed,online,2025-02-20,NO
1218,3573,26839,88.43,completed,online,2025-02-20,NO
4457,1401,27303,463.93,completed,online,2025-02-20,NO
1,12783,33120,1347.56,completed,online,2025-02-20,NO
1,15335,33250,749.6,failed,online,2025-02-20,NO
1,28388,33847,762.2,failed,online,2025-02-20,NO
3964,46899,34629,1385.57,completed,online,2025-02-20,NO
4756,37986,37612,592.7,completed,online,2025-02-20,NO
417,26179,38819,1104.45,completed,online,2025-02-20,NO
156,28867,41513,1693.25,completed,online,2025-02-20,NO
4997,13063,47959,464.56,failed,online,2025-02-20,NO
672,39266,49470,1014.08,failed,online,2025-02-20,NO
3327,43562,51213,254.38,completed,online,2025-02-20,NO
1327,21976,56453,1494.47,completed,online,2025-02-20,NO
20,32979,57438,1046.78,completed,online,2025-02-20,NO
3485,10752,58495,864.08,failed,online,2025-02-20,NO
2497,44107,67525,1100.59,failed,online,2025-02-20,NO
928,26490,76759,951.01,failed,online,2025-02-20,NO
1,6921,77237,596.16,failed,online,2025-02-20,NO
3067,34347,79569,1470.81,completed,online,2025-02-20,NO
1,5992,83143,1916.5,completed,online,2025-02-20,NO
3328,21830,84062,1311.71,completed,online,2025-02-20,NO
819,34316,84693,163.54,failed,online,2025-02-20,NO
4961,32998,86810,1212.69,completed,online,2025-02-20,NO
1172,9715,87012,1555.88,completed,online,2025-02-20,NO
1,5095,88425,326.4,completed,online,2025-02-20,NO
1883,41927,89375,1076.71,failed,online,2025-02-20,NO
1,45413,90413,305.62,failed,online,2025-02-20,NO
3708,19785,91225,1713.8,failed,online,2025-02-20,NO
4100,12199,91424,310.15,failed,online,2025-02-20,NO
4425,8016,92110,527.35,failed,online,2025-02-20,NO
3486,25926,92119,1751.68,completed,online,2025-02-20,NO
4766,417,93066,270.03,failed,online,2025-02-20,NO
2497,17844,93834,1509.75,failed,online,2025-02-20,NO
2639,13955,94929,475.24,failed,online,2025-02-20,NO
2441,29959,96356,6907.502204224196,completed,online,2025-02-20,NO
1,29399,96433,1047.15,failed,online,2025-02-20,NO
1,32345,97330,115.88,completed,online,2025-02-20,NO
1,29936,97474,428.23,failed,online,2025-02-20,NO
891,54,98065,1733.52,failed,online,2025-02-20,NO
244,12633,98473,1974.02,failed,online,2025-02-20,NO
875,39982,100890,1536.36,completed,online,2025-02-20,NO
1073,20675,101150,1434.31,failed,online,2025-02-20,NO
4229,22332,101586,1251.13,completed,UNKNOWN,2025-02-20,NO
2461,30672,101725,1041.78,failed,online,2025-02-20,NO
1991,11062,105110,1514.3,completed,online,2025-02-20,NO
4632,23517,107578,1455.29,failed,online,2025-02-20,NO
2402,4893,110393,1745.02,failed,online,2025-02-20,NO
2939,10044,110395,1179.55,failed,online,2025-02-20,NO
2607,24183,115866,494.75,completed,online,2025-02-20,NO
2784,8986,120640,774.49,failed,online,2025-02-20,NO
443,35129,120713,1564.47,completed,online,2025-02-20,NO
1552,21963,121546,1371.55,failed,online,2025-02-20,NO
246,30081,122063,1120.05,completed,online,2025-02-20,NO
1789,20357,123433,1542.1,completed,online,2025-02-20,NO
4538,456,124363,1422.16,failed,online,2025-02-20,NO
4531,8766,125857,412.58,failed,online,2025-02-20,NO
1,47127,125978,1020.45,completed,online,2025-02-20,NO
4723,14805,126012,789.5,failed,online,2025-02-20,NO
1,25192,127018,1293.82,failed,online,2025-02-20,NO
2403,39908,128343,1267.37,completed,online,2025-02-20,NO
4843,14205,129884,473.38,completed,online,2025-02-20,NO
2347,18612,130338,860.59,failed,online,2025-02-20,NO
1208,28827,131841,250.37,failed,online,2025-02-20,NO
1,32252,132029,158.8,completed,online,2025-02-20,NO
1257,23490,135399,495.39,failed,online,2025-02-20,NO
3507,37308,142354,972.52,completed,online,2025-02-20,NO
3455,15968,143158,1236.35,completed,online,2025-02-20,NO
3227,2166,145529,1385.32,completed,online,2025-02-20,NO
1,39473,148078,630.21,completed,online,2025-02-20,NO
2764,27618,21,158.29,completed,online,2025-03-26,NO
54,45997,3019,138.86,failed,online,2025-03-26,NO
1,33876,4332,1096.31,completed,online,2025-03-26,NO
1,38730,4533,1716.28,completed,online,2025-03-26,NO
1592,23734,4630,1184.31,completed,online,2025-03-26,NO
1577,19089,9486,38.97,completed,online,2025-03-26,NO
1,40190,9646,1788.62,completed,online,2025-03-26,NO
4154,37099,11161,794.78,failed,online,2025-03-26,NO
1,18687,15446,153.67,failed,online,2025-03-26,NO
2171,1114,17084,1755.39,completed,UNKNOWN,2025-03-26,NO
4194,323,18525,793.18,completed,online,2025-03-26,NO
738,5180,20337,315.76,completed,online,2025-03-26,NO
506,9837,20805,1964.57,completed,online,2025-03-26,NO
1780,15448,24256,202.87,completed,online,2025-03-26,NO
482,6628,27963,453.52,failed,online,2025-03-26,NO
2049,4469,28418,1588.87,failed,online,2025-03-26,NO
1400,30790,28908,588.23,failed,online,2025-03-26,NO
1,16162,30834,1375.29,completed,online,2025-03-26,NO
1,11566,34682,656.05,failed,online,2025-03-26,NO
1,22204,34841,257.4,failed,online,2025-03-26,NO
4043,33367,35258,796.58,failed,online,2025-03-26,NO
203,819,41595,971.97,failed,online,2025-03-26,NO
758,8168,43624,1620.55,failed,online,2025-03-26,NO
2174,11079,45184,1671.98,failed,online,2025-03-26,NO
1093,36034,49886,1666.72,completed,online,2025-03-26,NO
2131,44255,50261,1762.6,failed,online,2025-03-26,NO
247,4064,51912,1500.14,completed,online,2025-03-26,NO
4739,26361,53239,1429.14,completed,online,2025-03-26,NO
3486,33094,53893,1220.62,completed,online,2025-03-26,NO
696,41925,54236,1129.57,failed,online,2025-03-26,NO
4280,45515,54721,1328.6,failed,online,2025-03-26,NO
1,281,65231,1906.14,failed,online,2025-03-26,NO
890,19487,66567,811.4,failed,online,2025-03-26,NO
1,49661,69270,814.72,completed,online,2025-03-26,NO
1,35383,69312,82.53,completed,online,2025-03-26,NO
309,25166,70669,1900.57,failed,online,2025-03-26,NO
4240,48454,71373,633.12,completed,online,2025-03-26,NO
324,16438,72849,184.08,completed,online,2025-03-26,NO
1,5937,73211,75.26,completed,online,2025-03-26,NO
4257,38641,74390,746.83,failed,online,2025-03-26,NO
1544,42568,74668,1327.16,completed,online,2025-03-26,NO
3793,33863,75832,1432.03,completed,online,2025-03-26,NO
709,37125,76238,1063.03,failed,online,2025-03-26,NO
3892,16862,79448,1784.05,failed,online,2025-03-26,NO
4266,43640,79972,1668.44,completed,online,2025-03-26,NO
1,3177,80322,1113.54,completed,online,2025-03-26,NO
1,27408,81753,573.44,completed,online,2025-03-26,NO
1,28275,82350,552.37,completed,UNKNOWN,2025-03-26,NO
1632,16102,83179,630.74,completed,online,2025-03-26,NO
4652,7213,84734,1115.96,completed,online,2025-03-26,NO
1,13772,85596,1813.43,completed,online,2025-03-26,NO
1,6968,85894,1952.65,completed,online,2025-03-26,NO
1,28343,90093,325.02,completed,online,2025-03-26,NO
2001,23318,90342,125.47,failed,online,2025-03-26,NO
2628,30278,93156,1666.73,completed,online,2025-03-26,NO
3805,22931,93437,1431.2,failed,online,2025-03-26,NO
2693,22134,93618,533.03,completed,online,2025-03-26,NO
1517,16486,93965,1264.96,failed,online,2025-03-26,NO
2883,15814,97115,1268.3,failed,online,2025-03-26,NO
4586,25357,99143,1631.04,failed,online,2025-03-26,NO
2521,16083,100405,1509.67,completed,online,2025-03-26,NO
2169,27474,108598,1218.07,failed,online,2025-03-26,NO
4667,46813,111038,1717.87,completed,online,2025-03-26,NO
3086,49998,111067,1188.66,failed,online,2025-03-26,NO
2584,12854,111311,136.55,failed,online,2025-03-26,NO
3628,26757,111987,1787.54,completed,online,2025-03-26,NO
2125,11559,117781,1529.43,failed,online,2025-03-26,NO
1058,18960,120617,589.36,completed,online,2025-03-26,NO
1684,42544,121960,1572.5,completed,online,2025-03-26,NO
927,41870,124618,1002.65,failed,online,2025-03-26,NO
2467,22831,125238,511.12,failed,online,2025-03-26,NO
4227,21323,128002,838.11,failed,online,2025-03-26,NO
3694,44148,131168,278.49,completed,online,2025-03-26,NO
2733,9859,135233,1794.03,completed,UNKNOWN,2025-03-26,NO
3732,22886,137408,1474.0,completed,online,2025-03-26,NO
2356,47931,138240,5307.536565161478,failed,online,2025-03-26,NO
620,1615,141708,786.08,completed,online,2025-03-26,NO
1,30649,143725,774.19,completed,online,2025-03-26,NO
1,43519,146896,1039.91,completed,online,2025-03-26,NO
4496,1427,148828,1840.59,completed,online,2025-03-26,NO
774,38195,2728,1706.35,completed,online,2025-07-24,NO
1,42873,3992,1082.7,completed,online,2025-07-24,NO
1,37213,4147,1773.25,failed,online,2025-07-24,NO
4268,29988,5429,297.95,failed,UNKNOWN,2025-07-24,NO
1,21448,5502,605.53,completed,online,2025-07-24,NO
1133,49631,5589,963.58,failed,online,2025-07-24,NO
4056,16666,13402,220.72,completed,online,2025-07-24,NO
1384,43908,20115,104.54,failed,online,2025-07-24,NO
1,27700,25550,409.62,failed,online,2025-07-24,NO
4730,11454,28386,1676.97,failed,online,2025-07-24,NO
4869,16723,32185,1452.27,completed,online,2025-07-24,NO
817,35601,32765,828.81,failed,online,2025-07-24,NO
52,34775,34499,1813.76,failed,online,2025-07-24,NO
1717,19911,35662,359.82,completed,online,2025-07-24,NO
3959,37674,40066,320.92,completed,online,2025-07-24,NO
949,20825,45072,1677.48,failed,online,2025-07-24,NO
1,15471,45288,1460.95,failed,online,2025-07-24,NO
196,2402,46456,142.43,completed,online,2025-07-24,NO
3426,5572,47035,1062.9,failed,online,2025-07-24,NO
922,24202,48347,772.01,failed,online,2025-07-24,NO
1782,42960,48939,1803.43,failed,online,2025-07-24,NO
1,12946,49367,1097.39,failed,online,2025-07-24,NO
4528,29066,50630,668.22,failed,online,2025-07-24,NO
1,28795,51682,280.65,failed,online,2025-07-24,NO
2758,12849,53668,236.66,failed,online,2025-07-24,NO
3291,37358,55057,1994.89,failed,online,2025-07-24,NO
1808,34869,55321,888.11,failed,online,2025-07-24,NO
1,16917,55385,109.47,completed,online,2025-07-24,NO
2925,14570,60106,202.1,failed,online,2025-07-24,NO
1,43532,61291,701.15,completed,online,2025-07-24,NO
3993,16072,61917,789.41,completed,online,2025-07-24,NO
4906,46201,62443,1928.38,completed,online,2025-07-24,NO
1,41745,63044,967.62,completed,online,2025-07-24,NO
1,7628,66887,991.94,failed,online,2025-07-24,NO
3743,7070,67177,882.95,failed,online,2025-07-24,NO
4118,24908,67362,1324.04,failed,online,2025-07-24,NO
1,31776,71954,680.5,completed,online,2025-07-24,NO
4536,37812,77597,9393.292175501196,failed,online,2025-07-24,NO
2033,8757,79414,209.43,failed,online,2025-07-24,NO
2128,12813,80125,810.88,completed,online,2025-07-24,NO
3511,23615,81770,113.73,completed,online,2025-07-24,NO
2723,2775,83475,989.23,failed,online,2025-07-24,NO
3134,42928,85937,191.03,failed,online,2025-07-24,NO
4425,12451,86485,1203.46,failed,online,2025-07-24,NO
1177,6627,87430,903.88,failed,online,2025-07-24,NO
1,46227,87927,1127.59,completed,online,2025-07-24,NO
2985,11345,89078,260.48,failed,online,2025-07-24,NO
3059,4538,91511,1937.21,completed,online,2025-07-24,NO
1,9472,91698,955.8,completed,online,2025-07-24,NO
1405,38134,96294,540.12,completed,UNKNOWN,2025-07-24,NO
4411,4164,96480,1376.65,failed,online,2025-07-24,NO
3487,48859,96881,553.96,completed,online,2025-07-24,NO
150,22776,97460,312.49,failed,online,2025-07-24,NO
1,8853,98966,596.06,failed,online,2025-07-24,NO
2755,18675,99993,5801.908306503599,completed,online,2025-07-24,NO
1,38660,101068,479.05,completed,online,2025-07-24,NO
2837,17034,101223,887.26,failed,online,2025-07-24,NO
2896,15976,102306,731.25,failed,online,2025-07-24,NO
3323,27168,105310,1452.98,completed,online,2025-07-24,NO
1998,20319,108580,906.23,completed,online,2025-07-24,NO
4857,23085,110256,787.79,completed,online,2025-07-24,NO
500,31120,114869,1062.36,failed,online,2025-07-24,NO
1915,11667,116009,612.35,completed,online,2025-07-24,NO
3532,21543,121174,766.26,failed,online,2025-07-24,NO
3280,11744,122342,1123.45,completed,online,2025-07-24,NO
4415,31970,125892,999.48,failed,online,2025-07-24,NO
2129,18660,126428,637.87,completed,online,2025-07-24,NO
3160,28206,126897,1848.94,completed,online,2025-07-24,NO
2686,9343,130660,1402.78,completed,online,2025-07-24,NO
3617,27440,133738,1203.94,completed,online,2025-07-24,NO
1,19916,133965,1015.31,completed,online,2025-07-24,NO
1118,32659,134156,1299.45,failed,online,2025-07-24,NO
4451,12228,138864,870.42,failed,online,2025-07-24,NO
3332,33113,139293,1429.58,completed,online,2025-07-24,NO
401,43246,142156,1763.74,completed,online,2025-07-24,NO
1881,20064,144575,1587.06,failed,online,2025-07-24,NO
4744,17031,145838,1679.39,failed,online,2025-07-24,NO
2926,43925,147220,706.29,failed,UNKNOWN,2025-07-24,NO
3915,39882,148361,349.12,failed,online,2025-07-24,NO
4459,23759,148493,572.79,completed,online,2025-07-24,NO
1,30723,189,1690.54,failed,online,2025-04-27,NO
736,11813,505,788.64,failed,UNKNOWN,2025-04-27,NO
1,220,810,219.09,completed,online,2025-04-27,NO
1788,21938,1540,384.76,failed,online,2025-04-27,NO
2171,6622,1649,654.54,completed,online,2025-04-27,NO
70,31049,3664,254.06,failed,online,2025-04-27,NO
1,11107,5970,1222.8,completed,online,2025-04-27,NO
3745,31171,6558,1338.98,completed,online,2025-04-27,NO
3421,27283,9792,428.21,failed,online,2025-04-27,NO
1126,40183,10391,957.63,completed,online,2025-04-27,NO
1861,47161,10849,474.96,failed,online,2025-04-27,NO
1,34040,12947,1042.2,failed,online,2025-04-27,NO
721,8791,17224,179.74,completed,online,2025-04-27,NO
70,28855,21271,1207.52,failed,online,2025-04-27,NO
1,49429,21968,492.62,completed,online,2025-04-27,NO
1,27726,24088,1470.58,failed,online,2025-04-27,NO
2712,48613,25670,176.88,completed,online,2025-04-27,NO
2690,27611,26811,1673.89,completed,online,2025-04-27,NO
1,2568,26984,355.08,failed,online,2025-04-27,NO
2901,49270,27866,267.29,failed,online,2025-04-27,NO
3004,41379,34338,34.39,failed,online,2025-04-27,NO
555,37411,36976,701.92,completed,online,2025-04-27,NO
1,35241,39387,426.89,failed,online,2025-04-27,NO
2261,22472,42370,820.71,completed,online,2025-04-27,NO
3555,6456,42664,1206.67,completed,online,2025-04-27,NO
3126,15645,43912,560.03,completed,online,2025-04-27,NO
2909,13657,44686,1674.6,failed,online,2025-04-27,NO
27,46415,44872,1148.87,completed,online,2025-04-27,NO
3830,49474,44994,168.07,completed,online,2025-04-27,NO
2055,20366,45814,190.43,failed,online,2025-04-27,NO
3753,16555,47513,623.59,failed,online,2025-04-27,NO
4715,37620,48566,1871.88,failed,online,2025-04-27,NO
1125,36481,52473,573.61,completed,online,2025-04-27,NO
3731,11595,54868,927.78,failed,online,2025-04-27,NO
1145,48197,59262,563.1,completed,online,2025-04-27,NO
1,3477,59343,1654.88,failed,online,2025-04-27,NO
4152,32419,59485,1580.16,failed,online,2025-04-27,NO
327,38354,61698,1179.06,failed,online,2025-04-27,NO
4534,34043,65475,1380.5,failed,online,2025-04-27,NO
1542,751,68777,1857.64,failed,online,2025-04-27,NO
4313,30825,69234,1517.9,failed,online,2025-04-27,NO
2843,28428,69845,924.69,completed,online,2025-04-27,NO
1161,21764,71393,573.11,completed,online,2025-04-27,NO
1,9929,72212,1338.44,failed,online,2025-04-27,NO
1,42771,73005,1389.81,failed,online,2025-04-27,NO
126,24144,74001,1151.13,failed,online,2025-04-27,NO
753,23007,78595,633.8,failed,online,2025-04-27,NO
2954,44366,78729,230.96,failed,online,2025-04-27,NO
3742,33402,83869,230.72,completed,online,2025-04-27,NO
789,16778,88178,1586.58,completed,online,2025-04-27,NO
2071,10368,92790,99.08,failed,online,2025-04-27,NO
1,18780,93922,1508.05,failed,online,2025-04-27,NO
3490,44948,93997,278.18,failed,online,2025-04-27,NO
662,47539,94082,1418.04,completed,online,2025-04-27,NO
4097,14703,98839,833.42,failed,online,2025-04-27,NO
1,41639,99016,1221.12,completed,online,2025-04-27,NO
1,20714,100423,835.34,failed,online,2025-04-27,NO
2242,24541,100638,391.27,completed,online,2025-04-27,NO
4216,22825,100820,632.5,completed,online,2025-04-27,NO
4487,28621,108636,639.99,failed,online,2025-04-27,NO
1,44913,108889,1612.55,completed,online,2025-04-27,NO
1933,9468,110479,1876.81,completed,online,2025-04-27,NO
3535,21562,112787,705.85,failed,online,2025-04-27,NO
4699,34308,113445,182.81,failed,online,2025-04-27,NO
4893,49962,114002,1914.02,completed,online,2025-04-27,NO
2710,8167,116380,885.52,completed,online,2025-04-27,NO
207,894,117024,940.85,failed,online,2025-04-27,NO
3297,10393,117513,633.77,completed,online,2025-04-27,NO
503,8304,121669,449.72,failed,online,2025-04-27,NO
3255,6846,124224,1848.56,failed,UNKNOWN,2025-04-27,NO
2234,11366,125109,913.22,failed,online,2025-04-27,NO
537,23449,126832,794.22,completed,online,2025-04-27,NO
4372,36283,127307,1929.79,completed,online,2025-04-27,NO
3641,16830,128228,1062.71,failed,online,2025-04-27,NO
143,8001,135276,537.99,failed,online,2025-04-27,NO
1651,35814,135716,1641.9,failed,online,2025-04-27,NO
3488,43688,139011,1495.55,completed,online,2025-04-27,NO
2718,18520,140162,1121.6,completed,UNKNOWN,2025-04-27,NO
3537,35555,143750,536.41,completed,online,2025-04-27,NO
1657,23945,144164,967.44,failed,online,2025-04-27,NO
943,6369,146246,487.42,completed,online,2025-04-27,NO
3597,9327,1367,1260.84,failed,online,2025-10-14,NO
2836,4426,1997,467.97,failed,online,2025-10-14,NO
2999,39549,2210,1459.49,failed,online,2025-10-14,NO
1,26580,3364,1561.07,completed,online,2025-10-14,NO
1305,23780,6822,1022.87,completed,online,2025-10-14,NO
3870,24896,9076,338.68,failed,online,2025-10-14,NO
4571,44337,9092,1996.88,completed,online,2025-10-14,NO
1114,49894,12054,114.68,failed,online,2025-10-14,NO
3798,8195,13134,97.56,completed,online,2025-10-14,NO
556,2686,14153,1855.41,failed,online,2025-10-14,NO
3196,29121,14518,1037.21,failed,online,2025-10-14,NO
698,5011,18037,1744.64,completed,online,2025-10-14,NO
3310,36783,19750,67.92,completed,online,2025-10-14,NO
3580,29095,22243,948.36,failed,online,2025-10-14,NO
169,4158,27897,684.65,failed,online,2025-10-14,NO
1,988,29738,824.07,completed,online,2025-10-14,NO
4880,30888,31641,1148.31,completed,online,2025-10-14,NO
3361,41273,32163,1876.52,failed,UNKNOWN,2025-10-14,NO
1,42473,32839,1184.84,failed,online,2025-10-14,NO
1411,16266,33894,1058.58,completed,online,2025-10-14,NO
2338,32373,35181,835.76,completed,online,2025-10-14,NO
2960,23838,38836,180.66,completed,online,2025-10-14,NO
231,49201,39017,1853.67,failed,online,2025-10-14,NO
1,47071,40224,783.14,failed,online,2025-10-14,NO
3629,42344,40412,1754.78,failed,online,2025-10-14,NO
2418,44094,40907,146.83,completed,online,2025-10-14,NO
2558,20457,44885,611.82,completed,online,2025-10-14,NO
2373,31917,49167,637.38,failed,online,2025-10-14,NO
2965,30369,50151,5143.400103976358,failed,online,2025-10-14,NO
3545,8453,50780,1052.37,completed,online,2025-10-14,NO
1,22312,51403,229.96,completed,online,2025-10-14,NO
280,19400,54548,362.63,completed,online,2025-10-14,NO
2329,38611,55935,829.91,failed,online,2025-10-14,NO
1535,29033,56360,1383.33,failed,online,2025-10-14,NO
2276,43628,60730,1972.62,completed,online,2025-10-14,NO
1259,44887,62119,891.09,failed,online,2025-10-14,NO
2179,23324,62776,471.26,failed,online,2025-10-14,NO
4108,14559,62865,1886.72,failed,online,2025-10-14,NO
1,19531,65573,753.63,completed,online,2025-10-14,NO
3697,21935,66150,1719.24,failed,online,2025-10-14,NO
4563,24982,66268,1612.03,completed,online,2025-10-14,NO
305,17621,66943,1279.9,failed,online,2025-10-14,NO
2179,48300,68324,943.46,failed,online,2025-10-14,NO
2449,9454,69224,860.59,completed,online,2025-10-14,NO
1283,22521,70155,968.29,failed,online,2025-10-14,NO
4592,42927,70263,947.01,failed,online,2025-10-14,NO
2284,22489,70284,1790.66,failed,online,2025-10-14,NO
2312,41832,71378,571.2,completed,online,2025-10-14,NO
1297,27439,72124,418.56,failed,online,2025-10-14,NO
2038,13859,83008,1156.56,completed,online,2025-10-14,NO
4876,11840,86886,853.58,completed,online,2025-10-14,NO
3086,6267,90941,1887.39,failed,online,2025-10-14,NO
824,14383,91518,702.23,completed,online,2025-10-14,NO
3649,39994,92535,779.87,failed,online,2025-10-14,NO
1227,14801,96514,615.05,failed,online,2025-10-14,NO
27,32172,97906,527.58,completed,online,2025-10-14,NO
1,34724,100747,1803.95,completed,online,2025-10-14,NO
4085,20784,102811,1346.94,failed,online,2025-10-14,NO
4530,42447,102907,1138.12,completed,online,2025-10-14,NO
3569,49281,105313,1688.56,completed,online,2025-10-14,NO
3672,25797,108128,260.96,completed,online,2025-10-14,NO
3727,28888,108316,938.12,failed,online,2025-10-14,NO
3920,27915,109022,85.03,failed,online,2025-10-14,NO
1,30256,110085,1866.91,failed,online,2025-10-14,NO
756,14905,110813,299.89,completed,online,2025-10-14,NO
81,24571,116096,1166.01,completed,online,2025-10-14,NO
1,15284,117128,1119.84,completed,online,2025-10-14,NO
753,3993,117322,974.27,completed,online,2025-10-14,NO
2347,27899,124854,1204.38,failed,online,2025-10-14,NO
932,28375,126155,590.94,failed,online,2025-10-14,NO
2657,7945,126812,1152.8,failed,online,2025-10-14,NO
616,16711,129429,284.09,failed,online,2025-10-14,NO
1,8328,132935,987.07,completed,online,2025-10-14,NO
1,14251,133432,696.58,completed,online,2025-10-14,NO
1857,22637,135465,1308.25,completed,online,2025-10-14,NO
970,4357,135502,344.86,failed,online,2025-10-14,NO
1909,22125,142983,1595.63,failed,online,2025-10-14,NO
916,30974,143866,1260.09,failed,UNKNOWN,2025-10-14,NO
1,26227,144862,1113.96,failed,online,2025-10-14,NO
4802,32917,147965,1155.88,failed,online,2025-10-14,NO
1513,2609,735,28.03,completed,online,2025-10-31,NO
278,31523,1617,1146.99,failed,online,2025-10-31,NO
2311,37109,5310,474.33,completed,online,2025-10-31,NO
993,36124,8604,998.1,failed,online,2025-10-31,NO
3398,3865,9887,1612.92,completed,online,2025-10-31,NO
3894,6841,10465,1617.04,failed,online,2025-10-31,NO
1024,47498,10641,1320.88,completed,online,2025-10-31,NO
2378,20052,13079,1515.11,failed,online,2025-10-31,NO
4809,7476,14388,1568.73,failed,online,2025-10-31,NO
1,13614,14976,369.94,failed,online,2025-10-31,NO
4605,679,19068,489.79,failed,online,2025-10-31,NO
4416,6598,20062,387.52,failed,online,2025-10-31,NO
4490,2588,24725,1810.41,completed,online,2025-10-31,NO
3076,49779,25299,395.93,failed,online,2025-10-31,NO
4557,404,26603,154.71,completed,online,2025-10-31,NO
3463,484,28273,444.14,failed,online,2025-10-31,NO
2970,3731,30737,1932.96,failed,online,2025-10-31,NO
1,6267,31227,1630.6,failed,online,2025-10-31,NO
4553,1075,32158,63.3,failed,online,2025-10-31,NO
537,16917,34042,707.61,completed,online,2025-10-31,NO
1408,32664,34163,1858.21,completed,online,2025-10-31,NO
621,1373,34237,1017.37,completed,online,2025-10-31,NO
1286,36546,38888,915.76,completed,online,2025-10-31,NO
541,25644,40781,620.32,completed,online,2025-10-31,NO
123,47742,41325,99.07,failed,online,2025-10-31,NO
1140,21294,41372,1623.87,failed,online,2025-10-31,NO
1995,42571,41635,1018.19,failed,online,2025-10-31,NO
3925,23951,41669,1388.62,failed,online,2025-10-31,NO
2759,25214,41675,334.85,completed,online,2025-10-31,NO
3828,9718,43791,1425.37,completed,online,2025-10-31,NO
4604,12192,45222,1832.94,completed,online,2025-10-31,NO
1,46347,47577,1120.95,failed,online,2025-10-31,NO
2578,23373,50823,829.28,completed,online,2025-10-31,NO
4112,26033,55456,247.86,completed,online,2025-10-31,NO
1,42258,57550,1661.53,completed,online,2025-10-31,NO
414,42960,59204,995.19,completed,online,2025-10-31,NO
488,14853,61207,1732.75,completed,online,2025-10-31,NO
254,10160,63376,1230.77,completed,online,2025-10-31,NO
3643,3560,63952,199.17,failed,online,2025-10-31,NO
4754,891,64549,887.34,failed,online,2025-10-31,NO
1,32627,65703,244.31,completed,online,2025-10-31,NO
1,1937,66107,1324.74,failed,online,2025-10-31,NO
1440,25778,66560,351.1,completed,online,2025-10-31,NO
55,9867,67528,178.31,failed,online,2025-10-31,NO
1,8234,74649,1275.62,completed,online,2025-10-31,NO
4522,49901,77607,1915.4,failed,online,2025-10-31,NO
1835,45059,78379,1962.26,completed,online,2025-10-31,NO
2273,14913,86914,1866.54,failed,online,2025-10-31,NO
2568,16329,87226,108.83,completed,online,2025-10-31,NO
3988,38485,91345,1039.43,failed,online,2025-10-31,NO
1,2181,91880,884.06,failed,online,2025-10-31,NO
2914,27443,92891,1474.1,failed,online,2025-10-31,NO
1,34699,93613,1335.7,failed,online,2025-10-31,NO
1714,9803,94315,254.09,failed,online,2025-10-31,NO
1932,32634,94658,1145.39,failed,online,2025-10-31,NO
4471,49574,99619,40.4,completed,online,2025-10-31,NO
74,982,103723,898.62,completed,online,2025-10-31,NO
2663,15496,105267,1443.71,completed,online,2025-10-31,NO
4095,329,107818,1736.41,failed,online,2025-10-31,NO
4433,6172,110634,194.09,failed,online,2025-10-31,NO
2796,37006,110873,1511.17,failed,online,2025-10-31,NO
1107,41579,112722,1318.02,completed,online,2025-10-31,NO
4281,27213,114213,1130.1,failed,online,2025-10-31,NO
1195,42068,114915,634.8,failed,online,2025-10-31,NO
2104,48354,117169,980.61,failed,online,2025-10-31,NO
3604,49385,121325,896.97,failed,online,2025-10-31,NO
1096,29360,121601,537.42,failed,online,2025-10-31,NO
2287,12520,121923,1521.42,completed,online,2025-10-31,NO
1,24142,122350,1960.28,completed,online,2025-10-31,NO
2542,40867,122947,729.16,failed,online,2025-10-31,NO
4473,48118,124913,994.47,failed,online,2025-10-31,NO
3637,16287,125841,1322.59,failed,online,2025-10-31,NO
1,1402,129064,940.9,failed,online,2025-10-31,NO
1054,1884,131668,1641.2,completed,online,2025-10-31,NO
4083,9989,133089,336.74,failed,UNKNOWN,2025-10-31,NO
3534,26877,139471,35.65,failed,online,2025-10-31,NO
1127,46458,144654,591.64,failed,online,2025-10-31,NO
2227,19112,145092,431.18,completed,online,2025-10-31,NO
4723,38731,145730,46.4,failed,online,2025-10-31,NO
1844,48001,147389,690.68,completed,online,2025-10-31,NO
542,14472,149204,1017.33,failed,online,2025-10-31,NO
1,16330,56,859.03,failed,online,2025-06-04,NO
1121,47298,1023,379.34,completed,online,2025-06-04,NO
3234,38090,2550,1755.43,completed,online,2025-06-04,NO
2806,3749,2960,456.28,failed,online,2025-06-04,NO
1,5398,3540,1631.17,completed,online,2025-06-04,NO
1,40759,6644,118.11,failed,online,2025-06-04,NO
653,24945,7659,1787.08,failed,online,2025-06-04,NO
1658,41903,7677,1752.45,completed,online,2025-06-04,NO
1,24160,11290,203.98,failed,online,2025-06-04,NO
1,33695,13505,380.76,completed,online,2025-06-04,NO
2730,26442,13708,49.0,completed,online,2025-06-04,NO
3705,45365,14371,1878.48,failed,online,2025-06-04,NO
1645,49060,15217,581.74,completed,online,2025-06-04,NO
3933,20585,15297,1781.11,completed,online,2025-06-04,NO
2965,30893,17826,453.79,failed,online,2025-06-04,NO
3460,39498,17987,1353.05,failed,online,2025-06-04,NO
4031,38936,24039,1971.0,completed,online,2025-06-04,NO
1,29267,26151,1512.58,failed,online,2025-06-04,NO
1036,20110,26934,809.7,failed,online,2025-06-04,NO
3387,17021,27081,906.84,failed,online,2025-06-04,NO
1447,8581,29919,478.43,failed,online,2025-06-04,NO
1,13074,30042,1066.78,completed,online,2025-06-04,NO
4171,12484,32289,1554.96,completed,online,2025-06-04,NO
3448,21820,32981,622.39,failed,online,2025-06-04,NO
4849,18141,34077,661.23,completed,online,2025-06-04,NO
569,18854,34371,1048.11,failed,online,2025-06-04,NO
476,14277,39458,823.68,failed,online,2025-06-04,NO
3059,5870,40169,917.68,completed,online,2025-06-04,NO
3590,26996,44296,1054.17,completed,online,2025-06-04,NO
3783,30077,47752,240.44,completed,online,2025-06-04,NO
3199,4764,48162,582.96,completed,online,2025-06-04,NO
1917,20438,50639,594.44,failed,online,2025-06-04,NO
2522,24082,52307,1407.4,failed,online,2025-06-04,NO
3174,20774,52993,1953.15,completed,online,2025-06-04,NO
4360,857,59981,1544.06,failed,online,2025-06-04,NO
1,25794,60909,356.74,completed,online,2025-06-04,NO
1201,28736,61460,1846.68,completed,UNKNOWN,2025-06-04,NO
3066,11354,62922,1928.36,completed,online,2025-06-04,NO
1673,7518,63914,1404.25,completed,online,2025-06-04,NO
1,20637,65315,1958.34,failed,online,2025-06-04,NO
4072,31440,66690,1508.77,completed,online,2025-06-04,NO
4063,32281,69836,549.69,failed,online,2025-06-04,NO
153,14119,69985,1969.88,failed,online,2025-06-04,NO
3064,28709,73292,658.92,completed,UNKNOWN,2025-06-04,NO
1260,24270,75392,695.8,failed,online,2025-06-04,NO
4748,22208,77123,830.79,completed,online,2025-06-04,NO
916,30497,80063,1715.23,completed,online,2025-06-04,NO
4529,12349,84166,1626.64,failed,online,2025-06-04,NO
4677,43670,89351,893.93,completed,online,2025-06-04,NO
1,48311,89973,1478.69,completed,online,2025-06-04,NO
2952,1123,92124,334.47,completed,online,2025-06-04,NO
1,8221,93992,703.31,completed,online,2025-06-04,NO
1,24581,94975,633.65,failed,online,2025-06-04,NO
1244,28757,96181,599.68,completed,online,2025-06-04,NO
3454,45795,98284,570.89,failed,online,2025-06-04,NO
789,23832,98787,1243.9,completed,online,2025-06-04,NO
1,10142,99153,866.34,failed,online,2025-06-04,NO
449,41706,101036,1827.57,completed,online,2025-06-04,NO
1665,8213,101883,948.68,failed,online,2025-06-04,NO
3180,15974,102745,966.4,failed,online,2025-06-04,NO
4395,38482,106688,37.91,failed,online,2025-06-04,NO
2544,34130,111021,1368.66,completed,online,2025-06-04,NO
4026,47474,111023,1994.2,failed,online,2025-06-04,NO
2450,49663,114794,937.97,failed,online,2025-06-04,NO
3095,8606,115414,254.52,completed,online,2025-06-04,NO
3404,44220,118710,1465.91,completed,online,2025-06-04,NO
4674,3093,121064,1316.71,completed,online,2025-06-04,NO
407,37639,121248,284.66,failed,online,2025-06-04,NO
3698,45225,124047,1215.57,failed,online,2025-06-04,NO
3178,17155,128754,628.56,completed,online,2025-06-04,NO
1,28437,135157,702.67,failed,online,2025-06-04,NO
1183,42232,138800,1575.77,failed,online,2025-06-04,NO
4321,36395,139515,13.16,completed,online,2025-06-04,NO
1,20018,140251,109.45,completed,online,2025-06-04,NO
1261,2570,141503,1031.34,completed,online,2025-06-04,NO
3364,2491,143529,1198.13,completed,online,2025-06-04,NO
1,49154,145929,252.67,completed,online,2025-06-04,NO
2019,15527,146039,1393.93,failed,online,2025-06-04,NO
1078,42254,147804,442.03,failed,online,2025-06-04,NO
1213,36027,148340,1904.72,completed,UNKNOWN,2025-06-04,NO
1,18673,348,9975.4794154438,failed,online,2025-03-03,NO
3598,15650,1701,69.76,failed,online,2025-03-03,NO
885,36423,2365,8202.826300310975,completed,online,2025-03-03,NO
777,18493,5466,574.52,completed,online,2025-03-03,NO
1,24118,6665,40.65,failed,online,2025-03-03,NO
1,17135,8449,1143.39,completed,online,2025-03-03,NO
1458,11378,13154,1145.48,completed,online,2025-03-03,NO
2527,9815,16887,974.86,completed,online,2025-03-03,NO
2151,1762,20762,1850.18,failed,online,2025-03-03,NO
1,4051,22347,375.55,failed,online,2025-03-03,NO
4861,12520,24442,1694.18,completed,online,2025-03-03,NO
1012,36080,28705,605.24,failed,online,2025-03-03,NO
874,14610,29235,1155.05,failed,online,2025-03-03,NO
1,35479,32287,1579.54,failed,online,2025-03-03,NO
1719,675,33059,762.36,completed,online,2025-03-03,NO
1040,41779,36739,1444.06,completed,online,2025-03-03,NO
4844,19775,37783,355.59,failed,online,2025-03-03,NO
1,27024,38403,49.05,failed,online,2025-03-03,NO
4202,30243,38671,23.6,failed,online,2025-03-03,NO
380,32472,39672,1742.15,completed,online,2025-03-03,NO
812,48534,43278,302.27,completed,online,2025-03-03,NO
3069,40085,45175,1736.08,completed,online,2025-03-03,NO
1,7387,48493,1985.25,failed,online,2025-03-03,NO
1860,42707,53155,11.39,completed,online,2025-03-03,NO
1941,7464,54494,1861.91,completed,online,2025-03-03,NO
1,41598,55110,1895.15,failed,online,2025-03-03,NO
549,42254,55617,609.93,failed,online,2025-03-03,NO
672,4270,55985,1973.35,completed,online,2025-03-03,NO
1,45029,56790,936.48,completed,online,2025-03-03,NO
140,25441,58871,674.57,completed,online,2025-03-03,NO
2315,33452,60601,668.77,completed,online,2025-03-03,NO
3471,35562,60920,517.51,completed,online,2025-03-03,NO
3889,46323,64001,1065.78,completed,online,2025-03-03,NO
85,3371,66313,1761.63,failed,online,2025-03-03,NO
2774,6830,71979,207.18,completed,online,2025-03-03,NO
1,27491,72133,111.26,completed,online,2025-03-03,NO
3177,21954,72375,1682.38,failed,online,2025-03-03,NO
875,30121,73361,985.58,failed,online,2025-03-03,NO
1,31819,74308,1264.93,completed,online,2025-03-03,NO
1,46652,77505,1684.57,completed,online,2025-03-03,NO
4421,31576,78074,1471.56,failed,online,2025-03-03,NO
4035,18859,79128,47.77,completed,online,2025-03-03,NO
1,40321,81801,1316.46,failed,online,2025-03-03,NO
1,47519,83261,1769.46,failed,online,2025-03-03,NO
1431,14439,86507,301.42,failed,online,2025-03-03,NO
1,47625,86969,1688.69,failed,online,2025-03-03,NO
3495,48168,88303,939.38,completed,online,2025-03-03,NO
1,25519,97688,1971.83,failed,online,2025-03-03,NO
1530,44633,104261,517.88,completed,online,2025-03-03,NO
2064,23537,106743,1360.17,completed,online,2025-03-03,NO
3109,44991,107416,275.88,completed,online,2025-03-03,NO
1,12871,108354,1360.34,completed,online,2025-03-03,NO
1,46663,109556,1980.81,completed,online,2025-03-03,NO
1,45723,110104,831.57,failed,online,2025-03-03,NO
2954,23358,114768,1598.42,failed,online,2025-03-03,NO
539,32281,115810,962.98,completed,online,2025-03-03,NO
1,26613,116401,243.37,completed,online,2025-03-03,NO
2447,26631,116573,495.58,failed,online,2025-03-03,NO
1045,25534,119122,661.83,failed,online,2025-03-03,NO
823,8067,120068,87.41,completed,online,2025-03-03,NO
2975,1784,121295,208.91,completed,online,2025-03-03,NO
1,15903,122424,915.84,failed,online,2025-03-03,NO
1993,34813,124868,944.88,failed,online,2025-03-03,NO
3216,43170,127203,1029.99,completed,online,2025-03-03,NO
1054,37205,127240,1254.76,failed,online,2025-03-03,NO
4329,1128,128474,422.08,failed,online,2025-03-03,NO
1,11296,129674,685.15,completed,online,2025-03-03,NO
2046,1309,130063,1022.75,completed,online,2025-03-03,NO
1,20813,132758,1284.35,failed,online,2025-03-03,NO
1,1680,133534,113.55,completed,online,2025-03-03,NO
1,48857,134856,1402.91,completed,online,2025-03-03,NO
4276,7951,134885,796.67,completed,online,2025-03-03,NO
1005,10538,136612,539.09,completed,online,2025-03-03,NO
791,39002,138691,437.18,completed,online,2025-03-03,NO
1175,36274,139112,1126.81,completed,online,2025-03-03,NO
1,18326,141097,1556.06,failed,online,2025-03-03,NO
2611,39525,141181,563.81,completed,online,2025-03-03,NO
4719,14769,141712,24.15,failed,online,2025-03-03,NO
3724,42279,144369,683.76,completed,online,2025-03-03,NO
3009,16015,144409,1222.3,completed,online,2025-03-03,NO
2851,17497,3476,1092.19,failed,online,2025-11-09,NO
3935,681,4150,945.06,completed,online,2025-11-09,NO
4888,6258,5404,316.84,failed,online,2025-11-09,NO
1537,41274,6240,230.9,failed,online,2025-11-09,NO
470,9053,6591,1189.05,failed,online,2025-11-09,NO
1,49735,6765,1446.66,failed,online,2025-11-09,NO
1,32955,11401,1887.48,failed,online,2025-11-09,NO
1,33599,15007,757.24,completed,online,2025-11-09,NO
2532,5058,16966,1380.86,failed,online,2025-11-09,NO
3911,7847,18627,276.45,failed,online,2025-11-09,NO
1,26799,20186,266.16,completed,online,2025-11-09,NO
3535,11851,22601,1005.76,failed,online,2025-11-09,NO
1,40135,23204,1610.32,completed,online,2025-11-09,NO
1379,11493,27304,1654.23,completed,online,2025-11-09,NO
2861,7113,27528,937.56,failed,online,2025-11-09,NO
1036,26024,29202,111.76,completed,online,2025-11-09,NO
4883,3291,30317,151.02,completed,online,2025-11-09,NO
9,13911,30453,1506.78,failed,online,2025-11-09,NO
648,14770,30645,1326.13,failed,online,2025-11-09,NO
2840,36854,30807,893.1,failed,online,2025-11-09,NO
2867,6913,31633,433.76,failed,UNKNOWN,2025-11-09,NO
4780,9275,31741,879.08,failed,online,2025-11-09,NO
2114,47336,34169,440.96,failed,online,2025-11-09,NO
1,13786,34865,110.31,failed,online,2025-11-09,NO
319,31753,36145,1901.9,failed,online,2025-11-09,NO
534,49820,40204,1416.02,completed,online,2025-11-09,NO
2728,27365,41154,1367.27,failed,online,2025-11-09,NO
13,38973,43619,1258.27,failed,online,2025-11-09,NO
1,27466,44154,1523.61,failed,online,2025-11-09,NO
1238,42985,44419,1180.3,failed,online,2025-11-09,NO
2934,41363,45331,448.18,completed,online,2025-11-09,NO
1,7815,45371,1177.06,completed,online,2025-11-09,NO
622,2568,48000,1135.34,failed,online,2025-11-09,NO
3263,39523,53304,501.05,failed,online,2025-11-09,NO
3018,20625,56191,687.98,completed,online,2025-11-09,NO
1,44711,59702,320.6,failed,online,2025-11-09,NO
3580,46240,60989,143.71,failed,online,2025-11-09,NO
1,30651,64626,91.97,completed,online,2025-11-09,NO
1,33595,66866,772.34,failed,online,2025-11-09,NO
3967,41938,69237,855.64,completed,online,2025-11-09,NO
970,14122,69746,179.04,completed,online,2025-11-09,NO
130,318,70870,6591.006830078262,completed,online,2025-11-09,NO
1865,25242,70928,1399.22,completed,UNKNOWN,2025-11-09,NO
2220,45569,71675,1967.9,failed,online,2025-11-09,NO
4088,35839,71770,303.06,completed,online,2025-11-09,NO
950,11216,73530,1276.17,failed,online,2025-11-09,NO
4965,10944,73820,772.25,failed,online,2025-11-09,NO
2388,49678,75787,1471.64,failed,online,2025-11-09,NO
2369,13924,76757,1024.12,failed,online,2025-11-09,NO
1,27982,76805,584.3,completed,online,2025-11-09,NO
1433,13124,80478,461.76,failed,online,2025-11-09,NO
129,33488,85590,1531.6,failed,online,2025-11-09,NO
4481,21021,86161,1843.54,completed,online,2025-11-09,NO
2692,48262,90206,1793.63,completed,online,2025-11-09,NO
1,27949,94835,1416.09,completed,online,2025-11-09,NO
3408,10936,99920,949.4,failed,online,2025-11-09,NO
3861,24547,107579,758.28,completed,online,2025-11-09,NO
3697,49529,107678,653.82,completed,online,2025-11-09,NO
3623,35090,109287,1086.1,completed,online,2025-11-09,NO
427,30828,111178,53.56,completed,online,2025-11-09,NO
3854,4092,111462,40.06,failed,online,2025-11-09,NO
2677,27354,118034,1787.28,failed,online,2025-11-09,NO
126,32446,125910,768.62,failed,online,2025-11-09,NO
1,12539,127764,738.99,failed,online,2025-11-09,NO
4408,26398,128127,791.51,failed,online,2025-11-09,NO
1,16538,128153,1215.96,failed,online,2025-11-09,NO
3573,46064,130820,522.49,failed,online,2025-11-09,NO
2829,13717,132220,821.36,failed,online,2025-11-09,NO
272,14199,133920,1119.37,failed,online,2025-11-09,NO
1,28697,134214,669.18,failed,online,2025-11-09,NO
4816,18391,137946,1884.87,failed,online,2025-11-09,NO
3163,32241,141762,1135.98,completed,online,2025-11-09,NO
1088,44936,142204,1218.68,failed,online,2025-11-09,NO
541,5054,144079,129.1,completed,online,2025-11-09,NO
4573,36346,144208,1879.93,completed,online,2025-11-09,NO
4844,6719,144432,1275.59,completed,online,2025-11-09,NO
3296,16566,144748,1722.64,failed,online,2025-11-09,NO
1033,35413,144888,899.59,completed,online,2025-11-09,NO
4108,40966,145556,1183.15,failed,online,2025-11-09,NO
645,6324,146082,59.71,failed,online,2025-11-09,NO
695,17646,148286,1729.63,failed,online,2025-11-09,NO
414,7012,1322,525.97,failed,online,2025-08-29,NO
1249,30011,2905,916.82,completed,online,2025-08-29,NO
2881,23396,3743,1757.55,failed,UNKNOWN,2025-08-29,NO
1,48539,9783,1878.52,failed,online,2025-08-29,NO
3090,48935,11717,382.22,completed,online,2025-08-29,NO
1562,39207,11950,1851.08,completed,online,2025-08-29,NO
1,5173,13757,1707.87,completed,online,2025-08-29,NO
3996,26646,14075,1495.9,failed,online,2025-08-29,NO
528,18911,14318,845.39,completed,online,2025-08-29,NO
940,32687,19355,1571.17,failed,online,2025-08-29,NO
3590,30602,25793,925.49,failed,online,2025-08-29,NO
1913,12367,26091,252.15,failed,online,2025-08-29,NO
2092,4672,26965,1216.99,completed,online,2025-08-29,NO
3514,17347,29943,1732.67,failed,online,2025-08-29,NO
3702,39247,31107,400.96,failed,online,2025-08-29,NO
2859,32254,36887,91.68,failed,online,2025-08-29,NO
1395,38508,37409,1011.35,failed,online,2025-08-29,NO
1,43133,38220,1310.65,completed,online,2025-08-29,NO
3357,23774,41832,1629.45,completed,online,2025-08-29,NO
1364,49569,41963,634.25,completed,online,2025-08-29,NO
4313,11581,43537,1953.19,failed,online,2025-08-29,NO
4875,18729,46483,860.19,failed,online,2025-08-29,NO
1381,20955,46622,703.91,completed,online,2025-08-29,NO
4796,9485,54717,828.49,failed,online,2025-08-29,NO
548,43184,57126,811.65,failed,online,2025-08-29,NO
2009,21,57559,898.1,completed,online,2025-08-29,NO
1016,28433,57926,618.78,failed,online,2025-08-29,NO
1666,2203,58810,1659.45,completed,online,2025-08-29,NO
525,11698,58819,1165.14,completed,online,2025-08-29,NO
1123,38882,58878,1381.58,failed,online,2025-08-29,NO
3184,22410,60842,895.94,failed,online,2025-08-29,NO
2682,33804,60913,1001.16,failed,online,2025-08-29,NO
672,24308,61508,1468.89,failed,online,2025-08-29,NO
1585,8672,63233,251.29,failed,online,2025-08-29,NO
4090,39490,63917,905.6,completed,UNKNOWN,2025-08-29,NO
1465,37838,70662,209.15,failed,online,2025-08-29,NO
1424,32088,75973,443.67,completed,online,2025-08-29,NO
1,709,75988,1693.5,failed,online,2025-08-29,NO
1,22245,76484,1775.87,completed,online,2025-08-29,NO
3957,31135,77627,812.59,failed,online,2025-08-29,NO
2598,17606,82091,1189.66,failed,online,2025-08-29,NO
1,43007,82543,482.64,failed,online,2025-08-29,NO
2708,27694,82961,1547.3,failed,online,2025-08-29,NO
1,24541,83092,577.65,completed,online,2025-08-29,NO
4625,48309,83715,1516.39,completed,online,2025-08-29,NO
3511,4976,84357,1849.92,completed,online,2025-08-29,NO
3739,15444,84599,1105.86,completed,online,2025-08-29,NO
1,19971,85268,619.64,failed,online,2025-08-29,NO
2348,12156,88146,464.32,completed,online,2025-08-29,NO
4614,17115,90189,363.57,completed,online,2025-08-29,NO
935,2749,90278,350.34,failed,online,2025-08-29,NO
2096,27186,91715,1522.56,completed,online,2025-08-29,NO
4699,20925,94297,1608.82,completed,online,2025-08-29,NO
2356,26278,94723,301.55,failed,online,2025-08-29,NO
1474,2842,95026,46.68,completed,online,2025-08-29,NO
2712,15447,95300,756.53,completed,online,2025-08-29,NO
1,8244,96455,1054.96,failed,online,2025-08-29,NO
3861,46885,97360,990.14,completed,online,2025-08-29,NO
4446,28116,100408,1671.15,completed,online,2025-08-29,NO
965,46850,101244,416.48,failed,online,2025-08-29,NO
3673,24805,102056,1481.43,completed,online,2025-08-29,NO
33,41269,104641,512.53,completed,online,2025-08-29,NO
3067,20756,105431,877.14,completed,online,2025-08-29,NO
1026,9750,109085,1565.83,failed,online,2025-08-29,NO
2883,45346,112265,1496.96,failed,online,2025-08-29,NO
4629,22549,117048,347.16,failed,online,2025-08-29,NO
3761,10703,123769,215.02,completed,online,2025-08-29,NO
559,1937,124255,6498.435255086591,failed,online,2025-08-29,NO
140,45523,125414,126.21,failed,online,2025-08-29,NO
1,7910,125840,1288.52,completed,online,2025-08-29,NO
3531,42263,125969,1127.7,failed,online,2025-08-29,NO
3867,19856,132326,1226.13,failed,online,2025-08-29,NO
1,1468,135244,1175.46,failed,online,2025-08-29,NO
3602,24023,136000,969.35,failed,online,2025-08-29,NO
674,30396,136834,217.69,completed,online,2025-08-29,NO
622,31234,137124,1342.67,completed,online,2025-08-29,NO
1846,7922,137404,395.38,failed,online,2025-08-29,NO
1,6756,138146,629.29,completed,online,2025-08-29,NO
1,44949,140388,839.74,completed,online,2025-08-29,NO
3414,43161,147559,690.78,completed,online,2025-08-29,NO
112,49858,1171,872.49,failed,online,2025-12-24,NO
1,20142,1360,1028.87,failed,online,2025-12-24,NO
3495,11419,2385,295.42,failed,online,2025-12-24,NO
3949,3658,3648,839.78,completed,online,2025-12-24,NO
810,21168,6181,1906.77,failed,online,2025-12-24,NO
1,47574,7891,1660.73,failed,online,2025-12-24,NO
4838,4405,8562,1471.7,completed,online,2025-12-24,NO
1,45395,10871,1377.39,failed,online,2025-12-24,NO
1,22856,12791,209.19,completed,online,2025-12-24,NO
4385,40655,13498,763.78,failed,online,2025-12-24,NO
2501,20563,14099,1413.87,failed,online,2025-12-24,NO
1760,39438,14473,204.36,failed,online,2025-12-24,NO
2577,23867,15631,988.65,completed,online,2025-12-24,NO
1,31297,16355,255.98,failed,online,2025-12-24,NO
4050,4681,16640,1890.08,failed,online,2025-12-24,NO
1556,47227,17873,756.43,failed,online,2025-12-24,NO
263,38812,19513,1381.02,failed,online,2025-12-24,NO
578,20487,22785,1619.36,completed,online,2025-12-24,NO
957,25379,23899,1098.15,completed,online,2025-12-24,NO
1,14711,24300,1472.01,completed,online,2025-12-24,NO
4145,23128,25214,1019.87,completed,online,2025-12-24,NO
1190,27740,28344,1998.43,completed,online,2025-12-24,NO
1793,23671,28960,827.54,failed,online,2025-12-24,NO
1645,15932,29102,156.91,failed,online,2025-12-24,NO
2973,42527,30875,825.59,failed,online,2025-12-24,NO
1987,49287,32707,1202.77,completed,online,2025-12-24,NO
327,34899,33352,5266.279809924807,completed,online,2025-12-24,NO
4780,16405,33641,1702.47,completed,online,2025-12-24,NO
4763,47380,33785,1233.56,failed,online,2025-12-24,NO
3409,49562,36064,642.06,completed,online,2025-12-24,NO
201,33022,36374,928.24,failed,online,2025-12-24,NO
1,32912,38674,232.87,failed,online,2025-12-24,NO
2060,18835,43022,1086.67,completed,online,2025-12-24,NO
1,46062,45109,1642.16,failed,online,2025-12-24,NO
1333,11756,50647,1578.45,completed,online,2025-12-24,NO
3657,34647,52298,194.57,completed,online,2025-12-24,NO
3089,48165,53628,1594.86,failed,online,2025-12-24,NO
1,25116,53832,1009.18,failed,online,2025-12-24,NO
1,38569,54509,1700.52,completed,online,2025-12-24,NO
1035,32879,55085,1565.59,completed,online,2025-12-24,NO
298,48229,60379,1169.87,failed,online,2025-12-24,NO
3031,27171,64779,1777.33,failed,online,2025-12-24,NO
1600,44581,64845,1177.7,failed,online,2025-12-24,NO
1804,11720,66737,1728.93,completed,online,2025-12-24,NO
1906,12887,69886,968.61,failed,online,2025-12-24,NO
886,21129,70648,1591.8,failed,online,2025-12-24,NO
4939,27691,72342,1197.95,completed,online,2025-12-24,NO
3921,34442,77188,1241.21,completed,online,2025-12-24,NO
1,39983,78119,540.07,completed,online,2025-12-24,NO
2377,41445,79542,238.96,failed,online,2025-12-24,NO
3934,7060,80400,299.75,failed,online,2025-12-24,NO
2830,3088,82904,1981.22,completed,online,2025-12-24,NO
1,29020,83525,1939.89,completed,online,2025-12-24,NO
1,47128,85073,1014.88,failed,online,2025-12-24,NO
1,14002,94183,137.56,completed,online,2025-12-24,NO
1,39479,96424,1660.41,failed,online,2025-12-24,NO
239,42517,96654,1664.04,failed,online,2025-12-24,NO
3667,38487,97246,789.57,completed,online,2025-12-24,NO
684,49466,104590,1803.29,failed,online,2025-12-24,NO
3027,49070,104992,1167.06,completed,online,2025-12-24,NO
742,12994,109784,793.11,failed,online,2025-12-24,NO
2654,4774,110727,751.91,completed,UNKNOWN,2025-12-24,NO
1873,12299,110822,1691.24,failed,UNKNOWN,2025-12-24,NO
1228,32212,113949,27.59,completed,online,2025-12-24,NO
2649,25144,121057,1243.97,failed,online,2025-12-24,NO
3258,28579,121370,1459.49,completed,online,2025-12-24,NO
3787,40599,125951,76.9,failed,online,2025-12-24,NO
343,49501,132581,220.99,completed,online,2025-12-24,NO
2407,42740,133282,1876.9,completed,UNKNOWN,2025-12-24,NO
822,40908,134791,312.48,failed,online,2025-12-24,NO
4623,49052,135581,1430.04,failed,online,2025-12-24,NO
1296,35617,137472,1957.83,completed,online,2025-12-24,NO
2279,36428,138212,165.12,completed,online,2025-12-24,NO
1,22752,141661,415.75,failed,online,2025-12-24,NO
1,34731,142151,1647.15,failed,online,2025-12-24,NO
543,7682,143672,874.29,completed,online,2025-12-24,NO
719,32499,144032,148.42,completed,online,2025-12-24,NO
1086,5133,144795,79.97,completed,online,2025-12-24,NO
1,28035,149122,1911.08,failed,online,2025-12-24,NO
2013,45690,149160,575.51,failed,online,2025-12-24,NO
56,45777,34,1028.23,completed,online,2025-08-24,NO
3390,18276,1496,1852.39,failed,UNKNOWN,2025-08-24,NO
4299,4947,1633,430.48,completed,online,2025-08-24,NO
1358,28288,1892,612.12,failed,online,2025-08-24,NO
1,31991,5090,449.93,failed,online,2025-08-24,NO
1100,25135,7324,1624.08,failed,online,2025-08-24,NO
2412,7056,7446,1453.87,failed,online,2025-08-24,NO
4276,44077,8210,269.84,failed,online,2025-08-24,NO
1688,23905,10037,430.1,failed,online,2025-08-24,NO
3501,30879,14536,1120.0,completed,online,2025-08-24,NO
4729,5298,22030,1378.51,completed,online,2025-08-24,NO
560,7759,25955,1728.38,failed,online,2025-08-24,NO
1859,27195,27255,1032.8,failed,online,2025-08-24,NO
1234,9236,27537,254.16,failed,online,2025-08-24,NO
2666,11514,28075,721.0,failed,online,2025-08-24,NO
4960,20368,29791,1942.69,completed,online,2025-08-24,NO
3831,26293,36487,493.45,completed,online,2025-08-24,NO
570,31614,38121,1255.69,completed,online,2025-08-24,NO
4594,39827,39957,1074.93,completed,online,2025-08-24,NO
3840,5707,46932,1694.28,completed,online,2025-08-24,NO
4674,1092,47431,1363.19,completed,online,2025-08-24,NO
4406,27210,47641,9664.312444522278,failed,UNKNOWN,2025-08-24,NO
3212,32329,50676,424.57,failed,online,2025-08-24,NO
1045,28150,51194,1020.8,failed,online,2025-08-24,NO
4371,28851,53052,1318.36,failed,online,2025-08-24,NO
3020,8824,55972,1689.06,completed,online,2025-08-24,NO
3839,42312,57453,262.63,completed,online,2025-08-24,NO
4333,46635,58674,1040.24,completed,online,2025-08-24,NO
2173,36326,61975,249.47,failed,online,2025-08-24,NO
3919,37579,67937,1085.34,completed,online,2025-08-24,NO
513,1939,70355,1071.6,failed,online,2025-08-24,NO
4195,44841,72198,1893.46,failed,online,2025-08-24,NO
2553,34432,72241,889.25,failed,online,2025-08-24,NO
4508,10649,73298,1064.77,completed,online,2025-08-24,NO
721,10080,79327,1682.49,failed,online,2025-08-24,NO
2092,15452,80433,425.01,failed,online,2025-08-24,NO
948,25480,81018,889.41,completed,online,2025-08-24,NO
2206,14594,82058,1207.97,completed,online,2025-08-24,NO
2169,42616,83067,1964.65,failed,online,2025-08-24,NO
2058,20133,83746,1421.79,failed,online,2025-08-24,NO
791,15341,87654,576.67,completed,online,2025-08-24,NO
3686,44542,89320,649.46,failed,online,2025-08-24,NO
1282,5620,92104,1995.88,completed,online,2025-08-24,NO
298,16752,93038,686.91,failed,online,2025-08-24,NO
1,44042,94137,1239.42,completed,online,2025-08-24,NO
1,31338,95081,607.38,failed,online,2025-08-24,NO
154,43903,99338,1232.16,failed,online,2025-08-24,NO
660,48188,100478,838.99,completed,online,2025-08-24,NO
2957,10037,101602,286.88,failed,online,2025-08-24,NO
2372,42748,101973,1534.68,completed,online,2025-08-24,NO
2997,48462,102269,536.97,failed,online,2025-08-24,NO
1064,11151,102818,499.73,failed,online,2025-08-24,NO
3231,48467,108593,1448.51,failed,online,2025-08-24,NO
1,18577,112452,739.76,completed,online,2025-08-24,NO
2407,20733,113616,171.62,completed,online,2025-08-24,NO
1267,33002,114079,924.33,completed,online,2025-08-24,NO
889,41418,115410,1423.44,failed,online,2025-08-24,NO
73,7048,115609,1224.13,failed,online,2025-08-24,NO
4163,31059,118028,303.35,completed,online,2025-08-24,NO
1010,39163,124992,653.65,completed,online,2025-08-24,NO
3207,32914,127475,688.4,failed,online,2025-08-24,NO
3753,32824,127878,1760.47,completed,online,2025-08-24,NO
3616,45013,129721,688.69,completed,online,2025-08-24,NO
4043,19264,131307,907.86,completed,online,2025-08-24,NO
4187,12508,132914,196.97,failed,online,2025-08-24,NO
1,36201,132939,1306.85,completed,online,2025-08-24,NO
1,17179,135637,668.58,completed,online,2025-08-24,NO
1497,1773,137614,1588.48,failed,online,2025-08-24,NO
3061,46713,140452,947.19,completed,online,2025-08-24,NO
3344,11397,141292,1244.56,failed,online,2025-08-24,NO
3297,29586,141555,1380.29,completed,online,2025-08-24,NO
1624,40383,141815,1847.65,completed,online,2025-08-24,NO
3034,38103,145196,873.69,completed,online,2025-08-24,NO
3860,13889,145749,1387.22,failed,online,2025-08-24,NO
1405,41718,146837,448.76,failed,online,2025-08-24,NO
2653,5553,146987,1832.71,completed,online,2025-08-24,NO
4095,23576,147065,503.87,completed,online,2025-08-24,NO
1965,11238,147905,1198.34,failed,online,2025-08-24,NO
3101,25910,148945,906.19,failed,online,2025-08-24,NO
