product_id,customer_id,transaction_id,amount,status,channel,transaction_date,fraud_flag
1628,6360,904,1265.35,completed,online,2025-04-01,NO
1923,35974,2699,980.8,failed,online,2025-04-01,NO
2798,42016,4006,1510.49,failed,online,2025-04-01,NO
1,18513,6676,454.24,completed,online,2025-04-01,NO
2224,1707,6720,1914.24,failed,online,2025-04-01,NO
2752,9947,8699,1629.56,failed,online,2025-04-01,NO
2897,39248,11572,848.98,failed,online,2025-04-01,NO
1877,4031,14967,1108.85,completed,online,2025-04-01,NO
4618,2824,15128,1148.74,completed,online,2025-04-01,NO
3422,4126,18745,545.25,failed,online,2025-04-01,NO
146,28246,18786,457.11,completed,online,2025-04-01,NO
2664,33808,19512,1620.83,completed,online,2025-04-01,NO
2996,32068,30455,1794.23,completed,online,2025-04-01,NO
3197,47546,34862,1071.18,completed,online,2025-04-01,NO
2607,41993,35248,1849.85,failed,online,2025-04-01,NO
1,20870,41150,609.97,completed,online,2025-04-01,NO
4715,4209,44044,295.9,completed,online,2025-04-01,NO
887,17134,48052,119.16,completed,UNKNOWN,2025-04-01,NO
1,46142,49246,1094.22,failed,online,2025-04-01,NO
3972,16495,52407,256.43,failed,online,2025-04-01,NO
1,35006,59268,1474.5,completed,online,2025-04-01,NO
717,41403,61613,1906.08,completed,online,2025-04-01,NO
1059,16501,63321,522.13,failed,online,2025-04-01,NO
3421,11414,68217,1490.61,completed,online,2025-04-01,NO
4916,25662,69520,268.78,completed,online,2025-04-01,NO
2661,47507,72867,48.64,failed,online,2025-04-01,NO
1183,9038,76395,1214.54,failed,online,2025-04-01,NO
1763,35617,77119,985.49,failed,online,2025-04-01,NO
723,28071,79104,883.32,completed,online,2025-04-01,NO
3728,7201,80761,523.39,completed,online,2025-04-01,NO
1,32191,81901,1382.64,completed,online,2025-04-01,NO
1509,31352,83058,553.08,completed,online,2025-04-01,NO
4664,35817,83625,1485.92,completed,online,2025-04-01,NO
1,26420,86495,1563.27,completed,online,2025-04-01,NO
1,8421,87320,1361.74,completed,online,2025-04-01,NO
1994,13822,87725,957.58,failed,online,2025-04-01,NO
1173,49447,92313,181.05,failed,UNKNOWN,2025-04-01,NO
1,26134,93175,1729.37,completed,online,2025-04-01,NO
2534,38114,94052,292.95,completed,online,2025-04-01,NO
1,26503,96891,1737.03,completed,online,2025-04-01,NO
1033,28601,97987,1759.78,failed,online,2025-04-01,NO
4151,1082,99018,422.01,failed,online,2025-04-01,NO
1,33752,103718,116.56,completed,online,2025-04-01,NO
2653,28932,104074,6064.640537140305,completed,online,2025-04-01,NO
1,22231,110043,1233.45,completed,online,2025-04-01,NO
282,43628,110443,1600.72,completed,online,2025-04-01,NO
1,5693,113514,1224.97,completed,online,2025-04-01,NO
340,556,114873,733.47,failed,online,2025-04-01,NO
3432,36071,116837,1407.66,completed,online,2025-04-01,NO
1759,26530,117614,365.59,failed,online,2025-04-01,NO
1,44687,118245,1258.2,failed,online,2025-04-01,NO
3763,4026,119085,640.58,completed,online,2025-04-01,NO
279,28819,125802,1867.57,failed,online,2025-04-01,NO
4687,35266,127893,1690.58,failed,online,2025-04-01,NO
4252,17534,128714,1979.82,failed,online,2025-04-01,NO
3697,7407,130287,463.98,failed,online,2025-04-01,NO
2961,3766,130308,1065.74,failed,online,2025-04-01,NO
631,46677,134730,1972.05,failed,online,2025-04-01,NO
4391,41316,136995,522.08,completed,online,2025-04-01,NO
1,36706,144523,1251.19,failed,online,2025-04-01,NO
1,36947,145315,1285.11,failed,online,2025-04-01,NO
1169,48429,146088,1083.54,completed,online,2025-04-01,NO
1511,41350,146577,743.07,failed,online,2025-04-01,NO
4429,25510,10522,533.6,failed,online,2025-12-09,NO
4291,11024,10652,936.72,completed,online,2025-12-09,NO
621,12992,13274,467.42,failed,online,2025-12-09,NO
2433,7999,13647,597.49,failed,online,2025-12-09,NO
1196,18728,16356,685.94,failed,online,2025-12-09,NO
4949,37705,25860,1382.02,completed,online,2025-12-09,NO
3979,20042,27155,1932.52,completed,online,2025-12-09,NO
4918,24709,27164,1300.33,failed,online,2025-12-09,NO
2788,4622,28128,1123.78,failed,online,2025-12-09,NO
2258,33185,28529,1189.96,completed,online,2025-12-09,NO
1,49357,29925,1325.94,failed,online,2025-12-09,NO
1675,48641,30328,1650.71,failed,online,2025-12-09,NO
3176,5066,38434,1017.79,completed,online,2025-12-09,NO
850,41985,48393,320.76,failed,UNKNOWN,2025-12-09,NO
1,16931,48794,893.31,failed,UNKNOWN,2025-12-09,NO
3938,49848,50691,1117.63,failed,online,2025-12-09,NO
4278,889,52903,536.4,completed,online,2025-12-09,NO
1,32315,54047,1780.51,failed,online,2025-12-09,NO
2679,22628,61671,158.3,failed,online,2025-12-09,NO
1,163,65412,1815.7,completed,online,2025-12-09,NO
2978,20893,67886,1790.28,completed,online,2025-12-09,NO
954,13768,70772,316.57,failed,online,2025-12-09,NO
991,5718,71216,818.56,completed,online,2025-12-09,NO
1,25609,77724,42.9,failed,online,2025-12-09,NO
2338,45599,77761,1621.02,completed,online,2025-12-09,NO
1,5647,80930,1928.27,completed,online,2025-12-09,NO
25,39284,88635,1023.27,completed,online,2025-12-09,NO
2240,43882,90253,597.69,completed,online,2025-12-09,NO
2001,24929,91998,1189.49,completed,online,2025-12-09,NO
1,15363,95513,170.33,completed,online,2025-12-09,NO
275,25210,95790,1412.2,completed,online,2025-12-09,NO
874,32560,96120,646.32,failed,online,2025-12-09,NO
4630,43774,97627,630.87,completed,online,2025-12-09,NO
2564,11185,98387,1376.41,failed,online,2025-12-09,NO
1,866,99419,1865.86,failed,UNKNOWN,2025-12-09,NO
3218,26834,101113,1666.46,failed,online,2025-12-09,NO
4380,42746,101297,825.59,completed,online,2025-12-09,NO
1,47401,101398,398.36,failed,online,2025-12-09,NO
2100,33104,103894,1884.82,completed,online,2025-12-09,NO
1,9163,106711,1726.11,failed,online,2025-12-09,NO
4906,25475,112047,1071.07,failed,online,2025-12-09,NO
3946,38775,112399,61.08,failed,online,2025-12-09,NO
1817,22724,112750,69.72,failed,online,2025-12-09,NO
1,42967,114017,1159.45,failed,online,2025-12-09,NO
1,5259,115490,1239.71,failed,online,2025-12-09,NO
801,29486,118062,1702.61,completed,online,2025-12-09,NO
1,23328,120605,610.54,completed,online,2025-12-09,NO
1635,34294,125355,1979.87,completed,online,2025-12-09,NO
3283,41522,128711,963.58,failed,online,2025-12-09,NO
2345,44350,128766,1709.44,failed,online,2025-12-09,NO
1253,41692,132342,1637.19,completed,online,2025-12-09,NO
1,27251,132722,781.67,failed,online,2025-12-09,NO
1612,21504,135702,1084.24,failed,online,2025-12-09,NO
77,5839,135911,1735.98,failed,online,2025-12-09,NO
3125,6042,141970,69.13,failed,online,2025-12-09,NO
3638,36359,142523,1213.32,failed,online,2025-12-09,NO
1,15530,142569,9415.725774054645,completed,online,2025-12-09,NO
789,14689,144051,519.66,completed,online,2025-12-09,NO
2471,22298,146313,1768.31,completed,online,2025-12-09,NO
731,26512,146539,1295.19,completed,online,2025-12-09,NO
1456,27122,148146,25.68,failed,online,2025-12-09,NO
1239,13226,148152,1974.43,failed,online,2025-12-09,NO
1093,26719,149089,1721.18,completed,online,2025-12-09,NO
736,11718,998,1653.97,completed,online,2025-04-27,NO
1095,11720,5000,1540.34,completed,online,2025-04-27,NO
3723,37342,6103,1418.01,completed,online,2025-04-27,NO
503,21474,6840,1672.71,completed,online,2025-04-27,NO
2246,14946,7549,733.69,failed,online,2025-04-27,NO
4256,46139,9276,1258.98,failed,online,2025-04-27,NO
1,41330,11028,1334.86,failed,online,2025-04-27,NO
3707,34578,14615,1381.34,completed,online,2025-04-27,NO
1516,38034,14998,1459.63,failed,online,2025-04-27,NO
975,8843,17249,334.67,failed,online,2025-04-27,NO
1012,359,17655,1963.59,failed,online,2025-04-27,NO
1,7840,19184,871.21,failed,online,2025-04-27,NO
1,41779,19852,911.98,failed,online,2025-04-27,NO
3400,9129,20047,1169.86,failed,online,2025-04-27,NO
4469,13317,26616,1124.14,failed,online,2025-04-27,NO
2264,7720,28537,1926.88,completed,online,2025-04-27,NO
3158,35324,32532,671.99,completed,online,2025-04-27,NO
4512,13781,33563,911.36,failed,online,2025-04-27,NO
1563,10688,42829,1886.81,failed,online,2025-04-27,NO
1691,42886,43639,251.66,failed,online,2025-04-27,NO
3026,28036,48256,1815.85,completed,online,2025-04-27,NO
1605,18823,49269,576.52,completed,online,2025-04-27,NO
70,33158,54226,1884.75,failed,online,2025-04-27,NO
1,22440,55295,1561.46,failed,online,2025-04-27,NO
2825,26168,59090,782.28,completed,online,2025-04-27,NO
323,42772,61692,1472.55,failed,online,2025-04-27,NO
1342,33747,61935,700.35,completed,online,2025-04-27,NO
1970,34913,63585,1040.64,failed,online,2025-04-27,NO
1,38006,64795,1058.22,completed,online,2025-04-27,NO
3918,597,69485,1401.36,completed,online,2025-04-27,NO
1469,45001,70877,1480.75,completed,online,2025-04-27,NO
1,17917,75866,1031.19,failed,online,2025-04-27,NO
2675,30527,76206,1990.42,failed,online,2025-04-27,NO
3597,21716,78582,1840.2,failed,online,2025-04-27,NO
1421,47116,82244,1192.75,completed,online,2025-04-27,NO
266,22739,83237,632.85,failed,UNKNOWN,2025-04-27,NO
2647,41493,84302,1596.96,failed,online,2025-04-27,NO
4272,9229,84939,1455.16,completed,online,2025-04-27,NO
1,12646,85635,174.23,failed,online,2025-04-27,NO
2378,10878,87521,889.81,failed,online,2025-04-27,NO
3833,47333,88855,88.86,completed,online,2025-04-27,NO
1,12936,91630,1357.25,completed,online,2025-04-27,NO
538,18543,97701,672.32,failed,online,2025-04-27,NO
4485,36500,99155,1964.89,failed,online,2025-04-27,NO
3482,1079,101120,114.42,completed,online,2025-04-27,NO
3430,2660,103834,411.4,failed,online,2025-04-27,NO
3350,36899,104857,379.67,completed,online,2025-04-27,NO
206,14677,107287,1135.3,completed,online,2025-04-27,NO
4545,43341,110351,1801.66,completed,online,2025-04-27,NO
1964,21011,111965,806.64,completed,online,2025-04-27,NO
470,46889,113147,1799.66,failed,online,2025-04-27,NO
1,34794,114157,911.96,failed,online,2025-04-27,NO
1,26556,117861,1244.29,failed,online,2025-04-27,NO
4522,36071,118909,1816.48,completed,online,2025-04-27,NO
2351,13581,119095,504.09,completed,online,2025-04-27,NO
1443,1962,123519,643.96,completed,online,2025-04-27,NO
2488,35731,132447,473.85,completed,online,2025-04-27,NO
1648,30862,132846,243.82,failed,online,2025-04-27,NO
788,13854,133985,32.96,failed,online,2025-04-27,NO
4803,33306,134929,1013.49,completed,online,2025-04-27,NO
2032,39120,136655,447.4,failed,online,2025-04-27,NO
2477,35784,141257,1088.68,completed,online,2025-04-27,NO
3015,39463,149991,189.98,failed,online,2025-04-27,NO
1067,3866,707,1035.02,failed,online,2025-05-01,NO
3439,17072,3105,1944.71,failed,online,2025-05-01,NO
3007,29332,4291,532.22,completed,online,2025-05-01,NO
3587,27651,4477,1032.21,failed,online,2025-05-01,NO
1140,89,6460,1723.51,failed,online,2025-05-01,NO
1602,23295,6597,1945.29,completed,online,2025-05-01,NO
891,26550,7896,1905.53,completed,online,2025-05-01,NO
4241,31224,12750,1267.83,completed,online,2025-05-01,NO
1,31789,14354,213.95,failed,online,2025-05-01,NO
1,12294,14814,1516.09,failed,online,2025-05-01,NO
3332,38699,15559,1169.15,completed,online,2025-05-01,NO
2270,18687,18741,872.34,failed,online,2025-05-01,NO
1,33438,21577,598.13,completed,online,2025-05-01,NO
4329,9446,22672,1209.45,completed,online,2025-05-01,NO
3402,32262,22873,1573.77,failed,online,2025-05-01,NO
4382,34494,23367,1349.1,failed,online,2025-05-01,NO
2730,38715,27456,1594.21,failed,online,2025-05-01,NO
1,29830,29704,1221.36,completed,online,2025-05-01,NO
520,42140,31455,646.41,failed,online,2025-05-01,NO
2025,7721,36184,739.75,failed,online,2025-05-01,NO
1,1827,38297,1286.64,failed,online,2025-05-01,NO
1512,12529,38902,71.33,failed,online,2025-05-01,NO
1,46250,39884,793.17,failed,online,2025-05-01,NO
1,14905,41305,1476.18,failed,online,2025-05-01,NO
3543,17528,41418,438.35,completed,online,2025-05-01,NO
1077,23364,41990,1949.14,completed,online,2025-05-01,NO
2104,34900,42306,1530.98,completed,online,2025-05-01,NO
3247,21764,42733,999.51,failed,online,2025-05-01,NO
1075,25078,42890,1896.76,completed,online,2025-05-01,NO
2616,5547,43540,1003.63,completed,UNKNOWN,2025-05-01,NO
3081,24390,48045,1512.78,completed,online,2025-05-01,NO
3334,38149,50155,972.98,completed,online,2025-05-01,NO
3661,12011,53712,1625.41,failed,online,2025-05-01,NO
4861,36857,53969,234.68,completed,online,2025-05-01,NO
2835,1140,54242,1847.74,completed,online,2025-05-01,NO
2535,44789,57224,1302.88,failed,online,2025-05-01,NO
4334,46083,58063,1898.39,completed,online,2025-05-01,NO
1,32602,61905,877.66,completed,online,2025-05-01,NO
2046,20938,63453,88.95,completed,online,2025-05-01,NO
3048,39241,64958,1039.02,completed,online,2025-05-01,NO
1554,2175,66960,1771.04,completed,online,2025-05-01,NO
4465,10723,72449,6433.075847712738,completed,online,2025-05-01,NO
2608,8826,77091,293.19,failed,online,2025-05-01,NO
1882,48992,79641,1041.45,completed,online,2025-05-01,NO
3349,32399,95212,1304.13,failed,online,2025-05-01,NO
1919,29505,99304,126.38,completed,online,2025-05-01,NO
2502,44084,100274,224.26,completed,online,2025-05-01,NO
1,8773,104905,507.58,failed,online,2025-05-01,NO
1,34521,106317,1744.36,failed,online,2025-05-01,NO
1,9636,106965,344.99,failed,online,2025-05-01,NO
1509,46079,109372,1210.6,completed,online,2025-05-01,NO
2179,39735,112557,1773.69,completed,online,2025-05-01,NO
3510,3089,116698,969.03,completed,online,2025-05-01,NO
2742,31948,118146,1921.23,completed,online,2025-05-01,NO
3158,47759,125133,109.33,completed,online,2025-05-01,NO
4197,38253,126099,1841.74,completed,online,2025-05-01,NO
572,6917,128415,1848.47,failed,online,2025-05-01,NO
2554,16501,132934,1397.72,failed,online,2025-05-01,NO
1816,38776,133638,585.6,failed,online,2025-05-01,NO
1,38892,142005,1252.95,completed,online,2025-05-01,NO
2574,29735,145868,1900.09,completed,online,2025-05-01,NO
1153,23377,145962,1907.69,failed,online,2025-05-01,NO
3718,46957,3348,547.03,completed,online,2025-04-13,NO
555,37243,3825,444.79,completed,online,2025-04-13,NO
2768,33109,11463,1771.28,completed,online,2025-04-13,NO
19,8052,14696,1020.56,failed,online,2025-04-13,NO
220,4379,14728,669.55,completed,online,2025-04-13,NO
3385,36347,16689,1742.65,failed,online,2025-04-13,NO
4944,46006,18561,300.38,failed,online,2025-04-13,NO
3788,3745,22948,538.99,failed,online,2025-04-13,NO
3361,20757,22999,1522.79,failed,online,2025-04-13,NO
3134,1026,23203,131.43,completed,online,2025-04-13,NO
1249,21401,23256,592.12,completed,online,2025-04-13,NO
3710,3218,25503,1303.87,failed,online,2025-04-13,NO
1,32851,27562,1452.28,completed,online,2025-04-13,NO
2023,9519,34626,1897.49,completed,online,2025-04-13,NO
3927,25360,40020,685.46,completed,online,2025-04-13,NO
30,46036,44626,1066.16,completed,online,2025-04-13,NO
436,10364,47269,826.57,completed,online,2025-04-13,NO
2584,36464,47444,1152.53,failed,online,2025-04-13,NO
1,32323,50897,1208.17,failed,online,2025-04-13,NO
1,46080,51963,1475.8,failed,online,2025-04-13,NO
4797,38099,53222,1675.2,completed,online,2025-04-13,NO
4530,39692,63068,634.66,failed,online,2025-04-13,NO
905,31510,64290,507.14,completed,online,2025-04-13,NO
1,26887,64500,1798.03,failed,online,2025-04-13,NO
4461,19908,67539,1272.64,completed,online,2025-04-13,NO
4167,34958,70011,944.72,completed,online,2025-04-13,NO
2965,20127,75235,307.43,completed,online,2025-04-13,NO
2106,37685,77864,1600.33,completed,online,2025-04-13,NO
1,44002,80019,703.4,failed,online,2025-04-13,NO
1,31103,80293,319.5,failed,online,2025-04-13,NO
116,24529,84365,430.45,failed,online,2025-04-13,NO
304,9360,86790,1607.16,completed,online,2025-04-13,NO
3808,4004,86943,680.69,failed,online,2025-04-13,NO
2685,20644,89610,1101.58,completed,online,2025-04-13,NO
2410,26274,91524,697.77,failed,online,2025-04-13,NO
1,19100,91961,398.83,failed,online,2025-04-13,NO
829,2928,92904,714.5,completed,online,2025-04-13,NO
1,11694,99533,1144.76,failed,online,2025-04-13,NO
2165,34560,101946,548.71,failed,online,2025-04-13,NO
1,13016,104491,1611.01,completed,online,2025-04-13,NO
114,21553,104677,131.24,completed,online,2025-04-13,NO
261,8698,109835,1434.78,failed,online,2025-04-13,NO
1986,34497,110036,1512.57,failed,online,2025-04-13,NO
1,9131,110359,660.21,failed,online,2025-04-13,NO
1,15220,111075,1585.85,failed,online,2025-04-13,NO
2583,40500,111579,1483.08,failed,online,2025-04-13,NO
4481,26402,114710,221.55,failed,online,2025-04-13,NO
2502,30809,117285,1319.62,failed,online,2025-04-13,NO
1660,5159,118266,1671.43,completed,online,2025-04-13,NO
4462,12801,122921,185.05,failed,online,2025-04-13,NO
1,3883,123145,1264.51,failed,online,2025-04-13,NO
1238,23548,126518,274.04,failed,online,2025-04-13,NO
2042,6319,126592,1612.98,failed,online,2025-04-13,NO
1811,186,126756,1502.07,failed,online,2025-04-13,NO
2247,19710,127487,347.77,failed,online,2025-04-13,NO
2624,23440,129863,1087.6,failed,online,2025-04-13,NO
3717,29299,133601,130.46,completed,online,2025-04-13,NO
2638,36170,134422,908.15,completed,online,2025-04-13,NO
2512,15490,139445,1217.53,completed,online,2025-04-13,NO
26,17739,145503,318.49,failed,online,2025-04-13,NO
579,38889,147108,761.83,completed,online,2025-04-13,NO
1,24294,148215,1773.71,failed,online,2025-04-13,NO
2110,45445,149454,1190.9,completed,online,2025-04-13,NO
409,35437,18,517.25,failed,online,2025-04-04,NO
1654,18257,1193,1874.45,completed,online,2025-04-04,NO
3033,11182,5125,1369.01,completed,online,2025-04-04,NO
236,2198,5377,176.49,failed,UNKNOWN,2025-04-04,NO
3352,36834,5455,1462.62,completed,online,2025-04-04,NO
3548,29593,5902,1133.02,completed,online,2025-04-04,NO
4320,8927,8863,362.5,completed,online,2025-04-04,NO
1,34920,10219,817.06,failed,online,2025-04-04,NO
2699,26774,10270,1749.34,completed,online,2025-04-04,NO
3260,17005,10987,1596.09,failed,online,2025-04-04,NO
1,19109,13395,792.04,completed,online,2025-04-04,NO
2521,13911,17136,1458.61,failed,online,2025-04-04,NO
1,43607,21506,1400.78,failed,online,2025-04-04,NO
1304,10724,22940,1451.89,failed,online,2025-04-04,NO
4470,21440,24262,732.56,completed,online,2025-04-04,NO
1568,29765,28341,1819.27,completed,online,2025-04-04,NO
1,30080,28407,1518.54,failed,UNKNOWN,2025-04-04,NO
2682,47277,29577,175.1,failed,online,2025-04-04,NO
3056,17769,39758,1566.1,failed,online,2025-04-04,NO
1,43556,41839,59.47,completed,online,2025-04-04,NO
1328,29216,42401,108.95,failed,online,2025-04-04,NO
3381,23376,46665,588.58,failed,online,2025-04-04,NO
2562,15354,47273,1587.6,completed,online,2025-04-04,NO
4762,20152,50931,1590.69,failed,online,2025-04-04,NO
97,42608,51495,705.97,failed,online,2025-04-04,NO
3900,39115,57673,1844.58,completed,online,2025-04-04,NO
349,28826,58592,1153.99,completed,online,2025-04-04,NO
3529,45706,62551,727.28,completed,online,2025-04-04,NO
1,46607,69552,305.7,failed,online,2025-04-04,NO
1594,10523,69680,1230.71,completed,online,2025-04-04,NO
2792,20260,70255,1974.97,completed,online,2025-04-04,NO
1,37333,72189,1656.49,completed,online,2025-04-04,NO
2757,73,72803,71.9,failed,UNKNOWN,2025-04-04,NO
4119,22872,73356,53.85,failed,online,2025-04-04,NO
3741,2318,74352,1800.81,failed,online,2025-04-04,NO
3250,38564,77711,1848.59,failed,online,2025-04-04,NO
2077,10094,78073,888.41,completed,online,2025-04-04,NO
4570,26199,80454,327.52,completed,online,2025-04-04,NO
3366,26616,85031,104.95,failed,online,2025-04-04,NO
2462,3689,87261,1411.9,completed,online,2025-04-04,NO
1,16830,89162,1150.54,failed,online,2025-04-04,NO
993,43530,94648,245.56,failed,online,2025-04-04,NO
1,33667,97436,1872.44,failed,online,2025-04-04,NO
2178,36196,100768,1271.91,failed,online,2025-04-04,NO
939,48583,104234,715.48,failed,online,2025-04-04,NO
3450,15377,108413,88.38,failed,online,2025-04-04,NO
4328,14029,113723,106.35,completed,online,2025-04-04,NO
1,44679,116402,1949.57,failed,online,2025-04-04,NO
1449,21059,122588,622.46,failed,online,2025-04-04,NO
1131,24326,123092,1722.46,completed,online,2025-04-04,NO
1,47724,124821,753.72,completed,online,2025-04-04,NO
563,16787,125209,587.94,failed,online,2025-04-04,NO
607,1580,126575,944.68,failed,online,2025-04-04,NO
1,32329,129001,1245.69,completed,online,2025-04-04,NO
2465,43850,132481,309.08,completed,online,2025-04-04,NO
3558,34413,135542,450.04,completed,online,2025-04-04,NO
1,14049,137375,1129.38,completed,online,2025-04-04,NO
1313,17556,139767,1649.65,failed,online,2025-04-04,NO
1,8831,142270,955.63,failed,online,2025-04-04,NO
1,9211,142552,130.22,completed,online,2025-04-04,NO
894,31764,148139,88.41,failed,online,2025-04-04,NO
1016,43082,148287,714.63,failed,online,2025-04-04,NO
4674,23808,148502,173.56,completed,online,2025-04-04,NO
148,14257,454,592.16,completed,online,2025-06-30,NO
1,9501,5403,1581.74,completed,online,2025-06-30,NO
124,41899,6908,785.02,failed,online,2025-06-30,NO
4731,45146,8013,54.16,failed,online,2025-06-30,NO
161,4102,8554,1319.21,failed,online,2025-06-30,NO
3842,28304,15998,1592.83,completed,online,2025-06-30,NO
1574,31602,16623,1892.61,completed,online,2025-06-30,NO
2904,31468,17498,964.63,failed,online,2025-06-30,NO
1,20009,18505,690.28,completed,online,2025-06-30,NO
1784,27453,19751,215.19,failed,online,2025-06-30,NO
534,11840,20895,1809.19,failed,online,2025-06-30,NO
3583,5910,24064,1092.44,failed,online,2025-06-30,NO
203,35409,32575,1465.26,completed,online,2025-06-30,NO
3233,39035,34068,1194.74,completed,online,2025-06-30,NO
1,12734,36708,1749.88,completed,online,2025-06-30,NO
1189,2907,42677,1580.64,completed,online,2025-06-30,NO
1014,10673,50520,1267.22,failed,online,2025-06-30,NO
3144,5781,52548,441.47,failed,online,2025-06-30,NO
261,28566,53978,428.57,failed,online,2025-06-30,NO
4673,7475,55806,1103.12,completed,online,2025-06-30,NO
3105,2609,58109,968.8,failed,online,2025-06-30,NO
680,19894,59906,1140.36,completed,online,2025-06-30,NO
2649,35332,61304,1606.78,completed,online,2025-06-30,NO
1595,21827,61374,1425.27,failed,online,2025-06-30,NO
2498,43133,64782,1929.7,completed,online,2025-06-30,NO
658,39960,68938,1479.29,failed,UNKNOWN,2025-06-30,NO
388,31588,69398,265.67,failed,UNKNOWN,2025-06-30,NO
1,41414,72780,1005.44,failed,online,2025-06-30,NO
2102,34190,75503,634.19,completed,online,2025-06-30,NO
1,35680,80112,1871.5,completed,online,2025-06-30,NO
1167,1933,84962,1657.94,completed,online,2025-06-30,NO
1121,36928,86588,908.89,failed,online,2025-06-30,NO
1,9695,87273,766.38,failed,online,2025-06-30,NO
1540,48480,87655,1525.42,failed,online,2025-06-30,NO
4420,39342,89346,842.82,completed,online,2025-06-30,NO
2153,28968,94375,400.36,failed,online,2025-06-30,NO
4777,20238,94761,1812.18,failed,online,2025-06-30,NO
983,31251,99237,58.87,failed,online,2025-06-30,NO
1472,19271,102117,1037.22,failed,online,2025-06-30,NO
257,8888,103355,1308.36,completed,online,2025-06-30,NO
1158,3085,103415,342.14,completed,online,2025-06-30,NO
1269,33748,103512,448.01,completed,online,2025-06-30,NO
2376,18612,104662,27.55,completed,online,2025-06-30,NO
302,27368,107791,646.38,completed,online,2025-06-30,NO
3088,1597,111435,1301.39,failed,online,2025-06-30,NO
3492,37636,111943,1376.38,completed,online,2025-06-30,NO
675,35437,114491,873.22,completed,online,2025-06-30,NO
741,19438,116513,326.01,completed,online,2025-06-30,NO
890,347,117530,1746.39,failed,online,2025-06-30,NO
3652,7999,117571,105.33,failed,online,2025-06-30,NO
1,8424,125605,1028.79,completed,online,2025-06-30,NO
351,23177,126331,1814.85,completed,online,2025-06-30,NO
4910,39859,129972,1377.29,failed,online,2025-06-30,NO
1,47542,130228,1616.11,failed,online,2025-06-30,NO
1078,17219,130251,1350.03,completed,online,2025-06-30,NO
699,49767,130399,1050.84,completed,online,2025-06-30,NO
1569,3919,137150,1365.82,failed,online,2025-06-30,NO
3143,8668,138433,1881.94,failed,online,2025-06-30,NO
2284,19112,140362,1866.93,completed,online,2025-06-30,NO
2131,17630,143433,1330.44,completed,online,2025-06-30,NO
4091,25843,145834,34.58,completed,online,2025-06-30,NO
4087,40034,149252,1937.96,failed,online,2025-06-30,NO
3685,2755,7407,775.88,completed,online,2025-11-23,NO
414,6119,9048,264.81,failed,online,2025-11-23,NO
1047,47627,10494,1594.91,completed,online,2025-11-23,NO
2080,45759,10867,30.33,failed,online,2025-11-23,NO
230,39744,11230,1890.0,failed,online,2025-11-23,NO
4411,25588,13259,183.44,failed,online,2025-11-23,NO
1,7648,16442,1723.55,failed,online,2025-11-23,NO
513,45564,18674,362.25,completed,online,2025-11-23,NO
1252,9790,18749,783.07,failed,online,2025-11-23,NO
3512,44513,21976,1274.2,completed,online,2025-11-23,NO
608,1455,23054,391.79,failed,online,2025-11-23,NO
3287,19240,25016,97.1,failed,online,2025-11-23,NO
1431,49930,27415,1689.88,failed,UNKNOWN,2025-11-23,NO
2083,33109,28574,1336.57,completed,online,2025-11-23,NO
854,30854,28648,276.73,completed,online,2025-11-23,NO
2946,48094,29855,1017.57,completed,online,2025-11-23,NO
1,32568,30944,1443.72,failed,online,2025-11-23,NO
963,47516,31086,87.64,failed,online,2025-11-23,NO
1572,6431,31592,1179.4,completed,online,2025-11-23,NO
2207,40302,32918,697.11,completed,online,2025-11-23,NO
4839,34806,38366,945.64,failed,online,2025-11-23,NO
1,24134,41211,576.74,failed,online,2025-11-23,NO
1,9454,41368,1526.75,completed,online,2025-11-23,NO
178,49218,42638,133.62,failed,online,2025-11-23,NO
3328,27959,49317,1209.81,completed,online,2025-11-23,NO
3086,21010,50646,433.17,failed,online,2025-11-23,NO
4114,18874,51900,638.04,completed,online,2025-11-23,NO
1,34742,62294,1485.97,failed,online,2025-11-23,NO
2785,19860,63363,1387.23,failed,online,2025-11-23,NO
4554,48851,63440,748.69,completed,online,2025-11-23,NO
2642,8263,63667,152.96,failed,online,2025-11-23,NO
1,46513,64175,44.39,completed,online,2025-11-23,NO
1,23571,65914,1289.25,failed,online,2025-11-23,NO
3010,19161,68482,92.87,failed,online,2025-11-23,NO
1346,25404,68901,1508.31,failed,online,2025-11-23,NO
3313,49339,71069,1672.47,failed,online,2025-11-23,NO
2463,19852,75514,537.68,completed,online,2025-11-23,NO
3463,20869,75680,46.64,completed,online,2025-11-23,NO
4520,20495,79981,1900.14,completed,online,2025-11-23,NO
4782,5885,80223,749.93,failed,online,2025-11-23,NO
3505,34840,81788,696.13,completed,online,2025-11-23,NO
2522,6435,83245,705.03,completed,online,2025-11-23,NO
4622,35665,86542,473.14,failed,online,2025-11-23,NO
3040,41459,86559,1819.08,failed,online,2025-11-23,NO
2412,33581,87237,171.85,failed,online,2025-11-23,NO
2075,40554,88682,1811.34,completed,online,2025-11-23,NO
2421,39543,90001,84.74,completed,online,2025-11-23,NO
3012,32685,100948,193.92,failed,online,2025-11-23,NO
4953,7782,101359,141.05,failed,online,2025-11-23,NO
4283,13107,102921,649.92,completed,online,2025-11-23,NO
1,15388,105059,958.19,failed,online,2025-11-23,NO
758,41163,108696,1484.93,failed,online,2025-11-23,NO
1,34178,108947,1061.9,failed,online,2025-11-23,NO
294,16515,114631,1148.78,failed,online,2025-11-23,NO
365,38267,121857,938.67,failed,online,2025-11-23,NO
1,20041,126340,984.77,failed,online,2025-11-23,NO
526,37392,130670,1716.02,failed,online,2025-11-23,NO
4302,11225,135098,1256.53,failed,online,2025-11-23,NO
1,4125,135666,1730.05,completed,online,2025-11-23,NO
2086,45634,138665,1483.41,failed,online,2025-11-23,NO
3649,42529,138994,1493.27,completed,online,2025-11-23,NO
1928,8298,141696,613.49,completed,online,2025-11-23,NO
1857,49222,143357,1247.03,failed,online,2025-11-23,NO
246,37856,235,1365.26,failed,online,2025-07-17,NO
4671,26588,2895,567.54,completed,online,2025-07-17,NO
4795,14943,9471,1444.13,failed,online,2025-07-17,NO
2549,28571,9574,1185.01,completed,online,2025-07-17,NO
2732,13987,12461,912.27,completed,online,2025-07-17,NO
1482,9001,12529,1814.72,completed,online,2025-07-17,NO
3852,14913,15415,1353.34,completed,online,2025-07-17,NO
1,32821,19324,1756.45,completed,online,2025-07-17,NO
2277,41697,24351,198.62,completed,online,2025-07-17,NO
1727,7789,28021,1614.42,completed,online,2025-07-17,NO
4005,12944,28244,1977.43,failed,online,2025-07-17,NO
1,38551,32261,536.96,failed,online,2025-07-17,NO
2116,25895,33131,951.32,completed,online,2025-07-17,NO
1393,38733,33892,1304.86,completed,online,2025-07-17,NO
1,1608,36200,661.84,failed,online,2025-07-17,NO
4540,34348,38305,308.76,completed,online,2025-07-17,NO
610,47305,39353,619.61,completed,online,2025-07-17,NO
649,39462,39575,1023.94,failed,online,2025-07-17,NO
4888,44390,39739,613.79,completed,online,2025-07-17,NO
3351,22642,42352,112.81,failed,online,2025-07-17,NO
1417,30538,46235,1893.77,failed,online,2025-07-17,NO
4988,47524,49390,382.37,completed,online,2025-07-17,NO
1,31820,50469,44.77,completed,online,2025-07-17,NO
4064,36714,51088,536.41,failed,online,2025-07-17,NO
2259,44943,52136,182.6,failed,online,2025-07-17,NO
2817,10417,54123,1680.96,completed,UNKNOWN,2025-07-17,NO
426,39592,54358,1725.23,failed,online,2025-07-17,NO
641,36678,67124,1187.7,completed,online,2025-07-17,NO
1467,33661,68323,459.56,failed,online,2025-07-17,NO
4347,10060,69088,172.35,completed,online,2025-07-17,NO
1876,3296,69839,686.23,completed,online,2025-07-17,NO
1,19026,83871,351.13,failed,online,2025-07-17,NO
1,49746,87214,583.15,completed,online,2025-07-17,NO
228,2065,90523,1551.91,failed,online,2025-07-17,NO
1,14737,91408,630.05,failed,online,2025-07-17,NO
917,35032,92015,1800.48,failed,online,2025-07-17,NO
2167,33006,92563,655.08,failed,online,2025-07-17,NO
999,14788,97251,883.93,failed,online,2025-07-17,NO
2650,11425,97648,354.03,failed,online,2025-07-17,NO
1,5836,100285,1065.24,failed,online,2025-07-17,NO
1488,35247,101059,1993.68,failed,online,2025-07-17,NO
2496,10391,103299,395.35,completed,online,2025-07-17,NO
3803,30483,104159,16.4,completed,online,2025-07-17,NO
1,34527,105090,698.94,completed,online,2025-07-17,NO
2175,48220,106018,1551.78,failed,online,2025-07-17,NO
232,825,109846,1602.91,completed,online,2025-07-17,NO
1401,36952,112026,585.86,completed,online,2025-07-17,NO
1300,4793,113316,374.05,failed,online,2025-07-17,NO
1,35842,113324,673.2,completed,online,2025-07-17,NO
781,45521,115589,1732.12,failed,online,2025-07-17,NO
1,12525,119527,859.44,completed,online,2025-07-17,NO
2858,28706,126071,5090.006260813567,completed,online,2025-07-17,NO
1,12114,131057,1129.81,failed,online,2025-07-17,NO
4521,38439,131529,16.16,failed,online,2025-07-17,NO
1216,38944,133969,1490.59,failed,online,2025-07-17,NO
4487,11384,135891,562.44,failed,online,2025-07-17,NO
4827,46465,136568,51.81,failed,online,2025-07-17,NO
2283,18596,140908,1110.4,completed,online,2025-07-17,NO
4014,24199,142373,339.68,completed,online,2025-07-17,NO
4152,42184,143258,1939.8,failed,online,2025-07-17,NO
2373,38894,147336,316.44,failed,online,2025-07-17,NO
1,32279,149590,906.93,failed,online,2025-07-17,NO
1297,44735,1170,249.32,failed,online,2025-01-04,NO
2954,31029,2193,1055.85,failed,online,2025-01-04,NO
3815,48590,2782,978.22,failed,online,2025-01-04,NO
691,42276,4451,194.67,failed,online,2025-01-04,NO
1600,26491,7248,1333.04,completed,online,2025-01-04,NO
4769,1701,16960,1357.75,failed,online,2025-01-04,NO
486,35786,18272,317.12,failed,online,2025-01-04,NO
1,47586,18585,598.14,completed,online,2025-01-04,NO
1,44411,19504,565.55,failed,online,2025-01-04,NO
3097,18860,20797,292.7,failed,online,2025-01-04,NO
4353,43393,24265,1549.84,completed,online,2025-01-04,NO
297,23983,26704,1250.13,failed,online,2025-01-04,NO
2395,261,31004,640.48,failed,online,2025-01-04,NO
2586,28671,31176,370.27,completed,online,2025-01-04,NO
4180,13620,32218,1377.62,failed,online,2025-01-04,NO
1,32926,32220,1400.55,failed,online,2025-01-04,NO
1,39942,32658,1703.59,completed,online,2025-01-04,NO
1295,39473,34084,768.03,failed,online,2025-01-04,NO
1160,1079,40026,244.49,failed,online,2025-01-04,NO
4119,38643,42098,355.41,completed,online,2025-01-04,NO
1729,6830,46830,323.25,failed,online,2025-01-04,NO
1052,27753,48405,1080.97,failed,online,2025-01-04,NO
405,40716,49922,1313.46,completed,online,2025-01-04,NO
3964,20323,56058,1299.12,completed,online,2025-01-04,NO
3630,13173,58790,1358.44,completed,online,2025-01-04,NO
679,32541,61557,366.13,completed,online,2025-01-04,NO
1,45527,64066,1699.89,failed,online,2025-01-04,NO
3932,45816,66031,807.63,completed,online,2025-01-04,NO
288,16509,66231,1881.22,failed,online,2025-01-04,NO
1960,2887,73486,1117.22,completed,online,2025-01-04,NO
1361,781,75113,1961.73,completed,online,2025-01-04,NO
1644,19372,75454,1847.23,completed,online,2025-01-04,NO
2860,3394,80733,501.59,failed,online,2025-01-04,NO
1,36497,80829,1299.44,completed,online,2025-01-04,NO
1065,25042,83509,1633.72,completed,online,2025-01-04,NO
1,27432,92844,1836.29,failed,online,2025-01-04,NO
3698,35260,93901,338.83,failed,online,2025-01-04,NO
1,44534,95056,903.33,failed,online,2025-01-04,NO
6,20117,95366,36.5,completed,online,2025-01-04,NO
2642,23424,96359,117.26,completed,online,2025-01-04,NO
1,42910,97957,1373.5,completed,online,2025-01-04,NO
4472,45106,109535,775.34,completed,UNKNOWN,2025-01-04,NO
2547,48578,113822,1502.45,completed,online,2025-01-04,NO
2330,45826,115541,1772.21,failed,online,2025-01-04,NO
2649,11357,116920,1792.43,completed,online,2025-01-04,NO
335,47073,117892,1418.29,failed,online,2025-01-04,NO
1778,31965,121422,305.56,completed,online,2025-01-04,NO
2965,16981,123031,353.55,completed,online,2025-01-04,NO
4112,13871,123721,756.9,failed,online,2025-01-04,NO
1248,8042,125097,451.61,failed,UNKNOWN,2025-01-04,NO
2107,27721,125416,72.45,completed,online,2025-01-04,NO
1774,21079,131697,1916.89,failed,online,2025-01-04,NO
3620,12641,131700,1969.72,failed,online,2025-01-04,NO
1,43335,132234,1455.01,completed,online,2025-01-04,NO
164,21644,134286,183.22,completed,online,2025-01-04,NO
4055,46141,136484,813.84,failed,online,2025-01-04,NO
3406,17579,138382,1581.33,completed,online,2025-01-04,NO
1,47091,141013,715.68,failed,online,2025-01-04,NO
1,15994,141390,1209.35,failed,online,2025-01-04,NO
3818,2567,143682,1239.13,completed,online,2025-01-04,NO
2911,27562,144512,1653.03,failed,online,2025-01-04,NO
4846,38650,148762,1923.07,failed,online,2025-01-04,NO
1170,47680,5461,472.87,failed,online,2025-02-18,NO
4203,30648,5844,888.83,completed,online,2025-02-18,NO
3277,13957,7611,909.92,completed,online,2025-02-18,NO
4967,39293,9494,1352.98,completed,online,2025-02-18,NO
548,23459,9654,1168.29,completed,online,2025-02-18,NO
2442,9605,10207,899.21,completed,online,2025-02-18,NO
575,43153,13087,628.38,failed,online,2025-02-18,NO
1,48713,14225,587.24,failed,online,2025-02-18,NO
4405,35397,17307,51.49,failed,online,2025-02-18,NO
724,24026,18215,1064.85,failed,online,2025-02-18,NO
3375,35775,25382,949.66,completed,online,2025-02-18,NO
3063,9918,27160,1241.18,completed,online,2025-02-18,NO
1,10136,27947,785.84,completed,online,2025-02-18,NO
1,10439,38768,1227.37,completed,online,2025-02-18,NO
2887,22247,39316,1260.05,failed,online,2025-02-18,NO
1445,36952,40433,52.22,failed,online,2025-02-18,NO
4160,15902,41692,1206.87,completed,online,2025-02-18,NO
1,44778,43451,544.12,completed,online,2025-02-18,NO
1737,7309,50002,1184.16,completed,online,2025-02-18,NO
775,33620,50709,152.19,failed,online,2025-02-18,NO
1,38119,50951,125.13,completed,online,2025-02-18,NO
677,32163,51518,1523.55,completed,online,2025-02-18,NO
719,20678,56104,1933.29,completed,online,2025-02-18,NO
3253,12355,59123,692.33,failed,online,2025-02-18,NO
4694,11619,59955,1870.1,completed,online,2025-02-18,NO
936,11350,60599,1808.85,completed,online,2025-02-18,NO
1,26234,63734,101.06,completed,online,2025-02-18,NO
2466,16521,66382,1806.57,completed,online,2025-02-18,NO
4262,49442,69715,1269.7,failed,online,2025-02-18,NO
219,31251,75190,61.83,completed,online,2025-02-18,NO
605,6077,77577,1699.32,failed,online,2025-02-18,NO
4185,26325,79603,1476.46,failed,online,2025-02-18,NO
2357,5606,82329,304.33,completed,online,2025-02-18,NO
3215,5938,83893,853.75,completed,online,2025-02-18,NO
3855,22447,90023,1007.02,completed,online,2025-02-18,NO
2821,16990,94654,1881.39,failed,online,2025-02-18,NO
1158,26355,97397,1133.2,completed,online,2025-02-18,NO
892,23301,98078,521.61,completed,online,2025-02-18,NO
2430,24666,99578,27.08,completed,online,2025-02-18,NO
1,3571,100505,859.76,failed,online,2025-02-18,NO
3163,48277,102081,783.85,failed,online,2025-02-18,NO
3589,22072,106829,1615.52,completed,UNKNOWN,2025-02-18,NO
27,7073,109758,9740.417040960183,failed,online,2025-02-18,NO
1032,10466,114274,463.07,completed,online,2025-02-18,NO
1484,44290,114407,296.7,completed,online,2025-02-18,NO
4722,15535,114441,448.46,failed,online,2025-02-18,NO
1722,44723,114460,1087.51,completed,online,2025-02-18,NO
641,8915,117225,1580.53,failed,online,2025-02-18,NO
2112,44442,118404,916.4,completed,online,2025-02-18,NO
2010,30868,120381,1368.63,failed,online,2025-02-18,NO
1182,13120,121786,1760.43,failed,online,2025-02-18,NO
4343,47866,122696,268.33,failed,online,2025-02-18,NO
1,33616,125140,378.3,failed,online,2025-02-18,NO
2397,31277,125553,835.39,completed,online,2025-02-18,NO
1477,40571,128482,5907.475446593986,failed,online,2025-02-18,NO
2771,27896,136064,887.81,failed,online,2025-02-18,NO
1256,12496,138632,629.83,completed,online,2025-02-18,NO
328,30456,141664,645.21,failed,online,2025-02-18,NO
4366,12060,141709,1990.48,failed,online,2025-02-18,NO
1527,8738,145276,183.27,failed,online,2025-02-18,NO
1408,37410,148799,1504.15,completed,online,2025-02-18,NO
1,20733,6602,506.63,completed,online,2025-04-30,NO
2565,7611,9002,1370.56,completed,online,2025-04-30,NO
1042,4667,12111,1166.18,completed,online,2025-04-30,NO
3867,41217,12534,1413.54,completed,online,2025-04-30,NO
2667,28507,16025,1851.78,failed,online,2025-04-30,NO
873,27037,16496,87.08,completed,UNKNOWN,2025-04-30,NO
1096,27556,16567,277.95,failed,online,2025-04-30,NO
1046,29323,17106,671.7,failed,online,2025-04-30,NO
3917,14448,18134,1222.05,completed,online,2025-04-30,NO
1,30441,18921,1370.11,completed,online,2025-04-30,NO
1770,26272,26430,90.61,failed,online,2025-04-30,NO
354,12481,26862,1421.27,failed,online,2025-04-30,NO
4103,27403,28427,1468.15,failed,online,2025-04-30,NO
1,49065,30504,6704.190522844468,completed,online,2025-04-30,NO
94,931,32722,54.87,completed,online,2025-04-30,NO
3810,1415,38676,518.3,failed,online,2025-04-30,NO
3481,15235,40915,1098.95,completed,UNKNOWN,2025-04-30,NO
3641,30779,41115,557.01,completed,online,2025-04-30,NO
2461,48547,45494,1560.89,completed,online,2025-04-30,NO
1377,4109,49948,369.54,completed,online,2025-04-30,NO
2735,37372,50562,168.33,failed,online,2025-04-30,NO
2248,22518,52348,1322.76,completed,online,2025-04-30,NO
1,5721,53180,1581.75,completed,online,2025-04-30,NO
1357,4916,53585,1769.96,failed,online,2025-04-30,NO
1657,27882,55690,1657.99,completed,online,2025-04-30,NO
2730,4265,59706,1819.74,completed,online,2025-04-30,NO
1787,39091,59903,402.76,failed,online,2025-04-30,NO
4769,49634,60140,1825.01,failed,online,2025-04-30,NO
4154,17407,61334,1792.35,completed,online,2025-04-30,NO
1831,11832,63640,779.3,failed,online,2025-04-30,NO
4684,42152,65907,544.11,completed,online,2025-04-30,NO
2170,21818,66541,1893.73,failed,online,2025-04-30,NO
2287,6470,66987,1789.02,failed,online,2025-04-30,NO
2917,44102,80396,961.85,failed,online,2025-04-30,NO
2041,31710,83664,523.39,failed,online,2025-04-30,NO
4079,31780,83679,96.73,failed,online,2025-04-30,NO
1347,40123,84175,655.75,completed,online,2025-04-30,NO
4154,28279,90334,1617.12,completed,online,2025-04-30,NO
2260,48818,90732,822.84,completed,online,2025-04-30,NO
156,26102,90753,1003.36,failed,online,2025-04-30,NO
562,44571,92105,1119.99,failed,online,2025-04-30,NO
2677,47794,96372,1078.17,failed,online,2025-04-30,NO
1,38302,101596,391.66,failed,online,2025-04-30,NO
512,20886,102167,259.01,failed,online,2025-04-30,NO
4045,40649,105541,384.12,failed,online,2025-04-30,NO
4113,1265,106330,707.69,completed,online,2025-04-30,NO
33,11605,107595,1953.57,failed,UNKNOWN,2025-04-30,NO
1,13349,111754,1086.87,completed,online,2025-04-30,NO
2848,46876,114604,247.47,failed,online,2025-04-30,NO
4862,28100,116715,1224.15,completed,online,2025-04-30,NO
1881,19879,117561,85.53,failed,online,2025-04-30,NO
1207,15282,120154,1800.7,completed,online,2025-04-30,NO
3987,1420,127160,957.61,failed,online,2025-04-30,NO
3975,37505,128361,1405.7,completed,online,2025-04-30,NO
702,3506,129830,649.99,completed,online,2025-04-30,NO
4843,30464,134754,877.16,failed,online,2025-04-30,NO
813,26986,139592,632.83,completed,online,2025-04-30,NO
1384,34352,141553,686.39,failed,online,2025-04-30,NO
1501,22185,143449,797.69,completed,online,2025-04-30,NO
2181,14197,145585,1790.77,completed,online,2025-04-30,NO
2361,35542,145911,1584.98,completed,online,2025-04-30,NO
1891,49939,2203,1847.4,failed,online,2025-04-26,NO
3386,47152,2652,1514.71,failed,online,2025-04-26,NO
468,13242,6313,1217.69,failed,online,2025-04-26,NO
712,20858,7707,1986.88,failed,online,2025-04-26,NO
1,11133,8083,42.53,failed,online,2025-04-26,NO
1206,20240,8360,127.73,completed,online,2025-04-26,NO
2524,32981,11644,1736.24,failed,online,2025-04-26,NO
1,46145,20713,1068.83,failed,online,2025-04-26,NO
3044,35969,24071,1993.65,completed,online,2025-04-26,NO
1,27962,25451,1260.53,completed,online,2025-04-26,NO
4146,10479,26279,491.59,completed,online,2025-04-26,NO
1,22594,29831,529.87,completed,online,2025-04-26,NO
4521,4998,33971,195.11,failed,online,2025-04-26,NO
3142,34113,37881,396.37,completed,online,2025-04-26,NO
1608,32659,42345,1627.21,failed,online,2025-04-26,NO
2243,46531,42917,888.94,failed,online,2025-04-26,NO
4777,42197,45321,827.02,failed,online,2025-04-26,NO
1,44049,47010,611.04,completed,online,2025-04-26,NO
1,15769,50665,18.79,completed,online,2025-04-26,NO
1,927,50956,1851.79,failed,online,2025-04-26,NO
1109,14538,51573,796.29,failed,online,2025-04-26,NO
1050,49212,56314,1778.77,failed,online,2025-04-26,NO
1,4474,65087,610.62,failed,online,2025-04-26,NO
1,48664,66891,1009.16,failed,online,2025-04-26,NO
3023,26855,67265,1952.25,completed,online,2025-04-26,NO
515,24261,69844,971.32,failed,online,2025-04-26,NO
3831,21024,70692,1935.32,completed,online,2025-04-26,NO
1361,3836,72612,773.59,completed,online,2025-04-26,NO
4676,32133,73938,1942.44,completed,online,2025-04-26,NO
600,40090,73977,1035.41,completed,online,2025-04-26,NO
4610,36581,84380,1000.71,completed,online,2025-04-26,NO
2840,23365,85203,1757.69,completed,online,2025-04-26,NO
1222,1510,86213,75.08,completed,online,2025-04-26,NO
1,8470,91936,682.53,completed,online,2025-04-26,NO
4441,9869,99348,1010.45,completed,online,2025-04-26,NO
108,49131,99502,569.81,completed,online,2025-04-26,NO
3117,2705,99723,1119.15,completed,online,2025-04-26,NO
206,30918,100945,1057.06,failed,online,2025-04-26,NO
1799,16501,101069,368.82,completed,online,2025-04-26,NO
189,22721,101288,1662.35,completed,online,2025-04-26,NO
4673,35301,104527,1697.06,failed,online,2025-04-26,NO
2635,13271,105008,1849.04,failed,online,2025-04-26,NO
1530,37139,107729,1258.4,failed,online,2025-04-26,NO
904,47160,114204,7908.198663639097,completed,online,2025-04-26,NO
1373,26793,114641,479.98,failed,online,2025-04-26,NO
1728,10095,118615,732.67,completed,online,2025-04-26,NO
1956,48596,120074,1676.71,completed,online,2025-04-26,NO
2381,45079,121540,6742.079044887598,failed,online,2025-04-26,NO
3057,21726,124560,1375.93,completed,online,2025-04-26,NO
1,33278,126692,1122.4,completed,online,2025-04-26,NO
3913,49506,129197,1649.96,completed,online,2025-04-26,NO
1,24323,135587,1157.51,failed,online,2025-04-26,NO
1,47641,137866,1558.14,completed,online,2025-04-26,NO
1925,25645,138911,1943.84,failed,online,2025-04-26,NO
2696,21771,140470,603.33,completed,online,2025-04-26,NO
1,21559,142611,1790.48,failed,online,2025-04-26,NO
2059,13107,147214,561.22,completed,online,2025-04-26,NO
1,488,148667,1287.64,failed,online,2025-04-26,NO
1,44512,148719,216.06,failed,online,2025-04-26,NO
4944,37732,149233,902.81,completed,online,2025-04-26,NO
3826,29548,149946,570.64,completed,online,2025-04-26,NO
260,8731,152,219.91,completed,online,2025-04-27,NO
1234,46262,3095,366.47,completed,online,2025-04-27,NO
4327,3895,3548,1438.38,completed,online,2025-04-27,NO
1,44497,6176,1891.9,completed,online,2025-04-27,NO
4337,32430,10075,580.55,completed,online,2025-04-27,NO
3899,16167,13575,988.61,failed,online,2025-04-27,NO
1,43687,16369,807.54,failed,online,2025-04-27,NO
1932,24327,18012,1918.08,failed,online,2025-04-27,NO
4393,6461,18107,1376.01,completed,online,2025-04-27,NO
2769,49666,18438,1236.06,failed,online,2025-04-27,NO
3537,28297,19264,253.7,failed,online,2025-04-27,NO
3801,28377,20403,1453.08,completed,online,2025-04-27,NO
2874,34937,22990,265.72,failed,online,2025-04-27,NO
3599,19178,23439,572.28,failed,online,2025-04-27,NO
4329,35512,24633,1299.94,failed,online,2025-04-27,NO
3925,3722,29298,226.52,completed,online,2025-04-27,NO
3460,32272,38966,658.23,completed,online,2025-04-27,NO
3833,24068,41533,576.93,completed,online,2025-04-27,NO
1,29145,41788,1862.74,completed,online,2025-04-27,NO
1277,36659,41887,1975.88,failed,online,2025-04-27,NO
911,25009,44398,455.01,completed,online,2025-04-27,NO
3916,25255,44964,168.68,failed,online,2025-04-27,NO
2430,23920,47306,1249.0,failed,online,2025-04-27,NO
1126,13697,48031,751.19,completed,online,2025-04-27,NO
1064,22181,49855,594.97,failed,online,2025-04-27,NO
4599,11977,51969,1301.77,completed,online,2025-04-27,NO
3737,49338,59460,1383.61,completed,online,2025-04-27,NO
3169,964,60072,1625.37,failed,online,2025-04-27,NO
1948,2165,61564,570.05,completed,online,2025-04-27,NO
189,671,62090,613.52,completed,online,2025-04-27,NO
1,34501,63137,1018.48,failed,online,2025-04-27,NO
1663,29835,64497,973.32,completed,online,2025-04-27,NO
1,48338,65419,978.57,completed,online,2025-04-27,NO
828,14615,66771,254.12,failed,online,2025-04-27,NO
4293,39686,72629,1014.15,failed,online,2025-04-27,NO
4910,28036,73745,1602.12,completed,online,2025-04-27,NO
4554,26913,74942,1353.29,completed,online,2025-04-27,NO
2046,38422,79346,986.83,completed,online,2025-04-27,NO
1921,25999,81315,1122.92,failed,online,2025-04-27,NO
2868,43729,83947,1503.93,failed,online,2025-04-27,NO
4229,37671,83987,878.82,completed,online,2025-04-27,NO
3530,4531,95584,1677.26,failed,online,2025-04-27,NO
1,16614,108096,1924.71,completed,online,2025-04-27,NO
3968,17849,111930,649.76,failed,online,2025-04-27,NO
840,35068,113091,883.76,completed,online,2025-04-27,NO
3407,34656,115032,1841.35,failed,online,2025-04-27,NO
1,14887,116076,1859.75,completed,online,2025-04-27,NO
1,45684,118155,1700.42,failed,online,2025-04-27,NO
4428,7539,119291,1654.01,completed,online,2025-04-27,NO
3525,5615,120422,1764.45,completed,online,2025-04-27,NO
1,37119,124554,108.66,completed,online,2025-04-27,NO
1182,14951,125193,325.63,failed,online,2025-04-27,NO
4370,12909,127914,283.53,completed,online,2025-04-27,NO
1,26468,129546,1924.68,completed,online,2025-04-27,NO
2946,19463,130728,556.71,failed,online,2025-04-27,NO
2944,23415,135603,703.09,completed,online,2025-04-27,NO
1,38048,136905,9431.259167355976,completed,online,2025-04-27,NO
4160,35387,139556,1209.35,failed,online,2025-04-27,NO
4217,45710,142935,1941.89,failed,online,2025-04-27,NO
1,46391,147301,1613.91,failed,online,2025-04-27,NO
2483,22338,147674,1644.63,failed,online,2025-04-27,NO
3607,37661,2150,909.73,failed,online,2025-03-26,NO
1593,43280,7157,1123.18,failed,online,2025-03-26,NO
2426,9611,18283,1279.36,failed,online,2025-03-26,NO
1,12685,18757,1801.14,completed,online,2025-03-26,NO
284,21945,20220,748.54,completed,online,2025-03-26,NO
4317,47676,21589,206.6,completed,online,2025-03-26,NO
4260,38407,21874,292.81,completed,online,2025-03-26,NO
2155,13975,23788,1289.39,failed,online,2025-03-26,NO
2906,15916,25463,956.17,completed,online,2025-03-26,NO
4998,18164,32056,382.8,failed,online,2025-03-26,NO
808,34040,34334,1542.33,failed,online,2025-03-26,NO
1125,4476,35411,373.36,failed,online,2025-03-26,NO
1340,7164,37421,1864.39,completed,online,2025-03-26,NO
1,11706,37724,444.83,completed,online,2025-03-26,NO
1,23690,41947,451.36,failed,online,2025-03-26,NO
1916,8374,42030,674.72,failed,online,2025-03-26,NO
1744,1592,44383,1645.96,failed,online,2025-03-26,NO
3350,23687,45343,1342.93,completed,online,2025-03-26,NO
885,49809,46738,35.1,completed,online,2025-03-26,NO
1875,9686,48544,908.84,failed,online,2025-03-26,NO
2147,136,50817,920.64,failed,online,2025-03-26,NO
2450,29950,52049,1829.24,failed,online,2025-03-26,NO
1,43300,54827,1432.77,failed,online,2025-03-26,NO
3895,22771,59671,1921.55,completed,online,2025-03-26,NO
1,11640,63858,1800.58,completed,online,2025-03-26,NO
1,7480,66290,198.1,completed,online,2025-03-26,NO
2606,48705,71062,1224.87,completed,UNKNOWN,2025-03-26,NO
965,1645,77642,584.93,completed,online,2025-03-26,NO
3056,8120,77921,386.1,failed,UNKNOWN,2025-03-26,NO
2802,13467,79686,1242.59,failed,online,2025-03-26,NO
800,9485,83786,1636.31,completed,online,2025-03-26,NO
1997,5655,85129,66.77,failed,online,2025-03-26,NO
3364,5705,86632,1701.07,completed,online,2025-03-26,NO
1,47535,88690,1955.4,failed,online,2025-03-26,NO
1,43697,90044,1826.31,completed,online,2025-03-26,NO
4709,48384,90761,763.65,failed,online,2025-03-26,NO
3747,21698,91923,964.62,completed,online,2025-03-26,NO
2369,28871,92160,52.02,completed,online,2025-03-26,NO
4148,39778,100832,1644.5,completed,online,2025-03-26,NO
4525,5860,101221,961.6,failed,online,2025-03-26,NO
1000,39782,104587,1695.73,completed,online,2025-03-26,NO
3882,5834,105271,1649.82,failed,online,2025-03-26,NO
917,22479,107067,1108.95,failed,online,2025-03-26,NO
4077,34673,107201,1044.49,completed,online,2025-03-26,NO
2966,9505,110039,1933.2,completed,online,2025-03-26,NO
1,41585,111431,77.51,failed,online,2025-03-26,NO
3897,8308,115174,1838.03,failed,online,2025-03-26,NO
1,35513,118350,1229.22,failed,online,2025-03-26,NO
1,16885,119885,1806.62,failed,online,2025-03-26,NO
4645,20850,120137,1823.56,completed,online,2025-03-26,NO
3419,36495,120294,625.7,failed,online,2025-03-26,NO
3636,32677,122919,1857.41,completed,online,2025-03-26,NO
1,18843,124198,341.06,completed,online,2025-03-26,NO
2791,13166,125871,861.69,failed,online,2025-03-26,NO
2668,41627,125944,1279.79,failed,online,2025-03-26,NO
820,1623,131935,1508.93,failed,online,2025-03-26,NO
1543,46425,133274,268.56,completed,online,2025-03-26,NO
1,4240,133362,361.2,completed,online,2025-03-26,NO
1,37487,140366,1217.52,failed,online,2025-03-26,NO
2558,6068,140637,1768.87,failed,online,2025-03-26,NO
4220,41316,147162,715.51,completed,online,2025-03-26,NO
799,30583,148674,745.47,failed,online,2025-03-26,NO
1820,19401,718,1490.09,completed,online,2025-05-08,NO
2840,40781,2978,651.31,failed,online,2025-05-08,NO
1,31200,3755,456.17,completed,online,2025-05-08,NO
2998,25038,5893,1842.83,failed,online,2025-05-08,NO
3913,18126,10103,537.06,completed,online,2025-05-08,NO
2071,31858,10960,238.97,completed,online,2025-05-08,NO
1132,36188,13822,91.23,failed,online,2025-05-08,NO
1,18792,14061,988.65,completed,online,2025-05-08,NO
4460,35474,14342,637.98,failed,online,2025-05-08,NO
4627,47695,24234,771.32,completed,online,2025-05-08,NO
2650,33849,37558,685.75,completed,online,2025-05-08,NO
243,791,37821,554.67,completed,online,2025-05-08,NO
1139,25079,42333,1533.19,completed,online,2025-05-08,NO
4697,36320,42992,1772.68,failed,online,2025-05-08,NO
1957,29549,43920,1418.71,failed,online,2025-05-08,NO
3343,46707,44827,34.91,failed,online,2025-05-08,NO
1,15679,44901,1698.68,completed,online,2025-05-08,NO
80,33944,47222,1788.53,completed,online,2025-05-08,NO
1,4550,47915,604.77,completed,online,2025-05-08,NO
1,49838,53317,1163.14,completed,online,2025-05-08,NO
3216,1897,54581,407.92,failed,online,2025-05-08,NO
1171,16676,57476,1593.56,completed,online,2025-05-08,NO
3110,18191,57590,1573.91,failed,online,2025-05-08,NO
3965,33168,59340,62.4,failed,UNKNOWN,2025-05-08,NO
1797,22530,61324,690.76,failed,online,2025-05-08,NO
1,16449,62289,1379.84,failed,online,2025-05-08,NO
1083,10889,64303,935.99,failed,online,2025-05-08,NO
1,33326,71815,483.62,completed,online,2025-05-08,NO
1,31921,75148,1315.41,completed,online,2025-05-08,NO
1,30217,78007,566.13,failed,online,2025-05-08,NO
4655,37376,81056,1870.17,completed,online,2025-05-08,NO
2307,42058,83413,1000.98,completed,online,2025-05-08,NO
259,20924,85931,1244.35,failed,online,2025-05-08,NO
4868,6277,87487,1035.73,completed,online,2025-05-08,NO
1258,35456,88934,729.89,completed,online,2025-05-08,NO
2720,30483,89218,818.97,failed,online,2025-05-08,NO
159,9955,90671,493.48,completed,online,2025-05-08,NO
4644,7075,92612,1845.38,completed,online,2025-05-08,NO
4409,13170,95356,584.36,failed,online,2025-05-08,NO
1,36093,95845,831.98,completed,online,2025-05-08,NO
1330,45955,100009,1592.35,completed,online,2025-05-08,NO
1491,17372,101338,989.68,completed,online,2025-05-08,NO
1,14746,101909,1764.1,failed,online,2025-05-08,NO
1,3762,102403,798.16,completed,online,2025-05-08,NO
3402,44240,102500,324.8,completed,online,2025-05-08,NO
3606,47690,104158,1393.51,failed,online,2025-05-08,NO
1639,19287,106949,1701.68,failed,online,2025-05-08,NO
3803,33589,107438,1979.51,completed,online,2025-05-08,NO
160,31141,108126,1359.76,failed,UNKNOWN,2025-05-08,NO
1021,39206,110857,868.74,completed,online,2025-05-08,NO
2830,39269,111624,1571.26,completed,online,2025-05-08,NO
388,21380,125400,758.74,completed,online,2025-05-08,NO
2399,29079,127356,983.38,failed,online,2025-05-08,NO
3776,47283,130441,728.32,failed,online,2025-05-08,NO
4092,14623,134358,1163.24,failed,online,2025-05-08,NO
833,30289,136809,483.08,completed,online,2025-05-08,NO
1977,41955,140609,1576.18,completed,online,2025-05-08,NO
3840,29089,142238,663.56,failed,online,2025-05-08,NO
1607,29706,142500,1514.17,completed,UNKNOWN,2025-05-08,NO
1,46742,144567,1624.77,failed,online,2025-05-08,NO
1379,12498,147187,369.32,completed,online,2025-05-08,NO
1,1251,1089,1081.31,failed,online,2025-10-13,NO
3178,28993,2492,287.36,failed,online,2025-10-13,NO
2680,19512,5474,666.06,completed,online,2025-10-13,NO
3722,49007,9614,1311.69,completed,online,2025-10-13,NO
1,15651,10458,1492.16,failed,online,2025-10-13,NO
890,17949,10517,1942.58,completed,online,2025-10-13,NO
1114,4993,10569,663.75,completed,online,2025-10-13,NO
4282,24515,16088,192.19,completed,online,2025-10-13,NO
4881,10678,17335,1719.36,completed,online,2025-10-13,NO
4083,12434,22470,1285.78,failed,online,2025-10-13,NO
4883,43999,24341,692.84,completed,UNKNOWN,2025-10-13,NO
1,21844,30458,332.56,failed,online,2025-10-13,NO
1,49533,30856,791.18,failed,online,2025-10-13,NO
625,9483,31373,1948.51,completed,online,2025-10-13,NO
2351,4812,32155,1618.61,failed,online,2025-10-13,NO
2213,18970,33108,322.82,failed,online,2025-10-13,NO
1,35945,36969,626.78,completed,online,2025-10-13,NO
4476,47992,37425,80.34,failed,online,2025-10-13,NO
3777,49298,50835,1684.62,completed,online,2025-10-13,NO
1160,39314,53337,1369.82,completed,online,2025-10-13,NO
73,7627,56699,555.15,failed,online,2025-10-13,NO
816,32231,60162,95.13,completed,online,2025-10-13,NO
4727,7624,64224,507.35,failed,online,2025-10-13,NO
4317,26946,64233,681.74,completed,online,2025-10-13,NO
4343,19944,65898,584.87,completed,online,2025-10-13,NO
2891,39374,69954,283.11,completed,online,2025-10-13,NO
2358,39886,70285,1596.98,completed,online,2025-10-13,NO
1,40377,73620,959.34,completed,online,2025-10-13,NO
3746,18070,74480,1679.01,failed,online,2025-10-13,NO
174,31514,74704,1272.23,failed,online,2025-10-13,NO
2144,39279,76906,1368.01,failed,online,2025-10-13,NO
2141,46775,80893,423.01,failed,online,2025-10-13,NO
1,6888,81687,497.21,completed,online,2025-10-13,NO
1810,31473,81786,1898.57,completed,online,2025-10-13,NO
4403,31219,85677,1341.84,completed,online,2025-10-13,NO
1,30926,87945,180.59,failed,online,2025-10-13,NO
3960,8161,89907,9794.55367536716,completed,online,2025-10-13,NO
1805,24470,93416,854.27,completed,online,2025-10-13,NO
4869,44111,95769,1671.1,failed,online,2025-10-13,NO
3553,14733,98831,1618.53,failed,online,2025-10-13,NO
4304,30784,105124,1726.98,failed,online,2025-10-13,NO
9,10775,107322,166.78,completed,online,2025-10-13,NO
1,34011,107733,1123.83,failed,online,2025-10-13,NO
2744,43481,108968,401.26,completed,online,2025-10-13,NO
1,1125,115384,1560.07,completed,online,2025-10-13,NO
4791,19652,115630,952.41,failed,online,2025-10-13,NO
1,30043,116763,581.81,completed,online,2025-10-13,NO
2053,28894,119461,347.49,failed,online,2025-10-13,NO
4475,9044,121447,417.53,failed,online,2025-10-13,NO
4649,6223,125662,1532.67,failed,online,2025-10-13,NO
1925,12269,126434,1524.4,failed,online,2025-10-13,NO
4065,19631,131220,1962.69,failed,online,2025-10-13,NO
1,47906,132730,1901.69,completed,online,2025-10-13,NO
2174,15677,134421,1485.22,completed,online,2025-10-13,NO
4309,27498,135045,1210.05,completed,online,2025-10-13,NO
4272,686,145044,682.72,completed,online,2025-10-13,NO
1,22029,145699,1306.45,failed,online,2025-10-13,NO
334,30338,146836,1377.58,completed,online,2025-10-13,NO
1143,46985,147005,611.15,failed,online,2025-10-13,NO
2616,41940,149759,1018.08,failed,online,2025-10-13,NO
4462,18023,149850,1530.96,completed,online,2025-10-13,NO
1,35484,9476,1823.71,completed,online,2025-11-10,NO
1546,21341,10698,1227.61,completed,online,2025-11-10,NO
399,15577,10943,848.53,failed,online,2025-11-10,NO
1,47674,12063,1396.65,completed,online,2025-11-10,NO
4871,49000,24222,1955.92,failed,online,2025-11-10,NO
1,25423,24238,1097.11,completed,online,2025-11-10,NO
1,21025,25384,1105.6,completed,online,2025-11-10,NO
1948,43443,25886,291.35,failed,online,2025-11-10,NO
1705,12488,31424,290.37,failed,online,2025-11-10,NO
2200,24775,36847,1619.79,failed,online,2025-11-10,NO
4110,30090,38460,841.05,failed,online,2025-11-10,NO
141,10510,40490,1293.85,failed,online,2025-11-10,NO
3777,34683,42289,1138.95,completed,online,2025-11-10,NO
1,42532,43171,549.96,completed,online,2025-11-10,NO
4109,24906,43325,1309.02,failed,online,2025-11-10,NO
3657,20331,43941,1951.44,completed,online,2025-11-10,NO
1278,38471,50030,1710.28,completed,online,2025-11-10,NO
1,12182,51098,540.58,completed,online,2025-11-10,NO
147,21648,51283,209.94,failed,online,2025-11-10,NO
4128,4334,51627,211.37,completed,online,2025-11-10,NO
1185,33601,52939,972.55,completed,online,2025-11-10,NO
1010,42393,53564,178.2,completed,online,2025-11-10,NO
4855,46458,55316,148.95,completed,online,2025-11-10,NO
1,29860,58612,1282.09,completed,online,2025-11-10,NO
1519,26943,59213,148.1,failed,online,2025-11-10,NO
1,6370,63284,948.12,completed,online,2025-11-10,NO
1782,19696,69463,944.63,failed,online,2025-11-10,NO
3398,5806,72535,1559.68,completed,online,2025-11-10,NO
1,2123,73397,1934.28,failed,online,2025-11-10,NO
1,42849,75933,1383.27,failed,online,2025-11-10,NO
4606,28320,79427,1705.12,completed,online,2025-11-10,NO
812,5827,82771,515.0,failed,online,2025-11-10,NO
1641,32549,84709,212.82,completed,online,2025-11-10,NO
3561,13519,87198,1561.85,completed,online,2025-11-10,NO
4415,11188,88961,1301.83,failed,online,2025-11-10,NO
2037,6745,90201,242.97,failed,online,2025-11-10,NO
1,17780,91165,520.99,failed,online,2025-11-10,NO
4844,6310,91503,560.45,completed,online,2025-11-10,NO
1,42940,91713,206.09,completed,online,2025-11-10,NO
4475,34951,93237,1814.5,completed,online,2025-11-10,NO
4705,26216,93430,1222.07,completed,online,2025-11-10,NO
4440,41522,94221,15.33,completed,online,2025-11-10,NO
1,22997,95226,502.67,completed,online,2025-11-10,NO
1,26358,96798,1351.58,failed,online,2025-11-10,NO
2010,8003,101306,1376.4,failed,online,2025-11-10,NO
437,27731,104529,26.9,failed,online,2025-11-10,NO
3506,41643,104705,1051.5,failed,online,2025-11-10,NO
3507,27144,108920,861.44,failed,online,2025-11-10,NO
3571,8934,109733,151.63,failed,online,2025-11-10,NO
3157,41142,110738,1260.6,completed,online,2025-11-10,NO
3666,3397,113923,304.25,failed,online,2025-11-10,NO
3194,28901,115297,1069.13,failed,online,2025-11-10,NO
2745,3099,115774,1084.73,failed,online,2025-11-10,NO
3628,42939,116797,833.7,completed,online,2025-11-10,NO
4077,30358,117205,1288.48,failed,online,2025-11-10,NO
2019,21718,126126,615.42,completed,online,2025-11-10,NO
1,34683,126503,1446.93,failed,online,2025-11-10,NO
3285,8754,139475,114.57,completed,online,2025-11-10,NO
1,37268,145884,882.16,completed,online,2025-11-10,NO
461,19329,148019,314.47,completed,online,2025-11-10,NO
2361,31493,149699,403.94,completed,online,2025-11-10,NO
1629,34062,5026,245.77,completed,online,2025-01-20,NO
4965,18389,6250,1232.88,failed,online,2025-01-20,NO
3270,15355,8955,802.8,completed,online,2025-01-20,NO
4601,1870,9799,1981.24,completed,online,2025-01-20,NO
2868,6651,10232,1825.8,failed,online,2025-01-20,NO
816,34487,12213,1773.88,failed,online,2025-01-20,NO
1,32574,12528,1439.72,completed,online,2025-01-20,NO
1,39600,15402,1450.94,failed,online,2025-01-20,NO
2545,13847,28920,732.25,completed,online,2025-01-20,NO
3422,1341,30679,189.09,failed,online,2025-01-20,NO
2564,23364,32731,911.5,failed,online,2025-01-20,NO
3465,37364,32880,5959.008644649759,completed,online,2025-01-20,NO
4002,4414,33504,741.1,failed,online,2025-01-20,NO
1208,49600,33881,933.89,completed,online,2025-01-20,NO
419,21833,35427,1755.17,failed,online,2025-01-20,NO
659,2830,37333,1981.37,failed,online,2025-01-20,NO
1,19340,42226,943.43,failed,online,2025-01-20,NO
1,8062,44164,429.32,completed,online,2025-01-20,NO
1427,1887,44450,1149.33,completed,online,2025-01-20,NO
823,34805,44485,1977.77,failed,online,2025-01-20,NO
3390,41370,44561,987.69,failed,online,2025-01-20,NO
1,19364,45216,1293.83,failed,online,2025-01-20,NO
1978,44237,46176,941.82,failed,online,2025-01-20,NO
2910,43867,58285,1120.86,failed,online,2025-01-20,NO
2234,19629,58884,1025.51,failed,online,2025-01-20,NO
1,41915,59539,1575.37,failed,online,2025-01-20,NO
3776,41482,61461,382.32,failed,online,2025-01-20,NO
1,5555,65468,826.29,completed,online,2025-01-20,NO
4141,39388,67965,433.43,failed,online,2025-01-20,NO
528,44205,69147,565.94,failed,online,2025-01-20,NO
1,23033,70161,529.65,completed,online,2025-01-20,NO
4958,38948,70343,130.91,failed,online,2025-01-20,NO
1,49295,71039,987.05,completed,online,2025-01-20,NO
4066,13525,77347,1082.18,failed,online,2025-01-20,NO
2163,27881,83098,141.78,completed,online,2025-01-20,NO
2575,30955,83501,1722.59,completed,online,2025-01-20,NO
4906,1304,83911,870.73,completed,online,2025-01-20,NO
1776,43538,87000,1379.26,failed,online,2025-01-20,NO
1,29067,88547,507.55,completed,online,2025-01-20,NO
4739,48204,91909,1475.97,completed,online,2025-01-20,NO
1688,2603,93195,158.5,failed,online,2025-01-20,NO
1,11320,94713,1099.83,failed,online,2025-01-20,NO
1,25518,98033,1186.18,failed,online,2025-01-20,NO
688,26653,101923,885.83,completed,online,2025-01-20,NO
1,22269,109133,547.34,completed,online,2025-01-20,NO
1,12355,109494,83.94,completed,online,2025-01-20,NO
1,10731,112118,108.92,failed,online,2025-01-20,NO
3411,17266,118696,1309.03,completed,online,2025-01-20,NO
1802,23188,119788,1188.54,completed,online,2025-01-20,NO
4223,36190,122295,1940.38,completed,online,2025-01-20,NO
3813,23408,130887,976.45,failed,online,2025-01-20,NO
319,35364,133157,730.74,completed,online,2025-01-20,NO
577,2645,138828,840.07,completed,online,2025-01-20,NO
4589,7619,140283,487.54,failed,online,2025-01-20,NO
1543,22342,140355,1953.83,failed,online,2025-01-20,NO
1,709,140978,1087.45,failed,online,2025-01-20,NO
93,19128,142140,833.53,completed,online,2025-01-20,NO
1094,20299,143921,1825.42,failed,online,2025-01-20,NO
4409,48845,144536,1095.51,failed,online,2025-01-20,NO
1764,28549,147897,812.15,completed,online,2025-01-20,NO
952,37670,148094,409.59,failed,online,2025-01-20,NO
26,43712,1106,297.73,failed,online,2025-04-06,NO
4072,40052,2908,1693.58,failed,online,2025-04-06,NO
2384,44645,3142,1486.04,completed,online,2025-04-06,NO
3368,3526,3892,1167.56,failed,online,2025-04-06,NO
1,38738,7797,1977.62,completed,online,2025-04-06,NO
3304,47064,8890,321.5,failed,online,2025-04-06,NO
1,20845,9999,1677.69,completed,online,2025-04-06,NO
1692,46723,11379,913.23,failed,online,2025-04-06,NO
5000,48845,11871,991.32,failed,online,2025-04-06,NO
913,14279,12448,1150.98,completed,online,2025-04-06,NO
1966,45751,13192,270.68,completed,online,2025-04-06,NO
1,3081,17229,1201.98,completed,online,2025-04-06,NO
4290,27440,18006,102.62,completed,online,2025-04-06,NO
1,4989,34907,789.69,completed,online,2025-04-06,NO
1216,28572,36384,1378.14,completed,online,2025-04-06,NO
1,44880,38306,959.34,completed,online,2025-04-06,NO
1004,27024,41226,1192.16,failed,online,2025-04-06,NO
358,48996,41927,480.37,failed,online,2025-04-06,NO
3188,25102,43402,1553.29,completed,online,2025-04-06,NO
2714,9375,47611,1786.26,failed,online,2025-04-06,NO
2358,38264,51836,642.07,failed,online,2025-04-06,NO
1,6802,56797,1216.81,failed,online,2025-04-06,NO
1,38343,59232,1157.98,failed,online,2025-04-06,NO
4020,19247,63289,587.72,failed,online,2025-04-06,NO
1,9736,65954,471.26,failed,online,2025-04-06,NO
368,45066,66103,1212.11,completed,online,2025-04-06,NO
1575,41332,70027,526.06,failed,online,2025-04-06,NO
4143,27510,70065,1839.82,failed,online,2025-04-06,NO
4328,48823,72389,1355.35,completed,online,2025-04-06,NO
1,41628,72957,1378.05,completed,online,2025-04-06,NO
1426,6283,75403,1099.83,completed,online,2025-04-06,NO
1853,13998,77151,126.49,failed,online,2025-04-06,NO
837,13867,79116,1410.58,completed,online,2025-04-06,NO
1107,13072,82302,880.77,completed,online,2025-04-06,NO
1,20860,92321,1740.42,completed,online,2025-04-06,NO
1876,6648,97556,1666.76,completed,online,2025-04-06,NO
1,18835,99414,479.28,failed,online,2025-04-06,NO
277,13749,105732,559.86,completed,online,2025-04-06,NO
522,30003,106588,787.61,completed,online,2025-04-06,NO
4429,7850,111771,939.98,completed,online,2025-04-06,NO
2188,23416,114711,1918.27,failed,online,2025-04-06,NO
1484,12820,116408,1053.37,completed,online,2025-04-06,NO
725,18324,117879,528.89,completed,online,2025-04-06,NO
2815,37671,120208,1428.68,completed,online,2025-04-06,NO
2560,49761,120770,1433.91,completed,online,2025-04-06,NO
1673,47237,120992,1283.15,completed,online,2025-04-06,NO
1848,48497,121679,1249.14,failed,online,2025-04-06,NO
2601,4049,126804,245.89,failed,online,2025-04-06,NO
4539,8214,127012,1564.3,completed,online,2025-04-06,NO
4307,6162,127776,235.52,failed,online,2025-04-06,NO
1,24991,132208,969.98,completed,online,2025-04-06,NO
4643,14683,133657,25.13,completed,online,2025-04-06,NO
3094,43805,137826,993.02,completed,online,2025-04-06,NO
1,23572,140588,1212.85,completed,online,2025-04-06,NO
4761,48287,143021,1344.12,failed,online,2025-04-06,NO
1912,27690,143439,297.06,completed,online,2025-04-06,NO
4331,25995,144332,1035.94,completed,online,2025-04-06,NO
1,7757,144781,1602.1,completed,online,2025-04-06,NO
2000,43134,148412,1000.11,completed,online,2025-04-06,NO
2202,20787,149431,499.57,completed,online,2025-04-06,NO
1568,36148,1297,394.18,failed,online,2025-05-12,NO
1669,40125,3433,1686.8,completed,online,2025-05-12,NO
4574,42752,7552,1113.22,completed,online,2025-05-12,NO
1,12836,8629,360.09,failed,online,2025-05-12,NO
4837,33279,10137,1924.64,failed,UNKNOWN,2025-05-12,NO
1,38484,10618,984.78,failed,online,2025-05-12,NO
430,6546,11061,696.6,completed,online,2025-05-12,NO
3685,49521,14748,1009.74,failed,online,2025-05-12,NO
2851,3979,17040,1350.74,failed,online,2025-05-12,NO
4771,30350,19205,1921.29,failed,online,2025-05-12,NO
2779,39421,19874,1759.33,completed,online,2025-05-12,NO
4947,44518,20044,1831.25,completed,online,2025-05-12,NO
988,13196,21694,1563.64,failed,online,2025-05-12,NO
2885,40124,29306,598.99,completed,online,2025-05-12,NO
2079,5903,32415,259.53,completed,online,2025-05-12,NO
10,1334,33525,1764.3,failed,online,2025-05-12,NO
3032,13133,41468,831.4,completed,online,2025-05-12,NO
4313,19362,42544,1940.92,completed,online,2025-05-12,NO
175,6707,46095,1667.1,failed,online,2025-05-12,NO
948,3807,47910,1483.35,failed,online,2025-05-12,NO
1053,30489,49082,64.47,failed,online,2025-05-12,NO
4283,43892,49884,1634.07,completed,online,2025-05-12,NO
4481,48358,51978,1603.2,failed,online,2025-05-12,NO
731,32970,56937,57.18,completed,online,2025-05-12,NO
651,30151,58120,1424.34,completed,online,2025-05-12,NO
2333,17334,63598,1940.47,failed,online,2025-05-12,NO
1473,42399,64281,71.49,failed,online,2025-05-12,NO
1096,2497,69299,559.69,completed,online,2025-05-12,NO
3767,33055,69586,1550.95,failed,online,2025-05-12,NO
1244,21881,72607,1983.12,completed,online,2025-05-12,NO
1,19960,75637,1724.8,failed,online,2025-05-12,NO
1,1252,75846,1664.25,completed,online,2025-05-12,NO
570,37197,77056,1706.67,completed,online,2025-05-12,NO
3564,29474,80286,1441.97,completed,online,2025-05-12,NO
3162,38490,81950,600.93,completed,online,2025-05-12,NO
4871,32796,82877,304.85,failed,online,2025-05-12,NO
837,11498,83375,1238.09,completed,online,2025-05-12,NO
2084,22470,88734,1109.68,failed,online,2025-05-12,NO
3339,28189,91068,943.97,completed,online,2025-05-12,NO
1,15284,96664,1701.1,failed,online,2025-05-12,NO
2968,18311,102797,1729.77,completed,online,2025-05-12,NO
4887,30145,103351,1896.74,failed,online,2025-05-12,NO
1,19616,103582,1658.32,failed,online,2025-05-12,NO
3146,29465,106580,1768.59,completed,online,2025-05-12,NO
4653,14165,106700,980.65,completed,online,2025-05-12,NO
1,45933,112135,1599.0,failed,online,2025-05-12,NO
1558,38199,117941,996.28,failed,online,2025-05-12,NO
3482,16349,118398,791.78,completed,online,2025-05-12,NO
3123,19818,120866,1129.24,failed,online,2025-05-12,NO
771,31786,125976,288.14,completed,online,2025-05-12,NO
3184,355,125985,1321.73,failed,online,2025-05-12,NO
4905,15335,126574,915.06,completed,online,2025-05-12,NO
3336,16683,127860,1899.57,failed,online,2025-05-12,NO
912,13582,133196,224.1,completed,online,2025-05-12,NO
3538,39853,134782,1015.84,completed,online,2025-05-12,NO
4273,42988,136958,943.7,failed,online,2025-05-12,NO
2679,1971,139610,1294.28,completed,online,2025-05-12,NO
1,5749,142404,852.2,failed,online,2025-05-12,NO
3049,21959,148808,711.17,completed,online,2025-05-12,NO
2390,13711,148967,215.4,failed,online,2025-05-12,NO
3859,42719,176,310.31,failed,online,2025-06-01,NO
927,7744,586,1106.65,completed,online,2025-06-01,NO
456,45383,3117,1754.03,failed,online,2025-06-01,NO
2547,15898,4948,1910.75,completed,online,2025-06-01,NO
4501,36536,5966,43.13,completed,online,2025-06-01,NO
4958,16434,7354,1385.52,completed,online,2025-06-01,NO
3857,32415,11811,1308.95,completed,online,2025-06-01,NO
2126,36667,12428,290.43,failed,online,2025-06-01,NO
3293,22939,17137,1758.65,failed,online,2025-06-01,NO
3929,41064,27621,962.55,failed,online,2025-06-01,NO
1,3308,27931,849.55,completed,online,2025-06-01,NO
1200,1553,29691,1185.73,completed,online,2025-06-01,NO
1,25444,30803,1141.51,completed,online,2025-06-01,NO
2316,39254,30911,394.33,completed,online,2025-06-01,NO
3024,45871,34914,1227.39,completed,online,2025-06-01,NO
10,27043,35305,564.51,failed,online,2025-06-01,NO
1797,44317,37754,969.49,failed,online,2025-06-01,NO
4815,10828,42267,566.83,failed,online,2025-06-01,NO
4221,18486,44878,148.63,failed,online,2025-06-01,NO
1066,36003,46493,181.52,failed,online,2025-06-01,NO
1,3857,51199,161.24,completed,online,2025-06-01,NO
1,47528,51241,172.36,completed,online,2025-06-01,NO
3683,64,56601,1185.29,failed,online,2025-06-01,NO
2292,33138,58670,121.79,completed,online,2025-06-01,NO
4655,22736,62835,1342.33,failed,online,2025-06-01,NO
2520,22777,66269,1682.96,completed,online,2025-06-01,NO
1781,26506,67403,591.4,completed,online,2025-06-01,NO
1748,29802,67655,335.45,completed,online,2025-06-01,NO
1,34374,69033,1162.73,completed,online,2025-06-01,NO
3013,26509,69055,587.92,completed,online,2025-06-01,NO
999,20450,74647,1434.76,failed,online,2025-06-01,NO
4468,4681,74804,1331.34,failed,online,2025-06-01,NO
1,29711,77585,864.63,failed,online,2025-06-01,NO
3609,49860,78392,1825.52,failed,online,2025-06-01,NO
337,5543,83078,620.84,completed,online,2025-06-01,NO
4040,5574,85504,1673.4,completed,online,2025-06-01,NO
4954,10446,92779,354.08,failed,online,2025-06-01,NO
3473,27361,93051,1650.38,failed,online,2025-06-01,NO
1,47552,93512,1199.91,completed,online,2025-06-01,NO
890,30681,94249,967.93,failed,online,2025-06-01,NO
1,21611,94318,132.83,failed,online,2025-06-01,NO
721,25644,96182,1296.95,failed,online,2025-06-01,NO
2461,23884,106518,693.93,completed,online,2025-06-01,NO
883,36860,106736,1546.99,failed,online,2025-06-01,NO
4573,13230,110023,465.19,failed,online,2025-06-01,NO
1908,13221,113017,1003.48,failed,online,2025-06-01,NO
3909,3144,117162,425.63,completed,online,2025-06-01,NO
694,37508,118259,345.84,failed,online,2025-06-01,NO
4710,38392,119908,187.29,failed,online,2025-06-01,NO
656,25690,123996,1017.41,failed,online,2025-06-01,NO
1689,21056,127129,1352.37,failed,online,2025-06-01,NO
3157,21593,129405,1833.83,completed,online,2025-06-01,NO
4700,29215,132670,5644.287382121617,failed,online,2025-06-01,NO
982,6989,134905,309.14,failed,online,2025-06-01,NO
651,45780,135612,850.71,completed,online,2025-06-01,NO
1,49445,137459,1181.9,completed,online,2025-06-01,NO
811,43584,137777,1794.36,completed,online,2025-06-01,NO
4364,46133,144988,1901.51,completed,UNKNOWN,2025-06-01,NO
1017,1982,145005,783.9,failed,online,2025-06-01,NO
1,39105,145165,909.87,completed,online,2025-06-01,NO
1816,32278,601,1742.06,completed,online,2025-12-24,NO
3144,32336,2056,233.7,completed,online,2025-12-24,NO
2249,43853,3485,1728.93,completed,online,2025-12-24,NO
1821,10469,4777,1869.22,completed,online,2025-12-24,NO
744,26759,6732,1163.13,failed,online,2025-12-24,NO
1,44916,8498,1937.06,failed,online,2025-12-24,NO
1,30584,8643,1336.73,failed,online,2025-12-24,NO
4221,46882,11041,1746.6,completed,online,2025-12-24,NO
2559,20208,11334,1157.97,failed,online,2025-12-24,NO
1761,25,12192,912.46,failed,online,2025-12-24,NO
1,48727,15582,1643.84,completed,online,2025-12-24,NO
111,5330,16553,38.25,failed,online,2025-12-24,NO
998,25993,20459,627.78,failed,online,2025-12-24,NO
1789,1935,20478,1977.81,failed,online,2025-12-24,NO
3324,27636,20496,976.54,completed,online,2025-12-24,NO
4609,31201,20637,41.02,failed,online,2025-12-24,NO
1,27832,21168,1646.33,completed,online,2025-12-24,NO
4958,16434,23544,821.44,completed,online,2025-12-24,NO
1,22049,26520,1931.35,completed,online,2025-12-24,NO
136,21076,26553,1261.62,failed,online,2025-12-24,NO
2163,46220,33726,578.93,completed,online,2025-12-24,NO
1713,5372,33727,1984.6,failed,online,2025-12-24,NO
4829,8171,35507,787.55,failed,online,2025-12-24,NO
411,33594,36489,1758.12,failed,UNKNOWN,2025-12-24,NO
1,38675,40203,632.12,completed,online,2025-12-24,NO
1,9454,46664,1715.96,completed,online,2025-12-24,NO
3625,2443,48071,866.03,failed,online,2025-12-24,NO
2066,12649,51923,94.15,failed,online,2025-12-24,NO
1,32646,52285,1736.3,completed,online,2025-12-24,NO
1241,15230,53492,1613.38,failed,online,2025-12-24,NO
2568,48789,54771,1727.96,completed,online,2025-12-24,NO
405,30617,56766,1282.44,failed,online,2025-12-24,NO
1,22540,59868,1085.79,failed,online,2025-12-24,NO
2978,35573,62930,1847.57,failed,online,2025-12-24,NO
2726,38749,67070,100.27,failed,online,2025-12-24,NO
1,9781,70807,554.07,failed,online,2025-12-24,NO
3190,21906,73789,902.89,failed,online,2025-12-24,NO
3830,37555,76552,1239.09,completed,online,2025-12-24,NO
473,29197,78959,1336.86,completed,online,2025-12-24,NO
2044,39707,82572,920.55,completed,online,2025-12-24,NO
2467,2719,84207,341.16,failed,online,2025-12-24,NO
4141,44387,84247,372.0,completed,online,2025-12-24,NO
2748,12054,91181,702.37,failed,online,2025-12-24,NO
538,15604,93158,894.55,failed,online,2025-12-24,NO
666,20812,93891,590.52,failed,online,2025-12-24,NO
3586,29664,94010,708.35,failed,online,2025-12-24,NO
3880,2677,95733,1675.18,completed,online,2025-12-24,NO
3343,43590,101716,1639.57,completed,online,2025-12-24,NO
2574,37829,107979,719.6,failed,online,2025-12-24,NO
2738,43389,108090,1419.04,completed,online,2025-12-24,NO
1,354,116802,693.04,failed,online,2025-12-24,NO
1975,16369,121114,1454.34,completed,online,2025-12-24,NO
1,24432,121605,861.79,failed,online,2025-12-24,NO
1608,3105,122067,344.45,completed,online,2025-12-24,NO
1203,23867,123508,338.46,failed,online,2025-12-24,NO
346,14127,125253,20.95,failed,online,2025-12-24,NO
3145,9923,125564,1479.5,failed,online,2025-12-24,NO
4081,21682,131755,335.66,completed,online,2025-12-24,NO
3896,40866,138547,945.81,failed,online,2025-12-24,NO
321,28816,142827,690.46,failed,online,2025-12-24,NO
1,8405,144777,1647.58,failed,online,2025-12-24,NO
571,39475,229,1621.94,completed,online,2025-11-21,NO
1,34936,2947,195.43,completed,online,2025-11-21,NO
4894,32297,5451,1654.03,failed,online,2025-11-21,NO
3356,3826,7176,97.63,completed,online,2025-11-21,NO
1,43262,7866,1405.66,completed,online,2025-11-21,NO
4516,21657,8262,1794.29,completed,online,2025-11-21,NO
1927,24393,8769,1620.92,failed,online,2025-11-21,NO
1787,24671,9373,1487.77,completed,online,2025-11-21,NO
1233,14742,12069,78.18,completed,online,2025-11-21,NO
614,37374,14196,259.31,completed,online,2025-11-21,NO
1960,10125,29034,1734.66,failed,online,2025-11-21,NO
1,5595,29982,560.1,failed,online,2025-11-21,NO
1260,6387,30239,325.56,completed,online,2025-11-21,NO
4401,11038,35426,1406.59,failed,online,2025-11-21,NO
1,32475,40445,1538.57,completed,online,2025-11-21,NO
2334,16708,45809,36.11,failed,online,2025-11-21,NO
379,49701,46999,265.2,completed,online,2025-11-21,NO
4986,25771,47196,452.78,completed,online,2025-11-21,NO
4047,35014,51347,1537.17,failed,online,2025-11-21,NO
2031,14060,51790,115.25,failed,online,2025-11-21,NO
3378,19638,52658,1176.95,failed,online,2025-11-21,NO
2277,11599,56612,700.51,completed,online,2025-11-21,NO
2843,33388,67194,1503.54,completed,online,2025-11-21,NO
2346,49562,67497,1408.04,completed,online,2025-11-21,NO
3184,33749,68195,1870.72,failed,online,2025-11-21,NO
1358,31711,69825,622.79,failed,UNKNOWN,2025-11-21,NO
482,36274,70006,811.97,failed,online,2025-11-21,NO
1,15102,73744,400.14,completed,online,2025-11-21,NO
3381,10529,73839,497.88,failed,online,2025-11-21,NO
1,21961,78653,1556.24,failed,online,2025-11-21,NO
1,21944,80174,264.49,completed,online,2025-11-21,NO
4401,17212,84243,223.18,completed,online,2025-11-21,NO
405,18580,84645,1863.23,completed,online,2025-11-21,NO
2836,31703,87841,1325.85,completed,online,2025-11-21,NO
4132,34315,88615,1821.5,failed,online,2025-11-21,NO
2306,21518,89128,1356.19,completed,online,2025-11-21,NO
1,27946,90166,1350.03,failed,online,2025-11-21,NO
3113,39656,91352,1817.64,failed,online,2025-11-21,NO
370,41466,94990,183.78,completed,online,2025-11-21,NO
3184,6810,100013,374.71,failed,online,2025-11-21,NO
3914,44479,100131,283.26,completed,online,2025-11-21,NO
4236,43885,100987,529.57,completed,online,2025-11-21,NO
1276,45070,101240,1556.38,failed,online,2025-11-21,NO
1327,34181,102331,8152.7586016866335,failed,online,2025-11-21,NO
2759,48337,108838,719.87,completed,online,2025-11-21,NO
1,330,110660,546.69,failed,online,2025-11-21,NO
1874,31751,115518,158.21,failed,online,2025-11-21,NO
1702,2519,117863,61.52,completed,online,2025-11-21,NO
72,36971,118416,1592.1,failed,online,2025-11-21,NO
4446,4005,123929,1224.21,completed,online,2025-11-21,NO
2397,8150,127369,1451.31,completed,online,2025-11-21,NO
3065,29484,129125,1436.02,completed,online,2025-11-21,NO
1292,1866,130720,1302.21,completed,online,2025-11-21,NO
4989,28295,131108,1971.28,completed,online,2025-11-21,NO
1,37888,134974,566.52,completed,online,2025-11-21,NO
2625,45417,135752,1381.48,completed,online,2025-11-21,NO
2198,48285,139133,645.62,failed,online,2025-11-21,NO
2215,10255,142346,1716.6,failed,online,2025-11-21,NO
659,39125,144345,149.81,failed,online,2025-11-21,NO
4133,9627,794,719.54,failed,online,2025-09-03,NO
647,37830,5876,677.99,completed,online,2025-09-03,NO
1480,4865,9798,972.81,failed,online,2025-09-03,NO
225,44790,11069,25.66,failed,online,2025-09-03,NO
2952,29439,21354,177.38,completed,online,2025-09-03,NO
2006,7954,21608,309.29,completed,online,2025-09-03,NO
177,1605,22529,688.63,completed,online,2025-09-03,NO
4144,24969,27643,1305.2,completed,online,2025-09-03,NO
2179,4083,29589,1171.8,completed,online,2025-09-03,NO
2941,28289,30225,707.77,failed,online,2025-09-03,NO
4699,38203,31749,540.23,completed,online,2025-09-03,NO
1,45782,32153,78.39,failed,online,2025-09-03,NO
3961,37690,33174,1608.39,completed,online,2025-09-03,NO
1,11066,34003,1260.62,completed,online,2025-09-03,NO
722,31935,36094,1022.91,completed,online,2025-09-03,NO
3247,48154,37204,241.49,completed,UNKNOWN,2025-09-03,NO
4186,41403,39587,108.13,completed,online,2025-09-03,NO
3077,6869,39973,1178.25,completed,online,2025-09-03,NO
1,21571,50733,1770.96,failed,online,2025-09-03,NO
2169,6101,50987,813.05,completed,online,2025-09-03,NO
1,3496,53785,1734.15,completed,online,2025-09-03,NO
1,6633,53940,648.98,failed,online,2025-09-03,NO
1552,14326,55199,1653.88,failed,online,2025-09-03,NO
2669,40082,55235,828.45,failed,online,2025-09-03,NO
1973,4022,56092,1230.35,completed,UNKNOWN,2025-09-03,NO
1,3593,61437,1160.6,completed,online,2025-09-03,NO
245,3859,62437,340.71,failed,online,2025-09-03,NO
1,17179,64052,1255.99,completed,online,2025-09-03,NO
1164,34594,64602,226.82,completed,online,2025-09-03,NO
1,21449,67200,1644.95,completed,online,2025-09-03,NO
2539,47048,76258,1583.45,completed,online,2025-09-03,NO
202,48252,76464,1466.99,completed,online,2025-09-03,NO
1753,26486,77677,1863.73,completed,online,2025-09-03,NO
3254,45468,78102,1632.82,failed,online,2025-09-03,NO
2200,25092,79353,1353.0,completed,online,2025-09-03,NO
4282,3474,80896,819.92,completed,online,2025-09-03,NO
269,47062,82526,1444.22,failed,online,2025-09-03,NO
583,17777,85756,21.13,failed,online,2025-09-03,NO
1,37926,87029,1180.09,completed,online,2025-09-03,NO
1130,23922,90347,987.88,failed,online,2025-09-03,NO
1756,40365,90869,1287.36,completed,online,2025-09-03,NO
1965,45660,91725,595.3,failed,online,2025-09-03,NO
3432,17631,104783,774.73,completed,online,2025-09-03,NO
3666,44670,106771,1153.81,failed,online,2025-09-03,NO
2498,21017,116256,1997.37,failed,online,2025-09-03,NO
1711,30244,119498,1945.48,failed,online,2025-09-03,NO
1,13701,125212,531.53,completed,online,2025-09-03,NO
97,8191,125341,142.5,failed,online,2025-09-03,NO
2155,46143,125369,744.77,completed,online,2025-09-03,NO
4842,42479,127849,9679.612801165564,failed,online,2025-09-03,NO
793,71,129278,1225.03,completed,online,2025-09-03,NO
4154,42763,132844,1169.64,failed,online,2025-09-03,NO
2155,35547,138009,938.38,completed,online,2025-09-03,NO
1387,31206,141074,668.37,completed,online,2025-09-03,NO
1912,13480,141248,279.72,failed,online,2025-09-03,NO
1,33813,141560,1569.67,completed,online,2025-09-03,NO
3650,11838,143975,700.72,completed,online,2025-09-03,NO
1,43830,148670,1874.91,failed,online,2025-09-03,NO
1,3195,148942,809.49,completed,online,2025-09-03,NO
1,13369,7050,24.55,completed,online,2025-05-27,NO
1,23791,7518,1212.01,completed,online,2025-05-27,NO
1540,8711,16810,483.64,completed,online,2025-05-27,NO
1,3559,21218,1122.75,failed,online,2025-05-27,NO
2372,45070,22585,158.4,completed,online,2025-05-27,NO
376,25568,22746,1320.88,failed,online,2025-05-27,NO
2461,21448,27152,226.21,failed,online,2025-05-27,NO
3684,33883,28586,1823.97,failed,online,2025-05-27,NO
917,49893,33674,943.79,failed,online,2025-05-27,NO
2681,30770,35481,243.76,completed,online,2025-05-27,NO
2651,6907,37196,1312.45,completed,online,2025-05-27,NO
3029,23648,38358,1784.71,completed,online,2025-05-27,NO
2306,14503,39656,1696.36,failed,online,2025-05-27,NO
3451,21715,41205,1595.84,completed,online,2025-05-27,NO
1,16415,41727,1437.58,failed,online,2025-05-27,NO
3049,40378,44764,875.77,failed,online,2025-05-27,NO
301,39872,45408,1818.48,failed,online,2025-05-27,NO
231,29260,47540,779.05,completed,online,2025-05-27,NO
2247,43646,50837,963.68,failed,online,2025-05-27,NO
1102,32860,54273,906.59,failed,online,2025-05-27,NO
4889,23915,57475,839.14,failed,online,2025-05-27,NO
263,31837,65706,984.53,completed,online,2025-05-27,NO
4017,16411,66056,1464.86,completed,online,2025-05-27,NO
3293,29393,66334,1105.11,completed,UNKNOWN,2025-05-27,NO
1,39621,67122,1107.71,failed,online,2025-05-27,NO
2454,24157,67712,10.17,completed,online,2025-05-27,NO
3372,27676,69232,716.86,failed,online,2025-05-27,NO
93,9294,69459,1568.72,failed,online,2025-05-27,NO
4967,30557,70129,162.45,failed,online,2025-05-27,NO
3157,40673,74311,40.12,failed,online,2025-05-27,NO
1341,26898,74988,425.07,failed,online,2025-05-27,NO
1,16175,84139,1019.73,completed,online,2025-05-27,NO
2449,31381,87448,541.49,completed,online,2025-05-27,NO
1,402,91451,1414.28,completed,online,2025-05-27,NO
1164,12884,92437,488.1,failed,online,2025-05-27,NO
3236,47073,92735,725.6,completed,online,2025-05-27,NO
1304,14460,94346,453.59,completed,online,2025-05-27,NO
1,29443,94487,1750.49,failed,online,2025-05-27,NO
2223,44125,94953,350.26,completed,online,2025-05-27,NO
1,40587,96153,63.15,failed,online,2025-05-27,NO
3030,40775,100697,1651.89,completed,online,2025-05-27,NO
1780,18299,102296,619.93,completed,online,2025-05-27,NO
4160,26187,103706,781.08,completed,online,2025-05-27,NO
2661,30185,107759,528.73,completed,online,2025-05-27,NO
1,36480,114797,1605.46,completed,online,2025-05-27,NO
5,37603,115671,272.66,completed,online,2025-05-27,NO
3942,41740,116232,657.07,completed,online,2025-05-27,NO
3682,27625,116398,847.0,completed,online,2025-05-27,NO
227,47565,118842,1746.34,failed,online,2025-05-27,NO
4539,21740,122994,1683.74,failed,online,2025-05-27,NO
1196,10590,123081,1030.1,completed,online,2025-05-27,NO
1,31244,125527,1045.91,completed,online,2025-05-27,NO
1,17851,131022,83.38,failed,online,2025-05-27,NO
236,27319,133932,884.08,completed,online,2025-05-27,NO
1518,18055,136347,1867.36,completed,online,2025-05-27,NO
3700,30015,139726,936.71,failed,online,2025-05-27,NO
1,20389,145624,982.53,failed,online,2025-05-27,NO
867,48927,145871,886.22,failed,online,2025-05-27,NO
3534,5303,149055,1554.88,failed,online,2025-05-27,NO
1,19264,3083,1748.83,completed,online,2025-07-09,NO
1742,40803,7587,1696.35,failed,online,2025-07-09,NO
2667,20714,8663,1231.02,failed,online,2025-07-09,NO
3916,19993,13236,846.39,completed,online,2025-07-09,NO
1,10678,13665,1787.37,failed,online,2025-07-09,NO
4539,49825,14565,1718.14,completed,online,2025-07-09,NO
1,20525,23801,801.29,completed,online,2025-07-09,NO
4369,36155,24582,107.37,failed,online,2025-07-09,NO
1,35936,31758,1159.46,failed,online,2025-07-09,NO
2608,20542,34989,531.63,failed,online,2025-07-09,NO
1,7746,36284,90.36,completed,online,2025-07-09,NO
4280,7001,39685,822.05,completed,online,2025-07-09,NO
1755,42649,43832,1411.95,completed,online,2025-07-09,NO
3813,16915,47026,277.36,completed,online,2025-07-09,NO
333,48071,52732,1949.96,completed,online,2025-07-09,NO
1148,30029,55959,744.09,failed,online,2025-07-09,NO
1523,39049,59821,677.36,completed,online,2025-07-09,NO
2536,3153,61514,1605.46,failed,online,2025-07-09,NO
1,5210,61904,988.05,failed,online,2025-07-09,NO
1,48369,65891,73.45,failed,online,2025-07-09,NO
2,2445,67193,1688.86,completed,UNKNOWN,2025-07-09,NO
1,26350,71507,1937.86,failed,online,2025-07-09,NO
4053,10011,71620,1141.79,failed,online,2025-07-09,NO
2280,29349,72416,1364.68,completed,online,2025-07-09,NO
4330,24706,73805,641.48,failed,online,2025-07-09,NO
3329,1763,75221,244.92,failed,online,2025-07-09,NO
652,19146,77945,1930.11,completed,online,2025-07-09,NO
4518,48856,81563,636.69,failed,online,2025-07-09,NO
1,35076,82641,934.98,completed,online,2025-07-09,NO
4796,3581,82762,1573.97,failed,online,2025-07-09,NO
1,48065,83680,1711.41,completed,online,2025-07-09,NO
1,19423,84629,1323.44,completed,online,2025-07-09,NO
4444,14562,84969,1279.18,failed,online,2025-07-09,NO
1,526,86587,1219.48,completed,online,2025-07-09,NO
1,30977,88076,1633.11,failed,online,2025-07-09,NO
4241,24334,88312,478.7,completed,online,2025-07-09,NO
850,16849,89401,1820.56,failed,online,2025-07-09,NO
1350,9956,91432,1768.47,completed,online,2025-07-09,NO
3879,12634,92700,562.42,failed,online,2025-07-09,NO
908,48423,96098,1641.1,completed,online,2025-07-09,NO
4968,49760,97487,436.57,failed,online,2025-07-09,NO
2416,24968,104297,85.59,failed,online,2025-07-09,NO
1186,19384,106178,1516.91,completed,online,2025-07-09,NO
176,17405,107292,1109.7,failed,online,2025-07-09,NO
3002,20716,111870,845.24,failed,online,2025-07-09,NO
207,7840,112309,1172.0,completed,online,2025-07-09,NO
1,28501,112729,1254.46,failed,online,2025-07-09,NO
750,21999,123554,638.25,failed,online,2025-07-09,NO
1154,7541,124866,260.11,completed,online,2025-07-09,NO
1417,39854,125149,1821.2,failed,online,2025-07-09,NO
1,9551,125176,1213.26,failed,online,2025-07-09,NO
159,42755,129580,557.15,failed,online,2025-07-09,NO
1,13342,130870,820.0,failed,online,2025-07-09,NO
1,15115,134068,417.3,completed,online,2025-07-09,NO
2128,47507,139383,1981.28,failed,online,2025-07-09,NO
4381,40125,141233,865.44,failed,online,2025-07-09,NO
1927,21070,145137,752.42,failed,online,2025-07-09,NO
4734,5405,146394,992.72,completed,online,2025-07-09,NO
715,3964,148449,1693.69,completed,online,2025-07-09,NO
3610,1065,514,883.81,completed,online,2025-11-28,NO
3611,32213,4412,842.74,completed,online,2025-11-28,NO
3427,25281,5476,48.27,completed,online,2025-11-28,NO
3036,857,8373,372.36,completed,online,2025-11-28,NO
814,46541,8383,92.64,completed,online,2025-11-28,NO
183,28705,11534,267.52,failed,online,2025-11-28,NO
1,18385,12311,735.66,failed,online,2025-11-28,NO
2586,41590,13896,1393.03,failed,online,2025-11-28,NO
1521,18616,15158,469.62,failed,online,2025-11-28,NO
3433,44050,18264,691.6,failed,online,2025-11-28,NO
921,44452,22057,1281.38,completed,online,2025-11-28,NO
1392,48640,24497,836.74,completed,online,2025-11-28,NO
2825,47604,27315,234.77,failed,online,2025-11-28,NO
3609,11731,27949,1772.86,completed,online,2025-11-28,NO
1,39410,30022,1973.02,failed,online,2025-11-28,NO
1641,26672,34638,553.79,completed,online,2025-11-28,NO
1,49644,35347,438.62,failed,online,2025-11-28,NO
1,23371,38026,695.0,failed,online,2025-11-28,NO
3443,38571,41414,1915.33,failed,online,2025-11-28,NO
4611,46820,50219,1370.86,completed,online,2025-11-28,NO
1898,25330,51719,1960.56,failed,online,2025-11-28,NO
1,40415,58647,1833.69,completed,online,2025-11-28,NO
3487,34746,59338,1511.98,completed,online,2025-11-28,NO
3570,20379,63011,575.17,failed,online,2025-11-28,NO
1,14532,65062,1171.98,failed,online,2025-11-28,NO
2209,31599,66546,1339.27,completed,online,2025-11-28,NO
1,1309,67281,1790.91,failed,online,2025-11-28,NO
3507,46210,70814,430.29,completed,online,2025-11-28,NO
4043,47483,71240,923.18,failed,online,2025-11-28,NO
3739,28623,72613,618.38,completed,online,2025-11-28,NO
3534,25456,73171,1602.79,failed,online,2025-11-28,NO
3801,6387,75372,1809.51,completed,online,2025-11-28,NO
2022,12808,75838,6704.192057246324,failed,online,2025-11-28,NO
1966,35708,76142,361.17,completed,online,2025-11-28,NO
737,35279,78504,55.06,completed,online,2025-11-28,NO
2891,19849,79535,1108.87,completed,online,2025-11-28,NO
1,41704,95291,1485.23,completed,online,2025-11-28,NO
804,3278,97522,867.14,completed,online,2025-11-28,NO
1341,39302,97900,508.09,failed,UNKNOWN,2025-11-28,NO
4015,17717,99448,740.85,completed,online,2025-11-28,NO
3304,34897,101469,614.77,failed,online,2025-11-28,NO
1567,24967,105034,1580.45,failed,online,2025-11-28,NO
1,36379,108177,5191.259052304361,completed,online,2025-11-28,NO
4464,39624,113282,90.7,failed,online,2025-11-28,NO
997,7399,115369,1874.34,completed,online,2025-11-28,NO
727,44476,116717,701.49,failed,online,2025-11-28,NO
206,31590,118997,1873.78,failed,online,2025-11-28,NO
4280,8008,122029,1296.79,failed,online,2025-11-28,NO
4637,10698,124840,1782.01,completed,online,2025-11-28,NO
1308,3132,126999,1936.33,completed,online,2025-11-28,NO
1,34241,131134,1595.76,completed,online,2025-11-28,NO
1,35199,135516,876.59,completed,online,2025-11-28,NO
4970,15680,135919,844.19,completed,online,2025-11-28,NO
1041,28576,137735,1289.93,completed,online,2025-11-28,NO
1355,32655,138778,1875.32,completed,online,2025-11-28,NO
2601,40171,146173,502.21,completed,online,2025-11-28,NO
4410,31230,148695,1233.33,failed,online,2025-11-28,NO
1,45142,10848,1374.73,completed,online,2025-06-06,NO
1209,45421,14185,1576.05,completed,online,2025-06-06,NO
1766,41665,15761,1905.11,completed,online,2025-06-06,NO
71,21105,15773,1397.27,completed,online,2025-06-06,NO
2522,28867,17082,542.95,completed,online,2025-06-06,NO
4347,39946,18543,1925.61,failed,online,2025-06-06,NO
2019,27002,19314,353.29,failed,online,2025-06-06,NO
1,16066,21376,296.61,failed,online,2025-06-06,NO
771,46447,21901,1814.68,failed,online,2025-06-06,NO
2285,4890,22921,787.46,failed,online,2025-06-06,NO
1,32043,27605,404.6,completed,online,2025-06-06,NO
1611,10316,30784,1117.16,completed,online,2025-06-06,NO
1440,13674,32207,962.68,completed,online,2025-06-06,NO
416,20543,32466,1091.63,completed,online,2025-06-06,NO
3862,47603,33053,288.07,failed,online,2025-06-06,NO
3784,21183,37134,1869.54,failed,online,2025-06-06,NO
1,32378,37386,370.41,failed,online,2025-06-06,NO
1092,6068,40099,382.2,failed,online,2025-06-06,NO
3238,18425,40358,748.48,completed,online,2025-06-06,NO
4047,27416,40652,875.32,completed,online,2025-06-06,NO
1401,37245,40894,1316.48,completed,online,2025-06-06,NO
2519,17367,50098,1269.07,failed,online,2025-06-06,NO
3137,41131,50118,1194.46,failed,online,2025-06-06,NO
3646,10862,51873,765.55,completed,online,2025-06-06,NO
1956,46902,53252,1480.6,failed,online,2025-06-06,NO
1,32371,54617,1957.16,completed,online,2025-06-06,NO
2242,1478,58472,453.58,completed,online,2025-06-06,NO
34,17869,61182,1411.74,completed,online,2025-06-06,NO
2731,21750,61661,284.5,failed,online,2025-06-06,NO
1538,22272,62112,918.76,failed,online,2025-06-06,NO
2968,8920,62216,1243.25,failed,online,2025-06-06,NO
1,512,63427,1783.87,completed,online,2025-06-06,NO
3366,29934,64692,710.11,completed,online,2025-06-06,NO
1,46043,66965,1360.97,failed,online,2025-06-06,NO
1650,45226,73122,732.91,completed,online,2025-06-06,NO
1033,23452,76627,829.49,failed,online,2025-06-06,NO
1,4221,79177,1340.61,completed,online,2025-06-06,NO
2323,46526,85027,892.11,completed,online,2025-06-06,NO
2197,5860,85464,88.27,failed,online,2025-06-06,NO
1,5832,87577,271.42,failed,online,2025-06-06,NO
4451,43316,91224,774.72,failed,online,2025-06-06,NO
3617,25806,103770,1644.9,failed,online,2025-06-06,NO
4370,44006,106833,904.98,failed,online,2025-06-06,NO
1,5181,114123,1689.52,failed,online,2025-06-06,NO
394,29132,116470,749.46,failed,online,2025-06-06,NO
3980,43013,118278,516.86,failed,online,2025-06-06,NO
4365,27116,122708,1336.97,failed,online,2025-06-06,NO
2265,48964,123040,758.36,failed,online,2025-06-06,NO
2816,31745,123428,711.17,failed,online,2025-06-06,NO
1478,22429,128602,472.55,failed,online,2025-06-06,NO
2095,1580,133752,1594.83,failed,online,2025-06-06,NO
1,22397,134895,577.07,failed,online,2025-06-06,NO
78,5763,135029,1664.09,completed,online,2025-06-06,NO
1139,48620,135833,1965.05,failed,online,2025-06-06,NO
826,40612,138799,584.39,failed,online,2025-06-06,NO
2372,46571,141371,1050.58,completed,online,2025-06-06,NO
1,28198,144402,1148.05,failed,online,2025-06-06,NO
2032,23704,146545,561.17,completed,online,2025-06-06,NO
1,22891,2789,1748.47,failed,online,2025-05-24,NO
1715,35896,5529,653.63,completed,online,2025-05-24,NO
1,755,12961,630.6,failed,online,2025-05-24,NO
1218,42943,13285,240.08,completed,online,2025-05-24,NO
288,4229,15738,1712.66,completed,online,2025-05-24,NO
3755,18371,19942,1027.73,failed,online,2025-05-24,NO
1,13274,20583,870.71,failed,online,2025-05-24,NO
3880,24481,25176,1702.29,completed,online,2025-05-24,NO
2587,37526,25324,839.05,failed,online,2025-05-24,NO
1,18292,26983,968.33,completed,online,2025-05-24,NO
1,36724,26986,1797.21,completed,online,2025-05-24,NO
3478,23930,30148,1828.24,completed,online,2025-05-24,NO
1,34282,31103,928.15,failed,online,2025-05-24,NO
2295,7014,31653,1690.86,completed,online,2025-05-24,NO
2052,26630,32033,1053.42,failed,online,2025-05-24,NO
2787,31952,32570,945.64,completed,online,2025-05-24,NO
3047,15101,35014,1237.63,failed,online,2025-05-24,NO
1417,42961,36460,587.74,failed,online,2025-05-24,NO
4815,8552,38534,147.47,failed,online,2025-05-24,NO
2214,46298,40558,753.35,completed,online,2025-05-24,NO
4870,6889,43386,1374.23,failed,online,2025-05-24,NO
319,37882,43544,364.49,failed,online,2025-05-24,NO
2339,41579,48695,730.5,failed,online,2025-05-24,NO
3980,8885,50453,1802.67,completed,online,2025-05-24,NO
2612,9568,51611,331.08,failed,online,2025-05-24,NO
819,728,51677,1525.05,completed,online,2025-05-24,NO
1381,15869,51778,264.95,failed,online,2025-05-24,NO
2884,24823,51959,1711.66,failed,online,2025-05-24,NO
1221,30621,52322,465.3,completed,online,2025-05-24,NO
2695,34070,56466,565.22,failed,online,2025-05-24,NO
4771,29563,69743,794.7,completed,online,2025-05-24,NO
4690,38774,69811,1015.66,failed,online,2025-05-24,NO
242,44453,70358,1195.36,completed,online,2025-05-24,NO
3574,29727,72318,1714.03,failed,online,2025-05-24,NO
521,35668,75308,915.49,completed,online,2025-05-24,NO
2044,385,76584,138.8,completed,online,2025-05-24,NO
1,25577,78185,414.33,failed,online,2025-05-24,NO
1,47642,78217,825.1,failed,online,2025-05-24,NO
4757,2966,78753,32.43,failed,online,2025-05-24,NO
2135,24021,80657,1807.49,completed,online,2025-05-24,NO
3659,5968,83867,1699.78,failed,online,2025-05-24,NO
1,4229,85297,1663.03,completed,online,2025-05-24,NO
1854,49493,89927,1682.38,failed,online,2025-05-24,NO
1972,23787,91619,137.89,completed,online,2025-05-24,NO
1620,31994,92109,1834.13,failed,online,2025-05-24,NO
649,48614,94593,61.17,failed,online,2025-05-24,NO
1756,4311,99036,1148.16,completed,online,2025-05-24,NO
1,35652,100673,1944.07,failed,online,2025-05-24,NO
239,8501,106719,637.83,completed,online,2025-05-24,NO
556,45825,107228,1262.41,failed,online,2025-05-24,NO
4091,47048,107681,166.63,failed,online,2025-05-24,NO
3199,568,108943,53.61,failed,online,2025-05-24,NO
851,28763,109551,1080.36,completed,online,2025-05-24,NO
3214,32093,112829,838.41,failed,online,2025-05-24,NO
4849,26694,122392,1642.23,completed,online,2025-05-24,NO
1372,34847,122936,872.82,completed,online,2025-05-24,NO
4477,9124,124926,1064.61,completed,online,2025-05-24,NO
2878,36872,129385,585.46,completed,online,2025-05-24,NO
2717,15820,1294,322.84,failed,online,2025-11-21,NO
4612,18369,2753,1341.25,completed,online,2025-11-21,NO
1120,5047,6076,1631.52,failed,online,2025-11-21,NO
4933,28284,7661,431.13,completed,online,2025-11-21,NO
4915,35048,8411,768.95,failed,online,2025-11-21,NO
1,8770,10495,1014.11,completed,online,2025-11-21,NO
4092,14547,12139,7053.743850795423,completed,online,2025-11-21,NO
1,45992,14113,737.98,failed,online,2025-11-21,NO
1,36292,14151,1671.89,completed,online,2025-11-21,NO
742,46063,16916,1233.02,failed,online,2025-11-21,NO
3216,34390,19100,1293.73,completed,online,2025-11-21,NO
3323,45391,19828,416.45,completed,online,2025-11-21,NO
3682,38916,20396,127.25,completed,online,2025-11-21,NO
1,19917,21161,1034.04,failed,online,2025-11-21,NO
1,45508,24311,916.3,completed,online,2025-11-21,NO
1,13787,36555,610.79,completed,online,2025-11-21,NO
2760,14875,38205,1081.15,completed,online,2025-11-21,NO
1083,31378,46887,413.46,completed,online,2025-11-21,NO
1,23627,52765,1847.01,failed,online,2025-11-21,NO
1583,2156,53726,1308.56,completed,online,2025-11-21,NO
3883,31146,56054,372.27,completed,online,2025-11-21,NO
1,16376,57322,1859.84,failed,online,2025-11-21,NO
3453,6055,59438,364.91,completed,online,2025-11-21,NO
3122,33062,63579,507.93,failed,online,2025-11-21,NO
3947,9166,67340,14.77,failed,online,2025-11-21,NO
2927,46015,68128,530.52,failed,online,2025-11-21,NO
2495,23823,74830,954.77,completed,online,2025-11-21,NO
940,8935,74894,818.23,completed,online,2025-11-21,NO
1,2513,74940,1799.6,completed,online,2025-11-21,NO
199,13864,77423,546.95,completed,online,2025-11-21,NO
4200,49619,80056,37.56,completed,online,2025-11-21,NO
122,41882,86007,1423.85,completed,online,2025-11-21,NO
3924,18741,87412,629.56,failed,online,2025-11-21,NO
2248,19555,90646,1679.08,failed,online,2025-11-21,NO
1387,15529,90664,351.86,failed,online,2025-11-21,NO
3873,3555,103062,1335.84,failed,online,2025-11-21,NO
3619,16010,105498,6224.1224102095985,completed,online,2025-11-21,NO
4802,44415,105661,1527.84,failed,online,2025-11-21,NO
115,39620,106408,1190.18,failed,online,2025-11-21,NO
1,42944,106467,119.9,completed,online,2025-11-21,NO
1,27708,121719,762.02,completed,online,2025-11-21,NO
1098,30748,125584,963.25,failed,online,2025-11-21,NO
4799,2702,125640,1342.51,completed,online,2025-11-21,NO
1592,13322,126826,224.13,failed,online,2025-11-21,NO
1625,8526,128124,74.71,failed,online,2025-11-21,NO
905,11712,132318,319.93,completed,online,2025-11-21,NO
1,8210,132555,1517.73,completed,online,2025-11-21,NO
966,10878,135704,1326.66,failed,online,2025-11-21,NO
4892,14464,138355,278.74,failed,online,2025-11-21,NO
2628,9740,140129,1738.17,failed,online,2025-11-21,NO
2610,41434,143978,1468.55,failed,online,2025-11-21,NO
1046,6006,144786,27.68,failed,online,2025-11-21,NO
3643,24390,145842,123.59,failed,online,2025-11-21,NO
2856,46499,146425,1036.96,failed,online,2025-11-21,NO
4503,6583,146631,1633.57,failed,UNKNOWN,2025-11-21,NO
1216,16478,147463,1168.32,failed,online,2025-11-21,NO
4423,40726,147538,1800.73,completed,online,2025-11-21,NO
2760,48148,1569,652.55,completed,online,2025-10-08,NO
1,23714,7974,1686.23,failed,online,2025-10-08,NO
2954,49312,9012,896.35,failed,online,2025-10-08,NO
1337,3659,14052,852.44,failed,online,2025-10-08,NO
221,7373,14334,669.14,completed,online,2025-10-08,NO
4698,41066,16678,271.73,failed,online,2025-10-08,NO
2594,1312,18124,722.64,failed,online,2025-10-08,NO
3871,6990,20302,422.62,completed,online,2025-10-08,NO
753,14225,22283,1056.07,failed,online,2025-10-08,NO
2114,8279,22308,707.12,completed,online,2025-10-08,NO
1154,26405,29852,1295.9,completed,online,2025-10-08,NO
3986,33327,29890,1289.4,completed,online,2025-10-08,NO
503,26744,30406,1442.34,failed,online,2025-10-08,NO
1,36982,30464,141.54,failed,online,2025-10-08,NO
4710,40225,30559,1240.81,failed,online,2025-10-08,NO
257,3623,31602,729.16,completed,online,2025-10-08,NO
1,14196,31886,427.01,completed,online,2025-10-08,NO
39,20181,35304,763.01,failed,online,2025-10-08,NO
1,49635,39989,40.93,completed,online,2025-10-08,NO
1,47443,40031,18.12,failed,online,2025-10-08,NO
4400,8209,47401,409.14,failed,online,2025-10-08,NO
77,5640,49014,1360.71,completed,online,2025-10-08,NO
1,38001,49761,1862.31,completed,online,2025-10-08,NO
4139,8571,53308,1037.88,failed,online,2025-10-08,NO
3771,9198,54392,369.97,completed,online,2025-10-08,NO
1,41474,60531,1219.35,failed,online,2025-10-08,NO
3328,6185,62904,1009.71,completed,online,2025-10-08,NO
4242,28025,63450,1652.46,failed,UNKNOWN,2025-10-08,NO
3516,5173,63561,131.75,completed,online,2025-10-08,NO
977,14282,64153,918.89,completed,online,2025-10-08,NO
1981,38304,69200,346.22,failed,online,2025-10-08,NO
1,49875,71730,1983.18,failed,online,2025-10-08,NO
1713,48259,73402,471.12,failed,online,2025-10-08,NO
793,20530,84637,284.0,completed,online,2025-10-08,NO
3156,29774,86644,1681.6,failed,online,2025-10-08,NO
2594,37478,90396,1553.73,failed,online,2025-10-08,NO
247,9448,95534,6435.454008812255,completed,online,2025-10-08,NO
1133,20249,97280,1952.62,completed,online,2025-10-08,NO
1506,8108,97922,1811.71,failed,online,2025-10-08,NO
1,33957,99532,1350.92,failed,online,2025-10-08,NO
3804,4421,101941,1694.6,failed,online,2025-10-08,NO
1448,32785,102010,1291.61,failed,online,2025-10-08,NO
4287,26976,102106,869.0,completed,online,2025-10-08,NO
4434,27811,103395,906.05,failed,online,2025-10-08,NO
2518,13173,112672,154.94,failed,online,2025-10-08,NO
1432,32612,113226,1906.86,failed,online,2025-10-08,NO
208,24468,113809,297.16,failed,online,2025-10-08,NO
3620,6925,113978,1851.73,failed,online,2025-10-08,NO
567,49985,116749,1265.5,failed,online,2025-10-08,NO
3151,2434,118083,971.44,failed,online,2025-10-08,NO
1,45031,118598,1137.94,completed,online,2025-10-08,NO
3499,17712,119255,235.0,failed,online,2025-10-08,NO
2110,23243,131071,1318.14,failed,online,2025-10-08,NO
220,38113,132103,762.25,completed,online,2025-10-08,NO
2861,20823,137699,1758.56,completed,online,2025-10-08,NO
490,9593,138391,1241.29,failed,online,2025-10-08,NO
3283,48539,143309,63.34,completed,online,2025-10-08,NO
1,24863,148296,1266.37,failed,online,2025-10-08,NO
