product_id,customer_id,transaction_id,amount,status,channel,transaction_date,fraud_flag
3333,5943,1399,1619.71,failed,online,2025-10-22,NO
2852,44345,1917,1967.74,completed,online,2025-10-22,NO
1,38543,1968,1715.82,completed,online,2025-10-22,NO
1,44395,4015,1872.24,failed,online,2025-10-22,NO
2635,36549,6216,864.24,failed,online,2025-10-22,NO
4887,28905,7532,1306.16,completed,online,2025-10-22,NO
356,29426,8381,1232.7,failed,online,2025-10-22,NO
4289,45419,11001,463.58,failed,online,2025-10-22,NO
3971,33444,13844,730.02,completed,online,2025-10-22,NO
1,28914,15544,1817.83,completed,online,2025-10-22,NO
2679,30254,16613,446.95,completed,online,2025-10-22,NO
3103,18807,17513,377.38,completed,online,2025-10-22,NO
2526,33451,17824,1801.15,completed,online,2025-10-22,NO
1,26452,20395,698.23,completed,online,2025-10-22,NO
2008,11064,23893,218.09,failed,online,2025-10-22,NO
3469,25772,27273,706.09,failed,online,2025-10-22,NO
181,37491,30913,1272.12,completed,online,2025-10-22,NO
1,26053,32398,897.38,failed,online,2025-10-22,NO
1,26018,32719,66.45,failed,online,2025-10-22,NO
3974,16257,32761,151.44,completed,online,2025-10-22,NO
713,18386,32769,1619.59,completed,online,2025-10-22,NO
1194,38344,33631,1633.8,completed,online,2025-10-22,NO
4316,35236,34341,513.96,failed,online,2025-10-22,NO
1453,8029,34985,1433.48,failed,online,2025-10-22,NO
1,35588,35092,1392.4,failed,online,2025-10-22,NO
1,23293,36983,172.46,failed,online,2025-10-22,NO
1,4613,38539,553.48,completed,online,2025-10-22,NO
2896,14349,40619,34.89,completed,online,2025-10-22,NO
3118,40772,40629,1770.02,failed,online,2025-10-22,NO
3037,7738,41568,85.31,completed,online,2025-10-22,NO
1746,40451,48181,282.05,completed,online,2025-10-22,NO
1209,12232,48245,1598.12,completed,online,2025-10-22,NO
750,31636,48847,763.53,completed,online,2025-10-22,NO
4520,9325,49899,834.66,completed,online,2025-10-22,NO
3927,11419,51531,1573.74,failed,online,2025-10-22,NO
2874,24724,52651,1845.65,completed,online,2025-10-22,NO
4609,4091,53364,1011.82,failed,online,2025-10-22,NO
2208,38208,56829,250.73,completed,online,2025-10-22,NO
1,2264,56971,1149.6,completed,online,2025-10-22,NO
285,35342,58477,1053.02,failed,online,2025-10-22,NO
1,39053,58629,1478.03,failed,online,2025-10-22,NO
1564,6345,58912,367.13,failed,online,2025-10-22,NO
2120,38169,60009,805.06,completed,online,2025-10-22,NO
812,41140,63695,73.12,completed,online,2025-10-22,NO
3596,40612,65016,1986.84,completed,online,2025-10-22,NO
1,36381,65542,729.06,failed,online,2025-10-22,NO
4087,19079,69497,817.86,failed,online,2025-10-22,NO
2603,38196,71837,1276.45,completed,UNKNOWN,2025-10-22,NO
4872,46498,72444,908.71,failed,online,2025-10-22,NO
3758,15420,72654,282.78,failed,online,2025-10-22,NO
242,45809,77891,322.6,completed,online,2025-10-22,NO
2250,38716,79528,831.2,completed,online,2025-10-22,NO
4808,43266,80212,1210.81,failed,online,2025-10-22,NO
2509,41111,83743,1233.89,completed,online,2025-10-22,NO
1,7171,84772,633.55,completed,online,2025-10-22,NO
4511,14870,85099,671.33,completed,online,2025-10-22,NO
910,48531,85752,1191.74,failed,online,2025-10-22,NO
2144,25780,90898,663.56,completed,online,2025-10-22,NO
4229,48857,91148,652.71,completed,online,2025-10-22,NO
4419,9090,91747,1682.36,failed,online,2025-10-22,NO
3003,12926,91843,1741.48,failed,online,2025-10-22,NO
3934,12316,92954,1591.16,failed,online,2025-10-22,NO
1,32791,94935,1911.41,failed,online,2025-10-22,NO
1884,36183,103443,1092.73,completed,online,2025-10-22,NO
1,8829,107049,1247.41,failed,online,2025-10-22,NO
1526,24148,108020,686.22,completed,online,2025-10-22,NO
1,15031,108870,554.83,completed,online,2025-10-22,NO
574,34098,111774,1730.73,completed,online,2025-10-22,NO
4261,32066,113735,263.08,completed,online,2025-10-22,NO
472,10465,116177,1376.48,completed,online,2025-10-22,NO
3086,46433,118512,1161.19,failed,online,2025-10-22,NO
841,21072,122356,1950.19,failed,online,2025-10-22,NO
4567,12930,123091,522.17,failed,online,2025-10-22,NO
589,38682,127957,1749.76,completed,online,2025-10-22,NO
1,35108,130014,1414.7,completed,online,2025-10-22,NO
4648,30451,130300,1941.91,failed,online,2025-10-22,NO
1,44713,135428,1002.0,failed,online,2025-10-22,NO
4952,36464,137805,1839.19,failed,online,2025-10-22,NO
3746,30133,141246,1952.52,completed,online,2025-10-22,NO
3873,13690,141942,158.82,failed,online,2025-10-22,NO
4385,43911,142214,1443.96,completed,online,2025-10-22,NO
3405,37398,143933,237.13,failed,online,2025-10-22,NO
1284,20258,146391,1833.52,failed,online,2025-10-22,NO
1,12551,842,1660.17,completed,online,2025-07-11,NO
4012,3631,1215,51.74,completed,online,2025-07-11,NO
1,5906,2003,1956.96,completed,online,2025-07-11,NO
4116,21813,8131,1743.37,failed,online,2025-07-11,NO
4686,22927,9376,760.54,completed,online,2025-07-11,NO
4508,38097,12035,1851.13,failed,online,2025-07-11,NO
1,10766,14101,845.33,failed,online,2025-07-11,NO
83,21949,14824,1746.47,failed,online,2025-07-11,NO
3291,28702,14975,443.23,completed,online,2025-07-11,NO
1,46660,15157,420.83,completed,online,2025-07-11,NO
4607,17644,15701,284.6,failed,online,2025-07-11,NO
248,38130,20314,1418.76,completed,online,2025-07-11,NO
3636,14050,21385,1572.53,completed,online,2025-07-11,NO
4806,33071,23765,1707.04,failed,online,2025-07-11,NO
4659,469,24734,1428.27,failed,online,2025-07-11,NO
2667,36877,29431,94.88,failed,online,2025-07-11,NO
2651,41444,32955,1702.88,failed,online,2025-07-11,NO
197,9920,33275,1550.58,completed,online,2025-07-11,NO
2167,42302,35637,1053.08,completed,online,2025-07-11,NO
902,41310,36251,1630.56,completed,online,2025-07-11,NO
688,13512,40213,1673.53,completed,online,2025-07-11,NO
1182,31718,42552,1068.69,failed,online,2025-07-11,NO
2488,8432,43768,1336.67,failed,online,2025-07-11,NO
1789,41750,45538,214.96,completed,online,2025-07-11,NO
4111,48538,46154,1104.67,failed,online,2025-07-11,NO
1,49762,48289,323.1,completed,online,2025-07-11,NO
3510,22133,52849,985.66,completed,online,2025-07-11,NO
365,1612,54788,436.39,failed,online,2025-07-11,NO
4470,2283,56338,190.15,failed,online,2025-07-11,NO
1,4421,58107,1666.28,completed,online,2025-07-11,NO
1,41665,59146,1373.76,failed,online,2025-07-11,NO
1,41865,60358,577.44,failed,online,2025-07-11,NO
3823,3397,60474,486.52,completed,online,2025-07-11,NO
651,41968,62208,889.21,failed,online,2025-07-11,NO
1286,5647,64325,876.28,failed,online,2025-07-11,NO
121,33029,65112,683.26,failed,online,2025-07-11,NO
4213,19722,65888,971.04,failed,online,2025-07-11,NO
3375,28020,66802,617.89,completed,online,2025-07-11,NO
4935,39015,69971,880.66,completed,online,2025-07-11,NO
653,48389,70203,6439.408535982424,completed,online,2025-07-11,NO
1931,31281,71905,616.87,failed,online,2025-07-11,NO
1863,48895,72013,1507.69,completed,online,2025-07-11,NO
953,36811,72531,1804.83,failed,online,2025-07-11,NO
1,16387,72614,236.26,completed,online,2025-07-11,NO
2845,8449,74725,508.91,completed,online,2025-07-11,NO
2848,40580,76632,268.24,completed,online,2025-07-11,NO
1,12263,77851,299.6,completed,online,2025-07-11,NO
3501,33405,80315,1096.2,failed,online,2025-07-11,NO
3463,47717,81175,267.63,failed,online,2025-07-11,NO
1474,200,82693,578.47,completed,online,2025-07-11,NO
2630,18842,82741,1141.77,failed,online,2025-07-11,NO
2106,31576,84895,1280.24,completed,online,2025-07-11,NO
1987,30377,86368,887.69,failed,online,2025-07-11,NO
1,9849,95803,718.2,failed,online,2025-07-11,NO
815,43318,96446,1632.33,completed,online,2025-07-11,NO
230,1285,99000,735.85,failed,online,2025-07-11,NO
1,35338,100791,798.6,completed,online,2025-07-11,NO
1869,26472,102143,1707.36,failed,online,2025-07-11,NO
1041,12476,103716,487.11,completed,online,2025-07-11,NO
4216,1465,107593,1040.35,completed,online,2025-07-11,NO
4483,6547,109185,679.62,failed,online,2025-07-11,NO
4335,17088,109745,1855.61,completed,online,2025-07-11,NO
3405,45717,112554,1235.89,failed,online,2025-07-11,NO
1,34885,115708,1750.25,completed,UNKNOWN,2025-07-11,NO
2788,6603,119304,475.65,failed,online,2025-07-11,NO
2236,37850,120049,1125.93,failed,online,2025-07-11,NO
1408,27806,120331,1252.16,completed,online,2025-07-11,NO
4527,10154,123330,290.99,failed,online,2025-07-11,NO
430,4605,123333,491.43,completed,online,2025-07-11,NO
1639,49876,124304,75.31,completed,online,2025-07-11,NO
1,1352,125394,703.33,failed,online,2025-07-11,NO
3755,16567,126852,1564.85,failed,online,2025-07-11,NO
3449,18682,126948,1361.47,completed,online,2025-07-11,NO
4363,36984,132242,684.91,failed,online,2025-07-11,NO
1963,12642,133637,338.82,completed,online,2025-07-11,NO
3288,44492,134045,800.43,failed,online,2025-07-11,NO
4425,34514,134440,1995.79,failed,online,2025-07-11,NO
4673,27465,134525,789.76,failed,online,2025-07-11,NO
1,41249,137071,642.51,failed,online,2025-07-11,NO
616,22487,138039,1665.49,failed,UNKNOWN,2025-07-11,NO
3032,21884,138276,1812.44,failed,online,2025-07-11,NO
2291,24373,141889,920.41,completed,online,2025-07-11,NO
4906,24705,142090,290.35,completed,online,2025-07-11,NO
2728,19173,1553,509.41,failed,online,2025-10-20,NO
1,9053,2693,1965.1,failed,online,2025-10-20,NO
1826,30688,4283,208.45,completed,online,2025-10-20,NO
4880,41613,4749,1767.45,completed,online,2025-10-20,NO
2290,40165,10280,1910.67,completed,online,2025-10-20,NO
2834,39035,10689,1152.01,completed,online,2025-10-20,NO
50,11710,11083,1134.66,completed,online,2025-10-20,NO
2578,17390,12906,651.79,completed,online,2025-10-20,NO
868,35769,14729,819.8,failed,online,2025-10-20,NO
773,4071,15568,903.6,completed,online,2025-10-20,NO
550,35493,21318,1219.83,failed,online,2025-10-20,NO
1535,48791,21453,898.92,failed,online,2025-10-20,NO
2242,46396,23111,1894.79,completed,online,2025-10-20,NO
3293,22854,23824,664.76,completed,online,2025-10-20,NO
1306,4831,26471,869.99,failed,online,2025-10-20,NO
1244,31815,26864,383.15,failed,online,2025-10-20,NO
1084,45831,29504,1418.75,failed,online,2025-10-20,NO
4939,7723,30812,1752.59,completed,online,2025-10-20,NO
3066,22355,30955,505.17,failed,online,2025-10-20,NO
3512,13018,31026,883.33,completed,online,2025-10-20,NO
428,34530,32938,1385.12,failed,online,2025-10-20,NO
2683,42438,35238,1751.06,failed,online,2025-10-20,NO
1,23290,35515,264.8,failed,online,2025-10-20,NO
1,2661,37781,733.18,completed,online,2025-10-20,NO
2844,34470,39107,491.82,failed,online,2025-10-20,NO
4888,36861,42606,5798.494454178845,failed,online,2025-10-20,NO
3705,27870,42651,1779.57,completed,online,2025-10-20,NO
2596,20682,43593,1281.86,completed,online,2025-10-20,NO
1515,43665,44342,1802.0,failed,online,2025-10-20,NO
4777,42519,45372,370.28,completed,online,2025-10-20,NO
2455,23466,47188,1538.06,completed,online,2025-10-20,NO
1,20603,47374,1791.26,completed,online,2025-10-20,NO
1,31628,47663,907.59,failed,UNKNOWN,2025-10-20,NO
2650,30553,47914,1694.96,completed,online,2025-10-20,NO
3607,12065,48200,966.15,completed,online,2025-10-20,NO
1623,11029,51634,1718.5,failed,online,2025-10-20,NO
1,46225,52505,1143.89,failed,online,2025-10-20,NO
3777,29870,52865,636.44,completed,online,2025-10-20,NO
2710,33290,54151,1399.08,completed,online,2025-10-20,NO
920,11747,55378,1467.72,completed,online,2025-10-20,NO
301,10364,56156,1315.61,completed,online,2025-10-20,NO
118,31808,56394,1189.27,failed,online,2025-10-20,NO
1,26311,57381,726.22,completed,online,2025-10-20,NO
895,10041,59012,926.22,completed,online,2025-10-20,NO
1763,3610,61462,358.47,completed,online,2025-10-20,NO
1398,25930,63277,1245.24,completed,online,2025-10-20,NO
4583,39673,63491,1850.86,completed,online,2025-10-20,NO
1292,27863,64995,845.3,failed,online,2025-10-20,NO
4395,5295,67511,1870.76,failed,online,2025-10-20,NO
1798,14820,67530,1614.68,failed,online,2025-10-20,NO
4041,1390,68501,1581.33,completed,online,2025-10-20,NO
3898,22654,72700,818.26,completed,online,2025-10-20,NO
1596,13320,73818,923.42,failed,online,2025-10-20,NO
59,20270,75619,1829.42,completed,online,2025-10-20,NO
4282,23250,80490,764.85,completed,online,2025-10-20,NO
187,10133,87160,1364.02,failed,online,2025-10-20,NO
1007,47612,88693,1306.56,completed,online,2025-10-20,NO
2796,20204,92419,927.69,completed,online,2025-10-20,NO
4930,3292,93827,184.22,failed,online,2025-10-20,NO
2223,49327,95344,542.12,completed,online,2025-10-20,NO
4896,4831,96602,1643.41,completed,online,2025-10-20,NO
1600,25569,97391,452.32,failed,online,2025-10-20,NO
1460,20593,101450,502.39,failed,online,2025-10-20,NO
3745,26571,103047,989.5,failed,online,2025-10-20,NO
3008,19774,104869,1820.98,failed,online,2025-10-20,NO
1382,45836,105729,1650.13,completed,online,2025-10-20,NO
556,13529,111657,1358.01,completed,online,2025-10-20,NO
2938,46141,112301,1418.16,completed,online,2025-10-20,NO
1,17908,112302,1504.24,failed,online,2025-10-20,NO
1,25894,116083,1458.85,completed,online,2025-10-20,NO
1749,29868,118269,649.62,failed,online,2025-10-20,NO
1,5081,123982,313.51,failed,online,2025-10-20,NO
541,21318,126213,552.12,completed,online,2025-10-20,NO
1119,39069,127127,820.19,failed,online,2025-10-20,NO
2574,404,133559,1760.89,failed,online,2025-10-20,NO
1,39176,134598,1773.21,completed,online,2025-10-20,NO
1,49242,136537,5456.91518139495,completed,online,2025-10-20,NO
1206,8305,136853,1760.73,failed,online,2025-10-20,NO
3555,47491,140907,1812.83,completed,online,2025-10-20,NO
4354,6739,141492,1906.25,completed,online,2025-10-20,NO
3292,287,145931,315.37,failed,online,2025-10-20,NO
1,15286,148545,988.7,completed,online,2025-10-20,NO
3127,30708,2329,493.48,completed,online,2025-12-20,NO
1,21689,5555,975.37,completed,online,2025-12-20,NO
4700,2637,7301,9066.405102556844,failed,online,2025-12-20,NO
1305,8048,9015,531.31,failed,online,2025-12-20,NO
757,4142,9660,1163.92,failed,online,2025-12-20,NO
4676,18220,12853,1189.2,failed,online,2025-12-20,NO
1,13548,13980,1773.66,completed,online,2025-12-20,NO
1961,20635,14470,1469.21,completed,online,2025-12-20,NO
4631,28509,18183,1100.9,failed,online,2025-12-20,NO
1,42272,24104,1181.52,completed,online,2025-12-20,NO
3895,11502,26743,1442.38,completed,online,2025-12-20,NO
1,34754,28980,271.03,completed,online,2025-12-20,NO
1,19405,32131,1145.92,failed,online,2025-12-20,NO
4914,46760,39891,269.65,completed,online,2025-12-20,NO
650,14168,40711,693.88,failed,online,2025-12-20,NO
1,37788,40956,1543.83,completed,online,2025-12-20,NO
273,34820,45336,251.43,completed,UNKNOWN,2025-12-20,NO
1,42756,48299,655.7,completed,online,2025-12-20,NO
1216,46674,49893,1108.79,completed,online,2025-12-20,NO
2654,38646,50821,1425.91,completed,online,2025-12-20,NO
2309,37219,51774,1017.68,failed,online,2025-12-20,NO
1,41394,52813,643.89,failed,online,2025-12-20,NO
864,48537,54626,1197.37,failed,UNKNOWN,2025-12-20,NO
4226,46858,55776,182.81,completed,online,2025-12-20,NO
1,22349,56003,303.7,completed,online,2025-12-20,NO
4751,17591,58795,1394.81,failed,online,2025-12-20,NO
1,45214,58903,1717.1,completed,online,2025-12-20,NO
3276,17311,59498,1370.89,completed,online,2025-12-20,NO
2006,45705,60722,876.12,failed,online,2025-12-20,NO
4019,30191,61259,745.09,completed,online,2025-12-20,NO
653,26918,61352,1064.12,failed,online,2025-12-20,NO
3357,22855,62944,1285.35,failed,online,2025-12-20,NO
3637,35092,63313,1226.31,failed,online,2025-12-20,NO
3209,23153,63727,1976.06,failed,online,2025-12-20,NO
1979,684,64164,148.64,completed,UNKNOWN,2025-12-20,NO
4715,18373,65922,1286.83,completed,online,2025-12-20,NO
3564,896,66676,868.07,failed,online,2025-12-20,NO
667,13159,69663,741.6,completed,online,2025-12-20,NO
1552,29780,69972,1745.14,completed,online,2025-12-20,NO
3777,36212,71853,1974.98,failed,online,2025-12-20,NO
4736,13103,73078,1719.01,completed,online,2025-12-20,NO
1685,41585,73548,870.55,completed,online,2025-12-20,NO
1,37731,74831,1922.15,failed,online,2025-12-20,NO
2798,2483,82187,261.4,failed,online,2025-12-20,NO
1750,18339,83430,1593.6,failed,online,2025-12-20,NO
1231,44658,86035,536.55,completed,online,2025-12-20,NO
4073,13726,86801,1861.87,failed,online,2025-12-20,NO
1867,17044,87442,182.67,failed,online,2025-12-20,NO
4037,17695,88199,860.23,completed,online,2025-12-20,NO
454,7898,89525,94.14,completed,online,2025-12-20,NO
1,19907,89774,1216.85,completed,online,2025-12-20,NO
4934,17443,91310,243.74,failed,online,2025-12-20,NO
4428,17027,93189,587.14,failed,online,2025-12-20,NO
3290,47867,93897,101.9,completed,online,2025-12-20,NO
2264,8721,99802,1365.47,failed,online,2025-12-20,NO
873,36505,102399,1121.82,completed,online,2025-12-20,NO
4352,12565,103527,423.27,failed,online,2025-12-20,NO
3335,10569,104415,1650.11,failed,online,2025-12-20,NO
2138,7581,104910,384.35,failed,online,2025-12-20,NO
1,42277,112751,261.21,failed,online,2025-12-20,NO
1,16733,114469,1775.5,failed,online,2025-12-20,NO
2909,23504,114525,1082.77,failed,online,2025-12-20,NO
3383,6661,114911,1513.31,completed,online,2025-12-20,NO
4507,33451,120913,557.46,failed,online,2025-12-20,NO
1,11653,122678,1562.06,completed,online,2025-12-20,NO
1,11582,127652,202.62,failed,online,2025-12-20,NO
694,9683,128172,1197.58,completed,online,2025-12-20,NO
211,13823,130952,1158.13,completed,online,2025-12-20,NO
1,40377,133421,15.23,failed,online,2025-12-20,NO
4012,11023,134595,986.42,failed,online,2025-12-20,NO
1,22329,135601,344.18,failed,online,2025-12-20,NO
1879,22165,135665,151.17,completed,online,2025-12-20,NO
2525,39963,135988,293.45,failed,online,2025-12-20,NO
3728,24498,136020,565.42,failed,online,2025-12-20,NO
1589,5105,140414,1582.28,failed,online,2025-12-20,NO
1,13508,140546,823.81,failed,online,2025-12-20,NO
1,33908,141212,1651.55,completed,online,2025-12-20,NO
4107,46310,145914,952.55,failed,online,2025-12-20,NO
2578,8128,146421,382.14,failed,online,2025-12-20,NO
3312,43408,146724,1789.99,completed,online,2025-12-20,NO
2135,20086,148536,687.67,completed,online,2025-12-20,NO
2288,33655,149565,1085.03,completed,online,2025-12-20,NO
3808,38821,149971,863.4,completed,online,2025-12-20,NO
4844,23393,20,1668.19,completed,online,2025-12-18,NO
3509,42938,2105,684.56,completed,online,2025-12-18,NO
3054,14072,4832,1140.17,failed,online,2025-12-18,NO
4612,10466,6345,291.62,completed,online,2025-12-18,NO
2717,45668,11043,717.26,failed,online,2025-12-18,NO
2595,38039,12316,136.08,failed,online,2025-12-18,NO
1,40662,13791,1496.33,failed,online,2025-12-18,NO
4435,2526,18001,1944.77,failed,online,2025-12-18,NO
1865,40579,18809,1233.29,completed,online,2025-12-18,NO
2708,20590,20543,1024.21,completed,online,2025-12-18,NO
2786,4843,21184,742.38,failed,online,2025-12-18,NO
1,44529,23720,1889.46,failed,online,2025-12-18,NO
1,34417,23762,725.09,completed,online,2025-12-18,NO
1656,11611,25889,586.61,completed,online,2025-12-18,NO
1209,27175,32802,878.45,failed,online,2025-12-18,NO
1837,34970,35300,1235.31,failed,online,2025-12-18,NO
4285,1302,41217,181.95,completed,online,2025-12-18,NO
558,11677,41956,700.88,completed,online,2025-12-18,NO
749,3232,42658,125.52,failed,online,2025-12-18,NO
1338,48751,43147,130.34,completed,online,2025-12-18,NO
980,2701,47378,371.15,failed,online,2025-12-18,NO
428,13741,47707,596.38,completed,online,2025-12-18,NO
1849,9174,48421,1334.45,completed,online,2025-12-18,NO
691,40575,50434,5246.118414621934,completed,online,2025-12-18,NO
4522,2679,51128,1454.52,failed,online,2025-12-18,NO
3276,36643,53901,749.58,failed,online,2025-12-18,NO
1,12512,61541,775.9,failed,online,2025-12-18,NO
4558,40734,62441,216.61,completed,UNKNOWN,2025-12-18,NO
1571,10588,62848,1839.29,completed,online,2025-12-18,NO
1721,32251,62849,375.98,completed,online,2025-12-18,NO
2216,22242,64864,1791.12,failed,online,2025-12-18,NO
3902,13088,64917,767.04,completed,online,2025-12-18,NO
662,10296,67591,614.73,completed,online,2025-12-18,NO
1811,5356,68154,239.29,failed,online,2025-12-18,NO
4742,38401,70463,1866.3,completed,online,2025-12-18,NO
3987,25290,76617,259.74,failed,online,2025-12-18,NO
1,26863,77134,1471.98,completed,online,2025-12-18,NO
868,28350,78741,1575.03,completed,online,2025-12-18,NO
1386,42290,78872,586.83,completed,online,2025-12-18,NO
1,47159,79737,1478.39,completed,online,2025-12-18,NO
57,28393,81684,1196.51,completed,online,2025-12-18,NO
2507,49006,82506,388.52,completed,online,2025-12-18,NO
2033,29901,88466,1218.13,failed,online,2025-12-18,NO
273,9109,89940,561.62,failed,online,2025-12-18,NO
1,15968,90610,446.88,completed,online,2025-12-18,NO
3258,40122,92093,1017.19,completed,online,2025-12-18,NO
287,22654,92165,1423.83,failed,online,2025-12-18,NO
1,47943,94124,1971.59,failed,online,2025-12-18,NO
4972,29474,96377,1544.28,completed,online,2025-12-18,NO
1,43971,96607,498.73,completed,online,2025-12-18,NO
2871,46763,96713,710.51,completed,online,2025-12-18,NO
2820,9983,97931,1201.01,completed,online,2025-12-18,NO
3037,48497,103198,44.43,completed,online,2025-12-18,NO
1,43141,105085,1886.36,completed,online,2025-12-18,NO
63,22911,106471,1362.32,completed,online,2025-12-18,NO
3795,14246,107172,727.11,failed,online,2025-12-18,NO
3717,17098,108131,1113.66,failed,online,2025-12-18,NO
1699,41222,108348,1351.38,completed,online,2025-12-18,NO
1414,3032,108552,502.85,completed,online,2025-12-18,NO
1,6392,109577,871.41,completed,UNKNOWN,2025-12-18,NO
3693,14716,109597,1341.28,failed,online,2025-12-18,NO
1,7548,111718,1169.37,failed,online,2025-12-18,NO
4694,38794,112400,1674.2,failed,online,2025-12-18,NO
1826,24205,115282,1498.84,completed,online,2025-12-18,NO
1809,424,116395,1275.89,completed,online,2025-12-18,NO
4646,24771,116990,523.64,completed,online,2025-12-18,NO
1617,40396,120619,476.22,failed,online,2025-12-18,NO
3366,45446,124469,1679.19,failed,online,2025-12-18,NO
4299,8561,126415,523.18,completed,online,2025-12-18,NO
2718,4137,126660,725.94,failed,online,2025-12-18,NO
3615,17352,127836,1475.72,failed,online,2025-12-18,NO
455,8328,131871,409.83,completed,online,2025-12-18,NO
1,47015,134503,732.51,failed,online,2025-12-18,NO
2918,5714,137968,1898.31,completed,online,2025-12-18,NO
1960,46469,138190,893.0,failed,online,2025-12-18,NO
2699,15009,139062,1952.19,completed,online,2025-12-18,NO
2439,32176,141328,63.84,completed,online,2025-12-18,NO
3967,13615,142601,1308.13,completed,online,2025-12-18,NO
1,38893,145273,1177.68,completed,online,2025-12-18,NO
1,31083,148479,607.32,failed,online,2025-12-18,NO
1013,25632,149341,427.88,completed,online,2025-12-18,NO
2990,6164,149578,1289.3,completed,UNKNOWN,2025-12-18,NO
1463,39487,124,60.16,failed,online,2025-02-02,NO
4260,21144,3822,156.37,completed,online,2025-02-02,NO
732,30970,4064,205.34,failed,online,2025-02-02,NO
4348,43474,5944,1486.26,completed,online,2025-02-02,NO
3050,43407,7047,1582.98,completed,online,2025-02-02,NO
1095,12533,12387,585.22,completed,online,2025-02-02,NO
3991,12191,13277,1313.88,completed,online,2025-02-02,NO
2178,26865,13935,359.46,completed,online,2025-02-02,NO
2029,1716,16026,32.13,failed,online,2025-02-02,NO
1219,5837,17829,1692.58,completed,online,2025-02-02,NO
4054,14876,19535,1034.21,failed,online,2025-02-02,NO
4741,1451,21547,1795.64,failed,online,2025-02-02,NO
4100,45262,23618,1897.93,failed,online,2025-02-02,NO
1,22665,23859,493.02,completed,online,2025-02-02,NO
2563,32740,24896,1498.25,completed,online,2025-02-02,NO
1,35361,26208,1896.05,completed,online,2025-02-02,NO
3232,31229,28035,552.31,failed,online,2025-02-02,NO
2405,801,30551,1760.34,failed,online,2025-02-02,NO
944,33606,31965,1724.4,failed,online,2025-02-02,NO
2756,29393,33520,1729.28,completed,online,2025-02-02,NO
1,44887,37456,1190.52,completed,online,2025-02-02,NO
4905,8595,38086,194.15,failed,online,2025-02-02,NO
852,31412,38585,1318.14,failed,online,2025-02-02,NO
3910,2160,40219,675.4,completed,online,2025-02-02,NO
237,9738,40262,755.24,completed,online,2025-02-02,NO
518,23532,41998,233.76,completed,online,2025-02-02,NO
1,46145,43476,1547.76,failed,online,2025-02-02,NO
470,41294,44175,67.25,completed,online,2025-02-02,NO
4994,49186,49306,207.1,failed,online,2025-02-02,NO
2899,33966,51614,1325.52,failed,online,2025-02-02,NO
1026,14622,54011,1786.2,completed,online,2025-02-02,NO
3696,6503,54355,1469.53,completed,online,2025-02-02,NO
1,35077,54722,1434.98,failed,online,2025-02-02,NO
1,41093,54792,240.99,failed,online,2025-02-02,NO
3021,13054,63322,1682.6,failed,online,2025-02-02,NO
1,31501,64918,424.05,failed,online,2025-02-02,NO
4850,46461,66652,1507.18,failed,online,2025-02-02,NO
4061,9792,67929,428.45,failed,online,2025-02-02,NO
1,24475,71597,931.0,completed,online,2025-02-02,NO
3797,21884,73175,1917.79,completed,online,2025-02-02,NO
278,47780,74306,1444.09,completed,online,2025-02-02,NO
1,39821,81317,1264.05,completed,online,2025-02-02,NO
1,34667,83882,1177.33,failed,online,2025-02-02,NO
1,5877,84362,463.65,completed,online,2025-02-02,NO
1,2332,85897,817.0,completed,online,2025-02-02,NO
1,684,87691,198.77,completed,online,2025-02-02,NO
1447,16865,93709,640.8,completed,online,2025-02-02,NO
619,2271,93902,1893.92,failed,online,2025-02-02,NO
2215,7195,95211,1986.59,failed,online,2025-02-02,NO
868,22496,100931,1020.62,failed,online,2025-02-02,NO
3596,23315,103382,589.74,failed,online,2025-02-02,NO
1769,25977,107450,1778.77,failed,UNKNOWN,2025-02-02,NO
2671,43543,111591,809.08,completed,online,2025-02-02,NO
444,42150,112843,603.94,completed,online,2025-02-02,NO
1,6253,113475,530.32,failed,online,2025-02-02,NO
4022,6889,114177,186.26,failed,online,2025-02-02,NO
608,22537,114357,234.33,completed,online,2025-02-02,NO
4515,44074,117877,954.77,completed,online,2025-02-02,NO
1010,36693,119651,1990.61,completed,online,2025-02-02,NO
390,9937,121208,1958.73,completed,online,2025-02-02,NO
2088,46566,128149,351.88,completed,online,2025-02-02,NO
1760,24455,129382,1011.04,failed,online,2025-02-02,NO
2214,21932,129782,472.0,completed,online,2025-02-02,NO
151,9436,130396,1534.89,completed,online,2025-02-02,NO
4698,5040,131559,1163.74,failed,online,2025-02-02,NO
1,38897,131682,519.01,failed,online,2025-02-02,NO
2333,27785,132081,680.63,failed,online,2025-02-02,NO
226,40998,135161,708.62,failed,online,2025-02-02,NO
2520,49275,135921,1706.81,failed,online,2025-02-02,NO
721,13322,136123,767.63,completed,online,2025-02-02,NO
3651,13040,136886,1047.07,failed,online,2025-02-02,NO
2836,27872,137276,1076.35,failed,online,2025-02-02,NO
1,28327,137490,857.02,completed,online,2025-02-02,NO
2950,36788,138384,1712.91,completed,online,2025-02-02,NO
3349,32913,139561,1927.21,failed,online,2025-02-02,NO
4693,25414,141525,665.12,completed,online,2025-02-02,NO
4274,20576,141639,1814.64,completed,online,2025-02-02,NO
116,26699,143775,833.58,failed,online,2025-02-02,NO
2006,33815,144524,1441.89,completed,online,2025-02-02,NO
1850,470,145054,366.06,completed,online,2025-02-02,NO
1657,40491,148446,249.45,completed,online,2025-02-02,NO
1,4069,148689,1657.06,failed,online,2025-02-02,NO
2109,11932,149127,1071.07,failed,UNKNOWN,2025-02-02,NO
3915,1418,3416,1461.48,failed,online,2025-02-19,NO
1570,18665,3442,419.86,completed,online,2025-02-19,NO
1257,4218,7243,512.67,failed,online,2025-02-19,NO
1,23275,7734,1989.18,completed,online,2025-02-19,NO
274,5718,9589,1088.08,completed,online,2025-02-19,NO
4427,16344,11421,144.6,failed,online,2025-02-19,NO
3571,31567,11961,1676.37,failed,online,2025-02-19,NO
562,8782,12908,1157.3,completed,online,2025-02-19,NO
821,21846,13538,1263.08,failed,online,2025-02-19,NO
1034,45270,14456,476.89,completed,online,2025-02-19,NO
4289,17633,14529,614.96,failed,online,2025-02-19,NO
775,6341,15522,635.37,failed,online,2025-02-19,NO
3721,43048,17410,880.33,completed,online,2025-02-19,NO
1,34760,21416,205.69,failed,online,2025-02-19,NO
421,45583,21518,1899.21,completed,online,2025-02-19,NO
1,15579,21693,1065.98,failed,online,2025-02-19,NO
610,48472,23040,1648.22,failed,online,2025-02-19,NO
1655,17256,24701,7485.382602066743,failed,online,2025-02-19,NO
1,42052,33303,14.82,completed,online,2025-02-19,NO
1,3290,37712,105.91,failed,online,2025-02-19,NO
1377,730,38090,1461.67,completed,online,2025-02-19,NO
4939,31343,38392,1823.67,completed,online,2025-02-19,NO
1483,10454,40024,1253.86,failed,online,2025-02-19,NO
2881,29366,41993,78.16,failed,online,2025-02-19,NO
1208,7223,42224,433.0,failed,online,2025-02-19,NO
1262,24473,42600,608.93,failed,online,2025-02-19,NO
1568,47096,45071,1874.71,completed,online,2025-02-19,NO
2380,25100,46344,641.91,completed,online,2025-02-19,NO
1571,36382,47344,485.32,failed,online,2025-02-19,NO
343,44805,48574,777.99,failed,online,2025-02-19,NO
1929,41313,48633,646.01,completed,online,2025-02-19,NO
1,27051,51173,1706.94,failed,online,2025-02-19,NO
586,11415,54534,450.06,completed,online,2025-02-19,NO
779,32990,55862,63.13,failed,online,2025-02-19,NO
1,11332,56835,1834.67,failed,online,2025-02-19,NO
446,21689,60105,915.18,failed,online,2025-02-19,NO
1250,3199,65249,905.61,failed,online,2025-02-19,NO
1,41971,66622,1776.87,failed,online,2025-02-19,NO
298,28760,68490,1066.13,failed,online,2025-02-19,NO
1292,37958,69563,442.19,failed,online,2025-02-19,NO
1591,18442,72395,5977.364251089425,failed,online,2025-02-19,NO
1425,36289,76400,1475.07,completed,online,2025-02-19,NO
3762,35834,76826,258.42,failed,online,2025-02-19,NO
1,7360,76839,1011.72,failed,online,2025-02-19,NO
209,28535,77342,605.99,completed,online,2025-02-19,NO
2281,29794,77580,1038.52,failed,online,2025-02-19,NO
2229,46979,80216,1168.41,completed,online,2025-02-19,NO
4049,6189,88346,491.62,completed,online,2025-02-19,NO
2525,36694,88698,1541.88,completed,online,2025-02-19,NO
497,5350,90885,565.8,failed,online,2025-02-19,NO
3923,35349,93114,745.79,failed,online,2025-02-19,NO
1773,24990,95278,570.91,failed,online,2025-02-19,NO
1,49622,96581,137.33,completed,online,2025-02-19,NO
1,38311,97938,579.82,completed,online,2025-02-19,NO
588,35226,98072,1856.31,completed,online,2025-02-19,NO
2146,44306,99012,470.38,completed,online,2025-02-19,NO
4484,5968,100366,227.65,failed,online,2025-02-19,NO
4169,31617,101053,1142.47,completed,online,2025-02-19,NO
3514,9557,102615,1707.12,completed,online,2025-02-19,NO
1505,25746,108026,1290.34,failed,online,2025-02-19,NO
1,41373,108070,1104.09,completed,online,2025-02-19,NO
3510,32268,109822,1742.29,completed,online,2025-02-19,NO
2719,30824,111285,524.72,failed,online,2025-02-19,NO
1307,23583,113892,622.09,failed,online,2025-02-19,NO
1701,18821,115244,1656.33,completed,online,2025-02-19,NO
1280,31804,116213,230.18,failed,online,2025-02-19,NO
1038,5077,117317,472.33,failed,online,2025-02-19,NO
446,33968,119755,859.74,failed,online,2025-02-19,NO
1,40959,120693,1198.84,failed,online,2025-02-19,NO
793,38750,124924,1759.73,failed,online,2025-02-19,NO
3526,12291,125516,1938.8,failed,online,2025-02-19,NO
3402,216,130471,7940.915906373244,failed,online,2025-02-19,NO
1207,43615,133875,1618.33,failed,online,2025-02-19,NO
3520,538,135200,81.37,failed,online,2025-02-19,NO
2665,37817,135501,161.15,failed,online,2025-02-19,NO
1173,45509,136382,1917.1,completed,online,2025-02-19,NO
178,41707,138679,1728.89,failed,online,2025-02-19,NO
3983,19802,140004,1642.5,completed,online,2025-02-19,NO
343,38045,140788,917.45,failed,UNKNOWN,2025-02-19,NO
1,42316,143739,1164.84,completed,online,2025-02-19,NO
4999,18924,146437,435.78,failed,online,2025-02-19,NO
3728,26798,148046,1236.03,completed,online,2025-02-19,NO
4339,14194,148890,486.1,failed,online,2025-02-19,NO
353,40031,140,1967.13,failed,online,2025-04-10,NO
3519,19786,233,63.65,completed,online,2025-04-10,NO
1467,37474,1942,1555.45,completed,online,2025-04-10,NO
3161,9077,3013,1039.23,failed,online,2025-04-10,NO
3590,16447,3235,571.51,completed,online,2025-04-10,NO
2009,11085,6970,1638.27,completed,online,2025-04-10,NO
2307,29659,10310,1171.26,completed,online,2025-04-10,NO
1,34669,10570,1170.09,completed,online,2025-04-10,NO
1,42776,13661,307.07,failed,online,2025-04-10,NO
2898,3272,15873,1032.42,failed,online,2025-04-10,NO
3293,49262,16148,78.37,completed,online,2025-04-10,NO
2754,35553,16637,741.83,failed,online,2025-04-10,NO
847,3860,16834,1759.9,completed,online,2025-04-10,NO
1,2733,17536,9869.974481142432,failed,online,2025-04-10,NO
1,360,18286,167.75,completed,online,2025-04-10,NO
4358,4681,20781,809.42,failed,online,2025-04-10,NO
1,40379,23250,422.84,completed,online,2025-04-10,NO
3255,36801,26687,1673.02,failed,online,2025-04-10,NO
1,23494,28015,212.25,failed,online,2025-04-10,NO
1944,39122,30781,270.57,failed,online,2025-04-10,NO
1075,23256,33412,1245.61,completed,online,2025-04-10,NO
294,31824,33820,1658.4,failed,online,2025-04-10,NO
3591,30177,34665,210.63,completed,online,2025-04-10,NO
1902,26060,37021,1211.66,completed,online,2025-04-10,NO
3757,25604,40658,118.02,failed,online,2025-04-10,NO
1,46587,42675,523.61,completed,online,2025-04-10,NO
3593,2544,43984,1631.24,completed,online,2025-04-10,NO
2993,28045,48804,452.84,failed,online,2025-04-10,NO
135,22484,50666,235.74,failed,online,2025-04-10,NO
4830,24233,51750,1943.95,completed,online,2025-04-10,NO
1,3852,51757,179.57,completed,online,2025-04-10,NO
579,2709,51899,1088.23,completed,online,2025-04-10,NO
2305,9038,52858,773.13,completed,online,2025-04-10,NO
107,40357,55810,30.16,failed,online,2025-04-10,NO
781,43081,57754,1296.03,failed,online,2025-04-10,NO
1666,8251,58026,166.33,completed,online,2025-04-10,NO
3129,23837,61239,7089.771105897413,completed,online,2025-04-10,NO
4988,44359,61987,1825.27,completed,online,2025-04-10,NO
3004,1637,63090,627.37,completed,online,2025-04-10,NO
188,24160,64829,176.51,failed,online,2025-04-10,NO
3684,7359,66837,350.53,completed,online,2025-04-10,NO
162,5278,67438,1915.31,completed,online,2025-04-10,NO
1929,19935,67583,1783.39,failed,online,2025-04-10,NO
1,35579,67888,1652.21,completed,online,2025-04-10,NO
2339,11689,71911,751.19,completed,online,2025-04-10,NO
3292,13949,72085,1416.75,failed,online,2025-04-10,NO
4040,11398,73169,285.62,failed,online,2025-04-10,NO
2687,26773,75495,1307.7,completed,online,2025-04-10,NO
1,33805,79111,706.81,completed,online,2025-04-10,NO
1,34692,79203,1279.53,failed,online,2025-04-10,NO
3921,2409,79630,1153.87,completed,online,2025-04-10,NO
1,10876,79689,343.8,failed,online,2025-04-10,NO
3421,5242,81641,217.21,failed,online,2025-04-10,NO
3754,44095,85077,603.26,failed,online,2025-04-10,NO
4542,2747,86839,1106.73,completed,online,2025-04-10,NO
1,35361,87528,1334.89,failed,online,2025-04-10,NO
937,21412,88163,9111.896582398818,failed,online,2025-04-10,NO
2044,24489,90824,1724.1,completed,online,2025-04-10,NO
3616,17937,95768,1209.89,failed,online,2025-04-10,NO
4625,9415,97296,1537.0,failed,online,2025-04-10,NO
3828,35327,99504,1556.26,completed,online,2025-04-10,NO
4401,17712,110154,821.27,completed,online,2025-04-10,NO
1261,32578,110565,1548.23,failed,online,2025-04-10,NO
4587,45471,118194,1937.8,completed,online,2025-04-10,NO
1295,11296,119125,1179.06,failed,online,2025-04-10,NO
4848,30080,120037,745.78,completed,UNKNOWN,2025-04-10,NO
3972,18765,120291,1336.85,failed,online,2025-04-10,NO
651,26402,121626,1655.61,failed,UNKNOWN,2025-04-10,NO
1,9174,124372,1695.89,failed,online,2025-04-10,NO
1130,31509,125431,746.31,failed,online,2025-04-10,NO
1,11162,125785,9749.754465559014,completed,online,2025-04-10,NO
1793,5301,125886,1322.09,failed,online,2025-04-10,NO
1,34708,125942,1148.0,completed,online,2025-04-10,NO
2572,25745,132009,1396.82,completed,online,2025-04-10,NO
1901,17215,134167,1446.02,failed,online,2025-04-10,NO
4921,8052,136233,1845.57,completed,online,2025-04-10,NO
2544,14458,136350,153.84,failed,online,2025-04-10,NO
1,29296,136926,743.64,completed,online,2025-04-10,NO
2122,42633,138008,1856.13,completed,online,2025-04-10,NO
2258,34004,138412,1734.98,completed,online,2025-04-10,NO
1,23950,145593,390.93,completed,online,2025-04-10,NO
2934,45285,145814,1702.22,failed,online,2025-04-10,NO
1,5192,1644,751.96,completed,online,2025-03-05,NO
2997,3064,2384,1636.05,completed,online,2025-03-05,NO
2491,35479,4849,1581.62,completed,UNKNOWN,2025-03-05,NO
746,20282,5625,723.41,completed,online,2025-03-05,NO
3293,485,9515,1944.89,failed,online,2025-03-05,NO
3266,34446,9864,1793.54,failed,online,2025-03-05,NO
1,35430,12704,462.92,completed,online,2025-03-05,NO
1207,12914,14890,1487.38,completed,UNKNOWN,2025-03-05,NO
1966,40762,15823,1607.8,completed,online,2025-03-05,NO
47,41407,17477,190.63,failed,online,2025-03-05,NO
237,6303,20299,49.78,failed,online,2025-03-05,NO
3431,19489,21206,1919.41,failed,online,2025-03-05,NO
4093,1881,21279,1391.87,completed,online,2025-03-05,NO
88,49496,27524,81.18,failed,online,2025-03-05,NO
92,25953,27678,139.64,completed,online,2025-03-05,NO
1066,15706,31055,510.14,completed,online,2025-03-05,NO
1634,34287,34476,792.07,completed,online,2025-03-05,NO
634,43083,35818,1221.02,completed,online,2025-03-05,NO
4883,31420,37916,1159.16,failed,online,2025-03-05,NO
2618,39103,37974,1493.09,completed,online,2025-03-05,NO
3397,27274,38166,1387.62,failed,online,2025-03-05,NO
1462,39811,41687,1366.1,failed,online,2025-03-05,NO
4642,23608,43076,521.3,failed,online,2025-03-05,NO
504,9143,43646,1314.64,failed,online,2025-03-05,NO
1,16637,44555,430.1,completed,online,2025-03-05,NO
4712,12067,44605,1542.17,failed,online,2025-03-05,NO
2089,37776,46482,1880.61,failed,online,2025-03-05,NO
780,49584,47345,1653.29,completed,online,2025-03-05,NO
4400,7720,49227,8776.563786850787,completed,online,2025-03-05,NO
3375,29409,50260,85.14,completed,online,2025-03-05,NO
1533,39907,51442,134.6,completed,online,2025-03-05,NO
361,44081,53721,251.3,completed,online,2025-03-05,NO
1,46649,53855,1838.93,failed,online,2025-03-05,NO
3331,43823,54290,270.02,failed,online,2025-03-05,NO
1,23372,59453,1291.53,failed,online,2025-03-05,NO
4845,43572,61005,584.25,failed,online,2025-03-05,NO
1,4310,61115,70.58,completed,online,2025-03-05,NO
3389,49948,61561,288.21,completed,online,2025-03-05,NO
3129,10973,62541,710.31,failed,online,2025-03-05,NO
2777,17584,64785,523.02,failed,online,2025-03-05,NO
2202,10593,66042,17.92,completed,online,2025-03-05,NO
195,12727,66333,1290.78,completed,online,2025-03-05,NO
3922,26621,66739,1373.2,failed,online,2025-03-05,NO
1816,30653,68611,892.04,completed,online,2025-03-05,NO
691,2644,76376,618.91,completed,online,2025-03-05,NO
4108,28000,82249,1863.28,failed,online,2025-03-05,NO
1397,1841,82909,914.94,completed,online,2025-03-05,NO
1543,24193,83053,670.46,failed,online,2025-03-05,NO
3710,41117,83515,32.52,failed,online,2025-03-05,NO
1,7249,88864,1442.68,completed,online,2025-03-05,NO
1642,11361,89017,692.01,completed,online,2025-03-05,NO
1,27602,89511,206.54,completed,online,2025-03-05,NO
504,46326,93125,1197.48,failed,online,2025-03-05,NO
1,28460,94076,987.61,completed,online,2025-03-05,NO
3490,15753,95062,877.93,failed,online,2025-03-05,NO
1,31965,96561,1759.75,completed,online,2025-03-05,NO
1,26849,96732,1420.09,failed,online,2025-03-05,NO
1,19634,98336,1221.04,failed,online,2025-03-05,NO
1691,32134,99057,343.77,completed,online,2025-03-05,NO
4923,2400,100657,1938.85,failed,online,2025-03-05,NO
1,9048,100863,1612.71,completed,online,2025-03-05,NO
3283,38854,107244,747.04,failed,online,2025-03-05,NO
1,13478,108186,1612.07,failed,online,2025-03-05,NO
1,29402,118978,957.0,completed,online,2025-03-05,NO
1,472,119413,1723.34,failed,online,2025-03-05,NO
4464,37743,120242,595.57,completed,online,2025-03-05,NO
4982,20788,121187,1968.92,completed,online,2025-03-05,NO
1290,25869,121335,183.55,completed,online,2025-03-05,NO
4196,36124,122939,433.98,completed,online,2025-03-05,NO
1,23792,127060,1729.79,failed,online,2025-03-05,NO
1,47622,130507,522.84,failed,online,2025-03-05,NO
4455,34911,130646,172.48,failed,online,2025-03-05,NO
1,22108,132903,1420.19,completed,online,2025-03-05,NO
2671,19175,133869,1781.19,failed,online,2025-03-05,NO
3710,16090,135375,1100.52,completed,online,2025-03-05,NO
4880,33681,141939,305.21,completed,online,2025-03-05,NO
1,31671,142023,1541.58,completed,online,2025-03-05,NO
2306,18214,142045,1464.93,completed,online,2025-03-05,NO
1,47261,144861,297.52,failed,UNKNOWN,2025-03-05,NO
662,8926,148101,1909.0,completed,online,2025-03-05,NO
3926,16645,148138,639.85,completed,online,2025-03-05,NO
4561,21082,148346,188.26,failed,online,2025-03-05,NO
2299,22484,148483,864.45,completed,online,2025-03-05,NO
1880,38549,104,815.79,failed,online,2025-01-14,NO
2305,13922,5487,267.48,completed,online,2025-01-14,NO
1590,33230,6242,1154.86,completed,online,2025-01-14,NO
425,13966,8433,1024.0,failed,online,2025-01-14,NO
1,3182,9496,465.28,completed,online,2025-01-14,NO
1159,25526,10085,1148.92,failed,online,2025-01-14,NO
2014,23519,15804,178.29,failed,online,2025-01-14,NO
999,6500,19366,713.7,failed,online,2025-01-14,NO
2161,7275,19473,1368.03,failed,online,2025-01-14,NO
359,11204,20512,457.66,failed,online,2025-01-14,NO
1,2883,23623,1496.64,failed,online,2025-01-14,NO
3582,20249,25705,1558.31,failed,online,2025-01-14,NO
2884,49979,26082,1395.71,completed,online,2025-01-14,NO
4829,2690,26382,244.13,completed,online,2025-01-14,NO
2498,47327,27586,1090.87,failed,online,2025-01-14,NO
1567,40598,28258,102.37,completed,online,2025-01-14,NO
2219,16880,31214,1510.25,failed,online,2025-01-14,NO
2372,42240,34315,44.44,completed,online,2025-01-14,NO
3604,1727,36557,1532.54,failed,online,2025-01-14,NO
3132,16143,37382,1384.07,failed,online,2025-01-14,NO
4956,40110,41254,1024.26,completed,online,2025-01-14,NO
1577,34934,44889,710.86,completed,online,2025-01-14,NO
2973,23016,45510,1220.58,failed,online,2025-01-14,NO
4175,16985,48945,538.44,completed,online,2025-01-14,NO
1447,9194,52255,345.79,completed,online,2025-01-14,NO
4166,40720,52527,1146.66,failed,online,2025-01-14,NO
2699,14200,52856,1762.05,completed,online,2025-01-14,NO
1,2530,54262,706.54,completed,online,2025-01-14,NO
873,2464,54808,207.78,completed,online,2025-01-14,NO
1888,3027,54962,1705.57,failed,online,2025-01-14,NO
287,44382,56557,1915.8,failed,online,2025-01-14,NO
4470,7057,57244,684.35,completed,online,2025-01-14,NO
1,39574,59843,1742.92,completed,online,2025-01-14,NO
4691,10352,60995,1535.18,failed,online,2025-01-14,NO
831,21043,61100,498.46,completed,online,2025-01-14,NO
1750,30040,64955,1902.55,failed,online,2025-01-14,NO
313,45199,65150,1975.95,completed,online,2025-01-14,NO
3630,37008,66756,972.14,completed,online,2025-01-14,NO
4714,19636,68512,1393.16,failed,online,2025-01-14,NO
3910,5401,70584,856.0,completed,online,2025-01-14,NO
1336,4282,70670,1602.53,failed,online,2025-01-14,NO
2551,9732,71835,408.06,failed,online,2025-01-14,NO
27,42924,73968,1607.82,failed,online,2025-01-14,NO
2091,25577,75466,1000.1,completed,online,2025-01-14,NO
138,23201,78131,808.61,failed,online,2025-01-14,NO
4101,36989,79771,1628.89,completed,online,2025-01-14,NO
3442,43988,80358,1011.68,completed,online,2025-01-14,NO
2158,21157,82510,747.05,completed,online,2025-01-14,NO
989,45872,82514,1586.05,completed,online,2025-01-14,NO
4415,10607,88564,1618.82,completed,online,2025-01-14,NO
2886,13372,89936,412.11,completed,online,2025-01-14,NO
2693,24899,102247,379.32,failed,online,2025-01-14,NO
3196,37141,105675,320.25,completed,online,2025-01-14,NO
2125,46767,106723,774.31,completed,online,2025-01-14,NO
2436,15913,108267,650.81,completed,online,2025-01-14,NO
4254,47221,109578,1142.53,completed,online,2025-01-14,NO
1041,27130,110940,651.05,completed,online,2025-01-14,NO
168,30968,112458,1941.14,completed,online,2025-01-14,NO
1,39099,113796,644.0,completed,online,2025-01-14,NO
1933,32598,116978,1514.2,failed,online,2025-01-14,NO
2435,19709,117167,1720.32,completed,online,2025-01-14,NO
4638,9059,117218,57.14,failed,online,2025-01-14,NO
2261,13536,118357,1394.47,completed,online,2025-01-14,NO
784,3973,118410,68.02,failed,online,2025-01-14,NO
2532,42692,119776,1153.92,failed,online,2025-01-14,NO
1580,14307,120226,510.42,completed,online,2025-01-14,NO
3798,5961,121068,870.19,completed,online,2025-01-14,NO
91,19577,126677,1566.42,completed,online,2025-01-14,NO
4507,47767,127124,840.05,completed,online,2025-01-14,NO
2670,14651,129758,1787.17,completed,online,2025-01-14,NO
1132,46037,130522,1107.79,completed,online,2025-01-14,NO
1,8491,131953,895.66,failed,online,2025-01-14,NO
142,24293,132209,1730.83,failed,online,2025-01-14,NO
3310,22731,138747,1009.8,completed,online,2025-01-14,NO
4711,45876,142252,1404.69,failed,online,2025-01-14,NO
1639,41851,143027,483.69,failed,online,2025-01-14,NO
1764,13871,143298,1126.43,completed,online,2025-01-14,NO
2404,36890,144370,552.22,failed,online,2025-01-14,NO
3920,31005,144681,1200.26,failed,online,2025-01-14,NO
1,45158,146939,984.6,failed,online,2025-01-14,NO
2207,35628,148382,58.85,failed,online,2025-01-14,NO
2685,29018,148753,1264.75,completed,online,2025-01-14,NO
1,12087,27,1470.69,completed,online,2025-03-16,NO
265,33429,28,266.52,failed,online,2025-03-16,NO
3095,31244,159,1682.18,failed,online,2025-03-16,NO
1725,45621,1291,132.55,failed,online,2025-03-16,NO
4261,15537,2502,1291.58,failed,online,2025-03-16,NO
4303,32635,3325,1954.58,failed,online,2025-03-16,NO
4345,18636,11578,699.54,completed,online,2025-03-16,NO
1,15950,11630,1003.65,failed,online,2025-03-16,NO
2415,6645,15806,419.79,completed,online,2025-03-16,NO
2544,7426,17885,1043.58,failed,online,2025-03-16,NO
1,22614,17946,581.83,failed,online,2025-03-16,NO
3527,21786,20688,1266.65,failed,online,2025-03-16,NO
1,28415,21029,1487.3,completed,online,2025-03-16,NO
519,19809,22624,764.93,completed,online,2025-03-16,NO
1102,24602,24193,721.93,failed,online,2025-03-16,NO
481,32627,26474,1806.46,failed,online,2025-03-16,NO
2605,15273,26699,698.2,failed,online,2025-03-16,NO
755,26723,30400,668.97,completed,online,2025-03-16,NO
950,7976,30928,1802.95,failed,online,2025-03-16,NO
1,24773,31821,1091.2,completed,online,2025-03-16,NO
4255,11356,33086,1568.74,completed,online,2025-03-16,NO
3940,14861,33722,58.84,failed,online,2025-03-16,NO
166,29829,37565,1992.91,failed,online,2025-03-16,NO
424,47763,38907,630.8,failed,online,2025-03-16,NO
1236,35594,41369,1145.25,completed,online,2025-03-16,NO
1554,34142,41960,1974.37,completed,online,2025-03-16,NO
4066,36417,44291,835.83,failed,online,2025-03-16,NO
1,7843,44477,1877.33,failed,online,2025-03-16,NO
2085,19431,45339,1487.52,failed,online,2025-03-16,NO
3407,49803,47613,855.22,failed,online,2025-03-16,NO
2865,33343,49122,1861.09,failed,online,2025-03-16,NO
4825,38263,51013,1561.55,failed,online,2025-03-16,NO
1,15261,56373,691.71,completed,online,2025-03-16,NO
2549,44710,58565,1963.46,failed,online,2025-03-16,NO
1,3389,61129,668.9,completed,online,2025-03-16,NO
1,33135,62467,924.06,completed,online,2025-03-16,NO
1,11408,66778,909.1,completed,online,2025-03-16,NO
1387,14287,69326,5393.166601839164,failed,online,2025-03-16,NO
2261,49157,76273,1787.62,failed,online,2025-03-16,NO
667,1247,77049,1406.95,completed,online,2025-03-16,NO
1,37672,78403,1757.05,completed,online,2025-03-16,NO
1,45685,78752,1308.72,completed,online,2025-03-16,NO
1,46062,84877,1762.26,failed,online,2025-03-16,NO
4241,28886,87232,768.21,completed,online,2025-03-16,NO
2670,17358,89748,155.44,completed,online,2025-03-16,NO
1,47219,90175,1547.16,failed,UNKNOWN,2025-03-16,NO
1,39070,92793,1437.68,completed,online,2025-03-16,NO
3203,4225,93361,1675.64,completed,online,2025-03-16,NO
892,6125,94066,1182.49,completed,online,2025-03-16,NO
249,15071,95254,884.79,completed,online,2025-03-16,NO
4791,35234,95711,1080.3,failed,online,2025-03-16,NO
1,44289,95889,710.33,completed,online,2025-03-16,NO
4400,33773,99799,101.2,failed,online,2025-03-16,NO
3640,15756,101718,1873.29,failed,online,2025-03-16,NO
1,36788,101802,285.53,failed,online,2025-03-16,NO
800,17316,103807,1993.08,completed,online,2025-03-16,NO
1324,42627,105654,1590.08,failed,online,2025-03-16,NO
3233,44381,107559,1413.6,completed,online,2025-03-16,NO
4994,46457,108317,23.67,completed,online,2025-03-16,NO
3960,9407,108905,1597.9,completed,online,2025-03-16,NO
1,31873,109803,1964.85,completed,online,2025-03-16,NO
1,29788,111375,486.76,completed,online,2025-03-16,NO
714,20169,112863,1332.47,completed,online,2025-03-16,NO
594,46036,113689,1012.3,failed,online,2025-03-16,NO
3633,42322,114215,1816.75,completed,online,2025-03-16,NO
1595,6913,114960,1888.8,completed,online,2025-03-16,NO
1976,12614,117615,1883.33,failed,online,2025-03-16,NO
1,35189,123211,948.87,completed,online,2025-03-16,NO
4583,1493,124432,1472.62,completed,online,2025-03-16,NO
1,36611,130771,1415.57,completed,online,2025-03-16,NO
1,40264,134717,859.4,completed,online,2025-03-16,NO
1429,46343,135053,1895.84,completed,online,2025-03-16,NO
2714,44506,135119,1980.08,completed,online,2025-03-16,NO
2038,410,137281,1429.78,completed,online,2025-03-16,NO
2668,678,138871,445.36,failed,online,2025-03-16,NO
2799,44834,139168,581.15,failed,UNKNOWN,2025-03-16,NO
1,38421,140993,240.32,failed,online,2025-03-16,NO
1,14872,142910,467.94,completed,online,2025-03-16,NO
1968,17766,143881,1249.8,completed,online,2025-03-16,NO
1074,498,144155,818.34,completed,online,2025-03-16,NO
3093,31932,144396,946.45,completed,online,2025-03-16,NO
3445,49006,144450,743.43,completed,online,2025-03-16,NO
1825,22770,149691,1293.72,failed,online,2025-03-16,NO
4971,22813,954,399.02,completed,online,2025-02-14,NO
1,43053,2361,1590.26,completed,online,2025-02-14,NO
1238,16699,4194,1243.64,failed,online,2025-02-14,NO
4519,8288,4769,1943.69,completed,online,2025-02-14,NO
4422,45920,5079,862.33,failed,online,2025-02-14,NO
854,16633,5441,1922.54,failed,online,2025-02-14,NO
1,18051,5804,548.22,failed,online,2025-02-14,NO
2438,3949,6596,770.48,completed,online,2025-02-14,NO
4624,45532,6699,1544.28,completed,online,2025-02-14,NO
1,42031,7955,1773.12,completed,online,2025-02-14,NO
2432,5765,8315,92.35,completed,online,2025-02-14,NO
35,39525,12793,26.01,failed,online,2025-02-14,NO
3138,8109,13595,1690.85,failed,online,2025-02-14,NO
1256,33438,17211,1543.78,failed,online,2025-02-14,NO
3443,24847,18294,1310.44,completed,online,2025-02-14,NO
2995,740,18802,770.69,failed,online,2025-02-14,NO
2186,4984,19298,845.98,failed,online,2025-02-14,NO
1915,37090,25342,671.04,failed,online,2025-02-14,NO
3461,40621,26214,1736.99,failed,online,2025-02-14,NO
1138,33670,27721,1646.75,failed,online,2025-02-14,NO
2356,29731,28841,1327.76,failed,online,2025-02-14,NO
3481,45145,31725,1624.43,completed,online,2025-02-14,NO
1189,3368,32238,419.06,failed,online,2025-02-14,NO
1,21162,33572,127.54,failed,online,2025-02-14,NO
4493,41812,34399,1616.82,completed,online,2025-02-14,NO
1,11830,35814,1750.93,completed,online,2025-02-14,NO
803,17888,37051,1738.51,failed,online,2025-02-14,NO
3924,39772,37656,1302.66,completed,online,2025-02-14,NO
3490,14854,38945,853.75,completed,online,2025-02-14,NO
571,17109,39729,1279.08,completed,online,2025-02-14,NO
3342,2920,40121,556.87,completed,online,2025-02-14,NO
925,25458,40563,1704.2,completed,online,2025-02-14,NO
1,4591,49848,1195.48,completed,online,2025-02-14,NO
3517,3265,50269,102.56,completed,online,2025-02-14,NO
844,47469,52256,380.14,failed,online,2025-02-14,NO
2574,36739,54068,1848.58,completed,online,2025-02-14,NO
1,47216,54816,674.26,completed,online,2025-02-14,NO
4812,21648,57649,1437.79,failed,online,2025-02-14,NO
1410,15160,59669,1314.58,completed,online,2025-02-14,NO
2218,3210,61323,1217.91,completed,online,2025-02-14,NO
192,18242,62709,1324.34,failed,online,2025-02-14,NO
1,6393,63196,1140.56,failed,online,2025-02-14,NO
542,35747,64775,1081.21,failed,online,2025-02-14,NO
2100,3381,66650,113.85,completed,online,2025-02-14,NO
3306,24643,67314,714.78,failed,online,2025-02-14,NO
2419,47382,68368,703.1,completed,online,2025-02-14,NO
2626,10580,68904,1116.8,completed,online,2025-02-14,NO
1806,23783,70856,411.62,failed,online,2025-02-14,NO
2443,5761,71418,398.11,failed,online,2025-02-14,NO
1,25396,73063,1729.82,completed,online,2025-02-14,NO
1,23571,76440,1824.25,completed,online,2025-02-14,NO
1816,6500,77750,729.51,failed,online,2025-02-14,NO
3258,41890,86033,1032.71,completed,online,2025-02-14,NO
2647,1680,89141,922.85,failed,online,2025-02-14,NO
2941,49192,89426,1421.96,completed,online,2025-02-14,NO
804,26874,89597,133.35,failed,online,2025-02-14,NO
2285,24007,91074,608.27,failed,online,2025-02-14,NO
4594,39617,91743,229.75,failed,online,2025-02-14,NO
1,48907,93957,1466.69,completed,online,2025-02-14,NO
1,31714,94129,1222.37,failed,online,2025-02-14,NO
4794,40589,95518,1920.08,completed,online,2025-02-14,NO
2169,42,96095,138.02,completed,online,2025-02-14,NO
3908,24802,101961,1167.5,completed,online,2025-02-14,NO
1,491,105666,933.96,completed,online,2025-02-14,NO
1,2848,106674,286.01,completed,online,2025-02-14,NO
4538,36350,108071,1442.45,failed,online,2025-02-14,NO
4829,39986,109899,864.95,completed,online,2025-02-14,NO
1575,28695,110827,948.97,completed,online,2025-02-14,NO
4190,5169,112504,621.22,completed,online,2025-02-14,NO
2289,18070,119216,1640.2,failed,online,2025-02-14,NO
4129,40805,120467,164.95,failed,online,2025-02-14,NO
985,2768,120504,1562.3,completed,online,2025-02-14,NO
145,38885,121378,7602.719063448161,completed,online,2025-02-14,NO
4054,5137,126252,1508.15,failed,online,2025-02-14,NO
1,36862,129109,1140.81,failed,online,2025-02-14,NO
1655,14930,132361,95.46,failed,UNKNOWN,2025-02-14,NO
573,41943,132563,1224.55,completed,online,2025-02-14,NO
3399,46873,135012,1239.8,failed,online,2025-02-14,NO
2206,35608,135914,1823.19,failed,online,2025-02-14,NO
3943,2075,140704,823.47,completed,online,2025-02-14,NO
1650,16926,143714,1033.4,failed,online,2025-02-14,NO
1,47737,143779,800.06,completed,online,2025-02-14,NO
1,11187,143810,288.37,completed,online,2025-02-14,NO
2490,29689,1013,79.12,completed,online,2025-04-07,NO
1299,14239,2762,716.33,failed,online,2025-04-07,NO
4621,9256,3924,754.31,failed,online,2025-04-07,NO
115,19906,5973,185.79,failed,online,2025-04-07,NO
1,37991,5979,898.79,failed,online,2025-04-07,NO
4715,32166,6310,1041.17,failed,online,2025-04-07,NO
1855,23216,8235,1660.4,failed,online,2025-04-07,NO
2769,39611,12345,958.65,failed,online,2025-04-07,NO
1743,24134,13467,1623.99,failed,online,2025-04-07,NO
2338,4682,14652,260.87,failed,online,2025-04-07,NO
1,24540,17004,202.01,completed,online,2025-04-07,NO
2748,21970,17233,1232.17,failed,online,2025-04-07,NO
4574,12090,17565,903.03,failed,online,2025-04-07,NO
1,7070,19267,1309.68,failed,online,2025-04-07,NO
475,49808,19696,1235.13,completed,online,2025-04-07,NO
1,40252,20557,1131.36,completed,online,2025-04-07,NO
1,18068,21514,1810.34,failed,online,2025-04-07,NO
1640,12912,22536,647.14,completed,online,2025-04-07,NO
3008,5775,22974,1689.37,failed,online,2025-04-07,NO
3790,47570,24691,1694.44,completed,online,2025-04-07,NO
1545,28819,26522,69.75,failed,online,2025-04-07,NO
208,8347,27278,716.36,completed,online,2025-04-07,NO
3365,31199,27467,1617.74,failed,online,2025-04-07,NO
4062,36936,31070,899.19,failed,online,2025-04-07,NO
1,41595,35678,274.06,failed,UNKNOWN,2025-04-07,NO
1,17818,37863,1068.39,failed,online,2025-04-07,NO
2976,28081,39110,309.38,completed,online,2025-04-07,NO
3387,48217,41152,1501.01,failed,online,2025-04-07,NO
1780,37749,42147,1327.66,completed,online,2025-04-07,NO
2424,3907,45903,1118.78,completed,online,2025-04-07,NO
1836,21189,46862,1363.91,completed,online,2025-04-07,NO
1,6110,48243,614.8,completed,online,2025-04-07,NO
3544,41,51312,363.43,completed,online,2025-04-07,NO
2259,25725,52070,20.74,failed,online,2025-04-07,NO
1060,12476,54344,537.5,failed,online,2025-04-07,NO
3529,47634,54729,1606.51,completed,online,2025-04-07,NO
4590,23793,55112,621.91,failed,online,2025-04-07,NO
1,4161,55555,336.81,failed,online,2025-04-07,NO
1923,40304,56113,1319.15,failed,online,2025-04-07,NO
2323,20544,56791,403.56,completed,online,2025-04-07,NO
285,18159,57508,1179.66,failed,online,2025-04-07,NO
2001,48056,63355,909.1,completed,online,2025-04-07,NO
993,5386,74237,1611.36,failed,online,2025-04-07,NO
1,16168,75309,1743.81,failed,online,2025-04-07,NO
3037,31496,76742,572.81,failed,online,2025-04-07,NO
1200,32299,78810,200.65,completed,online,2025-04-07,NO
2262,18107,79757,315.28,completed,online,2025-04-07,NO
2840,18308,80470,695.46,failed,online,2025-04-07,NO
1,12946,84422,1691.07,completed,online,2025-04-07,NO
2713,8074,84829,371.34,failed,online,2025-04-07,NO
1,4158,85076,1244.59,failed,online,2025-04-07,NO
1504,30228,85642,635.96,completed,online,2025-04-07,NO
4290,1367,92376,1052.22,completed,online,2025-04-07,NO
1,25368,95654,494.59,failed,online,2025-04-07,NO
2689,8186,97613,1476.74,failed,online,2025-04-07,NO
2837,36098,100989,1356.75,failed,online,2025-04-07,NO
1514,31264,101464,379.17,failed,online,2025-04-07,NO
1,7437,104363,360.02,failed,online,2025-04-07,NO
1,46550,104911,971.43,failed,online,2025-04-07,NO
776,42759,105158,1734.2,failed,online,2025-04-07,NO
3080,43872,107119,1785.78,failed,online,2025-04-07,NO
3841,28999,108361,569.04,completed,online,2025-04-07,NO
1,23048,109658,331.26,completed,online,2025-04-07,NO
4994,45219,110847,737.56,completed,online,2025-04-07,NO
133,45063,111614,699.56,failed,online,2025-04-07,NO
194,6184,114600,1064.84,failed,online,2025-04-07,NO
3170,48106,115182,954.77,failed,online,2025-04-07,NO
3818,5861,115775,1472.96,completed,online,2025-04-07,NO
3273,34039,116099,1253.46,failed,online,2025-04-07,NO
530,26571,121803,1459.61,completed,online,2025-04-07,NO
2554,42377,123254,1741.02,failed,online,2025-04-07,NO
715,22199,123451,1745.17,completed,online,2025-04-07,NO
1,29317,124896,1181.36,failed,online,2025-04-07,NO
1,31428,125716,984.74,completed,online,2025-04-07,NO
3726,42158,127126,755.76,completed,online,2025-04-07,NO
20,48986,132471,1915.71,failed,online,2025-04-07,NO
4253,32250,134210,572.79,failed,online,2025-04-07,NO
1,45009,136709,806.51,failed,online,2025-04-07,NO
2474,28856,137606,1288.04,failed,online,2025-04-07,NO
2004,48385,143146,1054.69,failed,online,2025-04-07,NO
2975,26916,146043,1188.16,completed,online,2025-04-07,NO
1,37316,146931,1368.6,completed,online,2025-04-07,NO
547,14059,147318,280.29,completed,online,2025-04-07,NO
1,14970,148581,1534.28,failed,online,2025-04-07,NO
2315,4540,872,1380.28,failed,online,2025-06-02,NO
3828,13985,3464,9207.85310212284,completed,online,2025-06-02,NO
1,34501,8076,1541.47,completed,online,2025-06-02,NO
1,25042,8320,845.09,completed,online,2025-06-02,NO
1,24023,8737,1110.31,failed,online,2025-06-02,NO
3662,10397,12514,1455.8,failed,online,2025-06-02,NO
200,16817,16160,647.67,completed,online,2025-06-02,NO
4187,9913,17161,1529.82,failed,online,2025-06-02,NO
3749,47689,18848,216.25,completed,UNKNOWN,2025-06-02,NO
1,17782,19167,905.88,completed,online,2025-06-02,NO
4908,46270,19444,1880.46,completed,online,2025-06-02,NO
4520,7666,19861,352.77,completed,online,2025-06-02,NO
43,20192,20068,224.47,failed,online,2025-06-02,NO
3907,41155,20549,733.59,completed,online,2025-06-02,NO
4303,33603,22711,89.68,completed,online,2025-06-02,NO
1,19002,24022,1305.5,failed,online,2025-06-02,NO
4511,6881,25249,914.05,failed,online,2025-06-02,NO
1,38138,31266,612.89,completed,online,2025-06-02,NO
3034,41529,32249,472.87,completed,online,2025-06-02,NO
1360,22680,33094,1908.92,failed,online,2025-06-02,NO
1,20438,33767,1173.07,failed,online,2025-06-02,NO
372,7967,35255,728.57,completed,UNKNOWN,2025-06-02,NO
2806,10011,36036,424.04,failed,online,2025-06-02,NO
1002,19699,38245,330.71,completed,online,2025-06-02,NO
1,31770,40659,1696.83,completed,online,2025-06-02,NO
4913,37577,43982,678.69,failed,online,2025-06-02,NO
1,26852,49802,1519.85,completed,online,2025-06-02,NO
1,21630,51265,676.79,failed,online,2025-06-02,NO
4490,8339,57591,217.73,failed,online,2025-06-02,NO
4833,18721,59047,1971.78,completed,online,2025-06-02,NO
1,36747,60520,159.17,failed,online,2025-06-02,NO
4242,39542,60752,926.16,completed,online,2025-06-02,NO
4332,19009,61768,1068.99,completed,online,2025-06-02,NO
1023,15637,65057,1355.5,failed,online,2025-06-02,NO
1,4395,65924,351.12,completed,online,2025-06-02,NO
4504,49099,67365,390.47,completed,online,2025-06-02,NO
1,25882,68572,907.32,failed,online,2025-06-02,NO
2238,26873,70790,99.36,completed,online,2025-06-02,NO
343,35441,72415,951.69,failed,online,2025-06-02,NO
4173,9656,78354,356.48,completed,online,2025-06-02,NO
209,7674,82787,1145.5,completed,online,2025-06-02,NO
3488,30267,84978,396.38,completed,online,2025-06-02,NO
1261,7794,86138,1129.15,completed,online,2025-06-02,NO
1,7222,86159,1154.63,completed,online,2025-06-02,NO
1,1096,86276,591.37,completed,online,2025-06-02,NO
4512,9439,87444,1356.52,completed,online,2025-06-02,NO
1335,31494,87642,797.59,failed,online,2025-06-02,NO
112,20799,89177,1016.37,failed,online,2025-06-02,NO
1,29926,89230,1646.4,completed,online,2025-06-02,NO
2360,23900,91217,1844.8,completed,online,2025-06-02,NO
1083,45717,92552,1081.0,failed,online,2025-06-02,NO
1,8475,94620,1165.5,failed,online,2025-06-02,NO
1,9555,97814,1097.9,completed,online,2025-06-02,NO
4932,899,99525,1430.63,failed,online,2025-06-02,NO
1053,18503,99982,1160.29,failed,online,2025-06-02,NO
4283,38754,103474,744.99,failed,online,2025-06-02,NO
3327,14961,104605,1894.87,completed,online,2025-06-02,NO
793,40134,104966,485.77,completed,online,2025-06-02,NO
231,11235,104989,1380.92,failed,online,2025-06-02,NO
3786,29695,106904,810.47,completed,online,2025-06-02,NO
465,19895,112540,1575.27,completed,online,2025-06-02,NO
1,5750,114162,177.41,failed,online,2025-06-02,NO
1,7477,117176,1392.35,failed,online,2025-06-02,NO
3932,18039,119390,802.29,completed,online,2025-06-02,NO
1868,41497,119698,1904.33,completed,online,2025-06-02,NO
1,16405,119732,1263.81,failed,online,2025-06-02,NO
1427,37161,120124,1453.84,completed,online,2025-06-02,NO
1,2274,126879,1758.6,completed,online,2025-06-02,NO
1441,19702,127264,653.25,completed,online,2025-06-02,NO
1612,18020,129118,822.92,completed,online,2025-06-02,NO
4310,5065,132387,1621.81,completed,online,2025-06-02,NO
1,24641,135155,219.16,failed,online,2025-06-02,NO
411,12219,135765,1908.51,completed,online,2025-06-02,NO
350,5450,136460,832.83,failed,online,2025-06-02,NO
953,2541,136577,224.44,completed,online,2025-06-02,NO
62,21124,138202,1194.59,failed,online,2025-06-02,NO
4609,44392,140001,715.14,completed,online,2025-06-02,NO
4621,4805,141850,716.92,failed,online,2025-06-02,NO
2135,31698,142469,290.78,failed,online,2025-06-02,NO
4090,9061,143651,239.87,completed,online,2025-06-02,NO
4314,32279,146522,1505.57,failed,online,2025-06-02,NO
1224,34530,148768,1618.32,failed,online,2025-06-02,NO
3258,3340,148831,647.53,completed,online,2025-06-02,NO
3656,38794,3580,1332.19,completed,online,2025-05-28,NO
2998,21865,9200,1552.2,completed,online,2025-05-28,NO
684,32567,12596,1550.22,failed,online,2025-05-28,NO
2479,10440,12816,1282.24,failed,online,2025-05-28,NO
1965,47697,14913,1771.6,completed,online,2025-05-28,NO
2317,32431,16079,1567.9,failed,online,2025-05-28,NO
1,7310,16225,882.88,failed,online,2025-05-28,NO
1104,1883,20119,767.67,completed,online,2025-05-28,NO
1,42163,20339,1891.28,completed,online,2025-05-28,NO
3771,32451,21331,1385.24,failed,online,2025-05-28,NO
2337,16265,23292,296.47,completed,online,2025-05-28,NO
3512,1699,25656,1017.71,failed,online,2025-05-28,NO
4563,7107,26296,438.23,completed,online,2025-05-28,NO
1,26017,28508,1860.92,failed,online,2025-05-28,NO
340,44731,30633,516.47,failed,online,2025-05-28,NO
4580,49048,32497,433.01,completed,online,2025-05-28,NO
1075,44869,34923,257.32,completed,online,2025-05-28,NO
1,43242,34981,492.81,completed,online,2025-05-28,NO
1,38389,34988,1002.24,completed,online,2025-05-28,NO
276,47347,36406,947.64,failed,online,2025-05-28,NO
3902,49596,37744,853.97,failed,online,2025-05-28,NO
3714,49160,49250,1749.73,failed,online,2025-05-28,NO
4790,31415,49393,1941.43,completed,online,2025-05-28,NO
1874,24785,55561,857.27,completed,UNKNOWN,2025-05-28,NO
2530,48217,55772,665.09,completed,online,2025-05-28,NO
4660,6844,60376,1278.51,failed,online,2025-05-28,NO
1861,21861,61761,1000.61,failed,online,2025-05-28,NO
2784,19295,62477,902.14,completed,online,2025-05-28,NO
1618,28461,63211,940.76,failed,online,2025-05-28,NO
1046,38482,63803,901.81,failed,online,2025-05-28,NO
1,10102,64851,595.93,completed,online,2025-05-28,NO
3692,48271,67679,1218.37,completed,online,2025-05-28,NO
3320,14193,72465,1731.88,failed,online,2025-05-28,NO
1562,18268,73111,806.71,failed,online,2025-05-28,NO
1,18311,74334,381.98,completed,online,2025-05-28,NO
2031,46633,74371,697.54,completed,online,2025-05-28,NO
2141,29675,76215,1793.02,failed,online,2025-05-28,NO
4412,37993,77552,1924.78,completed,online,2025-05-28,NO
3977,30229,78283,1827.49,completed,online,2025-05-28,NO
4766,2006,78446,975.39,failed,online,2025-05-28,NO
3529,5340,81314,645.52,failed,online,2025-05-28,NO
814,32650,81573,1796.64,completed,online,2025-05-28,NO
3244,2995,82570,1742.29,completed,online,2025-05-28,NO
1545,34776,85519,487.56,completed,online,2025-05-28,NO
2189,30440,89274,1742.19,completed,online,2025-05-28,NO
466,22389,90064,1453.99,completed,online,2025-05-28,NO
2807,34480,90102,504.23,completed,online,2025-05-28,NO
3714,4904,91108,274.07,completed,online,2025-05-28,NO
1,5402,92527,583.84,failed,online,2025-05-28,NO
50,49897,93163,857.8,failed,online,2025-05-28,NO
1,14943,93453,228.93,completed,online,2025-05-28,NO
1098,29135,94400,92.14,completed,online,2025-05-28,NO
2189,17335,95538,1317.84,failed,online,2025-05-28,NO
794,13800,98160,1098.16,completed,online,2025-05-28,NO
1,26336,99598,5303.6056153383915,completed,online,2025-05-28,NO
4833,7778,104425,1884.65,failed,online,2025-05-28,NO
1676,32287,108668,887.4,failed,online,2025-05-28,NO
4682,39860,109796,215.95,failed,online,2025-05-28,NO
4430,18891,112053,386.21,failed,online,2025-05-28,NO
1,45056,113142,1661.03,failed,online,2025-05-28,NO
88,3524,113701,1180.95,failed,online,2025-05-28,NO
2380,1716,116082,180.29,completed,online,2025-05-28,NO
1,13300,116342,350.39,failed,online,2025-05-28,NO
1,10479,118588,6412.714454734647,failed,online,2025-05-28,NO
1,46086,118755,723.14,completed,online,2025-05-28,NO
1,21495,119306,854.65,failed,online,2025-05-28,NO
2809,30281,122583,965.58,failed,online,2025-05-28,NO
4508,24131,127701,1287.85,failed,online,2025-05-28,NO
3728,25170,132814,1283.98,completed,online,2025-05-28,NO
4706,10088,134474,1986.46,failed,online,2025-05-28,NO
3642,43205,137873,889.25,completed,online,2025-05-28,NO
3510,49291,138401,1252.27,completed,online,2025-05-28,NO
3295,33455,139826,1736.35,failed,online,2025-05-28,NO
2657,88,142328,778.1,failed,online,2025-05-28,NO
4624,24204,143555,302.14,completed,online,2025-05-28,NO
476,33715,143772,817.73,failed,online,2025-05-28,NO
1,27757,144116,1542.98,completed,online,2025-05-28,NO
4403,22558,144557,1989.67,failed,online,2025-05-28,NO
2705,49773,144637,426.7,completed,online,2025-05-28,NO
2088,10772,146247,185.19,completed,online,2025-05-28,NO
3246,17271,147543,1793.19,completed,online,2025-05-28,NO
1087,14036,149973,1383.66,completed,online,2025-05-28,NO
145,19291,17,307.89,completed,online,2025-05-26,NO
1,3122,1800,1659.74,completed,online,2025-05-26,NO
3400,31043,2705,1238.28,completed,online,2025-05-26,NO
2445,40400,7264,519.46,failed,online,2025-05-26,NO
4702,1844,9174,1758.53,failed,online,2025-05-26,NO
3819,6680,10811,923.8,failed,online,2025-05-26,NO
752,49722,13095,426.18,completed,online,2025-05-26,NO
4688,2662,15077,1920.31,completed,online,2025-05-26,NO
3213,36556,15653,292.72,completed,online,2025-05-26,NO
1390,29214,16010,879.42,completed,online,2025-05-26,NO
2198,7760,16690,963.78,failed,online,2025-05-26,NO
1739,23309,18205,1666.55,failed,online,2025-05-26,NO
4178,28482,18460,546.59,completed,online,2025-05-26,NO
4237,17596,21083,316.31,completed,online,2025-05-26,NO
828,31095,23298,656.47,completed,online,2025-05-26,NO
4529,12362,26659,351.06,failed,online,2025-05-26,NO
4100,8612,28679,1042.55,failed,online,2025-05-26,NO
4940,1005,34717,158.97,completed,online,2025-05-26,NO
1,15267,35074,14.38,completed,online,2025-05-26,NO
1729,37813,35277,735.3,failed,online,2025-05-26,NO
420,19102,35860,311.5,completed,online,2025-05-26,NO
3811,30462,37807,466.92,failed,online,2025-05-26,NO
4028,25335,37844,211.33,completed,online,2025-05-26,NO
3084,32895,37909,1261.48,failed,online,2025-05-26,NO
3012,30997,39599,1287.6,failed,online,2025-05-26,NO
428,25002,40642,1820.28,failed,online,2025-05-26,NO
2179,4104,42279,1476.86,failed,online,2025-05-26,NO
2424,30814,43048,993.82,failed,online,2025-05-26,NO
1201,37604,46522,393.66,completed,online,2025-05-26,NO
2556,32910,48784,26.67,completed,online,2025-05-26,NO
4452,49215,48822,1540.05,completed,online,2025-05-26,NO
2132,18926,51745,45.99,failed,online,2025-05-26,NO
3892,43892,54578,460.04,failed,online,2025-05-26,NO
1,3524,54866,1739.2,failed,online,2025-05-26,NO
510,125,63653,159.26,completed,online,2025-05-26,NO
3424,24707,68811,711.86,completed,online,2025-05-26,NO
1,23459,69928,1805.11,failed,online,2025-05-26,NO
4069,20974,73208,441.46,completed,online,2025-05-26,NO
4287,48807,76537,1530.12,failed,online,2025-05-26,NO
3004,24397,78928,1187.43,completed,online,2025-05-26,NO
3890,32471,80935,1337.95,completed,online,2025-05-26,NO
1381,3743,81230,222.51,failed,online,2025-05-26,NO
4227,32809,81737,110.5,failed,online,2025-05-26,NO
3542,48055,82623,1296.61,completed,online,2025-05-26,NO
2221,5806,89986,944.31,completed,online,2025-05-26,NO
789,48395,92455,1132.36,completed,online,2025-05-26,NO
3766,33239,93848,348.31,completed,online,2025-05-26,NO
4671,22231,94779,1939.4,failed,online,2025-05-26,NO
4513,35973,99339,1912.43,failed,online,2025-05-26,NO
1,26606,99477,957.34,completed,online,2025-05-26,NO
3305,6290,102671,290.85,failed,online,2025-05-26,NO
1566,43258,102849,696.11,failed,UNKNOWN,2025-05-26,NO
1,31453,103794,1772.95,failed,online,2025-05-26,NO
3760,13026,108509,1909.74,failed,online,2025-05-26,NO
1,39977,108750,1960.15,completed,online,2025-05-26,NO
2537,49163,110249,1411.33,failed,online,2025-05-26,NO
1,32673,110356,520.6,completed,online,2025-05-26,NO
1647,43412,111845,491.86,completed,online,2025-05-26,NO
4818,29268,112303,1165.29,failed,online,2025-05-26,NO
995,1332,115295,677.89,completed,online,2025-05-26,NO
2586,5020,115399,293.89,completed,online,2025-05-26,NO
3356,25295,115724,1058.02,failed,online,2025-05-26,NO
184,30285,119457,1516.42,failed,online,2025-05-26,NO
2505,5245,121290,1161.2,completed,online,2025-05-26,NO
2357,12534,121425,775.04,failed,online,2025-05-26,NO
1339,34622,122563,591.61,failed,online,2025-05-26,NO
589,2349,124986,403.03,completed,online,2025-05-26,NO
3003,7977,126104,1265.14,failed,online,2025-05-26,NO
429,24969,132475,764.21,failed,online,2025-05-26,NO
732,23363,133019,1339.83,failed,online,2025-05-26,NO
19,28597,135643,234.39,failed,online,2025-05-26,NO
625,4067,136509,540.77,failed,online,2025-05-26,NO
1280,374,137929,1916.16,completed,online,2025-05-26,NO
4200,40283,138112,962.05,completed,online,2025-05-26,NO
3949,13519,139570,1944.55,failed,online,2025-05-26,NO
3339,28390,139827,21.46,failed,online,2025-05-26,NO
112,92,140231,798.29,failed,online,2025-05-26,NO
43,31221,142559,930.74,completed,online,2025-05-26,NO
2275,20142,142699,960.87,completed,online,2025-05-26,NO
2691,22278,142867,1264.75,completed,online,2025-05-26,NO
2563,16725,144337,471.47,completed,online,2025-05-26,NO
4031,7097,144994,623.5,failed,online,2025-05-26,NO
1,29328,146139,20.1,failed,online,2025-05-26,NO
1139,16725,2761,1050.56,failed,online,2025-01-10,NO
3811,48354,5036,1148.9,completed,online,2025-01-10,NO
2569,1284,5538,990.54,completed,online,2025-01-10,NO
2154,25071,6334,530.76,failed,online,2025-01-10,NO
3461,3776,8340,1018.6,failed,online,2025-01-10,NO
1,14708,9343,1123.09,failed,online,2025-01-10,NO
924,13829,10828,659.91,completed,online,2025-01-10,NO
3871,26060,13356,890.67,failed,online,2025-01-10,NO
2715,28321,15189,871.84,completed,online,2025-01-10,NO
1,49039,16649,1686.9,completed,online,2025-01-10,NO
2430,47874,21108,1624.7,completed,online,2025-01-10,NO
2045,48954,21227,120.13,failed,online,2025-01-10,NO
1929,34742,21402,271.49,failed,online,2025-01-10,NO
1021,46826,22026,1340.24,failed,online,2025-01-10,NO
4268,41324,22776,582.78,completed,online,2025-01-10,NO
885,10557,24732,658.26,failed,online,2025-01-10,NO
1,30383,25297,1627.0,completed,online,2025-01-10,NO
1,12455,25336,1656.81,failed,online,2025-01-10,NO
3137,6328,27135,212.84,failed,online,2025-01-10,NO
4301,24236,28110,1355.2,completed,online,2025-01-10,NO
3052,30504,28387,738.83,failed,online,2025-01-10,NO
4744,21197,29603,480.98,failed,online,2025-01-10,NO
207,22408,30917,1010.42,failed,online,2025-01-10,NO
55,49332,31395,1306.74,completed,online,2025-01-10,NO
1,42040,32907,188.54,failed,online,2025-01-10,NO
2776,17676,33733,1100.88,completed,online,2025-01-10,NO
3081,47881,35986,1928.79,completed,online,2025-01-10,NO
4906,5268,36210,1801.61,completed,online,2025-01-10,NO
1524,38325,36393,1821.96,failed,online,2025-01-10,NO
3228,895,37238,1923.89,failed,online,2025-01-10,NO
1009,13172,37583,870.43,completed,online,2025-01-10,NO
21,24145,40749,188.83,failed,online,2025-01-10,NO
1281,5803,44013,1282.03,completed,online,2025-01-10,NO
1,545,44181,999.51,completed,online,2025-01-10,NO
124,44116,46206,1411.56,completed,online,2025-01-10,NO
1990,42537,49416,1182.6,failed,online,2025-01-10,NO
1921,5236,50061,1336.36,completed,online,2025-01-10,NO
1,15632,53612,1589.11,completed,online,2025-01-10,NO
4128,42766,56975,1198.08,completed,online,2025-01-10,NO
1617,15346,58077,467.42,completed,online,2025-01-10,NO
2044,25602,58792,1332.28,completed,online,2025-01-10,NO
1,18182,59113,447.68,completed,online,2025-01-10,NO
1,24850,60915,1639.99,failed,online,2025-01-10,NO
1,35204,61177,711.47,completed,online,2025-01-10,NO
2531,2196,62612,266.59,failed,online,2025-01-10,NO
4550,35065,64951,417.03,completed,online,2025-01-10,NO
1,24571,65295,846.85,completed,online,2025-01-10,NO
1,46816,67306,43.8,failed,online,2025-01-10,NO
1,41954,68254,1166.84,failed,online,2025-01-10,NO
4941,19630,69584,948.29,failed,online,2025-01-10,NO
1,8523,69965,756.33,failed,online,2025-01-10,NO
1,6400,71128,364.29,completed,online,2025-01-10,NO
2757,15929,71817,1832.74,failed,online,2025-01-10,NO
1973,40368,72703,866.41,failed,online,2025-01-10,NO
4738,6888,73853,739.87,failed,online,2025-01-10,NO
4305,23300,74217,1615.11,completed,online,2025-01-10,NO
2290,2304,74220,9953.736491241827,completed,online,2025-01-10,NO
4185,15998,76666,433.8,failed,online,2025-01-10,NO
2049,20523,80321,602.68,completed,online,2025-01-10,NO
1,31639,81257,1295.63,failed,online,2025-01-10,NO
1,47389,90598,1823.39,failed,online,2025-01-10,NO
1238,7653,93488,1107.46,failed,online,2025-01-10,NO
100,17306,98753,390.29,failed,online,2025-01-10,NO
4902,3489,99975,1332.65,failed,online,2025-01-10,NO
3969,45860,101912,684.47,completed,online,2025-01-10,NO
3955,44419,102030,1717.23,failed,online,2025-01-10,NO
4110,14124,104144,759.82,failed,online,2025-01-10,NO
2442,33344,104232,399.82,completed,online,2025-01-10,NO
3746,34172,110862,580.7,completed,online,2025-01-10,NO
2858,1272,119548,1081.84,completed,online,2025-01-10,NO
1,48464,122902,903.61,completed,UNKNOWN,2025-01-10,NO
3006,42373,123353,880.31,completed,online,2025-01-10,NO
690,1897,123654,237.14,failed,online,2025-01-10,NO
3696,15544,125383,448.55,failed,online,2025-01-10,NO
2450,23373,135964,1256.73,completed,online,2025-01-10,NO
2197,42425,137556,1584.13,completed,online,2025-01-10,NO
3220,19608,139947,794.24,completed,online,2025-01-10,NO
2874,46171,140551,1553.17,failed,online,2025-01-10,NO
858,46228,143026,1006.33,completed,online,2025-01-10,NO
1,3317,144275,182.12,completed,online,2025-01-10,NO
3312,30747,146795,751.93,failed,online,2025-01-10,NO
3518,31588,146924,846.97,completed,online,2025-01-10,NO
4807,15091,149606,327.11,completed,online,2025-01-10,NO
788,29543,2872,1281.85,failed,online,2025-06-29,NO
466,6837,9294,177.47,completed,online,2025-06-29,NO
4982,45510,10200,137.72,failed,online,2025-06-29,NO
3024,11789,11263,770.9,failed,online,2025-06-29,NO
2491,35283,11656,240.51,completed,online,2025-06-29,NO
1841,35621,23735,283.54,completed,online,2025-06-29,NO
4028,27108,25739,853.0,completed,online,2025-06-29,NO
1250,11848,28545,888.59,failed,online,2025-06-29,NO
3429,7149,29513,852.32,failed,online,2025-06-29,NO
2728,12077,31089,88.4,completed,online,2025-06-29,NO
4167,31312,31810,1966.43,failed,online,2025-06-29,NO
4340,18710,34551,1935.09,completed,online,2025-06-29,NO
1,42,36601,1115.16,failed,online,2025-06-29,NO
1,34665,39292,1781.45,completed,online,2025-06-29,NO
1,36866,40149,1531.73,failed,online,2025-06-29,NO
1,42769,40344,744.51,failed,UNKNOWN,2025-06-29,NO
2171,35063,41743,585.87,completed,online,2025-06-29,NO
2857,37003,42127,964.49,failed,online,2025-06-29,NO
388,45069,42421,1653.33,completed,online,2025-06-29,NO
2490,6241,42886,1227.35,failed,online,2025-06-29,NO
4466,8175,44638,1875.32,failed,online,2025-06-29,NO
623,9364,44750,1004.75,failed,online,2025-06-29,NO
1000,40950,45444,1510.24,failed,online,2025-06-29,NO
1,171,48349,1255.85,completed,online,2025-06-29,NO
377,17667,48819,121.97,completed,online,2025-06-29,NO
2385,12478,55781,359.35,failed,online,2025-06-29,NO
1896,22711,59699,261.7,completed,online,2025-06-29,NO
1,20383,60118,549.18,failed,online,2025-06-29,NO
4333,11193,61954,129.31,completed,online,2025-06-29,NO
1750,27860,65860,417.1,completed,online,2025-06-29,NO
2630,854,66600,929.17,failed,online,2025-06-29,NO
2753,45883,68996,248.93,completed,online,2025-06-29,NO
4411,46709,70816,163.13,completed,online,2025-06-29,NO
3340,42145,71949,1047.76,failed,online,2025-06-29,NO
2408,9110,74976,559.56,failed,online,2025-06-29,NO
586,40786,75191,1208.19,completed,online,2025-06-29,NO
2620,14335,77749,72.73,failed,online,2025-06-29,NO
2114,6219,79668,119.39,completed,online,2025-06-29,NO
4999,15390,85471,1098.39,completed,online,2025-06-29,NO
4476,35110,86304,1266.86,failed,online,2025-06-29,NO
1,38538,86802,1553.97,failed,online,2025-06-29,NO
521,1266,93750,1130.37,completed,online,2025-06-29,NO
1,22766,94355,1126.3,completed,online,2025-06-29,NO
4818,36249,95351,675.1,failed,online,2025-06-29,NO
1569,40794,96011,1989.57,failed,online,2025-06-29,NO
1,29577,97033,152.1,failed,online,2025-06-29,NO
1,22147,101662,535.79,completed,UNKNOWN,2025-06-29,NO
1877,44668,101884,1243.41,completed,online,2025-06-29,NO
3672,15520,103745,913.32,failed,online,2025-06-29,NO
310,26511,104465,1739.34,completed,online,2025-06-29,NO
156,3403,105081,873.27,failed,online,2025-06-29,NO
4392,31660,105778,24.93,failed,online,2025-06-29,NO
1876,19308,106446,1790.06,failed,online,2025-06-29,NO
953,28444,109509,1116.83,completed,online,2025-06-29,NO
1,45703,109798,1208.66,failed,online,2025-06-29,NO
1589,16386,110411,810.92,completed,online,2025-06-29,NO
2016,29395,112986,1812.87,completed,online,2025-06-29,NO
2368,29965,113265,1168.99,completed,online,2025-06-29,NO
1885,27604,114593,682.41,failed,online,2025-06-29,NO
9,2049,117563,110.68,failed,online,2025-06-29,NO
1991,40052,118212,1594.51,failed,online,2025-06-29,NO
4209,48961,121364,108.84,completed,online,2025-06-29,NO
1,48063,122459,1054.13,failed,online,2025-06-29,NO
3077,24336,122720,222.67,completed,online,2025-06-29,NO
2159,13068,122827,500.38,failed,online,2025-06-29,NO
1,6464,123582,1362.1,completed,online,2025-06-29,NO
4455,36894,127080,477.39,completed,online,2025-06-29,NO
1,145,127439,452.58,failed,online,2025-06-29,NO
1,27636,128221,1371.55,failed,online,2025-06-29,NO
949,32371,128502,822.5,completed,online,2025-06-29,NO
1316,13214,129104,1604.93,completed,online,2025-06-29,NO
1,34231,129156,73.26,failed,online,2025-06-29,NO
3705,9864,130613,1724.86,failed,online,2025-06-29,NO
1,3800,132957,5519.309317210289,completed,online,2025-06-29,NO
4731,30375,136740,1110.04,failed,online,2025-06-29,NO
1,23073,137024,1630.54,failed,online,2025-06-29,NO
2008,40550,141483,1292.02,failed,online,2025-06-29,NO
3218,16785,142242,1402.07,failed,online,2025-06-29,NO
4205,44553,142253,1677.09,failed,online,2025-06-29,NO
534,5997,143545,1964.97,failed,online,2025-06-29,NO
2648,44895,143707,678.91,completed,online,2025-06-29,NO
2862,41608,145580,1858.7,completed,online,2025-06-29,NO
987,41027,145720,914.5,completed,online,2025-06-29,NO
1719,39074,701,1563.79,completed,UNKNOWN,2025-01-21,NO
71,5899,2813,1464.97,completed,online,2025-01-21,NO
4147,19732,3078,1604.89,failed,online,2025-01-21,NO
2685,18513,4883,337.35,completed,online,2025-01-21,NO
2446,6304,9594,741.47,failed,online,2025-01-21,NO
1,2765,15193,510.51,completed,online,2025-01-21,NO
3642,26379,18345,944.62,failed,online,2025-01-21,NO
4545,23875,19846,772.25,failed,online,2025-01-21,NO
1,33065,21013,1773.37,failed,online,2025-01-21,NO
1999,796,23825,163.17,completed,online,2025-01-21,NO
1,16445,28421,55.74,completed,online,2025-01-21,NO
3772,21756,28867,954.06,completed,online,2025-01-21,NO
1915,32986,30331,625.81,failed,online,2025-01-21,NO
4006,47051,31770,429.73,completed,online,2025-01-21,NO
3707,9864,33507,971.38,completed,online,2025-01-21,NO
2067,16136,37264,108.2,completed,online,2025-01-21,NO
2183,23162,38378,553.31,completed,online,2025-01-21,NO
3763,45782,40216,1267.25,failed,online,2025-01-21,NO
313,49007,41174,1902.46,failed,online,2025-01-21,NO
135,25612,41401,360.65,failed,online,2025-01-21,NO
893,2837,41405,1087.98,completed,online,2025-01-21,NO
3823,22849,42789,44.78,failed,online,2025-01-21,NO
4815,243,44873,432.38,completed,online,2025-01-21,NO
4598,5060,47015,168.31,completed,online,2025-01-21,NO
2596,4571,52276,1041.33,failed,online,2025-01-21,NO
4044,27705,54621,807.33,completed,online,2025-01-21,NO
1652,13698,54950,1171.65,completed,online,2025-01-21,NO
1,13346,55751,573.12,failed,online,2025-01-21,NO
380,18701,57011,1061.19,failed,online,2025-01-21,NO
2353,13354,59508,895.55,completed,online,2025-01-21,NO
3716,35472,62468,490.22,completed,online,2025-01-21,NO
770,48272,65694,833.2,failed,online,2025-01-21,NO
3733,5149,66769,637.35,failed,online,2025-01-21,NO
338,25699,68766,9568.00056110042,failed,online,2025-01-21,NO
4903,13117,71474,1282.77,failed,online,2025-01-21,NO
3029,33521,71957,1752.49,failed,online,2025-01-21,NO
1976,49265,75773,377.78,failed,online,2025-01-21,NO
3224,11903,78302,1886.08,completed,online,2025-01-21,NO
1,41277,80261,1971.14,completed,online,2025-01-21,NO
1,42678,80533,618.73,failed,online,2025-01-21,NO
3840,24301,80962,687.36,failed,online,2025-01-21,NO
1815,13044,83807,690.45,completed,online,2025-01-21,NO
2904,45502,85522,1890.33,failed,online,2025-01-21,NO
3490,17095,86145,508.22,failed,online,2025-01-21,NO
1117,25889,88570,1888.57,failed,online,2025-01-21,NO
1,41173,88652,1019.11,failed,online,2025-01-21,NO
3072,33675,89667,356.76,completed,online,2025-01-21,NO
424,4785,90390,1948.21,completed,online,2025-01-21,NO
678,24000,90652,313.32,completed,online,2025-01-21,NO
2142,40225,92393,260.15,completed,online,2025-01-21,NO
1,5332,92940,1960.65,failed,online,2025-01-21,NO
699,7806,96846,1685.55,completed,online,2025-01-21,NO
1,1824,99927,1812.14,completed,online,2025-01-21,NO
4678,16892,102182,834.25,completed,online,2025-01-21,NO
909,26061,103259,493.71,completed,online,2025-01-21,NO
1,39536,104811,926.36,failed,online,2025-01-21,NO
783,21398,106953,1433.05,failed,online,2025-01-21,NO
1,48060,107151,1209.65,failed,online,2025-01-21,NO
3168,18657,107254,828.59,failed,online,2025-01-21,NO
3192,9894,108161,1349.89,failed,online,2025-01-21,NO
2206,20711,108536,364.37,failed,online,2025-01-21,NO
1,49485,108859,742.7,completed,online,2025-01-21,NO
2582,5391,111199,408.62,completed,online,2025-01-21,NO
1,16071,113974,423.46,failed,online,2025-01-21,NO
1553,25172,114301,1673.81,failed,online,2025-01-21,NO
1281,25102,114885,219.57,failed,online,2025-01-21,NO
1,31607,115033,1927.92,completed,online,2025-01-21,NO
3281,18651,121714,175.17,completed,online,2025-01-21,NO
3141,25465,122943,23.35,completed,online,2025-01-21,NO
1,49406,125734,745.16,failed,online,2025-01-21,NO
3782,23125,129363,1186.48,completed,online,2025-01-21,NO
329,11913,130419,242.54,completed,online,2025-01-21,NO
2711,42312,130862,1007.42,failed,online,2025-01-21,NO
1,9656,136274,863.84,failed,online,2025-01-21,NO
169,33576,137527,152.67,failed,online,2025-01-21,NO
29,10908,139717,947.47,completed,online,2025-01-21,NO
1522,37362,140042,1963.51,completed,online,2025-01-21,NO
3487,44195,143456,968.67,failed,online,2025-01-21,NO
3815,21004,144698,1074.31,failed,online,2025-01-21,NO
1808,8634,145692,1124.31,failed,online,2025-01-21,NO
3268,40780,145992,309.49,failed,online,2025-01-21,NO
2094,49582,148878,134.04,completed,online,2025-01-21,NO
1,13814,148964,133.75,completed,online,2025-01-21,NO
4960,14682,258,1925.64,failed,online,2025-09-04,NO
1,30863,3192,712.02,completed,online,2025-09-04,NO
1,31648,6155,283.5,failed,online,2025-09-04,NO
407,23740,7441,892.53,failed,online,2025-09-04,NO
1253,46232,7692,385.67,completed,online,2025-09-04,NO
1,48319,9046,1795.38,completed,online,2025-09-04,NO
4294,24945,9305,1004.92,completed,online,2025-09-04,NO
897,49276,14495,591.98,failed,online,2025-09-04,NO
2025,47012,14889,1609.5,completed,online,2025-09-04,NO
1597,11608,18245,1603.44,failed,online,2025-09-04,NO
4413,441,19826,1006.01,failed,online,2025-09-04,NO
1,28653,21858,386.47,failed,online,2025-09-04,NO
1241,36726,22102,766.32,completed,online,2025-09-04,NO
3007,10828,22726,28.57,failed,online,2025-09-04,NO
1,19632,24018,1879.61,completed,online,2025-09-04,NO
4709,8544,24099,418.42,failed,online,2025-09-04,NO
2419,44456,25020,568.27,completed,online,2025-09-04,NO
2565,35513,25313,678.88,completed,online,2025-09-04,NO
1,22519,26863,668.28,failed,online,2025-09-04,NO
930,27657,30231,1265.64,failed,online,2025-09-04,NO
4098,36069,34485,609.6,failed,online,2025-09-04,NO
1,20294,35540,432.49,failed,online,2025-09-04,NO
1,17513,36522,476.64,failed,online,2025-09-04,NO
4588,31635,39142,151.83,failed,online,2025-09-04,NO
546,29709,39383,277.77,failed,online,2025-09-04,NO
1,10841,41018,1498.96,failed,online,2025-09-04,NO
1,4189,43577,1850.72,failed,online,2025-09-04,NO
1672,48240,46171,1980.37,completed,online,2025-09-04,NO
4933,11140,48706,261.96,failed,online,2025-09-04,NO
619,5230,50301,1252.81,completed,online,2025-09-04,NO
1713,935,50979,1238.04,failed,online,2025-09-04,NO
4802,41797,51319,963.81,failed,online,2025-09-04,NO
2829,14964,53309,1106.47,failed,online,2025-09-04,NO
520,7461,56613,1730.53,completed,online,2025-09-04,NO
2009,16451,56787,1514.77,failed,online,2025-09-04,NO
1,13174,56823,1882.42,failed,online,2025-09-04,NO
1528,1340,57113,1866.96,completed,online,2025-09-04,NO
2714,13471,57308,700.07,failed,online,2025-09-04,NO
1,884,62292,1602.22,completed,online,2025-09-04,NO
4627,22679,65848,694.09,failed,online,2025-09-04,NO
2819,13216,67326,1968.52,failed,online,2025-09-04,NO
3655,22378,68704,1546.75,completed,online,2025-09-04,NO
1,25859,70153,648.72,failed,online,2025-09-04,NO
1758,49957,75200,1881.26,failed,online,2025-09-04,NO
4378,2713,76382,88.44,completed,online,2025-09-04,NO
323,27906,77762,1615.45,failed,online,2025-09-04,NO
4053,12187,80040,467.38,failed,online,2025-09-04,NO
1,41581,82380,399.35,completed,online,2025-09-04,NO
1,16253,83133,292.83,failed,online,2025-09-04,NO
883,20879,87582,1631.2,failed,online,2025-09-04,NO
4118,8929,87808,560.14,failed,online,2025-09-04,NO
678,48642,89006,794.85,completed,online,2025-09-04,NO
3093,48796,97292,128.6,failed,online,2025-09-04,NO
4261,28103,97777,678.72,failed,online,2025-09-04,NO
899,4215,99695,1890.9,failed,online,2025-09-04,NO
4039,5725,105908,15.51,failed,online,2025-09-04,NO
1,16637,106769,563.38,completed,online,2025-09-04,NO
2396,32552,108428,241.3,completed,online,2025-09-04,NO
3242,43716,109519,1172.99,completed,online,2025-09-04,NO
2958,40224,113373,343.18,completed,online,2025-09-04,NO
491,38979,113615,895.3,failed,online,2025-09-04,NO
2786,38979,114109,1644.96,failed,online,2025-09-04,NO
2728,48910,114230,65.01,failed,online,2025-09-04,NO
494,43679,116867,372.99,failed,online,2025-09-04,NO
1225,42462,117080,20.89,completed,online,2025-09-04,NO
1651,37137,117340,1361.37,completed,online,2025-09-04,NO
1,9442,118815,1763.42,failed,online,2025-09-04,NO
3265,9902,121192,829.46,completed,online,2025-09-04,NO
417,3129,125127,404.82,completed,online,2025-09-04,NO
730,39982,128600,1009.0,completed,online,2025-09-04,NO
3464,27199,129277,240.66,completed,online,2025-09-04,NO
2361,13648,129904,1055.56,completed,online,2025-09-04,NO
1096,20433,130350,367.82,completed,online,2025-09-04,NO
1500,19331,131532,1425.89,completed,online,2025-09-04,NO
1,1711,132853,317.01,failed,online,2025-09-04,NO
3325,9634,133107,797.48,failed,UNKNOWN,2025-09-04,NO
4180,48778,135730,827.28,failed,online,2025-09-04,NO
1478,14364,136721,468.48,failed,online,2025-09-04,NO
1,1016,139526,348.34,completed,online,2025-09-04,NO
1107,4254,141000,1467.6,failed,online,2025-09-04,NO
2539,6329,143121,732.07,completed,online,2025-09-04,NO
2559,16787,146332,248.26,completed,online,2025-09-04,NO
2437,43106,147137,1882.28,completed,online,2025-09-04,NO
782,37838,148188,197.03,failed,online,2025-09-04,NO
1,3246,455,1462.81,completed,online,2025-01-14,NO
2962,42819,10248,628.82,completed,UNKNOWN,2025-01-14,NO
3048,26221,10638,1251.05,completed,online,2025-01-14,NO
1,26458,11854,1237.45,completed,online,2025-01-14,NO
3363,29540,17192,656.4,completed,online,2025-01-14,NO
3776,2780,19478,1936.39,failed,online,2025-01-14,NO
1,48819,19566,1945.76,completed,online,2025-01-14,NO
263,20963,19617,1631.75,failed,online,2025-01-14,NO
2233,31136,25749,1011.89,completed,online,2025-01-14,NO
1,18812,26242,6062.192827783643,failed,online,2025-01-14,NO
1301,19949,27176,705.0,completed,online,2025-01-14,NO
1606,4796,29246,121.95,failed,online,2025-01-14,NO
3301,25849,31308,1047.28,completed,online,2025-01-14,NO
2836,20194,32573,710.71,completed,online,2025-01-14,NO
1118,37758,32912,1365.48,failed,online,2025-01-14,NO
1796,43697,33151,1452.3,completed,online,2025-01-14,NO
3352,13717,33296,535.93,completed,online,2025-01-14,NO
1,24398,34309,764.19,completed,online,2025-01-14,NO
3767,6366,36253,1276.48,failed,online,2025-01-14,NO
1,37926,43496,1162.9,completed,online,2025-01-14,NO
4732,42395,49187,97.08,failed,online,2025-01-14,NO
88,8329,51846,888.04,completed,online,2025-01-14,NO
4427,41362,54954,97.15,failed,online,2025-01-14,NO
2019,26927,56852,147.72,completed,online,2025-01-14,NO
4984,10508,61004,930.48,failed,online,2025-01-14,NO
3826,45074,63402,1909.31,failed,online,2025-01-14,NO
2643,18755,66085,1359.7,completed,online,2025-01-14,NO
1,21304,66167,1917.65,failed,online,2025-01-14,NO
3998,17058,66935,1221.54,completed,online,2025-01-14,NO
1,31874,69409,1412.41,failed,online,2025-01-14,NO
3688,47473,71299,1423.17,failed,online,2025-01-14,NO
1,35868,73734,1266.81,completed,online,2025-01-14,NO
1431,23577,74687,1802.01,failed,online,2025-01-14,NO
406,5379,75925,1401.49,failed,online,2025-01-14,NO
3519,44085,77525,1047.6,completed,online,2025-01-14,NO
2194,26068,77854,392.3,completed,online,2025-01-14,NO
1,15029,78606,1888.29,failed,online,2025-01-14,NO
1,16594,79284,999.39,failed,online,2025-01-14,NO
311,22768,80810,385.07,completed,online,2025-01-14,NO
1,34467,82932,668.51,completed,online,2025-01-14,NO
399,16848,83520,598.92,completed,online,2025-01-14,NO
3111,16100,84439,1646.19,completed,online,2025-01-14,NO
3952,31549,85761,922.24,completed,online,2025-01-14,NO
1,46096,87360,1556.52,failed,online,2025-01-14,NO
2898,1884,88249,122.09,failed,online,2025-01-14,NO
1,36446,89743,663.27,failed,online,2025-01-14,NO
4385,10938,90283,95.86,failed,online,2025-01-14,NO
1,17061,90473,1705.39,completed,online,2025-01-14,NO
4988,12317,93075,193.52,failed,online,2025-01-14,NO
1753,33654,95111,31.1,failed,online,2025-01-14,NO
963,28179,98472,193.19,failed,online,2025-01-14,NO
1,21369,99021,432.4,completed,online,2025-01-14,NO
1,40635,100777,389.05,completed,online,2025-01-14,NO
3532,22015,108440,380.54,completed,online,2025-01-14,NO
1,45621,108480,756.22,completed,online,2025-01-14,NO
4774,26371,108644,1754.8,completed,online,2025-01-14,NO
2656,31997,109079,351.66,completed,online,2025-01-14,NO
1417,38718,110298,1535.79,completed,online,2025-01-14,NO
1,19100,110342,1177.11,failed,online,2025-01-14,NO
1,23387,113124,39.65,completed,online,2025-01-14,NO
1028,29651,115112,163.67,completed,online,2025-01-14,NO
2387,45563,115425,374.72,failed,online,2025-01-14,NO
1,21481,117703,121.52,failed,online,2025-01-14,NO
1039,205,118290,963.03,failed,online,2025-01-14,NO
1305,31680,119042,1669.0,failed,online,2025-01-14,NO
1,46906,120963,1804.67,completed,online,2025-01-14,NO
396,49145,123036,640.13,failed,online,2025-01-14,NO
310,39022,125733,253.07,completed,online,2025-01-14,NO
782,42246,126819,361.22,failed,online,2025-01-14,NO
1,24631,130755,827.6,completed,online,2025-01-14,NO
1,33542,131521,1956.0,completed,online,2025-01-14,NO
1912,48381,133426,608.12,completed,online,2025-01-14,NO
4865,28457,134705,1346.91,failed,online,2025-01-14,NO
1,4014,134762,994.29,completed,online,2025-01-14,NO
4577,37645,135201,270.39,failed,online,2025-01-14,NO
4675,45692,136390,1605.02,completed,online,2025-01-14,NO
1516,45527,136591,1341.32,failed,online,2025-01-14,NO
3271,23268,139808,213.25,completed,online,2025-01-14,NO
1187,40475,140176,1141.0,failed,online,2025-01-14,NO
3969,3466,140970,426.93,failed,online,2025-01-14,NO
1269,8509,142978,318.58,failed,online,2025-01-14,NO
1,9630,145080,171.67,completed,online,2025-01-14,NO
1,3621,147791,17.38,completed,online,2025-01-14,NO
1060,22275,1238,776.35,completed,online,2025-05-07,NO
416,22174,2306,1910.19,failed,online,2025-05-07,NO
2256,53,5282,33.42,failed,online,2025-05-07,NO
132,47436,6667,635.91,completed,online,2025-05-07,NO
1495,49254,8501,1291.28,failed,online,2025-05-07,NO
4503,16208,11517,1447.41,failed,UNKNOWN,2025-05-07,NO
1813,35459,15221,686.11,completed,online,2025-05-07,NO
148,4129,15666,160.4,completed,online,2025-05-07,NO
4729,41921,15696,1235.9,failed,online,2025-05-07,NO
2430,40,17547,523.02,failed,online,2025-05-07,NO
1109,28136,17635,729.66,completed,online,2025-05-07,NO
1,46561,18645,1292.36,completed,online,2025-05-07,NO
4575,33055,21994,434.88,completed,online,2025-05-07,NO
815,17154,26919,1198.04,completed,online,2025-05-07,NO
3106,4005,27229,425.37,completed,online,2025-05-07,NO
850,37838,35370,1068.83,completed,UNKNOWN,2025-05-07,NO
485,27034,35462,411.3,failed,online,2025-05-07,NO
719,2275,37441,1248.95,completed,online,2025-05-07,NO
1514,46761,38486,1946.52,completed,online,2025-05-07,NO
3690,6051,39341,340.64,completed,online,2025-05-07,NO
1,3289,41723,309.57,completed,online,2025-05-07,NO
1,49973,43389,102.17,failed,online,2025-05-07,NO
1,21260,44912,1108.08,failed,online,2025-05-07,NO
233,25211,46820,1716.16,completed,online,2025-05-07,NO
212,3893,48102,1225.86,failed,online,2025-05-07,NO
147,18658,49543,1706.03,completed,online,2025-05-07,NO
1,10346,54460,1238.86,completed,online,2025-05-07,NO
2042,39874,57217,882.79,failed,online,2025-05-07,NO
3196,32129,58092,206.95,failed,online,2025-05-07,NO
1178,3164,60381,855.35,completed,online,2025-05-07,NO
323,28851,61620,1620.55,failed,online,2025-05-07,NO
1,32824,62055,364.88,failed,online,2025-05-07,NO
4653,15631,64067,1249.36,failed,online,2025-05-07,NO
1817,39521,67400,979.31,completed,online,2025-05-07,NO
2685,13079,69779,1873.97,failed,online,2025-05-07,NO
1,35791,70517,1461.55,completed,online,2025-05-07,NO
1,16171,70830,495.09,failed,online,2025-05-07,NO
1,17405,72693,1220.35,completed,online,2025-05-07,NO
4129,34250,73003,1984.71,completed,online,2025-05-07,NO
4407,36960,74930,1625.2,failed,online,2025-05-07,NO
1972,24259,75979,524.43,failed,online,2025-05-07,NO
402,18872,81952,1840.42,completed,online,2025-05-07,NO
1,23157,82745,838.47,failed,online,2025-05-07,NO
1,28283,85351,1827.96,completed,online,2025-05-07,NO
2224,40161,85456,722.32,failed,online,2025-05-07,NO
4565,5158,86073,1842.93,completed,online,2025-05-07,NO
1,27645,87229,662.93,completed,online,2025-05-07,NO
4344,32355,87250,511.52,completed,online,2025-05-07,NO
4713,47671,90019,738.51,failed,online,2025-05-07,NO
4679,35224,91526,1052.11,completed,online,2025-05-07,NO
1,14500,92307,336.29,completed,online,2025-05-07,NO
785,49786,93358,1948.45,failed,online,2025-05-07,NO
222,31262,94085,1752.88,completed,online,2025-05-07,NO
3953,20954,97926,1493.83,failed,online,2025-05-07,NO
2478,48647,99819,1270.4,failed,online,2025-05-07,NO
1558,22048,102809,1342.69,failed,online,2025-05-07,NO
425,26568,104489,774.9,failed,online,2025-05-07,NO
826,35545,106275,209.33,completed,online,2025-05-07,NO
1,7710,106951,175.85,completed,online,2025-05-07,NO
2974,26685,107225,981.21,failed,online,2025-05-07,NO
1,4200,107833,1952.44,completed,online,2025-05-07,NO
651,26379,108301,1559.4,failed,online,2025-05-07,NO
1856,31323,114219,1362.63,completed,online,2025-05-07,NO
1,8944,115304,260.69,failed,online,2025-05-07,NO
2624,10513,117419,324.25,completed,online,2025-05-07,NO
4036,30628,118379,1559.85,completed,online,2025-05-07,NO
2947,18470,118808,104.54,completed,online,2025-05-07,NO
1,21460,119314,974.77,completed,online,2025-05-07,NO
1,45939,128589,1428.51,failed,online,2025-05-07,NO
1716,18871,132119,162.84,completed,online,2025-05-07,NO
2420,6273,132182,1866.77,failed,online,2025-05-07,NO
1215,2697,132921,890.39,failed,online,2025-05-07,NO
2643,36419,133255,1500.55,failed,online,2025-05-07,NO
60,34395,137217,781.85,failed,online,2025-05-07,NO
3988,19825,137260,1643.75,failed,UNKNOWN,2025-05-07,NO
2252,25535,138315,1778.83,completed,online,2025-05-07,NO
92,8508,141768,395.63,completed,online,2025-05-07,NO
306,18577,145907,1691.79,completed,online,2025-05-07,NO
3035,21668,146215,1142.17,failed,online,2025-05-07,NO
2595,6173,147513,763.7,failed,online,2025-05-07,NO
1,11841,147749,1205.59,failed,online,2025-05-07,NO
2285,39305,149156,1269.78,completed,online,2025-05-07,NO
1,17059,149386,445.43,completed,online,2025-05-07,NO
1,12255,5974,1596.54,completed,online,2025-03-05,NO
1,35246,6183,1738.0,failed,online,2025-03-05,NO
1100,13750,6613,882.75,failed,online,2025-03-05,NO
1,14685,8914,22.86,failed,online,2025-03-05,NO
644,38507,12327,1556.02,failed,online,2025-03-05,NO
1369,44280,16485,144.06,failed,online,2025-03-05,NO
1,18476,20685,1500.35,completed,online,2025-03-05,NO
566,33367,20953,1705.13,completed,online,2025-03-05,NO
1,19242,21081,973.1,completed,online,2025-03-05,NO
1,13228,21698,607.29,completed,online,2025-03-05,NO
1721,16616,22795,1178.86,failed,online,2025-03-05,NO
1429,4174,25148,482.85,failed,online,2025-03-05,NO
2836,29452,26673,1202.25,failed,online,2025-03-05,NO
4806,27420,28851,1592.71,completed,online,2025-03-05,NO
2156,24985,30477,594.91,failed,online,2025-03-05,NO
3732,44996,31709,343.34,failed,online,2025-03-05,NO
1,39718,33625,1147.76,completed,online,2025-03-05,NO
178,19480,35874,1833.25,completed,online,2025-03-05,NO
1081,15535,38542,484.49,completed,online,2025-03-05,NO
113,18502,39118,354.91,completed,online,2025-03-05,NO
330,17630,40637,473.92,completed,online,2025-03-05,NO
1230,36945,41381,1438.75,completed,online,2025-03-05,NO
2239,22903,44818,1283.95,completed,online,2025-03-05,NO
3708,29811,47187,1345.03,failed,online,2025-03-05,NO
3176,19432,47525,374.6,completed,online,2025-03-05,NO
4775,2539,49556,1570.68,completed,online,2025-03-05,NO
4368,24302,50226,975.76,failed,online,2025-03-05,NO
1,14977,51603,13.71,failed,online,2025-03-05,NO
3808,36593,52706,88.39,completed,online,2025-03-05,NO
3200,419,54887,971.65,completed,online,2025-03-05,NO
4208,19731,55372,392.51,completed,online,2025-03-05,NO
170,47799,59709,685.15,failed,online,2025-03-05,NO
1567,44893,61222,529.21,completed,online,2025-03-05,NO
1497,42440,61486,164.0,completed,online,2025-03-05,NO
2253,19493,63861,911.7,completed,online,2025-03-05,NO
4389,21833,65461,1690.14,completed,online,2025-03-05,NO
4062,25802,65510,1403.42,completed,online,2025-03-05,NO
4792,19753,66189,1268.99,completed,online,2025-03-05,NO
4474,40991,69111,1951.75,completed,online,2025-03-05,NO
805,40154,71924,1435.79,completed,online,2025-03-05,NO
3025,22344,72792,1714.07,completed,online,2025-03-05,NO
4720,23419,75510,1272.31,failed,online,2025-03-05,NO
4404,9925,77460,1789.51,completed,online,2025-03-05,NO
1593,20796,78292,1535.27,failed,online,2025-03-05,NO
1728,3366,78733,1850.46,completed,online,2025-03-05,NO
2977,19853,79596,1034.47,failed,online,2025-03-05,NO
4685,48063,81635,423.59,failed,online,2025-03-05,NO
1,5654,92426,1464.06,completed,online,2025-03-05,NO
4633,38048,92468,1930.05,completed,online,2025-03-05,NO
4511,11346,92902,1702.59,completed,online,2025-03-05,NO
1038,37502,93101,1739.06,failed,online,2025-03-05,NO
2839,31669,94751,443.07,completed,online,2025-03-05,NO
2770,30882,96569,527.46,failed,online,2025-03-05,NO
1,21099,98714,1499.02,failed,online,2025-03-05,NO
3265,49929,100176,1241.9,completed,online,2025-03-05,NO
1,1101,100242,544.98,failed,online,2025-03-05,NO
1,30435,100962,1757.17,completed,online,2025-03-05,NO
1,20929,101356,317.85,completed,online,2025-03-05,NO
393,4768,102668,1900.89,completed,online,2025-03-05,NO
1,49681,102968,1031.59,completed,online,2025-03-05,NO
2423,41878,103406,1450.86,failed,online,2025-03-05,NO
1,32092,103670,996.87,failed,online,2025-03-05,NO
3466,6683,104558,1147.54,completed,online,2025-03-05,NO
3066,28816,109681,1379.47,completed,online,2025-03-05,NO
3799,35760,113131,1273.42,failed,online,2025-03-05,NO
1,31514,113968,1925.76,failed,online,2025-03-05,NO
1,49452,116154,1172.26,completed,online,2025-03-05,NO
3523,25846,116930,461.1,completed,online,2025-03-05,NO
1,39904,116995,496.51,completed,online,2025-03-05,NO
2472,31145,122584,1306.29,completed,online,2025-03-05,NO
3686,4286,124259,685.21,completed,online,2025-03-05,NO
3455,17456,126234,1943.12,completed,online,2025-03-05,NO
1,3913,127363,243.3,failed,online,2025-03-05,NO
1588,14226,129637,492.37,completed,online,2025-03-05,NO
4586,48062,129648,1534.97,failed,online,2025-03-05,NO
1,42481,132451,827.28,completed,online,2025-03-05,NO
4309,44414,135674,901.35,completed,online,2025-03-05,NO
1,28686,139441,587.53,failed,online,2025-03-05,NO
788,15656,142333,1504.74,failed,online,2025-03-05,NO
4437,3033,145251,1260.04,completed,online,2025-03-05,NO
896,12711,148615,171.49,completed,online,2025-03-05,NO
594,26904,149413,1533.79,completed,online,2025-03-05,NO
2794,28771,200,86.08,completed,online,2025-11-30,NO
517,5144,1099,339.28,completed,online,2025-11-30,NO
4506,43638,2460,1531.71,completed,online,2025-11-30,NO
2111,22266,2539,682.53,failed,online,2025-11-30,NO
1,48316,5415,83.62,failed,online,2025-11-30,NO
501,17418,6875,1448.12,failed,online,2025-11-30,NO
2001,12083,11012,1776.63,completed,online,2025-11-30,NO
3254,42171,12282,1925.89,failed,online,2025-11-30,NO
738,33874,12814,783.34,completed,online,2025-11-30,NO
1,31474,13209,952.88,failed,online,2025-11-30,NO
1,2194,17436,506.22,failed,online,2025-11-30,NO
2173,37392,21265,910.47,completed,online,2025-11-30,NO
1,25138,23649,393.1,completed,online,2025-11-30,NO
4365,30452,26537,1832.43,failed,online,2025-11-30,NO
1,40286,29859,1646.62,failed,online,2025-11-30,NO
1245,2401,32543,858.17,completed,online,2025-11-30,NO
3846,7513,34609,581.78,failed,online,2025-11-30,NO
1,25018,35008,645.48,completed,online,2025-11-30,NO
270,37576,37035,287.87,completed,online,2025-11-30,NO
2404,46638,43342,1379.99,completed,online,2025-11-30,NO
1128,27331,45534,6614.532865384065,completed,online,2025-11-30,NO
1236,27476,51365,1290.89,failed,online,2025-11-30,NO
2218,11699,51432,377.15,failed,online,2025-11-30,NO
1,30778,52890,1123.33,failed,online,2025-11-30,NO
4142,31248,54339,256.05,failed,online,2025-11-30,NO
2123,26427,56492,1629.25,completed,online,2025-11-30,NO
206,41199,58389,1271.56,completed,online,2025-11-30,NO
599,47991,58462,1045.46,completed,online,2025-11-30,NO
2083,40453,59703,603.3,failed,online,2025-11-30,NO
3965,4372,60486,134.89,failed,online,2025-11-30,NO
4720,1940,62025,1236.24,failed,online,2025-11-30,NO
2199,20155,62753,1769.81,failed,online,2025-11-30,NO
1,24922,63576,779.83,completed,online,2025-11-30,NO
1868,14271,64026,1046.6,completed,online,2025-11-30,NO
2891,38943,65301,716.83,failed,online,2025-11-30,NO
2564,31730,65601,345.64,completed,online,2025-11-30,NO
1,7396,68287,1538.96,completed,online,2025-11-30,NO
3511,28221,69044,1207.82,failed,online,2025-11-30,NO
1187,33722,69728,145.73,failed,online,2025-11-30,NO
1,47452,70666,482.07,failed,online,2025-11-30,NO
2507,46662,72382,1488.37,failed,online,2025-11-30,NO
4379,45482,74582,66.26,completed,online,2025-11-30,NO
2406,47073,79446,389.28,completed,online,2025-11-30,NO
435,36030,84762,1176.55,completed,online,2025-11-30,NO
1,28294,84781,949.9,completed,online,2025-11-30,NO
3378,16889,86121,1193.13,completed,online,2025-11-30,NO
1431,20582,87584,1011.36,completed,online,2025-11-30,NO
2149,30486,90908,1936.8,failed,online,2025-11-30,NO
3269,40331,94017,343.87,failed,online,2025-11-30,NO
4169,32347,94733,57.18,failed,online,2025-11-30,NO
1574,18049,95059,11.86,failed,online,2025-11-30,NO
3909,27380,95922,1444.84,failed,online,2025-11-30,NO
19,19179,100560,1849.18,completed,online,2025-11-30,NO
3841,20729,102266,1900.48,failed,online,2025-11-30,NO
1,17225,103264,1131.12,failed,online,2025-11-30,NO
1,43282,105925,1717.18,completed,online,2025-11-30,NO
1,4216,108268,1278.73,completed,online,2025-11-30,NO
2539,38331,108627,1349.33,completed,online,2025-11-30,NO
2198,3398,109951,1465.56,completed,online,2025-11-30,NO
4481,37061,116579,5197.091222544293,completed,online,2025-11-30,NO
94,41361,116712,1921.48,completed,online,2025-11-30,NO
1,25560,117290,1681.21,failed,online,2025-11-30,NO
3946,3000,121443,1825.55,completed,online,2025-11-30,NO
2492,6639,121760,1929.42,failed,online,2025-11-30,NO
1798,16496,123126,591.29,completed,online,2025-11-30,NO
3274,31204,124607,699.99,completed,online,2025-11-30,NO
3764,10950,124893,1663.61,failed,online,2025-11-30,NO
2591,48589,126606,1925.87,failed,online,2025-11-30,NO
3451,22929,126767,1292.46,completed,online,2025-11-30,NO
2030,23055,128199,596.63,completed,online,2025-11-30,NO
4974,40015,128410,1223.31,failed,online,2025-11-30,NO
2043,32,129465,1620.29,failed,online,2025-11-30,NO
276,41393,129807,877.23,completed,online,2025-11-30,NO
1381,17299,133402,992.98,completed,online,2025-11-30,NO
2276,4389,133834,1053.69,completed,online,2025-11-30,NO
1,36612,134680,817.14,failed,online,2025-11-30,NO
1638,41751,138341,1851.59,failed,online,2025-11-30,NO
2253,25292,144687,797.88,failed,online,2025-11-30,NO
1187,31569,146485,1408.51,failed,online,2025-11-30,NO
3501,38776,147290,1330.37,completed,online,2025-11-30,NO
2946,40233,147630,1649.41,completed,online,2025-11-30,NO
138,5266,147633,295.36,failed,online,2025-11-30,NO
534,21685,595,1267.8,failed,online,2025-04-27,NO
1748,43913,3591,1683.79,completed,online,2025-04-27,NO
3579,14900,4456,236.7,failed,online,2025-04-27,NO
2935,37856,4790,1787.7,failed,online,2025-04-27,NO
531,17298,6808,1597.03,failed,online,2025-04-27,NO
2996,7541,8561,977.97,completed,online,2025-04-27,NO
4876,18334,12976,1395.59,completed,online,2025-04-27,NO
387,7426,13797,223.18,completed,online,2025-04-27,NO
3063,12190,13956,1163.41,failed,online,2025-04-27,NO
4885,20652,18047,384.84,completed,online,2025-04-27,NO
3564,40549,18637,210.8,failed,online,2025-04-27,NO
4514,15720,18901,1693.79,completed,online,2025-04-27,NO
1728,14123,20530,1689.12,failed,online,2025-04-27,NO
1,22727,21173,1847.84,completed,online,2025-04-27,NO
2728,47919,22742,628.89,failed,online,2025-04-27,NO
1011,12559,25736,94.82,completed,online,2025-04-27,NO
4733,22582,25881,376.94,completed,online,2025-04-27,NO
1,6610,26887,143.22,completed,online,2025-04-27,NO
1,44719,27737,778.31,failed,online,2025-04-27,NO
918,6892,28223,1835.38,completed,online,2025-04-27,NO
1479,44962,28835,1224.24,failed,online,2025-04-27,NO
3019,32626,35262,756.29,completed,online,2025-04-27,NO
1,43481,35497,533.04,failed,online,2025-04-27,NO
4910,43431,35780,1032.69,completed,online,2025-04-27,NO
3998,25408,35821,665.62,failed,online,2025-04-27,NO
3082,38885,36142,1152.69,failed,online,2025-04-27,NO
1,925,38891,1469.52,completed,online,2025-04-27,NO
3616,36564,42123,1476.81,completed,online,2025-04-27,NO
320,8173,42163,453.86,completed,online,2025-04-27,NO
3541,46757,45473,1349.17,completed,online,2025-04-27,NO
338,44083,47314,1058.65,completed,online,2025-04-27,NO
771,25521,48389,221.07,failed,online,2025-04-27,NO
3402,24540,52555,1226.18,failed,online,2025-04-27,NO
1,28910,53971,185.75,completed,online,2025-04-27,NO
4829,39752,59038,1537.41,failed,online,2025-04-27,NO
114,34103,60931,1201.17,failed,online,2025-04-27,NO
3232,13882,61531,1608.87,failed,online,2025-04-27,NO
4028,26068,61542,841.31,completed,online,2025-04-27,NO
1,42329,62877,171.46,failed,online,2025-04-27,NO
1,28334,65708,1567.32,failed,online,2025-04-27,NO
3557,5398,67814,597.03,failed,online,2025-04-27,NO
302,24412,68351,34.41,failed,online,2025-04-27,NO
4782,19918,70820,1203.58,failed,online,2025-04-27,NO
4763,27671,71621,576.1,completed,online,2025-04-27,NO
1,17306,73719,862.22,failed,online,2025-04-27,NO
1627,32583,74478,986.55,completed,online,2025-04-27,NO
1,10920,74524,647.02,completed,online,2025-04-27,NO
523,40770,76084,482.41,completed,online,2025-04-27,NO
1631,43335,78096,189.74,failed,online,2025-04-27,NO
751,24157,81258,1172.28,failed,online,2025-04-27,NO
1695,7903,85661,1365.73,failed,online,2025-04-27,NO
1,13880,87316,46.18,completed,online,2025-04-27,NO
1851,17856,87402,155.2,completed,online,2025-04-27,NO
110,10461,88971,951.43,completed,online,2025-04-27,NO
154,45989,93972,1456.15,failed,online,2025-04-27,NO
3597,16543,95021,478.82,completed,online,2025-04-27,NO
4576,34583,96248,1410.36,failed,online,2025-04-27,NO
3346,18796,101454,1124.88,failed,online,2025-04-27,NO
4049,14382,102390,645.44,failed,online,2025-04-27,NO
4733,39126,102722,337.79,failed,online,2025-04-27,NO
243,42816,103289,514.92,completed,online,2025-04-27,NO
1001,22093,104155,1924.65,completed,online,2025-04-27,NO
3282,40337,104902,743.42,failed,online,2025-04-27,NO
1,25132,105268,1338.85,completed,online,2025-04-27,NO
3180,2312,109281,426.65,completed,online,2025-04-27,NO
2138,25767,113931,815.98,completed,online,2025-04-27,NO
1288,35134,116478,1989.4,failed,online,2025-04-27,NO
4116,42801,119366,1556.38,failed,online,2025-04-27,NO
4483,20545,121509,1248.28,failed,online,2025-04-27,NO
1,23771,123524,110.89,failed,online,2025-04-27,NO
1749,979,124572,1952.97,failed,online,2025-04-27,NO
1885,5870,128624,1160.01,failed,online,2025-04-27,NO
1961,21861,128763,597.73,completed,online,2025-04-27,NO
1052,42340,130971,348.89,completed,online,2025-04-27,NO
1,34717,132067,97.27,completed,online,2025-04-27,NO
1,2319,133618,1826.51,failed,online,2025-04-27,NO
536,21789,133770,880.13,completed,online,2025-04-27,NO
1412,31140,140456,776.82,failed,online,2025-04-27,NO
1,41562,140727,1572.52,completed,online,2025-04-27,NO
1278,34427,142415,326.82,completed,online,2025-04-27,NO
1073,18515,145675,1905.25,failed,online,2025-04-27,NO
4235,5087,148834,550.42,failed,online,2025-04-27,NO
3373,4819,149262,1503.44,completed,online,2025-04-27,NO
1,8697,46,6034.496924648328,completed,online,2025-09-13,NO
2153,35029,888,135.17,completed,online,2025-09-13,NO
4412,1140,1009,1354.94,failed,online,2025-09-13,NO
3577,16931,2024,1620.83,completed,UNKNOWN,2025-09-13,NO
987,23061,3712,570.53,completed,online,2025-09-13,NO
3551,16971,5544,762.78,completed,online,2025-09-13,NO
2674,5106,11837,1466.7,failed,online,2025-09-13,NO
4592,35916,13308,1386.34,failed,online,2025-09-13,NO
3320,35879,14220,1963.14,completed,online,2025-09-13,NO
4902,34302,15376,1755.16,completed,online,2025-09-13,NO
3932,26410,16675,998.44,failed,online,2025-09-13,NO
3311,4753,16890,1575.73,completed,online,2025-09-13,NO
3586,8541,17329,1482.51,completed,online,2025-09-13,NO
404,12277,18552,802.03,completed,online,2025-09-13,NO
479,41999,23152,1397.79,failed,online,2025-09-13,NO
463,9617,26788,1747.86,completed,online,2025-09-13,NO
1,1437,30425,892.06,completed,online,2025-09-13,NO
3449,35941,32833,847.64,failed,online,2025-09-13,NO
3983,6755,33609,1883.27,failed,online,2025-09-13,NO
3064,17622,35999,157.29,failed,online,2025-09-13,NO
4490,5046,39572,586.48,failed,online,2025-09-13,NO
3058,6861,40481,134.04,completed,online,2025-09-13,NO
1129,20373,40586,1832.15,completed,online,2025-09-13,NO
2591,3410,45038,1800.98,failed,online,2025-09-13,NO
4952,27092,46480,1466.44,failed,online,2025-09-13,NO
4070,28523,48198,1988.71,failed,online,2025-09-13,NO
2706,40463,48887,885.24,completed,online,2025-09-13,NO
820,49042,54096,148.48,completed,online,2025-09-13,NO
3053,40622,55475,328.89,failed,online,2025-09-13,NO
1022,1792,56873,1081.64,completed,online,2025-09-13,NO
4537,46817,65896,377.56,completed,online,2025-09-13,NO
2264,42770,66522,701.17,failed,online,2025-09-13,NO
3068,986,67111,1246.03,completed,online,2025-09-13,NO
1,7099,67763,1894.05,failed,online,2025-09-13,NO
2791,43802,69346,1857.65,completed,online,2025-09-13,NO
559,42921,69707,811.71,completed,online,2025-09-13,NO
1,11380,71126,34.09,completed,online,2025-09-13,NO
1,8391,74641,1607.33,completed,online,2025-09-13,NO
1,35744,75317,1610.6,completed,online,2025-09-13,NO
204,34919,75822,882.89,failed,online,2025-09-13,NO
2661,26364,75956,162.65,failed,online,2025-09-13,NO
1,14204,79521,723.43,completed,online,2025-09-13,NO
3524,24060,79543,557.41,failed,online,2025-09-13,NO
1,46025,79916,222.03,failed,online,2025-09-13,NO
1101,23475,80115,936.25,failed,online,2025-09-13,NO
370,32054,82169,263.29,completed,online,2025-09-13,NO
2096,21824,83453,1988.36,completed,online,2025-09-13,NO
4038,15174,83605,1459.35,completed,online,2025-09-13,NO
7,14856,84169,547.92,failed,online,2025-09-13,NO
1,24729,84963,1534.77,failed,online,2025-09-13,NO
695,13816,85655,413.58,completed,online,2025-09-13,NO
1,15753,87060,295.65,completed,online,2025-09-13,NO
3806,21769,89498,1666.94,completed,online,2025-09-13,NO
2647,17154,89801,722.45,completed,online,2025-09-13,NO
2894,25812,90877,370.5,failed,online,2025-09-13,NO
1,49853,93238,1173.62,completed,online,2025-09-13,NO
3516,39408,94416,856.92,completed,online,2025-09-13,NO
4125,10697,96739,208.94,failed,online,2025-09-13,NO
1,8261,101336,1659.8,completed,online,2025-09-13,NO
1260,13338,101685,215.51,completed,online,2025-09-13,NO
1146,26258,102006,1606.04,completed,online,2025-09-13,NO
217,15922,103118,123.32,completed,online,2025-09-13,NO
1204,41877,113622,1527.71,failed,online,2025-09-13,NO
3140,45533,114655,1280.49,completed,online,2025-09-13,NO
1,3471,117529,1888.89,failed,online,2025-09-13,NO
959,45051,119437,1435.27,completed,online,2025-09-13,NO
1012,31504,120613,1129.09,failed,online,2025-09-13,NO
3527,3503,121334,597.96,failed,UNKNOWN,2025-09-13,NO
2267,42532,122230,246.24,completed,online,2025-09-13,NO
4500,35864,123424,1948.65,completed,online,2025-09-13,NO
4593,32742,128156,264.13,completed,online,2025-09-13,NO
1596,4937,128980,292.72,completed,online,2025-09-13,NO
1639,46521,130336,1488.83,failed,online,2025-09-13,NO
1,16737,132066,1103.63,failed,online,2025-09-13,NO
1,29722,132512,1901.05,completed,online,2025-09-13,NO
2210,33712,132913,1799.78,failed,online,2025-09-13,NO
398,16803,134361,877.51,failed,online,2025-09-13,NO
1049,8595,138724,1810.22,completed,online,2025-09-13,NO
1,43335,140309,646.92,completed,online,2025-09-13,NO
1806,7552,143891,443.38,completed,online,2025-09-13,NO
3128,22265,144881,1742.31,completed,online,2025-09-13,NO
925,9635,149733,1480.04,completed,online,2025-09-13,NO
1,8773,43,1955.59,failed,UNKNOWN,2025-02-01,NO
9,23762,1251,640.25,completed,online,2025-02-01,NO
3820,10498,3676,1292.1,failed,online,2025-02-01,NO
3392,25369,4425,1007.28,failed,online,2025-02-01,NO
1500,36015,4870,46.7,completed,online,2025-02-01,NO
679,13076,5189,1916.4,failed,online,2025-02-01,NO
4846,85,5743,1438.96,completed,online,2025-02-01,NO
1,48395,8578,915.63,failed,online,2025-02-01,NO
4426,22521,11504,1088.77,failed,online,2025-02-01,NO
1912,4091,13518,679.18,completed,online,2025-02-01,NO
2973,22746,16116,1208.06,failed,online,2025-02-01,NO
1430,14051,17732,414.41,completed,online,2025-02-01,NO
2001,16772,18721,273.92,completed,online,2025-02-01,NO
1404,25162,19608,521.28,failed,online,2025-02-01,NO
4690,10410,22170,1459.66,completed,online,2025-02-01,NO
3390,20461,22936,1626.42,completed,online,2025-02-01,NO
2668,25013,24175,199.5,completed,online,2025-02-01,NO
117,43877,25759,1236.23,failed,online,2025-02-01,NO
787,36968,26664,149.23,failed,online,2025-02-01,NO
2424,20775,29571,1063.14,failed,online,2025-02-01,NO
2922,17826,33921,306.98,failed,online,2025-02-01,NO
1,18755,39022,976.61,failed,online,2025-02-01,NO
304,19712,39045,213.96,failed,online,2025-02-01,NO
1441,48335,40078,19.8,failed,online,2025-02-01,NO
3384,16580,44930,1638.06,failed,online,2025-02-01,NO
1741,47678,45283,932.84,failed,online,2025-02-01,NO
1450,3662,47459,732.1,failed,online,2025-02-01,NO
4217,31695,50763,986.92,failed,online,2025-02-01,NO
2266,28431,51367,378.67,failed,online,2025-02-01,NO
3676,37156,51416,1032.57,completed,online,2025-02-01,NO
2070,8051,51764,808.21,completed,online,2025-02-01,NO
4502,3334,53478,186.94,failed,online,2025-02-01,NO
2422,22902,54291,1289.31,completed,UNKNOWN,2025-02-01,NO
616,27504,55710,37.25,completed,online,2025-02-01,NO
3086,11620,59026,748.07,failed,online,2025-02-01,NO
1318,21535,59217,1765.28,failed,online,2025-02-01,NO
4719,29950,59550,1738.36,completed,online,2025-02-01,NO
2819,19516,59853,1800.31,completed,online,2025-02-01,NO
284,19051,62066,1276.78,completed,online,2025-02-01,NO
1215,21933,63398,703.45,failed,online,2025-02-01,NO
2314,47062,65157,1916.42,failed,online,2025-02-01,NO
737,23132,66709,435.85,failed,online,2025-02-01,NO
1449,48921,68831,242.04,completed,online,2025-02-01,NO
4116,41050,69488,1701.07,completed,online,2025-02-01,NO
1725,27298,71716,288.89,failed,online,2025-02-01,NO
1605,40138,81861,1612.77,failed,online,2025-02-01,NO
1230,47709,82695,573.49,failed,online,2025-02-01,NO
1,30344,85359,1484.62,completed,online,2025-02-01,NO
3859,6396,86327,1922.19,failed,online,2025-02-01,NO
3670,34663,87517,508.6,failed,UNKNOWN,2025-02-01,NO
4601,36989,87771,1765.44,failed,online,2025-02-01,NO
1,29999,89097,1732.68,failed,online,2025-02-01,NO
1638,30300,90808,661.61,completed,online,2025-02-01,NO
1426,48723,96009,1272.49,failed,online,2025-02-01,NO
2244,30938,96274,816.17,completed,online,2025-02-01,NO
1287,30411,97932,1096.13,completed,online,2025-02-01,NO
861,32260,99481,1914.7,failed,online,2025-02-01,NO
1,20247,99707,40.03,failed,online,2025-02-01,NO
1,3895,104071,828.72,completed,UNKNOWN,2025-02-01,NO
1,14357,106084,1246.7,failed,online,2025-02-01,NO
986,767,107584,1956.58,completed,online,2025-02-01,NO
1,11002,108054,1637.74,completed,online,2025-02-01,NO
3350,27468,110745,1209.52,completed,online,2025-02-01,NO
3572,15860,112712,725.01,failed,online,2025-02-01,NO
112,6326,114324,704.98,completed,online,2025-02-01,NO
1,3081,114864,306.92,completed,online,2025-02-01,NO
234,17249,115408,1625.89,failed,online,2025-02-01,NO
2212,27909,116948,1860.29,failed,online,2025-02-01,NO
1353,9597,120326,1041.71,failed,online,2025-02-01,NO
4366,9268,124033,100.84,failed,online,2025-02-01,NO
1976,25290,125885,644.77,failed,online,2025-02-01,NO
3456,16446,127843,261.0,completed,online,2025-02-01,NO
1,34325,127930,1904.25,completed,online,2025-02-01,NO
2299,15534,129022,1117.84,completed,online,2025-02-01,NO
4755,43058,129323,1897.08,completed,online,2025-02-01,NO
362,49049,132175,1051.7,completed,online,2025-02-01,NO
533,35683,134738,894.97,failed,online,2025-02-01,NO
2024,17309,136218,1725.91,completed,online,2025-02-01,NO
1,35074,139718,1243.99,completed,online,2025-02-01,NO
1598,33152,143629,531.06,failed,online,2025-02-01,NO
2443,19120,143998,589.79,completed,online,2025-02-01,NO
3496,25879,146403,942.47,failed,online,2025-02-01,NO
1524,10653,147622,356.78,completed,online,2025-02-01,NO
3536,16934,346,1692.01,failed,online,2025-12-17,NO
1,956,384,1307.19,failed,online,2025-12-17,NO
2933,31854,2169,1458.08,failed,online,2025-12-17,NO
2488,23311,4203,1131.05,completed,online,2025-12-17,NO
1616,17345,8037,1465.6,failed,online,2025-12-17,NO
3422,29221,9700,1721.61,failed,online,2025-12-17,NO
3917,25115,10165,1394.77,completed,online,2025-12-17,NO
188,15226,12513,1118.43,completed,online,2025-12-17,NO
230,9573,14283,527.93,completed,online,2025-12-17,NO
1721,13500,17204,1791.06,completed,online,2025-12-17,NO
3085,17374,19569,1581.27,failed,online,2025-12-17,NO
988,7410,26048,1286.8,completed,online,2025-12-17,NO
3983,8414,27036,1277.55,failed,online,2025-12-17,NO
2053,27457,28652,665.98,failed,online,2025-12-17,NO
3641,7712,31134,1670.33,failed,online,2025-12-17,NO
3650,26507,31929,387.56,failed,online,2025-12-17,NO
1,37012,33919,1073.22,failed,online,2025-12-17,NO
3473,17787,40796,1920.24,completed,online,2025-12-17,NO
3480,46306,41869,1758.26,completed,online,2025-12-17,NO
3298,46951,43417,400.87,completed,online,2025-12-17,NO
1,2525,44595,61.8,failed,online,2025-12-17,NO
1,42067,49834,263.23,failed,online,2025-12-17,NO
1483,16663,49867,697.7,completed,online,2025-12-17,NO
415,10952,50467,885.55,failed,online,2025-12-17,NO
1,5557,59795,167.73,failed,online,2025-12-17,NO
1,1997,61183,1652.38,failed,online,2025-12-17,NO
3484,13732,67652,813.43,completed,online,2025-12-17,NO
4101,34208,67653,1428.98,failed,online,2025-12-17,NO
1047,16880,71139,865.88,completed,online,2025-12-17,NO
1442,49478,72431,1835.05,failed,online,2025-12-17,NO
1702,40991,73686,54.33,failed,online,2025-12-17,NO
251,28688,76109,1797.76,failed,online,2025-12-17,NO
2021,692,76684,1643.81,completed,online,2025-12-17,NO
2275,12190,77766,1998.88,failed,online,2025-12-17,NO
297,10184,78983,356.66,completed,online,2025-12-17,NO
1370,8144,82966,657.22,completed,online,2025-12-17,NO
1,34863,85383,1407.52,failed,online,2025-12-17,NO
2316,36659,86090,1865.32,failed,online,2025-12-17,NO
3444,11896,88355,771.21,completed,online,2025-12-17,NO
1,17510,88554,1920.14,failed,online,2025-12-17,NO
4722,34408,91924,1116.03,failed,online,2025-12-17,NO
3683,23850,92145,1877.23,failed,online,2025-12-17,NO
1765,3273,93596,26.64,failed,online,2025-12-17,NO
1756,32058,94645,777.09,failed,online,2025-12-17,NO
971,43597,94857,230.91,failed,online,2025-12-17,NO
589,48318,95907,655.93,failed,online,2025-12-17,NO
3987,21723,96006,1275.08,failed,online,2025-12-17,NO
1157,28308,98759,522.27,completed,online,2025-12-17,NO
569,39869,99468,302.28,failed,online,2025-12-17,NO
4080,3196,100020,1744.23,completed,online,2025-12-17,NO
3275,8391,100749,386.69,failed,online,2025-12-17,NO
4764,21045,101400,1254.83,completed,online,2025-12-17,NO
3342,34113,104364,1186.68,failed,online,2025-12-17,NO
4632,32070,106922,1682.01,completed,online,2025-12-17,NO
3349,47669,107417,1572.01,completed,online,2025-12-17,NO
474,32971,108116,1156.06,completed,online,2025-12-17,NO
462,31159,108220,790.7,failed,online,2025-12-17,NO
2478,2961,108474,676.28,failed,online,2025-12-17,NO
1,28618,110115,61.06,completed,online,2025-12-17,NO
4139,10399,112254,1236.92,completed,online,2025-12-17,NO
1,39413,112914,1725.55,completed,online,2025-12-17,NO
2738,42104,113651,886.37,completed,UNKNOWN,2025-12-17,NO
1636,1356,115568,20.46,completed,online,2025-12-17,NO
2753,37302,120333,1124.82,failed,online,2025-12-17,NO
4570,12013,120801,126.17,failed,online,2025-12-17,NO
3953,44482,122091,276.01,completed,online,2025-12-17,NO
804,2370,122305,1716.7,completed,online,2025-12-17,NO
4182,28867,127785,271.99,completed,online,2025-12-17,NO
446,26707,129661,1412.21,completed,online,2025-12-17,NO
1,20037,129688,310.71,failed,online,2025-12-17,NO
1,26230,130666,920.37,failed,online,2025-12-17,NO
3989,44601,131624,747.54,failed,online,2025-12-17,NO
1,25548,132019,868.47,failed,online,2025-12-17,NO
3221,21301,132240,143.68,failed,online,2025-12-17,NO
1678,5469,133205,1927.17,completed,online,2025-12-17,NO
4533,26108,133404,1749.05,completed,online,2025-12-17,NO
2460,48843,134681,1678.83,completed,online,2025-12-17,NO
1,23045,136211,1009.05,failed,online,2025-12-17,NO
3708,17284,139326,816.1,completed,online,2025-12-17,NO
3355,35540,139450,1996.87,failed,online,2025-12-17,NO
1,28667,139728,66.02,failed,online,2025-12-17,NO
4530,21153,139788,719.34,completed,online,2025-12-17,NO
1,23606,144870,499.4,completed,online,2025-12-17,NO
3045,29668,1688,1034.15,failed,online,2025-08-08,NO
1095,26766,4297,388.03,completed,online,2025-08-08,NO
1,18318,6249,1645.9,failed,online,2025-08-08,NO
3223,30227,6798,666.39,completed,online,2025-08-08,NO
1,14408,6906,1029.1,completed,online,2025-08-08,NO
883,17773,7911,495.1,completed,online,2025-08-08,NO
3807,29790,8108,1908.49,completed,online,2025-08-08,NO
1258,17977,8321,1562.14,completed,online,2025-08-08,NO
1,18483,10147,1057.62,failed,online,2025-08-08,NO
2417,35252,20737,1874.65,completed,online,2025-08-08,NO
4037,45771,21221,1809.29,failed,online,2025-08-08,NO
2656,22024,21757,1860.27,failed,online,2025-08-08,NO
4016,27765,23049,723.61,failed,online,2025-08-08,NO
1105,8826,23904,1971.77,completed,online,2025-08-08,NO
2371,15280,24700,964.66,completed,online,2025-08-08,NO
4330,34535,24832,1091.52,completed,online,2025-08-08,NO
75,23081,27199,586.22,failed,online,2025-08-08,NO
3280,8695,27225,105.81,failed,online,2025-08-08,NO
1,24521,31567,1404.78,completed,online,2025-08-08,NO
3216,29053,33830,621.3,failed,online,2025-08-08,NO
2508,47493,33981,774.38,completed,online,2025-08-08,NO
2857,1833,35289,939.72,failed,online,2025-08-08,NO
208,18027,36073,5488.716039986177,failed,online,2025-08-08,NO
2914,15431,40587,1164.37,completed,online,2025-08-08,NO
1,35730,41242,1844.34,completed,online,2025-08-08,NO
2761,22388,45854,1350.93,failed,online,2025-08-08,NO
1,155,47433,145.15,completed,online,2025-08-08,NO
2356,40217,48257,1938.92,failed,online,2025-08-08,NO
1410,4445,49815,560.66,completed,online,2025-08-08,NO
4537,11592,50541,1596.32,completed,online,2025-08-08,NO
310,25941,53410,1370.58,failed,online,2025-08-08,NO
1,25668,55079,1405.31,failed,online,2025-08-08,NO
2087,38868,55150,307.14,failed,online,2025-08-08,NO
1694,19572,56996,680.21,failed,online,2025-08-08,NO
1,48309,59135,1047.17,completed,online,2025-08-08,NO
3482,11632,64123,1806.8,completed,online,2025-08-08,NO
2632,5908,65713,439.41,completed,online,2025-08-08,NO
1097,6191,66781,1927.78,completed,online,2025-08-08,NO
1,35536,67053,1375.86,completed,online,2025-08-08,NO
1438,17810,68079,438.4,failed,online,2025-08-08,NO
3640,49959,72992,1831.9,completed,online,2025-08-08,NO
1,40106,79311,1802.64,failed,online,2025-08-08,NO
4051,23773,79976,1794.03,failed,online,2025-08-08,NO
3519,40688,81122,921.71,completed,online,2025-08-08,NO
3627,7719,83802,89.94,failed,online,2025-08-08,NO
1,38232,84597,1318.63,completed,online,2025-08-08,NO
2088,22480,85341,1294.95,completed,online,2025-08-08,NO
1,20230,86831,700.4,failed,online,2025-08-08,NO
3538,3160,88026,1086.97,failed,online,2025-08-08,NO
325,16255,90655,189.13,completed,online,2025-08-08,NO
4507,47801,91613,1592.29,completed,online,2025-08-08,NO
1354,30720,94030,67.11,completed,online,2025-08-08,NO
2989,35191,95666,1131.93,failed,online,2025-08-08,NO
3069,46624,96474,603.13,completed,online,2025-08-08,NO
4553,34953,97352,1081.04,completed,online,2025-08-08,NO
4339,19365,97403,1754.21,failed,online,2025-08-08,NO
1212,43207,97512,415.43,completed,online,2025-08-08,NO
1,22608,99025,155.97,failed,online,2025-08-08,NO
1447,9208,103242,476.08,completed,online,2025-08-08,NO
300,10687,106592,1155.44,failed,online,2025-08-08,NO
1,47723,111498,1845.07,failed,online,2025-08-08,NO
3654,34059,112056,1798.39,completed,online,2025-08-08,NO
1450,44219,116743,915.85,failed,online,2025-08-08,NO
1850,2989,120490,396.58,completed,online,2025-08-08,NO
3451,10419,124521,736.9,failed,online,2025-08-08,NO
3489,28890,125808,1688.83,failed,online,2025-08-08,NO
4442,45710,129306,1567.11,failed,online,2025-08-08,NO
2198,49662,129595,212.48,completed,online,2025-08-08,NO
4557,42538,130037,859.77,completed,online,2025-08-08,NO
1646,38964,134810,444.85,completed,online,2025-08-08,NO
1185,12482,135248,684.99,completed,online,2025-08-08,NO
2383,13212,136281,797.77,failed,online,2025-08-08,NO
4260,43051,138087,99.27,completed,online,2025-08-08,NO
2028,43023,138902,419.52,completed,online,2025-08-08,NO
376,12194,139045,381.82,completed,online,2025-08-08,NO
758,1938,139831,346.25,completed,online,2025-08-08,NO
1493,25305,140785,1958.57,completed,online,2025-08-08,NO
4386,36274,141158,554.35,failed,online,2025-08-08,NO
2339,15032,143338,1164.97,failed,online,2025-08-08,NO
1453,4217,145163,719.11,completed,online,2025-08-08,NO
1,45825,147780,1340.35,completed,online,2025-08-08,NO
4354,6984,148574,1044.41,failed,online,2025-08-08,NO
3949,39495,502,1617.25,completed,online,2025-07-17,NO
4732,29332,884,237.53,failed,online,2025-07-17,NO
4147,31306,1815,597.3,completed,online,2025-07-17,NO
1,36709,2077,274.6,failed,online,2025-07-17,NO
4354,43787,2403,1180.17,completed,online,2025-07-17,NO
1331,23668,3251,1532.49,completed,online,2025-07-17,NO
671,28134,6085,1865.85,failed,online,2025-07-17,NO
981,18331,6770,1885.1,completed,online,2025-07-17,NO
681,14258,11742,1456.14,completed,online,2025-07-17,NO
1665,26831,11995,1246.69,failed,online,2025-07-17,NO
2342,19951,13115,406.96,completed,online,2025-07-17,NO
1520,19980,14484,715.84,failed,online,2025-07-17,NO
1,17340,14573,765.48,failed,online,2025-07-17,NO
4803,14994,14602,651.3,completed,online,2025-07-17,NO
3983,40436,15751,83.92,failed,online,2025-07-17,NO
857,6206,16161,541.16,completed,online,2025-07-17,NO
3923,3716,18089,1096.33,failed,online,2025-07-17,NO
628,37139,19333,1172.08,completed,online,2025-07-17,NO
3459,29457,22351,210.18,completed,online,2025-07-17,NO
953,6095,22427,1125.05,completed,online,2025-07-17,NO
2010,20262,23903,894.33,completed,online,2025-07-17,NO
2693,21328,24618,1396.02,completed,online,2025-07-17,NO
2587,17913,24919,1315.32,completed,online,2025-07-17,NO
4060,22484,27404,364.11,failed,online,2025-07-17,NO
4980,28761,27861,1601.99,completed,online,2025-07-17,NO
3319,13242,31132,487.34,failed,online,2025-07-17,NO
1972,19410,36780,546.04,completed,online,2025-07-17,NO
374,7097,37127,1979.89,completed,online,2025-07-17,NO
3037,34848,38537,778.87,failed,online,2025-07-17,NO
3637,39189,39678,1155.77,failed,online,2025-07-17,NO
1,42189,40895,1640.92,failed,online,2025-07-17,NO
1316,28313,42295,1748.72,failed,online,2025-07-17,NO
1,17316,45262,1605.52,completed,online,2025-07-17,NO
518,22846,45679,579.95,completed,online,2025-07-17,NO
912,33335,45986,990.21,failed,online,2025-07-17,NO
2804,12087,47902,1477.09,completed,UNKNOWN,2025-07-17,NO
986,11722,49110,1257.51,completed,online,2025-07-17,NO
2332,40542,51804,361.01,completed,online,2025-07-17,NO
1823,11003,54251,1457.45,completed,online,2025-07-17,NO
4946,28741,58644,1473.1,completed,online,2025-07-17,NO
1764,11032,59865,1656.97,failed,online,2025-07-17,NO
62,5830,59917,1138.77,completed,online,2025-07-17,NO
4733,44778,60809,1587.23,failed,online,2025-07-17,NO
2270,27734,62068,1933.85,failed,online,2025-07-17,NO
3744,37384,73232,1402.84,completed,online,2025-07-17,NO
4422,48862,74874,1476.65,completed,online,2025-07-17,NO
174,5873,75867,1127.48,failed,online,2025-07-17,NO
1,2494,77109,1490.91,failed,online,2025-07-17,NO
1,24455,78396,430.26,failed,online,2025-07-17,NO
2720,2111,79176,1866.51,completed,online,2025-07-17,NO
255,44308,84284,6549.142775506597,failed,online,2025-07-17,NO
1135,46489,90839,1505.48,completed,online,2025-07-17,NO
4933,42916,95123,1566.1,failed,online,2025-07-17,NO
77,44894,98048,1846.09,completed,online,2025-07-17,NO
3692,49451,98828,393.61,failed,online,2025-07-17,NO
342,35931,100076,1911.5,completed,online,2025-07-17,NO
3526,44861,101954,1613.49,completed,online,2025-07-17,NO
3796,37232,102091,1775.57,failed,online,2025-07-17,NO
380,37848,103099,37.61,failed,online,2025-07-17,NO
2069,13558,109706,1584.24,completed,online,2025-07-17,NO
2153,729,113645,1900.31,completed,online,2025-07-17,NO
1182,38246,115115,1215.92,failed,online,2025-07-17,NO
1,24388,115252,198.57,completed,online,2025-07-17,NO
2743,6331,115262,1371.87,failed,online,2025-07-17,NO
319,10394,117769,1320.55,completed,online,2025-07-17,NO
1,47171,119760,585.25,failed,online,2025-07-17,NO
262,25543,121543,979.36,failed,online,2025-07-17,NO
1200,14543,122227,435.3,completed,online,2025-07-17,NO
2370,48999,124244,1289.83,failed,online,2025-07-17,NO
268,5,125517,1912.2,completed,online,2025-07-17,NO
1084,30661,127887,99.82,failed,online,2025-07-17,NO
3661,25050,130763,1141.79,failed,online,2025-07-17,NO
1,34320,130861,1397.62,failed,online,2025-07-17,NO
1,3768,134546,1752.07,failed,online,2025-07-17,NO
1,12216,134709,525.98,completed,online,2025-07-17,NO
442,10743,135466,1855.69,failed,online,2025-07-17,NO
1,34812,136245,653.01,completed,online,2025-07-17,NO
2501,10227,137330,190.61,completed,online,2025-07-17,NO
1,47441,141489,123.42,completed,online,2025-07-17,NO
671,13632,143984,1875.88,completed,online,2025-07-17,NO
1942,31939,144955,968.98,completed,online,2025-07-17,NO
3515,26215,149697,167.62,completed,online,2025-07-17,NO
2169,9765,1473,939.71,failed,online,2025-05-04,NO
1206,20513,3572,1467.93,completed,online,2025-05-04,NO
4497,33775,4441,1441.96,failed,online,2025-05-04,NO
3249,27399,5667,1050.44,completed,online,2025-05-04,NO
3668,49978,7427,1187.05,completed,online,2025-05-04,NO
3461,25447,14979,1863.6,completed,online,2025-05-04,NO
1000,32611,16726,837.98,failed,online,2025-05-04,NO
1819,6098,17570,1615.83,completed,online,2025-05-04,NO
1,11031,17594,1104.83,failed,online,2025-05-04,NO
3001,11426,18027,1188.11,failed,online,2025-05-04,NO
2726,33359,21565,1280.47,failed,online,2025-05-04,NO
303,41858,24145,67.13,completed,online,2025-05-04,NO
4588,36900,25643,109.08,failed,online,2025-05-04,NO
1,2373,30578,1989.07,failed,online,2025-05-04,NO
1,13586,34618,1627.16,completed,online,2025-05-04,NO
3280,20148,35545,1152.35,completed,online,2025-05-04,NO
112,2482,35645,463.59,completed,online,2025-05-04,NO
3495,28814,38001,702.58,completed,online,2025-05-04,NO
203,35873,38512,572.78,completed,online,2025-05-04,NO
1731,18880,39475,1673.01,completed,online,2025-05-04,NO
4420,48679,42462,1224.62,completed,UNKNOWN,2025-05-04,NO
1394,15076,44494,737.5,completed,online,2025-05-04,NO
1,18841,46580,1216.74,failed,online,2025-05-04,NO
1,7251,46670,270.41,completed,online,2025-05-04,NO
4471,30937,47163,990.68,failed,online,2025-05-04,NO
4863,44942,51676,1644.52,completed,online,2025-05-04,NO
1,3632,52008,1874.41,completed,online,2025-05-04,NO
9,41161,52377,123.92,completed,online,2025-05-04,NO
1806,28764,53088,1998.52,failed,online,2025-05-04,NO
3300,41803,55556,1754.12,completed,online,2025-05-04,NO
2528,15852,58361,1658.71,completed,online,2025-05-04,NO
4706,6024,58602,1881.32,failed,online,2025-05-04,NO
2776,12509,58886,785.19,completed,online,2025-05-04,NO
4812,18059,59068,1865.45,failed,online,2025-05-04,NO
1425,32675,60847,1593.38,failed,online,2025-05-04,NO
1101,30231,62404,7262.794398311064,failed,online,2025-05-04,NO
1,11261,64270,1640.74,failed,online,2025-05-04,NO
1,6034,64300,1590.63,completed,online,2025-05-04,NO
2275,39828,65388,1466.31,completed,online,2025-05-04,NO
1,49788,65460,1226.72,failed,online,2025-05-04,NO
3598,3991,65676,800.66,failed,online,2025-05-04,NO
1227,6532,65857,1457.62,completed,online,2025-05-04,NO
4000,20232,69465,1654.32,completed,online,2025-05-04,NO
3260,6064,70103,1727.52,failed,online,2025-05-04,NO
1,39434,70888,669.01,failed,online,2025-05-04,NO
1591,35373,74499,1579.52,failed,online,2025-05-04,NO
1,28847,75653,235.35,completed,online,2025-05-04,NO
1538,48764,78314,1575.08,failed,online,2025-05-04,NO
3201,36745,80631,1428.36,failed,online,2025-05-04,NO
1,19758,81654,1188.72,failed,online,2025-05-04,NO
3641,5336,83780,248.47,failed,online,2025-05-04,NO
412,28367,88453,833.32,failed,online,2025-05-04,NO
2679,10050,88591,1880.07,failed,online,2025-05-04,NO
1,3468,92286,681.88,completed,online,2025-05-04,NO
4234,31012,93294,313.4,completed,online,2025-05-04,NO
4196,38189,96386,1278.18,completed,online,2025-05-04,NO
1,38794,96538,1529.43,failed,online,2025-05-04,NO
1835,40642,99874,568.69,failed,online,2025-05-04,NO
1031,34876,106895,197.09,completed,online,2025-05-04,NO
2035,41643,107315,216.97,completed,online,2025-05-04,NO
4198,44596,108512,1176.61,completed,online,2025-05-04,NO
4097,33164,112701,1521.67,failed,online,2025-05-04,NO
1,9756,113293,961.71,completed,online,2025-05-04,NO
332,16994,114222,1773.64,failed,online,2025-05-04,NO
1565,23531,115038,386.14,completed,online,2025-05-04,NO
2642,16863,117507,1775.47,failed,online,2025-05-04,NO
1,9426,119337,233.19,completed,online,2025-05-04,NO
510,42128,121539,1600.19,failed,online,2025-05-04,NO
88,9276,124741,1060.5,completed,online,2025-05-04,NO
1,33300,125450,1598.95,completed,online,2025-05-04,NO
1,28032,128740,1406.22,failed,online,2025-05-04,NO
1339,36598,131209,1364.62,completed,online,2025-05-04,NO
1,19639,133195,1257.53,failed,online,2025-05-04,NO
2374,29452,133734,1028.14,completed,UNKNOWN,2025-05-04,NO
4390,13741,134300,1541.59,failed,online,2025-05-04,NO
1811,22511,138044,615.57,completed,online,2025-05-04,NO
2545,23011,138595,161.18,completed,online,2025-05-04,NO
1312,40631,139708,1335.75,failed,online,2025-05-04,NO
1,43610,140527,1157.49,failed,online,2025-05-04,NO
1,5968,142498,1297.37,completed,online,2025-05-04,NO
4784,23554,143883,1758.1,failed,online,2025-05-04,NO
4538,45303,145033,5411.754737002403,failed,online,2025-05-04,NO
2155,48486,1695,870.56,failed,online,2025-11-11,NO
1,48957,3404,1668.76,completed,online,2025-11-11,NO
3039,39949,4594,1280.92,completed,online,2025-11-11,NO
4332,24657,5679,199.82,completed,online,2025-11-11,NO
1,35294,11502,1467.74,failed,online,2025-11-11,NO
3536,22884,11935,170.96,completed,online,2025-11-11,NO
130,31522,13011,1374.16,failed,online,2025-11-11,NO
3093,24575,18148,903.33,completed,online,2025-11-11,NO
3485,15430,24399,150.5,failed,online,2025-11-11,NO
1,6054,24653,773.12,failed,online,2025-11-11,NO
3770,19989,26001,805.24,failed,online,2025-11-11,NO
1850,1257,29026,1343.96,failed,online,2025-11-11,NO
1163,11502,30019,1407.78,failed,online,2025-11-11,NO
4758,30566,30094,444.99,completed,online,2025-11-11,NO
1505,22116,31715,369.04,completed,online,2025-11-11,NO
798,6357,32295,1365.35,completed,online,2025-11-11,NO
2845,39689,34562,196.47,failed,online,2025-11-11,NO
4018,37241,35057,985.86,completed,online,2025-11-11,NO
1461,3221,36922,1144.62,failed,online,2025-11-11,NO
3230,25177,37697,1502.82,completed,online,2025-11-11,NO
4426,42189,39041,1019.29,failed,online,2025-11-11,NO
2817,3817,41225,1356.2,completed,online,2025-11-11,NO
78,39079,41803,113.1,completed,online,2025-11-11,NO
1973,42046,44464,56.26,completed,UNKNOWN,2025-11-11,NO
1310,34146,48779,1020.04,completed,online,2025-11-11,NO
3325,11380,51247,583.04,completed,online,2025-11-11,NO
2760,9158,56670,1145.4,completed,online,2025-11-11,NO
1,16334,56827,766.02,completed,online,2025-11-11,NO
1,12585,61103,1093.6,completed,online,2025-11-11,NO
4265,26913,68300,398.28,completed,online,2025-11-11,NO
1,42079,69020,1310.89,failed,online,2025-11-11,NO
1,8191,70075,828.39,failed,online,2025-11-11,NO
661,5720,75585,1778.35,completed,online,2025-11-11,NO
1162,22735,76372,127.11,failed,online,2025-11-11,NO
1,40229,79497,1525.52,failed,online,2025-11-11,NO
2443,31804,83382,361.15,completed,online,2025-11-11,NO
3970,42857,83970,714.94,completed,online,2025-11-11,NO
2240,33951,84049,667.61,failed,online,2025-11-11,NO
1878,19812,84756,902.68,completed,online,2025-11-11,NO
3272,33902,84849,1483.06,completed,online,2025-11-11,NO
1174,39067,85627,1125.34,completed,online,2025-11-11,NO
449,42146,85889,424.73,failed,online,2025-11-11,NO
3925,36369,86241,90.47,completed,online,2025-11-11,NO
1040,24006,86402,1868.26,failed,online,2025-11-11,NO
1782,34117,90148,1146.84,completed,online,2025-11-11,NO
4865,15357,90914,55.73,failed,online,2025-11-11,NO
3423,36630,91292,982.08,completed,online,2025-11-11,NO
3308,14904,93659,1587.45,completed,online,2025-11-11,NO
1,43050,94764,1238.47,failed,online,2025-11-11,NO
3580,41836,96231,392.53,failed,online,2025-11-11,NO
2233,102,97965,73.8,completed,online,2025-11-11,NO
3708,27469,102566,1455.67,failed,online,2025-11-11,NO
823,41569,103039,495.63,completed,online,2025-11-11,NO
2226,21551,112186,1782.42,failed,online,2025-11-11,NO
414,6003,113386,839.95,completed,online,2025-11-11,NO
4198,17813,113527,1386.42,completed,online,2025-11-11,NO
3958,41215,113700,25.24,failed,online,2025-11-11,NO
776,39815,114917,348.03,completed,online,2025-11-11,NO
4888,18493,117320,1611.33,failed,online,2025-11-11,NO
1,24942,118915,547.52,completed,UNKNOWN,2025-11-11,NO
2230,30499,120999,1611.45,failed,online,2025-11-11,NO
1,42692,126505,984.08,failed,online,2025-11-11,NO
27,674,126791,1203.95,completed,online,2025-11-11,NO
1,5016,127436,847.79,failed,online,2025-11-11,NO
1554,38464,129129,5513.445674874589,completed,online,2025-11-11,NO
1359,30450,129629,46.65,failed,online,2025-11-11,NO
1,43080,137348,296.97,completed,online,2025-11-11,NO
3064,23853,137462,81.51,failed,online,2025-11-11,NO
1,7684,138135,1917.7,failed,online,2025-11-11,NO
3720,45319,138868,1777.72,failed,online,2025-11-11,NO
661,20769,138876,671.28,completed,online,2025-11-11,NO
4810,36493,139725,1078.77,completed,online,2025-11-11,NO
1247,12708,140836,1365.85,completed,online,2025-11-11,NO
1,4454,141254,1309.28,failed,online,2025-11-11,NO
4438,9046,141998,112.36,completed,online,2025-11-11,NO
522,32808,143165,1384.41,failed,online,2025-11-11,NO
245,3856,143394,9083.907093286343,failed,online,2025-11-11,NO
3570,37566,146093,897.65,completed,online,2025-11-11,NO
1,28710,147044,973.17,failed,online,2025-11-11,NO
4869,2065,147086,1392.03,failed,online,2025-11-11,NO
1,11594,147735,795.12,completed,online,2025-11-11,NO
4814,44826,149720,1072.5,completed,online,2025-11-11,NO
