product_id,customer_id,transaction_id,amount,status,channel,transaction_date,fraud_flag
4908,33442,4237,274.4,completed,online,2025-12-26,NO
3277,40463,8683,1062.43,failed,online,2025-12-26,NO
4041,33333,11527,164.67,failed,online,2025-12-26,NO
3543,39891,13271,1288.34,failed,online,2025-12-26,NO
4505,9419,14499,1759.56,failed,online,2025-12-26,NO
4773,20697,15928,1352.47,completed,online,2025-12-26,NO
4810,6162,16981,1223.44,failed,online,2025-12-26,NO
813,40893,17336,1845.76,failed,online,2025-12-26,NO
475,18246,18588,1324.55,completed,online,2025-12-26,NO
2403,28836,20232,1566.8,failed,online,2025-12-26,NO
1,8915,20412,747.38,failed,online,2025-12-26,NO
1337,3021,23470,1990.85,failed,UNKNOWN,2025-12-26,NO
129,26955,24916,519.95,completed,online,2025-12-26,NO
4833,22594,25542,1121.91,completed,online,2025-12-26,NO
4986,35312,26858,1613.99,completed,online,2025-12-26,NO
3531,24929,27996,1133.48,completed,online,2025-12-26,NO
1,942,29728,1116.54,failed,online,2025-12-26,NO
1316,6641,30143,709.87,completed,online,2025-12-26,NO
1096,4432,32335,191.3,completed,online,2025-12-26,NO
1190,24231,33323,1657.31,completed,online,2025-12-26,NO
4572,8798,35218,1658.2,failed,online,2025-12-26,NO
2447,49727,39202,1499.92,failed,online,2025-12-26,NO
1,22960,42532,422.75,failed,online,2025-12-26,NO
1850,13695,43150,322.25,completed,online,2025-12-26,NO
78,37352,43623,65.88,completed,online,2025-12-26,NO
1,5176,47213,1520.06,failed,online,2025-12-26,NO
3025,38691,49433,658.02,completed,online,2025-12-26,NO
1,42344,59367,1335.65,completed,online,2025-12-26,NO
224,47837,61029,1542.37,failed,online,2025-12-26,NO
3402,46090,61515,1504.19,completed,online,2025-12-26,NO
148,36301,64208,1331.41,failed,UNKNOWN,2025-12-26,NO
1888,8131,65428,1718.53,completed,online,2025-12-26,NO
3811,4162,66323,76.96,completed,online,2025-12-26,NO
3007,27080,66682,499.03,completed,online,2025-12-26,NO
1,24878,69125,1795.14,failed,online,2025-12-26,NO
1,28109,70699,1676.55,completed,UNKNOWN,2025-12-26,NO
1097,5347,71022,1083.96,completed,online,2025-12-26,NO
3289,42282,71414,1120.36,completed,online,2025-12-26,NO
3925,31789,71739,1556.6,failed,UNKNOWN,2025-12-26,NO
724,32723,71805,1152.14,completed,online,2025-12-26,NO
4900,40252,72367,1596.6,failed,online,2025-12-26,NO
1566,40859,75658,1195.56,failed,online,2025-12-26,NO
3941,2693,76582,526.95,completed,online,2025-12-26,NO
3639,1420,77965,1382.28,failed,online,2025-12-26,NO
1780,45737,81081,106.61,completed,online,2025-12-26,NO
69,6825,81514,1469.4,failed,online,2025-12-26,NO
2031,10260,82954,1473.0,completed,online,2025-12-26,NO
3888,44174,83712,335.55,completed,online,2025-12-26,NO
512,4122,84586,704.47,completed,online,2025-12-26,NO
4956,23784,85959,1385.19,failed,online,2025-12-26,NO
1023,22890,90054,385.06,failed,online,2025-12-26,NO
2077,14043,92233,1653.15,failed,online,2025-12-26,NO
1702,3384,94613,830.59,completed,online,2025-12-26,NO
3164,37027,94855,1240.28,completed,online,2025-12-26,NO
3582,49597,95361,1438.38,completed,online,2025-12-26,NO
1,1100,95705,877.98,failed,online,2025-12-26,NO
1765,11597,96096,985.37,failed,online,2025-12-26,NO
1,27653,97835,93.16,failed,online,2025-12-26,NO
3642,26602,99403,102.98,completed,online,2025-12-26,NO
4679,32370,99588,439.59,failed,online,2025-12-26,NO
3637,39213,101879,1424.0,failed,online,2025-12-26,NO
137,20260,104257,1059.32,completed,online,2025-12-26,NO
4938,35590,105075,1078.46,completed,online,2025-12-26,NO
3010,183,110382,745.99,failed,online,2025-12-26,NO
1430,10204,113956,1879.83,completed,UNKNOWN,2025-12-26,NO
3861,228,114608,322.72,failed,online,2025-12-26,NO
1447,9916,123581,472.62,completed,online,2025-12-26,NO
2052,5988,125809,1219.39,failed,online,2025-12-26,NO
1054,22803,126506,1977.47,completed,online,2025-12-26,NO
4996,6265,130152,1750.51,failed,online,2025-12-26,NO
752,39758,131794,620.52,completed,online,2025-12-26,NO
4971,44131,134384,369.91,completed,online,2025-12-26,NO
1,19972,134549,566.44,failed,online,2025-12-26,NO
1111,4713,140607,223.82,completed,UNKNOWN,2025-12-26,NO
4548,3975,142417,275.96,completed,online,2025-12-26,NO
1944,5928,146809,9087.343488192922,failed,online,2025-12-26,NO
1,13263,147037,1145.48,failed,online,2025-12-26,NO
1600,1279,149263,1452.34,failed,online,2025-12-26,NO
1,44982,7397,1093.19,failed,online,2025-10-27,NO
4814,43582,10343,1630.09,failed,online,2025-10-27,NO
1957,30207,10454,705.46,failed,online,2025-10-27,NO
3968,14679,10989,1989.02,failed,online,2025-10-27,NO
1861,43013,14982,1610.73,failed,online,2025-10-27,NO
1,16892,17449,809.33,completed,online,2025-10-27,NO
3432,1784,18402,574.16,failed,online,2025-10-27,NO
2392,36324,19895,55.8,failed,online,2025-10-27,NO
2793,41100,20376,1826.4,completed,online,2025-10-27,NO
1847,12614,23410,1996.46,failed,online,2025-10-27,NO
4426,39714,26356,1226.7,completed,online,2025-10-27,NO
394,39413,28415,1081.26,failed,online,2025-10-27,NO
2329,12252,29243,1899.49,failed,online,2025-10-27,NO
1,24688,31793,1264.37,failed,online,2025-10-27,NO
4458,17519,32966,1667.01,failed,online,2025-10-27,NO
1636,38599,34916,1051.97,completed,online,2025-10-27,NO
131,10686,39438,1919.69,completed,online,2025-10-27,NO
1898,16371,44251,37.32,completed,online,2025-10-27,NO
2673,18075,44903,698.88,completed,online,2025-10-27,NO
1,27862,46824,802.85,failed,online,2025-10-27,NO
2491,44771,51791,1774.03,completed,online,2025-10-27,NO
2346,48317,53915,1021.34,failed,online,2025-10-27,NO
4773,49923,57719,15.86,failed,online,2025-10-27,NO
4404,47893,59933,1600.39,completed,online,2025-10-27,NO
171,7443,61350,1093.8,failed,online,2025-10-27,NO
3584,18379,61851,1401.53,completed,online,2025-10-27,NO
4319,31995,64442,1723.04,failed,online,2025-10-27,NO
3202,20937,72183,1463.88,completed,online,2025-10-27,NO
1,30732,72770,1211.96,completed,online,2025-10-27,NO
1,357,76320,1443.55,completed,online,2025-10-27,NO
1,42601,76331,1279.5,completed,online,2025-10-27,NO
314,24220,76815,1846.46,completed,online,2025-10-27,NO
2280,37050,77643,1929.11,completed,online,2025-10-27,NO
1197,10953,82025,1374.06,completed,online,2025-10-27,NO
4164,23034,85711,602.64,failed,online,2025-10-27,NO
3442,49903,87113,564.24,failed,online,2025-10-27,NO
3363,24638,87206,1477.63,failed,online,2025-10-27,NO
3428,585,88500,1771.33,failed,online,2025-10-27,NO
46,14953,89172,300.23,failed,online,2025-10-27,NO
3537,2559,89491,1445.03,failed,online,2025-10-27,NO
3173,39109,90246,1167.36,failed,online,2025-10-27,NO
9,26887,91763,1541.0,failed,online,2025-10-27,NO
2098,17168,93776,252.73,completed,online,2025-10-27,NO
1355,20226,95289,1031.66,completed,online,2025-10-27,NO
1797,23789,100028,267.79,failed,online,2025-10-27,NO
945,14220,100298,1343.05,failed,online,2025-10-27,NO
660,8126,101314,1648.36,completed,online,2025-10-27,NO
3809,33891,101619,682.98,completed,online,2025-10-27,NO
370,34120,103020,461.87,failed,online,2025-10-27,NO
2926,32289,103293,1214.45,completed,online,2025-10-27,NO
552,22674,105073,1073.16,completed,online,2025-10-27,NO
2792,44009,106313,1449.62,failed,online,2025-10-27,NO
608,997,107690,1284.13,completed,online,2025-10-27,NO
4446,5915,110757,1535.1,failed,online,2025-10-27,NO
1470,25648,111673,1542.71,completed,online,2025-10-27,NO
1711,15475,113247,1224.88,completed,online,2025-10-27,NO
4815,4930,117517,235.84,completed,online,2025-10-27,NO
683,9702,119249,1115.07,failed,online,2025-10-27,NO
3141,21833,120844,1413.06,failed,online,2025-10-27,NO
3458,23533,122754,1287.85,completed,online,2025-10-27,NO
1,25299,123596,591.17,completed,online,2025-10-27,NO
2539,21234,124110,1670.07,completed,online,2025-10-27,NO
1,25375,128646,253.65,failed,online,2025-10-27,NO
3541,13053,130195,299.07,failed,online,2025-10-27,NO
683,27259,132619,1027.17,completed,online,2025-10-27,NO
2427,26213,132945,10.29,failed,online,2025-10-27,NO
3232,11022,133240,1555.97,failed,online,2025-10-27,NO
1,17757,134071,1668.36,completed,online,2025-10-27,NO
1,45929,134955,1289.66,failed,online,2025-10-27,NO
3438,45014,136860,837.35,completed,online,2025-10-27,NO
4262,23054,138943,661.47,failed,UNKNOWN,2025-10-27,NO
1,37618,139388,448.02,failed,online,2025-10-27,NO
2046,47985,142886,940.18,completed,online,2025-10-27,NO
3279,35802,143179,745.95,failed,online,2025-10-27,NO
979,41204,143942,296.71,failed,online,2025-10-27,NO
304,36390,145627,1263.2,failed,online,2025-10-27,NO
1951,22265,146016,1274.94,completed,online,2025-10-27,NO
2100,8130,146389,386.36,failed,online,2025-10-27,NO
1,28658,2904,1918.96,failed,online,2025-09-10,NO
1640,12199,2993,1440.57,failed,online,2025-09-10,NO
3644,35473,3823,1267.51,failed,online,2025-09-10,NO
2395,33400,6462,493.06,failed,UNKNOWN,2025-09-10,NO
768,4979,6574,581.15,completed,online,2025-09-10,NO
2598,18969,6818,1804.42,failed,online,2025-09-10,NO
1,29855,7961,1117.17,completed,online,2025-09-10,NO
1490,24164,12665,394.77,completed,online,2025-09-10,NO
2503,48844,16376,431.89,failed,online,2025-09-10,NO
302,16202,17663,1595.9,failed,online,2025-09-10,NO
2335,17312,20771,1493.28,failed,online,2025-09-10,NO
2732,44459,20910,1043.08,completed,online,2025-09-10,NO
1438,12275,21594,557.58,completed,online,2025-09-10,NO
1,47897,24246,1165.14,failed,online,2025-09-10,NO
665,49973,25085,116.85,completed,online,2025-09-10,NO
1,32611,27209,1952.52,failed,online,2025-09-10,NO
3309,1234,29436,899.38,completed,online,2025-09-10,NO
3623,35712,31013,1845.13,failed,online,2025-09-10,NO
279,10549,35204,1195.94,completed,online,2025-09-10,NO
1,39326,36540,1577.95,completed,online,2025-09-10,NO
615,34915,39405,265.06,failed,online,2025-09-10,NO
1,30635,42484,1141.93,failed,online,2025-09-10,NO
1,23945,43976,1666.66,completed,online,2025-09-10,NO
1,41840,45528,1834.59,completed,online,2025-09-10,NO
3043,35004,49038,1323.41,completed,online,2025-09-10,NO
3526,38282,50422,146.27,failed,online,2025-09-10,NO
1,15825,52293,983.14,failed,online,2025-09-10,NO
3464,12368,52510,164.0,failed,online,2025-09-10,NO
2249,44625,53032,1684.8,completed,online,2025-09-10,NO
1,15570,57275,345.28,completed,online,2025-09-10,NO
2015,981,57396,7055.3139795977095,completed,online,2025-09-10,NO
3627,4153,58960,268.27,failed,online,2025-09-10,NO
672,1483,59907,1981.34,failed,online,2025-09-10,NO
1,5000,61476,1307.61,completed,online,2025-09-10,NO
618,28115,62887,1962.27,completed,online,2025-09-10,NO
1553,14782,63217,1721.49,failed,online,2025-09-10,NO
3810,13569,65083,715.59,failed,online,2025-09-10,NO
2475,39187,66959,1491.76,completed,online,2025-09-10,NO
2229,26406,66991,1655.61,failed,online,2025-09-10,NO
4607,41896,67422,1655.39,failed,UNKNOWN,2025-09-10,NO
2255,11965,69877,585.49,failed,online,2025-09-10,NO
530,32889,71065,1642.25,completed,online,2025-09-10,NO
4417,26722,71856,1958.57,failed,online,2025-09-10,NO
426,2005,73860,1294.77,completed,online,2025-09-10,NO
1,45226,74135,1884.18,completed,online,2025-09-10,NO
2000,20011,75227,437.82,failed,online,2025-09-10,NO
100,7912,76199,918.51,failed,online,2025-09-10,NO
4304,43349,76282,287.4,failed,online,2025-09-10,NO
1,49184,76764,1110.76,failed,online,2025-09-10,NO
101,10629,81907,1861.26,completed,online,2025-09-10,NO
1565,16346,83600,8495.087227011392,completed,online,2025-09-10,NO
1908,32492,85396,458.07,failed,online,2025-09-10,NO
606,15869,85667,967.43,completed,online,2025-09-10,NO
2680,5419,86329,50.72,completed,online,2025-09-10,NO
4582,24715,87518,28.72,failed,online,2025-09-10,NO
4982,8322,87888,451.14,completed,online,2025-09-10,NO
3118,4655,87897,1262.82,failed,online,2025-09-10,NO
1,29951,92034,1126.02,completed,online,2025-09-10,NO
2753,47461,95763,968.22,failed,online,2025-09-10,NO
1677,27997,97661,1866.94,completed,UNKNOWN,2025-09-10,NO
3932,7249,98446,265.46,completed,online,2025-09-10,NO
1,17015,100886,1843.72,completed,online,2025-09-10,NO
2124,43215,103248,116.29,completed,online,2025-09-10,NO
930,30420,107649,239.59,completed,UNKNOWN,2025-09-10,NO
1,46572,110772,278.73,completed,online,2025-09-10,NO
3326,4007,114126,773.37,completed,online,2025-09-10,NO
1151,6110,116004,838.31,completed,online,2025-09-10,NO
3756,7763,122299,553.95,completed,online,2025-09-10,NO
211,34689,123413,24.86,completed,online,2025-09-10,NO
3237,23163,123676,99.43,completed,online,2025-09-10,NO
3200,27634,124525,157.26,failed,online,2025-09-10,NO
2296,41302,129476,1831.3,failed,online,2025-09-10,NO
4840,42210,131493,1393.22,completed,online,2025-09-10,NO
4914,48278,141093,1023.22,failed,online,2025-09-10,NO
735,47984,142932,1095.35,failed,online,2025-09-10,NO
3610,45482,142994,312.6,completed,online,2025-09-10,NO
3420,40880,143582,1912.63,completed,online,2025-09-10,NO
3030,598,144528,1350.83,failed,online,2025-09-10,NO
4733,33731,5416,1022.8,completed,online,2025-04-22,NO
1,26586,7207,753.66,failed,online,2025-04-22,NO
1,26883,8631,1956.72,failed,online,2025-04-22,NO
3476,41198,13086,633.22,completed,online,2025-04-22,NO
1047,21752,17354,1643.36,failed,online,2025-04-22,NO
433,579,18119,81.3,completed,online,2025-04-22,NO
894,44702,18915,1975.57,failed,online,2025-04-22,NO
4264,44711,20359,1455.45,completed,online,2025-04-22,NO
435,16780,26498,217.7,completed,online,2025-04-22,NO
1642,34383,31454,843.51,failed,online,2025-04-22,NO
4195,49644,36531,125.92,failed,online,2025-04-22,NO
396,14187,38260,581.09,failed,online,2025-04-22,NO
1523,21474,39366,1497.56,failed,online,2025-04-22,NO
3972,42303,39686,1510.12,failed,online,2025-04-22,NO
1548,45380,43607,425.81,failed,online,2025-04-22,NO
1384,18025,44982,1740.99,failed,online,2025-04-22,NO
1919,49389,46931,353.47,completed,online,2025-04-22,NO
4746,35390,47197,1927.35,failed,online,2025-04-22,NO
4376,9868,52760,1636.37,failed,online,2025-04-22,NO
345,46012,53709,903.22,completed,online,2025-04-22,NO
3632,38959,54987,1559.03,failed,online,2025-04-22,NO
991,3366,57027,266.78,completed,online,2025-04-22,NO
4472,38057,58126,623.37,completed,online,2025-04-22,NO
3180,19695,60366,199.62,failed,online,2025-04-22,NO
3772,13768,60936,483.42,failed,online,2025-04-22,NO
529,10959,63026,1440.26,failed,online,2025-04-22,NO
1,7640,64925,1937.84,completed,online,2025-04-22,NO
1265,1084,66764,820.0,completed,online,2025-04-22,NO
1941,18414,67832,6107.55677580884,failed,online,2025-04-22,NO
4149,24224,69786,1550.1,failed,online,2025-04-22,NO
1051,28265,77857,402.42,failed,online,2025-04-22,NO
4944,31295,82692,284.47,completed,online,2025-04-22,NO
1,19471,86824,1905.08,completed,online,2025-04-22,NO
1,31537,87625,40.08,completed,online,2025-04-22,NO
4657,13709,87884,1003.14,failed,online,2025-04-22,NO
1,36856,89415,871.42,failed,online,2025-04-22,NO
3499,341,92115,485.36,completed,online,2025-04-22,NO
2392,27200,95931,1530.77,failed,online,2025-04-22,NO
1,33237,96492,347.1,completed,online,2025-04-22,NO
2298,9865,97112,234.93,failed,online,2025-04-22,NO
4673,2700,99897,281.65,completed,online,2025-04-22,NO
1824,26576,102674,611.2,failed,online,2025-04-22,NO
2544,10957,103394,310.05,failed,online,2025-04-22,NO
2671,6230,104061,1644.42,failed,online,2025-04-22,NO
4961,24115,105093,312.48,completed,online,2025-04-22,NO
1403,13823,107772,188.99,completed,online,2025-04-22,NO
210,35475,108497,279.36,completed,online,2025-04-22,NO
1559,31005,110691,738.77,completed,online,2025-04-22,NO
3018,36662,111682,1447.55,completed,online,2025-04-22,NO
3362,19937,111981,1901.03,failed,online,2025-04-22,NO
2772,28971,112286,735.13,failed,online,2025-04-22,NO
2317,48828,112337,1633.11,failed,online,2025-04-22,NO
1,23480,117330,1966.16,failed,online,2025-04-22,NO
1932,9072,117664,502.26,failed,online,2025-04-22,NO
3599,45199,117887,1384.64,completed,online,2025-04-22,NO
174,45433,117920,719.14,completed,online,2025-04-22,NO
3009,23799,119127,1338.35,completed,online,2025-04-22,NO
1,37388,119407,1531.69,failed,online,2025-04-22,NO
2000,1499,119936,1823.18,completed,online,2025-04-22,NO
1,45336,122138,798.27,failed,online,2025-04-22,NO
493,36866,123096,330.96,completed,online,2025-04-22,NO
1905,47781,123276,312.12,failed,online,2025-04-22,NO
1,28577,123710,417.95,completed,online,2025-04-22,NO
1,4453,126546,390.04,completed,online,2025-04-22,NO
4949,15917,129458,1061.15,completed,online,2025-04-22,NO
1,3127,130921,534.36,failed,UNKNOWN,2025-04-22,NO
1361,49612,132315,169.81,completed,online,2025-04-22,NO
2068,27898,133387,1681.06,completed,online,2025-04-22,NO
4464,7455,135303,965.74,completed,online,2025-04-22,NO
3096,44464,135385,32.42,completed,online,2025-04-22,NO
3642,20196,136349,1705.91,failed,online,2025-04-22,NO
2626,40005,137500,107.79,failed,online,2025-04-22,NO
3454,13484,138076,1416.72,completed,online,2025-04-22,NO
2999,15799,142189,248.67,failed,online,2025-04-22,NO
4318,17944,142662,1357.85,completed,online,2025-04-22,NO
3444,17782,143721,399.3,failed,online,2025-04-22,NO
2813,5821,145998,570.39,completed,online,2025-04-22,NO
3570,23788,149662,1423.3,failed,online,2025-04-22,NO
4992,41987,1427,736.26,failed,online,2025-08-30,NO
1845,35829,3856,1495.77,completed,online,2025-08-30,NO
2207,48582,4976,691.46,failed,online,2025-08-30,NO
1,38978,9776,291.3,failed,online,2025-08-30,NO
1090,6981,10650,1053.75,failed,online,2025-08-30,NO
1507,28593,11878,1216.36,failed,online,2025-08-30,NO
4662,35733,17627,1689.46,failed,online,2025-08-30,NO
2162,429,21535,318.74,completed,online,2025-08-30,NO
47,26660,21793,878.61,failed,online,2025-08-30,NO
4074,7899,23373,1167.78,failed,online,2025-08-30,NO
3415,38746,24232,361.18,completed,online,2025-08-30,NO
1924,34688,26386,1842.27,failed,online,2025-08-30,NO
257,38492,27123,833.6,failed,online,2025-08-30,NO
947,23631,27635,1520.43,completed,online,2025-08-30,NO
4197,33495,31006,1474.62,failed,online,2025-08-30,NO
1668,30375,34413,700.87,failed,online,2025-08-30,NO
3801,15405,36501,618.94,completed,online,2025-08-30,NO
509,38654,36646,1171.38,failed,online,2025-08-30,NO
950,45005,43305,1966.15,completed,online,2025-08-30,NO
4799,14533,43564,1276.49,failed,online,2025-08-30,NO
2797,13397,44146,1449.63,failed,online,2025-08-30,NO
1757,22789,45960,91.9,failed,online,2025-08-30,NO
1174,40499,51453,1536.78,completed,online,2025-08-30,NO
1,22456,52364,834.77,completed,online,2025-08-30,NO
1324,5715,58251,222.0,failed,online,2025-08-30,NO
1,3608,58877,1805.21,failed,online,2025-08-30,NO
1,6704,59534,885.05,failed,online,2025-08-30,NO
2722,38464,60620,918.02,failed,online,2025-08-30,NO
248,25217,60678,1433.93,completed,online,2025-08-30,NO
1260,41545,61072,815.62,failed,online,2025-08-30,NO
721,39630,61616,1527.13,completed,online,2025-08-30,NO
1840,21016,63488,1791.39,completed,online,2025-08-30,NO
638,11534,64777,922.0,completed,online,2025-08-30,NO
2117,39708,66037,360.83,failed,UNKNOWN,2025-08-30,NO
3905,9316,66387,1367.54,failed,online,2025-08-30,NO
3302,30677,68557,1936.74,completed,online,2025-08-30,NO
4935,42838,68673,837.88,completed,online,2025-08-30,NO
1465,7278,72394,481.95,failed,online,2025-08-30,NO
1048,3219,73388,1644.08,completed,UNKNOWN,2025-08-30,NO
3965,2323,74676,1600.23,failed,UNKNOWN,2025-08-30,NO
3511,2827,74758,1897.12,failed,online,2025-08-30,NO
1,9693,77301,1653.38,failed,online,2025-08-30,NO
3652,31426,77799,896.52,failed,online,2025-08-30,NO
4310,6321,78251,423.11,completed,online,2025-08-30,NO
4838,27703,81508,1813.23,completed,online,2025-08-30,NO
4545,37982,82420,689.72,completed,online,2025-08-30,NO
4046,28320,82568,1304.29,failed,online,2025-08-30,NO
1290,20384,88356,1645.79,completed,online,2025-08-30,NO
1,49395,89356,1211.08,completed,online,2025-08-30,NO
2293,3747,92216,81.9,completed,online,2025-08-30,NO
599,37017,93228,158.35,completed,online,2025-08-30,NO
1891,16322,93455,1090.74,completed,online,2025-08-30,NO
475,25307,94956,606.11,failed,online,2025-08-30,NO
4004,6965,97795,1918.3,completed,online,2025-08-30,NO
3845,4011,98816,900.36,completed,online,2025-08-30,NO
1902,21048,99745,1088.66,completed,online,2025-08-30,NO
4581,23521,101073,33.76,completed,online,2025-08-30,NO
2871,19409,101805,1398.03,completed,online,2025-08-30,NO
4147,14499,101837,345.5,completed,online,2025-08-30,NO
1667,6285,104886,849.79,failed,online,2025-08-30,NO
1636,35376,106384,1988.68,completed,online,2025-08-30,NO
477,40216,108021,1786.31,failed,online,2025-08-30,NO
1,18081,109643,756.27,failed,online,2025-08-30,NO
1997,45614,115792,589.98,completed,online,2025-08-30,NO
2043,31798,120537,1276.54,completed,online,2025-08-30,NO
2214,6834,121906,1457.79,completed,online,2025-08-30,NO
1,8815,122630,1649.21,failed,online,2025-08-30,NO
1103,24203,124063,790.7,completed,online,2025-08-30,NO
4028,21340,124152,1471.88,completed,online,2025-08-30,NO
2795,22330,126052,774.63,failed,online,2025-08-30,NO
4727,6210,127006,1769.61,completed,online,2025-08-30,NO
11,35829,131881,276.21,completed,online,2025-08-30,NO
1257,27151,137694,699.46,completed,online,2025-08-30,NO
3351,32008,138050,1415.46,completed,online,2025-08-30,NO
387,3934,140077,84.24,failed,online,2025-08-30,NO
4474,1212,141524,850.48,completed,online,2025-08-30,NO
1815,31459,142564,475.14,completed,online,2025-08-30,NO
4869,15426,143105,55.99,completed,online,2025-08-30,NO
4924,33995,3422,1179.45,completed,online,2025-09-05,NO
3034,35882,3671,1748.89,completed,online,2025-09-05,NO
1015,13569,4632,572.59,completed,online,2025-09-05,NO
1634,41814,5772,181.23,failed,online,2025-09-05,NO
1,48677,6035,880.57,completed,online,2025-09-05,NO
1119,37718,6207,50.51,failed,online,2025-09-05,NO
1,37835,7492,1125.5,failed,online,2025-09-05,NO
1325,42373,11089,690.32,completed,online,2025-09-05,NO
1349,24122,13774,1811.55,failed,online,2025-09-05,NO
1185,49092,16415,526.2,failed,online,2025-09-05,NO
420,22446,19472,586.11,failed,online,2025-09-05,NO
1,37324,23253,78.5,completed,online,2025-09-05,NO
2308,37894,23773,200.79,failed,online,2025-09-05,NO
3529,17635,26224,116.53,failed,online,2025-09-05,NO
2728,38644,28205,600.48,completed,online,2025-09-05,NO
2158,3625,30226,1361.72,failed,online,2025-09-05,NO
1,37273,34320,1687.82,completed,online,2025-09-05,NO
4794,7072,40036,1981.49,completed,online,2025-09-05,NO
754,19844,40818,804.71,failed,online,2025-09-05,NO
1,38657,42691,1296.21,failed,online,2025-09-05,NO
3651,4050,45837,829.44,completed,online,2025-09-05,NO
2013,38100,47572,1022.23,failed,online,2025-09-05,NO
15,36726,52273,895.99,failed,online,2025-09-05,NO
4314,36289,52731,822.45,completed,online,2025-09-05,NO
1621,4978,57069,1635.84,completed,online,2025-09-05,NO
4788,32537,58011,1059.98,failed,online,2025-09-05,NO
4942,37040,58754,1042.1,completed,online,2025-09-05,NO
1,5673,59219,116.69,completed,online,2025-09-05,NO
1,25884,59525,1693.1,failed,online,2025-09-05,NO
3250,7643,61074,213.49,failed,online,2025-09-05,NO
159,39246,63063,1709.5,completed,online,2025-09-05,NO
2978,23558,63520,1460.16,failed,online,2025-09-05,NO
3593,49124,64343,1906.02,completed,online,2025-09-05,NO
1756,29235,65071,1338.52,failed,online,2025-09-05,NO
1,2903,70960,190.52,failed,online,2025-09-05,NO
4149,38886,71667,692.89,failed,online,2025-09-05,NO
4728,36524,74000,608.6,failed,online,2025-09-05,NO
2711,16963,76406,155.38,failed,online,2025-09-05,NO
4880,17168,76601,727.55,completed,online,2025-09-05,NO
1,5746,76944,1231.22,failed,UNKNOWN,2025-09-05,NO
4458,11317,77052,805.86,completed,online,2025-09-05,NO
1,9640,77391,866.76,completed,online,2025-09-05,NO
4463,49972,78516,330.8,failed,online,2025-09-05,NO
1,15697,80208,1154.39,completed,online,2025-09-05,NO
923,15670,81998,436.49,completed,online,2025-09-05,NO
171,43587,85812,242.03,completed,online,2025-09-05,NO
2292,38418,86538,567.17,failed,online,2025-09-05,NO
110,22502,94699,110.74,completed,online,2025-09-05,NO
1488,44906,97499,1767.53,failed,online,2025-09-05,NO
1122,5444,97751,239.55,completed,online,2025-09-05,NO
1921,12653,99710,1275.03,failed,online,2025-09-05,NO
3102,26043,104273,376.99,completed,online,2025-09-05,NO
2979,42941,105276,1495.24,failed,online,2025-09-05,NO
1081,13328,105586,1383.83,completed,online,2025-09-05,NO
1,27611,106636,709.31,failed,online,2025-09-05,NO
1,10977,108343,760.14,failed,online,2025-09-05,NO
4083,1686,110953,1459.93,failed,online,2025-09-05,NO
4482,45170,112042,858.8,failed,online,2025-09-05,NO
1,22785,115055,1199.38,failed,online,2025-09-05,NO
3845,7783,117672,559.62,failed,online,2025-09-05,NO
1239,7050,117930,804.58,completed,online,2025-09-05,NO
2534,8363,119490,690.57,completed,online,2025-09-05,NO
861,24709,121519,241.81,completed,online,2025-09-05,NO
1,33959,122102,1712.77,failed,online,2025-09-05,NO
2503,27655,122200,276.72,completed,online,2025-09-05,NO
696,49304,133443,285.49,completed,online,2025-09-05,NO
1511,15606,133963,792.93,completed,online,2025-09-05,NO
1837,22000,136369,741.16,failed,online,2025-09-05,NO
678,143,137056,211.67,completed,online,2025-09-05,NO
2065,36058,138597,409.83,completed,online,2025-09-05,NO
1101,2611,139270,1534.26,failed,online,2025-09-05,NO
3054,39433,139569,1398.9,failed,online,2025-09-05,NO
1636,9025,142693,1298.04,failed,online,2025-09-05,NO
497,20778,146353,1458.89,failed,UNKNOWN,2025-09-05,NO
1,19971,147228,1990.81,failed,online,2025-09-05,NO
914,2888,148359,1819.89,failed,online,2025-09-05,NO
94,38229,148746,92.15,completed,online,2025-09-05,NO
811,27243,148854,1028.44,completed,online,2025-09-05,NO
404,31703,149944,1592.3,completed,online,2025-09-05,NO
3730,43232,1764,1894.53,completed,online,2025-05-19,NO
1440,21956,3238,547.68,failed,online,2025-05-19,NO
2708,45694,4371,1764.63,failed,online,2025-05-19,NO
1929,34337,5459,558.88,failed,online,2025-05-19,NO
1981,14583,6094,1653.0,completed,online,2025-05-19,NO
3865,42734,7443,1330.52,completed,online,2025-05-19,NO
1,35288,8739,1058.44,failed,online,2025-05-19,NO
1253,43916,10659,1968.15,completed,online,2025-05-19,NO
8,39496,12444,1228.5,completed,online,2025-05-19,NO
35,46097,12967,1629.44,completed,online,2025-05-19,NO
4054,5440,13023,139.89,completed,online,2025-05-19,NO
4057,13485,16121,317.35,completed,online,2025-05-19,NO
596,42480,17341,1343.88,failed,online,2025-05-19,NO
3368,26416,19147,1282.36,completed,online,2025-05-19,NO
1,11273,20766,1296.34,failed,online,2025-05-19,NO
2922,3357,24589,935.25,completed,online,2025-05-19,NO
1683,15508,25418,1313.71,completed,UNKNOWN,2025-05-19,NO
1342,15308,25519,1839.34,failed,online,2025-05-19,NO
2751,11706,30196,1182.22,failed,online,2025-05-19,NO
1,18629,30986,1658.23,failed,online,2025-05-19,NO
4058,33571,31369,1251.6,completed,online,2025-05-19,NO
3134,5796,32077,1633.43,completed,online,2025-05-19,NO
1082,21893,32279,1745.38,failed,online,2025-05-19,NO
1636,48346,39455,1886.13,completed,online,2025-05-19,NO
2684,22884,39759,444.33,failed,online,2025-05-19,NO
1,23588,42049,541.25,failed,online,2025-05-19,NO
1124,4472,42402,33.42,completed,online,2025-05-19,NO
1241,6505,64553,417.91,completed,online,2025-05-19,NO
865,5573,65939,723.09,completed,online,2025-05-19,NO
4990,32380,67328,812.42,completed,online,2025-05-19,NO
283,11721,68527,1272.87,completed,online,2025-05-19,NO
2133,29043,68870,942.44,completed,online,2025-05-19,NO
2339,27599,69190,1816.46,failed,online,2025-05-19,NO
1,26123,70384,647.49,failed,online,2025-05-19,NO
4946,34722,75809,1573.08,completed,online,2025-05-19,NO
1,5736,76068,1771.05,completed,online,2025-05-19,NO
965,43268,78830,319.21,completed,online,2025-05-19,NO
568,8554,79339,1622.83,completed,online,2025-05-19,NO
1,12693,80204,1173.62,failed,online,2025-05-19,NO
2753,32005,84808,167.42,failed,online,2025-05-19,NO
2280,20784,86852,1827.1,failed,online,2025-05-19,NO
759,3158,89408,54.63,failed,online,2025-05-19,NO
4708,1921,89841,1080.83,completed,online,2025-05-19,NO
3944,17574,91430,1263.62,failed,online,2025-05-19,NO
2855,3073,93172,1723.69,completed,online,2025-05-19,NO
2313,9453,94692,9874.012994729961,failed,online,2025-05-19,NO
3967,6354,95247,135.2,completed,online,2025-05-19,NO
572,14537,96827,1547.6,failed,online,2025-05-19,NO
4119,49781,101267,420.07,failed,online,2025-05-19,NO
2094,34985,105495,731.48,failed,UNKNOWN,2025-05-19,NO
4501,13366,106364,1137.42,completed,online,2025-05-19,NO
1305,24454,106714,511.86,completed,online,2025-05-19,NO
4117,10591,107239,267.84,failed,online,2025-05-19,NO
2530,44138,108407,923.92,completed,online,2025-05-19,NO
1,25265,108739,1684.0,failed,online,2025-05-19,NO
1752,4863,114720,1306.89,completed,online,2025-05-19,NO
3504,13352,116617,1309.82,completed,online,2025-05-19,NO
3814,34046,117621,1710.58,completed,online,2025-05-19,NO
2625,36811,119506,1628.07,failed,online,2025-05-19,NO
1,34060,119667,1432.29,completed,online,2025-05-19,NO
3644,31437,123702,623.15,failed,online,2025-05-19,NO
1624,5399,124954,1504.95,completed,online,2025-05-19,NO
2339,25630,128120,644.05,failed,online,2025-05-19,NO
4439,7676,129228,1392.08,completed,online,2025-05-19,NO
3867,2811,129664,909.63,failed,online,2025-05-19,NO
2933,18111,130500,188.74,failed,online,2025-05-19,NO
1,30486,130698,6520.513304310245,completed,online,2025-05-19,NO
260,6769,132923,803.0,completed,online,2025-05-19,NO
4677,35034,137665,1916.72,failed,online,2025-05-19,NO
2731,14944,142098,960.68,completed,online,2025-05-19,NO
2277,8532,142783,1735.96,completed,online,2025-05-19,NO
630,2416,142829,1701.04,completed,online,2025-05-19,NO
3552,22403,144320,1014.11,completed,online,2025-05-19,NO
1061,42451,144706,1364.35,completed,online,2025-05-19,NO
2275,230,147107,1610.16,completed,online,2025-05-19,NO
2266,25088,149734,322.48,failed,online,2025-05-19,NO
1549,500,149938,613.77,completed,online,2025-05-19,NO
4790,13341,1559,557.0,failed,online,2025-02-19,NO
4297,24200,4024,599.01,failed,online,2025-02-19,NO
3278,35061,8563,1837.41,completed,online,2025-02-19,NO
1,22694,10520,857.65,failed,online,2025-02-19,NO
1122,46701,10963,702.19,completed,online,2025-02-19,NO
806,37811,11347,642.16,completed,online,2025-02-19,NO
4124,9893,14476,169.67,failed,online,2025-02-19,NO
3056,47689,14864,45.05,failed,online,2025-02-19,NO
167,11529,15112,272.5,failed,online,2025-02-19,NO
943,7968,23570,1744.64,failed,online,2025-02-19,NO
4543,11514,25546,79.86,failed,online,2025-02-19,NO
1,25795,26994,131.31,completed,online,2025-02-19,NO
1,12931,29826,1249.23,failed,online,2025-02-19,NO
1,49961,31165,868.94,failed,online,2025-02-19,NO
4292,22927,31579,717.3,completed,online,2025-02-19,NO
1533,36576,36809,1055.78,completed,online,2025-02-19,NO
2651,44786,38284,320.0,completed,online,2025-02-19,NO
1,37580,40976,1670.62,completed,online,2025-02-19,NO
1,44722,42503,1258.02,failed,online,2025-02-19,NO
2980,32360,43133,1834.91,failed,online,2025-02-19,NO
1,26128,44001,655.67,failed,online,2025-02-19,NO
2170,25722,45139,1954.5,completed,online,2025-02-19,NO
4523,10688,46545,1758.79,completed,online,2025-02-19,NO
4246,36372,48063,695.15,failed,online,2025-02-19,NO
486,2901,50759,841.73,completed,online,2025-02-19,NO
4106,17683,52308,1077.96,completed,online,2025-02-19,NO
414,23888,55757,1108.27,failed,online,2025-02-19,NO
3065,19681,56806,1714.69,completed,online,2025-02-19,NO
2616,35260,60793,1659.8,completed,online,2025-02-19,NO
684,32928,69384,761.18,failed,online,2025-02-19,NO
4176,43831,70206,956.19,completed,online,2025-02-19,NO
2630,43933,70608,744.71,completed,online,2025-02-19,NO
3326,2729,73159,1834.13,completed,online,2025-02-19,NO
416,22659,74286,1002.01,failed,online,2025-02-19,NO
3475,3834,75168,1576.68,completed,online,2025-02-19,NO
4972,41371,79736,839.14,completed,online,2025-02-19,NO
3871,40922,80058,86.11,failed,online,2025-02-19,NO
316,12727,82517,1094.52,completed,online,2025-02-19,NO
2325,3699,84214,1645.94,failed,online,2025-02-19,NO
1,34657,86773,111.25,completed,online,2025-02-19,NO
76,48613,89677,1477.23,completed,online,2025-02-19,NO
2670,19243,91645,52.22,completed,online,2025-02-19,NO
445,34531,94683,1408.44,completed,online,2025-02-19,NO
4296,36540,97049,1597.03,completed,UNKNOWN,2025-02-19,NO
3746,45825,98161,129.95,failed,online,2025-02-19,NO
1,39965,105622,702.06,completed,online,2025-02-19,NO
4872,42174,106819,1966.37,completed,online,2025-02-19,NO
4993,21831,107574,457.78,failed,online,2025-02-19,NO
4279,34744,112230,1306.2,completed,online,2025-02-19,NO
4548,33413,112784,1824.08,failed,online,2025-02-19,NO
1,22960,114977,1988.15,failed,online,2025-02-19,NO
1645,44867,116273,1127.96,completed,online,2025-02-19,NO
2800,6704,120034,97.62,completed,online,2025-02-19,NO
1156,47938,120933,57.54,completed,online,2025-02-19,NO
1,15058,121024,1110.12,completed,online,2025-02-19,NO
1,8637,122465,530.99,failed,online,2025-02-19,NO
1,23055,125823,666.75,completed,online,2025-02-19,NO
156,2281,126069,350.53,failed,online,2025-02-19,NO
112,19721,126578,1922.59,completed,online,2025-02-19,NO
3226,49492,128496,70.53,completed,online,2025-02-19,NO
2177,25337,128690,1542.66,completed,online,2025-02-19,NO
1789,18844,128799,132.97,failed,online,2025-02-19,NO
2415,39369,129066,1099.07,failed,online,2025-02-19,NO
1,2532,129602,1471.22,failed,online,2025-02-19,NO
1277,27430,130349,928.28,completed,online,2025-02-19,NO
4733,1318,131590,827.48,completed,online,2025-02-19,NO
1,21325,131635,1886.32,failed,online,2025-02-19,NO
735,36483,132225,1153.07,completed,online,2025-02-19,NO
1554,30440,135724,6169.230161328223,failed,online,2025-02-19,NO
3888,10719,136914,1479.87,failed,online,2025-02-19,NO
1,41354,137440,1903.24,failed,online,2025-02-19,NO
4427,15930,142486,1218.23,failed,online,2025-02-19,NO
2291,46551,143658,687.43,failed,online,2025-02-19,NO
1793,27275,144302,113.98,failed,online,2025-02-19,NO
666,30587,144451,1765.7,failed,UNKNOWN,2025-02-19,NO
1,1638,146439,1108.11,failed,online,2025-02-19,NO
2236,34094,147612,1127.81,failed,online,2025-02-19,NO
475,32166,148686,1621.69,completed,online,2025-02-19,NO
1212,32762,2491,162.34,completed,online,2025-12-12,NO
2166,13182,3592,878.74,failed,online,2025-12-12,NO
1,24260,5253,644.0,failed,online,2025-12-12,NO
1894,17400,8376,1694.76,completed,online,2025-12-12,NO
1,48728,10176,985.33,failed,online,2025-12-12,NO
2856,6682,11431,576.48,completed,online,2025-12-12,NO
2006,10203,11649,273.37,completed,online,2025-12-12,NO
514,1737,12492,974.59,failed,online,2025-12-12,NO
2962,30331,13162,1211.86,failed,online,2025-12-12,NO
1533,737,14844,1316.91,completed,online,2025-12-12,NO
3758,28036,18095,453.41,completed,online,2025-12-12,NO
1399,31549,18231,230.49,completed,online,2025-12-12,NO
524,25792,20189,1042.41,failed,online,2025-12-12,NO
1275,9132,29019,1840.2,failed,online,2025-12-12,NO
2186,22485,29532,274.84,completed,online,2025-12-12,NO
1014,49318,29696,1447.35,failed,online,2025-12-12,NO
1404,39151,32169,806.08,completed,online,2025-12-12,NO
1,22875,36125,1263.52,failed,online,2025-12-12,NO
4024,13440,36240,1438.67,completed,online,2025-12-12,NO
3362,46178,38351,394.12,completed,online,2025-12-12,NO
1,39563,38406,1965.64,failed,online,2025-12-12,NO
1,11492,40322,187.17,failed,online,2025-12-12,NO
1933,30143,43098,640.61,completed,online,2025-12-12,NO
4110,2818,43661,75.47,completed,online,2025-12-12,NO
1,17787,49981,1362.15,failed,online,2025-12-12,NO
1,28927,50513,271.02,failed,online,2025-12-12,NO
1,26548,52108,303.0,completed,online,2025-12-12,NO
12,40155,54117,562.92,failed,online,2025-12-12,NO
4021,15636,56313,355.84,failed,online,2025-12-12,NO
4820,45212,61151,851.85,failed,online,2025-12-12,NO
1,28921,64286,420.23,completed,online,2025-12-12,NO
1894,35699,67407,438.84,failed,online,2025-12-12,NO
3233,46474,67426,1807.44,failed,online,2025-12-12,NO
2395,28693,68531,626.15,completed,online,2025-12-12,NO
1,34864,70567,1774.38,completed,online,2025-12-12,NO
1,28017,71937,670.3,failed,online,2025-12-12,NO
1,1584,72513,1192.19,failed,online,2025-12-12,NO
2640,25084,72648,485.27,failed,online,2025-12-12,NO
913,9304,74357,626.67,completed,online,2025-12-12,NO
2132,40113,75826,21.09,completed,online,2025-12-12,NO
2250,40121,76794,1894.24,failed,online,2025-12-12,NO
3426,40544,78754,1451.13,failed,online,2025-12-12,NO
1493,10174,83989,1530.12,failed,online,2025-12-12,NO
1,15749,84311,1787.81,completed,online,2025-12-12,NO
2813,34134,84989,643.54,completed,online,2025-12-12,NO
2684,7374,85134,222.13,failed,online,2025-12-12,NO
1470,46333,88339,603.89,completed,online,2025-12-12,NO
1,34896,89032,200.33,failed,online,2025-12-12,NO
2616,16999,90274,1666.59,completed,online,2025-12-12,NO
1,19051,90959,1119.68,failed,online,2025-12-12,NO
3377,15555,94627,1606.05,failed,online,2025-12-12,NO
17,49161,95176,1749.6,failed,online,2025-12-12,NO
3953,26392,95782,309.83,failed,online,2025-12-12,NO
3128,309,99015,1473.03,failed,online,2025-12-12,NO
934,38323,102981,190.83,completed,online,2025-12-12,NO
2048,49505,106864,1838.61,failed,online,2025-12-12,NO
2762,45033,109352,1946.38,failed,online,2025-12-12,NO
4672,37072,110739,775.01,completed,online,2025-12-12,NO
4696,14539,112888,60.79,completed,online,2025-12-12,NO
3058,10959,116725,952.15,failed,online,2025-12-12,NO
1,46151,119373,1483.79,failed,online,2025-12-12,NO
2607,1667,120112,458.58,completed,online,2025-12-12,NO
2746,2339,120813,1959.55,failed,online,2025-12-12,NO
1,41430,121159,110.95,failed,online,2025-12-12,NO
1015,39081,121742,1689.71,completed,online,2025-12-12,NO
1277,281,122891,714.27,completed,online,2025-12-12,NO
4031,14765,126003,893.67,completed,online,2025-12-12,NO
1,42938,126150,178.12,failed,online,2025-12-12,NO
3226,11438,127504,277.62,completed,online,2025-12-12,NO
2742,49568,127521,1710.39,failed,online,2025-12-12,NO
1,20968,131405,350.86,completed,online,2025-12-12,NO
4093,5796,132460,1406.39,failed,online,2025-12-12,NO
4790,44830,134314,163.22,completed,online,2025-12-12,NO
1977,6380,139029,688.6,completed,online,2025-12-12,NO
4914,28808,139148,772.11,completed,online,2025-12-12,NO
3249,42654,139789,1394.89,completed,online,2025-12-12,NO
4124,34335,141186,399.52,failed,online,2025-12-12,NO
3352,22693,145384,13.99,failed,online,2025-12-12,NO
3495,2722,146922,1699.61,completed,online,2025-12-12,NO
306,48526,397,1706.45,completed,online,2025-10-09,NO
4990,9679,2930,1196.13,completed,online,2025-10-09,NO
2771,9026,3197,1101.01,failed,online,2025-10-09,NO
124,41020,6140,547.57,failed,online,2025-10-09,NO
3332,12283,9737,1297.48,failed,online,2025-10-09,NO
4546,19571,10839,1814.54,completed,online,2025-10-09,NO
1305,44650,14654,951.9,failed,online,2025-10-09,NO
1,34136,16464,1938.09,completed,online,2025-10-09,NO
4025,31403,22945,365.11,failed,online,2025-10-09,NO
4927,14869,23960,1632.17,completed,online,2025-10-09,NO
4278,36252,25762,1190.37,completed,online,2025-10-09,NO
3997,17183,27654,443.49,failed,online,2025-10-09,NO
3431,17127,28500,1174.16,failed,online,2025-10-09,NO
1449,31202,30927,1765.58,completed,online,2025-10-09,NO
784,48594,34752,294.09,failed,online,2025-10-09,NO
1844,46172,35776,1288.99,failed,online,2025-10-09,NO
1543,4262,41088,1875.36,failed,online,2025-10-09,NO
2836,43798,41970,927.87,completed,online,2025-10-09,NO
1602,26801,43060,873.62,completed,online,2025-10-09,NO
3354,30727,44585,1801.19,completed,online,2025-10-09,NO
1,7364,44836,869.73,failed,online,2025-10-09,NO
1104,16626,45443,32.18,failed,online,2025-10-09,NO
3808,42848,48009,1621.56,completed,online,2025-10-09,NO
2011,41542,48674,1116.73,failed,online,2025-10-09,NO
2202,11525,49604,384.6,failed,online,2025-10-09,NO
1,14019,52267,453.85,failed,online,2025-10-09,NO
1405,10144,54250,240.09,completed,online,2025-10-09,NO
3056,16855,58781,935.05,failed,online,2025-10-09,NO
3305,42298,69100,1990.38,completed,online,2025-10-09,NO
690,30941,70077,1945.69,failed,online,2025-10-09,NO
1686,1906,72819,969.29,failed,online,2025-10-09,NO
2938,34867,74360,530.5,completed,online,2025-10-09,NO
3007,22524,74374,951.63,completed,online,2025-10-09,NO
1180,25230,74671,1503.77,completed,online,2025-10-09,NO
1,34452,76998,811.77,failed,online,2025-10-09,NO
3592,17375,80022,606.88,failed,online,2025-10-09,NO
3929,21517,82505,513.68,failed,online,2025-10-09,NO
698,31066,85261,463.83,completed,online,2025-10-09,NO
2126,12467,85338,1341.29,failed,UNKNOWN,2025-10-09,NO
1910,34706,85871,813.92,completed,online,2025-10-09,NO
672,25437,89928,1338.52,completed,online,2025-10-09,NO
132,13607,94282,1416.94,failed,online,2025-10-09,NO
3910,1850,94337,294.46,completed,online,2025-10-09,NO
817,45723,94834,353.51,completed,online,2025-10-09,NO
2328,36606,95011,937.3,failed,online,2025-10-09,NO
80,35358,96421,1324.03,completed,online,2025-10-09,NO
1771,19544,96655,1904.25,failed,online,2025-10-09,NO
3472,22592,98270,244.87,completed,online,2025-10-09,NO
1,24730,101152,1182.89,completed,online,2025-10-09,NO
215,4898,102507,1579.94,completed,online,2025-10-09,NO
851,27623,103944,1624.27,completed,online,2025-10-09,NO
1855,39681,105543,239.9,completed,online,2025-10-09,NO
4258,14487,107337,245.69,failed,online,2025-10-09,NO
625,39658,107372,1171.04,completed,online,2025-10-09,NO
1744,35850,110128,1570.93,failed,online,2025-10-09,NO
1,6260,110326,928.8,completed,online,2025-10-09,NO
4955,23693,111856,165.7,failed,online,2025-10-09,NO
1,40023,113548,1809.19,failed,online,2025-10-09,NO
1520,20761,114195,1016.53,failed,online,2025-10-09,NO
1,369,115617,331.79,failed,online,2025-10-09,NO
828,31231,116508,464.07,completed,online,2025-10-09,NO
4687,2572,117012,1436.83,completed,online,2025-10-09,NO
4650,34053,117590,24.04,completed,online,2025-10-09,NO
1860,22428,119736,826.54,failed,online,2025-10-09,NO
1,48463,120017,287.35,completed,online,2025-10-09,NO
793,35835,123186,712.4,completed,online,2025-10-09,NO
243,31291,131617,239.66,completed,online,2025-10-09,NO
3145,13801,132770,1901.5,failed,online,2025-10-09,NO
1,12702,135645,1084.19,failed,online,2025-10-09,NO
153,23893,136193,262.52,failed,online,2025-10-09,NO
3607,41285,139403,318.26,failed,online,2025-10-09,NO
4943,5681,139807,1161.34,completed,online,2025-10-09,NO
1482,19414,142353,1598.91,completed,online,2025-10-09,NO
3356,31549,143033,1259.05,completed,online,2025-10-09,NO
1,27803,143238,503.4,completed,online,2025-10-09,NO
1,46400,147826,361.84,completed,online,2025-10-09,NO
1,22673,148601,1980.98,completed,online,2025-10-09,NO
515,49763,149216,1227.77,completed,online,2025-10-09,NO
399,49000,5238,1593.23,failed,online,2025-03-22,NO
3849,36546,5995,1699.09,completed,online,2025-03-22,NO
154,335,19950,426.03,completed,online,2025-03-22,NO
1,10867,20653,954.69,completed,online,2025-03-22,NO
2466,6485,25431,1486.98,completed,online,2025-03-22,NO
3334,4058,25913,915.75,failed,online,2025-03-22,NO
296,14245,28381,661.11,failed,online,2025-03-22,NO
1112,12191,31122,1265.25,failed,online,2025-03-22,NO
2124,42399,31480,977.28,completed,online,2025-03-22,NO
3421,42578,35951,647.93,failed,online,2025-03-22,NO
1,41488,36274,795.15,completed,online,2025-03-22,NO
3585,48702,37388,1006.71,failed,online,2025-03-22,NO
3499,16694,37705,396.99,completed,online,2025-03-22,NO
2938,23913,39659,616.49,failed,online,2025-03-22,NO
4679,19652,40496,1551.32,failed,online,2025-03-22,NO
3177,45899,43492,1662.21,failed,online,2025-03-22,NO
1,8591,44370,1925.98,failed,online,2025-03-22,NO
1473,28726,45677,1069.31,failed,online,2025-03-22,NO
656,29525,46281,987.13,failed,online,2025-03-22,NO
1,22684,47120,1957.43,failed,online,2025-03-22,NO
4425,15600,51542,304.09,completed,online,2025-03-22,NO
3194,45446,52608,1982.39,failed,online,2025-03-22,NO
1493,25490,53290,1641.96,completed,online,2025-03-22,NO
2044,18110,55028,769.68,failed,online,2025-03-22,NO
2716,6208,58232,632.32,failed,online,2025-03-22,NO
2459,37382,59863,306.42,completed,online,2025-03-22,NO
428,507,60295,961.77,failed,online,2025-03-22,NO
1408,13849,66535,1147.95,completed,online,2025-03-22,NO
458,16510,67865,1763.65,completed,online,2025-03-22,NO
811,25069,70199,1135.01,completed,online,2025-03-22,NO
1600,49334,71787,581.18,completed,online,2025-03-22,NO
4299,46869,71972,1510.9,failed,online,2025-03-22,NO
949,9047,77684,830.72,failed,online,2025-03-22,NO
3728,42864,79608,622.21,failed,online,2025-03-22,NO
3044,36856,81048,542.45,failed,online,2025-03-22,NO
812,9457,81491,618.3,failed,online,2025-03-22,NO
1049,39498,83752,437.99,completed,online,2025-03-22,NO
4930,13797,85857,1020.14,completed,online,2025-03-22,NO
1,6605,86984,1713.0,completed,online,2025-03-22,NO
20,34136,89989,1456.76,failed,online,2025-03-22,NO
4943,47702,90564,1545.38,failed,online,2025-03-22,NO
1,23033,91398,1912.27,failed,online,2025-03-22,NO
1,33019,101862,377.16,completed,online,2025-03-22,NO
845,9712,102063,1594.57,failed,online,2025-03-22,NO
3618,22802,107032,1048.74,completed,online,2025-03-22,NO
1,4159,107408,1826.55,failed,online,2025-03-22,NO
3914,682,107695,721.83,failed,online,2025-03-22,NO
4836,47480,108658,1122.73,completed,online,2025-03-22,NO
631,28201,110037,594.08,completed,online,2025-03-22,NO
3961,32139,111125,247.72,completed,online,2025-03-22,NO
1962,35116,112946,441.59,failed,online,2025-03-22,NO
2636,41298,113406,1545.17,failed,online,2025-03-22,NO
2225,17864,118465,1109.93,failed,online,2025-03-22,NO
158,31461,119643,416.89,completed,online,2025-03-22,NO
3066,34659,120206,1539.76,completed,online,2025-03-22,NO
1807,47333,122166,226.4,failed,online,2025-03-22,NO
4766,30238,122969,721.87,completed,online,2025-03-22,NO
638,5935,123085,875.98,failed,online,2025-03-22,NO
886,26942,124597,5023.76070539831,failed,online,2025-03-22,NO
4935,20230,125866,813.5,failed,online,2025-03-22,NO
644,36707,126121,159.99,failed,online,2025-03-22,NO
1699,9193,127144,863.15,failed,online,2025-03-22,NO
3059,46718,127748,347.06,failed,online,2025-03-22,NO
3585,43134,128365,1954.48,completed,online,2025-03-22,NO
1151,11937,129539,516.99,failed,online,2025-03-22,NO
3217,28741,129680,1176.62,completed,online,2025-03-22,NO
1,4125,130635,169.1,completed,online,2025-03-22,NO
35,47973,132426,897.18,failed,UNKNOWN,2025-03-22,NO
2092,17827,132731,1757.08,failed,online,2025-03-22,NO
1,1432,134965,39.29,completed,online,2025-03-22,NO
4424,20217,136250,772.29,failed,online,2025-03-22,NO
1878,6956,137231,1677.29,completed,online,2025-03-22,NO
4299,9398,138350,330.54,failed,online,2025-03-22,NO
2390,16988,138829,595.19,failed,online,2025-03-22,NO
1723,6440,141441,1481.65,failed,online,2025-03-22,NO
1664,49670,144013,1346.51,completed,online,2025-03-22,NO
1062,33106,144074,7922.807217217998,failed,online,2025-03-22,NO
354,22655,144499,1636.55,completed,online,2025-03-22,NO
4569,43930,67,944.1,completed,online,2025-12-14,NO
1740,28481,575,1861.59,completed,online,2025-12-14,NO
3801,44185,5566,440.33,completed,online,2025-12-14,NO
1766,44736,7385,1197.18,failed,online,2025-12-14,NO
4168,48886,10420,988.22,failed,online,2025-12-14,NO
1,21126,12061,1571.66,completed,online,2025-12-14,NO
2316,10102,13972,47.43,failed,online,2025-12-14,NO
2232,44782,16630,1618.57,completed,online,2025-12-14,NO
2064,27118,17064,286.24,failed,online,2025-12-14,NO
1106,28285,21289,992.01,failed,online,2025-12-14,NO
1,24258,21778,1059.1,failed,online,2025-12-14,NO
1324,8069,22647,764.99,failed,online,2025-12-14,NO
1,14884,28746,281.68,failed,online,2025-12-14,NO
3027,2328,34066,79.74,completed,online,2025-12-14,NO
1204,44337,38263,275.12,completed,online,2025-12-14,NO
2995,35086,39126,1916.38,completed,online,2025-12-14,NO
29,6210,39906,1435.32,completed,online,2025-12-14,NO
580,27645,39960,1322.96,completed,online,2025-12-14,NO
1,47161,40809,117.03,completed,online,2025-12-14,NO
4525,13277,41569,625.62,completed,online,2025-12-14,NO
1689,34268,43676,538.22,completed,online,2025-12-14,NO
4158,18316,44778,807.26,completed,online,2025-12-14,NO
343,49106,45638,1350.59,failed,online,2025-12-14,NO
2054,16340,49234,1709.56,completed,online,2025-12-14,NO
3358,49149,55893,1225.22,failed,online,2025-12-14,NO
679,34498,56117,868.48,completed,online,2025-12-14,NO
1,22357,56927,551.5,completed,online,2025-12-14,NO
43,26323,59988,1947.7,failed,online,2025-12-14,NO
1,15683,60344,487.2,failed,online,2025-12-14,NO
1,46877,62721,505.23,failed,online,2025-12-14,NO
1,748,66403,1576.65,failed,online,2025-12-14,NO
689,21965,67266,762.24,failed,online,2025-12-14,NO
790,40918,68283,125.49,failed,online,2025-12-14,NO
1,46988,71773,163.39,failed,online,2025-12-14,NO
2452,19876,74666,1945.75,completed,online,2025-12-14,NO
2943,521,75299,1869.4,completed,online,2025-12-14,NO
1,7790,75360,1542.85,failed,online,2025-12-14,NO
4669,24689,78923,440.32,completed,online,2025-12-14,NO
2165,40241,80121,1272.5,failed,online,2025-12-14,NO
1131,29284,81733,1148.88,failed,online,2025-12-14,NO
4233,24845,82357,1538.03,completed,online,2025-12-14,NO
3766,4968,84137,274.32,failed,online,2025-12-14,NO
1,20518,85646,345.25,failed,online,2025-12-14,NO
4432,38274,86002,1212.07,failed,online,2025-12-14,NO
3190,3916,87641,888.58,completed,online,2025-12-14,NO
2387,12225,89286,1849.19,failed,online,2025-12-14,NO
4953,39285,91825,16.37,failed,online,2025-12-14,NO
2820,42990,93062,1983.31,failed,online,2025-12-14,NO
3757,47723,94553,350.19,completed,online,2025-12-14,NO
1,30753,97977,213.99,failed,online,2025-12-14,NO
4970,33397,98705,1739.6,failed,online,2025-12-14,NO
4865,21012,99664,317.12,completed,online,2025-12-14,NO
1,15795,100810,315.3,failed,online,2025-12-14,NO
1,25283,104101,1647.1,completed,online,2025-12-14,NO
779,4854,105805,1312.25,failed,online,2025-12-14,NO
366,33945,106246,528.81,completed,online,2025-12-14,NO
2995,37179,107156,1286.59,completed,online,2025-12-14,NO
4712,20813,109025,458.05,completed,online,2025-12-14,NO
1,45882,109134,1974.48,completed,online,2025-12-14,NO
4534,30730,109655,1617.12,failed,online,2025-12-14,NO
1,46216,112491,121.11,failed,online,2025-12-14,NO
3949,40212,113571,1041.91,completed,online,2025-12-14,NO
3046,9385,114712,637.43,failed,online,2025-12-14,NO
3453,37829,121138,840.97,completed,online,2025-12-14,NO
1,35701,122462,1459.37,failed,online,2025-12-14,NO
2305,45589,126489,1086.51,completed,online,2025-12-14,NO
3616,2980,128255,1367.48,failed,online,2025-12-14,NO
3836,17366,129483,1619.94,completed,online,2025-12-14,NO
3577,5199,129919,585.92,failed,online,2025-12-14,NO
1,26045,131219,1264.21,completed,online,2025-12-14,NO
3909,36368,132637,1544.87,completed,online,2025-12-14,NO
2119,14384,133735,1435.07,failed,online,2025-12-14,NO
2720,48436,134825,973.59,completed,online,2025-12-14,NO
4334,22529,138948,125.53,failed,online,2025-12-14,NO
3490,26778,141314,991.69,completed,online,2025-12-14,NO
1,11946,142351,321.63,failed,online,2025-12-14,NO
3987,46127,143786,239.5,failed,online,2025-12-14,NO
3356,22519,147208,499.6,failed,online,2025-12-14,NO
533,13368,148824,277.92,failed,online,2025-12-14,NO
3437,36177,319,1736.6,completed,online,2025-11-30,NO
252,10000,353,1427.5,completed,online,2025-11-30,NO
819,4565,2236,1659.17,completed,online,2025-11-30,NO
68,13768,5838,517.54,completed,online,2025-11-30,NO
2757,42108,5880,433.48,failed,online,2025-11-30,NO
3897,2895,8351,269.87,failed,online,2025-11-30,NO
1450,33431,10303,1735.52,completed,online,2025-11-30,NO
3235,34213,11393,1810.19,completed,online,2025-11-30,NO
2711,23597,16178,1244.74,completed,online,2025-11-30,NO
2078,24085,16921,1687.21,completed,online,2025-11-30,NO
3546,42795,17074,1458.96,failed,online,2025-11-30,NO
1,32043,18500,393.43,completed,UNKNOWN,2025-11-30,NO
2031,36604,18654,176.39,completed,online,2025-11-30,NO
1,23627,19317,108.22,failed,UNKNOWN,2025-11-30,NO
4101,38780,24688,975.59,completed,online,2025-11-30,NO
4548,6415,27459,1523.38,failed,online,2025-11-30,NO
1871,7874,30257,1431.55,completed,online,2025-11-30,NO
937,26796,32987,679.21,failed,online,2025-11-30,NO
1,26466,33591,625.36,failed,online,2025-11-30,NO
45,30696,35912,1109.56,completed,online,2025-11-30,NO
3660,23815,39058,1582.63,completed,online,2025-11-30,NO
1040,31345,42102,85.8,failed,online,2025-11-30,NO
1173,33540,42780,757.08,completed,online,2025-11-30,NO
2186,1046,44401,1229.74,completed,online,2025-11-30,NO
2166,25727,45553,716.17,completed,online,2025-11-30,NO
2988,8357,45754,798.22,failed,online,2025-11-30,NO
1,49869,45802,406.01,failed,online,2025-11-30,NO
1,40396,46801,1693.51,completed,online,2025-11-30,NO
319,14344,47414,1410.57,failed,online,2025-11-30,NO
893,19756,51248,709.74,failed,online,2025-11-30,NO
4777,43493,53069,1485.12,completed,online,2025-11-30,NO
3205,30299,53218,984.16,completed,UNKNOWN,2025-11-30,NO
1,23154,54406,528.39,failed,online,2025-11-30,NO
1,575,57183,1594.0,completed,online,2025-11-30,NO
55,23495,63312,1544.03,completed,online,2025-11-30,NO
4315,522,63593,160.9,failed,online,2025-11-30,NO
1567,45795,65999,1579.49,completed,online,2025-11-30,NO
1937,48224,68708,789.34,completed,online,2025-11-30,NO
1725,26768,68925,97.81,completed,online,2025-11-30,NO
1,44332,72369,1022.75,completed,online,2025-11-30,NO
991,27301,76739,289.27,completed,online,2025-11-30,NO
1876,44728,77454,388.46,completed,online,2025-11-30,NO
1022,29451,78847,1718.98,completed,online,2025-11-30,NO
3731,25252,80085,952.23,failed,online,2025-11-30,NO
4646,21558,80753,1383.28,failed,online,2025-11-30,NO
1333,9410,84562,1467.14,completed,online,2025-11-30,NO
3915,43836,84970,1605.83,completed,online,2025-11-30,NO
866,10522,86480,1487.64,completed,UNKNOWN,2025-11-30,NO
1520,24745,87450,1975.22,completed,online,2025-11-30,NO
349,46085,88139,1328.76,failed,online,2025-11-30,NO
1902,24088,89663,1826.72,completed,online,2025-11-30,NO
4254,35382,89690,765.03,completed,online,2025-11-30,NO
3368,26735,91954,782.63,failed,online,2025-11-30,NO
1,23923,95145,1969.16,failed,online,2025-11-30,NO
1,8126,95656,1058.9,completed,online,2025-11-30,NO
836,20630,102151,747.69,failed,online,2025-11-30,NO
601,49884,104999,390.89,completed,online,2025-11-30,NO
483,19076,106873,171.7,completed,online,2025-11-30,NO
3201,25103,107751,1410.73,completed,online,2025-11-30,NO
2466,38787,109409,493.83,completed,online,2025-11-30,NO
4594,26867,116771,1103.78,failed,online,2025-11-30,NO
1,29443,117145,1566.24,completed,online,2025-11-30,NO
1511,10346,118744,831.28,failed,online,2025-11-30,NO
3949,2600,119169,1410.68,completed,online,2025-11-30,NO
1,28493,124880,66.02,completed,online,2025-11-30,NO
1,15725,126535,1101.41,completed,online,2025-11-30,NO
4101,4898,128367,598.88,failed,online,2025-11-30,NO
335,18230,128383,1805.23,completed,online,2025-11-30,NO
1,21378,130564,227.91,completed,online,2025-11-30,NO
1,35800,133480,146.7,failed,online,2025-11-30,NO
1,16185,136103,1565.99,failed,online,2025-11-30,NO
3798,38641,136180,1969.26,completed,online,2025-11-30,NO
1611,25816,136212,1513.89,completed,online,2025-11-30,NO
1,46696,138037,1550.8,completed,online,2025-11-30,NO
1,17667,138280,180.34,completed,online,2025-11-30,NO
783,2013,141868,1581.4,failed,online,2025-11-30,NO
1,34415,147844,521.12,failed,online,2025-11-30,NO
1,17822,149779,1864.86,completed,online,2025-11-30,NO
776,42364,786,249.81,completed,online,2025-09-18,NO
68,41047,2820,1706.91,failed,online,2025-09-18,NO
1211,40619,5849,1722.43,completed,online,2025-09-18,NO
1236,44042,7326,1750.74,failed,online,2025-09-18,NO
1294,23952,8727,961.39,completed,online,2025-09-18,NO
752,22723,10980,1999.21,completed,online,2025-09-18,NO
1,48024,14226,984.06,failed,online,2025-09-18,NO
181,41963,17633,813.8,failed,online,2025-09-18,NO
4150,17918,18321,805.88,completed,online,2025-09-18,NO
1731,33468,19313,1596.58,completed,online,2025-09-18,NO
467,43277,19377,5711.664683489048,failed,online,2025-09-18,NO
4827,27364,19477,996.97,failed,online,2025-09-18,NO
1064,3251,21182,711.15,failed,online,2025-09-18,NO
3066,44949,21561,1510.09,completed,online,2025-09-18,NO
1,3592,21679,1924.19,failed,online,2025-09-18,NO
1,24190,23263,728.55,failed,online,2025-09-18,NO
2038,32909,26316,1493.15,completed,online,2025-09-18,NO
4094,36975,27062,486.49,failed,online,2025-09-18,NO
2560,49466,28238,606.6,completed,online,2025-09-18,NO
3619,1094,29199,1753.54,failed,online,2025-09-18,NO
1624,27660,30205,1508.9,completed,online,2025-09-18,NO
2560,40842,31516,724.06,completed,online,2025-09-18,NO
1,46028,33208,1411.78,failed,online,2025-09-18,NO
464,20165,33708,443.43,failed,online,2025-09-18,NO
618,26704,33752,815.74,completed,online,2025-09-18,NO
3612,22262,35070,1929.64,completed,online,2025-09-18,NO
310,4903,35388,1425.45,completed,online,2025-09-18,NO
3304,29389,35473,1128.75,failed,online,2025-09-18,NO
1359,27987,37973,424.87,completed,online,2025-09-18,NO
4767,15486,41215,1436.98,failed,online,2025-09-18,NO
4829,8766,42536,202.82,failed,online,2025-09-18,NO
116,4974,42685,1345.38,completed,online,2025-09-18,NO
1,2939,48183,86.6,completed,online,2025-09-18,NO
3812,12225,48562,1768.5,completed,online,2025-09-18,NO
3928,46388,51337,892.73,failed,online,2025-09-18,NO
340,31407,52439,793.32,completed,online,2025-09-18,NO
4979,41694,59032,1514.39,completed,online,2025-09-18,NO
1377,38784,59874,609.66,completed,online,2025-09-18,NO
2864,3497,60951,1769.41,failed,online,2025-09-18,NO
2087,14545,63828,1382.37,completed,online,2025-09-18,NO
1964,5645,67029,76.31,completed,online,2025-09-18,NO
3961,21659,67939,1279.98,completed,online,2025-09-18,NO
3538,10956,69701,687.21,failed,online,2025-09-18,NO
1,47011,72776,271.33,failed,online,2025-09-18,NO
4600,10804,76740,1003.27,completed,online,2025-09-18,NO
3491,14250,77652,5524.568931750033,completed,online,2025-09-18,NO
4088,38923,79571,481.6,completed,online,2025-09-18,NO
4176,4611,82561,973.11,failed,online,2025-09-18,NO
647,4768,83282,1759.22,failed,online,2025-09-18,NO
1852,17227,84407,747.57,completed,online,2025-09-18,NO
3970,36288,84466,1158.83,failed,online,2025-09-18,NO
1,20577,92652,439.15,failed,online,2025-09-18,NO
1,337,95258,1771.8,completed,online,2025-09-18,NO
2379,18566,96942,860.93,failed,online,2025-09-18,NO
4990,49993,97311,1061.67,failed,online,2025-09-18,NO
3259,22532,99165,195.46,completed,UNKNOWN,2025-09-18,NO
4464,16375,100798,1424.76,failed,online,2025-09-18,NO
2235,35059,102261,1130.42,failed,online,2025-09-18,NO
1,39799,103214,834.64,completed,online,2025-09-18,NO
1031,25615,103328,1145.13,completed,online,2025-09-18,NO
1,14465,105917,980.38,failed,online,2025-09-18,NO
1198,12755,108983,387.3,completed,online,2025-09-18,NO
1,13576,115221,1808.4,completed,online,2025-09-18,NO
3809,32418,118166,1694.8,completed,online,2025-09-18,NO
2843,28884,127867,50.02,failed,online,2025-09-18,NO
1,11767,132677,691.5,failed,online,2025-09-18,NO
1,26104,134272,1310.45,failed,online,2025-09-18,NO
2525,23622,137531,1285.07,completed,online,2025-09-18,NO
76,37435,138422,1030.45,completed,online,2025-09-18,NO
1,36750,139016,213.53,completed,online,2025-09-18,NO
1,11648,139902,539.09,completed,online,2025-09-18,NO
126,33683,140322,379.46,failed,online,2025-09-18,NO
3198,18258,144001,1707.82,failed,online,2025-09-18,NO
1689,38583,144730,537.9,failed,online,2025-09-18,NO
3808,25542,144926,1894.63,completed,online,2025-09-18,NO
4780,20895,147383,1175.9,failed,online,2025-09-18,NO
4447,8343,147434,788.88,completed,online,2025-09-18,NO
1,49440,149673,748.24,failed,online,2025-09-18,NO
2705,10834,1483,1597.33,completed,online,2025-11-24,NO
2376,17496,1489,1020.28,failed,online,2025-11-24,NO
2823,4384,2069,1230.14,completed,online,2025-11-24,NO
4349,1327,2682,1473.79,completed,online,2025-11-24,NO
4110,43491,3843,516.05,failed,UNKNOWN,2025-11-24,NO
3183,36884,3975,6771.713407808605,completed,online,2025-11-24,NO
1,36439,5084,1567.34,failed,online,2025-11-24,NO
904,22327,6934,1172.54,completed,online,2025-11-24,NO
4499,42049,9123,1566.61,failed,online,2025-11-24,NO
1,9883,10081,657.23,failed,online,2025-11-24,NO
4139,32504,10415,1756.86,completed,online,2025-11-24,NO
1,8837,15440,1923.9,completed,online,2025-11-24,NO
45,42320,19337,470.34,completed,online,2025-11-24,NO
1,26026,20776,1285.29,failed,online,2025-11-24,NO
4006,39892,23302,915.81,failed,online,2025-11-24,NO
3691,47851,23807,1981.46,completed,online,2025-11-24,NO
1,86,26921,1166.93,failed,online,2025-11-24,NO
1,2183,28570,1263.72,failed,UNKNOWN,2025-11-24,NO
2911,8588,31293,1387.74,failed,online,2025-11-24,NO
396,42021,34349,1549.39,completed,online,2025-11-24,NO
1300,42122,34585,462.83,completed,online,2025-11-24,NO
3092,36380,35722,1519.3,completed,online,2025-11-24,NO
2445,4988,35739,1533.21,failed,online,2025-11-24,NO
595,23493,36591,1025.6,failed,online,2025-11-24,NO
1,36184,38928,1634.51,failed,online,2025-11-24,NO
4943,1672,41930,386.62,failed,online,2025-11-24,NO
2698,46658,44511,1503.58,failed,online,2025-11-24,NO
279,45120,49698,1594.61,completed,online,2025-11-24,NO
3370,19235,50051,1872.47,failed,online,2025-11-24,NO
1,32748,51369,917.51,failed,online,2025-11-24,NO
2247,46186,54129,60.68,failed,online,2025-11-24,NO
584,16499,57020,985.33,failed,online,2025-11-24,NO
4109,4658,59503,1985.03,completed,online,2025-11-24,NO
1,10660,61108,1050.33,completed,online,2025-11-24,NO
3229,43613,63743,378.89,failed,online,2025-11-24,NO
420,14511,66010,125.57,completed,online,2025-11-24,NO
3994,7998,66702,738.42,completed,online,2025-11-24,NO
1,10241,66993,150.26,failed,online,2025-11-24,NO
1,23239,67734,839.47,completed,online,2025-11-24,NO
1,45534,70428,1751.74,failed,online,2025-11-24,NO
1,26802,70686,791.34,completed,online,2025-11-24,NO
1539,31918,70957,1412.34,failed,online,2025-11-24,NO
4054,42290,73048,1966.36,failed,online,2025-11-24,NO
1,32194,73417,523.33,failed,online,2025-11-24,NO
1387,13604,81254,1560.08,failed,online,2025-11-24,NO
1622,3920,82753,1765.57,completed,online,2025-11-24,NO
1,40823,82923,1830.41,failed,online,2025-11-24,NO
2180,21704,83225,473.63,failed,online,2025-11-24,NO
368,38285,84859,1227.23,completed,online,2025-11-24,NO
1941,3750,84959,575.25,failed,online,2025-11-24,NO
1340,24332,85835,74.99,completed,online,2025-11-24,NO
1,30354,86130,61.92,failed,online,2025-11-24,NO
953,6863,87827,1601.49,failed,online,2025-11-24,NO
783,39349,89926,1743.84,completed,online,2025-11-24,NO
2668,35006,90589,911.27,completed,online,2025-11-24,NO
2579,47654,90965,101.97,completed,online,2025-11-24,NO
1869,22710,91389,342.83,failed,online,2025-11-24,NO
1,35426,95334,1734.02,failed,online,2025-11-24,NO
4567,20397,96933,1778.28,failed,online,2025-11-24,NO
4660,3283,97891,319.96,completed,online,2025-11-24,NO
2160,2324,99254,1706.44,failed,online,2025-11-24,NO
1415,5651,106135,690.99,failed,online,2025-11-24,NO
2425,18946,107586,1274.92,completed,online,2025-11-24,NO
1,29218,111005,150.9,failed,online,2025-11-24,NO
1137,41390,114975,1806.48,failed,online,2025-11-24,NO
1,30673,118137,580.99,completed,online,2025-11-24,NO
824,10430,119813,1718.7,completed,UNKNOWN,2025-11-24,NO
1278,31780,120444,1313.47,failed,online,2025-11-24,NO
3538,39738,124526,1086.22,completed,online,2025-11-24,NO
3656,6000,129529,1052.69,failed,online,2025-11-24,NO
2081,31259,131829,1795.8,completed,online,2025-11-24,NO
1026,16436,138122,483.02,failed,online,2025-11-24,NO
1499,16612,139589,1352.07,completed,online,2025-11-24,NO
4383,32415,140590,1636.43,failed,online,2025-11-24,NO
1,14663,141400,1316.44,completed,online,2025-11-24,NO
1289,15159,145140,794.46,failed,online,2025-11-24,NO
1,7585,146199,1075.37,failed,online,2025-11-24,NO
978,27394,146547,1292.89,completed,online,2025-11-24,NO
898,23641,146731,544.11,failed,online,2025-11-24,NO
1,3865,393,37.18,failed,online,2025-08-10,NO
1,6301,745,1529.48,completed,online,2025-08-10,NO
3661,39404,2416,797.11,completed,online,2025-08-10,NO
1,47896,4367,88.88,failed,online,2025-08-10,NO
4376,31985,7421,1891.96,completed,online,2025-08-10,NO
3618,17747,8813,900.36,failed,online,2025-08-10,NO
1,40832,11355,381.29,failed,online,2025-08-10,NO
2085,15985,11969,1508.7,completed,online,2025-08-10,NO
1151,13355,14379,969.05,failed,online,2025-08-10,NO
4120,1134,15360,1075.13,completed,online,2025-08-10,NO
3115,5560,15986,841.44,failed,online,2025-08-10,NO
1921,28741,16524,1733.21,failed,online,2025-08-10,NO
4343,21901,25329,1020.62,failed,online,2025-08-10,NO
1451,21744,28863,1912.03,failed,online,2025-08-10,NO
1,12759,29564,752.87,failed,online,2025-08-10,NO
4666,30159,29694,1707.13,failed,online,2025-08-10,NO
3027,17647,30130,1581.87,failed,online,2025-08-10,NO
2225,13888,35061,1320.35,failed,online,2025-08-10,NO
3684,30048,35360,21.62,completed,online,2025-08-10,NO
3890,34165,36421,1461.68,completed,online,2025-08-10,NO
716,18958,40664,1601.67,completed,online,2025-08-10,NO
3483,33825,41708,1508.8,completed,online,2025-08-10,NO
1,36575,42725,1894.07,failed,online,2025-08-10,NO
171,10327,50268,1076.42,failed,online,2025-08-10,NO
1047,27856,51800,1634.96,failed,online,2025-08-10,NO
4715,3300,52183,419.52,completed,online,2025-08-10,NO
1753,30823,53678,1637.05,completed,online,2025-08-10,NO
1,28141,57585,92.82,completed,online,2025-08-10,NO
1,42194,60088,1338.29,completed,online,2025-08-10,NO
4637,14912,60662,826.11,failed,online,2025-08-10,NO
514,28140,62767,883.18,completed,online,2025-08-10,NO
605,14845,65514,1333.79,completed,online,2025-08-10,NO
2449,4495,65921,957.53,completed,online,2025-08-10,NO
1891,38273,67845,583.33,completed,online,2025-08-10,NO
2699,13535,69433,553.55,completed,online,2025-08-10,NO
4637,1350,69502,32.49,completed,online,2025-08-10,NO
1,24074,69604,1968.15,failed,online,2025-08-10,NO
1765,18334,69656,444.74,failed,online,2025-08-10,NO
1733,10883,71950,513.28,failed,online,2025-08-10,NO
1719,12688,72072,727.11,completed,online,2025-08-10,NO
4737,38005,72677,1018.39,completed,online,2025-08-10,NO
4498,9004,76100,852.6,failed,online,2025-08-10,NO
3286,638,78757,1967.82,failed,online,2025-08-10,NO
1035,38857,79268,1003.26,failed,online,2025-08-10,NO
2207,7318,84966,1446.03,completed,online,2025-08-10,NO
2745,20300,87805,259.99,completed,online,2025-08-10,NO
4559,42454,88296,1758.23,failed,online,2025-08-10,NO
647,37946,89255,94.88,completed,online,2025-08-10,NO
833,5753,93347,1308.65,completed,online,2025-08-10,NO
2955,11660,94433,788.96,failed,online,2025-08-10,NO
3917,2724,97602,413.42,completed,online,2025-08-10,NO
4641,2468,99445,101.76,completed,online,2025-08-10,NO
1,7922,99765,712.06,completed,online,2025-08-10,NO
994,24612,101430,1418.36,failed,online,2025-08-10,NO
546,15516,103989,385.92,completed,online,2025-08-10,NO
61,14981,104119,481.99,completed,online,2025-08-10,NO
4818,36455,104133,1243.98,completed,online,2025-08-10,NO
1,27457,109064,1505.05,failed,online,2025-08-10,NO
3788,38592,112757,1283.61,failed,online,2025-08-10,NO
3502,23161,113084,918.78,completed,online,2025-08-10,NO
1752,21595,117094,1597.27,failed,online,2025-08-10,NO
1471,15585,117856,1311.05,failed,online,2025-08-10,NO
234,48320,119567,1395.04,completed,online,2025-08-10,NO
794,24185,120419,600.34,completed,online,2025-08-10,NO
1979,37943,121870,788.01,completed,online,2025-08-10,NO
2558,45461,122385,800.92,failed,online,2025-08-10,NO
1255,40561,122730,1453.82,completed,online,2025-08-10,NO
3071,48293,123843,1227.78,failed,online,2025-08-10,NO
387,44914,123872,1594.01,completed,online,2025-08-10,NO
1482,49723,125036,406.82,failed,online,2025-08-10,NO
1299,2241,129670,843.58,failed,online,2025-08-10,NO
350,37912,135425,1220.5,failed,online,2025-08-10,NO
1,46182,137197,1380.87,completed,online,2025-08-10,NO
584,42950,138040,870.13,completed,online,2025-08-10,NO
1970,4904,139134,1926.21,completed,online,2025-08-10,NO
895,13592,140612,717.65,completed,online,2025-08-10,NO
1564,573,140755,243.13,completed,online,2025-08-10,NO
2128,32525,142012,434.02,completed,online,2025-08-10,NO
3377,6948,645,1484.83,failed,online,2025-12-23,NO
305,11538,3204,1999.58,failed,online,2025-12-23,NO
357,43470,6164,943.89,completed,online,2025-12-23,NO
1588,26047,9913,1467.72,completed,online,2025-12-23,NO
2419,5930,10329,1765.63,failed,online,2025-12-23,NO
509,310,10519,888.48,completed,online,2025-12-23,NO
1,11829,19041,1543.33,completed,online,2025-12-23,NO
3266,7825,19233,910.29,failed,online,2025-12-23,NO
3043,26132,19830,1125.95,completed,online,2025-12-23,NO
3452,36909,20005,1582.56,completed,online,2025-12-23,NO
2684,31324,21038,1229.56,completed,online,2025-12-23,NO
1588,48106,22131,143.07,failed,online,2025-12-23,NO
1,6695,22934,427.55,completed,online,2025-12-23,NO
3038,29,34045,364.42,completed,online,2025-12-23,NO
2423,37019,37817,1279.4,failed,online,2025-12-23,NO
2455,23154,40674,724.02,completed,online,2025-12-23,NO
1100,45176,41260,1531.37,completed,online,2025-12-23,NO
65,21245,43621,902.54,completed,online,2025-12-23,NO
1,2276,46165,34.53,failed,online,2025-12-23,NO
190,45427,51105,1507.72,completed,online,2025-12-23,NO
3267,12730,52788,1486.78,failed,online,2025-12-23,NO
2912,13573,53531,693.59,failed,online,2025-12-23,NO
3369,38805,55423,1561.38,failed,online,2025-12-23,NO
1003,16258,56639,458.24,failed,online,2025-12-23,NO
974,29182,56976,140.2,completed,online,2025-12-23,NO
4294,22401,57497,1477.98,failed,online,2025-12-23,NO
581,49204,58424,1542.98,completed,online,2025-12-23,NO
1,27527,59738,690.61,failed,online,2025-12-23,NO
3135,25927,60932,884.12,completed,online,2025-12-23,NO
415,22699,62451,1946.91,completed,online,2025-12-23,NO
3484,34852,63749,1808.54,failed,online,2025-12-23,NO
3917,23406,64517,898.85,failed,online,2025-12-23,NO
1334,6755,72616,1006.53,completed,online,2025-12-23,NO
4951,28458,77841,179.61,failed,online,2025-12-23,NO
703,17450,78004,103.24,completed,online,2025-12-23,NO
2147,48802,85194,108.82,failed,online,2025-12-23,NO
3672,11814,85682,774.44,failed,online,2025-12-23,NO
1,43807,87248,1687.29,completed,online,2025-12-23,NO
1522,19019,87873,1884.55,completed,online,2025-12-23,NO
2973,28231,88917,453.15,completed,online,2025-12-23,NO
4083,30202,89063,1727.39,failed,online,2025-12-23,NO
2884,8585,91238,1164.68,failed,online,2025-12-23,NO
1,41087,91401,726.32,completed,online,2025-12-23,NO
201,38097,95912,1462.22,completed,online,2025-12-23,NO
1,23814,95961,162.08,failed,online,2025-12-23,NO
3226,38715,96771,1796.9,completed,online,2025-12-23,NO
444,20085,98166,725.48,completed,online,2025-12-23,NO
469,10759,99377,1373.03,completed,online,2025-12-23,NO
4297,39560,99886,172.43,completed,online,2025-12-23,NO
873,40227,100213,1962.67,completed,online,2025-12-23,NO
1,44786,100842,395.91,completed,online,2025-12-23,NO
3214,45872,103949,1813.52,failed,online,2025-12-23,NO
1,2372,105162,1445.47,failed,UNKNOWN,2025-12-23,NO
1,42809,106489,361.62,failed,online,2025-12-23,NO
3408,23748,107358,667.81,completed,online,2025-12-23,NO
1,27694,114013,1675.78,failed,online,2025-12-23,NO
3345,44077,115953,404.86,completed,online,2025-12-23,NO
1877,43792,116445,340.54,completed,online,2025-12-23,NO
1,33488,119939,268.0,completed,online,2025-12-23,NO
3654,14218,121093,481.14,completed,online,2025-12-23,NO
4239,33137,122614,813.08,completed,online,2025-12-23,NO
1,20714,122779,1515.5,failed,online,2025-12-23,NO
2084,29344,122847,1173.11,failed,online,2025-12-23,NO
4841,46228,123099,33.36,completed,online,2025-12-23,NO
1,1213,123216,859.07,failed,online,2025-12-23,NO
4711,14225,123615,866.39,failed,online,2025-12-23,NO
4300,12520,124085,931.1,failed,online,2025-12-23,NO
3239,32174,125241,651.85,failed,online,2025-12-23,NO
1034,37243,125423,488.2,failed,online,2025-12-23,NO
607,17297,125941,1366.22,completed,online,2025-12-23,NO
3465,6624,130243,874.47,completed,online,2025-12-23,NO
3527,44565,137764,1203.49,failed,online,2025-12-23,NO
4378,22798,138773,1605.83,failed,online,2025-12-23,NO
2487,29022,139612,78.28,completed,online,2025-12-23,NO
2764,26997,141368,1452.02,completed,online,2025-12-23,NO
1498,25359,142616,1924.16,failed,online,2025-12-23,NO
4218,41632,147708,672.38,failed,online,2025-12-23,NO
1555,20586,149886,1245.56,failed,online,2025-12-23,NO
3206,39752,270,1154.78,completed,online,2025-12-12,NO
1,18172,864,1691.01,completed,online,2025-12-12,NO
3489,14972,3901,1832.63,failed,online,2025-12-12,NO
1,28050,5754,514.11,completed,online,2025-12-12,NO
123,27991,10203,1527.13,completed,online,2025-12-12,NO
2891,11790,13296,278.71,completed,online,2025-12-12,NO
1083,5322,16361,1248.98,failed,online,2025-12-12,NO
3972,3218,18180,806.91,failed,online,2025-12-12,NO
283,10227,22683,31.93,failed,online,2025-12-12,NO
2271,11839,23245,658.75,failed,online,2025-12-12,NO
1903,9840,30192,1079.97,failed,online,2025-12-12,NO
1157,39569,30505,1525.17,failed,online,2025-12-12,NO
2008,39225,31831,1695.92,completed,online,2025-12-12,NO
1567,5837,33088,1721.26,failed,online,2025-12-12,NO
2926,31072,34065,843.46,failed,online,2025-12-12,NO
2528,28627,34332,1933.7,completed,online,2025-12-12,NO
2698,39188,35824,1229.29,completed,online,2025-12-12,NO
2944,40981,38518,570.54,failed,online,2025-12-12,NO
1470,3896,45582,115.8,failed,online,2025-12-12,NO
1,32168,46602,1214.48,failed,online,2025-12-12,NO
3832,12803,46613,1353.44,completed,online,2025-12-12,NO
4493,32114,47131,587.16,failed,online,2025-12-12,NO
1848,49682,48197,568.35,failed,online,2025-12-12,NO
1728,26619,49427,913.74,failed,online,2025-12-12,NO
1713,14999,57966,670.4,failed,online,2025-12-12,NO
1,31352,58036,443.61,failed,online,2025-12-12,NO
1,29437,58131,849.43,completed,online,2025-12-12,NO
1,4417,59644,441.66,completed,online,2025-12-12,NO
3149,27123,61623,1899.72,failed,online,2025-12-12,NO
3985,23045,62141,283.79,completed,online,2025-12-12,NO
607,24905,63740,595.72,failed,online,2025-12-12,NO
1,7335,65289,770.86,failed,online,2025-12-12,NO
2954,47270,66506,519.05,failed,online,2025-12-12,NO
3625,49720,67383,1418.46,failed,online,2025-12-12,NO
3770,35658,68851,1541.5,completed,online,2025-12-12,NO
4022,46392,68852,1518.04,failed,online,2025-12-12,NO
1,13471,71899,273.24,completed,online,2025-12-12,NO
565,30821,73412,313.95,failed,online,2025-12-12,NO
1779,18500,74994,1355.8,completed,online,2025-12-12,NO
891,37123,76577,116.61,completed,online,2025-12-12,NO
1,44308,76898,309.68,completed,UNKNOWN,2025-12-12,NO
1,6563,77839,415.71,failed,online,2025-12-12,NO
4215,46035,81523,426.23,failed,online,2025-12-12,NO
2696,24093,87240,938.49,failed,online,2025-12-12,NO
1512,32316,87778,240.53,completed,online,2025-12-12,NO
3542,30750,88329,1522.38,completed,online,2025-12-12,NO
1665,34444,88723,1085.78,completed,online,2025-12-12,NO
4374,42436,93194,601.99,completed,online,2025-12-12,NO
4040,5692,97588,767.36,completed,online,2025-12-12,NO
1575,46310,98110,1293.26,completed,online,2025-12-12,NO
2260,10666,98266,33.16,completed,online,2025-12-12,NO
1136,44638,98987,967.17,completed,online,2025-12-12,NO
1150,10195,100581,1014.24,completed,online,2025-12-12,NO
1,24848,102755,1178.85,completed,online,2025-12-12,NO
2737,37820,104395,1087.79,completed,online,2025-12-12,NO
4145,2636,104696,453.44,completed,online,2025-12-12,NO
1027,39667,106023,116.34,completed,online,2025-12-12,NO
1,8195,111602,409.78,failed,online,2025-12-12,NO
4123,27803,115325,1402.79,failed,online,2025-12-12,NO
2350,17684,115343,1214.5,completed,online,2025-12-12,NO
4787,19777,121473,1133.75,completed,online,2025-12-12,NO
1,34311,123763,100.35,failed,UNKNOWN,2025-12-12,NO
1407,17514,126199,1508.01,completed,online,2025-12-12,NO
4131,29515,127410,1910.91,failed,online,2025-12-12,NO
3669,17270,127828,590.93,failed,online,2025-12-12,NO
3551,45590,130292,826.03,completed,online,2025-12-12,NO
2396,39401,133871,781.85,completed,online,2025-12-12,NO
915,27285,134238,824.02,failed,online,2025-12-12,NO
1660,33491,135213,243.57,failed,online,2025-12-12,NO
4396,14801,135490,196.81,completed,online,2025-12-12,NO
41,16298,137360,1511.66,failed,online,2025-12-12,NO
2950,14489,138421,1588.19,completed,online,2025-12-12,NO
2606,38664,140946,97.64,failed,online,2025-12-12,NO
1536,5569,141024,1017.22,failed,online,2025-12-12,NO
2148,48088,145160,70.11,failed,online,2025-12-12,NO
3670,44780,147321,1231.6,completed,online,2025-12-12,NO
4692,19547,148602,533.93,failed,online,2025-12-12,NO
322,37004,149507,1368.37,completed,online,2025-12-12,NO
1,45559,1865,420.94,failed,online,2025-04-13,NO
4460,32496,1957,1419.19,failed,online,2025-04-13,NO
480,26604,4787,15.2,failed,online,2025-04-13,NO
1,17113,8801,1952.76,failed,online,2025-04-13,NO
3681,49585,9536,998.35,failed,online,2025-04-13,NO
338,33373,11129,520.49,completed,online,2025-04-13,NO
2458,9368,16105,377.46,completed,online,2025-04-13,NO
1643,11215,17096,247.05,failed,online,2025-04-13,NO
1849,8677,17863,1723.38,completed,online,2025-04-13,NO
1932,27857,20213,169.78,failed,online,2025-04-13,NO
3974,12433,27919,888.67,failed,online,2025-04-13,NO
4149,2150,27992,989.65,completed,online,2025-04-13,NO
1940,728,29072,1071.47,completed,online,2025-04-13,NO
4664,24696,36752,1742.47,failed,online,2025-04-13,NO
2839,935,42074,1683.04,failed,online,2025-04-13,NO
3687,28529,42535,1472.63,completed,online,2025-04-13,NO
2484,49316,42653,30.23,failed,online,2025-04-13,NO
999,38736,43136,538.3,completed,online,2025-04-13,NO
1,28924,44009,233.0,completed,online,2025-04-13,NO
285,5828,47148,1851.92,failed,online,2025-04-13,NO
4704,12938,48173,1830.6,failed,online,2025-04-13,NO
2926,24518,49999,524.49,completed,online,2025-04-13,NO
2788,5793,50225,1131.62,completed,online,2025-04-13,NO
3444,28619,51064,706.08,failed,online,2025-04-13,NO
1,31804,53935,1679.66,completed,online,2025-04-13,NO
181,34643,54555,1716.78,failed,online,2025-04-13,NO
1997,23293,55263,668.13,completed,online,2025-04-13,NO
2490,38402,55537,1293.68,completed,online,2025-04-13,NO
3915,9991,56015,648.78,completed,online,2025-04-13,NO
222,22734,57237,1862.79,failed,online,2025-04-13,NO
3629,20281,57297,519.28,failed,online,2025-04-13,NO
834,38369,59283,449.43,completed,online,2025-04-13,NO
4339,27083,59502,185.21,failed,online,2025-04-13,NO
3467,3927,62919,679.95,completed,online,2025-04-13,NO
256,26737,63609,1650.45,completed,online,2025-04-13,NO
1,13677,65193,388.44,completed,online,2025-04-13,NO
4430,27996,65366,1540.0,failed,online,2025-04-13,NO
1432,2315,69530,73.62,failed,online,2025-04-13,NO
197,10734,71248,1405.05,completed,online,2025-04-13,NO
1,44260,75176,580.7,failed,online,2025-04-13,NO
1334,37065,76547,1636.46,failed,online,2025-04-13,NO
3041,3919,79076,1652.61,completed,online,2025-04-13,NO
266,15858,84078,1831.85,failed,online,2025-04-13,NO
781,1271,86848,205.93,failed,online,2025-04-13,NO
4369,17760,87551,795.7,failed,online,2025-04-13,NO
1943,9577,91173,1815.52,completed,UNKNOWN,2025-04-13,NO
950,47414,91771,410.77,completed,online,2025-04-13,NO
1906,25936,91840,544.63,failed,online,2025-04-13,NO
4539,20346,96186,1440.73,completed,online,2025-04-13,NO
3309,22156,98572,1087.87,completed,online,2025-04-13,NO
1577,5064,99737,1994.92,completed,online,2025-04-13,NO
2623,11985,102660,340.56,failed,online,2025-04-13,NO
119,24460,102705,627.13,failed,online,2025-04-13,NO
4685,45072,103053,1208.38,failed,online,2025-04-13,NO
3997,32359,103387,1863.3,completed,online,2025-04-13,NO
2981,42143,110096,1525.17,completed,online,2025-04-13,NO
3003,31809,114589,616.62,completed,online,2025-04-13,NO
4835,36698,116606,827.76,failed,online,2025-04-13,NO
1717,5479,117404,1193.3,failed,online,2025-04-13,NO
4310,40992,118474,939.02,completed,online,2025-04-13,NO
1425,26086,119221,1118.76,completed,online,2025-04-13,NO
403,32299,120580,1281.77,completed,online,2025-04-13,NO
1366,47678,122188,1710.98,completed,online,2025-04-13,NO
1812,991,122267,1632.24,failed,online,2025-04-13,NO
1,12791,125143,1778.12,completed,online,2025-04-13,NO
1,23618,125482,1155.34,completed,online,2025-04-13,NO
1304,21182,128501,1696.99,completed,online,2025-04-13,NO
1898,29501,128644,832.0,failed,online,2025-04-13,NO
1,33901,130256,1717.09,completed,online,2025-04-13,NO
4265,5496,136504,984.1,completed,online,2025-04-13,NO
1,49419,137126,488.48,completed,online,2025-04-13,NO
4758,17331,138161,103.53,completed,online,2025-04-13,NO
4626,2453,140786,738.99,failed,online,2025-04-13,NO
4558,29669,144389,1171.97,failed,online,2025-04-13,NO
1,15867,148315,381.8,completed,online,2025-04-13,NO
3456,43217,148419,274.71,completed,online,2025-04-13,NO
1,40047,149588,64.78,completed,online,2025-04-13,NO
2518,46791,149747,358.02,completed,online,2025-04-13,NO
1,36273,4881,645.74,completed,online,2025-08-18,NO
1,28662,8788,1230.72,failed,online,2025-08-18,NO
2062,27264,13007,1639.53,failed,online,2025-08-18,NO
3960,16238,14834,564.97,completed,online,2025-08-18,NO
4385,13404,19158,1452.53,completed,online,2025-08-18,NO
4717,20183,27158,1688.57,completed,online,2025-08-18,NO
1,37942,30279,361.92,completed,online,2025-08-18,NO
2953,27822,31389,1691.08,failed,online,2025-08-18,NO
722,43880,32117,806.38,completed,online,2025-08-18,NO
898,49454,32326,324.64,failed,online,2025-08-18,NO
4340,27676,32973,860.92,failed,online,2025-08-18,NO
4374,47590,38144,189.03,failed,online,2025-08-18,NO
1771,4321,39087,305.96,completed,online,2025-08-18,NO
1406,43575,39713,1386.27,completed,online,2025-08-18,NO
4564,30644,41019,603.27,failed,online,2025-08-18,NO
1,1810,41183,143.25,failed,UNKNOWN,2025-08-18,NO
4202,39730,43626,305.53,failed,online,2025-08-18,NO
4284,32639,45944,378.24,failed,online,2025-08-18,NO
2469,4745,46300,106.05,completed,online,2025-08-18,NO
4404,24550,48635,330.81,failed,online,2025-08-18,NO
1,7816,49321,1523.02,failed,online,2025-08-18,NO
1574,4551,49548,1831.3,failed,online,2025-08-18,NO
793,34378,56357,574.49,failed,online,2025-08-18,NO
1,2497,58213,1470.05,completed,online,2025-08-18,NO
355,39569,59122,1999.31,completed,online,2025-08-18,NO
2139,15851,59372,755.14,failed,online,2025-08-18,NO
2356,13854,66988,1912.16,completed,online,2025-08-18,NO
4687,27865,68169,600.35,completed,online,2025-08-18,NO
4124,2092,69393,1014.29,failed,online,2025-08-18,NO
2075,14856,72928,224.43,completed,online,2025-08-18,NO
1047,2720,74376,1057.04,failed,online,2025-08-18,NO
3772,43105,75381,1548.42,failed,online,2025-08-18,NO
1,14387,76494,1985.61,completed,online,2025-08-18,NO
2315,333,77988,1655.69,failed,online,2025-08-18,NO
4825,37937,81385,182.47,failed,online,2025-08-18,NO
1,38389,82427,261.87,failed,online,2025-08-18,NO
2222,29558,83319,787.66,failed,online,2025-08-18,NO
2831,30977,83532,830.83,failed,online,2025-08-18,NO
1743,18385,84758,1667.97,failed,online,2025-08-18,NO
1472,10860,87483,633.12,completed,online,2025-08-18,NO
4615,39302,89504,562.91,completed,online,2025-08-18,NO
1963,37472,89896,289.03,failed,online,2025-08-18,NO
3224,25029,92993,553.62,failed,online,2025-08-18,NO
4855,38072,93147,1296.86,failed,online,2025-08-18,NO
4185,34830,94237,1285.23,failed,online,2025-08-18,NO
1865,7385,95661,689.75,failed,online,2025-08-18,NO
1471,600,96059,660.3,failed,online,2025-08-18,NO
1549,25159,96191,923.79,failed,online,2025-08-18,NO
4184,28510,96624,656.06,completed,online,2025-08-18,NO
770,734,97447,1678.13,failed,online,2025-08-18,NO
1,27858,97970,334.11,completed,online,2025-08-18,NO
1694,30330,107467,1977.36,completed,online,2025-08-18,NO
3896,1212,108194,1049.93,completed,online,2025-08-18,NO
3866,13712,108332,1089.5,failed,UNKNOWN,2025-08-18,NO
1,2328,109210,963.6,completed,online,2025-08-18,NO
763,37631,109434,187.27,completed,online,2025-08-18,NO
4135,49092,109797,470.19,failed,online,2025-08-18,NO
3337,31262,111009,1737.81,failed,online,2025-08-18,NO
150,5211,112930,1179.46,completed,online,2025-08-18,NO
1,19616,114953,1100.26,completed,online,2025-08-18,NO
1897,37168,116295,655.17,completed,online,2025-08-18,NO
3378,47655,117233,1166.14,completed,online,2025-08-18,NO
1210,14649,117718,344.53,failed,online,2025-08-18,NO
3166,22193,119802,465.03,completed,UNKNOWN,2025-08-18,NO
1126,45673,119884,782.85,failed,online,2025-08-18,NO
1608,33740,120342,1924.26,completed,online,2025-08-18,NO
3431,36600,121816,953.48,failed,online,2025-08-18,NO
2546,28094,122796,628.95,completed,online,2025-08-18,NO
2667,16972,122952,1070.99,completed,online,2025-08-18,NO
4206,46215,127447,1510.05,failed,online,2025-08-18,NO
1,29154,139299,1774.46,failed,online,2025-08-18,NO
381,13458,140029,1077.34,completed,online,2025-08-18,NO
1103,13152,140669,1280.71,completed,online,2025-08-18,NO
920,24152,140673,43.18,completed,online,2025-08-18,NO
3576,18530,144263,435.4,failed,online,2025-08-18,NO
1,48760,146448,358.76,completed,online,2025-08-18,NO
239,44577,148243,1763.87,completed,online,2025-08-18,NO
1363,21884,148947,1444.27,completed,online,2025-08-18,NO
1,34566,1144,108.2,failed,online,2025-01-11,NO
1256,436,1326,641.03,completed,UNKNOWN,2025-01-11,NO
2217,40636,2565,1412.68,failed,online,2025-01-11,NO
4020,19193,5243,571.72,failed,online,2025-01-11,NO
2718,23615,5247,1194.94,completed,online,2025-01-11,NO
326,506,7815,1565.29,completed,online,2025-01-11,NO
1,14346,12078,1770.64,failed,online,2025-01-11,NO
1595,9286,14905,298.84,failed,online,2025-01-11,NO
399,49531,16874,1719.25,failed,online,2025-01-11,NO
3004,35465,20318,1283.93,completed,online,2025-01-11,NO
1,21044,22835,228.38,completed,online,2025-01-11,NO
3212,44477,23602,1687.0,failed,online,2025-01-11,NO
4755,47736,25588,993.8,completed,online,2025-01-11,NO
4323,17362,27353,851.73,failed,online,2025-01-11,NO
1039,13292,30363,63.89,completed,online,2025-01-11,NO
2297,12725,35389,1810.49,failed,online,2025-01-11,NO
1754,44101,37422,194.73,failed,online,2025-01-11,NO
2389,38930,39117,665.22,failed,online,2025-01-11,NO
1958,6996,40916,643.24,failed,online,2025-01-11,NO
2466,3655,41524,1922.58,completed,online,2025-01-11,NO
3691,48268,43668,1488.7,failed,online,2025-01-11,NO
189,45096,45803,1790.55,failed,online,2025-01-11,NO
3028,14672,46404,47.23,failed,online,2025-01-11,NO
1,42570,46724,1168.68,completed,online,2025-01-11,NO
1,23137,48841,1174.22,completed,UNKNOWN,2025-01-11,NO
1,47263,49023,812.52,failed,online,2025-01-11,NO
1446,17119,49708,235.75,completed,online,2025-01-11,NO
3822,39448,51570,1584.44,completed,online,2025-01-11,NO
3880,1001,52656,799.69,failed,online,2025-01-11,NO
3894,8138,54464,434.52,failed,online,2025-01-11,NO
2001,32617,55328,1287.81,completed,online,2025-01-11,NO
2211,28836,55446,1543.84,failed,online,2025-01-11,NO
1,20814,56883,1898.55,completed,online,2025-01-11,NO
2718,19981,57158,1679.58,failed,online,2025-01-11,NO
1,48867,57948,1042.07,failed,online,2025-01-11,NO
3606,30013,60851,234.32,failed,online,2025-01-11,NO
1386,42584,61627,403.87,completed,online,2025-01-11,NO
1,47675,63665,19.74,failed,online,2025-01-11,NO
2303,47991,64362,1332.25,failed,online,2025-01-11,NO
2933,30684,65495,970.62,failed,online,2025-01-11,NO
2336,47089,75303,1903.62,completed,online,2025-01-11,NO
4390,29593,76698,254.83,failed,online,2025-01-11,NO
4298,32782,79512,520.14,failed,online,2025-01-11,NO
4100,36583,79828,7545.743834691606,failed,online,2025-01-11,NO
4673,32283,80933,479.2,completed,online,2025-01-11,NO
3245,28774,83203,1797.12,failed,online,2025-01-11,NO
3292,42278,83623,1514.53,failed,online,2025-01-11,NO
1570,32856,85632,1535.55,failed,online,2025-01-11,NO
3064,46453,86680,365.48,failed,online,2025-01-11,NO
4917,46085,87036,1807.56,completed,online,2025-01-11,NO
1682,27960,87496,1144.56,failed,online,2025-01-11,NO
3868,12664,88625,661.05,failed,online,2025-01-11,NO
361,23990,90681,7911.677388475907,completed,online,2025-01-11,NO
3703,47605,93982,507.32,failed,online,2025-01-11,NO
1,38340,94766,628.44,failed,online,2025-01-11,NO
3451,2377,94993,1697.53,completed,online,2025-01-11,NO
2747,34871,98312,1154.53,completed,online,2025-01-11,NO
1193,27495,100309,168.89,completed,online,2025-01-11,NO
1,44309,104374,255.3,completed,online,2025-01-11,NO
2363,1098,107774,257.54,completed,online,2025-01-11,NO
2879,2666,108052,1775.76,failed,online,2025-01-11,NO
2917,6571,113370,1025.14,failed,online,2025-01-11,NO
1,17074,113756,1443.48,completed,online,2025-01-11,NO
2873,41785,115118,1662.69,failed,online,2025-01-11,NO
998,23524,116639,18.72,failed,online,2025-01-11,NO
1,24891,119614,223.07,failed,online,2025-01-11,NO
4313,32214,127580,1933.54,completed,online,2025-01-11,NO
1595,38232,129046,1331.82,completed,online,2025-01-11,NO
1312,18939,130358,910.01,completed,online,2025-01-11,NO
1,23250,130427,1516.45,failed,online,2025-01-11,NO
3798,1831,135946,1569.67,failed,online,2025-01-11,NO
3772,16099,138318,130.04,failed,online,2025-01-11,NO
352,44481,139722,1376.45,completed,online,2025-01-11,NO
1019,11166,139950,218.67,failed,online,2025-01-11,NO
1,40180,140483,819.43,completed,online,2025-01-11,NO
2306,4153,145015,1968.08,completed,online,2025-01-11,NO
4650,38989,147676,1428.13,completed,online,2025-01-11,NO
218,11052,148769,625.84,completed,online,2025-01-11,NO
2056,40455,1893,1720.31,failed,online,2025-08-21,NO
4620,8601,4825,154.65,completed,online,2025-08-21,NO
3995,9625,5412,1997.27,completed,online,2025-08-21,NO
3708,29543,6593,1829.3,failed,online,2025-08-21,NO
1,12378,9464,1038.11,failed,online,2025-08-21,NO
4527,29375,12812,125.64,failed,online,2025-08-21,NO
2635,32266,13281,1599.15,failed,UNKNOWN,2025-08-21,NO
1292,4636,15475,670.27,failed,online,2025-08-21,NO
4600,18513,15731,1957.32,failed,UNKNOWN,2025-08-21,NO
1,47103,17199,1736.77,failed,online,2025-08-21,NO
1784,38632,17716,1828.51,failed,online,2025-08-21,NO
4122,47019,18493,1849.69,completed,online,2025-08-21,NO
3941,31264,22242,738.22,completed,online,2025-08-21,NO
4850,10131,26715,1385.97,completed,online,2025-08-21,NO
4320,5973,28520,329.14,failed,online,2025-08-21,NO
1,39904,33104,1266.98,completed,online,2025-08-21,NO
2932,22006,34303,456.46,completed,online,2025-08-21,NO
3003,46031,34335,305.8,failed,online,2025-08-21,NO
1074,10754,36841,824.5,failed,online,2025-08-21,NO
4418,8964,38265,133.76,failed,online,2025-08-21,NO
1,40625,40236,1487.05,completed,online,2025-08-21,NO
936,17112,43635,765.76,failed,online,2025-08-21,NO
2887,17414,47564,873.44,completed,online,2025-08-21,NO
2221,5778,47569,673.48,completed,online,2025-08-21,NO
2241,30897,48670,1045.83,failed,online,2025-08-21,NO
2498,44277,49512,994.92,completed,online,2025-08-21,NO
2803,49932,51303,1060.32,failed,online,2025-08-21,NO
4817,37958,52774,1905.3,completed,online,2025-08-21,NO
1643,43107,53625,1202.56,completed,online,2025-08-21,NO
1521,43652,54431,1168.5,failed,online,2025-08-21,NO
3821,26239,54951,1457.87,failed,online,2025-08-21,NO
4020,27112,58800,451.4,failed,online,2025-08-21,NO
3356,27141,59309,281.72,completed,online,2025-08-21,NO
1,22874,59482,873.72,failed,online,2025-08-21,NO
1220,41855,59730,1043.17,completed,online,2025-08-21,NO
3827,39593,60441,650.35,completed,online,2025-08-21,NO
1,26311,64051,1206.17,failed,online,2025-08-21,NO
1,48727,66172,200.67,failed,online,2025-08-21,NO
2097,33863,66540,807.68,completed,online,2025-08-21,NO
1913,38282,66767,1347.66,failed,online,2025-08-21,NO
1,12128,68291,1385.54,failed,online,2025-08-21,NO
2070,5705,70332,1871.11,failed,online,2025-08-21,NO
677,24226,71422,1163.97,failed,online,2025-08-21,NO
4626,5486,71653,1520.86,failed,online,2025-08-21,NO
1,29490,72325,1066.67,failed,online,2025-08-21,NO
1,8239,72596,1069.08,failed,online,2025-08-21,NO
1330,27680,73812,1072.43,failed,online,2025-08-21,NO
1,45233,79256,119.95,failed,online,2025-08-21,NO
1990,16035,85626,1729.73,completed,online,2025-08-21,NO
1852,47435,88656,961.91,failed,online,2025-08-21,NO
2919,48894,92927,977.57,completed,online,2025-08-21,NO
3705,36485,93669,501.1,completed,online,2025-08-21,NO
1037,1122,97159,486.74,completed,online,2025-08-21,NO
2465,10338,99613,1736.38,completed,online,2025-08-21,NO
4802,27894,101939,1470.96,completed,online,2025-08-21,NO
986,46396,102219,316.75,completed,online,2025-08-21,NO
2859,14463,105272,193.57,completed,online,2025-08-21,NO
4241,14596,109462,1462.62,failed,online,2025-08-21,NO
1,15647,109778,872.75,completed,online,2025-08-21,NO
1853,2912,110308,956.89,failed,online,2025-08-21,NO
1,26043,112807,1399.07,failed,online,2025-08-21,NO
1541,8572,113118,1036.86,failed,online,2025-08-21,NO
310,47219,114025,1699.81,completed,online,2025-08-21,NO
4655,35290,114110,626.71,failed,online,2025-08-21,NO
2054,11882,120684,83.29,completed,online,2025-08-21,NO
1,20309,120822,1055.66,completed,online,2025-08-21,NO
2776,16702,121409,633.96,failed,online,2025-08-21,NO
2776,32346,123136,1077.42,failed,online,2025-08-21,NO
2885,42406,127265,985.04,completed,online,2025-08-21,NO
1494,32536,129785,969.02,completed,online,2025-08-21,NO
2218,37632,131494,1639.68,failed,online,2025-08-21,NO
3980,22714,131621,1037.81,completed,online,2025-08-21,NO
3360,49749,132146,96.64,completed,online,2025-08-21,NO
1554,45496,137339,920.8,completed,online,2025-08-21,NO
1483,43835,138507,1460.95,completed,online,2025-08-21,NO
3634,13114,141408,1880.09,failed,online,2025-08-21,NO
2708,29680,143195,1707.64,failed,online,2025-08-21,NO
446,212,147516,526.02,completed,online,2025-08-21,NO
1351,3293,526,607.7,failed,online,2025-02-13,NO
2190,15001,3070,576.25,failed,online,2025-02-13,NO
282,1186,6121,1813.18,completed,online,2025-02-13,NO
1,14811,6441,1397.54,failed,online,2025-02-13,NO
659,6187,11102,133.78,failed,online,2025-02-13,NO
607,6675,14304,1965.59,failed,online,2025-02-13,NO
2563,34087,15682,1099.55,completed,online,2025-02-13,NO
2582,27535,16325,1436.06,failed,online,2025-02-13,NO
1,7841,17110,421.83,failed,online,2025-02-13,NO
4644,11381,19020,77.26,failed,online,2025-02-13,NO
3458,48925,21211,1269.53,completed,online,2025-02-13,NO
975,534,21444,783.03,failed,online,2025-02-13,NO
4620,42841,23307,1747.93,completed,online,2025-02-13,NO
754,22799,23678,1804.91,completed,online,2025-02-13,NO
1,46116,23744,1499.91,completed,online,2025-02-13,NO
3197,43384,24266,842.29,completed,online,2025-02-13,NO
1,30655,24773,76.77,completed,online,2025-02-13,NO
3465,24439,25760,1683.41,completed,online,2025-02-13,NO
287,24285,25915,426.41,completed,online,2025-02-13,NO
4846,18127,29221,1136.33,completed,online,2025-02-13,NO
2736,28477,29756,449.23,failed,online,2025-02-13,NO
1942,39965,29963,475.12,completed,online,2025-02-13,NO
1,43262,32369,494.06,completed,online,2025-02-13,NO
1,16815,34279,419.98,completed,online,2025-02-13,NO
2805,1892,40594,693.58,failed,online,2025-02-13,NO
882,35803,40783,167.09,completed,online,2025-02-13,NO
3112,45886,41863,48.4,completed,online,2025-02-13,NO
590,37932,43731,1573.97,completed,online,2025-02-13,NO
2490,46662,44110,340.26,completed,online,2025-02-13,NO
1696,994,49193,508.43,failed,online,2025-02-13,NO
4810,21378,49705,1576.51,completed,online,2025-02-13,NO
1985,24430,51887,768.03,failed,online,2025-02-13,NO
4201,28885,55438,384.82,completed,online,2025-02-13,NO
1,19405,58301,1318.04,failed,UNKNOWN,2025-02-13,NO
3876,30881,58381,1306.23,completed,online,2025-02-13,NO
4033,24972,65362,1312.68,completed,online,2025-02-13,NO
4084,33759,68861,1912.92,completed,online,2025-02-13,NO
4309,38804,70682,1244.84,failed,online,2025-02-13,NO
1113,11608,73177,1380.88,completed,online,2025-02-13,NO
1074,33325,79329,181.13,completed,online,2025-02-13,NO
1428,20891,80414,1017.78,failed,online,2025-02-13,NO
3944,4270,82367,353.64,completed,online,2025-02-13,NO
4000,48694,83879,39.51,failed,online,2025-02-13,NO
4611,27144,85164,1595.26,completed,online,2025-02-13,NO
4731,10550,86380,116.67,completed,online,2025-02-13,NO
1,26819,94092,1777.65,failed,online,2025-02-13,NO
1166,44141,94854,433.17,failed,online,2025-02-13,NO
2506,49997,95048,1657.99,failed,online,2025-02-13,NO
4961,44611,97593,1295.93,completed,online,2025-02-13,NO
3420,164,103360,1690.15,failed,online,2025-02-13,NO
3776,28920,105904,1732.35,failed,online,2025-02-13,NO
1549,6726,107514,342.8,completed,online,2025-02-13,NO
333,1616,108049,1061.15,completed,online,2025-02-13,NO
1,23789,109211,1747.0,completed,online,2025-02-13,NO
381,1564,110097,564.04,completed,online,2025-02-13,NO
1,8109,110132,1027.44,completed,online,2025-02-13,NO
56,28925,111137,629.15,failed,UNKNOWN,2025-02-13,NO
1814,41958,111384,1566.69,failed,online,2025-02-13,NO
4892,27808,112621,1620.92,failed,online,2025-02-13,NO
1,45767,114784,254.36,failed,online,2025-02-13,NO
1328,23561,120400,1877.63,failed,online,2025-02-13,NO
1,41037,120832,394.99,failed,online,2025-02-13,NO
1535,44340,122201,364.64,failed,online,2025-02-13,NO
4362,18953,123560,358.2,completed,online,2025-02-13,NO
4702,27275,124769,588.67,completed,online,2025-02-13,NO
1,23837,125269,1385.78,failed,online,2025-02-13,NO
1878,19857,125769,1680.87,completed,online,2025-02-13,NO
1224,22152,126476,1819.24,completed,online,2025-02-13,NO
2497,1891,127134,184.76,failed,online,2025-02-13,NO
4832,19859,127646,921.26,completed,online,2025-02-13,NO
4952,45946,131766,1919.1,failed,online,2025-02-13,NO
379,30928,132307,675.18,failed,online,2025-02-13,NO
3653,30130,140108,1051.24,completed,online,2025-02-13,NO
1,40691,141491,903.0,completed,online,2025-02-13,NO
1,6381,144883,1873.57,failed,online,2025-02-13,NO
22,46135,148579,1312.46,failed,online,2025-02-13,NO
3261,3307,148679,222.0,failed,online,2025-02-13,NO
3869,42165,148809,1892.79,completed,online,2025-02-13,NO
1,11310,4126,213.91,failed,online,2025-01-18,NO
3935,5785,8306,716.9,completed,online,2025-01-18,NO
3727,48568,12273,1671.62,completed,online,2025-01-18,NO
58,5217,12868,177.39,completed,UNKNOWN,2025-01-18,NO
4079,36958,16949,1791.54,completed,online,2025-01-18,NO
390,15379,17647,851.69,completed,online,2025-01-18,NO
1357,21930,19567,536.08,failed,online,2025-01-18,NO
3184,39329,23560,499.33,completed,online,2025-01-18,NO
3764,821,23596,729.03,failed,online,2025-01-18,NO
3451,47804,25150,1365.73,failed,online,2025-01-18,NO
3664,18185,25639,624.87,failed,online,2025-01-18,NO
1,274,25963,1212.79,completed,online,2025-01-18,NO
993,21462,27103,794.86,completed,online,2025-01-18,NO
137,37459,28112,272.32,completed,online,2025-01-18,NO
1,27857,29052,1703.99,completed,online,2025-01-18,NO
2701,27175,29274,1964.73,failed,online,2025-01-18,NO
1847,43723,29942,1845.12,failed,online,2025-01-18,NO
3271,28902,36789,705.7,completed,online,2025-01-18,NO
1215,10512,37591,1663.45,completed,online,2025-01-18,NO
15,10885,39334,415.1,completed,online,2025-01-18,NO
1839,28473,41696,64.38,failed,online,2025-01-18,NO
831,37986,42011,638.47,failed,online,2025-01-18,NO
4890,33211,43156,794.27,failed,online,2025-01-18,NO
1,25886,44460,659.52,completed,online,2025-01-18,NO
2390,9252,49183,844.02,failed,online,2025-01-18,NO
3398,18315,54650,536.51,failed,online,2025-01-18,NO
4423,38516,54966,1816.65,failed,online,2025-01-18,NO
2453,13967,57989,703.89,completed,online,2025-01-18,NO
3794,39914,58273,473.96,failed,online,2025-01-18,NO
599,5316,58992,1968.5,completed,online,2025-01-18,NO
4939,24094,60092,242.86,failed,online,2025-01-18,NO
1,28457,60231,1287.38,completed,online,2025-01-18,NO
969,31461,60696,1997.49,failed,online,2025-01-18,NO
236,18437,61444,1100.21,completed,online,2025-01-18,NO
1,46477,67152,283.84,completed,online,2025-01-18,NO
2944,44231,72278,539.51,completed,online,2025-01-18,NO
1588,48500,73605,636.22,completed,online,2025-01-18,NO
620,47187,74271,1513.89,failed,online,2025-01-18,NO
1,41573,75531,425.14,completed,online,2025-01-18,NO
1397,20534,76336,1574.07,failed,online,2025-01-18,NO
1,31730,77193,1855.43,failed,online,2025-01-18,NO
1189,1173,77507,199.56,completed,online,2025-01-18,NO
3286,4361,85163,903.97,completed,online,2025-01-18,NO
366,21990,88016,1856.07,failed,online,2025-01-18,NO
933,12586,88695,1501.45,failed,online,2025-01-18,NO
3215,29661,89465,1574.61,completed,online,2025-01-18,NO
1,47061,91221,914.41,completed,online,2025-01-18,NO
2784,36795,91279,480.82,completed,online,2025-01-18,NO
321,266,93995,1386.74,failed,online,2025-01-18,NO
4705,36002,95943,986.07,failed,online,2025-01-18,NO
1,10254,98360,1381.61,completed,online,2025-01-18,NO
123,1880,98515,1375.64,failed,online,2025-01-18,NO
1,47858,103591,1477.05,failed,online,2025-01-18,NO
213,3158,103705,921.74,failed,online,2025-01-18,NO
4046,22637,104517,1647.08,completed,online,2025-01-18,NO
2438,1884,106126,1643.72,completed,online,2025-01-18,NO
2204,46555,108149,890.68,completed,online,2025-01-18,NO
3111,27276,110483,1858.01,failed,online,2025-01-18,NO
975,12225,111946,1114.93,completed,online,2025-01-18,NO
3996,39603,112923,351.31,completed,online,2025-01-18,NO
4570,17015,117737,1385.91,completed,online,2025-01-18,NO
3598,33721,119562,248.24,failed,online,2025-01-18,NO
4966,16119,122180,767.11,completed,online,2025-01-18,NO
1383,4445,123500,1102.16,failed,online,2025-01-18,NO
1,18354,130497,520.27,completed,online,2025-01-18,NO
1707,33333,132951,856.54,failed,online,2025-01-18,NO
347,34008,134589,1179.77,completed,online,2025-01-18,NO
1039,38067,135337,124.55,failed,online,2025-01-18,NO
709,43719,139097,193.0,completed,online,2025-01-18,NO
1,45613,140555,1563.25,failed,online,2025-01-18,NO
2652,36306,140770,294.42,failed,online,2025-01-18,NO
3361,8712,140795,1272.81,completed,online,2025-01-18,NO
4974,44859,140974,1433.57,completed,online,2025-01-18,NO
449,46416,140983,1588.47,failed,online,2025-01-18,NO
945,20796,144453,1412.76,completed,online,2025-01-18,NO
1,11967,146523,1046.1,completed,online,2025-01-18,NO
4405,31188,146797,898.42,failed,online,2025-01-18,NO
4921,41912,149064,105.23,failed,online,2025-01-18,NO
3103,9404,7246,1501.1,failed,online,2025-10-28,NO
4991,7977,9663,428.96,completed,online,2025-10-28,NO
976,46104,16184,765.37,failed,online,2025-10-28,NO
4051,42593,16448,1258.7,completed,online,2025-10-28,NO
2500,19671,17184,836.0,failed,online,2025-10-28,NO
3491,26968,20969,1685.64,failed,online,2025-10-28,NO
725,14836,21236,1669.83,completed,online,2025-10-28,NO
2716,12708,22853,90.64,failed,online,2025-10-28,NO
154,672,23324,1027.75,failed,online,2025-10-28,NO
3558,11406,23594,1040.81,failed,online,2025-10-28,NO
1,43244,24390,1208.97,failed,online,2025-10-28,NO
3167,23304,27371,1569.65,completed,online,2025-10-28,NO
1602,42060,29815,623.08,completed,online,2025-10-28,NO
1251,34653,30099,611.39,completed,online,2025-10-28,NO
4766,42038,31061,647.01,failed,online,2025-10-28,NO
1992,12828,31178,798.74,failed,online,2025-10-28,NO
1,491,31604,560.31,failed,online,2025-10-28,NO
3842,18059,33428,381.66,failed,online,2025-10-28,NO
1519,38603,37748,656.01,failed,online,2025-10-28,NO
3513,11226,39649,802.34,completed,online,2025-10-28,NO
1,16947,40427,1853.62,failed,online,2025-10-28,NO
4631,20107,43126,1184.75,failed,online,2025-10-28,NO
1235,12071,44307,470.59,completed,online,2025-10-28,NO
1,43775,44373,563.93,completed,online,2025-10-28,NO
3378,48587,46609,1050.01,completed,online,2025-10-28,NO
4801,42183,47395,801.21,failed,online,2025-10-28,NO
3265,34609,51126,1219.5,failed,online,2025-10-28,NO
549,2255,52366,47.09,failed,online,2025-10-28,NO
2711,14614,52758,559.25,failed,online,2025-10-28,NO
2615,48621,55886,1074.85,completed,online,2025-10-28,NO
942,6789,56218,968.03,failed,online,2025-10-28,NO
3368,49177,56598,109.81,failed,online,2025-10-28,NO
4310,24550,63864,629.03,completed,online,2025-10-28,NO
1,38609,65302,1285.62,failed,online,2025-10-28,NO
1955,26753,65968,1196.53,completed,online,2025-10-28,NO
4603,49173,68506,386.76,completed,online,2025-10-28,NO
3734,24439,69359,665.48,failed,online,2025-10-28,NO
359,34439,69362,1096.07,failed,online,2025-10-28,NO
1,18047,72208,494.69,completed,online,2025-10-28,NO
3480,20115,75738,1948.37,completed,online,2025-10-28,NO
1,43211,75856,766.82,failed,online,2025-10-28,NO
1,41282,76321,797.97,failed,online,2025-10-28,NO
458,6980,76694,586.06,failed,online,2025-10-28,NO
1,35962,77944,912.84,completed,online,2025-10-28,NO
2563,18753,81632,497.22,completed,online,2025-10-28,NO
4452,27878,83922,761.45,failed,online,2025-10-28,NO
1,16476,84813,770.05,completed,online,2025-10-28,NO
1,41830,86491,1292.2,failed,online,2025-10-28,NO
1506,16161,87901,45.73,completed,online,2025-10-28,NO
526,21010,88066,938.88,failed,online,2025-10-28,NO
3452,15449,88477,9960.31798037767,failed,online,2025-10-28,NO
3239,7723,90409,450.38,failed,online,2025-10-28,NO
4766,46026,93181,231.75,failed,online,2025-10-28,NO
2139,16861,93436,991.18,failed,online,2025-10-28,NO
310,34523,93936,6892.265468321282,failed,online,2025-10-28,NO
1,28827,94354,443.48,failed,online,2025-10-28,NO
624,29052,94599,1489.34,failed,online,2025-10-28,NO
1,21422,95646,1857.94,failed,online,2025-10-28,NO
4928,23978,98865,6259.368581605607,failed,online,2025-10-28,NO
1870,36028,99488,765.93,completed,online,2025-10-28,NO
1,35678,102992,1900.91,completed,online,2025-10-28,NO
3976,29801,104348,1485.91,failed,online,2025-10-28,NO
1030,7615,104540,7280.025215306463,failed,online,2025-10-28,NO
3783,28389,107058,30.02,completed,UNKNOWN,2025-10-28,NO
144,46050,108541,1917.72,completed,online,2025-10-28,NO
401,37045,109096,510.91,failed,online,2025-10-28,NO
4921,19549,112083,1753.66,failed,online,2025-10-28,NO
1,39960,112390,1449.79,failed,online,2025-10-28,NO
1869,39636,116421,635.21,completed,online,2025-10-28,NO
45,38333,116632,145.33,failed,online,2025-10-28,NO
2167,33895,126284,978.07,completed,online,2025-10-28,NO
1636,38790,129961,1358.99,completed,online,2025-10-28,NO
4802,41784,131184,7470.4965463099,failed,online,2025-10-28,NO
2698,20818,134278,1535.05,completed,online,2025-10-28,NO
1,24470,138575,181.78,failed,online,2025-10-28,NO
449,35948,140509,1756.49,completed,online,2025-10-28,NO
781,33126,140879,1781.54,failed,online,2025-10-28,NO
1,28302,148318,1600.17,failed,online,2025-10-28,NO
3653,40994,2475,1889.92,failed,online,2025-01-12,NO
3314,6296,4157,349.58,completed,online,2025-01-12,NO
4406,11374,5004,1401.72,failed,online,2025-01-12,NO
3285,48293,12295,227.24,completed,online,2025-01-12,NO
2091,12548,14547,1151.92,failed,online,2025-01-12,NO
352,22987,16820,1922.05,completed,online,2025-01-12,NO
1,31652,18462,134.61,completed,online,2025-01-12,NO
3246,5541,19838,457.49,failed,online,2025-01-12,NO
1363,18600,21249,616.11,failed,online,2025-01-12,NO
4723,28074,27664,1102.84,completed,online,2025-01-12,NO
1,41317,28672,404.84,failed,online,2025-01-12,NO
2043,20820,28714,1819.64,failed,online,2025-01-12,NO
1,23868,28911,1546.29,completed,online,2025-01-12,NO
3023,41268,29242,1180.63,failed,online,2025-01-12,NO
1,20844,31784,1722.43,completed,online,2025-01-12,NO
2879,47395,32166,1335.7,failed,online,2025-01-12,NO
2629,48616,32175,1937.15,completed,online,2025-01-12,NO
3312,12399,37149,1609.13,completed,online,2025-01-12,NO
4252,37755,45520,609.27,completed,online,2025-01-12,NO
1153,24696,47261,480.53,completed,online,2025-01-12,NO
3316,36569,53165,1740.15,completed,online,2025-01-12,NO
1,22831,53866,873.56,completed,online,2025-01-12,NO
1222,11770,57065,150.05,failed,online,2025-01-12,NO
1,9473,57444,557.74,completed,online,2025-01-12,NO
2373,35866,58617,1679.69,failed,online,2025-01-12,NO
1322,1423,60674,701.09,completed,online,2025-01-12,NO
3806,29589,62342,782.99,completed,online,2025-01-12,NO
1335,13631,63268,65.43,failed,online,2025-01-12,NO
4180,37428,63522,952.17,completed,online,2025-01-12,NO
1,662,63595,944.53,completed,online,2025-01-12,NO
1,45843,63615,1963.8,completed,online,2025-01-12,NO
4680,10179,64375,1507.38,failed,online,2025-01-12,NO
1786,26649,66654,7260.702766644166,failed,online,2025-01-12,NO
1,16057,67457,472.08,failed,online,2025-01-12,NO
1580,39954,68158,210.02,completed,online,2025-01-12,NO
1,45490,69649,1853.19,completed,online,2025-01-12,NO
3801,1011,73075,569.6,failed,online,2025-01-12,NO
3226,26063,76413,83.64,completed,online,2025-01-12,NO
1593,1104,76447,583.72,failed,online,2025-01-12,NO
1,43973,77131,645.86,completed,online,2025-01-12,NO
757,34805,79473,1660.51,failed,online,2025-01-12,NO
2700,45402,86204,101.89,completed,online,2025-01-12,NO
1,36526,91039,75.55,completed,online,2025-01-12,NO
3851,32422,96525,1407.53,completed,online,2025-01-12,NO
2551,23467,96592,896.43,failed,online,2025-01-12,NO
1,4325,97632,246.15,completed,online,2025-01-12,NO
1,4000,100757,736.06,failed,online,2025-01-12,NO
4392,42513,101605,877.56,completed,online,2025-01-12,NO
1189,49510,101970,1256.77,completed,online,2025-01-12,NO
1120,37616,102548,921.51,failed,online,2025-01-12,NO
1,23765,104233,37.05,completed,online,2025-01-12,NO
1479,29305,105358,870.24,failed,online,2025-01-12,NO
1126,23808,107411,14.07,completed,online,2025-01-12,NO
16,21598,109014,644.96,completed,online,2025-01-12,NO
2095,47466,109472,1380.57,failed,online,2025-01-12,NO
3679,7471,113326,643.73,failed,online,2025-01-12,NO
4215,25259,114225,1976.3,failed,online,2025-01-12,NO
1,529,115795,29.96,failed,online,2025-01-12,NO
636,40275,119612,838.44,failed,online,2025-01-12,NO
1,11163,121649,1647.49,completed,online,2025-01-12,NO
4995,30296,122674,64.44,failed,online,2025-01-12,NO
1341,4986,123546,657.05,completed,online,2025-01-12,NO
1,19323,127538,648.07,failed,online,2025-01-12,NO
2436,17095,130747,1935.28,failed,online,2025-01-12,NO
4912,20025,131652,914.42,failed,online,2025-01-12,NO
1,38705,134030,995.29,failed,online,2025-01-12,NO
2833,24497,136753,286.22,completed,online,2025-01-12,NO
2425,30378,137617,1046.51,completed,online,2025-01-12,NO
2925,27981,138545,310.59,failed,online,2025-01-12,NO
484,49288,139731,374.46,failed,online,2025-01-12,NO
822,43853,139758,1390.88,failed,online,2025-01-12,NO
407,45382,142116,1706.98,completed,online,2025-01-12,NO
4358,6508,143638,1869.14,failed,online,2025-01-12,NO
1,13080,145846,1630.03,failed,online,2025-01-12,NO
1577,10001,145923,369.79,completed,online,2025-01-12,NO
2037,24308,146427,791.51,completed,online,2025-01-12,NO
2646,17551,146833,1807.91,completed,online,2025-01-12,NO
667,47524,149668,1679.36,completed,online,2025-01-12,NO
1,460,4654,847.18,failed,online,2025-09-14,NO
2773,3612,5194,1957.1,completed,online,2025-09-14,NO
1140,44823,5321,235.98,failed,online,2025-09-14,NO
1,18892,8366,49.13,completed,online,2025-09-14,NO
370,39745,8960,1849.63,failed,online,2025-09-14,NO
4969,39332,10810,543.52,completed,online,2025-09-14,NO
3643,46314,11472,1011.81,completed,online,2025-09-14,NO
597,3183,13870,1468.61,completed,online,2025-09-14,NO
2731,43158,14756,1363.25,failed,online,2025-09-14,NO
4773,35793,14916,245.2,completed,online,2025-09-14,NO
1035,29935,14991,951.0,failed,online,2025-09-14,NO
3499,26512,15082,1216.05,completed,online,2025-09-14,NO
1601,39497,15838,1707.43,failed,online,2025-09-14,NO
1605,17991,16914,163.64,failed,online,2025-09-14,NO
1,48262,17766,42.68,completed,online,2025-09-14,NO
195,19871,18579,1309.83,failed,online,2025-09-14,NO
2611,17319,18623,1171.18,failed,online,2025-09-14,NO
2457,25489,18852,1643.73,completed,online,2025-09-14,NO
638,15862,20648,879.65,failed,online,2025-09-14,NO
1703,10984,24379,843.72,completed,online,2025-09-14,NO
2998,40097,25666,1944.3,completed,online,2025-09-14,NO
1697,16155,26524,320.19,failed,online,2025-09-14,NO
4742,46437,26990,133.22,completed,online,2025-09-14,NO
2674,34999,29999,1427.31,completed,online,2025-09-14,NO
4646,18227,31113,248.81,completed,online,2025-09-14,NO
3691,39892,31488,398.64,completed,online,2025-09-14,NO
3660,5355,34624,1366.03,failed,online,2025-09-14,NO
1168,35088,41292,859.51,failed,online,2025-09-14,NO
4729,44818,42898,1536.35,failed,online,2025-09-14,NO
2926,41346,43573,919.43,completed,online,2025-09-14,NO
1,39788,45406,610.26,completed,UNKNOWN,2025-09-14,NO
276,29097,45990,1716.27,failed,online,2025-09-14,NO
1,18951,51766,1973.35,completed,online,2025-09-14,NO
1,43328,52791,1159.51,failed,online,2025-09-14,NO
437,32277,54327,95.36,failed,online,2025-09-14,NO
1455,29615,55030,118.99,completed,online,2025-09-14,NO
4055,34475,56087,689.39,completed,online,2025-09-14,NO
2191,17233,60074,799.77,completed,online,2025-09-14,NO
1566,15896,61360,907.75,failed,online,2025-09-14,NO
4874,42742,64805,569.02,failed,online,2025-09-14,NO
1650,42441,65271,1000.17,failed,online,2025-09-14,NO
3201,41468,65350,556.68,failed,online,2025-09-14,NO
4503,28943,65769,575.17,failed,online,2025-09-14,NO
2802,44934,68453,810.35,failed,online,2025-09-14,NO
3553,23097,70416,410.95,completed,online,2025-09-14,NO
173,44182,77648,681.98,failed,online,2025-09-14,NO
943,35815,78291,1238.27,failed,online,2025-09-14,NO
560,48135,79930,1867.82,completed,online,2025-09-14,NO
1539,35548,85391,1312.49,completed,online,2025-09-14,NO
1719,33442,87804,1223.12,completed,online,2025-09-14,NO
4278,45535,88803,1337.66,failed,online,2025-09-14,NO
3294,22610,89211,1497.39,failed,online,2025-09-14,NO
260,6630,90143,902.82,failed,online,2025-09-14,NO
1,9646,92874,575.1,completed,online,2025-09-14,NO
3653,9500,94267,315.1,failed,online,2025-09-14,NO
4592,1545,95712,768.98,completed,online,2025-09-14,NO
1480,46405,97244,173.9,completed,online,2025-09-14,NO
1048,33115,100573,567.68,completed,online,2025-09-14,NO
2882,21466,103789,710.27,failed,online,2025-09-14,NO
1921,43087,104198,1535.28,failed,online,2025-09-14,NO
4949,22204,105795,1887.48,failed,UNKNOWN,2025-09-14,NO
289,4658,105914,1512.93,failed,online,2025-09-14,NO
1824,42727,106632,1548.73,completed,online,2025-09-14,NO
4736,313,107771,716.85,completed,online,2025-09-14,NO
2757,37740,112590,767.01,failed,online,2025-09-14,NO
1,13927,119185,90.58,completed,online,2025-09-14,NO
1076,34859,122184,1834.97,failed,online,2025-09-14,NO
3403,134,122918,629.37,failed,online,2025-09-14,NO
1611,42967,124539,702.29,completed,online,2025-09-14,NO
1299,5237,126347,1838.38,completed,online,2025-09-14,NO
3737,35619,129071,321.61,completed,online,2025-09-14,NO
2060,35004,134136,1014.18,failed,online,2025-09-14,NO
2916,37949,136758,1582.94,failed,online,2025-09-14,NO
2121,1645,137801,131.13,completed,online,2025-09-14,NO
2858,18947,139768,86.7,completed,online,2025-09-14,NO
4367,25204,145833,1166.66,completed,online,2025-09-14,NO
1,32442,146498,1296.66,failed,online,2025-09-14,NO
419,38135,149998,1473.84,failed,online,2025-09-14,NO
38,49414,2517,704.66,failed,online,2025-08-13,NO
2267,26003,3601,530.04,failed,online,2025-08-13,NO
924,16959,5740,530.52,completed,online,2025-08-13,NO
4086,27618,7218,1676.86,completed,online,2025-08-13,NO
3244,25744,7892,930.96,failed,online,2025-08-13,NO
2157,8657,10058,1453.65,completed,online,2025-08-13,NO
859,36440,10586,1963.2,failed,online,2025-08-13,NO
1,29055,10632,1163.66,failed,online,2025-08-13,NO
508,40791,10862,673.38,failed,online,2025-08-13,NO
4816,45470,10885,1292.1,completed,online,2025-08-13,NO
1,47665,13066,1787.41,completed,online,2025-08-13,NO
952,11522,17836,1191.11,completed,online,2025-08-13,NO
682,45997,19810,1148.49,failed,online,2025-08-13,NO
1,42898,19996,271.17,completed,online,2025-08-13,NO
1,49314,24178,374.0,failed,online,2025-08-13,NO
1,42505,25835,868.36,completed,online,2025-08-13,NO
1,24446,30416,1423.93,failed,online,2025-08-13,NO
674,35943,31533,599.69,completed,online,2025-08-13,NO
203,5916,32840,1754.07,failed,online,2025-08-13,NO
1013,48809,32976,1043.72,failed,online,2025-08-13,NO
2623,26912,38426,875.28,completed,online,2025-08-13,NO
4719,4541,39100,1042.98,completed,online,2025-08-13,NO
4852,40478,43638,1009.5,failed,online,2025-08-13,NO
2224,181,44699,1332.73,completed,online,2025-08-13,NO
3065,3252,52362,631.87,failed,online,2025-08-13,NO
4857,30917,53397,1795.91,failed,online,2025-08-13,NO
4683,48512,54221,580.49,completed,online,2025-08-13,NO
1,42886,59771,1733.55,completed,online,2025-08-13,NO
608,28877,60480,1566.96,failed,online,2025-08-13,NO
3433,40101,61354,1454.95,failed,online,2025-08-13,NO
1,10292,62823,1218.17,completed,online,2025-08-13,NO
707,36129,69484,1363.2,completed,online,2025-08-13,NO
1112,5302,69595,1382.7,failed,online,2025-08-13,NO
1643,26490,71881,1483.64,failed,online,2025-08-13,NO
4111,39805,71895,668.48,completed,online,2025-08-13,NO
2813,2845,72620,1860.45,failed,online,2025-08-13,NO
3506,6347,75315,1715.5,failed,online,2025-08-13,NO
3196,13458,76687,790.8,completed,online,2025-08-13,NO
728,23357,76767,1295.85,completed,online,2025-08-13,NO
1693,40011,79056,1003.39,completed,online,2025-08-13,NO
1866,38522,79411,1539.45,completed,online,2025-08-13,NO
1983,49818,79589,1274.46,completed,online,2025-08-13,NO
2836,49201,80002,1813.49,completed,online,2025-08-13,NO
2845,31855,81855,1236.11,completed,online,2025-08-13,NO
1,3125,82551,1387.94,completed,online,2025-08-13,NO
2518,45264,85631,844.78,failed,online,2025-08-13,NO
2448,32869,86672,691.26,completed,online,2025-08-13,NO
1455,46281,87159,671.27,completed,online,2025-08-13,NO
1,48790,89332,1021.14,completed,online,2025-08-13,NO
3594,26890,89644,235.37,completed,online,2025-08-13,NO
4287,20011,90777,144.96,failed,online,2025-08-13,NO
1,47574,93852,282.6,failed,UNKNOWN,2025-08-13,NO
2000,9294,95937,1279.05,completed,online,2025-08-13,NO
1,16905,96596,726.47,failed,online,2025-08-13,NO
1,12481,98524,1624.75,failed,online,2025-08-13,NO
325,1721,101598,889.69,completed,online,2025-08-13,NO
3633,10596,103370,588.8,failed,online,2025-08-13,NO
4179,30427,104551,1217.05,completed,online,2025-08-13,NO
2959,40031,107668,917.82,completed,online,2025-08-13,NO
2975,16245,109130,1662.45,failed,online,2025-08-13,NO
3549,45396,112796,1110.82,failed,online,2025-08-13,NO
2387,49898,115392,1152.94,failed,online,2025-08-13,NO
1,8383,118015,353.5,failed,online,2025-08-13,NO
2174,14252,118482,886.45,completed,online,2025-08-13,NO
1,28817,119406,1999.39,completed,online,2025-08-13,NO
1,34780,121073,186.21,completed,online,2025-08-13,NO
4067,26930,121534,320.43,completed,online,2025-08-13,NO
3046,27679,122002,1572.52,completed,online,2025-08-13,NO
917,7797,124184,1511.94,completed,online,2025-08-13,NO
4466,35034,124817,275.88,failed,online,2025-08-13,NO
3580,37914,131011,872.19,completed,online,2025-08-13,NO
1646,40536,133406,298.88,completed,online,2025-08-13,NO
735,24656,136388,1172.9,completed,online,2025-08-13,NO
4255,25228,139714,1787.55,failed,online,2025-08-13,NO
549,4127,141893,900.86,completed,online,2025-08-13,NO
1,954,146440,192.34,failed,online,2025-08-13,NO
2324,24714,148219,1247.66,completed,online,2025-08-13,NO
76,18318,148558,805.82,failed,online,2025-08-13,NO
3209,44691,838,1308.53,completed,online,2025-09-06,NO
1350,6054,2111,1332.46,failed,online,2025-09-06,NO
2436,25411,3652,701.56,completed,online,2025-09-06,NO
1211,36153,4950,1344.62,completed,online,2025-09-06,NO
1,23810,6051,517.14,failed,online,2025-09-06,NO
245,16137,7341,5312.987572912605,failed,online,2025-09-06,NO
4781,44272,7872,322.16,completed,online,2025-09-06,NO
3504,27019,10033,163.23,failed,online,2025-09-06,NO
2536,12867,11175,1210.88,completed,online,2025-09-06,NO
4631,26415,11489,916.87,completed,online,2025-09-06,NO
481,48832,11522,221.46,completed,online,2025-09-06,NO
717,23914,12663,1469.78,failed,online,2025-09-06,NO
1144,18491,14751,687.1,completed,online,2025-09-06,NO
1,41375,17320,1107.69,completed,online,2025-09-06,NO
4387,46831,20043,177.23,completed,online,2025-09-06,NO
1556,38613,21888,1850.68,completed,online,2025-09-06,NO
2908,22776,24984,1283.98,failed,online,2025-09-06,NO
1506,41932,25340,1246.94,completed,online,2025-09-06,NO
1541,44313,28009,939.85,completed,online,2025-09-06,NO
656,13964,39461,69.01,completed,online,2025-09-06,NO
3367,34640,43881,447.17,completed,online,2025-09-06,NO
2492,23841,48012,731.64,completed,online,2025-09-06,NO
3171,14959,48952,1696.98,failed,online,2025-09-06,NO
3991,25120,49253,202.28,failed,online,2025-09-06,NO
2921,26643,50410,172.62,completed,online,2025-09-06,NO
3504,44284,52238,1890.34,completed,online,2025-09-06,NO
4038,26215,54910,69.46,completed,online,2025-09-06,NO
1,1725,57554,909.1,failed,online,2025-09-06,NO
4288,22188,57770,1074.23,completed,online,2025-09-06,NO
4119,11089,58860,1703.23,failed,online,2025-09-06,NO
382,45268,63226,1215.11,completed,online,2025-09-06,NO
432,7151,65120,609.45,completed,online,2025-09-06,NO
1303,28035,65332,476.36,failed,online,2025-09-06,NO
1356,31164,66327,90.75,completed,online,2025-09-06,NO
1,43722,66376,791.78,completed,online,2025-09-06,NO
1,35778,66639,885.35,failed,online,2025-09-06,NO
1,16079,71066,764.4,failed,online,2025-09-06,NO
1,5659,72843,1234.44,failed,online,2025-09-06,NO
3107,34533,78874,282.19,failed,online,2025-09-06,NO
1,22405,81068,675.27,completed,online,2025-09-06,NO
2408,49336,81369,1915.97,completed,online,2025-09-06,NO
1,34964,81686,340.4,failed,online,2025-09-06,NO
558,38085,82159,706.73,completed,online,2025-09-06,NO
1530,4249,84235,1630.71,failed,online,2025-09-06,NO
1,19763,85740,1717.47,failed,online,2025-09-06,NO
1,25016,91609,213.47,failed,online,2025-09-06,NO
170,38100,93318,955.1,completed,online,2025-09-06,NO
247,42047,94942,109.25,completed,online,2025-09-06,NO
2473,48258,95427,1391.61,failed,online,2025-09-06,NO
2092,36308,95828,1944.37,failed,online,2025-09-06,NO
3171,45527,97426,1155.67,completed,online,2025-09-06,NO
1,15486,104333,82.21,failed,online,2025-09-06,NO
426,22442,105065,1799.23,failed,online,2025-09-06,NO
1066,3844,105554,1771.39,failed,online,2025-09-06,NO
4335,44063,106378,1266.16,failed,online,2025-09-06,NO
1800,8682,106678,300.48,failed,online,2025-09-06,NO
1,33647,108133,1615.82,failed,online,2025-09-06,NO
1204,18425,109590,255.47,completed,online,2025-09-06,NO
2276,43003,109712,1162.33,completed,online,2025-09-06,NO
1795,35463,110785,1551.44,completed,online,2025-09-06,NO
4692,21647,111434,1473.22,failed,online,2025-09-06,NO
2629,38438,113798,526.02,completed,online,2025-09-06,NO
142,9207,114334,447.25,failed,online,2025-09-06,NO
2178,29015,115389,1695.75,completed,online,2025-09-06,NO
2917,28613,116699,644.95,failed,online,2025-09-06,NO
1,27179,116780,1889.04,completed,online,2025-09-06,NO
4319,977,117673,105.62,failed,online,2025-09-06,NO
3215,6380,120660,699.04,failed,online,2025-09-06,NO
1,5442,124327,685.15,completed,online,2025-09-06,NO
4483,9228,127925,1500.43,failed,online,2025-09-06,NO
2636,17003,128464,261.17,failed,online,2025-09-06,NO
1,6348,129402,1874.79,failed,online,2025-09-06,NO
3088,41273,129745,994.56,failed,online,2025-09-06,NO
530,39197,131772,752.68,failed,online,2025-09-06,NO
3145,47287,138557,1039.87,completed,online,2025-09-06,NO
1281,15553,142302,1651.95,failed,online,2025-09-06,NO
4594,6123,146686,694.25,completed,online,2025-09-06,NO
1601,20730,148848,929.92,failed,online,2025-09-06,NO
4108,15347,887,681.78,completed,online,2025-08-05,NO
4144,22939,6370,1396.67,failed,online,2025-08-05,NO
4865,43777,7262,901.36,failed,online,2025-08-05,NO
4122,19765,12638,1838.5,failed,online,2025-08-05,NO
4312,27503,13908,589.02,failed,online,2025-08-05,NO
3020,43863,14387,633.34,completed,online,2025-08-05,NO
4532,43328,15409,1666.71,completed,online,2025-08-05,NO
4120,16638,15785,1974.26,completed,online,2025-08-05,NO
817,43216,16297,1018.44,completed,online,2025-08-05,NO
1281,39467,16333,1879.88,completed,online,2025-08-05,NO
2770,30624,19636,1925.24,completed,online,2025-08-05,NO
1,20509,22623,700.87,failed,online,2025-08-05,NO
2229,49327,23730,1922.51,failed,online,2025-08-05,NO
1,43023,23975,912.85,completed,online,2025-08-05,NO
1,27009,27418,780.93,failed,online,2025-08-05,NO
1363,30558,28295,290.7,completed,online,2025-08-05,NO
3990,29954,29716,105.28,failed,online,2025-08-05,NO
2399,31907,29973,385.65,failed,online,2025-08-05,NO
1153,42577,33142,1886.0,failed,online,2025-08-05,NO
2242,24348,33449,1858.47,failed,online,2025-08-05,NO
854,2815,35933,1546.13,failed,online,2025-08-05,NO
4236,44503,36220,1871.2,failed,online,2025-08-05,NO
1,5776,36622,917.37,failed,online,2025-08-05,NO
2508,12294,48671,1865.58,failed,online,2025-08-05,NO
1,2976,50272,1596.63,failed,online,2025-08-05,NO
130,22588,54568,948.11,completed,online,2025-08-05,NO
1,49243,55261,1143.27,completed,online,2025-08-05,NO
4996,47093,60135,230.33,completed,online,2025-08-05,NO
4739,24287,60435,464.96,failed,online,2025-08-05,NO
3007,48060,63429,1525.51,failed,online,2025-08-05,NO
1,910,64733,1647.46,completed,online,2025-08-05,NO
3021,1662,66706,1172.69,completed,online,2025-08-05,NO
2094,44154,70026,1541.5,completed,online,2025-08-05,NO
3578,23423,70764,1052.51,completed,online,2025-08-05,NO
776,42218,70983,130.99,failed,UNKNOWN,2025-08-05,NO
1,18609,77571,1248.93,failed,online,2025-08-05,NO
1966,31158,79802,1496.52,completed,online,2025-08-05,NO
4437,29103,80649,17.39,failed,online,2025-08-05,NO
1159,47090,81189,559.87,failed,online,2025-08-05,NO
3827,31702,83674,1741.56,completed,online,2025-08-05,NO
1106,14360,84256,162.29,completed,online,2025-08-05,NO
1707,35630,87703,335.6,completed,online,2025-08-05,NO
1,37488,89068,1274.41,completed,online,2025-08-05,NO
1,2606,90500,361.25,failed,online,2025-08-05,NO
804,31850,95060,512.82,completed,online,2025-08-05,NO
223,45747,97012,1802.84,completed,online,2025-08-05,NO
2586,10825,99108,60.89,failed,online,2025-08-05,NO
4342,20131,100805,298.94,completed,online,2025-08-05,NO
1,22834,100866,952.62,completed,online,2025-08-05,NO
904,1615,103810,324.22,failed,online,2025-08-05,NO
605,8469,105609,483.41,completed,online,2025-08-05,NO
4698,36818,108409,51.49,completed,online,2025-08-05,NO
4799,4330,109044,1340.88,completed,online,2025-08-05,NO
1,49131,109411,1336.96,failed,online,2025-08-05,NO
3250,23255,109600,704.58,failed,online,2025-08-05,NO
2115,11725,109851,1093.13,completed,online,2025-08-05,NO
1694,41023,110494,1282.18,completed,online,2025-08-05,NO
1,36259,110712,92.0,completed,online,2025-08-05,NO
4873,10657,117947,1282.71,completed,online,2025-08-05,NO
2806,15601,118449,1737.0,failed,online,2025-08-05,NO
164,986,121608,758.99,failed,online,2025-08-05,NO
1,28201,125695,659.65,failed,online,2025-08-05,NO
3825,23223,126580,226.64,failed,online,2025-08-05,NO
2866,7788,127406,1141.78,completed,online,2025-08-05,NO
2149,3668,128457,1792.69,failed,online,2025-08-05,NO
1,28290,128471,825.95,failed,online,2025-08-05,NO
536,15524,128775,655.78,completed,online,2025-08-05,NO
687,13585,131981,673.47,completed,online,2025-08-05,NO
4452,28276,133705,768.02,completed,online,2025-08-05,NO
1009,27391,134356,1503.22,completed,online,2025-08-05,NO
4430,17957,135460,982.25,failed,online,2025-08-05,NO
3628,12326,135527,1405.97,completed,online,2025-08-05,NO
1,42453,138314,38.55,failed,online,2025-08-05,NO
1,11966,140614,1643.77,completed,online,2025-08-05,NO
3940,8415,144872,1671.38,failed,online,2025-08-05,NO
2446,21273,147007,827.47,failed,online,2025-08-05,NO
1575,11852,149281,1556.98,completed,online,2025-08-05,NO
2205,36071,149570,1221.81,failed,online,2025-08-05,NO
412,35681,5064,1646.15,completed,online,2025-02-22,NO
1,22684,7686,1020.6,completed,online,2025-02-22,NO
2708,15201,8847,264.52,completed,online,2025-02-22,NO
1,46235,10799,984.0,failed,online,2025-02-22,NO
565,44763,11617,598.94,failed,online,2025-02-22,NO
3395,35317,12532,1183.56,failed,online,2025-02-22,NO
1,33881,20482,344.68,completed,online,2025-02-22,NO
807,375,23997,1141.99,completed,online,2025-02-22,NO
4192,40348,25205,944.67,completed,online,2025-02-22,NO
4804,34864,25898,1200.41,completed,online,2025-02-22,NO
3018,28555,26391,658.43,completed,online,2025-02-22,NO
1932,47975,26776,670.8,completed,online,2025-02-22,NO
2741,3848,27149,167.25,completed,online,2025-02-22,NO
220,13151,31875,1031.36,completed,online,2025-02-22,NO
4611,10,35337,944.22,failed,online,2025-02-22,NO
45,1344,38356,1760.05,failed,online,2025-02-22,NO
2958,26448,39372,978.17,completed,online,2025-02-22,NO
1197,45237,39410,602.17,completed,online,2025-02-22,NO
1663,19199,41184,1714.67,failed,online,2025-02-22,NO
1,21041,41621,1398.35,completed,online,2025-02-22,NO
1,35302,42412,695.73,completed,online,2025-02-22,NO
2541,4509,42864,1602.71,completed,online,2025-02-22,NO
1707,8445,44829,1050.95,completed,online,2025-02-22,NO
2813,40531,47689,1409.78,completed,online,2025-02-22,NO
960,15098,48694,1139.28,failed,online,2025-02-22,NO
1118,11590,52988,85.39,failed,online,2025-02-22,NO
3591,10248,54859,1903.47,failed,online,2025-02-22,NO
2006,48234,55736,1151.95,failed,online,2025-02-22,NO
1719,46187,56547,1011.44,completed,online,2025-02-22,NO
1,12601,57625,1210.16,failed,online,2025-02-22,NO
1,35067,61232,1727.44,failed,online,2025-02-22,NO
32,19933,64196,1464.2,failed,online,2025-02-22,NO
1,11038,64460,1347.0,completed,online,2025-02-22,NO
3056,42596,66899,751.62,failed,online,2025-02-22,NO
590,46356,67587,1330.13,completed,online,2025-02-22,NO
1,18343,73692,775.32,completed,online,2025-02-22,NO
2452,3022,74789,427.07,completed,online,2025-02-22,NO
2641,33230,74900,1947.24,failed,online,2025-02-22,NO
892,10634,76722,1927.8,failed,online,2025-02-22,NO
1,43426,77835,459.14,completed,online,2025-02-22,NO
4852,14187,79842,465.69,completed,online,2025-02-22,NO
1604,7331,80145,1922.35,completed,online,2025-02-22,NO
1282,28879,82941,1877.4,completed,online,2025-02-22,NO
2183,33644,83422,608.87,completed,online,2025-02-22,NO
751,1462,85403,1148.52,completed,online,2025-02-22,NO
2851,16790,86172,1840.5,completed,online,2025-02-22,NO
1362,20181,87317,1074.2,completed,online,2025-02-22,NO
1691,19831,87548,793.99,completed,online,2025-02-22,NO
1,20486,88744,1500.32,failed,online,2025-02-22,NO
2564,47167,91487,804.32,completed,online,2025-02-22,NO
1,22446,92211,809.77,completed,online,2025-02-22,NO
32,6983,94982,648.32,completed,online,2025-02-22,NO
873,192,94988,268.73,completed,online,2025-02-22,NO
1105,20277,97601,85.67,failed,online,2025-02-22,NO
707,18924,99843,886.32,failed,online,2025-02-22,NO
1,37771,102502,1731.07,failed,online,2025-02-22,NO
1354,17082,109216,1270.27,failed,online,2025-02-22,NO
3156,20023,109614,28.5,failed,online,2025-02-22,NO
1,38403,109831,1944.4,failed,online,2025-02-22,NO
3081,34807,111110,621.75,completed,online,2025-02-22,NO
2220,27709,111410,553.97,completed,online,2025-02-22,NO
1312,24033,112848,1527.11,failed,online,2025-02-22,NO
4364,39170,114015,1728.32,failed,online,2025-02-22,NO
4118,13026,118342,1914.83,completed,online,2025-02-22,NO
2538,35919,118611,623.75,completed,online,2025-02-22,NO
1,5248,118751,1435.54,completed,online,2025-02-22,NO
2995,38768,122805,749.95,failed,online,2025-02-22,NO
3679,17400,125208,765.12,completed,online,2025-02-22,NO
1,28064,127402,1173.68,failed,online,2025-02-22,NO
1648,17005,129311,1734.67,failed,online,2025-02-22,NO
1,22977,130218,1204.81,completed,online,2025-02-22,NO
4,13133,131934,933.34,completed,online,2025-02-22,NO
1,11109,135384,1915.56,completed,online,2025-02-22,NO
3381,34084,138148,565.72,completed,online,2025-02-22,NO
1619,38990,140188,421.48,completed,online,2025-02-22,NO
1,22673,144833,902.67,failed,online,2025-02-22,NO
1,43565,148496,1240.36,failed,online,2025-02-22,NO
1282,9860,149095,1904.07,completed,online,2025-02-22,NO
2989,7097,188,1645.69,completed,online,2025-03-11,NO
1,12100,1429,1128.08,completed,online,2025-03-11,NO
4895,8134,4328,879.31,failed,online,2025-03-11,NO
1712,13044,4417,1399.86,completed,online,2025-03-11,NO
4488,48450,5011,470.41,failed,online,2025-03-11,NO
80,13493,5364,1790.53,completed,online,2025-03-11,NO
2990,46611,16501,1337.32,completed,online,2025-03-11,NO
962,32956,20209,393.08,failed,online,2025-03-11,NO
3665,4656,22905,1744.81,failed,online,2025-03-11,NO
2405,47426,26201,934.08,failed,online,2025-03-11,NO
2977,47418,26398,1722.67,failed,online,2025-03-11,NO
2529,35280,26723,1715.29,failed,online,2025-03-11,NO
1966,13856,33216,560.85,failed,online,2025-03-11,NO
3459,34003,35493,241.29,failed,online,2025-03-11,NO
4205,21552,40029,6743.748036587749,failed,online,2025-03-11,NO
4121,26548,41107,1792.08,failed,online,2025-03-11,NO
4534,49693,43992,540.76,completed,online,2025-03-11,NO
1524,5991,47837,1540.41,failed,online,2025-03-11,NO
2895,20984,55755,290.07,failed,online,2025-03-11,NO
3898,42269,56323,1812.84,completed,online,2025-03-11,NO
3679,30728,60355,598.11,failed,online,2025-03-11,NO
1,9323,64633,1764.52,failed,online,2025-03-11,NO
3464,43591,66718,1589.3,completed,online,2025-03-11,NO
3462,30850,68393,1382.86,failed,online,2025-03-11,NO
2369,4761,70523,176.09,completed,online,2025-03-11,NO
1,37090,72646,227.93,failed,online,2025-03-11,NO
1,43917,78547,1778.11,completed,online,2025-03-11,NO
2739,1162,79517,1402.13,failed,online,2025-03-11,NO
69,35381,80190,1806.12,completed,online,2025-03-11,NO
1656,12036,81002,1098.35,completed,online,2025-03-11,NO
3438,5378,82564,1367.44,failed,online,2025-03-11,NO
1688,3856,84921,878.76,failed,online,2025-03-11,NO
1795,10328,86369,1392.3,failed,online,2025-03-11,NO
4267,10329,86467,213.57,completed,online,2025-03-11,NO
4926,15814,87929,1240.12,failed,online,2025-03-11,NO
1,41664,90068,1983.63,failed,online,2025-03-11,NO
1,24168,90988,141.17,completed,online,2025-03-11,NO
1919,14925,92739,1968.63,failed,online,2025-03-11,NO
4057,3738,93846,1739.37,completed,online,2025-03-11,NO
4211,2140,96987,1134.65,failed,online,2025-03-11,NO
4603,33271,98455,481.41,completed,online,2025-03-11,NO
2450,40416,101153,1997.39,completed,UNKNOWN,2025-03-11,NO
1009,35836,104045,1063.81,completed,online,2025-03-11,NO
1,13008,108405,1378.63,completed,online,2025-03-11,NO
2448,21377,110583,757.44,failed,online,2025-03-11,NO
684,46417,113839,75.64,failed,online,2025-03-11,NO
1,312,118325,262.15,completed,online,2025-03-11,NO
1228,21007,120220,1735.37,failed,online,2025-03-11,NO
2168,5570,120349,1306.48,completed,online,2025-03-11,NO
717,8242,121578,1822.52,failed,online,2025-03-11,NO
4230,3579,126249,1439.98,failed,online,2025-03-11,NO
3619,39865,126470,1180.41,completed,online,2025-03-11,NO
4954,33559,126587,1088.11,failed,online,2025-03-11,NO
2379,15694,127128,1322.19,failed,online,2025-03-11,NO
832,38043,127827,1964.84,failed,online,2025-03-11,NO
1,33176,128089,89.79,failed,online,2025-03-11,NO
1147,22715,129332,1838.74,failed,online,2025-03-11,NO
2996,12057,130883,1375.02,completed,online,2025-03-11,NO
3408,48554,131690,1002.42,failed,online,2025-03-11,NO
176,12839,132205,229.2,failed,online,2025-03-11,NO
836,3409,132774,362.3,failed,online,2025-03-11,NO
2123,15799,134402,1740.6,failed,online,2025-03-11,NO
4536,3325,136635,923.15,completed,online,2025-03-11,NO
4262,9467,138388,1170.96,completed,online,2025-03-11,NO
397,39354,138486,1479.45,failed,online,2025-03-11,NO
1379,11394,140472,851.34,failed,online,2025-03-11,NO
1360,3672,140523,1937.99,failed,online,2025-03-11,NO
3497,14208,141522,696.87,completed,online,2025-03-11,NO
1385,2301,143024,693.0,failed,online,2025-03-11,NO
3248,18056,143053,789.04,completed,online,2025-03-11,NO
1,36701,144531,1907.51,completed,online,2025-03-11,NO
4012,20386,144805,398.34,failed,online,2025-03-11,NO
1875,17139,144965,177.6,failed,online,2025-03-11,NO
842,15548,146079,1279.01,completed,online,2025-03-11,NO
1,9088,147985,536.85,failed,online,2025-03-11,NO
1,37508,148445,1306.9,completed,online,2025-03-11,NO
1,39100,149032,1585.96,failed,online,2025-03-11,NO
3040,7435,149270,1040.11,failed,online,2025-03-11,NO
