product_id,customer_id,transaction_id,amount,status,channel,transaction_date,fraud_flag
4569,42547,1030,982.94,completed,UNKNOWN,2025-01-20,NO
1,21,2238,1244.7,completed,online,2025-01-20,NO
1,47740,3586,867.37,failed,UNKNOWN,2025-01-20,NO
2174,23697,4384,7134.144079549998,failed,online,2025-01-20,NO
1,3155,4653,427.54,failed,online,2025-01-20,NO
4784,33900,7599,1139.57,completed,online,2025-01-20,NO
1858,22926,9077,969.21,failed,online,2025-01-20,NO
1,7687,10354,478.13,completed,online,2025-01-20,NO
3412,22502,14580,30.45,completed,online,2025-01-20,NO
193,14004,15091,1566.04,completed,online,2025-01-20,NO
2931,48745,15746,439.47,completed,online,2025-01-20,NO
1,30004,16274,273.88,failed,online,2025-01-20,NO
201,48941,17350,1943.66,completed,online,2025-01-20,NO
1,41382,18632,1182.26,failed,online,2025-01-20,NO
973,30260,19038,385.78,completed,online,2025-01-20,NO
3234,32417,22223,757.12,failed,online,2025-01-20,NO
1,23927,23731,1533.29,completed,online,2025-01-20,NO
4379,22003,25847,376.53,failed,online,2025-01-20,NO
1740,43390,26708,591.01,completed,online,2025-01-20,NO
3814,32962,28906,1640.66,failed,online,2025-01-20,NO
3910,17778,29320,290.1,completed,online,2025-01-20,NO
1,44995,33061,1463.82,failed,online,2025-01-20,NO
167,33111,33213,889.2,completed,online,2025-01-20,NO
3327,16527,38291,1597.72,failed,online,2025-01-20,NO
2992,48957,40276,582.98,failed,online,2025-01-20,NO
4232,49384,41114,1271.03,completed,online,2025-01-20,NO
4650,7886,42094,303.53,failed,online,2025-01-20,NO
1629,13299,43985,585.69,completed,online,2025-01-20,NO
1,28792,44091,1653.86,completed,online,2025-01-20,NO
4798,9881,45622,12.79,completed,online,2025-01-20,NO
2537,46636,46757,372.35,completed,online,2025-01-20,NO
984,36600,47233,1674.89,completed,online,2025-01-20,NO
3147,13398,49325,762.86,completed,online,2025-01-20,NO
1,22134,55815,1061.38,failed,online,2025-01-20,NO
1,46353,56131,1249.44,completed,online,2025-01-20,NO
2496,22407,56460,374.12,failed,online,2025-01-20,NO
3900,7140,61745,1527.0,completed,online,2025-01-20,NO
199,33488,65504,8117.249509087358,failed,online,2025-01-20,NO
3111,25099,66841,559.06,completed,online,2025-01-20,NO
1,44389,67050,343.91,failed,UNKNOWN,2025-01-20,NO
1,49793,67992,291.77,failed,online,2025-01-20,NO
2650,49282,68757,80.13,failed,online,2025-01-20,NO
542,14159,70325,987.2,failed,online,2025-01-20,NO
1,41644,71064,1445.78,failed,online,2025-01-20,NO
3445,25324,71709,1948.38,failed,online,2025-01-20,NO
4713,42070,72787,847.47,completed,online,2025-01-20,NO
4631,9511,77234,123.02,completed,online,2025-01-20,NO
1,24798,78919,1998.44,completed,online,2025-01-20,NO
2685,30710,81080,650.42,failed,online,2025-01-20,NO
2606,20311,83438,1647.74,failed,UNKNOWN,2025-01-20,NO
2828,16461,83445,1069.86,failed,online,2025-01-20,NO
1017,9591,86343,1200.32,failed,online,2025-01-20,NO
2606,5350,88470,1163.16,failed,online,2025-01-20,NO
960,21242,89184,1448.05,failed,online,2025-01-20,NO
1307,41315,89234,214.62,failed,online,2025-01-20,NO
2613,4759,92865,149.27,failed,online,2025-01-20,NO
900,45063,93246,692.69,completed,online,2025-01-20,NO
1,9463,97894,1251.06,failed,online,2025-01-20,NO
511,35535,98458,482.15,completed,online,2025-01-20,NO
1,42758,99279,256.77,failed,online,2025-01-20,NO
15,10017,99500,750.28,completed,online,2025-01-20,NO
1,15827,100161,1857.7,completed,online,2025-01-20,NO
3444,20857,104205,1759.11,completed,online,2025-01-20,NO
1,45520,105069,783.86,completed,online,2025-01-20,NO
4515,33179,106273,1728.04,completed,online,2025-01-20,NO
4501,12139,108233,1482.8,failed,online,2025-01-20,NO
1716,39242,113219,559.26,completed,online,2025-01-20,NO
4083,1346,113812,202.96,completed,online,2025-01-20,NO
4955,10873,114897,336.39,failed,online,2025-01-20,NO
3276,35550,116406,692.56,completed,online,2025-01-20,NO
3970,40535,118651,143.08,completed,online,2025-01-20,NO
4032,13281,120827,1940.26,completed,online,2025-01-20,NO
259,11236,122398,402.88,failed,online,2025-01-20,NO
1194,18134,122497,1429.6,completed,online,2025-01-20,NO
81,14866,122664,1245.15,completed,online,2025-01-20,NO
2876,37315,124141,706.65,completed,online,2025-01-20,NO
1144,16354,125024,380.33,failed,online,2025-01-20,NO
1,37856,125796,1125.91,completed,online,2025-01-20,NO
3990,29029,125818,1317.02,completed,online,2025-01-20,NO
3846,36763,126734,1086.71,failed,online,2025-01-20,NO
1706,42555,126911,819.93,failed,online,2025-01-20,NO
1,16550,127800,589.99,completed,online,2025-01-20,NO
4301,47984,128257,1913.66,failed,online,2025-01-20,NO
1827,47913,128389,1604.54,failed,online,2025-01-20,NO
3359,15759,129025,1327.22,failed,online,2025-01-20,NO
1963,47621,135006,607.61,completed,online,2025-01-20,NO
1,42931,141851,1207.72,failed,online,2025-01-20,NO
1438,26684,144811,1966.69,completed,online,2025-01-20,NO
2761,19072,2104,866.03,failed,online,2025-09-29,NO
197,12072,3357,973.37,completed,online,2025-09-29,NO
4702,2532,3575,366.01,completed,online,2025-09-29,NO
1,20128,8196,315.31,completed,online,2025-09-29,NO
1163,16501,8940,1123.79,failed,online,2025-09-29,NO
1917,37908,9216,1814.21,completed,online,2025-09-29,NO
4563,16924,9346,59.31,failed,online,2025-09-29,NO
1,28530,9696,1565.61,failed,UNKNOWN,2025-09-29,NO
1,13573,9706,132.04,failed,online,2025-09-29,NO
1,32132,11094,473.77,failed,UNKNOWN,2025-09-29,NO
1,42892,11776,1944.71,failed,online,2025-09-29,NO
1568,15433,12245,973.51,failed,online,2025-09-29,NO
253,38670,15743,759.78,completed,online,2025-09-29,NO
3728,43,17881,1422.63,failed,online,2025-09-29,NO
4378,11450,18933,1048.09,failed,online,2025-09-29,NO
1117,41264,26414,983.67,completed,online,2025-09-29,NO
260,42803,28480,564.73,completed,online,2025-09-29,NO
3810,17999,28533,1670.72,failed,online,2025-09-29,NO
1,42920,29153,1820.51,failed,online,2025-09-29,NO
1,3619,30380,320.2,completed,online,2025-09-29,NO
1,44139,30490,1365.88,failed,online,2025-09-29,NO
4773,11936,32054,54.01,completed,online,2025-09-29,NO
1,37670,32464,246.34,completed,online,2025-09-29,NO
1768,29862,33410,633.26,completed,online,2025-09-29,NO
1816,43198,35625,442.45,failed,online,2025-09-29,NO
2348,47537,35844,783.77,failed,online,2025-09-29,NO
4958,21221,38206,1464.01,completed,online,2025-09-29,NO
1548,21177,40318,320.42,failed,online,2025-09-29,NO
4368,32204,48092,709.9,failed,online,2025-09-29,NO
1,30886,48862,582.13,completed,online,2025-09-29,NO
2659,20434,50217,798.24,completed,online,2025-09-29,NO
3950,44366,50299,833.69,failed,online,2025-09-29,NO
2422,5417,54253,403.6,completed,online,2025-09-29,NO
2527,4356,54379,1831.17,failed,online,2025-09-29,NO
3570,11219,54398,969.92,failed,online,2025-09-29,NO
1756,13816,56584,822.29,failed,online,2025-09-29,NO
1753,31443,57537,828.74,failed,online,2025-09-29,NO
1,2876,59549,50.41,completed,online,2025-09-29,NO
736,39286,60167,1559.78,completed,online,2025-09-29,NO
1,41742,64709,891.08,failed,online,2025-09-29,NO
1,1049,66225,1887.54,completed,online,2025-09-29,NO
3006,24110,66233,816.22,completed,online,2025-09-29,NO
704,39462,67951,344.24,completed,online,2025-09-29,NO
2862,11708,69857,1187.57,failed,online,2025-09-29,NO
3357,8674,72852,72.08,failed,online,2025-09-29,NO
858,11850,80176,1031.96,failed,online,2025-09-29,NO
1,44857,80192,461.44,failed,online,2025-09-29,NO
1452,11226,80780,169.77,completed,online,2025-09-29,NO
390,33471,85062,593.23,failed,online,2025-09-29,NO
3251,23246,86372,1625.24,completed,online,2025-09-29,NO
4255,824,89396,1867.31,failed,online,2025-09-29,NO
564,8918,92907,369.55,failed,online,2025-09-29,NO
4558,28429,93829,1214.8,completed,online,2025-09-29,NO
1,20263,95078,1697.38,completed,online,2025-09-29,NO
1,5272,96363,982.52,failed,online,2025-09-29,NO
1,40256,98765,1253.44,failed,online,2025-09-29,NO
857,5912,99275,1921.56,completed,online,2025-09-29,NO
3748,33923,101084,863.72,completed,online,2025-09-29,NO
1,17633,102235,1891.37,completed,online,2025-09-29,NO
4584,42639,103996,53.28,failed,online,2025-09-29,NO
1,18017,105961,713.88,completed,online,2025-09-29,NO
605,8387,106583,1978.85,failed,UNKNOWN,2025-09-29,NO
2479,35603,110273,846.59,completed,online,2025-09-29,NO
976,1503,110705,1669.39,completed,online,2025-09-29,NO
4375,24090,112361,29.41,failed,online,2025-09-29,NO
2938,31673,114437,983.09,failed,online,2025-09-29,NO
1933,3823,116260,1225.35,completed,online,2025-09-29,NO
2749,25622,120199,1356.73,failed,online,2025-09-29,NO
669,47020,122354,1939.37,failed,online,2025-09-29,NO
482,20653,122700,1877.6,completed,online,2025-09-29,NO
1985,21169,124828,1249.78,completed,online,2025-09-29,NO
534,20378,126371,1304.5,failed,online,2025-09-29,NO
3381,22597,126836,1381.15,failed,online,2025-09-29,NO
241,14111,126976,111.94,failed,online,2025-09-29,NO
1,7825,127412,1201.62,completed,online,2025-09-29,NO
4943,17799,130203,894.81,completed,online,2025-09-29,NO
3686,13240,132574,1673.97,failed,online,2025-09-29,NO
3568,21389,133926,1530.05,failed,online,2025-09-29,NO
1889,38748,134383,115.94,failed,online,2025-09-29,NO
1710,13719,139439,5582.563182637132,completed,online,2025-09-29,NO
4176,32729,140931,50.69,completed,online,2025-09-29,NO
1986,44683,141264,98.11,completed,online,2025-09-29,NO
4254,45404,144133,667.57,failed,online,2025-09-29,NO
1,1262,144772,777.88,completed,online,2025-09-29,NO
2059,28742,149337,719.76,failed,online,2025-09-29,NO
2895,40278,149451,871.41,failed,online,2025-09-29,NO
1,14351,149458,222.37,failed,online,2025-09-29,NO
2123,45314,149667,24.1,completed,online,2025-09-29,NO
2643,6954,149813,1832.26,completed,online,2025-09-29,NO
1004,13577,6809,290.87,failed,online,2025-03-07,NO
4143,23966,7296,654.26,completed,online,2025-03-07,NO
1,32875,8454,1355.15,completed,online,2025-03-07,NO
1,35011,10213,991.13,completed,online,2025-03-07,NO
1038,37729,12884,22.19,completed,online,2025-03-07,NO
1824,7679,14147,1438.8,completed,online,2025-03-07,NO
2248,39368,14550,221.4,failed,online,2025-03-07,NO
3314,21989,14938,1535.45,completed,online,2025-03-07,NO
3982,2447,15087,443.31,completed,online,2025-03-07,NO
1,32137,18250,250.16,failed,online,2025-03-07,NO
1190,34510,25492,735.17,completed,online,2025-03-07,NO
9,30308,26103,1775.09,failed,online,2025-03-07,NO
3899,17027,26650,1716.92,failed,online,2025-03-07,NO
1908,24762,28907,874.54,completed,online,2025-03-07,NO
400,47487,31540,1814.11,completed,online,2025-03-07,NO
2257,18704,31557,211.44,completed,online,2025-03-07,NO
3011,4398,33880,610.43,completed,online,2025-03-07,NO
3161,44771,37014,558.9,failed,online,2025-03-07,NO
4853,19109,37317,637.15,failed,online,2025-03-07,NO
3839,35194,38005,1520.19,completed,online,2025-03-07,NO
2237,10357,41654,1327.62,completed,online,2025-03-07,NO
3159,48826,46889,1103.65,failed,online,2025-03-07,NO
1,11215,47204,383.72,completed,online,2025-03-07,NO
101,8694,49652,1159.15,failed,online,2025-03-07,NO
3239,18872,49832,1235.68,completed,online,2025-03-07,NO
1,47436,50697,712.8,failed,online,2025-03-07,NO
1692,24109,54667,222.74,failed,online,2025-03-07,NO
4128,2349,55907,240.98,failed,online,2025-03-07,NO
3780,40420,57842,1857.37,completed,online,2025-03-07,NO
3024,24296,58069,1485.95,failed,online,2025-03-07,NO
537,47739,62065,1190.87,completed,online,2025-03-07,NO
4246,7267,66378,1384.48,completed,online,2025-03-07,NO
3776,47476,67447,1274.33,failed,online,2025-03-07,NO
1663,13346,67608,394.11,completed,online,2025-03-07,NO
4539,7296,73496,1859.24,completed,online,2025-03-07,NO
1,27785,74656,1176.69,completed,online,2025-03-07,NO
1828,5927,75352,1280.29,failed,UNKNOWN,2025-03-07,NO
1189,36986,77260,557.05,failed,online,2025-03-07,NO
4146,29149,79410,1997.8,completed,online,2025-03-07,NO
1,23863,80312,1016.58,completed,online,2025-03-07,NO
1431,17516,83087,647.0,completed,online,2025-03-07,NO
3256,34068,83295,426.59,completed,online,2025-03-07,NO
801,38038,83490,169.06,failed,online,2025-03-07,NO
1,9382,91094,1056.75,completed,online,2025-03-07,NO
4626,3332,91540,1523.32,completed,online,2025-03-07,NO
449,1409,91632,1335.39,completed,online,2025-03-07,NO
1498,9660,92099,323.23,completed,online,2025-03-07,NO
1,17134,92557,503.73,completed,online,2025-03-07,NO
2257,26099,94977,1034.57,failed,online,2025-03-07,NO
1,17705,95051,791.22,failed,online,2025-03-07,NO
4488,46314,97324,1688.6,completed,online,2025-03-07,NO
3002,6249,100053,971.9,completed,online,2025-03-07,NO
2107,28735,100550,892.45,completed,online,2025-03-07,NO
3571,33880,100751,40.54,failed,online,2025-03-07,NO
1366,31567,102116,129.19,failed,online,2025-03-07,NO
1752,35401,104385,1972.95,failed,online,2025-03-07,NO
4816,20273,110818,1942.98,completed,online,2025-03-07,NO
1504,46440,110969,1563.66,failed,online,2025-03-07,NO
2476,34592,113760,1413.27,failed,online,2025-03-07,NO
1,4874,114556,1400.44,completed,online,2025-03-07,NO
1,44481,116225,1272.95,failed,online,2025-03-07,NO
1837,47701,118069,203.34,failed,online,2025-03-07,NO
401,44587,118352,1889.19,completed,online,2025-03-07,NO
1116,38069,119175,67.18,completed,online,2025-03-07,NO
2179,44050,120480,1638.2,completed,online,2025-03-07,NO
3261,32850,120974,1000.81,completed,online,2025-03-07,NO
1898,40797,123432,1356.43,failed,online,2025-03-07,NO
2736,21272,123590,1919.77,failed,online,2025-03-07,NO
4890,8312,123703,380.02,completed,online,2025-03-07,NO
4165,22133,124594,1889.3,completed,online,2025-03-07,NO
1606,20304,126204,878.0,completed,online,2025-03-07,NO
1,17064,130178,1920.06,completed,online,2025-03-07,NO
355,36393,131788,1524.05,completed,online,2025-03-07,NO
217,26539,133996,1513.41,failed,online,2025-03-07,NO
2032,46944,136190,540.66,completed,online,2025-03-07,NO
1896,47048,136397,431.6,completed,online,2025-03-07,NO
2914,14310,136777,1107.39,completed,online,2025-03-07,NO
3522,40974,137677,1556.82,completed,online,2025-03-07,NO
3543,32126,139558,624.21,failed,online,2025-03-07,NO
1248,10755,140800,1768.61,failed,online,2025-03-07,NO
2702,40045,142029,1011.59,failed,online,2025-03-07,NO
2919,34743,142348,1919.46,completed,online,2025-03-07,NO
1,26402,142982,205.54,completed,online,2025-03-07,NO
3002,41762,145122,673.13,failed,online,2025-03-07,NO
219,26872,145891,1291.71,failed,online,2025-03-07,NO
346,48875,146484,986.35,completed,online,2025-03-07,NO
3811,19179,149753,895.69,completed,online,2025-03-07,NO
810,7003,4044,1615.79,completed,online,2025-06-08,NO
1,43273,6003,18.06,completed,online,2025-06-08,NO
4761,3885,6137,980.1,completed,online,2025-06-08,NO
1,10527,7136,1605.49,failed,online,2025-06-08,NO
3611,14361,9315,909.64,failed,online,2025-06-08,NO
2641,5525,14607,1582.99,completed,online,2025-06-08,NO
2150,37898,14634,1068.2,completed,online,2025-06-08,NO
242,36079,18868,1282.91,failed,online,2025-06-08,NO
4043,12082,19905,591.41,completed,online,2025-06-08,NO
304,46209,19975,894.3,failed,online,2025-06-08,NO
701,2527,23169,889.85,failed,online,2025-06-08,NO
2603,17268,24895,64.37,failed,online,2025-06-08,NO
1048,48795,26024,263.8,completed,online,2025-06-08,NO
1,49551,26166,582.91,completed,online,2025-06-08,NO
279,26190,26789,494.99,completed,online,2025-06-08,NO
2766,32986,30493,1092.14,failed,online,2025-06-08,NO
3421,11083,31721,502.51,completed,online,2025-06-08,NO
1,19636,35646,1520.2,completed,online,2025-06-08,NO
1,2440,37774,1273.88,completed,online,2025-06-08,NO
2091,18110,37791,1134.15,completed,online,2025-06-08,NO
2597,17790,41915,845.13,failed,online,2025-06-08,NO
4766,30763,42353,149.66,failed,online,2025-06-08,NO
4128,37148,43081,1041.05,completed,online,2025-06-08,NO
4697,41475,47022,604.71,failed,online,2025-06-08,NO
1,47855,47994,351.84,failed,online,2025-06-08,NO
4339,737,49326,307.0,failed,online,2025-06-08,NO
41,2226,57068,1494.38,completed,online,2025-06-08,NO
1,37702,60860,1144.08,completed,online,2025-06-08,NO
1,10731,62095,1046.76,failed,online,2025-06-08,NO
169,1248,63296,130.18,completed,online,2025-06-08,NO
4308,23433,63804,351.66,completed,UNKNOWN,2025-06-08,NO
1,16547,65019,100.4,completed,online,2025-06-08,NO
4419,7535,65324,1983.97,completed,online,2025-06-08,NO
1404,49734,68525,32.71,failed,online,2025-06-08,NO
1,42252,71338,839.1,completed,online,2025-06-08,NO
4501,34110,71356,1936.37,completed,online,2025-06-08,NO
1,47717,75283,1557.35,completed,online,2025-06-08,NO
4873,23344,78250,456.1,failed,online,2025-06-08,NO
1481,1500,80660,986.81,failed,online,2025-06-08,NO
835,6562,81206,1128.23,completed,online,2025-06-08,NO
1,47216,81781,1299.55,failed,online,2025-06-08,NO
704,37603,83401,418.55,failed,online,2025-06-08,NO
3568,24243,86199,728.77,completed,online,2025-06-08,NO
415,15948,86303,873.05,failed,online,2025-06-08,NO
1,1525,88234,1046.85,completed,online,2025-06-08,NO
75,14799,88986,1008.32,completed,online,2025-06-08,NO
1216,10115,89008,1822.32,completed,online,2025-06-08,NO
4949,32338,91826,1949.36,failed,online,2025-06-08,NO
1795,37246,93058,1216.89,failed,online,2025-06-08,NO
1493,4452,94472,509.25,completed,online,2025-06-08,NO
1493,33532,95536,879.08,failed,online,2025-06-08,NO
3882,24871,95978,1884.33,completed,online,2025-06-08,NO
4829,21932,95981,108.09,completed,online,2025-06-08,NO
1,46848,98661,969.58,completed,online,2025-06-08,NO
1,45752,101817,1965.24,failed,online,2025-06-08,NO
3167,17257,103344,1673.11,failed,online,2025-06-08,NO
4763,12996,105948,1870.57,completed,online,2025-06-08,NO
1,30316,106990,1966.68,failed,online,2025-06-08,NO
1,11079,107717,1421.93,completed,online,2025-06-08,NO
1452,41655,107724,1772.92,completed,online,2025-06-08,NO
345,22358,108156,1397.0,completed,online,2025-06-08,NO
3478,16838,114299,692.32,failed,online,2025-06-08,NO
4368,20946,114376,441.89,completed,online,2025-06-08,NO
1,18647,114397,1335.52,failed,online,2025-06-08,NO
994,2362,117910,1657.12,completed,online,2025-06-08,NO
400,43345,119799,1331.61,completed,UNKNOWN,2025-06-08,NO
3871,38091,120021,1951.22,completed,online,2025-06-08,NO
1910,2807,120631,1409.91,completed,online,2025-06-08,NO
436,14199,120695,438.22,completed,online,2025-06-08,NO
3168,6824,122445,28.63,completed,online,2025-06-08,NO
4403,28814,122671,1296.86,completed,online,2025-06-08,NO
1,24123,125477,296.29,failed,online,2025-06-08,NO
4184,20478,125828,1691.42,completed,online,2025-06-08,NO
3534,9616,125964,1632.52,failed,online,2025-06-08,NO
764,14563,126138,771.19,completed,online,2025-06-08,NO
1140,31545,126360,617.07,failed,UNKNOWN,2025-06-08,NO
1,22977,131291,1355.01,failed,online,2025-06-08,NO
3216,26513,135450,133.6,completed,online,2025-06-08,NO
3943,39449,135766,1427.65,completed,online,2025-06-08,NO
1,3660,135994,1914.71,completed,online,2025-06-08,NO
2666,38956,136285,467.66,completed,online,2025-06-08,NO
306,12645,136811,783.35,failed,online,2025-06-08,NO
1,13634,138387,1021.33,completed,online,2025-06-08,NO
1844,42807,139866,995.07,failed,online,2025-06-08,NO
2652,43220,141580,1646.7,failed,online,2025-06-08,NO
4766,23144,141749,998.19,completed,online,2025-06-08,NO
4051,9650,145980,1602.35,failed,online,2025-06-08,NO
3682,11913,148408,563.81,completed,online,2025-06-08,NO
299,38840,153,990.78,completed,online,2025-01-11,NO
4750,3025,1768,1798.68,completed,online,2025-01-11,NO
2020,41579,3021,1266.36,completed,online,2025-01-11,NO
768,17055,4289,1603.44,completed,online,2025-01-11,NO
4460,18069,4850,942.95,failed,online,2025-01-11,NO
1,21111,6092,613.13,failed,online,2025-01-11,NO
2344,27526,12476,896.8,failed,online,2025-01-11,NO
4297,17686,13520,1820.72,completed,online,2025-01-11,NO
1,40525,14946,1274.31,failed,online,2025-01-11,NO
4401,16545,17038,814.92,failed,online,2025-01-11,NO
4805,21505,22168,1801.31,completed,online,2025-01-11,NO
236,17744,24947,20.11,failed,online,2025-01-11,NO
4307,2037,25816,461.92,failed,online,2025-01-11,NO
4901,32096,25853,1611.22,completed,online,2025-01-11,NO
3438,40073,27926,1802.08,failed,online,2025-01-11,NO
4656,46316,30587,979.05,completed,online,2025-01-11,NO
3087,25247,32874,1569.14,failed,online,2025-01-11,NO
259,36479,35724,500.14,completed,online,2025-01-11,NO
2445,7569,35871,1772.35,completed,online,2025-01-11,NO
4135,19791,37529,531.4,failed,online,2025-01-11,NO
4764,25236,39321,26.85,failed,online,2025-01-11,NO
1653,1948,41520,1364.67,failed,online,2025-01-11,NO
4787,41532,43165,288.68,failed,online,2025-01-11,NO
677,33378,47408,361.84,completed,online,2025-01-11,NO
2974,28260,49280,906.14,failed,online,2025-01-11,NO
4679,3917,50551,1574.37,completed,online,2025-01-11,NO
1,8623,51759,742.67,failed,online,2025-01-11,NO
1,13775,52810,33.17,failed,online,2025-01-11,NO
1,31884,55096,472.68,completed,online,2025-01-11,NO
109,2482,55382,828.0,completed,online,2025-01-11,NO
4378,8663,56137,1558.89,completed,online,2025-01-11,NO
4103,26639,56251,200.78,completed,online,2025-01-11,NO
2624,23441,57263,1885.23,failed,online,2025-01-11,NO
4721,1517,57419,1765.43,completed,online,2025-01-11,NO
2057,9099,61346,1889.34,completed,online,2025-01-11,NO
2083,18733,62115,885.24,failed,online,2025-01-11,NO
397,44425,62277,1027.09,completed,online,2025-01-11,NO
782,10302,62520,1083.69,failed,online,2025-01-11,NO
2173,23080,63314,1087.61,failed,online,2025-01-11,NO
2352,48000,64167,294.84,completed,online,2025-01-11,NO
573,16344,65029,1327.08,failed,online,2025-01-11,NO
1,40775,65592,815.11,failed,online,2025-01-11,NO
285,22889,66219,1559.36,failed,online,2025-01-11,NO
4625,35482,66925,1051.17,completed,online,2025-01-11,NO
4029,24178,68505,158.23,completed,online,2025-01-11,NO
1,30997,71118,1375.92,failed,online,2025-01-11,NO
1,2582,74313,1560.53,failed,online,2025-01-11,NO
4549,38495,75655,1839.3,completed,online,2025-01-11,NO
4558,48308,76913,718.01,completed,online,2025-01-11,NO
1,43884,77918,1123.39,failed,online,2025-01-11,NO
1152,14067,79424,1197.53,completed,online,2025-01-11,NO
3515,26841,83211,1116.83,completed,online,2025-01-11,NO
4669,49544,88451,1270.41,completed,online,2025-01-11,NO
4707,5560,89045,1556.24,completed,online,2025-01-11,NO
4922,10968,89339,1523.54,failed,online,2025-01-11,NO
3843,9199,90666,1546.11,failed,online,2025-01-11,NO
1,18177,91015,319.78,completed,online,2025-01-11,NO
4328,6767,92241,1484.26,completed,online,2025-01-11,NO
2882,44543,94453,708.7,failed,online,2025-01-11,NO
1145,5823,94521,1352.53,completed,online,2025-01-11,NO
4931,7174,95358,1245.27,completed,online,2025-01-11,NO
516,45727,96084,554.04,completed,online,2025-01-11,NO
82,23371,97240,1380.55,failed,online,2025-01-11,NO
1787,27978,98067,1715.13,failed,online,2025-01-11,NO
2504,14850,98666,1962.22,failed,online,2025-01-11,NO
3869,19698,99966,1473.69,failed,online,2025-01-11,NO
2617,23484,102647,1935.12,completed,online,2025-01-11,NO
4347,29392,104561,1841.34,failed,online,2025-01-11,NO
1,15587,105416,1014.39,failed,online,2025-01-11,NO
675,5628,106835,848.34,completed,online,2025-01-11,NO
4740,41621,109166,1662.67,completed,online,2025-01-11,NO
1467,4956,114375,643.77,completed,online,2025-01-11,NO
3496,37265,114468,200.94,failed,online,2025-01-11,NO
4129,2373,118938,54.38,completed,online,2025-01-11,NO
4982,24804,119841,143.68,completed,online,2025-01-11,NO
488,42602,121148,1413.51,failed,online,2025-01-11,NO
2481,35523,124277,1138.61,completed,online,2025-01-11,NO
606,3366,124536,1894.96,completed,online,2025-01-11,NO
2237,17601,128107,273.03,failed,online,2025-01-11,NO
352,230,128836,1043.9,completed,online,2025-01-11,NO
68,29227,130512,1824.97,failed,online,2025-01-11,NO
180,27790,130721,475.99,failed,online,2025-01-11,NO
1554,48679,135537,748.48,completed,online,2025-01-11,NO
403,15603,135697,1610.04,failed,online,2025-01-11,NO
2471,17742,137911,359.87,failed,online,2025-01-11,NO
793,2599,143363,1073.24,completed,online,2025-01-11,NO
2014,35410,143897,815.6,completed,online,2025-01-11,NO
2857,23464,145843,1811.88,completed,online,2025-01-11,NO
3109,44474,1971,1788.49,failed,online,2025-06-14,NO
1069,24383,2473,9687.801944120722,failed,online,2025-06-14,NO
4806,48418,2657,1215.37,completed,online,2025-06-14,NO
1,29527,3619,1995.62,failed,online,2025-06-14,NO
4394,35926,5362,1505.83,completed,online,2025-06-14,NO
4006,43125,5662,1162.19,failed,online,2025-06-14,NO
1,34748,5749,456.7,failed,online,2025-06-14,NO
3045,42122,6895,411.97,failed,online,2025-06-14,NO
4832,43494,7884,1533.73,completed,online,2025-06-14,NO
2895,18715,8104,1985.2,failed,online,2025-06-14,NO
2323,29694,9545,46.78,failed,online,2025-06-14,NO
2960,46280,13716,518.99,failed,online,2025-06-14,NO
3651,33050,14739,1709.97,completed,online,2025-06-14,NO
482,48886,16127,1627.47,completed,online,2025-06-14,NO
4736,40854,16477,378.8,completed,online,2025-06-14,NO
1263,33180,16663,186.49,completed,online,2025-06-14,NO
1,27392,19213,1232.15,completed,online,2025-06-14,NO
1882,32998,21943,1562.08,failed,online,2025-06-14,NO
4999,38810,22663,1722.96,failed,online,2025-06-14,NO
4151,5852,25001,1890.85,completed,online,2025-06-14,NO
3503,9621,25690,709.33,failed,online,2025-06-14,NO
2966,94,25823,222.62,failed,online,2025-06-14,NO
1760,31519,26135,645.43,failed,online,2025-06-14,NO
4110,15491,27425,603.59,failed,online,2025-06-14,NO
389,29986,32898,1757.34,failed,online,2025-06-14,NO
1748,16402,34715,1998.1,completed,online,2025-06-14,NO
821,33150,36311,6265.691831292139,failed,online,2025-06-14,NO
1,22380,39034,564.59,failed,online,2025-06-14,NO
914,30243,39844,400.07,failed,online,2025-06-14,NO
1607,19475,44910,1890.8,completed,online,2025-06-14,NO
1,15163,47644,1602.36,completed,online,2025-06-14,NO
4486,27526,47735,389.18,completed,online,2025-06-14,NO
4770,27961,47975,1954.94,failed,online,2025-06-14,NO
4559,9085,49573,1912.13,failed,UNKNOWN,2025-06-14,NO
206,40100,49618,1434.72,failed,online,2025-06-14,NO
3535,15960,51650,981.11,failed,online,2025-06-14,NO
454,29052,52104,1625.67,completed,online,2025-06-14,NO
178,8907,52637,531.63,failed,online,2025-06-14,NO
1,3302,53664,1144.2,completed,online,2025-06-14,NO
2874,37350,54162,1738.75,completed,online,2025-06-14,NO
4802,45242,59626,769.7,failed,online,2025-06-14,NO
1970,24914,65162,1128.91,failed,online,2025-06-14,NO
1,45687,70210,1205.65,failed,online,2025-06-14,NO
2300,43308,70377,227.69,failed,UNKNOWN,2025-06-14,NO
3448,19110,70649,945.6,completed,online,2025-06-14,NO
1,9095,71461,1558.8,failed,online,2025-06-14,NO
4923,9077,72067,486.66,completed,online,2025-06-14,NO
3884,13825,72987,1221.22,failed,online,2025-06-14,NO
2898,13761,75474,106.57,failed,online,2025-06-14,NO
309,3183,79613,703.03,completed,online,2025-06-14,NO
353,48768,79778,894.22,completed,online,2025-06-14,NO
3069,42575,80146,1125.82,failed,online,2025-06-14,NO
1986,21015,82502,467.69,completed,online,2025-06-14,NO
3565,36644,84954,240.74,failed,online,2025-06-14,NO
2805,26520,88019,1797.0,failed,online,2025-06-14,NO
4458,35234,88713,820.99,completed,online,2025-06-14,NO
318,23838,90553,105.67,completed,online,2025-06-14,NO
2573,26830,92095,363.72,failed,online,2025-06-14,NO
3390,31690,95743,789.93,failed,online,2025-06-14,NO
2949,46722,96601,915.9,failed,online,2025-06-14,NO
65,808,96851,1404.73,completed,online,2025-06-14,NO
1921,30744,98916,1084.9,completed,online,2025-06-14,NO
1,47136,105892,864.38,failed,online,2025-06-14,NO
94,32697,106265,984.64,failed,online,2025-06-14,NO
3263,48963,108785,587.43,completed,online,2025-06-14,NO
4868,17153,108928,1386.56,completed,online,2025-06-14,NO
1,26350,109575,988.75,completed,online,2025-06-14,NO
2365,27060,112629,148.11,failed,online,2025-06-14,NO
4697,45696,112632,911.29,failed,online,2025-06-14,NO
387,42276,113025,1245.23,completed,online,2025-06-14,NO
4967,10472,113252,1647.77,completed,online,2025-06-14,NO
2243,31765,115808,519.22,failed,online,2025-06-14,NO
2229,14885,118835,1107.99,failed,online,2025-06-14,NO
1353,47586,121478,180.35,failed,online,2025-06-14,NO
2652,47056,125777,9021.734623587417,completed,online,2025-06-14,NO
3135,14967,129195,1457.47,completed,online,2025-06-14,NO
417,34057,130074,682.57,failed,online,2025-06-14,NO
1,31177,130482,320.22,completed,online,2025-06-14,NO
1415,43721,135803,1699.99,failed,online,2025-06-14,NO
1,46092,137742,1789.54,completed,online,2025-06-14,NO
1409,48411,138716,1683.72,failed,online,2025-06-14,NO
1,32165,140151,1676.2,failed,online,2025-06-14,NO
420,33215,143992,1226.8,completed,online,2025-06-14,NO
3681,9390,144273,1651.99,failed,online,2025-06-14,NO
2532,33704,144812,1228.88,failed,online,2025-06-14,NO
485,27085,146491,60.81,completed,online,2025-06-14,NO
1,20908,149340,916.63,failed,online,2025-06-14,NO
3664,42055,149504,1388.31,completed,online,2025-06-14,NO
4634,47370,633,329.03,failed,online,2025-03-29,NO
1,24645,2945,1768.61,failed,online,2025-03-29,NO
1,7315,3026,341.84,completed,online,2025-03-29,NO
4276,19427,6393,1907.55,completed,online,2025-03-29,NO
1268,13763,6435,1237.54,completed,online,2025-03-29,NO
3030,44029,7902,353.7,completed,online,2025-03-29,NO
1,28072,12373,901.93,completed,online,2025-03-29,NO
877,47974,15447,768.64,completed,online,2025-03-29,NO
1115,48560,15856,1216.96,completed,online,2025-03-29,NO
2613,25316,18030,1685.78,completed,online,2025-03-29,NO
1611,7783,19335,780.74,completed,online,2025-03-29,NO
1366,7387,21212,543.05,failed,online,2025-03-29,NO
3507,34623,21303,688.37,failed,online,2025-03-29,NO
1,14922,21667,948.75,completed,online,2025-03-29,NO
1,44786,22430,1972.54,failed,online,2025-03-29,NO
1,5517,23026,380.06,failed,online,2025-03-29,NO
1943,31105,24033,872.63,completed,online,2025-03-29,NO
4187,23786,24194,696.74,failed,online,2025-03-29,NO
4350,43177,24528,1657.34,failed,online,2025-03-29,NO
1409,32173,27521,1860.8,failed,online,2025-03-29,NO
1,41887,31553,354.21,failed,online,2025-03-29,NO
2191,26087,32214,1156.0,completed,online,2025-03-29,NO
987,13686,32945,1473.1,completed,online,2025-03-29,NO
4730,32214,33150,846.05,failed,online,2025-03-29,NO
3920,1421,33740,1933.24,completed,UNKNOWN,2025-03-29,NO
2215,41716,34925,911.38,failed,online,2025-03-29,NO
3036,48742,35419,669.92,completed,online,2025-03-29,NO
4390,38339,35448,1048.91,failed,online,2025-03-29,NO
2399,25126,35855,1535.56,completed,online,2025-03-29,NO
1532,25955,38052,211.5,failed,online,2025-03-29,NO
3575,6346,38621,1477.17,completed,online,2025-03-29,NO
1,16752,38946,1146.15,failed,online,2025-03-29,NO
1769,31525,39121,264.9,completed,online,2025-03-29,NO
2697,646,42176,692.13,completed,online,2025-03-29,NO
585,15744,45011,1065.26,failed,online,2025-03-29,NO
1,48977,45183,1295.09,completed,online,2025-03-29,NO
3423,16978,46739,1478.83,failed,online,2025-03-29,NO
2328,19128,47992,692.74,completed,online,2025-03-29,NO
1,21270,49226,319.84,failed,online,2025-03-29,NO
3154,39892,50641,619.2,completed,online,2025-03-29,NO
1877,18322,54752,1511.3,failed,online,2025-03-29,NO
672,30909,54777,1598.84,failed,online,2025-03-29,NO
1,28351,58229,1591.18,failed,online,2025-03-29,NO
4650,33027,59913,1262.51,failed,online,2025-03-29,NO
2298,27529,67034,436.35,completed,online,2025-03-29,NO
1,31456,68047,1734.42,completed,online,2025-03-29,NO
771,28166,69893,1870.3,completed,online,2025-03-29,NO
3451,6500,70078,1555.04,failed,online,2025-03-29,NO
3525,38336,71859,911.6,failed,online,2025-03-29,NO
1597,13345,74163,798.2,completed,online,2025-03-29,NO
4023,22751,77975,740.46,failed,online,2025-03-29,NO
3546,666,82116,1844.41,completed,online,2025-03-29,NO
2287,403,85028,1488.52,failed,online,2025-03-29,NO
2361,19545,87172,1652.04,failed,online,2025-03-29,NO
3339,34805,89222,1501.6,failed,online,2025-03-29,NO
1,22729,90737,488.1,completed,online,2025-03-29,NO
3443,16541,91107,1128.77,completed,online,2025-03-29,NO
951,49213,92001,676.71,completed,online,2025-03-29,NO
451,3368,94292,1300.24,completed,online,2025-03-29,NO
4005,4756,96397,1557.12,failed,online,2025-03-29,NO
1,975,97636,1697.78,failed,online,2025-03-29,NO
3325,49501,100898,1831.89,completed,online,2025-03-29,NO
4885,37084,105193,949.61,completed,online,2025-03-29,NO
2619,35729,105790,661.46,failed,online,2025-03-29,NO
3858,29101,108205,8613.173220200182,failed,online,2025-03-29,NO
4919,12602,108771,1822.97,completed,UNKNOWN,2025-03-29,NO
4435,34561,110186,1920.44,completed,online,2025-03-29,NO
4852,2242,111574,1809.95,completed,online,2025-03-29,NO
4759,43831,115476,1831.12,failed,online,2025-03-29,NO
2062,28734,119994,1755.77,failed,online,2025-03-29,NO
1,25064,125374,1543.43,completed,online,2025-03-29,NO
4460,21175,126272,609.79,failed,online,2025-03-29,NO
940,29889,129795,1699.36,failed,online,2025-03-29,NO
1454,46601,129968,1307.47,completed,online,2025-03-29,NO
3508,16278,130634,1232.77,failed,online,2025-03-29,NO
1211,24491,132639,1902.14,completed,online,2025-03-29,NO
62,15431,133376,1892.56,failed,online,2025-03-29,NO
3162,252,134282,1797.9,completed,online,2025-03-29,NO
466,1277,134731,948.4,completed,online,2025-03-29,NO
2938,1524,135153,1429.49,failed,online,2025-03-29,NO
168,19217,138821,1501.99,completed,online,2025-03-29,NO
4073,42846,141377,1758.43,failed,online,2025-03-29,NO
2454,5096,141783,1447.96,failed,online,2025-03-29,NO
2071,30474,141831,223.25,failed,online,2025-03-29,NO
332,30241,142545,1369.74,failed,online,2025-03-29,NO
4184,18707,143610,1979.45,failed,online,2025-03-29,NO
571,36493,143930,423.59,completed,online,2025-03-29,NO
1,9351,144299,1096.15,failed,online,2025-03-29,NO
377,39807,9127,1672.82,completed,online,2025-04-10,NO
1,9541,9598,1734.62,completed,online,2025-04-10,NO
4808,34522,12646,77.33,failed,online,2025-04-10,NO
2152,23964,12668,929.97,failed,online,2025-04-10,NO
1,12008,12681,187.42,failed,online,2025-04-10,NO
4218,19621,14366,1989.78,failed,online,2025-04-10,NO
1569,40646,18820,1823.28,failed,online,2025-04-10,NO
2193,47318,22679,1990.73,completed,online,2025-04-10,NO
2466,46660,24118,1569.68,failed,online,2025-04-10,NO
4399,48616,24403,1667.01,failed,online,2025-04-10,NO
3257,39461,25956,719.96,completed,online,2025-04-10,NO
1,10428,27420,574.88,completed,online,2025-04-10,NO
1093,21753,27848,1665.99,failed,online,2025-04-10,NO
1126,14375,28380,391.07,failed,online,2025-04-10,NO
3157,11286,31966,1336.61,completed,online,2025-04-10,NO
308,1567,33459,1975.59,failed,online,2025-04-10,NO
1,21032,36322,164.88,failed,online,2025-04-10,NO
4626,43053,36779,760.1,completed,online,2025-04-10,NO
3647,1337,41558,1640.96,completed,online,2025-04-10,NO
4598,26332,42738,1853.07,failed,online,2025-04-10,NO
2696,37742,47358,920.09,failed,online,2025-04-10,NO
1701,17772,49299,201.25,completed,online,2025-04-10,NO
3193,36518,50810,282.85,completed,online,2025-04-10,NO
1,5899,50914,382.1,failed,online,2025-04-10,NO
4403,7538,51987,949.07,completed,online,2025-04-10,NO
1,40233,54758,298.87,failed,online,2025-04-10,NO
3866,49398,55518,1259.04,failed,online,2025-04-10,NO
3328,33861,59258,116.01,completed,online,2025-04-10,NO
3472,32625,60446,1642.7,failed,online,2025-04-10,NO
511,24002,61013,1172.53,failed,online,2025-04-10,NO
3226,15780,65116,1967.62,failed,online,2025-04-10,NO
1,7746,69344,82.68,failed,online,2025-04-10,NO
928,35268,70345,1202.95,completed,online,2025-04-10,NO
1,12626,70771,717.9,failed,online,2025-04-10,NO
4002,32463,71521,668.49,completed,online,2025-04-10,NO
3714,23768,75155,1802.96,completed,online,2025-04-10,NO
2120,15444,75599,1308.44,completed,online,2025-04-10,NO
1,2281,77339,594.24,failed,online,2025-04-10,NO
601,24595,78090,1274.16,failed,online,2025-04-10,NO
1,20851,80980,873.27,failed,online,2025-04-10,NO
3893,9665,81008,252.37,completed,online,2025-04-10,NO
4370,20575,82485,847.72,failed,online,2025-04-10,NO
1,30514,84442,324.26,completed,online,2025-04-10,NO
2563,16232,84449,994.28,failed,online,2025-04-10,NO
2256,14988,87323,1498.04,completed,online,2025-04-10,NO
2414,26465,89642,1148.11,failed,online,2025-04-10,NO
97,43478,90007,924.27,completed,online,2025-04-10,NO
1965,36889,90286,1843.51,completed,online,2025-04-10,NO
1041,1613,91387,70.24,failed,online,2025-04-10,NO
4487,48679,92330,1390.05,completed,online,2025-04-10,NO
1,29593,92910,203.09,failed,online,2025-04-10,NO
2352,39550,93636,523.94,completed,online,2025-04-10,NO
1786,13745,94015,973.02,failed,online,2025-04-10,NO
2116,41624,96123,856.07,failed,online,2025-04-10,NO
4384,21996,96133,294.06,completed,online,2025-04-10,NO
1797,24478,97937,976.99,completed,online,2025-04-10,NO
1233,30686,98618,285.55,completed,online,2025-04-10,NO
1214,2474,100918,337.71,failed,online,2025-04-10,NO
3262,18625,101367,1906.7,completed,online,2025-04-10,NO
3345,23154,102815,683.42,completed,online,2025-04-10,NO
1565,20737,102965,1022.05,completed,online,2025-04-10,NO
1,27250,104343,1010.11,failed,online,2025-04-10,NO
1,1273,105825,8925.737095250757,completed,online,2025-04-10,NO
1,45423,106118,1179.23,failed,online,2025-04-10,NO
1270,41400,107477,1408.4,failed,online,2025-04-10,NO
1379,39373,111182,876.22,completed,online,2025-04-10,NO
4258,17047,113539,1883.84,failed,online,2025-04-10,NO
1283,29840,114190,1687.8,completed,online,2025-04-10,NO
23,15328,119048,253.63,completed,online,2025-04-10,NO
3023,23692,124683,689.59,failed,online,2025-04-10,NO
1931,39274,126770,982.0,completed,online,2025-04-10,NO
731,6673,128710,1368.04,completed,online,2025-04-10,NO
2104,30729,129867,1425.06,completed,online,2025-04-10,NO
1982,34755,130905,995.59,completed,online,2025-04-10,NO
1508,19285,131010,997.37,failed,online,2025-04-10,NO
3136,17964,131630,1937.98,failed,online,2025-04-10,NO
1322,5684,134637,357.05,completed,online,2025-04-10,NO
1,1645,136461,927.02,failed,online,2025-04-10,NO
709,48553,140371,623.59,failed,online,2025-04-10,NO
2233,36139,140854,425.16,completed,online,2025-04-10,NO
2234,11096,141700,311.72,completed,online,2025-04-10,NO
1,32575,144588,1807.86,failed,online,2025-04-10,NO
1,29775,144656,692.03,completed,online,2025-04-10,NO
1,28467,145659,1158.65,completed,online,2025-04-10,NO
1,11268,146108,1528.21,completed,online,2025-04-10,NO
3152,31815,146261,281.03,failed,online,2025-04-10,NO
395,23515,147279,547.91,completed,online,2025-04-10,NO
1584,20327,149880,511.3,completed,online,2025-04-10,NO
3515,13914,711,65.62,completed,online,2025-09-11,NO
1,12577,4788,762.19,failed,online,2025-09-11,NO
2207,37159,5367,1256.03,completed,online,2025-09-11,NO
4934,35507,9475,259.87,completed,online,2025-09-11,NO
1,13001,12137,1229.54,completed,online,2025-09-11,NO
2142,34539,12462,888.52,completed,online,2025-09-11,NO
339,13534,15191,166.52,completed,online,2025-09-11,NO
3222,42611,15292,1950.3,completed,online,2025-09-11,NO
205,26982,16401,1084.34,failed,online,2025-09-11,NO
3574,31664,18827,233.79,completed,online,2025-09-11,NO
334,33582,19468,478.4,completed,online,2025-09-11,NO
3163,26208,19819,1469.64,failed,online,2025-09-11,NO
3259,30672,20497,978.45,completed,online,2025-09-11,NO
3987,2984,20542,543.33,completed,online,2025-09-11,NO
4085,24797,25014,1042.03,completed,online,2025-09-11,NO
2796,25246,26746,1748.08,failed,online,2025-09-11,NO
4232,3487,26875,1481.77,completed,online,2025-09-11,NO
1751,30282,29462,872.82,failed,online,2025-09-11,NO
1105,36993,29583,623.27,failed,online,2025-09-11,NO
63,7216,35626,375.39,failed,online,2025-09-11,NO
1,48324,36898,1568.26,failed,UNKNOWN,2025-09-11,NO
1,15740,36906,37.82,failed,online,2025-09-11,NO
1491,48325,37618,1422.51,completed,UNKNOWN,2025-09-11,NO
4835,22368,38401,7843.4928166407335,failed,online,2025-09-11,NO
2104,2307,39788,1703.82,completed,online,2025-09-11,NO
3277,13111,40151,1458.13,completed,online,2025-09-11,NO
1,222,41931,669.87,failed,online,2025-09-11,NO
1,44762,43499,1368.55,completed,online,2025-09-11,NO
155,47284,43670,112.67,completed,online,2025-09-11,NO
3605,8087,50166,1994.78,completed,online,2025-09-11,NO
1,7157,50814,808.71,completed,online,2025-09-11,NO
2165,7304,51783,274.25,failed,UNKNOWN,2025-09-11,NO
2019,45575,52854,1080.32,failed,online,2025-09-11,NO
1699,22243,54204,1867.74,failed,online,2025-09-11,NO
1,16687,57696,796.7,completed,online,2025-09-11,NO
1312,49693,58188,1790.38,completed,online,2025-09-11,NO
4482,21109,62101,895.59,failed,online,2025-09-11,NO
3663,27435,64741,1762.68,failed,online,2025-09-11,NO
3719,1955,65283,1425.36,failed,online,2025-09-11,NO
4245,35625,65949,886.5,completed,online,2025-09-11,NO
3875,19778,66051,233.29,completed,online,2025-09-11,NO
3880,18376,67680,1233.64,completed,online,2025-09-11,NO
153,37235,69514,1584.13,completed,online,2025-09-11,NO
793,24331,70166,923.65,completed,online,2025-09-11,NO
313,21769,70903,1134.74,failed,online,2025-09-11,NO
1984,38577,73815,1188.31,failed,online,2025-09-11,NO
3006,37669,76200,1883.71,failed,online,2025-09-11,NO
1838,39645,78665,1268.79,completed,online,2025-09-11,NO
3686,48721,78858,1979.43,completed,online,2025-09-11,NO
1527,26855,79563,5574.806920007549,failed,online,2025-09-11,NO
3144,47543,80817,485.24,failed,online,2025-09-11,NO
3466,43628,81031,1764.36,failed,online,2025-09-11,NO
3529,3388,83141,905.1,completed,online,2025-09-11,NO
1624,44924,85706,1417.72,failed,online,2025-09-11,NO
3940,47719,86993,89.19,completed,online,2025-09-11,NO
1,43789,87130,1981.86,failed,online,2025-09-11,NO
1441,20866,91298,1819.49,completed,online,2025-09-11,NO
2999,38100,92261,328.28,completed,online,2025-09-11,NO
1048,10355,93648,925.95,completed,online,2025-09-11,NO
4783,22978,94514,1238.63,completed,online,2025-09-11,NO
4881,32690,94962,1641.15,failed,online,2025-09-11,NO
1,8308,95363,1666.42,completed,online,2025-09-11,NO
4843,39286,98771,980.62,failed,online,2025-09-11,NO
4073,48802,102042,1432.03,completed,online,2025-09-11,NO
36,39064,102997,519.26,failed,online,2025-09-11,NO
1,9705,103506,1483.4,completed,online,2025-09-11,NO
3786,35872,104242,522.72,completed,UNKNOWN,2025-09-11,NO
1559,36249,104656,319.59,failed,UNKNOWN,2025-09-11,NO
2116,8620,107542,1954.88,completed,online,2025-09-11,NO
2576,47945,108016,1304.44,failed,online,2025-09-11,NO
1784,30091,111680,785.74,completed,online,2025-09-11,NO
4460,4216,112810,162.13,failed,online,2025-09-11,NO
4832,1213,114732,404.06,failed,online,2025-09-11,NO
1458,13241,119618,888.17,failed,online,2025-09-11,NO
116,21390,120606,812.1,completed,online,2025-09-11,NO
4677,42706,122113,1638.99,failed,online,2025-09-11,NO
3589,35058,122713,1151.69,failed,online,2025-09-11,NO
1,9227,127096,462.89,failed,online,2025-09-11,NO
1,48744,129002,1652.77,completed,online,2025-09-11,NO
1553,11756,130051,1918.49,failed,online,2025-09-11,NO
3681,6636,131015,1332.83,failed,online,2025-09-11,NO
121,8653,133893,1494.36,failed,online,2025-09-11,NO
4133,23972,139614,1203.73,failed,online,2025-09-11,NO
4428,10873,140749,1920.17,completed,online,2025-09-11,NO
1204,26949,144925,1149.67,completed,online,2025-09-11,NO
3967,27283,145030,135.14,failed,online,2025-09-11,NO
2942,24113,147545,1227.63,completed,online,2025-09-11,NO
4773,29679,299,528.1,completed,online,2025-11-03,NO
4695,46858,1074,1685.48,completed,online,2025-11-03,NO
1,33344,1806,1746.51,failed,online,2025-11-03,NO
4761,13234,2524,1449.56,failed,online,2025-11-03,NO
2729,7714,3399,521.77,completed,online,2025-11-03,NO
1303,5421,4905,209.9,failed,online,2025-11-03,NO
3362,23640,6261,1503.29,completed,online,2025-11-03,NO
1,9068,7870,585.26,completed,online,2025-11-03,NO
1570,37579,8532,1299.34,failed,online,2025-11-03,NO
1,16398,8909,235.18,failed,online,2025-11-03,NO
151,19950,9105,1085.39,failed,online,2025-11-03,NO
1,6424,9411,1404.4,completed,online,2025-11-03,NO
129,32752,9947,1000.87,failed,online,2025-11-03,NO
1,46764,10306,1067.88,failed,online,2025-11-03,NO
1765,6066,11304,1381.62,failed,online,2025-11-03,NO
3780,19064,11679,604.67,completed,online,2025-11-03,NO
3327,19040,11718,335.36,failed,online,2025-11-03,NO
1,25993,11880,567.88,completed,online,2025-11-03,NO
1993,42507,14385,1538.85,completed,online,2025-11-03,NO
4071,48576,15587,216.77,failed,online,2025-11-03,NO
2741,16457,17165,1757.91,failed,online,2025-11-03,NO
3083,26185,17894,1171.2,failed,online,2025-11-03,NO
4807,31109,20224,196.58,completed,online,2025-11-03,NO
184,3622,20634,1075.61,completed,online,2025-11-03,NO
3954,8070,21118,991.01,completed,online,2025-11-03,NO
511,47304,22270,788.01,failed,online,2025-11-03,NO
250,35440,23700,1153.36,failed,online,2025-11-03,NO
20,49434,28487,40.02,completed,online,2025-11-03,NO
1,27429,29741,1465.93,failed,online,2025-11-03,NO
4397,26342,29962,328.09,failed,UNKNOWN,2025-11-03,NO
3296,890,30549,475.92,failed,online,2025-11-03,NO
1645,49346,32500,400.01,failed,online,2025-11-03,NO
3813,43533,36211,1701.47,failed,online,2025-11-03,NO
1,5485,37391,1844.28,failed,online,2025-11-03,NO
2007,10892,40264,1017.21,completed,online,2025-11-03,NO
4688,4100,41311,1392.99,failed,online,2025-11-03,NO
1,11907,42064,1911.39,completed,online,2025-11-03,NO
1,19292,43511,400.69,completed,online,2025-11-03,NO
2547,18141,44454,1415.02,completed,online,2025-11-03,NO
426,3019,47439,972.83,failed,online,2025-11-03,NO
1529,21816,49801,713.2,failed,online,2025-11-03,NO
3241,7239,50887,1249.47,failed,online,2025-11-03,NO
3591,1686,51657,506.61,failed,online,2025-11-03,NO
1766,25174,52207,237.08,completed,online,2025-11-03,NO
4073,14617,53134,874.5,completed,UNKNOWN,2025-11-03,NO
243,25928,54649,1057.06,completed,online,2025-11-03,NO
1,20268,62323,1675.57,completed,online,2025-11-03,NO
1094,7841,62883,736.32,failed,online,2025-11-03,NO
1174,42723,63342,1112.54,completed,online,2025-11-03,NO
1164,6122,63379,1851.42,completed,online,2025-11-03,NO
3515,9633,65626,767.95,failed,online,2025-11-03,NO
1800,18026,66250,1305.52,completed,online,2025-11-03,NO
1,38758,68314,210.26,failed,online,2025-11-03,NO
2503,14962,73314,522.47,failed,online,2025-11-03,NO
2032,21130,76410,607.88,completed,online,2025-11-03,NO
2720,29099,78070,374.24,failed,UNKNOWN,2025-11-03,NO
3401,28745,78253,1336.19,completed,online,2025-11-03,NO
1625,15446,79586,1765.34,failed,online,2025-11-03,NO
3233,42131,80319,1362.85,failed,online,2025-11-03,NO
1,5877,81032,783.76,failed,online,2025-11-03,NO
3580,30200,82955,710.41,failed,online,2025-11-03,NO
3861,11175,85654,962.72,completed,online,2025-11-03,NO
3668,32437,85903,1875.32,completed,online,2025-11-03,NO
270,1956,86270,572.29,failed,online,2025-11-03,NO
2757,24534,95606,1431.84,failed,online,2025-11-03,NO
1186,30310,97250,1955.66,completed,online,2025-11-03,NO
1,25846,99944,522.78,failed,online,2025-11-03,NO
3912,29127,100325,153.85,completed,online,2025-11-03,NO
3827,41825,103008,73.86,completed,online,2025-11-03,NO
1991,32802,103553,756.9,failed,online,2025-11-03,NO
1,32746,106630,248.41,completed,UNKNOWN,2025-11-03,NO
4476,40189,107462,351.86,failed,online,2025-11-03,NO
52,42984,110420,1266.86,completed,UNKNOWN,2025-11-03,NO
2332,32756,117864,936.25,completed,online,2025-11-03,NO
4057,20564,121195,184.67,completed,online,2025-11-03,NO
4819,81,121658,738.01,failed,online,2025-11-03,NO
3800,4827,125566,1953.62,completed,online,2025-11-03,NO
1,7189,133424,400.25,failed,online,2025-11-03,NO
3219,4111,135330,530.54,completed,online,2025-11-03,NO
1,38222,136197,1323.89,completed,online,2025-11-03,NO
223,40198,137663,1720.02,failed,online,2025-11-03,NO
4737,3410,143838,184.34,completed,online,2025-11-03,NO
1545,6740,143887,653.24,completed,online,2025-11-03,NO
1316,24956,143960,331.96,failed,online,2025-11-03,NO
2319,18098,146189,1817.27,completed,online,2025-11-03,NO
1,41090,149098,1398.47,failed,online,2025-11-03,NO
4574,37550,149201,54.14,completed,UNKNOWN,2025-11-03,NO
1,43635,149452,1284.06,completed,online,2025-11-03,NO
1,1684,149897,294.19,failed,online,2025-11-03,NO
1691,41637,478,1927.61,completed,online,2025-11-11,NO
1,49294,653,1996.53,completed,online,2025-11-11,NO
1650,33778,7079,488.99,completed,online,2025-11-11,NO
798,2640,7608,572.16,completed,online,2025-11-11,NO
553,48749,8684,1264.67,failed,online,2025-11-11,NO
653,29328,9132,729.17,failed,online,2025-11-11,NO
3286,8119,9552,1142.53,failed,online,2025-11-11,NO
4382,25681,10118,1470.44,failed,online,2025-11-11,NO
3752,16694,10188,1445.9,failed,online,2025-11-11,NO
2426,40351,10812,953.82,failed,online,2025-11-11,NO
2084,26765,11605,1540.77,completed,online,2025-11-11,NO
3464,36070,12614,1946.51,completed,online,2025-11-11,NO
365,38563,15250,329.52,completed,online,2025-11-11,NO
2326,13442,15610,1682.0,completed,online,2025-11-11,NO
1,9928,16642,738.77,failed,online,2025-11-11,NO
4255,1020,18098,336.38,completed,online,2025-11-11,NO
4739,35691,18977,735.34,completed,online,2025-11-11,NO
463,24455,19081,1378.35,failed,online,2025-11-11,NO
4056,9943,23313,353.51,failed,online,2025-11-11,NO
2956,23896,26662,498.69,failed,online,2025-11-11,NO
4569,45576,29516,1109.41,completed,online,2025-11-11,NO
40,12173,30296,1184.77,completed,online,2025-11-11,NO
231,16910,38814,1699.45,failed,online,2025-11-11,NO
4898,506,40089,387.2,failed,online,2025-11-11,NO
1844,12020,43065,1282.16,failed,online,2025-11-11,NO
2898,44540,44975,1925.9,completed,online,2025-11-11,NO
1,24367,47978,279.33,completed,online,2025-11-11,NO
1,47090,49614,1585.26,failed,online,2025-11-11,NO
385,21741,51362,383.25,completed,online,2025-11-11,NO
2583,18691,52084,859.81,completed,online,2025-11-11,NO
1,48970,52265,1309.22,failed,online,2025-11-11,NO
2019,26223,53087,1930.07,completed,online,2025-11-11,NO
3028,35425,54223,141.06,failed,UNKNOWN,2025-11-11,NO
1827,32824,54471,958.12,completed,online,2025-11-11,NO
4886,25462,54485,183.95,completed,online,2025-11-11,NO
467,15487,55062,700.14,completed,online,2025-11-11,NO
1775,28106,55207,1228.98,failed,online,2025-11-11,NO
1496,11189,56439,628.01,failed,online,2025-11-11,NO
4960,15616,56457,1820.98,completed,online,2025-11-11,NO
1,48451,58786,555.21,failed,online,2025-11-11,NO
3398,40261,60635,1923.92,completed,online,2025-11-11,NO
310,16327,60704,232.64,completed,online,2025-11-11,NO
663,37391,60784,1240.75,failed,online,2025-11-11,NO
3488,19723,61929,1754.46,failed,online,2025-11-11,NO
4796,2230,62545,251.28,failed,online,2025-11-11,NO
1040,26694,63553,1373.71,completed,online,2025-11-11,NO
4483,30292,65575,36.27,failed,online,2025-11-11,NO
341,39806,69249,1232.13,failed,online,2025-11-11,NO
4870,42710,70821,245.53,failed,online,2025-11-11,NO
1,16750,72045,964.77,completed,online,2025-11-11,NO
4689,1162,72939,1208.6,completed,online,2025-11-11,NO
3456,22205,74658,271.14,completed,online,2025-11-11,NO
1235,12437,77161,83.15,failed,online,2025-11-11,NO
2361,1864,77675,1844.32,completed,online,2025-11-11,NO
1011,20769,81805,6979.50086556431,completed,online,2025-11-11,NO
3505,14028,82540,64.9,completed,online,2025-11-11,NO
4505,16164,88980,84.3,completed,online,2025-11-11,NO
1621,38586,89449,909.61,failed,online,2025-11-11,NO
4533,488,91128,1540.26,completed,online,2025-11-11,NO
1,7689,92597,1452.42,completed,online,2025-11-11,NO
923,4092,97051,1047.44,completed,online,2025-11-11,NO
4340,1551,99235,1710.39,failed,online,2025-11-11,NO
1,41049,106568,1805.01,failed,online,2025-11-11,NO
1,5699,110894,1449.56,failed,online,2025-11-11,NO
3458,14431,110917,352.39,completed,online,2025-11-11,NO
2152,8215,115354,298.08,completed,online,2025-11-11,NO
2275,38485,115820,1598.87,failed,online,2025-11-11,NO
1413,42860,115844,1663.53,failed,online,2025-11-11,NO
691,15505,119657,140.84,failed,online,2025-11-11,NO
2544,46319,121350,1065.83,failed,online,2025-11-11,NO
1469,34218,121545,67.8,failed,online,2025-11-11,NO
4248,25094,124451,1209.33,completed,online,2025-11-11,NO
1911,43451,125694,474.53,failed,online,2025-11-11,NO
1,33705,128283,1732.37,failed,online,2025-11-11,NO
2042,20745,128605,930.26,completed,online,2025-11-11,NO
3285,17682,128689,344.87,failed,online,2025-11-11,NO
1,3588,132729,534.32,completed,online,2025-11-11,NO
1,45564,133263,1240.43,completed,online,2025-11-11,NO
3969,38125,134371,1636.58,completed,online,2025-11-11,NO
4351,13179,135923,918.62,completed,online,2025-11-11,NO
2965,38886,137184,1611.13,failed,online,2025-11-11,NO
2981,11651,138492,576.81,failed,online,2025-11-11,NO
1,14731,140451,1028.11,completed,online,2025-11-11,NO
2569,3894,140731,367.17,failed,online,2025-11-11,NO
1,41333,145586,1494.36,failed,online,2025-11-11,NO
1,24777,147195,1959.66,completed,online,2025-11-11,NO
3989,35053,148418,352.41,completed,online,2025-11-11,NO
3861,5867,148754,481.2,failed,online,2025-11-11,NO
3426,6853,472,1527.38,failed,online,2025-01-04,NO
4155,43743,3972,1831.34,completed,online,2025-01-04,NO
4185,26366,5758,1211.47,completed,online,2025-01-04,NO
1800,6708,6045,411.26,failed,online,2025-01-04,NO
2175,45790,7838,1229.88,completed,online,2025-01-04,NO
2816,25594,13960,71.49,completed,online,2025-01-04,NO
4346,19530,14779,1160.68,completed,online,2025-01-04,NO
1,14890,16075,364.62,completed,online,2025-01-04,NO
1945,28260,16431,352.62,failed,online,2025-01-04,NO
1999,10115,16800,983.97,failed,online,2025-01-04,NO
3119,4268,17598,1138.22,failed,online,2025-01-04,NO
3353,15402,19332,773.29,completed,online,2025-01-04,NO
1318,22678,20210,1024.74,completed,online,2025-01-04,NO
2352,8260,20977,365.5,completed,online,2025-01-04,NO
1,29278,21087,959.53,completed,online,2025-01-04,NO
2797,9959,25308,785.91,completed,online,2025-01-04,NO
670,10935,26087,1113.83,completed,online,2025-01-04,NO
976,10351,29744,1902.95,failed,online,2025-01-04,NO
415,19235,31209,1955.65,failed,online,2025-01-04,NO
3828,1962,31309,954.99,completed,online,2025-01-04,NO
1170,48905,31447,1539.49,failed,online,2025-01-04,NO
2920,6820,34040,5185.624289012145,completed,online,2025-01-04,NO
3659,17822,41577,1891.31,completed,online,2025-01-04,NO
3248,26324,42646,842.29,completed,online,2025-01-04,NO
1590,24526,45028,1445.54,completed,online,2025-01-04,NO
1375,10437,46152,644.51,failed,online,2025-01-04,NO
3657,12941,47655,856.97,failed,online,2025-01-04,NO
628,18328,48350,891.95,completed,online,2025-01-04,NO
476,7172,49043,102.46,completed,online,2025-01-04,NO
4178,4884,50463,1500.49,completed,online,2025-01-04,NO
1,34261,51801,1280.1,failed,online,2025-01-04,NO
115,7083,52571,1870.28,completed,online,2025-01-04,NO
1952,47624,53630,9009.40317083591,failed,online,2025-01-04,NO
1,23657,55152,1622.31,completed,online,2025-01-04,NO
445,7479,55197,821.78,completed,online,2025-01-04,NO
4724,2752,55492,1497.71,completed,online,2025-01-04,NO
4617,8146,55703,219.45,failed,online,2025-01-04,NO
3392,25178,56308,463.14,completed,online,2025-01-04,NO
1319,32819,56665,407.18,completed,online,2025-01-04,NO
1,3320,57795,966.61,failed,online,2025-01-04,NO
4978,40575,60189,153.95,failed,online,2025-01-04,NO
519,8802,62328,1025.49,failed,online,2025-01-04,NO
1,23319,63981,1275.34,failed,online,2025-01-04,NO
1,31433,66077,1182.97,failed,online,2025-01-04,NO
2843,43509,66738,943.39,failed,online,2025-01-04,NO
2449,13615,66967,1177.03,completed,online,2025-01-04,NO
1866,24249,68804,1401.48,completed,online,2025-01-04,NO
1,23384,68978,1278.6,failed,online,2025-01-04,NO
4299,25935,73571,76.12,completed,online,2025-01-04,NO
1,27367,73581,1267.26,failed,online,2025-01-04,NO
2812,26653,76078,1274.78,completed,online,2025-01-04,NO
1074,32888,76418,1920.22,completed,online,2025-01-04,NO
3114,26739,78931,1058.65,failed,online,2025-01-04,NO
4112,22025,81872,73.29,completed,online,2025-01-04,NO
1727,1635,83372,425.92,failed,online,2025-01-04,NO
1375,32847,85250,169.56,failed,online,2025-01-04,NO
4167,31579,86808,49.35,failed,online,2025-01-04,NO
4581,1351,86833,124.51,failed,online,2025-01-04,NO
1,8790,97016,978.12,failed,online,2025-01-04,NO
1097,10706,100181,1158.87,failed,online,2025-01-04,NO
1241,19450,101284,1860.92,failed,online,2025-01-04,NO
1,44918,102461,1040.36,completed,online,2025-01-04,NO
4308,9305,108422,961.41,failed,online,2025-01-04,NO
216,48110,108835,5692.649541075004,failed,online,2025-01-04,NO
1324,1260,109329,739.75,completed,online,2025-01-04,NO
3285,36728,110851,1474.58,completed,online,2025-01-04,NO
1589,24284,111543,635.04,failed,online,2025-01-04,NO
4467,17830,112269,726.69,completed,online,2025-01-04,NO
4006,4850,114294,1890.04,failed,online,2025-01-04,NO
1066,26498,115841,1756.11,failed,online,2025-01-04,NO
2613,48705,117217,1617.04,completed,UNKNOWN,2025-01-04,NO
2753,37991,119678,535.16,completed,online,2025-01-04,NO
4961,354,122801,1095.96,completed,online,2025-01-04,NO
621,7981,124542,1332.34,failed,online,2025-01-04,NO
506,11103,125773,1327.49,completed,online,2025-01-04,NO
36,21643,132360,447.14,failed,online,2025-01-04,NO
3945,32431,133184,582.63,failed,online,2025-01-04,NO
2181,38037,133837,1268.2,completed,online,2025-01-04,NO
2582,27425,134653,264.16,failed,online,2025-01-04,NO
1,32981,136924,451.66,failed,online,2025-01-04,NO
1,42264,137018,1333.37,completed,online,2025-01-04,NO
4465,9383,140090,1020.84,completed,online,2025-01-04,NO
2820,35227,140506,1649.6,completed,online,2025-01-04,NO
1,16940,147810,1411.22,failed,online,2025-01-04,NO
792,46333,148585,1788.53,completed,online,2025-01-04,NO
1,34342,148633,1138.01,completed,online,2025-01-04,NO
3511,16433,149690,1140.26,completed,online,2025-01-04,NO
1607,6201,2376,1484.15,completed,online,2025-06-04,NO
3709,4547,4434,366.06,failed,online,2025-06-04,NO
3726,19509,4764,1678.09,completed,online,2025-06-04,NO
4499,32014,5272,204.56,failed,online,2025-06-04,NO
1,17437,7505,214.87,failed,online,2025-06-04,NO
1,35751,8470,1326.61,completed,online,2025-06-04,NO
1,13624,9884,1217.13,completed,UNKNOWN,2025-06-04,NO
2956,10769,11078,1699.9,completed,online,2025-06-04,NO
4004,44992,14732,867.53,completed,online,2025-06-04,NO
3047,42325,16444,355.27,completed,online,2025-06-04,NO
3587,8403,16768,1075.15,completed,online,2025-06-04,NO
1439,43909,16816,127.14,completed,online,2025-06-04,NO
2998,12490,17277,301.63,failed,online,2025-06-04,NO
4511,49326,19961,931.09,completed,online,2025-06-04,NO
3665,41396,20736,1746.72,failed,online,2025-06-04,NO
1,38631,21837,1772.49,failed,online,2025-06-04,NO
3463,44520,26397,1170.01,failed,online,2025-06-04,NO
1139,25814,26885,709.62,failed,online,2025-06-04,NO
676,31637,28987,799.17,failed,online,2025-06-04,NO
1,46600,29324,961.97,completed,online,2025-06-04,NO
4563,3021,30185,902.71,failed,online,2025-06-04,NO
1623,8655,31243,1347.23,completed,online,2025-06-04,NO
1,29574,31782,422.51,completed,online,2025-06-04,NO
3243,18374,34649,1302.81,completed,online,2025-06-04,NO
4695,1966,34940,186.76,failed,online,2025-06-04,NO
4135,25885,34956,1162.78,failed,online,2025-06-04,NO
1015,5627,36962,1501.57,completed,online,2025-06-04,NO
1,47971,38449,1903.44,failed,online,2025-06-04,NO
445,6599,38731,381.61,failed,online,2025-06-04,NO
4224,21343,39361,753.99,completed,online,2025-06-04,NO
1,40512,44762,99.56,failed,online,2025-06-04,NO
1,17143,46786,1185.23,failed,online,2025-06-04,NO
1707,28143,48040,266.96,failed,online,2025-06-04,NO
2866,40360,48842,9817.613992891882,failed,online,2025-06-04,NO
1,5142,50391,497.49,failed,online,2025-06-04,NO
1,40572,51315,672.48,failed,online,2025-06-04,NO
1988,40814,53745,1269.45,completed,online,2025-06-04,NO
2583,950,54805,470.71,completed,online,2025-06-04,NO
245,15178,55933,167.38,completed,online,2025-06-04,NO
4367,38284,56438,216.43,completed,online,2025-06-04,NO
3866,5116,57847,1738.56,completed,online,2025-06-04,NO
2587,18968,58899,1921.42,completed,online,2025-06-04,NO
420,4802,62514,1807.01,completed,online,2025-06-04,NO
4285,20798,63092,541.28,failed,online,2025-06-04,NO
3407,2447,63263,1867.47,failed,online,2025-06-04,NO
2221,42854,67176,1037.7,completed,online,2025-06-04,NO
1,46767,71127,1736.86,completed,online,2025-06-04,NO
2465,11153,71452,1781.18,completed,online,2025-06-04,NO
1,4695,74630,1475.59,failed,online,2025-06-04,NO
2662,1598,76347,1747.25,completed,online,2025-06-04,NO
1188,17159,76459,1783.62,completed,online,2025-06-04,NO
1113,27278,76796,905.75,failed,online,2025-06-04,NO
3964,40226,78308,1284.2,failed,online,2025-06-04,NO
4802,8956,82149,314.14,failed,online,2025-06-04,NO
2881,14063,82312,90.36,failed,online,2025-06-04,NO
1,19333,84647,1122.15,failed,online,2025-06-04,NO
776,771,86092,7894.641648042731,failed,online,2025-06-04,NO
3230,32434,94174,86.45,completed,online,2025-06-04,NO
4188,2848,96643,1283.95,completed,online,2025-06-04,NO
1,9717,99632,1980.56,completed,online,2025-06-04,NO
3459,27930,101902,1604.96,completed,online,2025-06-04,NO
1188,12645,103862,843.04,completed,online,2025-06-04,NO
1408,39049,104097,575.2,completed,online,2025-06-04,NO
1441,18809,107788,1817.65,failed,online,2025-06-04,NO
501,9528,108742,1146.14,completed,online,2025-06-04,NO
1898,29955,109071,1630.47,completed,online,2025-06-04,NO
1,11083,109943,106.96,failed,online,2025-06-04,NO
2600,27790,112144,320.49,failed,online,2025-06-04,NO
2847,75,113292,486.38,failed,online,2025-06-04,NO
255,47720,113430,407.84,failed,online,2025-06-04,NO
353,35950,119915,1343.81,failed,online,2025-06-04,NO
3510,11501,120738,355.62,completed,online,2025-06-04,NO
1,35728,121463,1998.2,failed,online,2025-06-04,NO
920,1630,125632,891.4,completed,online,2025-06-04,NO
3939,40026,127631,1369.66,completed,online,2025-06-04,NO
1638,39109,128478,818.32,failed,online,2025-06-04,NO
1,19765,128523,753.87,completed,online,2025-06-04,NO
2487,36923,128681,1175.34,failed,online,2025-06-04,NO
4104,5632,139987,1505.21,failed,online,2025-06-04,NO
4826,5769,141365,1685.57,completed,online,2025-06-04,NO
1484,9816,142990,1841.76,failed,online,2025-06-04,NO
4320,16749,146477,837.07,failed,online,2025-06-04,NO
3314,5344,146788,1598.16,failed,online,2025-06-04,NO
1246,35576,146816,1471.33,failed,online,2025-06-04,NO
942,31704,147061,117.73,failed,online,2025-06-04,NO
147,32414,147847,1576.8,failed,online,2025-06-04,NO
3803,26769,148912,155.09,failed,online,2025-06-04,NO
3393,21254,149969,1947.67,completed,online,2025-06-04,NO
3758,40240,1687,115.86,failed,online,2025-11-25,NO
1918,10627,3303,1083.31,completed,online,2025-11-25,NO
1,38388,4081,371.82,completed,online,2025-11-25,NO
2105,5976,5583,796.83,failed,online,2025-11-25,NO
444,13961,6021,1182.06,completed,online,2025-11-25,NO
2214,28114,6184,137.57,failed,online,2025-11-25,NO
3665,45761,6753,1364.51,failed,online,2025-11-25,NO
1,46634,6947,1866.27,failed,online,2025-11-25,NO
4177,18985,8669,1164.62,failed,online,2025-11-25,NO
4946,42393,10620,1792.38,failed,online,2025-11-25,NO
2889,41324,11220,121.91,failed,online,2025-11-25,NO
491,14951,12746,821.0,failed,online,2025-11-25,NO
540,4029,14012,1981.48,completed,online,2025-11-25,NO
1,17469,14215,1861.93,failed,online,2025-11-25,NO
156,8904,15847,862.74,failed,online,2025-11-25,NO
1,25981,16118,736.79,failed,online,2025-11-25,NO
3682,14980,19926,705.15,failed,online,2025-11-25,NO
1,42063,22182,1448.15,failed,online,2025-11-25,NO
1187,43888,27011,878.85,failed,online,2025-11-25,NO
1,36081,28189,1019.51,failed,online,2025-11-25,NO
4728,15641,28466,488.37,failed,online,2025-11-25,NO
1713,9071,29082,154.88,completed,online,2025-11-25,NO
1,8158,35500,1529.56,failed,online,2025-11-25,NO
4160,3109,37532,970.49,completed,online,2025-11-25,NO
1503,28071,42618,704.81,failed,online,2025-11-25,NO
3501,42896,43294,234.53,completed,online,2025-11-25,NO
1326,18674,45257,1742.56,failed,online,2025-11-25,NO
694,13172,47859,590.95,failed,online,2025-11-25,NO
2183,27042,51174,190.36,completed,online,2025-11-25,NO
4444,44730,53037,1150.52,failed,online,2025-11-25,NO
3805,32657,54982,791.69,failed,online,2025-11-25,NO
405,41996,57063,964.51,failed,online,2025-11-25,NO
980,46260,58497,795.82,failed,UNKNOWN,2025-11-25,NO
1,28069,59645,1362.69,completed,online,2025-11-25,NO
1,40361,60077,810.7,completed,online,2025-11-25,NO
2983,10461,64431,98.23,completed,online,2025-11-25,NO
3238,16215,66795,1488.05,failed,online,2025-11-25,NO
4035,29995,68271,1057.44,completed,online,2025-11-25,NO
4947,19363,71764,1523.4,failed,online,2025-11-25,NO
4782,15046,72047,1604.75,failed,online,2025-11-25,NO
1,47939,74594,1875.61,completed,online,2025-11-25,NO
3643,44129,75314,1104.47,failed,online,2025-11-25,NO
285,28076,76878,151.47,failed,online,2025-11-25,NO
1810,6956,76887,1877.07,completed,online,2025-11-25,NO
4586,12690,78449,1193.71,completed,online,2025-11-25,NO
3445,22017,78846,1999.19,completed,online,2025-11-25,NO
1,31898,80699,754.05,completed,online,2025-11-25,NO
3900,14898,83123,180.19,failed,online,2025-11-25,NO
1,14109,86025,504.43,failed,UNKNOWN,2025-11-25,NO
3404,44391,88115,29.49,completed,online,2025-11-25,NO
80,16033,90373,276.36,completed,online,2025-11-25,NO
1189,28569,91529,949.61,failed,online,2025-11-25,NO
2107,47311,92540,464.0,completed,online,2025-11-25,NO
1834,23489,93433,1235.37,failed,online,2025-11-25,NO
1854,48638,93544,1890.05,completed,online,2025-11-25,NO
4549,16058,93621,769.72,completed,online,2025-11-25,NO
46,48054,93923,590.12,completed,online,2025-11-25,NO
3593,7016,96778,604.5,completed,online,2025-11-25,NO
267,19007,97028,1181.46,completed,online,2025-11-25,NO
1,9525,99537,1150.96,completed,online,2025-11-25,NO
3573,27070,101287,1499.22,failed,online,2025-11-25,NO
4059,27841,101712,279.36,completed,online,2025-11-25,NO
1781,47230,102771,605.56,completed,online,2025-11-25,NO
4521,10946,102875,342.38,failed,online,2025-11-25,NO
1003,34512,104580,1256.45,completed,online,2025-11-25,NO
4173,27598,108965,229.09,completed,online,2025-11-25,NO
1728,28012,110751,286.1,completed,online,2025-11-25,NO
1,32413,112176,1896.76,completed,online,2025-11-25,NO
2102,48814,114682,1647.32,failed,online,2025-11-25,NO
2725,23666,117939,1716.81,completed,online,2025-11-25,NO
2026,4067,121461,782.57,failed,online,2025-11-25,NO
2410,3285,121522,205.57,completed,online,2025-11-25,NO
1357,13199,123112,1494.63,completed,online,2025-11-25,NO
372,5686,124532,9239.368322623593,failed,online,2025-11-25,NO
218,12657,134217,1973.88,completed,online,2025-11-25,NO
3114,20175,134579,1738.6,completed,online,2025-11-25,NO
2692,44067,136527,788.69,failed,online,2025-11-25,NO
7,1134,139409,1313.18,completed,online,2025-11-25,NO
4621,38016,141168,1891.33,failed,online,2025-11-25,NO
3545,40369,141742,1282.38,failed,online,2025-11-25,NO
1,18405,141888,227.11,failed,online,2025-11-25,NO
4717,39144,142058,148.17,completed,online,2025-11-25,NO
1517,5442,142187,1441.55,completed,online,2025-11-25,NO
3524,30985,144799,1737.27,completed,online,2025-11-25,NO
46,8159,145629,999.46,completed,online,2025-11-25,NO
374,25151,145941,1650.86,failed,online,2025-11-25,NO
201,24132,148131,304.03,failed,online,2025-11-25,NO
617,32905,148797,1012.52,failed,online,2025-11-25,NO
1,31099,937,941.62,failed,online,2025-06-16,NO
541,26133,1520,1894.8,failed,online,2025-06-16,NO
2905,20763,1706,1795.85,completed,online,2025-06-16,NO
1,45096,2832,369.75,failed,online,2025-06-16,NO
2004,9180,4290,404.65,completed,online,2025-06-16,NO
1,3700,8342,727.77,completed,online,2025-06-16,NO
953,49404,8434,1834.04,completed,online,2025-06-16,NO
4501,19749,8565,499.18,failed,online,2025-06-16,NO
1,45592,10062,1411.78,completed,online,2025-06-16,NO
1,32840,13235,1015.11,failed,online,2025-06-16,NO
2745,4295,13806,430.42,failed,online,2025-06-16,NO
1154,47422,14700,378.02,completed,online,2025-06-16,NO
3004,15384,17656,1742.74,failed,online,2025-06-16,NO
4146,19537,20053,1364.39,completed,online,2025-06-16,NO
1,35682,20939,66.97,completed,online,2025-06-16,NO
1149,36811,22895,1037.09,failed,online,2025-06-16,NO
4067,7512,24298,464.57,completed,online,2025-06-16,NO
3259,49756,24879,1919.48,completed,online,2025-06-16,NO
1,4819,29234,1028.12,failed,online,2025-06-16,NO
1885,39041,30028,978.19,failed,online,2025-06-16,NO
2752,19892,33417,1990.8,completed,online,2025-06-16,NO
1173,4711,33886,1977.13,completed,online,2025-06-16,NO
1,23025,34818,1201.34,failed,online,2025-06-16,NO
4782,6434,37523,439.07,completed,online,2025-06-16,NO
577,43548,39508,80.71,completed,online,2025-06-16,NO
2994,30169,41630,1072.5,completed,online,2025-06-16,NO
2620,8820,42389,964.84,failed,online,2025-06-16,NO
3668,30565,44140,1430.03,completed,online,2025-06-16,NO
1,49858,45775,963.2,failed,online,2025-06-16,NO
1215,37759,48371,1434.91,failed,online,2025-06-16,NO
1,27927,48981,21.57,failed,online,2025-06-16,NO
3125,28170,50900,1205.15,completed,online,2025-06-16,NO
3156,43735,50910,1101.43,completed,online,2025-06-16,NO
3052,44277,52007,598.38,completed,online,2025-06-16,NO
429,16292,52347,82.94,failed,online,2025-06-16,NO
561,45003,52553,1712.38,completed,online,2025-06-16,NO
4883,3884,59756,677.42,completed,online,2025-06-16,NO
4329,16371,60762,471.58,completed,online,2025-06-16,NO
1,35008,62644,1377.58,completed,online,2025-06-16,NO
3002,47662,65294,154.9,completed,online,2025-06-16,NO
1,8957,68968,868.33,failed,online,2025-06-16,NO
1622,11376,71302,857.64,completed,online,2025-06-16,NO
3497,15441,73243,605.97,failed,online,2025-06-16,NO
1096,20991,75761,1976.52,failed,online,2025-06-16,NO
1,14370,76723,642.32,failed,online,2025-06-16,NO
208,44323,78271,498.06,completed,online,2025-06-16,NO
234,14051,79645,1633.37,failed,online,2025-06-16,NO
4294,30553,80872,1945.69,completed,online,2025-06-16,NO
2663,33201,83717,473.33,completed,online,2025-06-16,NO
2527,41919,86055,6268.627995871273,failed,online,2025-06-16,NO
4524,21438,87770,315.75,completed,online,2025-06-16,NO
3700,21041,88551,885.92,completed,online,2025-06-16,NO
420,44232,90848,1646.22,failed,online,2025-06-16,NO
3925,15544,91692,781.04,failed,online,2025-06-16,NO
4728,18625,94047,931.75,completed,online,2025-06-16,NO
1276,26367,95801,31.48,completed,online,2025-06-16,NO
1,35327,98676,1138.34,completed,online,2025-06-16,NO
2873,41043,101679,389.02,failed,online,2025-06-16,NO
1,39144,102376,1111.12,completed,online,2025-06-16,NO
543,30627,103432,826.09,failed,online,2025-06-16,NO
1,8767,103656,1864.6,failed,online,2025-06-16,NO
3300,33957,104285,1977.24,completed,online,2025-06-16,NO
4607,5469,104325,1762.99,failed,online,2025-06-16,NO
2918,3028,105771,837.45,completed,online,2025-06-16,NO
1,16970,106253,405.4,failed,online,2025-06-16,NO
93,38707,109537,604.7,completed,online,2025-06-16,NO
59,32217,110322,1896.85,failed,online,2025-06-16,NO
2370,16605,113120,295.13,completed,online,2025-06-16,NO
531,40868,113552,1317.62,failed,online,2025-06-16,NO
1,25513,114574,1822.34,failed,online,2025-06-16,NO
1,4721,119462,1396.62,completed,online,2025-06-16,NO
3239,1978,119556,10.25,completed,online,2025-06-16,NO
1,8341,121889,1719.73,completed,online,2025-06-16,NO
2911,39169,124952,1228.62,completed,online,2025-06-16,NO
2984,34476,125130,324.85,completed,online,2025-06-16,NO
1025,49264,126016,582.75,completed,online,2025-06-16,NO
1037,49202,126749,1454.17,failed,online,2025-06-16,NO
1,6889,127280,924.88,failed,online,2025-06-16,NO
1940,37254,129418,1956.57,completed,online,2025-06-16,NO
933,15854,130897,1846.29,failed,online,2025-06-16,NO
3385,25624,133252,1872.58,completed,online,2025-06-16,NO
1290,4136,135403,1271.73,failed,online,2025-06-16,NO
4853,18115,136357,961.77,completed,online,2025-06-16,NO
193,33675,136929,1345.28,failed,online,2025-06-16,NO
3623,11944,144731,817.17,completed,online,2025-06-16,NO
3923,46549,146604,1395.27,completed,online,2025-06-16,NO
1,11999,147502,442.91,failed,online,2025-06-16,NO
205,12228,149311,535.71,failed,online,2025-06-16,NO
1,25525,345,1521.72,failed,online,2025-09-19,NO
627,23411,943,348.98,completed,online,2025-09-19,NO
3423,32391,1543,865.53,failed,online,2025-09-19,NO
638,41625,1801,9110.030136694355,completed,online,2025-09-19,NO
1124,20611,3384,1362.57,failed,online,2025-09-19,NO
2167,31071,7563,1151.6,failed,online,2025-09-19,NO
2267,38642,7849,250.94,failed,online,2025-09-19,NO
360,41940,11987,334.2,completed,online,2025-09-19,NO
1044,23443,13673,39.46,failed,online,2025-09-19,NO
1920,14446,19491,751.06,failed,online,2025-09-19,NO
4396,20310,19730,817.4,completed,online,2025-09-19,NO
2141,20446,20012,619.2,failed,online,2025-09-19,NO
1,7764,20319,1114.81,failed,online,2025-09-19,NO
4913,6238,21794,490.6,failed,online,2025-09-19,NO
1,32672,22716,864.6,completed,online,2025-09-19,NO
1,34741,23611,1325.08,completed,online,2025-09-19,NO
2794,32155,25358,756.76,completed,online,2025-09-19,NO
4754,48044,25490,27.88,failed,online,2025-09-19,NO
3648,19090,26874,1025.63,failed,online,2025-09-19,NO
4016,12324,27080,513.67,failed,online,2025-09-19,NO
1,25749,27190,1080.97,failed,online,2025-09-19,NO
1,18900,30973,1399.08,failed,online,2025-09-19,NO
1777,16832,31448,947.08,failed,online,2025-09-19,NO
2218,35847,32484,1680.88,failed,online,2025-09-19,NO
1736,143,38802,442.63,completed,online,2025-09-19,NO
1,22200,39314,1360.07,failed,online,2025-09-19,NO
1334,22815,40524,912.0,completed,online,2025-09-19,NO
4820,12624,41355,184.12,completed,online,2025-09-19,NO
2377,29062,42087,106.39,failed,online,2025-09-19,NO
4176,10576,45166,1955.57,failed,online,2025-09-19,NO
1575,29033,46810,994.14,completed,online,2025-09-19,NO
3138,12076,51020,1580.25,completed,online,2025-09-19,NO
1,15293,53190,969.94,failed,online,2025-09-19,NO
3156,19834,55009,1671.65,failed,online,2025-09-19,NO
1,7611,57565,1375.91,completed,online,2025-09-19,NO
73,23276,58244,1049.52,completed,online,2025-09-19,NO
1854,45338,60552,60.62,failed,online,2025-09-19,NO
1,34460,65119,1359.76,completed,online,2025-09-19,NO
1,6595,66285,933.81,failed,online,2025-09-19,NO
402,21842,67570,599.1,completed,online,2025-09-19,NO
2231,5978,68661,183.84,failed,online,2025-09-19,NO
960,47270,70616,1027.69,failed,online,2025-09-19,NO
3317,41511,73310,973.19,failed,online,2025-09-19,NO
2327,2335,76295,1750.48,failed,online,2025-09-19,NO
4485,13965,77934,1496.32,completed,online,2025-09-19,NO
1,20037,80598,937.34,completed,online,2025-09-19,NO
1942,3268,81167,1002.48,completed,online,2025-09-19,NO
1393,17293,82655,1427.22,completed,online,2025-09-19,NO
3439,25485,83582,1856.92,failed,online,2025-09-19,NO
418,44151,84802,1175.35,completed,online,2025-09-19,NO
1,20087,89485,1864.86,failed,online,2025-09-19,NO
4653,39709,89977,1532.83,failed,online,2025-09-19,NO
1820,33155,91112,1759.04,completed,online,2025-09-19,NO
4998,44379,92591,264.65,completed,online,2025-09-19,NO
1,23736,93538,100.38,failed,online,2025-09-19,NO
1,18404,94432,1245.27,failed,online,2025-09-19,NO
83,20947,95445,1341.57,completed,online,2025-09-19,NO
1,43119,97791,559.0,completed,online,2025-09-19,NO
1786,16440,99197,881.05,completed,online,2025-09-19,NO
3283,22435,99759,935.05,completed,online,2025-09-19,NO
1005,47329,102297,1850.78,failed,online,2025-09-19,NO
2423,31941,105232,1761.01,failed,online,2025-09-19,NO
2598,43241,107609,1030.69,failed,online,2025-09-19,NO
2693,8258,107797,218.63,completed,online,2025-09-19,NO
1951,32074,113604,1307.42,completed,online,2025-09-19,NO
2224,42086,114369,1024.4,failed,online,2025-09-19,NO
4484,44418,116680,956.91,completed,online,2025-09-19,NO
1460,40044,121079,1283.78,completed,online,2025-09-19,NO
4978,28091,121915,1253.6,failed,online,2025-09-19,NO
3753,46706,122363,1934.9,failed,online,2025-09-19,NO
1,35971,124778,540.02,failed,online,2025-09-19,NO
1336,1288,124884,866.41,failed,online,2025-09-19,NO
1771,16237,126850,276.38,completed,online,2025-09-19,NO
1,38473,129792,737.47,failed,online,2025-09-19,NO
2368,22783,129879,1968.52,failed,online,2025-09-19,NO
2149,23063,130407,5043.129263141226,completed,online,2025-09-19,NO
816,12915,131296,7934.775707039376,failed,online,2025-09-19,NO
4145,6035,132579,13.94,failed,online,2025-09-19,NO
2596,13070,132796,1395.15,failed,online,2025-09-19,NO
4035,2205,136402,939.98,failed,online,2025-09-19,NO
391,46846,137331,575.1,failed,online,2025-09-19,NO
1017,45835,139282,680.23,completed,online,2025-09-19,NO
1629,45033,141104,151.77,completed,online,2025-09-19,NO
759,15315,141571,1909.07,completed,online,2025-09-19,NO
1,42954,145486,1526.84,failed,online,2025-09-19,NO
4550,31272,145965,1592.76,failed,online,2025-09-19,NO
1856,41355,147189,1529.96,completed,online,2025-09-19,NO
529,45654,148624,297.87,completed,online,2025-09-19,NO
4756,43306,3615,132.11,failed,online,2025-07-13,NO
1202,40059,3805,1930.67,failed,online,2025-07-13,NO
1257,2417,4682,471.41,completed,online,2025-07-13,NO
1909,22953,4712,726.01,completed,online,2025-07-13,NO
1198,16149,5288,1741.45,failed,online,2025-07-13,NO
1758,38979,5304,1035.03,completed,online,2025-07-13,NO
335,35534,7378,1602.86,completed,online,2025-07-13,NO
1068,31809,8579,633.82,failed,online,2025-07-13,NO
4406,22117,9094,1294.89,completed,online,2025-07-13,NO
3118,10258,11623,1576.27,completed,online,2025-07-13,NO
1,41466,12400,1675.82,failed,online,2025-07-13,NO
1,4517,13450,1971.22,failed,online,2025-07-13,NO
1,48700,14561,1691.25,failed,online,2025-07-13,NO
2811,49525,16773,78.03,completed,online,2025-07-13,NO
884,39809,17133,864.94,completed,online,2025-07-13,NO
3990,46717,22457,40.55,failed,online,2025-07-13,NO
3694,7048,27163,420.52,failed,online,2025-07-13,NO
4571,26105,28479,1075.49,completed,online,2025-07-13,NO
4590,30585,29813,1746.36,failed,online,2025-07-13,NO
4454,44763,30543,1809.31,completed,online,2025-07-13,NO
233,28514,33393,238.1,failed,online,2025-07-13,NO
2691,37310,34953,315.29,failed,online,2025-07-13,NO
4389,39844,36367,1391.15,failed,online,2025-07-13,NO
3160,47313,39434,63.44,completed,online,2025-07-13,NO
3981,45872,39480,625.81,failed,online,2025-07-13,NO
1,2225,39660,1796.67,completed,online,2025-07-13,NO
4271,47673,40989,683.38,completed,online,2025-07-13,NO
4111,1662,48284,92.77,failed,UNKNOWN,2025-07-13,NO
154,47383,48679,860.32,completed,online,2025-07-13,NO
3905,30437,51041,524.77,failed,online,2025-07-13,NO
2547,29329,56459,1719.04,failed,online,2025-07-13,NO
857,18781,56889,1611.75,failed,online,2025-07-13,NO
2263,10602,57470,630.42,completed,online,2025-07-13,NO
1,37225,59130,252.0,completed,online,2025-07-13,NO
3747,26086,60708,908.62,failed,UNKNOWN,2025-07-13,NO
3762,29293,60786,1386.09,completed,online,2025-07-13,NO
4593,42542,64857,835.06,failed,online,2025-07-13,NO
2388,4814,68908,545.76,completed,online,2025-07-13,NO
2745,16950,71941,1469.02,completed,online,2025-07-13,NO
1058,37883,73110,1321.95,failed,online,2025-07-13,NO
1983,22193,74027,465.1,failed,online,2025-07-13,NO
3611,12343,75793,240.43,failed,online,2025-07-13,NO
4311,21867,77098,114.83,failed,online,2025-07-13,NO
1,42482,77531,911.2,completed,online,2025-07-13,NO
1,26413,79492,1309.32,completed,online,2025-07-13,NO
1189,28791,80132,239.53,completed,online,2025-07-13,NO
1493,13354,81656,677.65,completed,online,2025-07-13,NO
1,7018,87549,555.43,completed,online,2025-07-13,NO
1,10120,87968,1354.31,failed,online,2025-07-13,NO
2083,12614,88186,483.58,failed,online,2025-07-13,NO
3586,29746,89542,1856.3,completed,online,2025-07-13,NO
453,27793,90690,269.86,completed,online,2025-07-13,NO
4764,44656,91079,1298.46,failed,online,2025-07-13,NO
1,15112,91642,141.29,completed,online,2025-07-13,NO
1872,28018,93900,1469.46,completed,online,2025-07-13,NO
2080,47002,94684,23.86,failed,online,2025-07-13,NO
551,38620,95884,792.75,completed,online,2025-07-13,NO
1,14082,96622,1055.53,failed,online,2025-07-13,NO
3004,12287,98655,957.24,completed,online,2025-07-13,NO
4898,33614,98755,483.44,failed,online,2025-07-13,NO
1,47092,100933,418.07,completed,online,2025-07-13,NO
1,48572,100997,268.95,failed,online,2025-07-13,NO
1,36369,103029,1631.16,failed,online,2025-07-13,NO
257,3989,107078,701.51,completed,online,2025-07-13,NO
3792,6411,109558,223.96,failed,online,2025-07-13,NO
819,41531,110157,336.34,completed,online,2025-07-13,NO
2144,42220,110973,1668.73,failed,online,2025-07-13,NO
4654,21560,114327,1419.43,completed,online,2025-07-13,NO
4372,21752,114929,698.22,failed,online,2025-07-13,NO
2726,4815,116035,816.78,failed,online,2025-07-13,NO
1312,18236,116138,297.19,failed,online,2025-07-13,NO
3847,34436,120967,712.33,completed,online,2025-07-13,NO
1,748,124715,899.93,completed,online,2025-07-13,NO
1,14985,126028,978.15,completed,online,2025-07-13,NO
1,37278,126721,1110.69,failed,online,2025-07-13,NO
3135,16358,129615,198.54,completed,online,2025-07-13,NO
1,21677,132276,1594.3,completed,online,2025-07-13,NO
1,37390,132385,605.74,completed,online,2025-07-13,NO
1550,41857,135573,1936.0,completed,online,2025-07-13,NO
1,40973,137338,885.25,completed,online,2025-07-13,NO
1238,25594,142083,1068.68,completed,online,2025-07-13,NO
4270,8836,143318,1127.7,failed,online,2025-07-13,NO
4445,47402,146171,1668.26,completed,online,2025-07-13,NO
528,22315,146365,631.03,completed,online,2025-07-13,NO
4179,7640,147613,812.24,failed,online,2025-07-13,NO
3918,7882,148498,981.64,completed,online,2025-07-13,NO
144,11565,148917,1653.06,failed,online,2025-07-13,NO
1,35001,149348,5518.784861869466,completed,online,2025-07-13,NO
4081,48659,5793,1432.51,failed,online,2025-03-30,NO
2888,42258,6415,87.75,failed,online,2025-03-30,NO
1,24971,6799,1866.11,completed,online,2025-03-30,NO
4396,25317,8265,575.36,failed,online,2025-03-30,NO
3625,15422,8796,1779.76,failed,online,2025-03-30,NO
45,48243,8843,1537.29,completed,online,2025-03-30,NO
4460,9406,10688,505.65,failed,online,2025-03-30,NO
678,33711,12949,1039.84,completed,online,2025-03-30,NO
2200,44198,13455,396.72,completed,online,2025-03-30,NO
996,20049,14162,1877.67,failed,online,2025-03-30,NO
1,26357,15180,477.36,completed,online,2025-03-30,NO
1,26792,15459,62.53,completed,online,2025-03-30,NO
1280,9549,17648,86.31,failed,online,2025-03-30,NO
502,47558,19667,148.87,completed,online,2025-03-30,NO
2629,25828,20130,1428.15,completed,online,2025-03-30,NO
1,48788,21681,590.27,failed,online,2025-03-30,NO
239,24420,22743,722.4,failed,online,2025-03-30,NO
1,2765,23327,926.24,failed,online,2025-03-30,NO
2063,6542,24131,468.82,completed,online,2025-03-30,NO
1,17362,24784,1231.65,completed,online,2025-03-30,NO
3791,7728,26639,950.71,completed,online,2025-03-30,NO
3740,14508,32127,585.84,failed,online,2025-03-30,NO
2236,23894,34038,190.3,failed,online,2025-03-30,NO
3253,19326,36216,211.06,failed,online,2025-03-30,NO
2449,38910,38905,1195.04,failed,online,2025-03-30,NO
1,19627,39158,1975.07,completed,online,2025-03-30,NO
3213,24790,39670,1666.97,failed,online,2025-03-30,NO
877,22808,40326,1428.13,failed,UNKNOWN,2025-03-30,NO
2321,11135,44514,792.04,failed,online,2025-03-30,NO
4654,48640,46315,336.72,completed,online,2025-03-30,NO
1176,23601,47776,1540.57,failed,online,2025-03-30,NO
1,48970,53230,427.19,completed,online,2025-03-30,NO
4623,39276,53816,1670.29,failed,online,2025-03-30,NO
3862,49025,54566,612.88,failed,online,2025-03-30,NO
2093,23580,57845,1922.95,completed,online,2025-03-30,NO
1,27999,59711,962.42,failed,UNKNOWN,2025-03-30,NO
3959,17132,61058,1406.72,completed,online,2025-03-30,NO
1979,39251,61221,1940.19,failed,online,2025-03-30,NO
487,46099,67879,833.03,failed,UNKNOWN,2025-03-30,NO
2156,38404,68280,528.73,completed,online,2025-03-30,NO
693,9127,68763,948.11,completed,online,2025-03-30,NO
2088,34810,68969,365.73,completed,online,2025-03-30,NO
1719,47716,69751,178.82,failed,online,2025-03-30,NO
3385,27014,70754,255.16,completed,online,2025-03-30,NO
337,46264,71715,204.7,completed,online,2025-03-30,NO
4340,31445,72945,977.28,failed,online,2025-03-30,NO
996,2897,73838,465.72,failed,online,2025-03-30,NO
4676,7299,76176,1687.5,completed,online,2025-03-30,NO
2182,38450,77747,211.45,completed,online,2025-03-30,NO
4387,22839,79731,127.07,completed,online,2025-03-30,NO
4379,19655,80304,1795.99,failed,online,2025-03-30,NO
1,563,82186,713.55,failed,online,2025-03-30,NO
2844,47763,84036,145.96,completed,online,2025-03-30,NO
406,38307,88097,927.31,completed,online,2025-03-30,NO
3079,1193,89258,482.63,failed,online,2025-03-30,NO
4423,15581,90343,7801.356271212151,failed,online,2025-03-30,NO
1697,28213,90426,1642.15,completed,online,2025-03-30,NO
2019,32145,94448,1216.5,completed,online,2025-03-30,NO
4280,16729,95140,1200.65,completed,online,2025-03-30,NO
1,13021,96628,195.48,failed,online,2025-03-30,NO
4480,5510,98913,636.4,failed,online,2025-03-30,NO
1344,27482,100849,1399.5,completed,online,2025-03-30,NO
2249,45983,102267,1087.57,completed,online,2025-03-30,NO
2807,19469,102629,1546.7,completed,online,2025-03-30,NO
4478,27621,103056,1223.28,failed,online,2025-03-30,NO
609,7275,103449,298.83,failed,online,2025-03-30,NO
3645,2062,103639,1345.65,completed,online,2025-03-30,NO
1,38378,108346,1205.48,failed,online,2025-03-30,NO
3348,36024,109422,368.26,failed,online,2025-03-30,NO
4999,20213,112450,1442.13,completed,online,2025-03-30,NO
1,39839,114982,1674.17,completed,online,2025-03-30,NO
4614,33862,121021,1357.04,failed,online,2025-03-30,NO
1,28555,121955,1424.2,failed,online,2025-03-30,NO
2960,18769,129468,1755.84,failed,online,2025-03-30,NO
4060,37012,131569,673.79,completed,online,2025-03-30,NO
583,30599,132329,1612.95,completed,online,2025-03-30,NO
3565,45914,133458,487.14,failed,online,2025-03-30,NO
1,3704,134837,974.38,failed,online,2025-03-30,NO
1,41450,137996,578.95,completed,online,2025-03-30,NO
4147,31312,140377,1146.78,completed,online,2025-03-30,NO
1983,33555,141590,887.52,failed,online,2025-03-30,NO
2326,10005,142719,587.44,completed,online,2025-03-30,NO
1,43121,143558,301.08,completed,online,2025-03-30,NO
3969,3924,145570,626.1,completed,online,2025-03-30,NO
1,26441,146341,1693.92,failed,online,2025-03-30,NO
3979,4521,146942,789.35,completed,online,2025-03-30,NO
1640,19280,148813,84.97,completed,online,2025-03-30,NO
1754,3385,149808,483.51,completed,online,2025-03-30,NO
3916,1696,361,1564.68,failed,online,2025-02-16,NO
1,1152,6136,1030.4,completed,online,2025-02-16,NO
3843,49100,6973,874.88,failed,UNKNOWN,2025-02-16,NO
3483,8177,7413,678.34,failed,online,2025-02-16,NO
1,19678,8041,186.15,failed,online,2025-02-16,NO
4008,27422,9332,1784.61,completed,online,2025-02-16,NO
1,10501,10763,799.47,completed,online,2025-02-16,NO
4857,33674,12958,87.3,failed,online,2025-02-16,NO
908,31398,14303,1718.6,completed,online,2025-02-16,NO
4405,42214,18308,853.34,failed,online,2025-02-16,NO
2755,15765,20983,539.39,failed,online,2025-02-16,NO
2278,18471,21046,316.32,failed,online,2025-02-16,NO
328,20043,21759,1660.89,completed,online,2025-02-16,NO
1588,30983,21925,823.56,completed,online,2025-02-16,NO
4705,21833,22714,607.15,completed,online,2025-02-16,NO
1,8043,22715,1692.9,failed,online,2025-02-16,NO
1,35613,23083,547.99,failed,online,2025-02-16,NO
163,15605,23531,748.67,completed,online,2025-02-16,NO
1,41119,23996,1189.28,failed,online,2025-02-16,NO
2603,34994,26815,1884.71,failed,online,2025-02-16,NO
1,34125,31587,317.88,failed,online,2025-02-16,NO
2806,34171,31804,1318.62,completed,online,2025-02-16,NO
4602,21644,32810,1047.09,failed,online,2025-02-16,NO
3783,49659,37926,234.67,completed,online,2025-02-16,NO
76,40659,41374,184.09,completed,online,2025-02-16,NO
1,49319,44962,1162.37,failed,online,2025-02-16,NO
1216,46662,45203,533.24,failed,online,2025-02-16,NO
1,31259,46148,1111.25,failed,online,2025-02-16,NO
1,32190,46376,608.48,failed,online,2025-02-16,NO
2144,26914,46650,1624.56,failed,online,2025-02-16,NO
1,19838,47777,1046.18,completed,online,2025-02-16,NO
4357,17170,50182,318.33,completed,online,2025-02-16,NO
1,39275,53136,58.61,completed,online,2025-02-16,NO
2219,16462,53283,1568.27,failed,online,2025-02-16,NO
2378,16573,53956,1291.04,completed,online,2025-02-16,NO
754,13469,54136,110.04,completed,online,2025-02-16,NO
2715,22460,54800,1802.69,completed,online,2025-02-16,NO
2570,7435,57315,1873.66,failed,online,2025-02-16,NO
2872,31124,58855,1679.97,failed,online,2025-02-16,NO
4102,31555,60062,706.11,failed,online,2025-02-16,NO
2690,17873,62128,615.67,failed,online,2025-02-16,NO
3090,3494,62389,941.74,completed,online,2025-02-16,NO
1556,34970,64271,576.11,completed,online,2025-02-16,NO
4908,16023,65640,1729.88,completed,online,2025-02-16,NO
4825,21725,68244,872.92,failed,online,2025-02-16,NO
1,40747,68560,1243.46,failed,online,2025-02-16,NO
1682,16001,69531,1959.82,completed,online,2025-02-16,NO
619,21741,69913,249.54,completed,online,2025-02-16,NO
2158,3091,70639,1115.01,completed,online,2025-02-16,NO
54,16185,71993,1076.79,failed,online,2025-02-16,NO
1725,39303,74677,1454.35,failed,online,2025-02-16,NO
300,3411,76663,1086.51,completed,online,2025-02-16,NO
1,26857,77288,1257.93,failed,online,2025-02-16,NO
2891,40121,77781,1684.1,failed,online,2025-02-16,NO
3413,48993,78423,942.83,failed,online,2025-02-16,NO
4937,4453,78763,698.65,completed,online,2025-02-16,NO
32,6026,81055,1714.32,failed,online,2025-02-16,NO
1,3384,81973,9407.902279768308,failed,online,2025-02-16,NO
1287,21699,82288,386.13,failed,online,2025-02-16,NO
787,12742,85616,173.63,completed,online,2025-02-16,NO
3857,14388,88328,276.25,failed,online,2025-02-16,NO
707,981,92516,5057.174866195503,completed,online,2025-02-16,NO
3802,23980,93061,1009.96,failed,online,2025-02-16,NO
232,20190,95102,1414.15,completed,online,2025-02-16,NO
3267,35794,95429,497.35,failed,online,2025-02-16,NO
3108,15324,97498,1898.99,completed,online,2025-02-16,NO
1,9562,99755,994.19,completed,online,2025-02-16,NO
1426,15106,103540,113.45,failed,online,2025-02-16,NO
2581,27375,108745,1361.65,failed,online,2025-02-16,NO
1,11998,110438,1258.92,failed,online,2025-02-16,NO
1083,48691,112403,1009.49,failed,online,2025-02-16,NO
1929,46392,112859,1858.1,completed,online,2025-02-16,NO
1342,19249,114595,1099.51,completed,online,2025-02-16,NO
1,35787,115350,973.62,failed,online,2025-02-16,NO
2422,34075,115460,159.02,failed,online,2025-02-16,NO
3212,13136,117909,905.79,failed,online,2025-02-16,NO
3864,32950,118279,632.93,completed,online,2025-02-16,NO
4332,23514,129318,1747.71,completed,online,2025-02-16,NO
1036,39990,130342,526.57,completed,online,2025-02-16,NO
3833,9129,130852,673.69,completed,online,2025-02-16,NO
3860,9420,131348,850.36,completed,online,2025-02-16,NO
2103,30958,133477,454.39,completed,online,2025-02-16,NO
939,684,135961,1570.23,failed,online,2025-02-16,NO
2705,36763,138260,962.19,completed,online,2025-02-16,NO
513,49106,140812,1026.92,failed,online,2025-02-16,NO
1064,30531,142672,1210.09,failed,online,2025-02-16,NO
417,9414,144647,1046.25,completed,online,2025-02-16,NO
4356,11514,149912,1388.18,completed,online,2025-02-16,NO
676,13239,234,1994.01,failed,online,2025-12-03,NO
4687,36122,5264,1786.5,failed,online,2025-12-03,NO
1713,26857,7596,398.07,failed,online,2025-12-03,NO
1,13774,9269,31.53,failed,online,2025-12-03,NO
3956,28143,9649,276.81,failed,online,2025-12-03,NO
3068,7055,9927,9649.907583951805,completed,online,2025-12-03,NO
1,7424,15317,1243.46,completed,online,2025-12-03,NO
3252,26615,15576,997.63,completed,online,2025-12-03,NO
1,28307,17027,673.29,completed,online,2025-12-03,NO
2353,5820,17461,273.4,completed,online,2025-12-03,NO
1101,22417,23785,1833.01,failed,online,2025-12-03,NO
2174,21662,24798,1954.27,failed,online,2025-12-03,NO
4116,7695,26951,1016.53,failed,online,2025-12-03,NO
1,29015,28006,130.12,failed,online,2025-12-03,NO
1,35792,30636,6045.945278986164,completed,online,2025-12-03,NO
2166,37977,34223,1470.16,failed,online,2025-12-03,NO
1,3614,34908,349.71,failed,online,2025-12-03,NO
534,15419,35492,1063.53,failed,online,2025-12-03,NO
3634,8506,35685,1527.52,completed,online,2025-12-03,NO
1,38734,38193,363.15,completed,online,2025-12-03,NO
4655,36146,39637,685.65,completed,online,2025-12-03,NO
4949,36979,40509,1940.8,failed,online,2025-12-03,NO
1283,33977,40832,725.24,failed,online,2025-12-03,NO
1,8293,42908,769.84,failed,online,2025-12-03,NO
1,41649,42947,1841.43,failed,online,2025-12-03,NO
3955,44895,45165,1807.18,completed,online,2025-12-03,NO
2946,26000,46973,1221.98,failed,online,2025-12-03,NO
1503,5016,48800,1377.06,failed,online,2025-12-03,NO
3286,37310,49384,19.95,completed,online,2025-12-03,NO
4553,30882,52619,1768.69,completed,online,2025-12-03,NO
261,47787,55631,977.96,failed,online,2025-12-03,NO
4378,14246,56657,1686.51,completed,online,2025-12-03,NO
2128,31734,57354,1211.03,failed,online,2025-12-03,NO
3951,47410,58875,857.42,completed,online,2025-12-03,NO
1,14741,62009,869.07,completed,online,2025-12-03,NO
1863,16180,62151,241.3,failed,online,2025-12-03,NO
3825,16125,62800,868.96,completed,online,2025-12-03,NO
3249,10779,66073,1299.81,failed,online,2025-12-03,NO
3527,9303,66539,733.36,failed,online,2025-12-03,NO
3723,3941,68476,1714.6,completed,online,2025-12-03,NO
1,39459,72763,1690.86,completed,online,2025-12-03,NO
4602,43438,72995,954.02,completed,online,2025-12-03,NO
1,32646,75383,1056.45,completed,online,2025-12-03,NO
2812,41195,76953,1006.72,failed,online,2025-12-03,NO
4563,47113,77784,135.36,failed,online,2025-12-03,NO
3744,5065,79166,9900.329748682134,completed,online,2025-12-03,NO
945,45015,81427,1827.28,completed,online,2025-12-03,NO
644,15808,82370,1206.93,failed,online,2025-12-03,NO
1,14824,89361,1350.46,completed,online,2025-12-03,NO
961,5715,93908,1350.35,completed,online,2025-12-03,NO
229,2006,94172,1589.42,failed,online,2025-12-03,NO
3838,32065,94862,321.85,completed,online,2025-12-03,NO
2215,7677,97054,453.62,failed,online,2025-12-03,NO
1,39809,97308,1739.85,completed,online,2025-12-03,NO
147,21061,98368,1043.19,failed,online,2025-12-03,NO
1,5968,103756,982.37,completed,online,2025-12-03,NO
359,47008,108283,1794.5,completed,online,2025-12-03,NO
1,36155,109296,1129.99,completed,online,2025-12-03,NO
2597,42946,110083,257.28,completed,online,2025-12-03,NO
1036,29339,110740,739.35,failed,online,2025-12-03,NO
25,10203,111733,984.66,failed,online,2025-12-03,NO
388,895,115301,1378.07,completed,online,2025-12-03,NO
891,43865,116180,587.5,completed,online,2025-12-03,NO
1687,1748,117894,1969.53,failed,online,2025-12-03,NO
3613,16512,118942,1612.23,failed,online,2025-12-03,NO
1300,45142,119469,470.67,completed,online,2025-12-03,NO
1,26125,121221,786.01,failed,online,2025-12-03,NO
434,10410,121790,1816.14,completed,online,2025-12-03,NO
1,3076,122478,1580.34,failed,online,2025-12-03,NO
828,41199,123811,1710.4,completed,online,2025-12-03,NO
1,22414,125178,1403.79,completed,online,2025-12-03,NO
1,38580,125947,1450.96,failed,online,2025-12-03,NO
3693,46064,127225,73.25,completed,online,2025-12-03,NO
1,2398,128718,421.43,failed,online,2025-12-03,NO
4072,38410,130700,1920.36,completed,online,2025-12-03,NO
1,23600,133314,1943.76,completed,online,2025-12-03,NO
1,15392,134380,658.7,failed,online,2025-12-03,NO
4991,40426,134493,744.38,completed,online,2025-12-03,NO
1,35095,134833,1684.35,failed,online,2025-12-03,NO
3087,5420,135082,649.19,failed,online,2025-12-03,NO
1320,29940,135761,1278.95,completed,online,2025-12-03,NO
1,13045,136691,1158.94,failed,online,2025-12-03,NO
2328,7850,137920,198.17,completed,online,2025-12-03,NO
4777,27135,140831,962.9,failed,online,2025-12-03,NO
1,7712,141001,597.29,completed,online,2025-12-03,NO
3660,6593,143568,1069.01,failed,online,2025-12-03,NO
4820,20655,144627,1957.19,failed,online,2025-12-03,NO
889,13247,146037,1269.53,failed,online,2025-12-03,NO
1,887,597,1167.63,failed,online,2025-12-14,NO
16,33039,2479,590.57,completed,online,2025-12-14,NO
1,18095,4583,1378.91,completed,online,2025-12-14,NO
2685,45566,6795,1377.8,completed,online,2025-12-14,NO
138,42460,7197,1248.66,completed,online,2025-12-14,NO
1,3544,9403,670.27,failed,online,2025-12-14,NO
4267,22732,13648,1833.11,completed,online,2025-12-14,NO
1877,25976,15784,1015.44,failed,online,2025-12-14,NO
3758,8374,16012,1339.54,failed,online,2025-12-14,NO
1,32158,16766,701.84,failed,online,2025-12-14,NO
1,6202,18902,1613.79,failed,online,2025-12-14,NO
1403,21557,18954,1626.17,completed,online,2025-12-14,NO
1,31806,20247,1291.51,failed,online,2025-12-14,NO
272,9886,21149,954.58,failed,online,2025-12-14,NO
3522,19581,24227,1105.29,completed,online,2025-12-14,NO
1481,1492,29715,740.76,completed,online,2025-12-14,NO
2610,4091,30217,1822.38,failed,online,2025-12-14,NO
4003,8241,31743,1024.46,completed,online,2025-12-14,NO
1,30854,32591,632.81,failed,online,2025-12-14,NO
2349,8529,33440,870.49,completed,online,2025-12-14,NO
4361,11090,34441,1275.38,completed,online,2025-12-14,NO
4699,13534,35348,1716.02,completed,online,2025-12-14,NO
3378,13759,35800,1108.19,completed,online,2025-12-14,NO
1,18876,36554,304.56,failed,online,2025-12-14,NO
1,30928,37330,126.02,failed,online,2025-12-14,NO
241,11854,38727,598.03,completed,online,2025-12-14,NO
2604,32490,40087,911.11,completed,online,2025-12-14,NO
230,2681,40530,564.84,failed,online,2025-12-14,NO
201,3722,43361,1697.93,completed,online,2025-12-14,NO
630,45295,48302,774.06,completed,online,2025-12-14,NO
2913,45777,49338,674.93,completed,online,2025-12-14,NO
1654,44799,49404,721.35,failed,online,2025-12-14,NO
3636,26785,50243,1278.44,completed,online,2025-12-14,NO
4954,25846,52112,1411.95,failed,online,2025-12-14,NO
1685,26098,53782,858.15,completed,online,2025-12-14,NO
1392,9474,53833,349.14,failed,online,2025-12-14,NO
4047,18203,54023,866.52,completed,online,2025-12-14,NO
4958,40768,58061,1983.38,completed,online,2025-12-14,NO
1,20828,58114,485.87,completed,online,2025-12-14,NO
1,45676,60598,623.23,completed,online,2025-12-14,NO
1539,43193,65479,1119.99,failed,online,2025-12-14,NO
1,93,66257,465.53,completed,online,2025-12-14,NO
747,42945,66854,1436.54,failed,online,2025-12-14,NO
1605,37407,71115,1462.29,failed,online,2025-12-14,NO
1,28804,71629,1025.2,completed,online,2025-12-14,NO
317,12522,72688,680.49,failed,online,2025-12-14,NO
325,21757,73296,39.19,completed,online,2025-12-14,NO
3371,9785,75410,1946.94,completed,online,2025-12-14,NO
1449,48986,76450,1605.08,completed,online,2025-12-14,NO
2584,33735,78937,440.06,completed,online,2025-12-14,NO
1,46581,79186,297.9,completed,online,2025-12-14,NO
3487,11309,81219,49.51,failed,online,2025-12-14,NO
642,10027,81462,1067.88,failed,online,2025-12-14,NO
204,9338,84634,270.29,completed,online,2025-12-14,NO
649,23563,85207,435.38,completed,online,2025-12-14,NO
2067,38840,85927,9055.823627150196,failed,online,2025-12-14,NO
1,29328,88039,350.84,completed,online,2025-12-14,NO
4255,615,88920,223.73,completed,online,2025-12-14,NO
1,12291,89672,1551.75,completed,online,2025-12-14,NO
1,45663,90450,1234.68,failed,online,2025-12-14,NO
2699,10334,90780,1608.33,completed,online,2025-12-14,NO
2079,16855,92915,1542.13,completed,online,2025-12-14,NO
4479,39460,93411,948.14,failed,online,2025-12-14,NO
756,31250,93475,364.33,completed,online,2025-12-14,NO
808,39043,95720,1852.05,failed,online,2025-12-14,NO
2472,25087,98202,1177.04,completed,online,2025-12-14,NO
482,49255,99787,667.98,completed,online,2025-12-14,NO
1141,32805,100240,1514.76,completed,UNKNOWN,2025-12-14,NO
4533,5625,101863,1397.22,completed,online,2025-12-14,NO
1,5857,106654,1665.84,failed,online,2025-12-14,NO
2040,36557,111725,362.16,failed,online,2025-12-14,NO
1,44494,113261,684.41,completed,online,2025-12-14,NO
1,922,117774,596.19,completed,online,2025-12-14,NO
4682,14898,122981,7915.0409217112965,failed,online,2025-12-14,NO
2508,3542,123233,483.77,completed,online,2025-12-14,NO
1180,38277,123262,800.19,failed,online,2025-12-14,NO
763,3438,125879,1357.68,failed,online,2025-12-14,NO
802,9489,127407,440.85,failed,online,2025-12-14,NO
1,20541,129950,1745.36,failed,online,2025-12-14,NO
4028,33052,131474,67.66,completed,online,2025-12-14,NO
4165,17822,131778,248.84,completed,online,2025-12-14,NO
4159,45594,137689,1749.13,completed,online,2025-12-14,NO
1,44436,144602,612.0,completed,online,2025-12-14,NO
1723,35835,144756,59.63,completed,online,2025-12-14,NO
1,9407,145753,906.83,failed,online,2025-12-14,NO
2530,8305,146027,880.42,completed,online,2025-12-14,NO
1082,27231,148162,1024.11,failed,online,2025-12-14,NO
1,1831,149807,59.49,failed,online,2025-12-14,NO
244,9940,3959,606.29,completed,UNKNOWN,2025-07-21,NO
1,46289,4490,1553.82,completed,online,2025-07-21,NO
973,29272,5200,1635.84,completed,online,2025-07-21,NO
1,24997,5969,1501.79,failed,online,2025-07-21,NO
4295,29233,15769,859.73,completed,online,2025-07-21,NO
3203,11130,16729,1827.06,completed,online,2025-07-21,NO
3252,10498,17583,1310.2,failed,online,2025-07-21,NO
676,26478,21026,1576.62,completed,online,2025-07-21,NO
3729,29797,22184,438.48,failed,online,2025-07-21,NO
2911,42727,23972,49.37,failed,online,2025-07-21,NO
3189,25535,25698,1915.55,failed,online,2025-07-21,NO
1,22656,27929,1832.23,failed,online,2025-07-21,NO
24,446,28909,1484.06,failed,online,2025-07-21,NO
1,10031,31732,1423.05,completed,online,2025-07-21,NO
966,8418,32093,335.08,completed,online,2025-07-21,NO
4324,20697,35357,1041.94,completed,online,2025-07-21,NO
1080,18495,35888,9716.424854265779,completed,online,2025-07-21,NO
4236,41623,37939,119.8,completed,online,2025-07-21,NO
1850,15208,40990,212.11,failed,online,2025-07-21,NO
4241,13720,43061,1124.91,completed,online,2025-07-21,NO
4864,9257,43326,934.76,failed,online,2025-07-21,NO
2284,2437,43597,885.62,completed,online,2025-07-21,NO
1405,5003,44622,498.14,completed,online,2025-07-21,NO
4266,42812,48778,150.81,completed,online,2025-07-21,NO
1789,13948,49231,1254.12,completed,online,2025-07-21,NO
4596,7616,56189,538.14,failed,online,2025-07-21,NO
2111,18373,56238,319.05,failed,online,2025-07-21,NO
4592,12799,57371,1877.39,completed,online,2025-07-21,NO
561,24540,61500,737.56,completed,online,2025-07-21,NO
1878,31629,62283,348.24,completed,online,2025-07-21,NO
1,48405,65436,1041.61,completed,online,2025-07-21,NO
1019,15695,65819,1939.71,failed,online,2025-07-21,NO
1,4897,66868,898.12,completed,online,2025-07-21,NO
1,31958,68284,1573.28,failed,online,2025-07-21,NO
3555,44484,69754,970.91,completed,online,2025-07-21,NO
832,16871,69975,1439.27,completed,online,2025-07-21,NO
3082,14726,72221,1863.21,failed,online,2025-07-21,NO
747,44751,73923,1998.31,failed,online,2025-07-21,NO
1945,2466,75928,1213.24,failed,online,2025-07-21,NO
1,46924,82296,182.17,failed,online,2025-07-21,NO
1,46346,83803,1186.66,completed,online,2025-07-21,NO
1701,6231,86232,1539.02,completed,online,2025-07-21,NO
3158,42923,87092,1951.56,failed,online,2025-07-21,NO
3882,15056,88111,1976.91,failed,online,2025-07-21,NO
1,17192,88297,1520.35,completed,online,2025-07-21,NO
1798,13032,89892,1641.64,failed,online,2025-07-21,NO
1261,8904,91607,1626.36,failed,online,2025-07-21,NO
1,27663,91754,840.59,failed,online,2025-07-21,NO
4887,4028,93116,1323.82,failed,online,2025-07-21,NO
1,1342,93784,186.96,failed,online,2025-07-21,NO
1,13288,95987,1821.44,completed,online,2025-07-21,NO
2239,2236,97924,128.48,completed,online,2025-07-21,NO
2716,460,98504,1483.41,failed,online,2025-07-21,NO
35,34381,104078,1199.91,failed,online,2025-07-21,NO
3489,800,108528,633.98,failed,online,2025-07-21,NO
3687,5590,109950,878.77,failed,online,2025-07-21,NO
2908,42727,112721,127.47,failed,UNKNOWN,2025-07-21,NO
2893,21594,112821,1435.23,failed,online,2025-07-21,NO
1,2879,116356,1858.32,failed,online,2025-07-21,NO
1591,30498,116908,1078.04,failed,online,2025-07-21,NO
1,22320,117163,211.7,completed,online,2025-07-21,NO
1,9996,117934,1180.65,failed,online,2025-07-21,NO
1832,42719,118249,1388.98,completed,online,2025-07-21,NO
1,49674,120448,1465.03,completed,online,2025-07-21,NO
3394,14729,120956,1615.86,completed,online,2025-07-21,NO
467,37011,121435,1696.96,failed,online,2025-07-21,NO
2421,34410,123835,1402.48,failed,online,2025-07-21,NO
4756,48080,124418,576.83,completed,online,2025-07-21,NO
1274,45828,126502,304.09,failed,online,2025-07-21,NO
440,3403,127468,1805.35,failed,online,2025-07-21,NO
863,24794,128757,298.91,completed,online,2025-07-21,NO
1488,44480,129484,1394.78,completed,UNKNOWN,2025-07-21,NO
1140,9161,129523,1484.07,failed,online,2025-07-21,NO
4757,21605,129976,1990.15,completed,online,2025-07-21,NO
2088,21352,130790,1736.24,completed,online,2025-07-21,NO
855,32522,133394,35.96,completed,online,2025-07-21,NO
4389,34832,134832,1798.5,completed,online,2025-07-21,NO
2549,10597,137134,1526.58,completed,online,2025-07-21,NO
1507,13299,138574,1601.72,completed,online,2025-07-21,NO
3505,22130,139143,609.18,completed,online,2025-07-21,NO
4005,11270,139868,863.16,completed,online,2025-07-21,NO
2780,2320,140736,1372.59,completed,online,2025-07-21,NO
1634,46063,143687,1330.1,completed,online,2025-07-21,NO
1860,35660,144073,1977.11,completed,online,2025-07-21,NO
4976,22587,145175,81.8,completed,online,2025-07-21,NO
3008,21616,146245,1147.12,failed,online,2025-07-21,NO
2468,30208,147042,1974.66,completed,online,2025-07-21,NO
1005,35242,293,476.62,failed,online,2025-01-04,NO
4942,12999,3995,1541.66,completed,online,2025-01-04,NO
1002,7879,4525,869.88,failed,online,2025-01-04,NO
1613,25614,8120,199.84,completed,online,2025-01-04,NO
1589,21961,11118,799.2,failed,online,2025-01-04,NO
4951,30610,12623,709.69,completed,online,2025-01-04,NO
2216,3465,13121,985.14,completed,online,2025-01-04,NO
1452,23959,14093,1362.94,failed,online,2025-01-04,NO
2295,48508,16802,917.67,completed,online,2025-01-04,NO
3949,27686,18542,30.55,completed,online,2025-01-04,NO
1090,182,20991,915.55,completed,online,2025-01-04,NO
14,18670,22919,80.45,failed,online,2025-01-04,NO
1,43144,23114,321.73,completed,online,2025-01-04,NO
918,27729,23304,1012.79,completed,online,2025-01-04,NO
3544,18972,24049,396.91,failed,online,2025-01-04,NO
2037,28213,25598,574.98,completed,online,2025-01-04,NO
4272,41709,25758,1143.26,failed,online,2025-01-04,NO
1032,3574,31114,316.92,failed,online,2025-01-04,NO
569,2158,32824,855.09,failed,online,2025-01-04,NO
4420,23548,33839,991.03,completed,online,2025-01-04,NO
1143,13237,35193,337.78,failed,online,2025-01-04,NO
1646,38016,39298,256.53,completed,online,2025-01-04,NO
1357,24208,39738,1176.29,failed,online,2025-01-04,NO
4898,44573,44057,451.49,completed,online,2025-01-04,NO
2202,7915,47565,614.19,failed,online,2025-01-04,NO
1,22941,47802,1175.42,failed,online,2025-01-04,NO
1334,32146,48420,1353.0,failed,online,2025-01-04,NO
4856,14933,48521,1853.96,completed,online,2025-01-04,NO
967,38051,50139,1427.96,completed,online,2025-01-04,NO
2759,6729,52738,695.82,failed,online,2025-01-04,NO
1,25748,57160,854.85,completed,online,2025-01-04,NO
1,36331,58205,181.77,failed,UNKNOWN,2025-01-04,NO
1783,23635,58508,158.33,completed,online,2025-01-04,NO
3953,40001,61208,1037.57,completed,online,2025-01-04,NO
1312,2136,63408,695.69,failed,online,2025-01-04,NO
170,4947,68165,150.6,failed,online,2025-01-04,NO
3186,17791,74149,896.41,failed,online,2025-01-04,NO
517,48127,76738,613.94,completed,online,2025-01-04,NO
1,30030,78284,135.66,failed,online,2025-01-04,NO
4453,43943,79831,1552.87,completed,online,2025-01-04,NO
1,46231,80577,1884.12,completed,online,2025-01-04,NO
4892,9049,81435,870.06,completed,online,2025-01-04,NO
1,21850,81859,311.97,failed,online,2025-01-04,NO
2622,26479,82183,1519.2,failed,online,2025-01-04,NO
633,25975,86431,749.09,completed,online,2025-01-04,NO
3555,24581,88245,856.61,failed,online,2025-01-04,NO
1,32605,92992,1939.74,failed,online,2025-01-04,NO
3906,43948,93625,483.88,failed,online,2025-01-04,NO
4838,43957,98681,1558.62,completed,online,2025-01-04,NO
1,8763,100305,836.99,completed,online,2025-01-04,NO
2357,21340,101117,196.58,failed,online,2025-01-04,NO
2955,16044,103298,1323.95,completed,online,2025-01-04,NO
3637,27379,103937,1723.48,failed,online,2025-01-04,NO
434,9668,104451,758.3,completed,online,2025-01-04,NO
1420,25520,105125,1080.88,completed,online,2025-01-04,NO
4541,24100,109438,142.51,failed,online,2025-01-04,NO
1,17846,111161,701.64,failed,online,2025-01-04,NO
4063,8876,112147,1741.93,completed,online,2025-01-04,NO
3292,46757,113112,474.43,failed,online,2025-01-04,NO
157,15253,113258,247.55,failed,online,2025-01-04,NO
4066,886,114848,1440.49,completed,online,2025-01-04,NO
191,6178,115168,1817.52,failed,online,2025-01-04,NO
1036,25413,115189,1855.14,completed,online,2025-01-04,NO
3775,13169,117817,591.5,completed,online,2025-01-04,NO
3911,44329,118908,1772.33,completed,online,2025-01-04,NO
1,14136,119880,243.48,completed,online,2025-01-04,NO
2141,5708,120171,1941.62,completed,online,2025-01-04,NO
3818,25843,121934,1347.65,failed,online,2025-01-04,NO
1,28945,122600,536.09,failed,online,2025-01-04,NO
918,18683,123779,89.13,failed,online,2025-01-04,NO
1052,15403,124310,672.32,completed,online,2025-01-04,NO
3626,7200,127305,1099.74,completed,online,2025-01-04,NO
4815,16293,129963,1944.78,completed,online,2025-01-04,NO
823,2964,130142,89.37,failed,online,2025-01-04,NO
1,2991,131149,1822.56,failed,online,2025-01-04,NO
1,18955,132231,1152.52,completed,online,2025-01-04,NO
3833,15259,132544,1247.41,completed,online,2025-01-04,NO
1199,6977,133685,363.5,failed,online,2025-01-04,NO
4076,204,133717,977.98,failed,online,2025-01-04,NO
2837,25004,134616,1933.37,failed,online,2025-01-04,NO
1,28566,137034,521.93,failed,online,2025-01-04,NO
1475,1101,137163,1804.59,failed,online,2025-01-04,NO
393,41952,139951,1450.87,failed,online,2025-01-04,NO
4010,39758,140134,1806.68,completed,online,2025-01-04,NO
1,11381,141337,1783.6,completed,online,2025-01-04,NO
1246,6580,143137,1767.29,completed,online,2025-01-04,NO
1,1101,144566,1882.46,completed,online,2025-01-04,NO
1154,31167,146857,783.71,completed,online,2025-01-04,NO
4783,24863,565,1577.58,failed,online,2025-12-19,NO
1,17659,2278,357.71,failed,online,2025-12-19,NO
184,40468,3628,48.74,completed,online,2025-12-19,NO
1,27429,5409,1509.95,completed,online,2025-12-19,NO
4909,20546,6175,80.29,failed,online,2025-12-19,NO
1908,30593,9989,130.91,failed,online,2025-12-19,NO
244,5823,10381,331.39,failed,online,2025-12-19,NO
4244,47380,10448,1911.88,failed,online,2025-12-19,NO
1,24096,15154,1288.17,failed,online,2025-12-19,NO
1,33220,18716,761.37,completed,online,2025-12-19,NO
2155,6884,20824,1241.97,failed,online,2025-12-19,NO
2469,45621,21076,885.18,completed,online,2025-12-19,NO
2013,9848,24398,1364.1,completed,online,2025-12-19,NO
4304,24151,32540,1401.17,completed,online,2025-12-19,NO
1351,1550,33043,962.39,completed,online,2025-12-19,NO
3994,7763,34863,881.71,completed,online,2025-12-19,NO
2791,40571,36140,1000.65,completed,online,2025-12-19,NO
1143,31947,36876,694.44,failed,online,2025-12-19,NO
3216,36892,40473,158.95,failed,online,2025-12-19,NO
1710,17496,40567,1563.29,failed,online,2025-12-19,NO
3435,42831,40624,1393.97,failed,online,2025-12-19,NO
2207,7410,42228,1156.52,failed,online,2025-12-19,NO
3388,39077,45417,113.92,completed,online,2025-12-19,NO
2776,45980,48028,1967.53,failed,online,2025-12-19,NO
1,7451,48654,1508.72,completed,online,2025-12-19,NO
747,49880,48668,1617.56,failed,online,2025-12-19,NO
2136,33920,48901,86.01,completed,UNKNOWN,2025-12-19,NO
2185,23314,49876,877.13,failed,online,2025-12-19,NO
493,49314,53387,1644.18,completed,online,2025-12-19,NO
2569,34062,55178,1253.53,failed,online,2025-12-19,NO
3492,33716,56144,1987.66,completed,online,2025-12-19,NO
857,47246,57166,1100.74,failed,online,2025-12-19,NO
1586,32664,60511,1207.8,completed,online,2025-12-19,NO
4040,8133,60595,652.24,failed,online,2025-12-19,NO
3125,8150,66492,526.11,failed,online,2025-12-19,NO
4479,19855,67658,1232.76,completed,online,2025-12-19,NO
3327,37987,68782,793.13,failed,online,2025-12-19,NO
1260,30186,76179,1721.76,failed,online,2025-12-19,NO
119,26658,77466,1915.79,completed,online,2025-12-19,NO
1,26024,80482,962.51,completed,online,2025-12-19,NO
3705,18328,82985,829.03,failed,online,2025-12-19,NO
1002,5728,83111,1019.83,completed,online,2025-12-19,NO
318,18568,83850,1554.18,failed,online,2025-12-19,NO
1192,329,84796,207.94,completed,online,2025-12-19,NO
2021,39582,85392,63.84,completed,online,2025-12-19,NO
4781,23542,88079,922.44,completed,online,2025-12-19,NO
4666,37770,88317,916.05,failed,online,2025-12-19,NO
1502,10060,89366,1838.67,failed,online,2025-12-19,NO
2122,10417,92121,350.42,failed,online,2025-12-19,NO
838,41327,92565,138.22,completed,online,2025-12-19,NO
1,23942,93515,507.19,failed,online,2025-12-19,NO
628,27093,95290,629.02,completed,online,2025-12-19,NO
1635,42464,97102,478.72,completed,online,2025-12-19,NO
314,10641,99212,861.62,completed,online,2025-12-19,NO
1327,49045,99890,1951.2,failed,online,2025-12-19,NO
484,320,101302,1768.07,completed,online,2025-12-19,NO
4681,42169,101766,173.37,failed,online,2025-12-19,NO
1,37061,102047,7405.379666839821,failed,online,2025-12-19,NO
2032,40928,102051,914.01,failed,online,2025-12-19,NO
4457,44995,106804,1410.76,failed,online,2025-12-19,NO
1,48007,107070,1197.3,completed,online,2025-12-19,NO
1307,29628,109020,448.06,failed,online,2025-12-19,NO
276,17239,114504,1032.59,failed,online,2025-12-19,NO
1,4519,114761,1979.82,failed,online,2025-12-19,NO
1366,33806,114999,301.4,completed,online,2025-12-19,NO
3119,35176,116467,448.23,completed,online,2025-12-19,NO
4651,39051,118267,1105.52,failed,online,2025-12-19,NO
3403,10574,119098,282.14,failed,online,2025-12-19,NO
1,23988,119671,599.39,failed,online,2025-12-19,NO
2297,20310,121242,1678.41,failed,online,2025-12-19,NO
1722,22008,122705,1731.27,failed,UNKNOWN,2025-12-19,NO
2449,28878,125283,1057.65,failed,UNKNOWN,2025-12-19,NO
4665,7541,125589,213.01,failed,online,2025-12-19,NO
4668,11586,127698,1027.1,failed,online,2025-12-19,NO
1828,37751,128163,102.21,completed,online,2025-12-19,NO
4104,22937,128179,1138.34,completed,online,2025-12-19,NO
3667,20957,133095,1167.84,completed,online,2025-12-19,NO
646,40791,137581,250.71,completed,online,2025-12-19,NO
502,25786,138856,296.45,failed,online,2025-12-19,NO
1,12058,141027,1181.88,failed,online,2025-12-19,NO
495,13298,142816,1772.47,failed,online,2025-12-19,NO
1553,237,142958,613.75,failed,online,2025-12-19,NO
1,32223,144091,209.72,failed,online,2025-12-19,NO
95,8669,146044,1758.21,failed,online,2025-12-19,NO
1262,27525,146271,136.35,failed,online,2025-12-19,NO
1161,42655,148004,939.58,completed,online,2025-12-19,NO
4457,16831,148460,1347.35,failed,online,2025-12-19,NO
88,20592,149543,256.79,completed,online,2025-12-19,NO
4062,17531,4171,1531.58,failed,online,2025-03-17,NO
1,9180,5019,923.7,completed,online,2025-03-17,NO
1640,48752,7412,1300.19,completed,online,2025-03-17,NO
2370,14483,7834,1139.04,completed,online,2025-03-17,NO
2341,10111,8908,1980.58,failed,online,2025-03-17,NO
1,33052,14073,651.45,completed,online,2025-03-17,NO
3627,39189,15720,1960.91,completed,online,2025-03-17,NO
427,13043,18808,704.01,failed,online,2025-03-17,NO
2135,4062,18814,1434.45,failed,online,2025-03-17,NO
4079,379,19311,343.57,failed,online,2025-03-17,NO
1,11734,21504,18.87,failed,online,2025-03-17,NO
3635,34038,22922,1039.42,completed,online,2025-03-17,NO
742,15021,24544,1911.89,completed,online,2025-03-17,NO
2769,42378,28078,841.68,completed,online,2025-03-17,NO
3877,30050,29133,1211.16,failed,online,2025-03-17,NO
1072,7470,29245,519.44,completed,online,2025-03-17,NO
1627,2615,32423,632.89,failed,online,2025-03-17,NO
556,27248,34398,1104.58,failed,online,2025-03-17,NO
1008,20047,36635,1296.16,failed,online,2025-03-17,NO
1495,2541,37803,723.51,completed,online,2025-03-17,NO
2998,45851,39210,407.87,completed,online,2025-03-17,NO
1727,49465,39983,858.63,completed,online,2025-03-17,NO
630,14397,40043,488.79,failed,online,2025-03-17,NO
4273,2627,41075,1524.84,completed,online,2025-03-17,NO
2589,23380,42026,1219.52,completed,online,2025-03-17,NO
1,25733,42524,582.58,completed,online,2025-03-17,NO
226,38469,43785,46.95,failed,online,2025-03-17,NO
1,48648,44710,172.75,failed,online,2025-03-17,NO
1,13820,46064,789.55,failed,online,2025-03-17,NO
514,4644,49935,1045.59,failed,online,2025-03-17,NO
820,26235,51348,346.28,failed,online,2025-03-17,NO
192,18709,51681,39.53,completed,online,2025-03-17,NO
4539,19185,54103,41.63,failed,online,2025-03-17,NO
1,8001,54558,9814.848650767693,completed,online,2025-03-17,NO
3045,30249,54781,1919.82,completed,online,2025-03-17,NO
2552,22788,54948,1204.31,failed,online,2025-03-17,NO
3851,28906,55366,1973.43,completed,online,2025-03-17,NO
4229,8094,57821,1886.74,completed,online,2025-03-17,NO
989,31177,59634,1621.38,completed,online,2025-03-17,NO
3540,688,60823,299.12,failed,online,2025-03-17,NO
1,22081,60968,575.69,failed,online,2025-03-17,NO
1010,15206,63176,9215.52702399038,failed,online,2025-03-17,NO
3571,31508,64279,1229.3,failed,online,2025-03-17,NO
2113,3219,65597,75.99,completed,online,2025-03-17,NO
1,20361,69445,1288.98,failed,online,2025-03-17,NO
3512,4455,69686,304.14,failed,UNKNOWN,2025-03-17,NO
1,35206,69842,829.13,completed,online,2025-03-17,NO
27,41475,70951,5348.899020593542,failed,online,2025-03-17,NO
2119,47934,72657,382.05,completed,online,2025-03-17,NO
2877,32405,73715,314.47,failed,online,2025-03-17,NO
322,21248,74277,1628.02,failed,online,2025-03-17,NO
1,17402,78104,60.5,failed,online,2025-03-17,NO
3544,8213,82448,505.27,completed,online,2025-03-17,NO
4607,39505,84837,461.79,completed,online,2025-03-17,NO
1,35808,86216,109.59,failed,online,2025-03-17,NO
1,9402,95564,369.32,completed,online,2025-03-17,NO
4827,1894,95732,1858.27,failed,online,2025-03-17,NO
3911,45935,97641,1210.5,failed,online,2025-03-17,NO
3221,24174,98394,352.06,completed,online,2025-03-17,NO
1,17542,98801,876.18,failed,online,2025-03-17,NO
1,40729,101570,1320.03,completed,online,2025-03-17,NO
2155,34547,101592,113.54,completed,online,2025-03-17,NO
1255,8350,102130,1206.45,failed,online,2025-03-17,NO
1,36548,105397,1223.51,failed,online,2025-03-17,NO
3873,20844,105682,1718.95,failed,online,2025-03-17,NO
4752,2412,105859,1567.73,failed,online,2025-03-17,NO
2115,26160,106502,1040.03,failed,online,2025-03-17,NO
4892,7977,107623,740.46,failed,online,2025-03-17,NO
1,41432,109341,1890.04,completed,online,2025-03-17,NO
3540,34237,114629,261.48,failed,online,2025-03-17,NO
4034,6960,124905,1338.04,failed,online,2025-03-17,NO
852,38697,124918,85.82,failed,online,2025-03-17,NO
2008,6882,127663,1070.78,completed,online,2025-03-17,NO
1222,47527,127694,178.69,completed,online,2025-03-17,NO
2549,13868,131061,1280.62,completed,online,2025-03-17,NO
1,9070,131540,244.28,failed,online,2025-03-17,NO
1,20878,132911,266.57,completed,online,2025-03-17,NO
4068,1978,133236,377.15,completed,online,2025-03-17,NO
1,19914,133639,485.27,completed,online,2025-03-17,NO
3811,35193,133872,289.37,failed,online,2025-03-17,NO
4193,16332,134213,1683.52,completed,online,2025-03-17,NO
2616,9850,134996,773.26,failed,online,2025-03-17,NO
930,11655,136385,456.41,completed,online,2025-03-17,NO
4796,16458,136829,1737.49,completed,online,2025-03-17,NO
4100,39489,142174,1756.87,failed,online,2025-03-17,NO
1,10123,145076,405.14,failed,online,2025-03-17,NO
3137,17124,146725,1424.87,completed,online,2025-03-17,NO
1923,425,149485,1311.45,failed,online,2025-03-17,NO
2441,39828,2636,1561.11,failed,online,2025-04-12,NO
1,29564,4657,181.08,completed,online,2025-04-12,NO
4050,16205,5587,1224.52,completed,online,2025-04-12,NO
1,34793,5623,599.76,failed,online,2025-04-12,NO
207,6881,5810,68.52,failed,online,2025-04-12,NO
3745,16864,7003,585.9,completed,online,2025-04-12,NO
260,5327,7553,570.33,completed,online,2025-04-12,NO
102,41931,9213,1991.43,failed,online,2025-04-12,NO
4502,24409,10355,289.36,failed,online,2025-04-12,NO
1594,34197,10356,1707.19,completed,online,2025-04-12,NO
510,25050,11323,728.55,failed,online,2025-04-12,NO
3280,16969,12721,1864.02,failed,online,2025-04-12,NO
782,760,13444,1635.33,completed,online,2025-04-12,NO
3502,43590,16275,1158.5,failed,online,2025-04-12,NO
4580,48192,17387,1536.97,completed,online,2025-04-12,NO
1178,32319,18764,713.82,completed,online,2025-04-12,NO
3599,16464,19554,211.24,failed,online,2025-04-12,NO
3597,9602,20046,1247.03,failed,online,2025-04-12,NO
839,9975,20327,562.38,failed,online,2025-04-12,NO
1,42435,20547,411.58,failed,online,2025-04-12,NO
3220,19505,21534,1546.25,failed,online,2025-04-12,NO
3829,40195,23964,1009.46,completed,online,2025-04-12,NO
1008,8890,28848,1539.75,failed,online,2025-04-12,NO
4954,15374,29561,596.26,failed,online,2025-04-12,NO
4958,32293,33992,205.46,failed,online,2025-04-12,NO
1533,1337,35297,1144.86,completed,online,2025-04-12,NO
1,7920,41431,1634.65,completed,online,2025-04-12,NO
3692,522,44171,1527.29,failed,online,2025-04-12,NO
4657,8592,45137,605.14,completed,online,2025-04-12,NO
4511,36370,45853,1822.48,completed,online,2025-04-12,NO
1820,37646,46743,6274.092599934789,completed,online,2025-04-12,NO
1418,25537,46894,1864.49,failed,online,2025-04-12,NO
4639,28232,50766,1384.0,failed,online,2025-04-12,NO
1,12121,52142,1036.65,failed,online,2025-04-12,NO
1526,26557,53466,568.7,completed,online,2025-04-12,NO
286,34505,54341,472.03,failed,online,2025-04-12,NO
4173,17701,56126,1244.28,completed,online,2025-04-12,NO
1,21149,58828,1122.67,completed,online,2025-04-12,NO
1,11327,60248,780.34,failed,online,2025-04-12,NO
2036,16541,61241,1271.19,completed,online,2025-04-12,NO
717,42933,64249,36.61,failed,online,2025-04-12,NO
4357,25831,68137,11.59,completed,online,2025-04-12,NO
2255,15094,68383,54.64,failed,online,2025-04-12,NO
3955,34643,68899,1810.53,completed,online,2025-04-12,NO
1,43477,71827,1354.38,failed,online,2025-04-12,NO
1223,41108,72239,1143.76,completed,online,2025-04-12,NO
1,45905,72314,853.51,completed,online,2025-04-12,NO
2145,25670,74078,1162.25,failed,online,2025-04-12,NO
175,40130,77042,688.79,completed,online,2025-04-12,NO
3797,10953,79344,213.51,failed,online,2025-04-12,NO
1,25317,81556,1684.54,failed,online,2025-04-12,NO
4528,5339,84679,369.82,failed,online,2025-04-12,NO
2184,19959,89664,460.52,failed,online,2025-04-12,NO
4989,19973,95562,158.31,completed,online,2025-04-12,NO
4051,8361,98752,875.84,failed,online,2025-04-12,NO
2562,49489,99938,1474.34,failed,online,2025-04-12,NO
1,28999,101607,466.7,completed,online,2025-04-12,NO
1,18439,102319,776.3,failed,online,2025-04-12,NO
1084,42002,104530,1644.05,completed,online,2025-04-12,NO
1,22072,106100,311.77,completed,online,2025-04-12,NO
1,34355,110954,552.67,failed,online,2025-04-12,NO
2569,45419,111268,1783.51,completed,online,2025-04-12,NO
2140,5388,111430,615.15,failed,UNKNOWN,2025-04-12,NO
4467,16108,112895,1412.57,failed,online,2025-04-12,NO
2844,4346,114144,1622.42,failed,online,2025-04-12,NO
3069,42009,116618,1951.55,failed,online,2025-04-12,NO
1978,30183,118167,1554.8,completed,online,2025-04-12,NO
1,43615,118660,1028.15,completed,online,2025-04-12,NO
1,47556,118813,66.05,completed,online,2025-04-12,NO
4428,26092,118996,979.76,failed,online,2025-04-12,NO
4106,16879,120330,1724.88,failed,online,2025-04-12,NO
3338,10124,121879,982.04,completed,online,2025-04-12,NO
969,16127,123646,1218.86,failed,online,2025-04-12,NO
1240,20443,125487,1381.23,completed,online,2025-04-12,NO
4177,8777,126355,1544.04,failed,online,2025-04-12,NO
224,28799,127242,166.24,completed,online,2025-04-12,NO
4235,17417,130333,872.77,completed,online,2025-04-12,NO
2181,6898,130425,143.13,failed,online,2025-04-12,NO
2427,6320,131215,392.63,completed,online,2025-04-12,NO
2273,44810,131322,1995.09,failed,online,2025-04-12,NO
1016,27986,133118,1166.4,failed,online,2025-04-12,NO
4898,39062,133155,1699.09,failed,online,2025-04-12,NO
1448,11934,137672,349.05,completed,online,2025-04-12,NO
4269,25645,139981,334.35,failed,online,2025-04-12,NO
1070,22536,140846,1646.05,failed,online,2025-04-12,NO
2588,2813,141047,778.51,completed,online,2025-04-12,NO
1602,27509,145716,548.36,failed,online,2025-04-12,NO
1617,48345,146013,1500.95,failed,online,2025-04-12,NO
1,15017,2346,1400.78,failed,online,2025-05-16,NO
4583,24387,2886,724.07,completed,online,2025-05-16,NO
2913,5306,6268,1722.56,completed,online,2025-05-16,NO
2723,35451,6289,1442.64,failed,online,2025-05-16,NO
1325,17256,8784,376.38,failed,online,2025-05-16,NO
4108,27989,10266,1392.61,failed,online,2025-05-16,NO
480,45250,14793,1650.86,completed,online,2025-05-16,NO
996,18996,18346,1172.16,completed,online,2025-05-16,NO
2588,40438,19214,1464.07,completed,online,2025-05-16,NO
3505,48261,20289,919.56,failed,online,2025-05-16,NO
3600,33172,28113,257.13,completed,online,2025-05-16,NO
1470,27233,28348,611.07,failed,online,2025-05-16,NO
1,13539,31080,1772.35,completed,online,2025-05-16,NO
1,15928,32160,639.01,failed,online,2025-05-16,NO
1,2812,34806,726.9,failed,online,2025-05-16,NO
2486,5972,34860,1638.53,completed,online,2025-05-16,NO
1,31956,36644,1203.78,completed,online,2025-05-16,NO
4518,12226,37871,750.53,completed,online,2025-05-16,NO
3488,36878,39557,1856.44,completed,online,2025-05-16,NO
4160,12984,40191,1243.96,completed,online,2025-05-16,NO
359,47223,40589,879.17,failed,online,2025-05-16,NO
2170,37022,41515,414.73,failed,online,2025-05-16,NO
4703,36454,42109,495.52,failed,online,2025-05-16,NO
1,32148,43311,1733.59,failed,online,2025-05-16,NO
3977,8435,44086,485.6,failed,online,2025-05-16,NO
1,19203,45153,1952.65,completed,online,2025-05-16,NO
2829,22729,45422,391.35,failed,online,2025-05-16,NO
2487,30116,47205,81.42,failed,online,2025-05-16,NO
3112,40689,47988,900.17,failed,online,2025-05-16,NO
3447,30628,48893,1769.08,completed,online,2025-05-16,NO
3626,32246,53867,1074.73,completed,online,2025-05-16,NO
2356,8548,54225,1790.78,completed,online,2025-05-16,NO
1,39594,55367,918.85,failed,online,2025-05-16,NO
2785,23420,57212,1989.23,failed,online,2025-05-16,NO
3287,26507,59618,1761.95,completed,online,2025-05-16,NO
661,17583,61381,189.84,completed,online,2025-05-16,NO
3404,40276,65052,916.9,completed,online,2025-05-16,NO
2964,3787,66787,1121.1,failed,online,2025-05-16,NO
3708,5653,67802,1567.6,completed,online,2025-05-16,NO
369,13824,71435,540.29,completed,online,2025-05-16,NO
4710,12103,74557,550.83,completed,online,2025-05-16,NO
1,46076,78961,541.66,failed,online,2025-05-16,NO
4168,44811,79107,1471.34,failed,online,2025-05-16,NO
4211,18533,82283,523.98,failed,online,2025-05-16,NO
2503,30468,82836,1805.14,failed,online,2025-05-16,NO
2446,25659,82890,367.28,completed,online,2025-05-16,NO
500,10446,84644,1159.66,failed,online,2025-05-16,NO
1,15407,85861,1558.22,completed,online,2025-05-16,NO
2603,42524,90684,1731.32,failed,online,2025-05-16,NO
1916,10766,92202,1071.37,completed,online,2025-05-16,NO
4474,12432,93667,1868.63,completed,online,2025-05-16,NO
1,27908,98764,1745.85,failed,online,2025-05-16,NO
1,27735,99060,1127.37,completed,online,2025-05-16,NO
1,20266,99460,1368.91,failed,online,2025-05-16,NO
883,41088,100577,1193.52,completed,online,2025-05-16,NO
1618,47674,105005,333.97,completed,online,2025-05-16,NO
1182,37870,105821,650.75,failed,online,2025-05-16,NO
4528,22551,105927,661.64,completed,online,2025-05-16,NO
4890,31537,108922,1897.6,failed,online,2025-05-16,NO
1174,37174,109274,1370.43,failed,online,2025-05-16,NO
41,21131,111309,1381.15,failed,online,2025-05-16,NO
1745,6789,112257,321.82,completed,online,2025-05-16,NO
3541,42962,112955,1834.78,failed,online,2025-05-16,NO
4518,26896,113143,1418.17,failed,online,2025-05-16,NO
2698,9181,115988,1089.62,failed,online,2025-05-16,NO
700,47680,116586,1589.5,completed,online,2025-05-16,NO
2450,8095,117112,544.72,failed,online,2025-05-16,NO
4525,44945,117201,959.09,failed,online,2025-05-16,NO
1876,15155,119086,78.76,failed,online,2025-05-16,NO
4468,8130,121589,1652.92,completed,online,2025-05-16,NO
479,39944,122594,912.95,failed,online,2025-05-16,NO
1190,32370,124235,616.88,failed,online,2025-05-16,NO
241,2097,124506,1263.45,completed,online,2025-05-16,NO
2498,17132,124520,769.89,failed,online,2025-05-16,NO
761,42489,125107,407.41,failed,online,2025-05-16,NO
3305,34849,126298,675.88,failed,online,2025-05-16,NO
4359,1319,128865,297.32,failed,online,2025-05-16,NO
1334,39040,130207,492.76,completed,online,2025-05-16,NO
1,46019,132520,1821.3,failed,online,2025-05-16,NO
1566,16602,133304,167.66,failed,online,2025-05-16,NO
2741,3834,135831,194.4,failed,online,2025-05-16,NO
4659,21126,138891,1858.62,failed,online,2025-05-16,NO
1,28816,139039,1070.22,completed,online,2025-05-16,NO
1,22185,140971,461.0,failed,online,2025-05-16,NO
4621,28670,141458,1343.44,failed,online,2025-05-16,NO
4221,45736,142139,1882.6,completed,online,2025-05-16,NO
92,6296,145590,141.19,completed,UNKNOWN,2025-05-16,NO
4152,19496,148938,261.57,completed,online,2025-05-16,NO
4576,47424,4233,542.51,completed,online,2025-10-02,NO
4569,28364,6979,1864.05,completed,online,2025-10-02,NO
4771,49215,7899,1154.99,completed,online,2025-10-02,NO
3348,6297,9590,220.83,failed,online,2025-10-02,NO
3215,33359,11313,1929.66,completed,online,2025-10-02,NO
194,12223,14502,1820.89,completed,online,2025-10-02,NO
4423,28427,18963,1135.52,failed,online,2025-10-02,NO
1569,13942,19574,1581.11,failed,online,2025-10-02,NO
148,42004,24451,747.62,failed,online,2025-10-02,NO
1,28739,26609,1613.34,failed,online,2025-10-02,NO
48,3512,33192,1133.84,failed,online,2025-10-02,NO
3110,42917,34801,1082.05,completed,online,2025-10-02,NO
3924,2242,36772,979.23,completed,online,2025-10-02,NO
1,12927,37654,931.07,failed,online,2025-10-02,NO
3624,40576,38640,1690.62,completed,online,2025-10-02,NO
752,7659,41315,888.72,completed,online,2025-10-02,NO
20,8014,44084,124.6,completed,online,2025-10-02,NO
1,35407,44919,624.85,failed,online,2025-10-02,NO
3553,44819,45888,153.69,failed,online,2025-10-02,NO
1257,22247,46015,464.85,completed,online,2025-10-02,NO
4922,38485,46097,1569.49,completed,online,2025-10-02,NO
1738,9869,46240,673.5,completed,UNKNOWN,2025-10-02,NO
3275,35813,48129,104.4,completed,online,2025-10-02,NO
2651,18638,50252,345.75,failed,online,2025-10-02,NO
1196,39387,51625,1471.51,completed,online,2025-10-02,NO
572,49940,52693,1840.65,completed,online,2025-10-02,NO
4529,21780,52833,1141.44,failed,online,2025-10-02,NO
4320,14244,53120,428.05,completed,online,2025-10-02,NO
3550,19528,53824,35.81,failed,online,2025-10-02,NO
3515,13108,54497,1501.63,failed,online,2025-10-02,NO
2976,46111,55601,760.61,failed,online,2025-10-02,NO
352,9837,61636,963.77,failed,online,2025-10-02,NO
3114,37601,61932,1656.7,failed,online,2025-10-02,NO
1276,25827,62209,251.31,completed,online,2025-10-02,NO
3923,25099,65866,1896.48,completed,online,2025-10-02,NO
945,10219,67229,1084.72,failed,online,2025-10-02,NO
1223,44214,67480,12.19,failed,online,2025-10-02,NO
564,19574,67561,314.73,completed,online,2025-10-02,NO
4611,40863,72384,1745.34,completed,online,2025-10-02,NO
1172,7425,76091,1237.81,completed,online,2025-10-02,NO
4579,35657,76572,241.66,failed,online,2025-10-02,NO
4588,47596,76861,959.88,completed,online,2025-10-02,NO
3648,1760,79131,467.92,completed,online,2025-10-02,NO
3236,7044,79491,161.62,completed,online,2025-10-02,NO
1223,9387,80371,134.48,completed,online,2025-10-02,NO
1403,24373,86689,1134.92,completed,online,2025-10-02,NO
81,38179,87356,1990.86,failed,online,2025-10-02,NO
1170,21880,87572,64.51,failed,online,2025-10-02,NO
1,34204,89520,1805.29,completed,online,2025-10-02,NO
3183,33204,91003,1332.34,completed,online,2025-10-02,NO
940,19669,91601,279.4,failed,online,2025-10-02,NO
4431,21407,92102,522.77,completed,online,2025-10-02,NO
2942,46162,92526,682.03,failed,online,2025-10-02,NO
1382,22765,96012,1467.41,failed,online,2025-10-02,NO
2133,15843,97137,1152.33,completed,online,2025-10-02,NO
480,13554,99925,461.28,failed,online,2025-10-02,NO
3061,8377,100719,840.17,completed,online,2025-10-02,NO
4569,39659,101023,1158.71,failed,online,2025-10-02,NO
3879,13749,102787,489.49,failed,online,2025-10-02,NO
4360,41492,103142,1744.8,failed,online,2025-10-02,NO
1740,31742,104799,1498.16,failed,online,2025-10-02,NO
831,42830,109727,962.41,failed,online,2025-10-02,NO
1458,6110,111148,633.61,failed,online,2025-10-02,NO
4842,24360,113029,955.93,completed,online,2025-10-02,NO
4344,35017,116953,1738.96,failed,online,2025-10-02,NO
950,43433,118444,564.95,completed,online,2025-10-02,NO
3959,2597,119228,1206.33,completed,online,2025-10-02,NO
2486,28481,120080,1217.69,completed,online,2025-10-02,NO
2069,28707,123180,1154.49,failed,online,2025-10-02,NO
2430,21917,123464,1616.74,completed,online,2025-10-02,NO
366,8876,124883,729.39,completed,online,2025-10-02,NO
32,43778,125804,1036.55,completed,online,2025-10-02,NO
1520,10125,126230,824.24,failed,online,2025-10-02,NO
211,41030,126797,421.33,failed,online,2025-10-02,NO
2255,49681,127394,480.14,completed,online,2025-10-02,NO
2159,8027,127630,1446.49,failed,online,2025-10-02,NO
531,30153,130770,101.64,completed,online,2025-10-02,NO
3880,49941,131566,82.12,failed,online,2025-10-02,NO
3674,7804,132218,749.05,completed,online,2025-10-02,NO
1054,19724,133661,1036.72,failed,online,2025-10-02,NO
1657,36043,133690,1978.21,completed,online,2025-10-02,NO
4332,49047,140444,437.38,failed,online,2025-10-02,NO
3972,49192,141834,1657.98,failed,online,2025-10-02,NO
3114,22738,142255,1295.57,completed,online,2025-10-02,NO
3723,16732,147153,1563.05,failed,online,2025-10-02,NO
304,40190,147199,1365.25,failed,online,2025-10-02,NO
3810,12099,148510,690.81,failed,online,2025-10-02,NO
4885,36315,1313,848.43,failed,online,2025-03-27,NO
1,27900,4736,788.34,failed,online,2025-03-27,NO
4098,16753,6217,84.98,completed,online,2025-03-27,NO
644,45452,6816,616.64,failed,online,2025-03-27,NO
1347,16259,11288,1743.92,failed,online,2025-03-27,NO
3112,41623,12079,1782.2,completed,online,2025-03-27,NO
913,2256,13663,1700.34,failed,online,2025-03-27,NO
4507,34520,14845,229.35,completed,online,2025-03-27,NO
1,29984,15313,1935.3,completed,online,2025-03-27,NO
3293,47626,17123,1211.8,completed,online,2025-03-27,NO
3492,37636,17769,957.43,failed,online,2025-03-27,NO
2849,38263,18359,590.81,completed,online,2025-03-27,NO
3967,23620,19237,711.62,completed,online,2025-03-27,NO
4005,11821,19425,317.58,failed,online,2025-03-27,NO
118,23057,21718,1615.59,failed,online,2025-03-27,NO
2486,18744,24040,1181.31,failed,online,2025-03-27,NO
3775,47095,25930,1279.75,failed,online,2025-03-27,NO
248,19586,26669,16.43,failed,online,2025-03-27,NO
1370,27970,30139,539.11,completed,online,2025-03-27,NO
1650,2839,34903,21.41,completed,online,2025-03-27,NO
343,18464,35327,885.61,completed,online,2025-03-27,NO
3373,25191,41212,1408.83,failed,online,2025-03-27,NO
1,17114,42208,1274.21,completed,online,2025-03-27,NO
4957,2401,42350,1447.16,completed,online,2025-03-27,NO
2145,43511,43457,1193.73,completed,online,2025-03-27,NO
1,45602,44300,712.56,completed,online,2025-03-27,NO
1,18000,46352,1826.56,completed,online,2025-03-27,NO
3942,15188,47118,1549.44,completed,online,2025-03-27,NO
2636,28112,48121,638.18,failed,online,2025-03-27,NO
1624,7224,50677,354.39,failed,online,2025-03-27,NO
4488,2276,59307,762.75,completed,online,2025-03-27,NO
1,24632,62510,1687.49,completed,online,2025-03-27,NO
1902,17646,64724,1699.32,failed,online,2025-03-27,NO
4067,28359,67665,1199.59,failed,online,2025-03-27,NO
1,26151,70753,1009.5,completed,online,2025-03-27,NO
1,42621,75971,160.64,failed,online,2025-03-27,NO
651,24710,79051,1658.25,failed,online,2025-03-27,NO
1,14262,81590,1180.33,failed,online,2025-03-27,NO
1,39157,83676,1878.36,failed,online,2025-03-27,NO
4251,30944,84218,1645.97,completed,online,2025-03-27,NO
3730,18456,85086,463.76,completed,online,2025-03-27,NO
2600,25057,85695,742.29,completed,online,2025-03-27,NO
1,44450,88989,1552.18,completed,online,2025-03-27,NO
609,41301,90868,947.77,failed,online,2025-03-27,NO
1,18572,92270,528.32,completed,online,2025-03-27,NO
1,32106,92297,315.36,failed,online,2025-03-27,NO
1330,19198,93484,624.96,completed,online,2025-03-27,NO
141,45483,94540,460.79,failed,online,2025-03-27,NO
1,4816,95494,682.65,failed,online,2025-03-27,NO
3645,17635,96298,337.98,completed,online,2025-03-27,NO
2385,47486,97526,157.78,completed,online,2025-03-27,NO
666,18586,97918,1889.92,completed,online,2025-03-27,NO
1,1037,99121,685.56,completed,UNKNOWN,2025-03-27,NO
3006,30766,101778,958.09,completed,online,2025-03-27,NO
4850,25331,101796,1536.76,completed,online,2025-03-27,NO
559,41150,102412,395.98,failed,online,2025-03-27,NO
1,42802,108091,216.07,failed,online,2025-03-27,NO
4570,1682,109127,1695.24,failed,online,2025-03-27,NO
1,6180,109837,995.06,failed,online,2025-03-27,NO
2025,41015,111261,1862.74,completed,online,2025-03-27,NO
2586,24893,112099,71.18,failed,online,2025-03-27,NO
1,3490,113222,819.74,failed,online,2025-03-27,NO
3572,14322,113990,800.89,completed,UNKNOWN,2025-03-27,NO
2520,16612,119584,1194.91,failed,online,2025-03-27,NO
4915,40924,120877,1160.76,failed,online,2025-03-27,NO
481,32776,121321,290.62,completed,online,2025-03-27,NO
1275,4830,122551,1306.16,completed,online,2025-03-27,NO
3345,14098,124349,1395.59,failed,online,2025-03-27,NO
4409,4700,124837,1968.51,completed,online,2025-03-27,NO
1,9335,126802,1901.18,completed,online,2025-03-27,NO
283,17889,127306,237.65,failed,online,2025-03-27,NO
1,12424,128374,1132.1,failed,online,2025-03-27,NO
1545,47450,131696,1485.34,failed,online,2025-03-27,NO
2425,28788,131807,1976.5,failed,online,2025-03-27,NO
4706,44865,132114,524.23,failed,online,2025-03-27,NO
2062,1840,137766,1388.56,completed,online,2025-03-27,NO
819,49072,138564,704.46,failed,online,2025-03-27,NO
614,36005,138755,750.0,completed,online,2025-03-27,NO
4535,11546,139103,1197.45,completed,online,2025-03-27,NO
1,28520,139290,1726.41,completed,online,2025-03-27,NO
3793,30228,139352,584.95,completed,online,2025-03-27,NO
2598,32886,139692,1057.94,failed,online,2025-03-27,NO
1,16103,140119,1503.74,failed,online,2025-03-27,NO
3635,16362,141602,229.22,completed,online,2025-03-27,NO
1,31920,145350,376.71,completed,online,2025-03-27,NO
1765,24489,145444,531.55,failed,online,2025-03-27,NO
2297,11725,146319,967.76,failed,online,2025-03-27,NO
4379,27190,147624,145.17,completed,online,2025-03-27,NO
2118,37073,228,624.07,completed,online,2025-05-31,NO
4807,32538,4915,1318.48,completed,online,2025-05-31,NO
1033,10565,4971,1695.79,failed,online,2025-05-31,NO
3541,21486,9572,1992.03,completed,online,2025-05-31,NO
1824,12803,11008,1858.19,completed,online,2025-05-31,NO
1,2393,13799,1562.13,failed,online,2025-05-31,NO
3525,20617,13968,221.98,failed,online,2025-05-31,NO
786,45646,15295,865.97,completed,online,2025-05-31,NO
2924,2827,15372,593.02,completed,online,2025-05-31,NO
4718,25407,16555,1280.02,failed,online,2025-05-31,NO
474,33810,18142,971.55,completed,online,2025-05-31,NO
236,26407,20870,196.4,completed,online,2025-05-31,NO
4431,45517,22027,1750.43,completed,online,2025-05-31,NO
2595,20182,22079,1818.04,failed,online,2025-05-31,NO
3910,20926,24173,108.0,completed,online,2025-05-31,NO
1655,40394,24316,1115.74,completed,online,2025-05-31,NO
3735,28614,26459,1146.44,failed,online,2025-05-31,NO
1,20532,27682,723.53,completed,online,2025-05-31,NO
1,31664,28056,1217.71,completed,online,2025-05-31,NO
4586,15094,32064,153.83,failed,online,2025-05-31,NO
3904,31192,32194,624.55,failed,online,2025-05-31,NO
1546,3892,33993,1166.28,failed,online,2025-05-31,NO
2288,35968,34397,1489.93,failed,online,2025-05-31,NO
4560,19142,34980,1077.26,failed,online,2025-05-31,NO
2538,25959,36389,1427.62,failed,online,2025-05-31,NO
1,8006,36786,777.8,failed,online,2025-05-31,NO
4079,31317,37430,417.05,failed,online,2025-05-31,NO
3438,27042,45263,218.92,failed,online,2025-05-31,NO
1239,26272,48464,1856.94,failed,online,2025-05-31,NO
2398,28027,49918,792.95,completed,online,2025-05-31,NO
1,28022,50027,565.13,failed,online,2025-05-31,NO
1,17178,50595,398.49,failed,online,2025-05-31,NO
1,47313,51560,1337.64,completed,online,2025-05-31,NO
2326,20409,51618,1393.9,completed,online,2025-05-31,NO
2179,25631,55103,1476.33,completed,online,2025-05-31,NO
3037,26942,58448,556.17,completed,online,2025-05-31,NO
3487,2978,59236,805.89,completed,online,2025-05-31,NO
1,19804,60418,1052.39,completed,online,2025-05-31,NO
3004,14839,63406,161.99,failed,online,2025-05-31,NO
3510,46829,63660,1707.3,failed,online,2025-05-31,NO
2783,29746,66490,1516.67,completed,online,2025-05-31,NO
3572,21757,67047,14.47,completed,online,2025-05-31,NO
3642,10739,67829,655.42,failed,online,2025-05-31,NO
1,12956,68590,1037.99,completed,online,2025-05-31,NO
3009,805,70236,1905.97,completed,online,2025-05-31,NO
1677,42499,72708,5155.23021320944,completed,online,2025-05-31,NO
4625,8003,73537,772.07,completed,online,2025-05-31,NO
4896,28433,78893,177.24,failed,online,2025-05-31,NO
4552,34986,80257,1796.84,completed,online,2025-05-31,NO
4403,48634,83294,1517.6,completed,online,2025-05-31,NO
1970,47429,84152,1732.48,failed,online,2025-05-31,NO
935,35825,84633,1488.48,completed,online,2025-05-31,NO
4453,781,87880,199.5,failed,online,2025-05-31,NO
473,3282,87963,1957.54,failed,online,2025-05-31,NO
1720,3424,88650,71.4,failed,online,2025-05-31,NO
1468,42446,90539,670.82,failed,online,2025-05-31,NO
1,17905,91739,1461.52,failed,online,2025-05-31,NO
1434,6190,94615,601.19,completed,online,2025-05-31,NO
3091,39653,95604,627.5,failed,online,2025-05-31,NO
3396,33769,101742,1341.54,failed,online,2025-05-31,NO
2424,18658,104995,772.65,completed,online,2025-05-31,NO
1,14760,107233,812.61,failed,online,2025-05-31,NO
1054,6205,107923,1135.93,failed,online,2025-05-31,NO
737,37616,107939,1015.55,completed,online,2025-05-31,NO
4460,26493,111562,1968.58,failed,online,2025-05-31,NO
559,8443,112921,182.08,failed,online,2025-05-31,NO
1,3008,114086,991.84,failed,online,2025-05-31,NO
1,11252,114155,131.71,failed,UNKNOWN,2025-05-31,NO
3393,45741,115149,877.94,failed,online,2025-05-31,NO
1337,25609,118236,919.35,completed,online,2025-05-31,NO
3990,12196,118594,1923.4,failed,online,2025-05-31,NO
1669,30330,126494,483.19,failed,online,2025-05-31,NO
878,17787,127045,1663.17,failed,online,2025-05-31,NO
1144,12381,127182,905.23,failed,online,2025-05-31,NO
2369,17953,127282,634.37,failed,online,2025-05-31,NO
1,4442,131036,564.8,completed,online,2025-05-31,NO
4460,169,131629,1725.7,failed,online,2025-05-31,NO
1752,48046,132048,1106.32,failed,online,2025-05-31,NO
2440,40151,134110,7634.29126480681,failed,online,2025-05-31,NO
186,47794,134132,1737.07,failed,online,2025-05-31,NO
1,12897,137398,783.22,completed,online,2025-05-31,NO
3165,42108,138006,292.8,failed,online,2025-05-31,NO
4852,37690,141347,111.89,completed,online,2025-05-31,NO
247,8128,142674,136.47,failed,online,2025-05-31,NO
1,31459,147586,586.39,completed,online,2025-05-31,NO
1,26900,147931,649.85,completed,online,2025-05-31,NO
1,21187,148965,1360.76,failed,online,2025-05-31,NO
3596,33441,149836,119.38,failed,online,2025-05-31,NO
1,35049,528,847.77,completed,online,2025-05-17,NO
58,5062,4926,879.4,completed,online,2025-05-17,NO
2067,48466,5352,1955.83,completed,online,2025-05-17,NO
1524,39942,5733,1515.9,completed,online,2025-05-17,NO
121,14619,6669,380.78,failed,online,2025-05-17,NO
1,4494,7219,1199.82,failed,online,2025-05-17,NO
1,18162,7821,1041.71,completed,online,2025-05-17,NO
3680,11782,8725,1558.46,completed,online,2025-05-17,NO
4544,8351,8937,719.4,failed,online,2025-05-17,NO
1828,19474,10427,1251.18,failed,online,2025-05-17,NO
4687,17667,11244,268.17,completed,online,2025-05-17,NO
1,721,19302,146.39,completed,online,2025-05-17,NO
1,33721,20248,1413.62,failed,online,2025-05-17,NO
422,24483,21152,818.28,completed,online,2025-05-17,NO
3031,32875,22060,1508.11,completed,online,2025-05-17,NO
1709,11699,23689,1927.72,completed,online,2025-05-17,NO
3272,20727,27956,10.63,completed,online,2025-05-17,NO
1641,9490,28667,1828.03,completed,online,2025-05-17,NO
3651,29837,28887,353.58,failed,online,2025-05-17,NO
685,17326,29493,1835.41,completed,online,2025-05-17,NO
1,38481,29519,597.37,failed,online,2025-05-17,NO
4098,29511,30412,1941.07,failed,online,2025-05-17,NO
124,18226,32123,155.89,completed,online,2025-05-17,NO
315,6022,32491,745.07,completed,online,2025-05-17,NO
2703,22686,32780,811.51,completed,online,2025-05-17,NO
823,12793,34294,1125.79,failed,online,2025-05-17,NO
2304,36415,39088,980.05,failed,online,2025-05-17,NO
1,40085,42853,647.67,completed,online,2025-05-17,NO
3363,33221,43663,405.3,completed,online,2025-05-17,NO
1122,6734,44788,184.22,completed,online,2025-05-17,NO
3342,1793,47407,723.63,failed,online,2025-05-17,NO
801,36606,50120,1529.75,failed,online,2025-05-17,NO
1,2363,50245,735.31,completed,online,2025-05-17,NO
1,29075,50489,241.33,completed,online,2025-05-17,NO
1469,12728,53090,687.66,failed,online,2025-05-17,NO
1,12607,53257,893.67,completed,online,2025-05-17,NO
1,48552,56125,927.9,failed,online,2025-05-17,NO
2746,43218,56607,1068.79,completed,online,2025-05-17,NO
1,24533,60755,1367.65,failed,UNKNOWN,2025-05-17,NO
3311,29937,61047,1371.29,failed,online,2025-05-17,NO
2911,20714,62313,1223.58,failed,online,2025-05-17,NO
3252,6358,64666,1811.96,completed,online,2025-05-17,NO
2250,537,66867,123.15,completed,online,2025-05-17,NO
1613,2076,68551,1571.02,failed,online,2025-05-17,NO
1,38649,71476,1803.07,failed,online,2025-05-17,NO
1,2010,71893,1718.54,failed,online,2025-05-17,NO
1,36530,72412,1357.31,completed,online,2025-05-17,NO
1424,37550,75766,1643.63,completed,online,2025-05-17,NO
1,47649,76868,672.2,failed,online,2025-05-17,NO
2539,45880,77558,1858.11,failed,online,2025-05-17,NO
3947,11025,77589,415.82,failed,online,2025-05-17,NO
4703,17539,78541,1640.95,completed,online,2025-05-17,NO
3660,44828,79092,1812.77,completed,online,2025-05-17,NO
1,28583,81426,139.95,failed,online,2025-05-17,NO
112,7814,82378,1253.93,completed,online,2025-05-17,NO
1,23717,86723,559.61,completed,online,2025-05-17,NO
4754,34204,86826,294.24,failed,online,2025-05-17,NO
4788,8199,90158,1968.76,completed,UNKNOWN,2025-05-17,NO
1245,26989,90827,184.41,completed,online,2025-05-17,NO
4190,33067,93828,1802.28,completed,online,2025-05-17,NO
4500,35509,97933,825.42,completed,online,2025-05-17,NO
4134,42847,99559,1016.52,completed,online,2025-05-17,NO
4274,45816,101822,305.37,failed,online,2025-05-17,NO
273,7680,102034,1615.65,completed,online,2025-05-17,NO
4666,11844,106298,1690.19,failed,online,2025-05-17,NO
2437,36666,106616,845.5,failed,online,2025-05-17,NO
2994,5087,108609,554.83,completed,online,2025-05-17,NO
2659,18842,109336,216.18,completed,online,2025-05-17,NO
3175,16698,109647,1711.02,failed,online,2025-05-17,NO
1,10308,110035,734.56,completed,online,2025-05-17,NO
4718,33214,111786,1479.22,failed,online,2025-05-17,NO
815,4361,113128,1634.25,completed,online,2025-05-17,NO
4469,35903,118094,550.3,failed,online,2025-05-17,NO
2626,39929,119062,260.76,failed,online,2025-05-17,NO
3408,35905,119371,230.21,failed,online,2025-05-17,NO
1,41168,124933,1221.72,completed,online,2025-05-17,NO
1,33655,128741,992.62,failed,online,2025-05-17,NO
3812,41633,129227,406.73,completed,online,2025-05-17,NO
718,1329,131201,1702.33,completed,online,2025-05-17,NO
1373,45811,138441,609.56,completed,online,2025-05-17,NO
3177,31240,141689,1786.87,failed,online,2025-05-17,NO
4424,43000,141735,1123.24,failed,online,2025-05-17,NO
4050,41875,145636,1413.52,completed,online,2025-05-17,NO
2926,16421,146658,392.08,completed,online,2025-05-17,NO
2343,41285,147430,591.1,completed,online,2025-05-17,NO
697,4010,147440,775.39,failed,online,2025-05-17,NO
2339,15264,148395,760.22,failed,online,2025-05-17,NO
304,31949,148743,1998.74,completed,online,2025-05-17,NO
4029,28235,4785,1838.82,completed,online,2025-01-25,NO
1066,26463,8659,1818.01,completed,online,2025-01-25,NO
1,24310,9658,576.98,failed,online,2025-01-25,NO
2882,10908,10222,491.68,failed,online,2025-01-25,NO
1,23991,12547,1205.12,completed,online,2025-01-25,NO
795,31077,14432,984.2,failed,online,2025-01-25,NO
3093,3738,14744,1395.49,failed,online,2025-01-25,NO
1,47657,17501,333.7,failed,online,2025-01-25,NO
1,42200,18671,1425.26,completed,online,2025-01-25,NO
4969,47108,20837,1382.99,failed,online,2025-01-25,NO
292,19417,21215,813.57,completed,online,2025-01-25,NO
3265,49097,23852,38.09,failed,online,2025-01-25,NO
215,18280,24250,1848.53,failed,online,2025-01-25,NO
3094,8066,24687,422.15,completed,online,2025-01-25,NO
4201,37774,26336,252.5,completed,online,2025-01-25,NO
1,20629,29079,404.25,completed,online,2025-01-25,NO
1940,43463,33119,734.95,completed,online,2025-01-25,NO
1,38427,33623,243.69,failed,online,2025-01-25,NO
3335,27431,33924,965.13,completed,online,2025-01-25,NO
3007,32047,36548,6205.924760431971,failed,online,2025-01-25,NO
1,4511,36799,982.84,completed,online,2025-01-25,NO
3982,13025,38256,1294.69,completed,online,2025-01-25,NO
33,42541,38660,1737.12,failed,UNKNOWN,2025-01-25,NO
1,33738,39049,469.75,completed,online,2025-01-25,NO
4608,9508,39112,920.37,completed,UNKNOWN,2025-01-25,NO
3194,17966,41730,568.85,failed,online,2025-01-25,NO
1,30752,42124,1902.4,completed,online,2025-01-25,NO
2685,38544,44466,1512.95,completed,online,2025-01-25,NO
188,49578,44628,1499.76,completed,online,2025-01-25,NO
1,28245,45172,444.17,completed,online,2025-01-25,NO
1,14963,45918,879.59,completed,online,2025-01-25,NO
1551,10329,48992,660.94,failed,online,2025-01-25,NO
4153,8503,53277,1537.7,failed,online,2025-01-25,NO
970,5221,53635,176.45,completed,online,2025-01-25,NO
4384,5817,58567,691.96,completed,online,2025-01-25,NO
1610,31885,60759,1314.29,failed,online,2025-01-25,NO
1,1896,65619,273.8,completed,online,2025-01-25,NO
4445,28321,66013,326.63,completed,online,2025-01-25,NO
2704,20891,68222,858.87,failed,online,2025-01-25,NO
2572,27401,68993,1966.47,completed,online,2025-01-25,NO
1495,5302,70419,842.36,completed,online,2025-01-25,NO
1,33813,70548,1656.71,failed,online,2025-01-25,NO
494,16067,77916,609.96,failed,online,2025-01-25,NO
4840,41998,79927,1887.33,completed,online,2025-01-25,NO
404,37328,80720,1316.93,failed,online,2025-01-25,NO
1670,19193,81242,1226.67,failed,online,2025-01-25,NO
3422,2516,86428,1100.65,completed,online,2025-01-25,NO
1360,21646,86748,1286.51,completed,online,2025-01-25,NO
2336,680,88004,54.85,completed,online,2025-01-25,NO
2422,29876,89980,567.27,failed,online,2025-01-25,NO
4125,21074,91093,1270.39,completed,online,2025-01-25,NO
2665,17046,91527,1705.56,failed,online,2025-01-25,NO
3987,7182,92761,553.42,failed,online,2025-01-25,NO
383,11954,94969,861.28,failed,online,2025-01-25,NO
4460,44682,97157,1518.15,completed,online,2025-01-25,NO
358,17657,97940,858.85,failed,online,2025-01-25,NO
1,26745,101634,1761.67,failed,online,2025-01-25,NO
1,46986,101687,566.3,failed,online,2025-01-25,NO
1,11099,103929,694.02,failed,online,2025-01-25,NO
1695,45619,104162,1616.35,failed,online,2025-01-25,NO
3294,49063,105055,705.09,completed,online,2025-01-25,NO
4977,44209,105740,1754.59,completed,online,2025-01-25,NO
1715,19041,106894,734.65,completed,online,2025-01-25,NO
3079,34930,107968,823.85,failed,online,2025-01-25,NO
2706,6386,113917,1597.1,failed,online,2025-01-25,NO
3715,48615,114579,417.02,completed,online,2025-01-25,NO
2483,14753,114635,854.5,failed,online,2025-01-25,NO
1,38448,114648,282.65,failed,online,2025-01-25,NO
2636,28393,119935,1248.11,failed,online,2025-01-25,NO
4820,27330,120587,1516.63,completed,online,2025-01-25,NO
2577,999,122349,803.04,failed,online,2025-01-25,NO
1,4089,125255,201.03,completed,online,2025-01-25,NO
3562,2538,128840,898.9,failed,online,2025-01-25,NO
1,49125,129575,931.14,completed,online,2025-01-25,NO
1,5260,130438,1306.08,failed,online,2025-01-25,NO
4927,42504,131918,938.46,failed,online,2025-01-25,NO
197,42798,133238,1257.59,failed,online,2025-01-25,NO
4812,25540,134786,1047.98,completed,online,2025-01-25,NO
23,28903,136485,1758.62,failed,online,2025-01-25,NO
1,15999,138380,74.4,completed,online,2025-01-25,NO
1572,18931,138850,1472.4,failed,online,2025-01-25,NO
3107,24453,139406,1735.52,completed,online,2025-01-25,NO
1,1227,139783,612.8,completed,online,2025-01-25,NO
4894,47438,142972,275.57,completed,online,2025-01-25,NO
1,35255,143625,1034.22,completed,online,2025-01-25,NO
2530,17408,144599,577.94,completed,online,2025-01-25,NO
1657,31746,146818,1249.43,completed,online,2025-01-25,NO
2627,20495,148774,764.47,failed,online,2025-01-25,NO
