product_id,customer_id,transaction_id,amount,status,channel,transaction_date,fraud_flag
2151,48142,1254,399.48,failed,online,2025-03-25,NO
4700,33745,3202,401.5,failed,online,2025-03-25,NO
3230,390,4248,1040.54,failed,online,2025-03-25,NO
1047,49724,5032,530.54,failed,online,2025-03-25,NO
764,18879,5033,54.51,failed,online,2025-03-25,NO
1042,46277,7509,321.46,failed,online,2025-03-25,NO
3920,47387,10945,967.34,failed,online,2025-03-25,NO
1,22697,16364,1137.42,completed,online,2025-03-25,NO
1,3655,20322,1494.57,failed,online,2025-03-25,NO
1,13781,22426,237.81,completed,online,2025-03-25,NO
1404,26977,22893,601.13,completed,online,2025-03-25,NO
1534,16970,25121,9055.410986606297,completed,online,2025-03-25,NO
655,18079,28272,1653.11,failed,online,2025-03-25,NO
4755,14480,31776,1923.21,failed,online,2025-03-25,NO
1157,17146,32886,980.0,completed,online,2025-03-25,NO
1,14416,33270,1761.07,failed,online,2025-03-25,NO
499,21622,35168,1647.0,completed,online,2025-03-25,NO
805,24758,39570,1875.7,failed,online,2025-03-25,NO
1,7450,40135,758.42,completed,online,2025-03-25,NO
3327,16510,40291,1297.88,completed,online,2025-03-25,NO
1800,30773,40341,1565.98,failed,online,2025-03-25,NO
1416,23732,40728,1856.87,completed,online,2025-03-25,NO
3129,785,40897,1738.25,failed,online,2025-03-25,NO
3514,18384,43183,1263.86,failed,online,2025-03-25,NO
4323,13453,45020,126.62,failed,online,2025-03-25,NO
1317,29945,45241,536.89,completed,online,2025-03-25,NO
1,28473,45873,1094.64,completed,online,2025-03-25,NO
1,7702,46829,116.09,completed,online,2025-03-25,NO
2824,35510,47057,140.76,failed,online,2025-03-25,NO
554,8237,48693,1544.87,completed,online,2025-03-25,NO
1416,45705,49716,808.49,completed,online,2025-03-25,NO
1,38128,49785,639.72,completed,online,2025-03-25,NO
1,33769,51786,94.25,failed,online,2025-03-25,NO
612,8629,52168,935.1,completed,online,2025-03-25,NO
4436,47943,52990,926.89,completed,online,2025-03-25,NO
524,49396,54248,21.19,completed,online,2025-03-25,NO
1992,1856,54930,433.1,failed,online,2025-03-25,NO
588,49926,55397,334.61,failed,UNKNOWN,2025-03-25,NO
1,31958,57140,164.94,failed,online,2025-03-25,NO
4715,46358,58081,868.16,failed,online,2025-03-25,NO
208,36105,69801,1329.8,completed,online,2025-03-25,NO
1,2037,70364,1981.55,completed,online,2025-03-25,NO
4292,34925,71820,1552.68,completed,online,2025-03-25,NO
2239,20485,72850,319.39,completed,online,2025-03-25,NO
3820,37146,73070,652.82,failed,online,2025-03-25,NO
1,24309,74957,1578.01,failed,online,2025-03-25,NO
1,11859,76536,793.52,failed,online,2025-03-25,NO
1583,17333,77595,1636.97,failed,online,2025-03-25,NO
4322,47145,82848,1897.61,failed,online,2025-03-25,NO
684,10391,83138,538.74,failed,online,2025-03-25,NO
375,39855,83831,287.37,failed,online,2025-03-25,NO
3356,16733,88233,837.28,failed,online,2025-03-25,NO
594,36255,88560,1923.8,failed,online,2025-03-25,NO
1,13271,92198,1011.65,completed,online,2025-03-25,NO
1,16896,92424,1762.74,failed,online,2025-03-25,NO
253,28244,94998,1510.44,failed,online,2025-03-25,NO
3781,38202,95440,783.25,failed,online,2025-03-25,NO
3751,4435,96688,1323.05,failed,online,2025-03-25,NO
4357,8837,99200,567.02,failed,online,2025-03-25,NO
875,2576,99992,1984.97,completed,online,2025-03-25,NO
1604,3503,100273,44.8,failed,online,2025-03-25,NO
1821,29618,100710,1071.54,failed,online,2025-03-25,NO
1140,23685,101762,1796.16,failed,online,2025-03-25,NO
423,45533,104678,1978.32,failed,online,2025-03-25,NO
2314,8145,107492,164.38,failed,online,2025-03-25,NO
4001,43683,108543,1952.04,failed,online,2025-03-25,NO
1,26808,109617,1126.97,failed,online,2025-03-25,NO
2239,13394,109826,1088.92,completed,online,2025-03-25,NO
127,15557,110775,904.13,completed,online,2025-03-25,NO
3955,32540,111496,743.12,failed,online,2025-03-25,NO
4813,965,111792,151.58,completed,online,2025-03-25,NO
1,3048,114130,1385.18,failed,online,2025-03-25,NO
879,46848,114637,1542.48,completed,online,2025-03-25,NO
1,19169,115163,1430.92,failed,online,2025-03-25,NO
1,5498,116722,690.6,failed,online,2025-03-25,NO
2590,7060,117935,315.01,completed,online,2025-03-25,NO
1,6080,118297,240.68,completed,online,2025-03-25,NO
3667,1409,120283,1699.03,failed,online,2025-03-25,NO
2642,29608,128881,1971.17,completed,online,2025-03-25,NO
2197,43774,131412,461.31,completed,online,2025-03-25,NO
1,26988,133308,308.61,completed,UNKNOWN,2025-03-25,NO
4563,31515,136071,965.4,failed,online,2025-03-25,NO
4736,1016,137050,1482.11,failed,online,2025-03-25,NO
1,31972,143983,1442.34,failed,online,2025-03-25,NO
4785,10754,144725,1070.51,failed,online,2025-03-25,NO
1,8791,145528,1680.84,failed,online,2025-03-25,NO
2975,38266,149203,1977.88,completed,online,2025-03-25,NO
1069,28368,149821,1764.84,completed,online,2025-03-25,NO
1790,33408,669,1707.69,failed,online,2025-09-24,NO
4485,1565,2271,722.13,failed,online,2025-09-24,NO
4174,31100,3717,256.91,completed,online,2025-09-24,NO
683,5027,5778,790.88,failed,online,2025-09-24,NO
2314,4619,7380,853.14,completed,online,2025-09-24,NO
687,27732,8713,1323.57,completed,online,2025-09-24,NO
1703,25066,13204,1925.12,failed,online,2025-09-24,NO
628,4329,14146,393.41,completed,online,2025-09-24,NO
2289,47632,23329,1145.62,completed,online,2025-09-24,NO
3344,23584,25110,1814.5,failed,online,2025-09-24,NO
1188,25095,25132,961.46,completed,online,2025-09-24,NO
1880,6481,25485,608.61,completed,online,2025-09-24,NO
204,10527,28197,1174.6,completed,online,2025-09-24,NO
1,4973,29481,505.63,failed,online,2025-09-24,NO
1,2946,29850,1991.39,completed,online,2025-09-24,NO
1,11206,30409,453.45,completed,online,2025-09-24,NO
3127,2512,32130,1321.74,failed,online,2025-09-24,NO
1,5252,34377,740.24,completed,online,2025-09-24,NO
1,25380,35810,1371.8,failed,online,2025-09-24,NO
1,28746,39914,1715.7,failed,online,2025-09-24,NO
2801,38080,40309,952.04,failed,online,2025-09-24,NO
2214,6466,42945,1785.69,failed,online,2025-09-24,NO
4954,880,43225,1290.51,completed,online,2025-09-24,NO
4662,39795,43273,1699.85,completed,online,2025-09-24,NO
1,16615,44799,520.86,failed,online,2025-09-24,NO
2087,16542,47567,1251.5,completed,online,2025-09-24,NO
4418,1028,48410,1376.14,completed,online,2025-09-24,NO
2004,2841,48469,1950.8,failed,online,2025-09-24,NO
4202,49657,49423,850.41,failed,online,2025-09-24,NO
3262,41083,51293,1474.99,failed,online,2025-09-24,NO
3854,41706,52826,1304.4,failed,online,2025-09-24,NO
1,24469,55801,805.49,completed,online,2025-09-24,NO
1924,29042,56760,98.17,completed,online,2025-09-24,NO
1,42479,59763,680.54,failed,online,2025-09-24,NO
497,10924,64996,11.62,completed,online,2025-09-24,NO
1,17538,65545,28.1,failed,online,2025-09-24,NO
3704,38025,67115,563.21,failed,online,2025-09-24,NO
3827,41209,69610,483.37,failed,online,2025-09-24,NO
2024,16809,69705,1871.44,failed,online,2025-09-24,NO
334,25873,71358,462.1,failed,online,2025-09-24,NO
1,13889,72315,247.23,failed,online,2025-09-24,NO
1,42254,74293,1257.67,completed,online,2025-09-24,NO
2042,3955,76032,1431.5,failed,online,2025-09-24,NO
760,42333,78178,8203.051555233471,completed,online,2025-09-24,NO
2495,3142,78371,481.5,failed,online,2025-09-24,NO
687,12101,79031,287.81,completed,online,2025-09-24,NO
718,39651,79180,1147.12,completed,online,2025-09-24,NO
2828,15631,80416,1438.47,completed,online,2025-09-24,NO
1889,48957,81520,1461.76,failed,online,2025-09-24,NO
777,29482,82247,255.1,completed,online,2025-09-24,NO
4130,36789,82261,824.64,failed,online,2025-09-24,NO
1,24520,85679,467.33,completed,online,2025-09-24,NO
1833,36471,88610,1770.6,completed,online,2025-09-24,NO
2607,10957,89933,674.49,failed,online,2025-09-24,NO
1,47301,91838,400.23,completed,online,2025-09-24,NO
1426,13111,94170,520.17,failed,online,2025-09-24,NO
4682,20693,95975,1377.76,completed,online,2025-09-24,NO
1998,42695,97510,979.9,failed,online,2025-09-24,NO
4431,40050,98093,864.15,failed,online,2025-09-24,NO
4341,37630,98823,1708.53,failed,online,2025-09-24,NO
1,20124,99764,585.84,failed,online,2025-09-24,NO
4117,34607,99814,301.07,failed,online,2025-09-24,NO
2224,38342,100568,825.54,completed,online,2025-09-24,NO
3352,22485,102600,219.43,completed,online,2025-09-24,NO
1631,10427,103087,742.56,failed,online,2025-09-24,NO
217,24944,105714,581.21,failed,online,2025-09-24,NO
4471,49437,110193,1862.45,failed,online,2025-09-24,NO
298,11033,111432,1198.79,completed,online,2025-09-24,NO
1,187,111795,50.33,completed,online,2025-09-24,NO
1,39267,113950,246.27,completed,online,2025-09-24,NO
4030,48526,120105,725.7,failed,online,2025-09-24,NO
649,23782,121063,1257.38,failed,online,2025-09-24,NO
4494,10632,125572,1588.03,failed,online,2025-09-24,NO
1,32310,128058,1200.44,failed,online,2025-09-24,NO
1,1956,128494,300.17,completed,online,2025-09-24,NO
1,38252,130983,428.15,completed,online,2025-09-24,NO
244,16148,132949,1734.55,failed,online,2025-09-24,NO
3572,5315,133766,564.45,failed,online,2025-09-24,NO
3981,26952,134326,1925.92,failed,online,2025-09-24,NO
571,30209,135634,303.14,completed,online,2025-09-24,NO
1,39095,141127,611.95,failed,online,2025-09-24,NO
1559,38058,141171,1810.66,completed,online,2025-09-24,NO
2525,1293,141802,1080.67,failed,online,2025-09-24,NO
3613,25092,142198,757.6,completed,online,2025-09-24,NO
314,6078,143203,1966.63,completed,online,2025-09-24,NO
1798,32007,145874,236.7,failed,online,2025-09-24,NO
1,38192,149108,181.51,failed,online,2025-09-24,NO
2539,6033,149656,249.19,failed,online,2025-09-24,NO
602,49636,690,235.95,completed,online,2025-10-05,NO
4064,37878,1090,374.68,completed,online,2025-10-05,NO
4289,21367,1309,280.11,failed,online,2025-10-05,NO
3527,5629,4380,563.29,failed,online,2025-10-05,NO
427,22799,5685,774.46,completed,online,2025-10-05,NO
2429,5810,6169,1286.61,failed,online,2025-10-05,NO
4369,36871,8871,5625.2752870788945,completed,online,2025-10-05,NO
497,542,9851,30.1,completed,online,2025-10-05,NO
449,5658,11768,125.35,failed,online,2025-10-05,NO
1588,1688,12233,1169.57,failed,online,2025-10-05,NO
1795,26311,12619,1235.73,failed,online,2025-10-05,NO
320,18767,15279,1125.36,failed,online,2025-10-05,NO
2842,46254,17321,1883.51,completed,online,2025-10-05,NO
1580,49565,21460,563.48,failed,online,2025-10-05,NO
1512,17208,22612,1907.32,failed,online,2025-10-05,NO
1630,20430,28081,1228.55,completed,online,2025-10-05,NO
3866,1168,29346,1271.63,failed,online,2025-10-05,NO
1840,5588,29640,1402.26,completed,online,2025-10-05,NO
2089,786,31464,525.95,completed,online,2025-10-05,NO
2714,4538,32676,1853.09,completed,online,2025-10-05,NO
1,5518,32944,1270.47,failed,online,2025-10-05,NO
2389,16494,35695,492.71,failed,online,2025-10-05,NO
1379,33865,36710,1341.33,completed,online,2025-10-05,NO
4005,12253,39554,1552.06,completed,online,2025-10-05,NO
4247,22046,39730,1625.98,failed,online,2025-10-05,NO
4598,21952,40307,11.42,failed,online,2025-10-05,NO
4713,8619,42649,652.11,completed,online,2025-10-05,NO
3695,41617,53997,1091.3,failed,online,2025-10-05,NO
3337,9435,54105,1842.76,failed,online,2025-10-05,NO
1764,32244,55175,784.8,completed,online,2025-10-05,NO
1,24817,56292,96.01,completed,online,2025-10-05,NO
2597,3483,58379,793.52,failed,online,2025-10-05,NO
15,41380,60318,1933.04,failed,online,2025-10-05,NO
683,20391,62635,374.25,failed,online,2025-10-05,NO
3758,40646,62717,349.81,completed,online,2025-10-05,NO
1628,12066,62869,1697.83,completed,online,2025-10-05,NO
1,49386,66366,1451.3,completed,online,2025-10-05,NO
1,44231,67398,1049.01,completed,online,2025-10-05,NO
1,9617,69740,1107.67,completed,online,2025-10-05,NO
3072,32028,70159,516.26,failed,online,2025-10-05,NO
192,5923,71782,344.75,failed,online,2025-10-05,NO
1,17588,75104,1531.31,failed,online,2025-10-05,NO
1,18820,75441,1480.26,completed,UNKNOWN,2025-10-05,NO
2746,5506,77478,1829.64,completed,online,2025-10-05,NO
3147,28157,78001,859.04,failed,online,2025-10-05,NO
1072,49480,78505,1974.37,completed,online,2025-10-05,NO
2269,27989,79044,1088.11,failed,online,2025-10-05,NO
4193,1734,80269,1048.39,failed,online,2025-10-05,NO
4604,20585,80740,681.43,completed,online,2025-10-05,NO
2089,43678,82172,50.25,failed,online,2025-10-05,NO
4258,26158,82908,665.7,failed,online,2025-10-05,NO
1,5402,83403,1035.42,completed,online,2025-10-05,NO
3051,28323,83616,918.15,failed,online,2025-10-05,NO
1352,44758,84089,1233.15,failed,online,2025-10-05,NO
4386,19488,86456,922.48,failed,online,2025-10-05,NO
4399,15047,87943,1654.72,completed,online,2025-10-05,NO
1,20116,88562,172.97,failed,online,2025-10-05,NO
909,9590,89512,826.19,completed,online,2025-10-05,NO
4078,40963,90032,1909.3,failed,online,2025-10-05,NO
183,46292,92955,1722.68,completed,online,2025-10-05,NO
448,31043,93050,1553.17,failed,online,2025-10-05,NO
4891,37257,93684,885.73,failed,online,2025-10-05,NO
4459,23460,94740,1459.56,completed,online,2025-10-05,NO
4982,41559,95742,1099.22,completed,online,2025-10-05,NO
807,42458,97681,1818.72,completed,online,2025-10-05,NO
1,3669,100428,214.9,failed,online,2025-10-05,NO
3463,48891,100975,1719.63,completed,online,2025-10-05,NO
492,44717,101850,1379.33,failed,online,2025-10-05,NO
3412,15155,106354,1749.82,failed,online,2025-10-05,NO
2481,30996,109604,1492.63,failed,online,2025-10-05,NO
3221,1,111586,369.62,failed,online,2025-10-05,NO
2438,29904,112328,137.53,failed,online,2025-10-05,NO
1924,41562,112861,1940.04,completed,online,2025-10-05,NO
423,29903,124664,1330.04,failed,online,2025-10-05,NO
1,28078,129221,1319.63,completed,online,2025-10-05,NO
181,31946,129864,1145.72,completed,online,2025-10-05,NO
546,16539,130036,1381.9,failed,online,2025-10-05,NO
1,5281,131440,1949.48,failed,online,2025-10-05,NO
2941,33150,132997,434.54,completed,online,2025-10-05,NO
4570,30245,133775,1027.73,completed,online,2025-10-05,NO
1,35774,135552,1676.64,completed,online,2025-10-05,NO
2001,40835,137937,306.77,failed,online,2025-10-05,NO
2377,154,138576,1673.49,completed,online,2025-10-05,NO
2403,46354,141267,918.83,failed,online,2025-10-05,NO
3531,6084,141598,1871.25,failed,online,2025-10-05,NO
4407,14376,142837,374.28,completed,online,2025-10-05,NO
253,44054,146198,1141.2,failed,online,2025-10-05,NO
4225,8443,1896,1694.8,completed,online,2025-02-24,NO
1854,6485,6880,159.54,failed,online,2025-02-24,NO
454,31154,7488,1001.84,completed,online,2025-02-24,NO
1077,11710,7613,524.47,completed,online,2025-02-24,NO
3244,43315,7647,412.59,failed,online,2025-02-24,NO
4211,21334,8809,1553.43,failed,online,2025-02-24,NO
2918,34038,9562,1930.44,completed,online,2025-02-24,NO
4125,42716,10143,340.42,failed,online,2025-02-24,NO
1,27779,11520,1755.96,failed,online,2025-02-24,NO
4813,33928,11745,1250.87,completed,online,2025-02-24,NO
1854,14387,14812,951.56,completed,online,2025-02-24,NO
2647,22126,14852,44.82,completed,online,2025-02-24,NO
1,48958,17868,855.8,completed,online,2025-02-24,NO
3867,16962,17918,364.74,completed,online,2025-02-24,NO
4090,31521,20163,442.05,completed,online,2025-02-24,NO
2905,49265,20596,343.35,completed,online,2025-02-24,NO
1,14009,21429,843.97,failed,online,2025-02-24,NO
1264,28703,26767,1460.39,failed,online,2025-02-24,NO
977,16976,29853,420.23,failed,online,2025-02-24,NO
1213,4353,31288,525.42,completed,online,2025-02-24,NO
2630,32473,33129,320.01,failed,online,2025-02-24,NO
542,13045,35341,358.23,failed,online,2025-02-24,NO
4497,14740,42197,562.07,completed,online,2025-02-24,NO
4143,4911,43454,729.71,failed,online,2025-02-24,NO
671,21073,48401,1979.85,failed,online,2025-02-24,NO
3775,27823,49100,616.73,failed,online,2025-02-24,NO
3460,30286,49521,494.9,completed,online,2025-02-24,NO
4529,9351,49531,635.65,failed,online,2025-02-24,NO
3922,13122,50954,242.16,completed,online,2025-02-24,NO
1,1033,51159,963.23,completed,online,2025-02-24,NO
4027,12590,52246,1573.51,failed,online,2025-02-24,NO
1,11544,52804,531.2,completed,online,2025-02-24,NO
3964,41191,54211,1304.72,failed,online,2025-02-24,NO
4225,49726,55279,974.96,completed,online,2025-02-24,NO
1,16090,58328,1867.76,failed,online,2025-02-24,NO
3373,16759,59457,1551.59,completed,online,2025-02-24,NO
904,48127,59606,1821.91,failed,online,2025-02-24,NO
73,49959,65354,1211.77,failed,online,2025-02-24,NO
4047,27288,66611,560.11,completed,online,2025-02-24,NO
2782,22829,67006,277.01,completed,online,2025-02-24,NO
2414,19226,67628,572.87,failed,online,2025-02-24,NO
1,36833,67892,636.52,failed,online,2025-02-24,NO
260,13329,70271,1692.53,failed,online,2025-02-24,NO
2361,22628,71571,1174.12,completed,online,2025-02-24,NO
622,44525,73377,1599.87,failed,online,2025-02-24,NO
639,37977,78269,115.12,completed,online,2025-02-24,NO
1,25701,78616,1081.81,failed,online,2025-02-24,NO
533,21939,78764,1094.66,completed,online,2025-02-24,NO
1828,22064,82599,1072.26,failed,online,2025-02-24,NO
1674,39791,85303,726.42,failed,online,2025-02-24,NO
2179,22462,88014,1958.84,failed,online,2025-02-24,NO
1,10507,90524,703.06,failed,online,2025-02-24,NO
3708,48596,91991,1179.19,failed,online,2025-02-24,NO
3468,42126,92485,1136.84,completed,online,2025-02-24,NO
3541,26529,92662,5153.516877023389,failed,online,2025-02-24,NO
1200,34540,95284,1635.65,completed,online,2025-02-24,NO
1,44545,96322,1018.76,completed,online,2025-02-24,NO
1,3767,96419,320.32,completed,online,2025-02-24,NO
4861,49148,99092,1035.66,failed,online,2025-02-24,NO
4312,31410,101597,1244.86,failed,online,2025-02-24,NO
1,47031,102123,96.19,failed,online,2025-02-24,NO
1679,17893,104576,1295.43,completed,online,2025-02-24,NO
732,48430,104610,258.66,failed,online,2025-02-24,NO
1,11693,104652,364.9,failed,online,2025-02-24,NO
2242,27319,105142,1552.98,completed,online,2025-02-24,NO
1,17441,109585,1434.67,failed,online,2025-02-24,NO
4234,792,110823,1612.52,completed,online,2025-02-24,NO
2308,30467,112180,309.63,failed,online,2025-02-24,NO
4792,37189,112611,1158.73,completed,online,2025-02-24,NO
2096,13038,113056,1314.71,completed,online,2025-02-24,NO
4454,1930,116079,1746.1,failed,online,2025-02-24,NO
449,41941,117885,84.78,completed,online,2025-02-24,NO
4476,16081,118235,771.65,completed,UNKNOWN,2025-02-24,NO
1,12296,118768,573.91,failed,online,2025-02-24,NO
1,18242,122061,1720.17,failed,online,2025-02-24,NO
1,8965,130360,1404.1,completed,online,2025-02-24,NO
1659,40035,130364,1067.02,failed,online,2025-02-24,NO
4626,31855,130578,694.14,completed,online,2025-02-24,NO
4441,42517,130813,1526.46,failed,online,2025-02-24,NO
3119,41264,133082,1960.44,failed,online,2025-02-24,NO
2204,36171,133727,546.48,completed,online,2025-02-24,NO
588,10597,135709,400.62,failed,online,2025-02-24,NO
43,24677,136226,1857.95,failed,online,2025-02-24,NO
3228,27756,141329,1251.71,failed,online,2025-02-24,NO
2002,10041,143432,648.81,failed,online,2025-02-24,NO
1,43798,144488,239.98,failed,online,2025-02-24,NO
1930,24561,148062,938.68,failed,online,2025-02-24,NO
1050,27547,1421,171.43,completed,online,2025-08-09,NO
1,20655,3882,291.55,completed,online,2025-08-09,NO
1160,49843,5484,875.34,completed,online,2025-08-09,NO
1294,8882,7511,1518.84,completed,online,2025-08-09,NO
4712,38053,8875,5002.371123718594,completed,online,2025-08-09,NO
1,38600,10820,616.16,completed,online,2025-08-09,NO
4477,9232,11386,140.47,completed,online,2025-08-09,NO
1509,6556,12497,396.56,failed,online,2025-08-09,NO
2781,29380,14078,131.25,failed,online,2025-08-09,NO
4250,30675,16035,368.45,failed,online,2025-08-09,NO
2162,36848,19104,1227.88,failed,online,2025-08-09,NO
1717,2592,21445,216.02,failed,online,2025-08-09,NO
2616,40964,21533,27.29,completed,online,2025-08-09,NO
1,19366,21619,1024.48,failed,online,2025-08-09,NO
4391,2435,21940,1810.45,failed,online,2025-08-09,NO
1413,11516,23486,1076.05,completed,online,2025-08-09,NO
1187,37310,23492,440.15,completed,online,2025-08-09,NO
1663,37807,23622,1648.22,failed,online,2025-08-09,NO
1,29260,26055,1341.11,completed,online,2025-08-09,NO
3229,2676,26890,1513.29,failed,online,2025-08-09,NO
2829,13048,28992,1130.89,completed,online,2025-08-09,NO
4808,31665,29687,198.54,failed,online,2025-08-09,NO
4136,9350,29749,136.83,completed,online,2025-08-09,NO
4156,44061,33305,1487.43,failed,online,2025-08-09,NO
1662,15181,34532,1705.93,failed,online,2025-08-09,NO
654,14676,35880,7591.112740832779,completed,online,2025-08-09,NO
65,35630,37665,440.39,failed,online,2025-08-09,NO
2610,27045,39047,1301.75,completed,online,2025-08-09,NO
38,30435,42313,954.21,completed,online,2025-08-09,NO
2620,30894,43030,1641.07,failed,online,2025-08-09,NO
1,31665,44147,1577.74,failed,online,2025-08-09,NO
3844,25691,44572,433.03,completed,online,2025-08-09,NO
125,30990,46001,327.77,failed,online,2025-08-09,NO
1280,7954,47223,1987.78,completed,online,2025-08-09,NO
1,23568,48860,1170.7,failed,online,2025-08-09,NO
3538,35226,50707,525.5,failed,online,2025-08-09,NO
1,48748,50856,1047.9,completed,online,2025-08-09,NO
2997,1923,53073,1520.78,failed,online,2025-08-09,NO
292,22944,54303,496.24,completed,online,2025-08-09,NO
2783,1744,59380,16.83,completed,online,2025-08-09,NO
1,38829,59677,1883.42,failed,online,2025-08-09,NO
1406,13668,60956,1387.26,completed,online,2025-08-09,NO
521,29839,61106,300.49,failed,online,2025-08-09,NO
703,49916,64381,901.79,failed,online,2025-08-09,NO
2384,40524,68746,957.11,failed,online,2025-08-09,NO
1,6186,70000,1856.56,completed,online,2025-08-09,NO
183,34492,73240,563.92,failed,online,2025-08-09,NO
3153,34454,73688,818.3,completed,online,2025-08-09,NO
1,24837,76453,1822.86,failed,online,2025-08-09,NO
3087,34849,78081,1206.55,completed,online,2025-08-09,NO
1,48507,80449,296.41,failed,online,2025-08-09,NO
1,14898,81390,670.44,failed,online,2025-08-09,NO
538,30840,84406,1622.84,failed,online,2025-08-09,NO
3969,27547,86311,1876.85,failed,online,2025-08-09,NO
4579,28962,86506,25.51,completed,online,2025-08-09,NO
1,46462,89657,918.82,failed,online,2025-08-09,NO
1430,43156,89757,1186.72,failed,online,2025-08-09,NO
1894,37142,90845,1117.53,failed,online,2025-08-09,NO
3204,8906,91705,923.59,completed,online,2025-08-09,NO
2707,15872,96253,1394.08,completed,online,2025-08-09,NO
1279,2758,97531,442.73,failed,online,2025-08-09,NO
860,1865,103801,856.08,completed,online,2025-08-09,NO
1175,15087,107622,1047.41,failed,online,2025-08-09,NO
1,49279,108487,653.52,failed,online,2025-08-09,NO
1,36978,111723,920.15,completed,online,2025-08-09,NO
4739,10036,113270,1726.52,completed,online,2025-08-09,NO
983,42613,113951,1561.2,completed,online,2025-08-09,NO
1,9574,114501,591.66,failed,online,2025-08-09,NO
2269,12129,114974,78.85,completed,online,2025-08-09,NO
3845,41602,120240,657.23,failed,online,2025-08-09,NO
2543,42848,121731,132.54,completed,online,2025-08-09,NO
2862,16044,122458,1537.49,failed,online,2025-08-09,NO
2687,42404,124571,540.97,failed,online,2025-08-09,NO
3006,46929,127083,1524.86,failed,online,2025-08-09,NO
3206,27895,128216,1809.35,failed,online,2025-08-09,NO
4494,15814,130070,464.8,failed,online,2025-08-09,NO
1664,30807,131150,1231.99,completed,UNKNOWN,2025-08-09,NO
214,23938,131434,342.76,failed,online,2025-08-09,NO
1,4526,132263,617.72,completed,online,2025-08-09,NO
1,1728,132477,802.43,completed,online,2025-08-09,NO
1901,15531,132962,191.27,completed,online,2025-08-09,NO
2586,49315,134244,152.78,failed,online,2025-08-09,NO
118,6935,139313,1090.6,failed,online,2025-08-09,NO
1,30624,140205,1327.38,completed,online,2025-08-09,NO
1,49230,146794,193.4,failed,online,2025-08-09,NO
3721,16439,148870,461.53,completed,online,2025-08-09,NO
2306,22277,148990,1661.9,failed,online,2025-08-09,NO
1195,35912,1879,492.08,completed,online,2025-04-21,NO
1932,23685,3949,1513.13,completed,online,2025-04-21,NO
250,39862,5399,22.73,failed,online,2025-04-21,NO
2271,20126,6477,1098.83,completed,online,2025-04-21,NO
3717,21718,9897,634.02,failed,online,2025-04-21,NO
4051,41381,10547,1968.15,completed,online,2025-04-21,NO
4933,11221,12584,222.14,completed,online,2025-04-21,NO
179,46269,12635,285.99,failed,online,2025-04-21,NO
31,49561,13893,1469.82,failed,online,2025-04-21,NO
4673,29750,16021,1314.12,failed,online,2025-04-21,NO
4433,13122,16181,127.56,failed,online,2025-04-21,NO
3567,41917,20668,131.25,failed,online,2025-04-21,NO
4181,41908,20908,824.66,failed,online,2025-04-21,NO
4315,28451,21867,1458.43,failed,online,2025-04-21,NO
2679,5696,22957,1452.29,completed,online,2025-04-21,NO
2253,49964,24590,788.15,failed,online,2025-04-21,NO
4213,37489,26534,204.1,completed,online,2025-04-21,NO
4400,38355,26655,1711.12,failed,online,2025-04-21,NO
3262,588,28052,1945.18,failed,online,2025-04-21,NO
1482,40229,28435,198.97,failed,online,2025-04-21,NO
27,21276,30179,722.66,failed,online,2025-04-21,NO
1,28675,31361,478.65,failed,online,2025-04-21,NO
1880,35038,31729,593.84,failed,online,2025-04-21,NO
1650,39686,32391,1455.17,failed,online,2025-04-21,NO
712,22749,32544,1525.79,failed,online,2025-04-21,NO
3358,556,34950,481.09,completed,online,2025-04-21,NO
1,39212,36290,476.39,completed,online,2025-04-21,NO
4749,17789,37815,1843.86,failed,online,2025-04-21,NO
1,48648,40465,1065.93,failed,online,2025-04-21,NO
2045,34303,40572,1624.4,failed,online,2025-04-21,NO
3900,19343,44060,1490.92,failed,online,2025-04-21,NO
2421,35020,45787,163.66,failed,online,2025-04-21,NO
3164,10169,49312,419.58,completed,online,2025-04-21,NO
1,10275,49348,192.08,failed,online,2025-04-21,NO
1850,21089,49988,158.5,completed,online,2025-04-21,NO
740,8894,50239,672.12,failed,online,2025-04-21,NO
2755,16010,54478,738.07,failed,UNKNOWN,2025-04-21,NO
2377,44718,55494,789.9,failed,online,2025-04-21,NO
4829,16489,57414,1820.65,completed,online,2025-04-21,NO
4701,43690,57800,1441.44,failed,online,2025-04-21,NO
344,32275,60266,26.07,failed,online,2025-04-21,NO
3545,44660,60838,785.59,failed,online,2025-04-21,NO
2605,48619,65211,760.39,completed,online,2025-04-21,NO
1572,44420,66303,1196.07,failed,online,2025-04-21,NO
2098,20610,69904,1729.89,completed,online,2025-04-21,NO
2345,40052,70201,1265.91,failed,online,2025-04-21,NO
256,40186,70631,1219.14,completed,online,2025-04-21,NO
4224,28563,71791,1464.63,failed,online,2025-04-21,NO
1191,49367,76731,675.88,failed,online,2025-04-21,NO
3761,28186,81222,1344.15,completed,online,2025-04-21,NO
1715,8390,83041,1713.9,completed,online,2025-04-21,NO
2513,41106,83204,1344.41,failed,online,2025-04-21,NO
2360,1427,84940,1592.18,completed,online,2025-04-21,NO
3801,41874,85476,1697.0,completed,online,2025-04-21,NO
1027,39686,86466,1658.26,failed,online,2025-04-21,NO
4446,40835,89205,653.84,failed,UNKNOWN,2025-04-21,NO
1,19266,91374,1062.63,completed,UNKNOWN,2025-04-21,NO
2663,33693,91891,1455.22,completed,online,2025-04-21,NO
3617,48090,92359,680.51,failed,UNKNOWN,2025-04-21,NO
1815,28526,94497,961.77,failed,UNKNOWN,2025-04-21,NO
4973,45284,97165,1330.56,completed,online,2025-04-21,NO
765,6603,97854,557.56,failed,online,2025-04-21,NO
1,6984,99628,517.45,failed,online,2025-04-21,NO
1,18726,99879,1797.76,failed,online,2025-04-21,NO
2085,5506,101228,1175.36,failed,online,2025-04-21,NO
1,30206,106075,896.01,failed,online,2025-04-21,NO
4182,44872,108957,268.76,completed,online,2025-04-21,NO
696,20703,111784,38.09,failed,online,2025-04-21,NO
2028,45903,112589,1514.14,failed,online,2025-04-21,NO
4094,17062,114804,1914.57,completed,online,2025-04-21,NO
1265,37006,114856,1030.49,completed,online,2025-04-21,NO
4933,19893,116430,519.36,completed,online,2025-04-21,NO
3540,34947,118250,1771.41,completed,online,2025-04-21,NO
4184,675,118669,1694.54,failed,online,2025-04-21,NO
1,48952,119691,1747.6,completed,online,2025-04-21,NO
2236,18211,124459,767.86,failed,online,2025-04-21,NO
3293,42553,125331,793.37,completed,online,2025-04-21,NO
3691,45093,125753,1720.54,completed,online,2025-04-21,NO
1,44729,126108,1393.24,completed,online,2025-04-21,NO
1129,28832,131406,614.47,completed,online,2025-04-21,NO
1334,4842,134566,147.22,failed,online,2025-04-21,NO
1,38922,137461,1149.38,failed,online,2025-04-21,NO
3547,17640,138362,1738.62,failed,online,2025-04-21,NO
1,26221,138461,1123.54,failed,online,2025-04-21,NO
813,15872,139658,1477.91,completed,online,2025-04-21,NO
2925,32964,141178,474.28,completed,online,2025-04-21,NO
609,24052,141755,85.51,failed,online,2025-04-21,NO
1804,37693,1368,1847.31,completed,online,2025-12-13,NO
2941,45217,3153,666.05,completed,online,2025-12-13,NO
4313,34136,7069,1506.61,completed,online,2025-12-13,NO
3224,19509,8307,917.68,completed,online,2025-12-13,NO
3042,10647,8634,1861.62,failed,online,2025-12-13,NO
585,2504,10296,1576.88,completed,online,2025-12-13,NO
4364,15763,12829,383.82,completed,online,2025-12-13,NO
3385,37054,14176,483.2,failed,online,2025-12-13,NO
2402,24162,14718,1998.67,failed,online,2025-12-13,NO
4756,29022,16614,1208.3,failed,online,2025-12-13,NO
3014,13538,21574,239.38,completed,online,2025-12-13,NO
3870,10792,27517,672.55,completed,online,2025-12-13,NO
1,38673,31547,1008.64,completed,online,2025-12-13,NO
1,352,32798,1396.68,failed,online,2025-12-13,NO
2178,14896,34173,1330.06,failed,online,2025-12-13,NO
4116,37590,35673,1650.62,completed,online,2025-12-13,NO
2072,33238,37235,1811.54,failed,online,2025-12-13,NO
1,48791,37535,1674.11,completed,online,2025-12-13,NO
1,44791,37762,1507.44,failed,online,2025-12-13,NO
882,24658,37842,1187.14,completed,online,2025-12-13,NO
111,27947,38791,279.1,failed,online,2025-12-13,NO
4286,7134,39294,696.55,failed,online,2025-12-13,NO
535,28531,39853,369.08,completed,online,2025-12-13,NO
1139,20098,41258,1365.72,failed,online,2025-12-13,NO
4488,29550,44317,710.68,failed,online,2025-12-13,NO
2893,39770,45766,234.11,completed,online,2025-12-13,NO
1707,35261,48179,292.47,completed,online,2025-12-13,NO
3867,47292,49620,163.25,failed,online,2025-12-13,NO
3338,22689,49967,990.5,failed,online,2025-12-13,NO
1,36154,52360,1757.13,failed,online,2025-12-13,NO
293,12400,52413,373.07,completed,online,2025-12-13,NO
1,41401,53135,1503.58,completed,UNKNOWN,2025-12-13,NO
4808,3434,55302,1458.64,failed,online,2025-12-13,NO
1,13741,58035,1498.35,failed,online,2025-12-13,NO
2902,26426,59467,1246.21,failed,online,2025-12-13,NO
3973,26181,59848,852.68,completed,online,2025-12-13,NO
2704,41916,61407,524.11,failed,online,2025-12-13,NO
2939,20315,61712,1821.64,failed,online,2025-12-13,NO
660,49255,67055,1866.77,failed,online,2025-12-13,NO
951,39149,68564,19.53,completed,online,2025-12-13,NO
1276,42883,74279,1946.59,failed,online,2025-12-13,NO
693,40954,74619,980.13,completed,online,2025-12-13,NO
4328,33548,76048,636.39,completed,online,2025-12-13,NO
3403,42574,77664,488.94,failed,online,2025-12-13,NO
3546,11108,77751,858.56,completed,online,2025-12-13,NO
4831,17678,77936,1344.41,completed,online,2025-12-13,NO
401,27629,78592,1108.02,failed,online,2025-12-13,NO
2851,6386,78822,1846.78,completed,online,2025-12-13,NO
1,13629,81141,1362.63,failed,online,2025-12-13,NO
4996,18906,82975,1593.56,failed,online,2025-12-13,NO
2949,20501,84498,9395.082734256262,failed,online,2025-12-13,NO
1,43553,86052,7214.940337056591,failed,online,2025-12-13,NO
4297,12971,86639,338.54,failed,online,2025-12-13,NO
775,10220,86794,1393.84,completed,online,2025-12-13,NO
1110,45340,87355,194.52,completed,online,2025-12-13,NO
1,25658,88786,1931.0,failed,online,2025-12-13,NO
227,21620,89395,1946.93,failed,online,2025-12-13,NO
1,17209,90751,1948.97,failed,online,2025-12-13,NO
322,42744,92136,321.63,completed,online,2025-12-13,NO
1,19976,92975,912.77,failed,online,2025-12-13,NO
180,2219,93843,618.17,completed,online,2025-12-13,NO
100,7769,94084,578.14,completed,online,2025-12-13,NO
1,30440,95010,1386.82,completed,online,2025-12-13,NO
1684,24111,95185,1792.89,completed,online,2025-12-13,NO
267,29748,96042,528.97,completed,online,2025-12-13,NO
4986,47410,101674,778.72,completed,online,2025-12-13,NO
561,48661,107887,252.36,completed,online,2025-12-13,NO
3058,32023,107932,1204.71,failed,online,2025-12-13,NO
2430,5330,108377,1620.58,completed,online,2025-12-13,NO
4703,18425,108700,1103.58,failed,online,2025-12-13,NO
4297,18742,110277,1715.32,completed,online,2025-12-13,NO
257,29458,112103,241.66,failed,online,2025-12-13,NO
45,7573,115440,929.54,failed,online,2025-12-13,NO
4412,29103,121165,617.86,completed,online,2025-12-13,NO
3744,3243,123510,195.58,failed,online,2025-12-13,NO
1882,11355,124717,1020.38,failed,online,2025-12-13,NO
1226,22191,125183,1650.28,failed,online,2025-12-13,NO
3426,35523,128236,831.33,failed,online,2025-12-13,NO
1,10731,128574,424.86,completed,online,2025-12-13,NO
2381,12998,134614,372.01,completed,online,2025-12-13,NO
1,2401,135849,1993.0,completed,online,2025-12-13,NO
2910,48125,136678,1868.89,failed,online,2025-12-13,NO
1,43318,137549,804.0,completed,online,2025-12-13,NO
886,45065,140819,6457.261652283023,failed,online,2025-12-13,NO
4105,25178,149006,1156.88,completed,online,2025-12-13,NO
3951,28118,149579,1582.57,failed,online,2025-12-13,NO
3108,36243,6279,1247.75,failed,online,2025-03-08,NO
2818,18848,8718,154.43,failed,online,2025-03-08,NO
4046,5345,11470,465.81,failed,online,2025-03-08,NO
4794,2343,12457,1450.71,failed,online,2025-03-08,NO
2248,11451,13792,1783.37,completed,online,2025-03-08,NO
1,29092,14416,1008.28,completed,online,2025-03-08,NO
1408,30276,17843,711.63,failed,online,2025-03-08,NO
2445,1187,18646,1100.96,completed,online,2025-03-08,NO
1185,28738,19605,1038.05,failed,online,2025-03-08,NO
1,33952,22968,1043.51,failed,online,2025-03-08,NO
433,23974,23320,338.0,completed,online,2025-03-08,NO
3060,28252,23495,875.54,failed,online,2025-03-08,NO
802,44902,24802,827.25,failed,online,2025-03-08,NO
1,43471,26433,1849.7,completed,online,2025-03-08,NO
52,2068,27063,1791.15,failed,online,2025-03-08,NO
4760,39689,27185,678.68,failed,online,2025-03-08,NO
3225,18870,27763,511.91,completed,online,2025-03-08,NO
1026,46417,28254,456.56,completed,online,2025-03-08,NO
1,26066,28398,395.4,failed,online,2025-03-08,NO
3720,25492,28558,730.74,completed,online,2025-03-08,NO
2369,24565,30892,1114.95,failed,online,2025-03-08,NO
1,29058,33990,1522.68,failed,online,2025-03-08,NO
4529,32505,34776,1726.99,completed,online,2025-03-08,NO
1306,10411,35051,1525.46,completed,online,2025-03-08,NO
1198,19303,37198,925.68,failed,online,2025-03-08,NO
3598,24529,40092,1311.34,failed,online,2025-03-08,NO
3689,49378,40472,487.8,failed,online,2025-03-08,NO
2520,18978,40489,1499.71,failed,online,2025-03-08,NO
3013,18250,41035,499.83,completed,online,2025-03-08,NO
1154,1012,41151,763.85,completed,online,2025-03-08,NO
1138,38730,41277,1917.82,failed,online,2025-03-08,NO
3577,35091,44524,1015.18,failed,online,2025-03-08,NO
1651,14378,46633,651.35,failed,online,2025-03-08,NO
2246,3204,48998,86.63,failed,online,2025-03-08,NO
174,34626,49969,933.79,failed,online,2025-03-08,NO
2409,18880,50290,465.02,completed,online,2025-03-08,NO
1655,40976,50335,789.66,failed,online,2025-03-08,NO
3111,7676,50927,1369.76,failed,online,2025-03-08,NO
2439,49131,52106,1932.11,completed,online,2025-03-08,NO
1807,8572,54538,656.8,failed,online,2025-03-08,NO
2585,20949,54553,19.49,failed,online,2025-03-08,NO
2379,15959,55074,1996.93,failed,online,2025-03-08,NO
1420,13728,55485,1158.63,failed,online,2025-03-08,NO
4751,39559,55531,1498.74,completed,online,2025-03-08,NO
4246,5849,59382,561.26,failed,online,2025-03-08,NO
4131,222,59578,1920.16,completed,online,2025-03-08,NO
1,28297,66754,1475.6,completed,online,2025-03-08,NO
1650,46735,70823,1194.11,completed,online,2025-03-08,NO
4299,26254,71917,729.77,completed,online,2025-03-08,NO
1322,31008,72884,874.49,failed,online,2025-03-08,NO
1,19601,73166,1833.44,failed,online,2025-03-08,NO
1060,726,76289,391.25,completed,online,2025-03-08,NO
1,43986,76603,224.27,failed,online,2025-03-08,NO
2784,22072,78489,63.01,completed,online,2025-03-08,NO
211,20833,79418,801.77,failed,online,2025-03-08,NO
2258,30697,79886,131.66,completed,online,2025-03-08,NO
1,45855,82034,1476.29,failed,online,2025-03-08,NO
1,18025,82676,1063.05,failed,UNKNOWN,2025-03-08,NO
1301,3854,83152,238.26,completed,online,2025-03-08,NO
1,29277,88886,1861.37,failed,online,2025-03-08,NO
1,28604,92810,593.54,failed,online,2025-03-08,NO
3592,46158,96630,1898.11,failed,online,2025-03-08,NO
3767,35000,100031,1480.42,completed,online,2025-03-08,NO
1,42581,101681,153.99,failed,online,2025-03-08,NO
1686,37937,102041,8466.101646887353,failed,online,2025-03-08,NO
2806,25556,102920,463.92,failed,online,2025-03-08,NO
107,37239,107612,356.04,failed,online,2025-03-08,NO
231,35909,109493,1349.81,completed,online,2025-03-08,NO
1024,19168,110084,901.93,completed,online,2025-03-08,NO
3909,14753,114992,662.33,failed,online,2025-03-08,NO
2278,15355,115402,1530.32,completed,online,2025-03-08,NO
1742,12333,119807,1298.87,failed,online,2025-03-08,NO
2955,15039,120165,819.07,completed,online,2025-03-08,NO
3159,47410,122858,1065.9,failed,online,2025-03-08,NO
3792,29043,128223,1170.59,completed,online,2025-03-08,NO
581,32275,128617,97.58,completed,online,2025-03-08,NO
3630,31150,130644,941.48,failed,online,2025-03-08,NO
218,16556,131460,595.16,failed,online,2025-03-08,NO
2182,48717,133774,1326.2,failed,online,2025-03-08,NO
1,14279,136130,1091.05,failed,online,2025-03-08,NO
1,39047,137796,669.59,completed,online,2025-03-08,NO
835,717,145476,1219.56,completed,online,2025-03-08,NO
359,33510,146172,145.59,failed,online,2025-03-08,NO
220,29631,146648,1642.92,completed,online,2025-03-08,NO
3104,8815,147285,988.24,completed,online,2025-03-08,NO
2620,40241,148953,36.97,failed,online,2025-03-08,NO
3676,27972,149977,956.92,completed,online,2025-03-08,NO
4273,6186,670,1512.98,completed,online,2025-09-20,NO
3313,22106,5205,1516.13,completed,online,2025-09-20,NO
1,35135,5295,725.01,completed,online,2025-09-20,NO
1018,37034,5371,1315.74,completed,online,2025-09-20,NO
1,20032,9843,101.15,completed,online,2025-09-20,NO
3773,28278,11448,1043.95,failed,online,2025-09-20,NO
876,21213,12848,817.16,completed,online,2025-09-20,NO
1,3932,13056,490.8,failed,online,2025-09-20,NO
1741,35553,17673,1901.35,completed,online,2025-09-20,NO
230,21441,20285,984.78,failed,online,2025-09-20,NO
1,49945,20979,443.26,completed,online,2025-09-20,NO
872,38824,21090,434.1,completed,online,2025-09-20,NO
209,7943,22868,18.23,completed,online,2025-09-20,NO
3312,18768,24236,79.57,completed,online,2025-09-20,NO
1573,11231,24608,767.07,completed,online,2025-09-20,NO
1,43251,25723,251.6,failed,online,2025-09-20,NO
139,40287,27282,1225.1,failed,online,2025-09-20,NO
3408,2339,29381,1286.65,completed,online,2025-09-20,NO
4442,4373,29569,1620.57,completed,online,2025-09-20,NO
4807,16227,31500,1479.41,completed,online,2025-09-20,NO
1,25621,33522,729.1,failed,online,2025-09-20,NO
89,25796,35581,697.98,failed,online,2025-09-20,NO
3832,47033,35900,1133.74,failed,online,2025-09-20,NO
589,48013,39740,1318.73,failed,online,2025-09-20,NO
3284,42697,40768,809.44,completed,online,2025-09-20,NO
1496,20516,42963,415.38,completed,online,2025-09-20,NO
3819,5053,42999,478.0,failed,online,2025-09-20,NO
2917,17575,44011,56.85,completed,online,2025-09-20,NO
1,34248,44459,1314.68,failed,online,2025-09-20,NO
1,181,46823,353.4,completed,online,2025-09-20,NO
4772,7081,49063,190.31,completed,online,2025-09-20,NO
746,48541,51572,843.36,failed,online,2025-09-20,NO
3847,44191,56072,723.04,completed,online,2025-09-20,NO
1,47704,56659,1919.95,failed,online,2025-09-20,NO
4927,34555,59662,326.0,completed,online,2025-09-20,NO
3014,11329,59979,1068.36,failed,online,2025-09-20,NO
3992,36400,60035,1085.61,completed,online,2025-09-20,NO
1,22885,60901,913.26,completed,online,2025-09-20,NO
1145,31470,67084,361.25,completed,online,2025-09-20,NO
3317,31255,68667,207.35,failed,UNKNOWN,2025-09-20,NO
3582,42552,70678,660.11,completed,online,2025-09-20,NO
3108,19469,76194,994.36,failed,online,2025-09-20,NO
1,48018,77533,1199.18,completed,online,2025-09-20,NO
1773,1847,77662,284.44,completed,online,2025-09-20,NO
622,24714,77783,727.05,failed,online,2025-09-20,NO
3353,46592,80088,792.23,failed,online,2025-09-20,NO
94,47382,83661,1791.04,failed,online,2025-09-20,NO
4093,26068,84733,1306.68,failed,online,2025-09-20,NO
1597,11058,94963,1753.83,failed,online,2025-09-20,NO
528,34026,95686,676.93,failed,online,2025-09-20,NO
1879,37738,97753,900.11,failed,online,2025-09-20,NO
300,34369,98660,1940.15,completed,online,2025-09-20,NO
3877,47892,101016,1731.4,failed,online,2025-09-20,NO
3124,38242,101689,750.98,failed,online,2025-09-20,NO
4122,14439,104882,33.59,completed,online,2025-09-20,NO
2554,42520,105903,692.93,failed,online,2025-09-20,NO
4853,15757,110292,325.85,completed,online,2025-09-20,NO
1,21500,111865,1013.65,completed,online,2025-09-20,NO
4731,8584,111885,228.68,failed,UNKNOWN,2025-09-20,NO
1,22179,115220,1894.0,completed,online,2025-09-20,NO
1176,21341,115644,635.69,failed,online,2025-09-20,NO
2123,33312,117334,365.89,completed,online,2025-09-20,NO
3185,44511,117712,789.33,failed,online,2025-09-20,NO
1,6261,118735,540.0,failed,online,2025-09-20,NO
3532,31431,124806,1246.31,completed,online,2025-09-20,NO
1358,41275,124969,631.56,completed,online,2025-09-20,NO
1,16089,125302,1112.64,completed,online,2025-09-20,NO
3593,43107,127651,1322.6,completed,online,2025-09-20,NO
1,11317,129159,1096.19,completed,online,2025-09-20,NO
518,9776,129741,1537.25,failed,online,2025-09-20,NO
541,47979,129907,508.18,failed,online,2025-09-20,NO
90,20257,133368,1073.11,failed,online,2025-09-20,NO
937,7720,133573,1772.14,failed,online,2025-09-20,NO
4347,29700,134438,601.64,completed,online,2025-09-20,NO
1297,40205,135847,266.82,completed,online,2025-09-20,NO
969,16256,136052,1458.97,completed,online,2025-09-20,NO
2486,48148,136081,1266.27,completed,UNKNOWN,2025-09-20,NO
1,49467,136962,1909.8,completed,online,2025-09-20,NO
501,19087,138889,479.41,failed,online,2025-09-20,NO
217,20441,142235,811.96,completed,online,2025-09-20,NO
162,25199,142897,1281.72,completed,online,2025-09-20,NO
2715,2830,146618,19.32,completed,online,2025-09-20,NO
1,35595,146640,898.33,failed,online,2025-09-20,NO
4875,35750,147640,753.87,failed,online,2025-09-20,NO
147,16883,148398,575.51,failed,online,2025-09-20,NO
426,39162,148752,304.02,failed,online,2025-09-20,NO
1,3414,148850,1267.56,failed,online,2025-09-20,NO
3605,16177,748,21.97,completed,online,2025-04-13,NO
11,7676,925,1210.5,failed,online,2025-04-13,NO
1887,12811,1529,1326.7,completed,online,2025-04-13,NO
1,8038,1781,885.21,completed,online,2025-04-13,NO
1,40306,5281,744.35,failed,online,2025-04-13,NO
2040,31673,5485,1768.1,failed,online,2025-04-13,NO
135,25013,5992,1170.68,failed,online,2025-04-13,NO
4960,12057,6172,65.49,failed,online,2025-04-13,NO
509,44609,7470,1618.69,failed,online,2025-04-13,NO
2540,16507,7633,438.28,completed,online,2025-04-13,NO
3568,5867,9239,1687.68,completed,online,2025-04-13,NO
3340,10955,16513,613.94,failed,online,2025-04-13,NO
1220,41137,19621,1424.02,failed,online,2025-04-13,NO
4975,3470,20325,1392.27,completed,UNKNOWN,2025-04-13,NO
521,11813,22247,952.11,completed,online,2025-04-13,NO
2856,45031,23754,1584.45,failed,online,2025-04-13,NO
1,19931,24202,444.64,completed,online,2025-04-13,NO
3852,7725,25068,468.86,completed,online,2025-04-13,NO
2971,40915,26675,1467.2,completed,online,2025-04-13,NO
1750,44570,29961,273.48,completed,online,2025-04-13,NO
1,11168,30827,479.17,failed,online,2025-04-13,NO
1,44748,32854,253.01,completed,online,2025-04-13,NO
4111,26808,35985,1706.06,completed,online,2025-04-13,NO
1,10142,36035,249.93,failed,online,2025-04-13,NO
783,21637,42570,33.79,completed,online,2025-04-13,NO
1231,20261,43001,922.17,failed,online,2025-04-13,NO
1,3318,48140,743.47,failed,online,2025-04-13,NO
3740,45023,53806,679.71,completed,online,2025-04-13,NO
4551,46061,54348,819.14,failed,online,2025-04-13,NO
1,6460,55657,1860.27,failed,online,2025-04-13,NO
1745,44881,59588,1670.77,failed,online,2025-04-13,NO
497,26565,60368,958.27,completed,online,2025-04-13,NO
2469,1623,60710,1309.01,completed,online,2025-04-13,NO
2127,21489,61709,174.86,failed,online,2025-04-13,NO
4088,1192,61769,1419.44,completed,online,2025-04-13,NO
4234,6312,62268,699.34,failed,online,2025-04-13,NO
4621,21126,63655,1350.05,completed,online,2025-04-13,NO
1,34220,64574,1715.44,completed,online,2025-04-13,NO
3991,29477,67934,1837.16,completed,online,2025-04-13,NO
233,19763,68522,399.21,failed,online,2025-04-13,NO
1273,41561,68909,966.36,completed,online,2025-04-13,NO
1,47338,70142,1516.73,failed,online,2025-04-13,NO
3782,2458,71631,897.81,failed,online,2025-04-13,NO
992,49029,74193,587.96,completed,online,2025-04-13,NO
2024,15184,76630,520.14,failed,online,2025-04-13,NO
1,28953,77174,1095.48,completed,online,2025-04-13,NO
1,10878,82096,608.18,failed,online,2025-04-13,NO
3677,25070,82740,1373.01,completed,online,2025-04-13,NO
1133,45635,83610,269.91,failed,online,2025-04-13,NO
2605,32230,84587,377.4,completed,online,2025-04-13,NO
3855,20268,86122,1762.11,completed,online,2025-04-13,NO
4650,16281,86598,467.13,completed,online,2025-04-13,NO
4202,18061,88897,380.3,completed,online,2025-04-13,NO
1,49167,88942,1991.72,failed,online,2025-04-13,NO
1,47481,89243,97.07,failed,online,2025-04-13,NO
4551,29107,90123,580.52,failed,online,2025-04-13,NO
3175,35193,91886,1600.38,completed,online,2025-04-13,NO
51,48819,92186,1782.48,failed,online,2025-04-13,NO
1477,41289,93612,359.53,failed,online,2025-04-13,NO
2322,11777,96996,312.99,failed,online,2025-04-13,NO
3572,22051,99636,560.03,failed,online,2025-04-13,NO
1,44027,100027,490.24,completed,online,2025-04-13,NO
670,1073,102411,927.72,failed,online,2025-04-13,NO
1,22895,105611,1350.83,failed,online,2025-04-13,NO
4894,37839,105880,1756.5,completed,online,2025-04-13,NO
4482,20191,110545,1489.9,completed,online,2025-04-13,NO
561,10655,111209,1297.15,failed,online,2025-04-13,NO
2603,35433,111273,468.39,completed,online,2025-04-13,NO
4008,23615,111803,1761.65,completed,online,2025-04-13,NO
1,2017,117763,139.99,completed,online,2025-04-13,NO
3493,36579,118208,769.37,failed,online,2025-04-13,NO
1,47250,119718,1917.17,failed,online,2025-04-13,NO
1,5001,120523,1170.83,failed,online,2025-04-13,NO
524,41256,123199,1167.54,completed,online,2025-04-13,NO
827,49109,126054,686.72,completed,online,2025-04-13,NO
4008,11936,130531,1877.12,completed,online,2025-04-13,NO
2523,23145,131703,1550.88,completed,online,2025-04-13,NO
3564,46568,133606,1397.73,completed,online,2025-04-13,NO
2774,42243,134538,1991.77,failed,online,2025-04-13,NO
1584,4089,135078,204.29,completed,online,2025-04-13,NO
557,40869,139873,1781.28,failed,online,2025-04-13,NO
949,43802,141107,1565.69,completed,online,2025-04-13,NO
1,30382,142259,1421.87,completed,online,2025-04-13,NO
3388,27891,142455,1160.88,completed,online,2025-04-13,NO
2261,47301,146387,194.6,completed,online,2025-04-13,NO
3347,10390,146949,739.31,failed,online,2025-04-13,NO
1997,35945,147295,465.54,completed,online,2025-04-13,NO
4153,22396,1134,158.08,failed,online,2025-12-06,NO
865,44999,3505,1921.84,failed,online,2025-12-06,NO
3071,36494,4068,419.86,failed,UNKNOWN,2025-12-06,NO
2676,40040,6762,80.9,completed,UNKNOWN,2025-12-06,NO
2294,26561,6925,790.21,completed,online,2025-12-06,NO
4488,16101,10551,1465.39,completed,online,2025-12-06,NO
4862,33880,10976,199.02,failed,online,2025-12-06,NO
1,26175,13343,47.46,failed,online,2025-12-06,NO
3397,32501,15664,333.01,completed,online,2025-12-06,NO
61,15744,17580,749.42,failed,online,2025-12-06,NO
1396,1412,18312,721.12,completed,online,2025-12-06,NO
3902,19794,19410,1131.34,failed,online,2025-12-06,NO
4587,35908,24272,1091.43,completed,online,2025-12-06,NO
3669,49442,25159,1381.83,failed,online,2025-12-06,NO
1679,14637,27473,498.11,completed,online,2025-12-06,NO
1,21343,30227,1385.85,completed,online,2025-12-06,NO
519,31521,31866,1003.01,completed,online,2025-12-06,NO
582,16804,34174,356.11,completed,online,2025-12-06,NO
2408,3605,34689,237.05,completed,online,2025-12-06,NO
4339,19863,36737,1123.66,failed,online,2025-12-06,NO
2372,14698,39892,205.54,completed,online,2025-12-06,NO
3468,19967,41195,926.18,failed,online,2025-12-06,NO
4009,23340,41628,994.06,completed,online,2025-12-06,NO
1,29807,45423,137.67,failed,online,2025-12-06,NO
2347,2758,47908,1832.71,failed,online,2025-12-06,NO
4327,26691,48093,961.36,completed,online,2025-12-06,NO
2876,6719,49857,147.96,failed,online,2025-12-06,NO
1838,3258,51125,1784.79,failed,online,2025-12-06,NO
414,15892,54673,1628.67,completed,online,2025-12-06,NO
1727,40889,58646,1660.52,completed,online,2025-12-06,NO
268,49338,61941,1741.22,failed,UNKNOWN,2025-12-06,NO
1701,32974,64961,230.63,failed,online,2025-12-06,NO
2994,46108,65345,256.43,failed,online,2025-12-06,NO
2096,45463,65381,1865.32,failed,online,2025-12-06,NO
1583,12564,66007,80.37,failed,online,2025-12-06,NO
2145,28668,67126,10.53,failed,online,2025-12-06,NO
1,4971,67133,293.76,completed,online,2025-12-06,NO
1503,45864,74075,716.61,completed,online,2025-12-06,NO
1798,19961,74439,1805.19,completed,online,2025-12-06,NO
4183,38878,78145,271.36,failed,online,2025-12-06,NO
1,33106,78721,1938.52,completed,online,2025-12-06,NO
305,13626,81237,1276.52,completed,online,2025-12-06,NO
2251,40167,81328,1781.1,failed,online,2025-12-06,NO
1,2355,83216,1547.42,failed,online,2025-12-06,NO
2147,30533,84398,1448.36,failed,online,2025-12-06,NO
4761,38721,84536,84.27,failed,online,2025-12-06,NO
2582,22429,84538,440.4,completed,online,2025-12-06,NO
1,39161,84625,629.65,completed,online,2025-12-06,NO
3271,24364,86483,1970.93,completed,online,2025-12-06,NO
1976,30552,87155,1993.28,completed,online,2025-12-06,NO
4903,23210,89818,1655.22,failed,online,2025-12-06,NO
830,25768,91303,1800.77,completed,online,2025-12-06,NO
4388,13815,91957,26.35,failed,online,2025-12-06,NO
1734,9872,93705,34.6,completed,online,2025-12-06,NO
3693,40169,94837,196.18,failed,online,2025-12-06,NO
1938,29652,98031,975.07,completed,online,2025-12-06,NO
2466,11269,99599,1831.87,completed,online,2025-12-06,NO
3923,24998,103371,977.4,completed,online,2025-12-06,NO
1,1486,107756,161.61,completed,online,2025-12-06,NO
4245,49626,108368,832.8,failed,online,2025-12-06,NO
3607,13258,109037,1719.46,completed,online,2025-12-06,NO
541,17963,113480,1809.09,completed,online,2025-12-06,NO
1285,38253,114325,1261.03,failed,online,2025-12-06,NO
4809,38488,115153,612.39,failed,online,2025-12-06,NO
3724,21507,116313,812.68,completed,online,2025-12-06,NO
169,42305,116540,1849.19,failed,online,2025-12-06,NO
1769,41504,116889,182.95,failed,online,2025-12-06,NO
2661,13991,117138,1411.42,completed,online,2025-12-06,NO
4493,11835,119926,838.39,completed,online,2025-12-06,NO
4512,15456,120789,1783.11,failed,online,2025-12-06,NO
817,32511,121865,1462.66,completed,online,2025-12-06,NO
1496,43,124747,1470.88,failed,online,2025-12-06,NO
3793,18571,127822,707.14,failed,online,2025-12-06,NO
3469,4683,130573,488.57,completed,online,2025-12-06,NO
2833,15358,131276,685.05,completed,online,2025-12-06,NO
1865,49446,132431,314.11,failed,online,2025-12-06,NO
3955,38683,133123,1748.67,completed,online,2025-12-06,NO
1534,44547,133854,66.86,completed,online,2025-12-06,NO
3286,28111,135625,167.92,failed,online,2025-12-06,NO
3588,29331,136270,1775.42,failed,online,2025-12-06,NO
3003,13504,137144,1287.02,completed,online,2025-12-06,NO
1902,643,138651,1159.95,failed,online,2025-12-06,NO
1260,7583,141804,919.57,completed,online,2025-12-06,NO
3827,46057,142167,631.4,completed,online,2025-12-06,NO
2418,44733,146746,89.46,completed,online,2025-12-06,NO
1,20831,149211,700.08,failed,online,2025-12-06,NO
2323,31017,1441,427.29,completed,online,2025-01-09,NO
1,48044,5006,1057.07,completed,online,2025-01-09,NO
1164,8625,6864,215.89,failed,online,2025-01-09,NO
523,25786,8976,137.55,failed,online,2025-01-09,NO
924,18282,10950,1883.97,failed,online,2025-01-09,NO
2012,46899,13916,47.96,failed,online,2025-01-09,NO
1447,47760,14532,696.41,failed,UNKNOWN,2025-01-09,NO
1,26289,16244,1939.49,failed,online,2025-01-09,NO
473,29902,16984,1158.08,completed,online,2025-01-09,NO
1392,12314,17922,1009.95,failed,online,2025-01-09,NO
1716,37763,21672,1286.86,completed,online,2025-01-09,NO
544,38779,23215,1970.76,failed,online,2025-01-09,NO
2946,37878,24061,1952.84,failed,online,2025-01-09,NO
1,35157,24355,1064.18,completed,online,2025-01-09,NO
2451,7400,25440,1145.79,failed,online,2025-01-09,NO
3005,22325,27645,188.44,failed,online,2025-01-09,NO
1,6699,27734,1300.73,completed,online,2025-01-09,NO
1,9234,28023,378.26,completed,online,2025-01-09,NO
1,22418,28320,1104.49,failed,online,2025-01-09,NO
776,3264,28544,334.3,failed,online,2025-01-09,NO
4140,19931,29086,110.35,failed,online,2025-01-09,NO
607,23604,29525,1825.82,completed,online,2025-01-09,NO
1,23554,31848,1755.26,completed,online,2025-01-09,NO
1,44188,36716,920.3,completed,online,2025-01-09,NO
3414,9263,39977,1538.15,failed,online,2025-01-09,NO
2410,45828,42349,49.28,completed,online,2025-01-09,NO
411,14141,44279,256.07,completed,online,2025-01-09,NO
4187,42933,46708,1052.82,failed,online,2025-01-09,NO
2749,1330,48157,1683.6,failed,online,2025-01-09,NO
3614,33693,48266,273.2,completed,online,2025-01-09,NO
3545,24174,50617,260.21,completed,online,2025-01-09,NO
3531,30365,54440,328.72,completed,online,2025-01-09,NO
3834,31730,54984,1913.39,completed,online,2025-01-09,NO
2477,21273,56529,664.14,failed,online,2025-01-09,NO
2797,36939,57632,1554.5,failed,online,2025-01-09,NO
1,30626,58711,842.58,failed,online,2025-01-09,NO
2831,41480,60097,972.32,failed,online,2025-01-09,NO
480,23662,60160,1861.53,failed,online,2025-01-09,NO
1206,6349,63036,741.81,failed,online,2025-01-09,NO
1,33151,63066,995.51,completed,online,2025-01-09,NO
2039,32976,63188,1628.49,failed,online,2025-01-09,NO
1,49181,63664,998.31,completed,online,2025-01-09,NO
3628,24096,69060,1639.52,completed,online,2025-01-09,NO
4333,12322,70901,1998.73,completed,online,2025-01-09,NO
4278,34781,72388,11.54,failed,online,2025-01-09,NO
1848,44739,72848,1953.75,failed,online,2025-01-09,NO
1,36828,85960,90.6,failed,online,2025-01-09,NO
4527,39149,86533,1463.25,completed,online,2025-01-09,NO
3225,10847,86640,1618.55,completed,online,2025-01-09,NO
2272,38708,87969,402.41,completed,online,2025-01-09,NO
1,33858,87987,1723.68,failed,online,2025-01-09,NO
1,22175,90493,319.01,failed,online,2025-01-09,NO
4639,47843,94408,353.69,failed,online,2025-01-09,NO
2654,5116,95891,1430.77,failed,online,2025-01-09,NO
3996,30638,96326,1622.65,failed,online,2025-01-09,NO
3270,10485,96936,1809.44,failed,online,2025-01-09,NO
1311,34805,98672,1263.68,failed,online,2025-01-09,NO
4250,28803,99573,1253.04,completed,online,2025-01-09,NO
3134,41664,99786,1246.18,completed,online,2025-01-09,NO
4831,13164,103885,291.74,failed,online,2025-01-09,NO
1,40800,104359,1282.47,completed,online,2025-01-09,NO
3414,18010,105136,857.98,completed,online,2025-01-09,NO
4555,3556,105342,1059.59,completed,online,2025-01-09,NO
3004,42901,106056,748.2,completed,online,2025-01-09,NO
1,47758,111302,506.48,completed,online,2025-01-09,NO
3867,29389,112697,1436.53,failed,online,2025-01-09,NO
4203,9226,114228,1346.57,failed,online,2025-01-09,NO
2972,48708,115403,1579.13,failed,online,2025-01-09,NO
2809,41196,115766,1592.48,completed,online,2025-01-09,NO
3174,46590,118585,896.42,completed,online,2025-01-09,NO
2493,30394,118838,355.54,failed,online,2025-01-09,NO
1,18458,122818,257.09,failed,online,2025-01-09,NO
994,31467,122964,1476.58,failed,online,2025-01-09,NO
128,24729,123258,1736.98,completed,online,2025-01-09,NO
1,42420,123623,185.94,failed,online,2025-01-09,NO
957,24514,124636,269.53,failed,online,2025-01-09,NO
1634,4515,125137,1864.02,completed,online,2025-01-09,NO
1,9161,125619,553.03,completed,online,2025-01-09,NO
1,35774,131589,415.94,completed,online,2025-01-09,NO
1,37421,135341,1747.88,completed,online,2025-01-09,NO
3814,3909,135411,424.41,completed,online,2025-01-09,NO
3091,35994,136528,1677.97,failed,online,2025-01-09,NO
1,42263,137692,1333.69,failed,online,2025-01-09,NO
1604,32919,138352,981.11,failed,online,2025-01-09,NO
816,13910,143562,1679.93,failed,online,2025-01-09,NO
4299,11078,144414,1967.29,completed,online,2025-01-09,NO
1259,46591,145777,781.4,completed,online,2025-01-09,NO
3098,4289,3341,652.61,completed,online,2025-10-23,NO
169,21472,4136,1005.56,completed,online,2025-10-23,NO
2479,44154,7231,1413.94,completed,online,2025-10-23,NO
396,29900,7465,1000.62,failed,online,2025-10-23,NO
3010,42895,7957,1996.12,failed,online,2025-10-23,NO
269,49741,8135,1836.09,completed,online,2025-10-23,NO
2923,27745,10171,163.54,completed,online,2025-10-23,NO
4364,44432,13199,562.89,failed,online,2025-10-23,NO
4046,43344,14355,1988.56,completed,online,2025-10-23,NO
2147,31922,14475,1304.83,failed,online,2025-10-23,NO
1013,20915,14786,1298.46,failed,online,2025-10-23,NO
2743,17525,17934,1734.55,failed,online,2025-10-23,NO
2814,302,21061,1730.88,failed,online,2025-10-23,NO
2554,38455,24649,845.16,failed,online,2025-10-23,NO
4482,31751,26680,519.74,completed,UNKNOWN,2025-10-23,NO
51,48851,31568,1695.41,completed,UNKNOWN,2025-10-23,NO
3126,14647,32942,114.83,completed,online,2025-10-23,NO
1072,31315,33267,885.35,completed,online,2025-10-23,NO
644,11366,34775,1103.6,failed,online,2025-10-23,NO
4020,12354,35177,786.15,completed,online,2025-10-23,NO
1,15721,37053,617.51,completed,online,2025-10-23,NO
529,14238,40323,1427.29,completed,online,2025-10-23,NO
3459,29924,41432,299.54,completed,online,2025-10-23,NO
872,17639,46219,931.89,failed,online,2025-10-23,NO
1,38769,46260,1471.66,failed,online,2025-10-23,NO
1,1361,46294,1152.14,completed,online,2025-10-23,NO
2430,22313,47192,522.8,failed,online,2025-10-23,NO
1,9033,47348,1112.82,failed,online,2025-10-23,NO
1778,8370,54974,912.7,completed,online,2025-10-23,NO
1980,31117,55352,31.17,completed,online,2025-10-23,NO
4124,42886,56467,357.84,completed,online,2025-10-23,NO
4215,41689,57596,171.86,completed,online,2025-10-23,NO
2990,40408,59280,996.21,completed,online,2025-10-23,NO
845,36329,60863,1316.08,failed,online,2025-10-23,NO
2025,23785,61691,1050.28,completed,online,2025-10-23,NO
3480,26306,61714,821.32,failed,online,2025-10-23,NO
2710,47400,64624,804.21,failed,online,2025-10-23,NO
1055,26260,65476,389.99,failed,online,2025-10-23,NO
3902,17474,67021,1939.73,failed,online,2025-10-23,NO
3511,20672,67661,137.73,failed,online,2025-10-23,NO
2962,4998,68394,673.79,completed,online,2025-10-23,NO
4762,13425,68828,1944.9,failed,online,2025-10-23,NO
1,16345,70841,249.04,completed,online,2025-10-23,NO
2554,14458,71526,670.24,completed,online,2025-10-23,NO
3724,29229,72832,51.86,failed,online,2025-10-23,NO
2616,8319,73557,1397.76,failed,online,2025-10-23,NO
3116,19532,74533,1107.99,completed,online,2025-10-23,NO
3727,6128,74905,370.81,completed,online,2025-10-23,NO
4320,46576,75202,1505.01,failed,online,2025-10-23,NO
3152,25049,81957,1365.71,failed,online,2025-10-23,NO
417,25749,87110,838.36,completed,online,2025-10-23,NO
1,3770,88078,1597.95,completed,online,2025-10-23,NO
3947,16193,91832,874.48,completed,online,2025-10-23,NO
1386,5391,95066,1173.07,completed,UNKNOWN,2025-10-23,NO
706,23792,95508,804.09,failed,online,2025-10-23,NO
3613,23368,97908,1785.67,failed,online,2025-10-23,NO
54,44045,99146,351.15,completed,online,2025-10-23,NO
530,12031,99433,1978.24,failed,online,2025-10-23,NO
1,8216,101983,670.68,completed,online,2025-10-23,NO
3279,42642,105107,823.75,completed,online,2025-10-23,NO
2374,45155,105296,1945.3,completed,online,2025-10-23,NO
2352,24571,110024,124.68,failed,online,2025-10-23,NO
1343,40115,110267,296.76,completed,UNKNOWN,2025-10-23,NO
1003,21714,110980,1776.63,completed,online,2025-10-23,NO
2797,29774,112516,1449.3,failed,online,2025-10-23,NO
3214,24248,113513,394.42,failed,online,2025-10-23,NO
820,29,117922,1488.78,failed,online,2025-10-23,NO
189,44172,118114,284.51,failed,online,2025-10-23,NO
295,8069,118622,1995.75,failed,online,2025-10-23,NO
2087,49732,119245,1780.96,failed,online,2025-10-23,NO
1,3005,120286,1321.43,failed,online,2025-10-23,NO
3313,29420,124274,790.49,completed,online,2025-10-23,NO
541,39572,127725,1929.82,completed,online,2025-10-23,NO
3162,16900,129406,369.27,completed,online,2025-10-23,NO
2688,2384,131960,1311.53,completed,online,2025-10-23,NO
3133,16206,133708,1999.47,completed,online,2025-10-23,NO
2670,37138,135296,1261.27,failed,online,2025-10-23,NO
1,16191,138163,240.2,completed,online,2025-10-23,NO
4818,11598,140643,1168.62,failed,online,2025-10-23,NO
4551,49652,144514,1918.28,failed,online,2025-10-23,NO
1,10047,145391,1262.23,completed,online,2025-10-23,NO
3260,38155,145957,965.51,completed,online,2025-10-23,NO
179,20133,146404,380.08,failed,online,2025-10-23,NO
4713,35440,147923,1059.21,completed,online,2025-10-23,NO
667,34780,149102,362.72,failed,online,2025-10-23,NO
1455,18723,149822,566.13,failed,online,2025-10-23,NO
4219,14426,327,1368.45,failed,online,2025-12-21,NO
1,24863,3401,90.91,failed,online,2025-12-21,NO
917,3088,6571,1908.05,completed,online,2025-12-21,NO
2652,45399,11307,586.3,failed,online,2025-12-21,NO
817,3021,14411,201.83,failed,online,2025-12-21,NO
4912,14566,17414,145.57,failed,online,2025-12-21,NO
1020,15459,18003,356.12,completed,online,2025-12-21,NO
3716,24901,19711,699.24,failed,online,2025-12-21,NO
337,12751,21266,461.47,completed,online,2025-12-21,NO
4454,11377,22788,793.27,completed,online,2025-12-21,NO
1,13696,23065,1131.29,failed,online,2025-12-21,NO
1439,9275,24472,826.78,failed,online,2025-12-21,NO
1511,34514,26444,415.96,failed,online,2025-12-21,NO
2716,39133,26633,1402.4,failed,online,2025-12-21,NO
3349,27828,34110,58.22,completed,online,2025-12-21,NO
4049,44683,36588,83.92,completed,online,2025-12-21,NO
1,42671,37138,1686.6,failed,online,2025-12-21,NO
2514,369,39747,61.94,failed,online,2025-12-21,NO
4019,1287,43102,1573.52,failed,online,2025-12-21,NO
1,5155,44235,264.31,completed,online,2025-12-21,NO
4327,40172,45066,114.82,failed,online,2025-12-21,NO
1,22070,46007,1831.36,completed,online,2025-12-21,NO
2499,32721,47403,659.47,failed,online,2025-12-21,NO
916,33681,48397,662.1,completed,online,2025-12-21,NO
1,983,52295,1416.34,failed,online,2025-12-21,NO
2851,10887,53332,895.73,failed,online,2025-12-21,NO
1436,17788,55844,1761.82,failed,online,2025-12-21,NO
1798,7193,58479,1405.72,failed,online,2025-12-21,NO
831,34676,58708,1502.5,completed,online,2025-12-21,NO
4777,42942,59254,1855.61,completed,online,2025-12-21,NO
999,36736,60850,1136.38,failed,online,2025-12-21,NO
1528,41815,61544,1817.61,failed,online,2025-12-21,NO
1784,32952,63058,1607.76,failed,online,2025-12-21,NO
849,18388,64884,382.96,completed,online,2025-12-21,NO
562,11317,66531,582.64,failed,online,2025-12-21,NO
4381,31682,66990,109.53,failed,online,2025-12-21,NO
2221,40262,68384,861.03,completed,online,2025-12-21,NO
3836,24185,69577,702.86,failed,online,2025-12-21,NO
3421,21406,73112,616.46,failed,online,2025-12-21,NO
1,13776,76224,670.54,completed,online,2025-12-21,NO
2995,25581,78575,485.47,failed,online,2025-12-21,NO
828,10848,86827,1207.62,completed,online,2025-12-21,NO
1857,30500,90741,1397.42,completed,online,2025-12-21,NO
1,26761,91054,1821.82,failed,online,2025-12-21,NO
1741,27339,94050,1113.75,completed,online,2025-12-21,NO
1,38312,95892,242.07,completed,online,2025-12-21,NO
3669,16488,96413,690.8,failed,online,2025-12-21,NO
2630,6424,96518,1314.13,failed,online,2025-12-21,NO
3729,218,96811,171.85,completed,online,2025-12-21,NO
1,33247,97513,684.78,failed,online,2025-12-21,NO
17,46806,98309,452.25,failed,online,2025-12-21,NO
4407,36580,100342,1131.86,failed,online,2025-12-21,NO
361,42262,101341,73.75,completed,online,2025-12-21,NO
3366,28119,103220,8970.376118820841,failed,online,2025-12-21,NO
4080,27097,105280,1319.36,completed,UNKNOWN,2025-12-21,NO
4063,7648,107336,1661.13,failed,online,2025-12-21,NO
1642,39936,111054,967.69,failed,online,2025-12-21,NO
1,15675,112256,1632.38,failed,online,2025-12-21,NO
1,26949,112424,1310.44,failed,online,2025-12-21,NO
4026,34579,115139,1009.35,failed,online,2025-12-21,NO
2154,27759,116374,9907.824172736448,completed,online,2025-12-21,NO
330,16322,116758,1981.7,completed,online,2025-12-21,NO
1192,12834,119170,591.38,completed,online,2025-12-21,NO
4725,9049,120044,776.86,failed,online,2025-12-21,NO
20,25638,122378,248.27,completed,online,2025-12-21,NO
60,49934,123479,184.67,completed,online,2025-12-21,NO
4656,30938,123692,109.5,failed,online,2025-12-21,NO
1,6067,124014,1755.6,completed,online,2025-12-21,NO
2187,30731,124847,809.23,completed,online,2025-12-21,NO
1,45429,125543,306.07,completed,online,2025-12-21,NO
1,18342,126703,932.62,completed,online,2025-12-21,NO
796,15757,126823,1141.21,completed,online,2025-12-21,NO
3848,36034,127272,988.38,completed,online,2025-12-21,NO
1,33872,128037,451.53,failed,online,2025-12-21,NO
1,38177,130785,886.71,completed,online,2025-12-21,NO
1,10073,131520,666.64,completed,online,2025-12-21,NO
3150,1793,131824,1690.88,failed,online,2025-12-21,NO
1,6404,133251,395.99,completed,online,2025-12-21,NO
2544,43909,134054,1457.98,completed,online,2025-12-21,NO
4766,5099,136406,1656.86,failed,online,2025-12-21,NO
2145,43696,136633,1221.89,completed,online,2025-12-21,NO
88,6943,139573,264.85,failed,UNKNOWN,2025-12-21,NO
3313,9532,139840,434.98,failed,online,2025-12-21,NO
1417,3012,140163,549.51,failed,online,2025-12-21,NO
4751,7667,141256,108.24,failed,online,2025-12-21,NO
1099,11496,142509,1068.49,failed,online,2025-12-21,NO
4558,22366,144381,1700.44,failed,online,2025-12-21,NO
4269,27023,4249,1267.84,failed,online,2025-01-13,NO
1,127,4476,1651.79,failed,online,2025-01-13,NO
1610,21647,5541,1433.78,failed,online,2025-01-13,NO
419,5188,8537,507.66,completed,online,2025-01-13,NO
1,7145,8653,1974.34,completed,online,2025-01-13,NO
3395,22957,9158,335.8,completed,online,2025-01-13,NO
1,33040,9164,184.49,completed,UNKNOWN,2025-01-13,NO
3795,46628,9537,1491.9,failed,online,2025-01-13,NO
3337,32635,12104,62.43,completed,online,2025-01-13,NO
4915,13656,12357,204.96,failed,online,2025-01-13,NO
1,33962,12862,1793.45,completed,online,2025-01-13,NO
4421,34507,13215,8847.715949559572,failed,online,2025-01-13,NO
4286,29558,17500,1841.49,failed,online,2025-01-13,NO
2547,26037,18962,1089.62,completed,online,2025-01-13,NO
700,36021,21513,1464.21,completed,online,2025-01-13,NO
1,32145,25510,1211.21,failed,online,2025-01-13,NO
1,15876,31461,1224.21,failed,online,2025-01-13,NO
1553,45589,32817,1590.45,completed,online,2025-01-13,NO
1,15602,35208,1230.2,completed,online,2025-01-13,NO
2973,30565,35726,1985.54,completed,online,2025-01-13,NO
3454,37064,37318,1217.77,completed,online,2025-01-13,NO
2664,14552,37896,1514.02,failed,online,2025-01-13,NO
286,18672,41873,604.85,failed,online,2025-01-13,NO
4755,36739,41897,839.6,failed,online,2025-01-13,NO
1,35240,42841,114.99,failed,online,2025-01-13,NO
1,47347,43487,1637.82,completed,online,2025-01-13,NO
995,41649,44040,1651.8,failed,online,2025-01-13,NO
15,18906,46518,840.72,failed,online,2025-01-13,NO
4115,11680,47943,297.19,completed,online,2025-01-13,NO
1995,45374,49627,1860.82,completed,online,2025-01-13,NO
4203,17980,52465,1323.26,failed,online,2025-01-13,NO
1287,35781,52742,746.69,failed,online,2025-01-13,NO
1101,48474,53926,1431.98,completed,online,2025-01-13,NO
199,45485,56089,158.74,completed,online,2025-01-13,NO
399,39781,57216,1537.38,failed,online,2025-01-13,NO
1281,36003,64672,1826.47,failed,online,2025-01-13,NO
2653,25989,68144,755.96,completed,online,2025-01-13,NO
718,9447,71238,714.44,failed,online,2025-01-13,NO
879,40735,73625,1961.54,completed,online,2025-01-13,NO
1269,40561,74004,581.12,completed,online,2025-01-13,NO
653,37593,74946,711.27,completed,online,2025-01-13,NO
4736,14455,75353,123.5,completed,online,2025-01-13,NO
4659,33338,75549,1381.59,completed,online,2025-01-13,NO
1162,20656,75944,102.98,completed,online,2025-01-13,NO
1941,24752,76563,1409.62,completed,UNKNOWN,2025-01-13,NO
1003,27464,77216,911.44,failed,online,2025-01-13,NO
1,7557,80584,478.23,completed,online,2025-01-13,NO
1,24730,81658,1240.14,failed,online,2025-01-13,NO
1795,38481,83015,730.2,completed,online,2025-01-13,NO
1,42063,84015,1620.14,failed,online,2025-01-13,NO
2974,2813,84888,1161.98,completed,online,2025-01-13,NO
1663,39200,85169,1078.14,failed,online,2025-01-13,NO
2596,49582,87922,841.86,completed,online,2025-01-13,NO
3359,21264,89806,230.6,failed,online,2025-01-13,NO
745,41526,91071,733.64,completed,online,2025-01-13,NO
2683,2081,91774,1689.76,completed,online,2025-01-13,NO
1,46743,92469,1181.61,completed,online,2025-01-13,NO
4559,45012,92781,1885.54,completed,online,2025-01-13,NO
1800,25095,96082,864.06,completed,UNKNOWN,2025-01-13,NO
670,10330,101418,914.94,failed,online,2025-01-13,NO
301,19123,104258,1268.47,failed,online,2025-01-13,NO
4742,44336,104345,619.71,completed,online,2025-01-13,NO
2974,22094,104780,498.78,failed,online,2025-01-13,NO
273,42490,105584,1329.14,failed,online,2025-01-13,NO
4424,31757,106236,220.35,completed,online,2025-01-13,NO
3450,17079,107116,1859.49,failed,online,2025-01-13,NO
4609,18369,112441,1727.7,failed,online,2025-01-13,NO
208,39940,112576,641.7,failed,online,2025-01-13,NO
2397,32224,112679,52.95,completed,online,2025-01-13,NO
1,26287,113740,1652.58,completed,online,2025-01-13,NO
2513,1888,114853,963.2,failed,online,2025-01-13,NO
1139,16470,115940,325.71,completed,online,2025-01-13,NO
1134,40843,116155,1925.33,failed,online,2025-01-13,NO
2528,23292,116507,873.51,completed,online,2025-01-13,NO
2960,40767,122140,948.92,completed,online,2025-01-13,NO
3065,36104,122642,123.77,failed,online,2025-01-13,NO
1049,16413,123093,1675.68,completed,online,2025-01-13,NO
4671,39739,126220,1400.15,failed,online,2025-01-13,NO
3149,12951,131568,419.38,failed,online,2025-01-13,NO
1,32752,137771,1127.41,failed,online,2025-01-13,NO
1,5943,138940,615.12,completed,online,2025-01-13,NO
4177,22081,139468,621.65,failed,online,2025-01-13,NO
4223,8735,140521,72.0,completed,online,2025-01-13,NO
4398,14268,142480,1676.17,failed,online,2025-01-13,NO
2909,48982,147263,1891.29,completed,online,2025-01-13,NO
2238,47393,147993,158.77,completed,online,2025-01-13,NO
2035,2078,1828,960.56,completed,online,2025-11-04,NO
4758,28429,2004,695.8,failed,online,2025-11-04,NO
4268,43183,2674,855.14,completed,online,2025-11-04,NO
2032,3745,2937,250.43,failed,online,2025-11-04,NO
1874,15624,3389,1985.77,completed,online,2025-11-04,NO
286,1314,4933,152.66,completed,online,2025-11-04,NO
2168,5487,4999,1321.3,completed,online,2025-11-04,NO
1,18095,6935,1315.74,failed,online,2025-11-04,NO
659,17519,9868,1872.99,failed,online,2025-11-04,NO
1,29984,10561,467.1,failed,online,2025-11-04,NO
2978,32292,14271,1198.45,completed,online,2025-11-04,NO
3647,20884,15817,1433.23,failed,online,2025-11-04,NO
336,19290,19236,1210.23,completed,online,2025-11-04,NO
1924,5078,19344,32.37,failed,online,2025-11-04,NO
2478,3697,20618,468.55,failed,online,2025-11-04,NO
1972,17181,22573,1706.74,failed,online,2025-11-04,NO
1691,35982,26466,477.25,completed,online,2025-11-04,NO
2686,49423,29081,1007.67,failed,online,2025-11-04,NO
4330,22369,31718,1327.54,completed,online,2025-11-04,NO
1364,34108,32767,1549.21,failed,online,2025-11-04,NO
1,7173,38055,93.33,failed,online,2025-11-04,NO
1923,32782,38775,1193.53,failed,online,2025-11-04,NO
1889,44127,41023,1898.48,failed,online,2025-11-04,NO
3539,21349,42897,1984.85,failed,online,2025-11-04,NO
1986,6462,42954,1016.15,completed,online,2025-11-04,NO
4371,29183,43947,1795.83,failed,online,2025-11-04,NO
4874,38689,44061,1550.39,failed,online,2025-11-04,NO
1,24905,45347,1530.85,completed,online,2025-11-04,NO
621,2842,48497,155.71,completed,online,2025-11-04,NO
3181,9156,48988,940.45,failed,online,2025-11-04,NO
1,14734,49865,1265.82,failed,online,2025-11-04,NO
417,33410,50433,1319.84,completed,online,2025-11-04,NO
1256,14072,56005,888.46,completed,online,2025-11-04,NO
4456,44830,56798,1068.4,failed,online,2025-11-04,NO
4536,13670,57653,549.67,failed,online,2025-11-04,NO
3772,20100,61821,617.41,failed,online,2025-11-04,NO
1811,16624,66783,529.64,completed,online,2025-11-04,NO
4529,522,67416,1892.22,completed,online,2025-11-04,NO
1012,15397,71841,395.09,failed,online,2025-11-04,NO
1236,36151,72310,1847.36,completed,online,2025-11-04,NO
482,15845,74102,484.32,completed,online,2025-11-04,NO
1,21277,76235,1424.51,completed,online,2025-11-04,NO
3539,24679,78602,436.09,failed,online,2025-11-04,NO
4571,31489,80234,220.28,completed,online,2025-11-04,NO
1,10378,82774,1007.19,completed,online,2025-11-04,NO
950,19494,84850,1654.95,failed,online,2025-11-04,NO
4519,2130,85120,244.54,failed,online,2025-11-04,NO
3921,44779,85183,335.61,failed,online,2025-11-04,NO
1587,44093,85324,1686.38,failed,online,2025-11-04,NO
2137,810,86675,650.71,failed,online,2025-11-04,NO
2836,38241,86815,1395.42,failed,online,2025-11-04,NO
1623,30282,87058,503.41,completed,online,2025-11-04,NO
1,24292,87559,1063.57,completed,online,2025-11-04,NO
1126,24819,88217,632.11,completed,online,2025-11-04,NO
2607,4202,88309,805.1,failed,online,2025-11-04,NO
1,39132,90103,1537.02,completed,online,2025-11-04,NO
1054,16646,91179,1915.09,completed,online,2025-11-04,NO
3988,36390,92646,578.98,failed,online,2025-11-04,NO
1480,10656,94513,5173.40332796366,completed,online,2025-11-04,NO
4185,44833,96586,416.01,failed,UNKNOWN,2025-11-04,NO
420,22909,97199,1605.94,failed,online,2025-11-04,NO
1,15827,100126,1558.9,completed,online,2025-11-04,NO
3866,41466,103502,1141.11,completed,online,2025-11-04,NO
1,33201,104287,264.08,completed,online,2025-11-04,NO
535,9327,105849,1071.92,completed,online,2025-11-04,NO
2008,7951,108962,722.68,completed,online,2025-11-04,NO
2978,47694,110891,1792.24,completed,UNKNOWN,2025-11-04,NO
4057,27199,111001,228.82,completed,online,2025-11-04,NO
1,37454,111712,1647.56,completed,online,2025-11-04,NO
4572,9855,113104,151.63,failed,online,2025-11-04,NO
131,18631,113634,823.65,completed,online,2025-11-04,NO
4022,8685,124299,883.29,completed,online,2025-11-04,NO
1,43347,126354,1679.9,completed,online,2025-11-04,NO
2432,30486,128000,461.74,completed,online,2025-11-04,NO
1386,16200,128137,937.4,failed,online,2025-11-04,NO
1,15079,129036,974.66,completed,online,2025-11-04,NO
1086,9068,129672,1979.86,completed,online,2025-11-04,NO
1140,44224,130257,1465.06,completed,online,2025-11-04,NO
1,15012,132657,713.39,failed,online,2025-11-04,NO
1,41112,136335,765.06,completed,online,2025-11-04,NO
754,39308,139244,1643.18,failed,online,2025-11-04,NO
175,7522,142079,178.31,failed,online,2025-11-04,NO
4369,48195,142637,6951.786110553308,completed,online,2025-11-04,NO
1,10035,146662,16.27,completed,online,2025-11-04,NO
1807,11705,147185,1251.26,failed,online,2025-11-04,NO
2101,46140,147267,1753.28,completed,online,2025-11-04,NO
2449,49379,245,991.3,failed,online,2025-07-08,NO
111,49543,2130,540.18,failed,online,2025-07-08,NO
4309,35037,2195,626.18,completed,online,2025-07-08,NO
4353,27797,3337,583.04,failed,online,2025-07-08,NO
2311,27600,7663,959.87,failed,online,2025-07-08,NO
1,10776,7837,1010.92,completed,online,2025-07-08,NO
2785,31349,7889,1310.06,completed,online,2025-07-08,NO
4189,37529,8571,1787.76,completed,online,2025-07-08,NO
2634,29313,18279,410.99,completed,online,2025-07-08,NO
3919,6950,21821,1071.39,failed,online,2025-07-08,NO
1,27830,22435,1368.21,completed,online,2025-07-08,NO
3946,45398,22891,1358.53,failed,online,2025-07-08,NO
1107,6658,23033,239.03,completed,online,2025-07-08,NO
316,11906,23728,1500.43,completed,online,2025-07-08,NO
4865,33204,24353,1387.56,completed,online,2025-07-08,NO
83,11497,28504,7560.876179513354,completed,online,2025-07-08,NO
1977,31437,29375,783.37,failed,online,2025-07-08,NO
1,31297,30372,348.82,failed,online,2025-07-08,NO
2427,19950,31840,1414.97,completed,online,2025-07-08,NO
3107,44088,33590,1223.27,completed,online,2025-07-08,NO
1,19351,33720,1570.95,completed,online,2025-07-08,NO
3287,39554,34504,491.82,completed,online,2025-07-08,NO
4093,27560,35525,893.27,completed,online,2025-07-08,NO
1647,29717,39099,258.23,failed,online,2025-07-08,NO
1963,21519,40789,332.6,failed,online,2025-07-08,NO
1,34718,43410,1739.58,completed,online,2025-07-08,NO
3553,192,43872,1185.17,failed,online,2025-07-08,NO
1,3293,47236,1096.95,completed,online,2025-07-08,NO
4111,33744,53518,1248.28,failed,online,2025-07-08,NO
65,25366,53848,1664.18,completed,online,2025-07-08,NO
4807,29917,57784,734.62,failed,online,2025-07-08,NO
3199,17437,58408,1923.83,completed,online,2025-07-08,NO
52,33434,59119,136.42,failed,online,2025-07-08,NO
3233,12394,65696,225.15,completed,online,2025-07-08,NO
2674,28332,67151,301.57,failed,online,2025-07-08,NO
162,31623,67512,1755.94,completed,online,2025-07-08,NO
3756,36983,69308,998.4,failed,online,2025-07-08,NO
1,10413,71297,159.02,completed,online,2025-07-08,NO
1719,39995,74100,1339.31,completed,online,2025-07-08,NO
2789,10849,74759,1485.94,completed,online,2025-07-08,NO
4390,44445,75196,1637.89,completed,online,2025-07-08,NO
3854,2177,75556,1600.35,completed,online,2025-07-08,NO
4672,6880,79810,133.6,completed,online,2025-07-08,NO
3772,12424,81954,206.03,failed,online,2025-07-08,NO
3802,2810,82257,1196.59,failed,online,2025-07-08,NO
1221,36102,82640,1926.77,completed,online,2025-07-08,NO
4949,28077,85545,148.16,failed,online,2025-07-08,NO
2136,28671,86269,1924.62,completed,online,2025-07-08,NO
1,3800,88967,1553.99,completed,online,2025-07-08,NO
3218,35431,90027,1178.43,completed,online,2025-07-08,NO
1847,25840,91475,1541.91,completed,online,2025-07-08,NO
239,6183,91935,693.76,failed,online,2025-07-08,NO
4692,5421,91947,1008.59,failed,online,2025-07-08,NO
958,41087,92222,1466.63,completed,online,2025-07-08,NO
1324,5580,92268,1068.37,completed,online,2025-07-08,NO
2804,43839,94185,959.12,completed,online,2025-07-08,NO
2952,31429,96209,1975.34,failed,online,2025-07-08,NO
4404,19582,97599,1390.03,failed,online,2025-07-08,NO
1,35889,99827,1725.01,completed,online,2025-07-08,NO
347,46433,100290,133.78,completed,online,2025-07-08,NO
1,1134,101931,62.51,completed,online,2025-07-08,NO
1389,40196,102967,305.11,completed,online,2025-07-08,NO
1,26984,106646,528.41,failed,online,2025-07-08,NO
1,29577,108181,1575.03,completed,online,2025-07-08,NO
836,46218,110701,1469.15,completed,online,2025-07-08,NO
1,45329,110824,527.7,failed,online,2025-07-08,NO
3946,37299,112156,582.34,failed,online,2025-07-08,NO
1,29756,118658,1171.44,failed,online,2025-07-08,NO
878,14882,119387,1044.44,completed,online,2025-07-08,NO
4085,15672,121609,946.64,completed,online,2025-07-08,NO
3945,48858,125440,974.35,failed,online,2025-07-08,NO
1367,8286,127810,1627.58,failed,online,2025-07-08,NO
1,46031,130042,102.81,failed,online,2025-07-08,NO
2343,30148,131014,754.56,completed,online,2025-07-08,NO
2978,43094,131836,910.02,completed,online,2025-07-08,NO
2728,2504,132382,1753.7,failed,online,2025-07-08,NO
2256,38457,132542,250.53,failed,online,2025-07-08,NO
1,27021,137060,916.18,failed,online,2025-07-08,NO
772,36496,137242,1036.69,failed,online,2025-07-08,NO
1,18050,137714,916.89,completed,online,2025-07-08,NO
718,47363,142421,1241.08,completed,online,2025-07-08,NO
2297,8708,144438,57.1,failed,online,2025-07-08,NO
1061,36799,147332,1560.62,failed,online,2025-07-08,NO
3224,14937,147394,918.58,completed,online,2025-07-08,NO
3877,29683,147599,1340.08,failed,UNKNOWN,2025-07-08,NO
980,49312,149221,589.3,failed,online,2025-07-08,NO
2626,2296,5780,1034.9,failed,online,2025-07-11,NO
3180,22819,6747,1432.48,completed,online,2025-07-11,NO
2398,9102,8970,712.96,completed,online,2025-07-11,NO
1,7494,9806,1679.3,completed,online,2025-07-11,NO
2064,25537,10824,742.81,completed,online,2025-07-11,NO
1826,10553,12335,1551.06,failed,online,2025-07-11,NO
4246,23860,14827,867.35,failed,online,2025-07-11,NO
4083,38900,19126,602.96,failed,online,2025-07-11,NO
232,29248,19353,949.48,failed,online,2025-07-11,NO
2248,43415,20706,805.51,completed,online,2025-07-11,NO
330,23155,21340,1428.12,completed,online,2025-07-11,NO
3475,38285,25357,1632.39,completed,online,2025-07-11,NO
1065,26153,26002,1281.58,completed,online,2025-07-11,NO
1134,5076,27670,238.89,failed,online,2025-07-11,NO
972,4427,28645,1004.78,completed,online,2025-07-11,NO
2918,11110,29515,1204.0,failed,online,2025-07-11,NO
4320,48001,31060,1339.76,completed,online,2025-07-11,NO
2599,25216,31222,153.11,failed,online,2025-07-11,NO
409,28006,31387,528.6,failed,online,2025-07-11,NO
1655,37111,33887,790.4,completed,online,2025-07-11,NO
4302,13751,34379,1650.56,failed,UNKNOWN,2025-07-11,NO
2194,13766,36624,1287.63,completed,online,2025-07-11,NO
2956,47898,37647,946.43,failed,online,2025-07-11,NO
4271,4694,38372,1267.06,failed,online,2025-07-11,NO
2876,29857,39643,641.63,failed,online,2025-07-11,NO
422,25137,40446,329.66,failed,online,2025-07-11,NO
135,5243,41133,1915.74,completed,online,2025-07-11,NO
2088,31741,41310,1033.51,failed,online,2025-07-11,NO
3505,6154,43568,1965.02,failed,online,2025-07-11,NO
4628,9582,44921,655.75,failed,online,2025-07-11,NO
1177,6165,45207,1730.6,completed,online,2025-07-11,NO
1,13470,47321,1370.44,completed,online,2025-07-11,NO
2240,11585,49687,1285.93,completed,online,2025-07-11,NO
93,4833,50100,1754.02,failed,online,2025-07-11,NO
1314,6552,53766,286.77,failed,online,2025-07-11,NO
1,48872,54109,1769.8,failed,online,2025-07-11,NO
3278,39982,55885,623.99,failed,online,2025-07-11,NO
1,41533,56374,46.04,completed,online,2025-07-11,NO
1614,6164,56483,1457.01,failed,online,2025-07-11,NO
3209,30650,58841,1810.74,completed,online,2025-07-11,NO
1,46529,61190,1815.3,failed,online,2025-07-11,NO
2505,25729,66898,365.31,completed,online,2025-07-11,NO
1,10165,69466,145.34,completed,online,2025-07-11,NO
4437,35564,69791,1687.46,completed,online,2025-07-11,NO
1,12963,71074,486.58,failed,online,2025-07-11,NO
4871,8853,71360,725.89,failed,UNKNOWN,2025-07-11,NO
172,34766,78933,1651.31,failed,online,2025-07-11,NO
1377,2451,80500,1991.08,completed,online,2025-07-11,NO
3352,20175,80905,1679.73,completed,online,2025-07-11,NO
696,43665,81262,684.46,completed,online,2025-07-11,NO
942,9691,81710,742.29,failed,UNKNOWN,2025-07-11,NO
4754,45033,85550,673.33,failed,online,2025-07-11,NO
4861,48500,86641,1509.22,failed,online,2025-07-11,NO
4510,18562,88279,103.74,failed,online,2025-07-11,NO
1,17377,88753,1624.03,completed,online,2025-07-11,NO
1,1437,91278,1741.56,failed,online,2025-07-11,NO
2780,12621,92594,1027.85,failed,online,2025-07-11,NO
3102,33438,93328,549.26,completed,online,2025-07-11,NO
1,5746,94618,1083.63,completed,online,2025-07-11,NO
1,36475,95489,1145.35,failed,online,2025-07-11,NO
320,15188,101926,1082.57,completed,online,2025-07-11,NO
3926,26587,102639,885.57,failed,online,2025-07-11,NO
2048,16632,105031,1756.1,completed,online,2025-07-11,NO
270,1859,105963,1348.85,completed,online,2025-07-11,NO
1,10180,106034,1718.65,completed,online,2025-07-11,NO
1821,48693,106768,533.93,completed,online,2025-07-11,NO
3873,13692,106814,1399.74,failed,online,2025-07-11,NO
1,5350,108550,155.39,completed,online,2025-07-11,NO
1,22210,109374,1575.79,completed,online,2025-07-11,NO
1,48821,109931,1952.19,failed,online,2025-07-11,NO
4240,704,113882,918.85,failed,online,2025-07-11,NO
1,38006,114693,26.69,completed,online,2025-07-11,NO
1863,44283,114889,227.96,failed,online,2025-07-11,NO
3653,20298,115024,858.3,failed,online,2025-07-11,NO
63,11446,118476,986.82,failed,online,2025-07-11,NO
4833,49643,121529,409.27,completed,online,2025-07-11,NO
1,34935,127229,1483.82,failed,online,2025-07-11,NO
281,34729,130494,1630.36,completed,online,2025-07-11,NO
518,16291,131070,1464.12,completed,online,2025-07-11,NO
1,33642,131581,982.76,completed,online,2025-07-11,NO
1750,33565,134646,42.77,completed,online,2025-07-11,NO
51,2216,134846,1499.82,failed,online,2025-07-11,NO
1,6378,137033,785.98,completed,online,2025-07-11,NO
1006,40418,138969,1394.59,failed,online,2025-07-11,NO
1,18132,139266,822.7,failed,online,2025-07-11,NO
2035,32158,147184,128.22,completed,online,2025-07-11,NO
2032,40196,148179,1174.83,completed,online,2025-07-11,NO
608,7115,5990,1775.64,completed,online,2025-01-18,NO
1567,47176,10598,1261.98,failed,online,2025-01-18,NO
197,28837,10944,755.69,failed,online,2025-01-18,NO
1,6482,11093,1525.57,completed,online,2025-01-18,NO
2453,29787,11812,1529.15,completed,online,2025-01-18,NO
4559,42888,12352,1754.6,failed,online,2025-01-18,NO
3510,5488,12685,36.65,completed,online,2025-01-18,NO
2955,33819,17284,1148.51,failed,online,2025-01-18,NO
1525,19778,18233,1769.87,failed,online,2025-01-18,NO
1899,20285,20282,242.35,completed,online,2025-01-18,NO
62,18730,20386,1159.71,failed,online,2025-01-18,NO
1,37690,20832,10.27,failed,online,2025-01-18,NO
4617,12102,20857,739.62,failed,online,2025-01-18,NO
2515,44839,21192,1851.88,completed,online,2025-01-18,NO
4567,22138,21521,539.45,completed,online,2025-01-18,NO
233,21078,22151,1286.38,failed,online,2025-01-18,NO
2396,41255,23830,303.04,failed,online,2025-01-18,NO
626,44887,24124,356.25,completed,online,2025-01-18,NO
3947,1807,25199,229.88,completed,online,2025-01-18,NO
2208,36051,31852,1475.38,failed,online,2025-01-18,NO
135,40175,32468,878.08,completed,online,2025-01-18,NO
1,3864,32647,1951.3,completed,online,2025-01-18,NO
2281,22814,33304,917.29,completed,online,2025-01-18,NO
3974,42610,35062,1667.86,completed,online,2025-01-18,NO
4272,11180,35428,34.43,completed,online,2025-01-18,NO
940,47083,37553,1099.95,failed,online,2025-01-18,NO
1923,17293,40855,1131.91,completed,online,2025-01-18,NO
437,13220,42798,247.97,completed,online,2025-01-18,NO
2887,22985,46524,570.3,failed,online,2025-01-18,NO
1,24753,46815,1040.33,completed,online,2025-01-18,NO
1117,11837,48180,939.69,failed,online,2025-01-18,NO
2143,11847,51001,239.69,failed,online,2025-01-18,NO
3386,16160,51102,697.84,failed,online,2025-01-18,NO
1250,23268,52339,874.19,completed,online,2025-01-18,NO
2133,40556,54883,1092.8,failed,online,2025-01-18,NO
1,48270,56543,1871.8,failed,online,2025-01-18,NO
1,881,59518,1892.21,completed,online,2025-01-18,NO
4663,23325,62610,1107.98,failed,online,2025-01-18,NO
4658,38437,62936,1723.56,failed,online,2025-01-18,NO
2302,38582,64438,267.67,completed,online,2025-01-18,NO
1,26108,64506,1605.53,completed,online,2025-01-18,NO
3148,7453,65279,1144.86,completed,online,2025-01-18,NO
2281,38178,66361,300.67,completed,online,2025-01-18,NO
975,46937,66938,1893.3,failed,online,2025-01-18,NO
3795,1169,67036,1736.8,failed,online,2025-01-18,NO
450,17902,68648,548.43,failed,online,2025-01-18,NO
4119,5421,71755,1844.93,failed,online,2025-01-18,NO
941,45789,74977,74.84,failed,online,2025-01-18,NO
983,9072,78801,722.42,completed,online,2025-01-18,NO
1,6234,79786,106.79,failed,online,2025-01-18,NO
1,13392,82414,937.0,failed,online,2025-01-18,NO
1126,14843,84500,1369.41,completed,online,2025-01-18,NO
1938,13312,85570,852.2,failed,online,2025-01-18,NO
4243,46710,85640,1650.4,completed,UNKNOWN,2025-01-18,NO
4444,19127,87252,1666.13,completed,online,2025-01-18,NO
4301,35819,88214,1391.27,failed,online,2025-01-18,NO
1,45972,91870,375.68,completed,online,2025-01-18,NO
2120,38647,92825,789.62,completed,online,2025-01-18,NO
4054,47107,94694,846.96,completed,online,2025-01-18,NO
64,27650,99782,1581.43,completed,online,2025-01-18,NO
2662,35862,102248,1034.11,failed,online,2025-01-18,NO
1236,38450,103692,136.67,failed,online,2025-01-18,NO
1,21385,104447,1695.27,failed,online,2025-01-18,NO
798,7811,104763,1809.64,completed,online,2025-01-18,NO
1048,10041,104844,27.23,failed,online,2025-01-18,NO
4184,31848,107656,925.04,completed,online,2025-01-18,NO
1431,31377,110414,1470.64,completed,online,2025-01-18,NO
1,34311,111242,290.21,completed,online,2025-01-18,NO
647,10691,113472,1646.59,failed,online,2025-01-18,NO
1,5781,117436,836.52,failed,online,2025-01-18,NO
145,23896,120298,1644.0,completed,online,2025-01-18,NO
1,4458,122433,1842.03,failed,online,2025-01-18,NO
1659,38167,123121,302.72,failed,online,2025-01-18,NO
2521,32272,123503,1165.83,failed,online,2025-01-18,NO
1,19797,126087,46.71,failed,online,2025-01-18,NO
1,2142,126881,192.5,failed,online,2025-01-18,NO
1,42471,129437,1211.54,failed,online,2025-01-18,NO
1796,1361,129604,1026.01,completed,online,2025-01-18,NO
575,7591,129681,1188.6,completed,online,2025-01-18,NO
1160,48556,132428,210.47,completed,online,2025-01-18,NO
1,25218,138960,472.63,completed,online,2025-01-18,NO
2546,22577,139001,602.94,completed,online,2025-01-18,NO
1,248,140581,1330.63,completed,online,2025-01-18,NO
94,873,142963,581.2,completed,online,2025-01-18,NO
1282,9423,147335,1429.56,failed,online,2025-01-18,NO
1549,49195,149002,678.82,completed,UNKNOWN,2025-01-18,NO
1377,39450,149824,1669.37,failed,online,2025-01-18,NO
3142,43999,2137,658.13,completed,online,2025-09-04,NO
4198,1562,2417,1863.86,failed,online,2025-09-04,NO
2515,35991,3555,346.15,completed,online,2025-09-04,NO
3855,11784,4532,317.62,failed,online,2025-09-04,NO
1542,22481,4602,1568.06,completed,online,2025-09-04,NO
1,44268,5883,661.1,completed,online,2025-09-04,NO
706,29813,6634,1800.35,failed,online,2025-09-04,NO
959,48676,6733,1615.38,completed,online,2025-09-04,NO
2480,25942,9667,1015.8,failed,online,2025-09-04,NO
4287,21165,12377,1217.5,completed,online,2025-09-04,NO
3666,38083,17977,1322.92,completed,online,2025-09-04,NO
1,32788,17998,1981.99,completed,online,2025-09-04,NO
4182,1007,19474,701.49,failed,online,2025-09-04,NO
2896,12733,21273,952.61,completed,online,2025-09-04,NO
3377,38824,21388,125.82,completed,online,2025-09-04,NO
1,32168,23477,503.04,completed,online,2025-09-04,NO
2125,39877,31213,1006.39,completed,online,2025-09-04,NO
699,20127,34858,54.69,completed,online,2025-09-04,NO
1577,36846,36534,336.73,failed,online,2025-09-04,NO
3701,6320,39280,837.19,failed,online,2025-09-04,NO
311,29403,40479,1004.3,completed,online,2025-09-04,NO
4067,48198,40702,185.33,failed,online,2025-09-04,NO
166,6115,41737,1304.04,failed,online,2025-09-04,NO
2072,34260,42744,1365.88,completed,online,2025-09-04,NO
4716,48630,44613,703.79,completed,online,2025-09-04,NO
3092,37739,44692,1251.11,failed,online,2025-09-04,NO
3717,22142,47600,1527.01,completed,online,2025-09-04,NO
2081,33098,47960,1747.93,completed,online,2025-09-04,NO
4374,34799,49085,865.85,failed,online,2025-09-04,NO
1151,26468,52043,1861.94,failed,online,2025-09-04,NO
2589,21976,52862,15.97,completed,online,2025-09-04,NO
4314,36000,53312,1241.19,completed,online,2025-09-04,NO
2018,43731,53985,1870.99,completed,online,2025-09-04,NO
945,1039,57631,1248.03,completed,online,2025-09-04,NO
1396,10121,68655,616.95,failed,online,2025-09-04,NO
4687,45011,70302,1596.8,completed,online,2025-09-04,NO
902,4990,70668,942.91,failed,online,2025-09-04,NO
1,28178,70690,455.66,completed,online,2025-09-04,NO
1630,30198,70694,1565.37,failed,online,2025-09-04,NO
1,46453,73437,1789.56,completed,online,2025-09-04,NO
4253,36436,77051,936.8,completed,online,2025-09-04,NO
1541,23533,79468,953.75,failed,online,2025-09-04,NO
3833,6095,81472,1637.53,failed,online,2025-09-04,NO
3393,29791,81538,1768.59,completed,online,2025-09-04,NO
4216,42508,81981,1995.21,completed,online,2025-09-04,NO
1563,49598,82081,1086.35,completed,online,2025-09-04,NO
3472,22229,86906,237.3,failed,online,2025-09-04,NO
829,3106,87352,1135.19,failed,online,2025-09-04,NO
1992,37627,89202,926.21,failed,online,2025-09-04,NO
2969,34286,91707,53.36,failed,online,2025-09-04,NO
3671,31413,93035,994.32,failed,online,2025-09-04,NO
2835,18476,93798,1357.91,failed,online,2025-09-04,NO
2743,8620,94715,243.36,completed,online,2025-09-04,NO
1,38068,95806,390.3,failed,online,2025-09-04,NO
1,44675,98923,82.02,failed,online,2025-09-04,NO
110,37718,98988,1276.19,completed,online,2025-09-04,NO
1731,40352,101299,382.72,failed,online,2025-09-04,NO
2051,8850,102318,494.55,completed,online,2025-09-04,NO
1089,24610,102325,1997.18,failed,online,2025-09-04,NO
2437,35784,102563,1568.22,completed,online,2025-09-04,NO
1,36161,107975,375.98,completed,online,2025-09-04,NO
98,1337,108136,1231.76,failed,online,2025-09-04,NO
4090,10951,108191,1081.69,failed,online,2025-09-04,NO
2536,4912,115047,156.93,failed,online,2025-09-04,NO
2639,15609,115484,1212.6,completed,online,2025-09-04,NO
353,47061,115763,1701.72,failed,online,2025-09-04,NO
359,18863,116874,295.14,failed,online,2025-09-04,NO
207,27324,117034,204.01,completed,online,2025-09-04,NO
1100,272,117135,172.08,failed,online,2025-09-04,NO
4167,23785,118265,347.17,failed,online,2025-09-04,NO
705,49355,119502,794.34,completed,online,2025-09-04,NO
15,11594,121078,1883.63,completed,online,2025-09-04,NO
1,38574,121489,30.91,completed,online,2025-09-04,NO
4910,49105,122321,1845.08,failed,UNKNOWN,2025-09-04,NO
3808,47875,124505,1479.41,completed,online,2025-09-04,NO
1644,3987,129298,822.48,completed,online,2025-09-04,NO
4836,13709,129434,603.8,completed,UNKNOWN,2025-09-04,NO
897,7999,130484,427.46,failed,online,2025-09-04,NO
1308,10597,136850,1035.65,completed,online,2025-09-04,NO
2041,36262,137802,517.93,completed,online,2025-09-04,NO
4681,27235,138606,1093.75,failed,online,2025-09-04,NO
3245,5051,140685,1462.94,failed,online,2025-09-04,NO
1,4674,141220,1018.59,failed,online,2025-09-04,NO
4799,34736,141938,1419.51,completed,online,2025-09-04,NO
1794,3265,146955,988.64,failed,online,2025-09-04,NO
3010,40036,147716,1975.66,completed,online,2025-09-04,NO
1,25673,325,688.26,completed,online,2025-07-20,NO
4674,3640,1537,1439.31,failed,online,2025-07-20,NO
4123,38727,1889,1661.34,completed,online,2025-07-20,NO
3730,42294,3670,1154.33,completed,online,2025-07-20,NO
1,37727,4277,694.89,completed,online,2025-07-20,NO
4500,8988,6553,1259.31,failed,online,2025-07-20,NO
822,5062,6831,1417.05,completed,online,2025-07-20,NO
1,34617,8486,656.06,completed,online,2025-07-20,NO
729,42488,10090,979.28,completed,online,2025-07-20,NO
3806,977,14140,757.25,failed,online,2025-07-20,NO
174,36127,17325,1827.88,failed,online,2025-07-20,NO
4401,34213,19149,1823.19,completed,online,2025-07-20,NO
4559,10438,19619,852.74,completed,online,2025-07-20,NO
1690,2627,19659,1916.95,completed,online,2025-07-20,NO
1,747,22438,409.35,failed,online,2025-07-20,NO
1,6801,26710,1665.92,failed,online,2025-07-20,NO
475,41872,26787,1467.81,completed,online,2025-07-20,NO
1150,38712,31350,225.39,completed,online,2025-07-20,NO
2527,20876,34805,696.77,completed,online,2025-07-20,NO
1152,15135,36018,530.73,completed,online,2025-07-20,NO
1901,14893,37025,771.74,failed,online,2025-07-20,NO
1982,29414,40456,1296.0,completed,online,2025-07-20,NO
335,7277,42033,1201.97,failed,online,2025-07-20,NO
1320,42197,45671,738.46,failed,online,2025-07-20,NO
2711,14566,46167,466.24,failed,online,2025-07-20,NO
1011,29908,46374,523.5,completed,online,2025-07-20,NO
1,36252,47652,1603.66,completed,online,2025-07-20,NO
3151,24979,48940,1160.29,failed,online,2025-07-20,NO
420,35220,49197,112.69,failed,online,2025-07-20,NO
3341,6457,49626,1821.79,failed,online,2025-07-20,NO
1807,24719,55026,1161.2,failed,online,2025-07-20,NO
4331,2974,55209,1637.91,completed,online,2025-07-20,NO
1609,3268,55683,607.47,failed,online,2025-07-20,NO
2870,32246,56523,50.66,completed,online,2025-07-20,NO
3368,28988,56931,338.13,completed,online,2025-07-20,NO
2319,49192,57370,1961.34,completed,online,2025-07-20,NO
1,36758,59474,309.4,completed,online,2025-07-20,NO
4981,11874,61453,1295.06,failed,online,2025-07-20,NO
1675,42241,62376,1999.22,completed,online,2025-07-20,NO
3843,13188,67448,1998.91,completed,online,2025-07-20,NO
1,27084,73088,952.47,failed,online,2025-07-20,NO
1133,58,74131,1464.75,completed,online,2025-07-20,NO
1702,33141,76869,385.62,failed,online,2025-07-20,NO
1425,5099,77744,194.77,completed,UNKNOWN,2025-07-20,NO
2439,45941,79206,1265.66,failed,online,2025-07-20,NO
1841,31922,80804,1269.89,completed,online,2025-07-20,NO
1550,45909,82696,494.66,completed,online,2025-07-20,NO
2400,9030,83843,1664.34,completed,online,2025-07-20,NO
3663,6932,88694,217.3,completed,online,2025-07-20,NO
4915,6221,90954,933.69,failed,online,2025-07-20,NO
2659,24473,93723,1795.36,completed,online,2025-07-20,NO
3241,16089,94059,1228.26,failed,online,2025-07-20,NO
4275,10618,94614,1865.58,failed,online,2025-07-20,NO
4778,45007,95069,496.38,failed,online,2025-07-20,NO
1,39453,98338,1850.08,failed,online,2025-07-20,NO
3663,7254,98730,1921.57,failed,online,2025-07-20,NO
4418,486,98781,567.28,failed,online,2025-07-20,NO
4973,18949,99066,1856.67,completed,online,2025-07-20,NO
1,48957,99383,377.33,completed,online,2025-07-20,NO
3088,6023,100694,562.02,failed,online,2025-07-20,NO
2033,21485,105153,827.72,completed,online,2025-07-20,NO
640,38609,107098,1077.68,completed,online,2025-07-20,NO
1749,27314,107570,926.51,completed,online,2025-07-20,NO
1,59,109084,1061.29,completed,online,2025-07-20,NO
812,21581,115330,1628.25,failed,online,2025-07-20,NO
812,4057,118046,1575.22,failed,online,2025-07-20,NO
3748,1331,119139,1050.91,failed,online,2025-07-20,NO
3494,29016,120643,1647.52,failed,online,2025-07-20,NO
2338,41477,120799,1862.17,completed,online,2025-07-20,NO
1,21672,126273,1883.99,failed,online,2025-07-20,NO
1324,33270,128119,1076.48,completed,online,2025-07-20,NO
3104,33225,131229,1286.19,completed,online,2025-07-20,NO
4367,17252,132018,683.38,failed,online,2025-07-20,NO
1,11207,132233,1542.24,completed,online,2025-07-20,NO
3714,8720,132680,142.66,failed,online,2025-07-20,NO
1,7730,133133,1719.1,completed,online,2025-07-20,NO
1862,45811,135989,1591.07,completed,online,2025-07-20,NO
1546,34246,138398,1570.55,failed,online,2025-07-20,NO
2512,46074,141203,127.26,failed,online,2025-07-20,NO
3516,28648,141381,1852.34,completed,online,2025-07-20,NO
2215,26705,141934,664.27,completed,online,2025-07-20,NO
255,3564,144315,248.17,completed,online,2025-07-20,NO
1858,36112,144324,1070.95,failed,online,2025-07-20,NO
2063,28820,144719,969.22,completed,online,2025-07-20,NO
3498,18628,145902,1787.75,completed,online,2025-07-20,NO
772,24328,149520,1073.83,completed,online,2025-07-20,NO
195,44352,3115,1623.15,failed,online,2025-11-13,NO
3417,33576,3231,160.89,failed,online,2025-11-13,NO
3394,19536,5082,1970.55,failed,online,2025-11-13,NO
2601,3096,7968,541.41,failed,online,2025-11-13,NO
1,26873,11257,44.43,failed,online,2025-11-13,NO
1,9674,11773,1795.99,failed,online,2025-11-13,NO
4439,21190,12229,213.44,failed,online,2025-11-13,NO
2420,26416,14952,1112.74,completed,online,2025-11-13,NO
4102,37784,18108,1088.01,completed,online,2025-11-13,NO
1647,48639,20190,1742.19,completed,online,2025-11-13,NO
4926,5423,22000,671.45,failed,online,2025-11-13,NO
2048,31446,23020,1747.33,failed,online,2025-11-13,NO
1189,38767,24205,83.87,completed,online,2025-11-13,NO
2745,45469,24438,495.37,failed,online,2025-11-13,NO
4528,20544,25222,1688.62,failed,online,2025-11-13,NO
1,38022,25929,582.11,completed,online,2025-11-13,NO
2160,13851,31853,249.29,failed,online,2025-11-13,NO
3913,36114,35471,1191.6,completed,online,2025-11-13,NO
1199,40248,41122,1912.54,completed,online,2025-11-13,NO
4130,1550,41903,1722.24,completed,online,2025-11-13,NO
237,31313,43926,987.4,completed,online,2025-11-13,NO
4308,23252,46094,1277.05,failed,online,2025-11-13,NO
4746,36822,48223,1293.97,completed,online,2025-11-13,NO
1,46111,48532,1891.86,completed,online,2025-11-13,NO
2295,16717,54691,1426.37,failed,online,2025-11-13,NO
2745,15409,54698,1756.38,completed,online,2025-11-13,NO
1,8726,58193,642.29,completed,online,2025-11-13,NO
750,3588,58364,1639.18,failed,online,2025-11-13,NO
2322,5975,58894,1318.0,completed,online,2025-11-13,NO
1,34585,62361,340.09,failed,online,2025-11-13,NO
4770,15834,63219,563.8,failed,online,2025-11-13,NO
1,18003,63971,1918.11,completed,online,2025-11-13,NO
3631,49180,69967,993.78,completed,online,2025-11-13,NO
3069,15496,74470,203.61,failed,online,2025-11-13,NO
4400,35603,77224,1153.78,completed,online,2025-11-13,NO
3310,14726,77313,1760.51,completed,online,2025-11-13,NO
1,42419,78388,650.56,failed,online,2025-11-13,NO
4837,25502,79280,1152.57,completed,online,2025-11-13,NO
2623,44421,81064,409.69,completed,online,2025-11-13,NO
1,1349,81356,1314.05,completed,online,2025-11-13,NO
2663,11897,81397,1360.22,failed,UNKNOWN,2025-11-13,NO
3672,38268,81723,850.33,failed,online,2025-11-13,NO
1,37487,82291,567.55,failed,online,2025-11-13,NO
3060,1609,83212,1891.79,failed,online,2025-11-13,NO
2389,12013,85197,1367.07,failed,online,2025-11-13,NO
2032,31470,90443,1889.18,completed,online,2025-11-13,NO
831,29860,91131,948.94,completed,online,2025-11-13,NO
965,27807,93977,543.44,completed,online,2025-11-13,NO
116,38109,94665,1135.69,failed,online,2025-11-13,NO
3745,22824,95219,294.63,failed,online,2025-11-13,NO
4895,305,95832,1073.8,completed,online,2025-11-13,NO
4031,28369,95842,550.75,completed,online,2025-11-13,NO
860,44093,104106,263.54,completed,online,2025-11-13,NO
2252,9183,105466,787.41,failed,online,2025-11-13,NO
2353,16955,106476,1777.22,failed,online,2025-11-13,NO
3924,48959,106861,930.05,failed,online,2025-11-13,NO
1,46699,108129,1465.66,failed,online,2025-11-13,NO
3318,21725,110227,1829.83,completed,online,2025-11-13,NO
219,35900,111455,1143.33,completed,online,2025-11-13,NO
3458,28613,112161,1631.04,failed,online,2025-11-13,NO
1501,16310,114264,1175.3,failed,online,2025-11-13,NO
1084,36088,117984,862.81,completed,online,2025-11-13,NO
2577,22621,118917,172.77,failed,online,2025-11-13,NO
125,33008,120496,69.05,failed,online,2025-11-13,NO
4577,40583,120903,177.96,failed,online,2025-11-13,NO
1,36234,122121,192.8,failed,online,2025-11-13,NO
4255,9201,122672,119.88,failed,online,2025-11-13,NO
867,39889,124158,959.75,failed,online,2025-11-13,NO
1197,17221,126939,937.16,failed,UNKNOWN,2025-11-13,NO
2334,13318,128110,707.04,failed,online,2025-11-13,NO
914,45696,128961,345.29,completed,online,2025-11-13,NO
2444,11928,132409,268.69,failed,online,2025-11-13,NO
2370,13655,133553,1800.8,failed,online,2025-11-13,NO
4916,5127,133831,1295.94,failed,online,2025-11-13,NO
4122,13528,133894,1639.46,completed,online,2025-11-13,NO
2213,13112,135759,212.71,completed,online,2025-11-13,NO
4616,4297,136246,1187.06,failed,online,2025-11-13,NO
2325,30096,139427,392.93,completed,online,2025-11-13,NO
2756,26628,140458,1526.84,completed,online,2025-11-13,NO
898,2827,141502,746.86,completed,online,2025-11-13,NO
1097,29725,142236,204.66,completed,online,2025-11-13,NO
1457,39355,144144,9566.29985418993,completed,online,2025-11-13,NO
1773,23992,144590,1008.56,completed,online,2025-11-13,NO
3806,9395,145050,690.19,failed,online,2025-11-13,NO
242,38961,145329,1464.44,failed,online,2025-11-13,NO
1,8379,147610,837.6,completed,online,2025-11-13,NO
850,40670,1153,7311.919416439931,completed,online,2025-02-06,NO
2547,21677,1345,365.21,failed,online,2025-02-06,NO
2318,8638,1667,1704.51,failed,online,2025-02-06,NO
1427,33274,1726,155.49,failed,online,2025-02-06,NO
1,8031,3461,535.83,failed,online,2025-02-06,NO
3877,35434,5601,1776.14,failed,online,2025-02-06,NO
1,6722,9581,1019.38,completed,online,2025-02-06,NO
1,4277,11453,497.99,failed,online,2025-02-06,NO
432,49002,14590,901.34,failed,online,2025-02-06,NO
1,3994,16830,328.25,completed,online,2025-02-06,NO
1225,24114,17322,809.17,failed,online,2025-02-06,NO
970,40821,17920,1236.82,completed,online,2025-02-06,NO
2633,29085,17990,782.99,completed,online,2025-02-06,NO
2054,22340,18919,1839.7,failed,online,2025-02-06,NO
1,48365,20721,1076.94,completed,online,2025-02-06,NO
1,29528,25919,324.32,completed,online,2025-02-06,NO
425,3235,26829,148.2,completed,online,2025-02-06,NO
3160,30778,27046,315.35,completed,online,2025-02-06,NO
573,28260,27774,1336.65,completed,online,2025-02-06,NO
2933,3935,28443,508.61,failed,online,2025-02-06,NO
1775,2457,30061,1281.45,completed,online,2025-02-06,NO
2466,35939,31578,1309.49,completed,online,2025-02-06,NO
1087,26208,33742,1610.94,failed,online,2025-02-06,NO
436,15206,33832,1144.74,failed,online,2025-02-06,NO
412,27721,36075,524.73,failed,online,2025-02-06,NO
457,21117,39560,715.16,failed,online,2025-02-06,NO
1,14357,40597,235.32,completed,online,2025-02-06,NO
1068,33986,41497,415.4,completed,online,2025-02-06,NO
4281,20071,46921,1378.02,completed,online,2025-02-06,NO
2489,41243,51056,1082.66,failed,online,2025-02-06,NO
2787,11833,51843,347.08,completed,online,2025-02-06,NO
1,13637,52493,1054.62,completed,online,2025-02-06,NO
1335,17546,55731,920.1,completed,online,2025-02-06,NO
3311,18370,57115,618.7,completed,online,2025-02-06,NO
1110,45670,58502,1313.78,completed,online,2025-02-06,NO
1274,2808,58533,1943.56,completed,online,2025-02-06,NO
691,25694,63041,394.54,failed,online,2025-02-06,NO
1328,13537,65426,979.18,completed,online,2025-02-06,NO
2989,15783,68650,748.12,completed,online,2025-02-06,NO
1,44071,69334,1645.64,failed,online,2025-02-06,NO
4913,19468,70253,1303.1,failed,online,2025-02-06,NO
485,49825,70333,739.71,completed,online,2025-02-06,NO
3209,35592,70839,1221.24,failed,online,2025-02-06,NO
3730,40839,73499,1126.34,failed,online,2025-02-06,NO
2201,3378,76140,1368.46,completed,online,2025-02-06,NO
1767,31980,77136,1414.95,completed,online,2025-02-06,NO
1,18645,84729,413.84,completed,online,2025-02-06,NO
1395,18413,87685,1049.32,completed,online,2025-02-06,NO
1,35388,89942,1117.05,failed,online,2025-02-06,NO
1,45976,90292,821.87,completed,online,2025-02-06,NO
1467,28979,91207,1672.53,failed,online,2025-02-06,NO
4118,29398,93770,1212.72,failed,online,2025-02-06,NO
2588,36525,95201,66.07,completed,online,2025-02-06,NO
1,33151,97055,307.48,failed,online,2025-02-06,NO
1,7326,97519,1850.51,completed,online,2025-02-06,NO
4551,19406,99310,1728.14,failed,online,2025-02-06,NO
2743,8052,99516,841.27,failed,online,2025-02-06,NO
1796,15546,103203,301.35,failed,online,2025-02-06,NO
275,4987,104807,1258.59,completed,online,2025-02-06,NO
2151,48025,104831,298.62,completed,online,2025-02-06,NO
4930,47911,105578,1015.23,failed,online,2025-02-06,NO
1953,45216,106896,625.74,failed,online,2025-02-06,NO
90,27556,112654,460.58,failed,online,2025-02-06,NO
4535,30728,112753,9380.7876230997,completed,online,2025-02-06,NO
3310,36599,117429,533.68,failed,online,2025-02-06,NO
2527,23694,118550,589.83,completed,online,2025-02-06,NO
4223,13626,120548,1010.1,failed,online,2025-02-06,NO
363,32539,121222,761.46,completed,online,2025-02-06,NO
1162,44870,121944,999.94,completed,online,2025-02-06,NO
2763,11795,126046,5284.526294404068,failed,online,2025-02-06,NO
731,49368,128339,1362.68,completed,online,2025-02-06,NO
391,31649,129196,161.0,failed,online,2025-02-06,NO
1229,22128,132204,1523.36,completed,online,2025-02-06,NO
1,30684,133025,1147.64,failed,online,2025-02-06,NO
201,4993,134529,238.31,completed,online,2025-02-06,NO
13,15207,135515,1105.19,completed,online,2025-02-06,NO
271,45600,137734,407.96,completed,online,2025-02-06,NO
3174,8831,137856,205.3,failed,online,2025-02-06,NO
1,19680,138543,1649.13,completed,online,2025-02-06,NO
2982,15601,141401,1462.65,failed,online,2025-02-06,NO
794,15764,142342,959.53,failed,online,2025-02-06,NO
1,41705,142664,96.07,failed,online,2025-02-06,NO
4501,20799,143368,1920.94,failed,online,2025-02-06,NO
3922,15484,143868,585.93,failed,online,2025-02-06,NO
2462,13306,145277,1906.7,completed,online,2025-02-06,NO
1,48169,145924,170.0,failed,online,2025-02-06,NO
1,20647,109,1259.86,failed,online,2025-03-15,NO
2775,26721,2123,837.1,completed,online,2025-03-15,NO
2838,10918,2604,1153.85,completed,online,2025-03-15,NO
1079,4409,2843,432.67,completed,online,2025-03-15,NO
3465,16176,3953,1539.17,completed,online,2025-03-15,NO
2580,43990,5574,265.83,failed,online,2025-03-15,NO
3234,42023,7115,1426.17,completed,online,2025-03-15,NO
4769,17666,9036,1637.36,completed,online,2025-03-15,NO
1,11784,10041,668.43,failed,online,2025-03-15,NO
1,40309,12792,966.83,completed,online,2025-03-15,NO
3901,21339,13888,73.19,completed,online,2025-03-15,NO
3171,36920,13918,1966.7,failed,online,2025-03-15,NO
934,3480,19888,1157.38,completed,online,2025-03-15,NO
3099,37410,21986,812.89,completed,online,2025-03-15,NO
3029,24974,22359,1359.14,failed,online,2025-03-15,NO
1,14637,22926,695.45,failed,online,2025-03-15,NO
44,37963,23180,241.59,failed,online,2025-03-15,NO
3539,3190,23251,866.34,completed,online,2025-03-15,NO
3404,7296,23774,1289.87,completed,online,2025-03-15,NO
3376,10955,26373,1922.09,failed,online,2025-03-15,NO
3739,20274,26396,369.16,completed,online,2025-03-15,NO
767,34620,29297,1764.02,failed,online,2025-03-15,NO
1938,7647,29767,1618.4,failed,online,2025-03-15,NO
4479,477,31659,1102.43,completed,online,2025-03-15,NO
4409,37645,32201,1315.37,completed,online,2025-03-15,NO
63,37324,32545,1135.03,failed,online,2025-03-15,NO
3443,25105,34115,935.67,completed,online,2025-03-15,NO
542,24636,34926,1002.42,failed,online,2025-03-15,NO
1,17546,36280,1747.12,failed,online,2025-03-15,NO
2243,28649,41493,1932.45,completed,online,2025-03-15,NO
1351,1572,42934,1583.95,failed,online,2025-03-15,NO
3168,17642,46018,1930.88,completed,online,2025-03-15,NO
1,41711,46828,1567.86,failed,online,2025-03-15,NO
924,38104,48283,1584.13,completed,online,2025-03-15,NO
1,283,50711,369.51,failed,online,2025-03-15,NO
446,4220,51269,813.97,completed,online,2025-03-15,NO
2995,32959,51405,1480.6,failed,online,2025-03-15,NO
1964,32125,52802,439.45,completed,online,2025-03-15,NO
2706,32942,53627,785.68,failed,online,2025-03-15,NO
4005,26108,57764,1527.82,failed,online,2025-03-15,NO
1,5279,58073,1799.92,completed,online,2025-03-15,NO
153,26993,59327,435.05,failed,online,2025-03-15,NO
1719,43386,61404,227.67,failed,online,2025-03-15,NO
1945,22905,63959,314.86,completed,online,2025-03-15,NO
1018,43470,64794,437.23,completed,online,2025-03-15,NO
2144,36780,67308,348.57,failed,online,2025-03-15,NO
3114,38988,67893,188.58,completed,online,2025-03-15,NO
1,49223,69651,1756.31,failed,online,2025-03-15,NO
3302,21239,73479,518.44,completed,online,2025-03-15,NO
4595,16107,73714,1925.36,failed,online,2025-03-15,NO
3096,6089,80050,1565.05,completed,online,2025-03-15,NO
1,3338,80629,1299.4,failed,online,2025-03-15,NO
2835,2354,82061,903.54,completed,online,2025-03-15,NO
4429,34873,86257,1770.83,failed,online,2025-03-15,NO
1,27831,87665,649.36,failed,online,2025-03-15,NO
1446,15128,90499,1480.32,failed,online,2025-03-15,NO
1156,44359,93521,427.31,completed,online,2025-03-15,NO
4151,39831,95170,1968.67,completed,online,2025-03-15,NO
3136,10442,95180,365.86,completed,online,2025-03-15,NO
3060,20119,96280,1271.47,failed,online,2025-03-15,NO
1,29756,99075,570.41,failed,online,2025-03-15,NO
889,48572,99587,1582.58,failed,online,2025-03-15,NO
1949,29856,101488,602.7,failed,online,2025-03-15,NO
922,30027,101819,864.81,completed,online,2025-03-15,NO
717,9744,106242,419.64,failed,online,2025-03-15,NO
109,6569,106593,1380.81,failed,online,2025-03-15,NO
708,48870,107066,1661.36,completed,online,2025-03-15,NO
4076,19082,107154,1142.89,failed,online,2025-03-15,NO
680,18518,109763,27.08,completed,online,2025-03-15,NO
1,16505,110845,1731.77,completed,online,2025-03-15,NO
3011,19712,111700,345.26,completed,online,2025-03-15,NO
1,1803,113962,83.66,completed,online,2025-03-15,NO
733,23020,119949,253.35,completed,online,2025-03-15,NO
3014,38300,120230,384.94,failed,online,2025-03-15,NO
1891,10849,123210,808.24,failed,online,2025-03-15,NO
1,38345,124658,865.45,completed,online,2025-03-15,NO
2749,36430,126708,1467.18,failed,online,2025-03-15,NO
431,14006,127150,1556.06,failed,online,2025-03-15,NO
471,48213,127479,772.43,failed,online,2025-03-15,NO
875,9151,133884,45.64,completed,online,2025-03-15,NO
4776,43498,137995,418.57,completed,online,2025-03-15,NO
1966,34081,139820,456.6,failed,online,2025-03-15,NO
3714,18239,139910,1579.68,failed,online,2025-03-15,NO
297,48981,140212,943.91,failed,online,2025-03-15,NO
322,12104,142772,1398.82,failed,online,2025-03-15,NO
1,19692,143505,469.56,failed,online,2025-03-15,NO
3837,32028,146888,219.79,failed,online,2025-03-15,NO
1914,12370,498,947.91,completed,online,2025-01-13,NO
435,29439,2036,882.48,completed,online,2025-01-13,NO
1572,7356,2413,1275.84,completed,online,2025-01-13,NO
1,8732,6449,103.48,failed,online,2025-01-13,NO
2419,39979,12228,1445.43,failed,online,2025-01-13,NO
146,2832,13481,213.94,completed,online,2025-01-13,NO
3628,25157,13826,1750.01,completed,online,2025-01-13,NO
4223,31671,14666,1670.87,failed,online,2025-01-13,NO
1044,1009,15178,998.09,failed,online,2025-01-13,NO
3697,38427,15220,596.22,completed,online,2025-01-13,NO
2828,41490,16704,785.77,failed,online,2025-01-13,NO
3790,26582,17701,1934.44,completed,online,2025-01-13,NO
20,25900,17848,1678.97,failed,online,2025-01-13,NO
267,7032,19715,234.45,completed,online,2025-01-13,NO
4227,35682,19865,885.91,failed,online,2025-01-13,NO
4186,48441,25013,1665.5,failed,online,2025-01-13,NO
1,12368,30229,625.6,completed,online,2025-01-13,NO
1,35474,33226,1039.31,failed,online,2025-01-13,NO
718,30693,33482,18.23,failed,online,2025-01-13,NO
1034,2021,33583,1008.57,failed,online,2025-01-13,NO
2045,1969,40200,621.33,failed,online,2025-01-13,NO
4899,23220,45908,555.51,failed,online,2025-01-13,NO
4325,39827,45984,1826.2,failed,online,2025-01-13,NO
2454,32537,46710,779.44,completed,online,2025-01-13,NO
12,39054,50470,28.56,failed,online,2025-01-13,NO
1829,18506,52092,1904.63,failed,online,2025-01-13,NO
1,1401,52203,1698.13,failed,online,2025-01-13,NO
2712,4654,52212,1633.19,failed,online,2025-01-13,NO
551,49434,53842,1554.1,failed,online,2025-01-13,NO
1,39692,55220,420.49,completed,online,2025-01-13,NO
4446,7845,56042,708.3,completed,online,2025-01-13,NO
2418,24309,56958,588.71,failed,online,2025-01-13,NO
758,25950,58190,1042.31,completed,online,2025-01-13,NO
1395,49814,59004,22.94,failed,online,2025-01-13,NO
2687,41260,60420,677.65,failed,online,2025-01-13,NO
3787,44483,64954,236.78,completed,online,2025-01-13,NO
2533,48742,65765,1735.0,completed,online,2025-01-13,NO
1,27803,66048,1810.56,completed,online,2025-01-13,NO
2649,46660,68487,396.07,failed,online,2025-01-13,NO
2131,32784,69119,771.39,failed,online,2025-01-13,NO
1,4748,70120,518.25,failed,online,2025-01-13,NO
713,36254,70518,838.96,failed,online,2025-01-13,NO
3090,29197,71786,381.4,completed,online,2025-01-13,NO
2184,12624,73997,1347.25,failed,online,2025-01-13,NO
4109,16941,74992,845.86,failed,online,2025-01-13,NO
1924,29802,75079,103.26,failed,online,2025-01-13,NO
3547,41917,75258,308.53,failed,online,2025-01-13,NO
1545,8378,75929,371.43,failed,online,2025-01-13,NO
4172,40536,76256,157.63,completed,online,2025-01-13,NO
1190,10488,76807,1785.87,completed,online,2025-01-13,NO
2320,5580,79246,471.02,failed,online,2025-01-13,NO
4439,196,92622,897.52,failed,online,2025-01-13,NO
1,19762,97837,513.67,completed,online,2025-01-13,NO
96,47116,98377,860.14,completed,online,2025-01-13,NO
1121,27201,99446,245.86,failed,online,2025-01-13,NO
1570,7278,100069,1705.3,completed,online,2025-01-13,NO
1530,43952,101380,333.91,failed,online,2025-01-13,NO
4893,22577,103676,143.22,completed,online,2025-01-13,NO
1,10369,104057,230.33,completed,online,2025-01-13,NO
1662,6774,106575,1125.3,failed,online,2025-01-13,NO
1453,1154,109414,730.59,completed,online,2025-01-13,NO
1,8279,110464,183.44,completed,online,2025-01-13,NO
4176,19218,111109,325.91,failed,online,2025-01-13,NO
3270,11902,113883,1844.78,completed,online,2025-01-13,NO
2980,17255,114352,1646.28,completed,online,2025-01-13,NO
1,8075,115134,319.18,completed,online,2025-01-13,NO
2238,5727,116846,1399.55,failed,online,2025-01-13,NO
3803,39141,120007,801.62,failed,online,2025-01-13,NO
3068,39570,120273,236.32,completed,online,2025-01-13,NO
3419,27763,120292,502.34,failed,online,2025-01-13,NO
1,11156,120918,1414.73,failed,online,2025-01-13,NO
1320,40968,121375,1979.59,failed,online,2025-01-13,NO
1,29636,121500,850.65,completed,online,2025-01-13,NO
1446,45844,123527,922.01,completed,online,2025-01-13,NO
3573,44550,124038,1240.0,failed,online,2025-01-13,NO
30,47921,125297,1302.85,completed,online,2025-01-13,NO
2677,22482,127379,796.16,completed,online,2025-01-13,NO
3937,9559,129809,59.51,failed,online,2025-01-13,NO
1043,23573,130354,1383.19,failed,online,2025-01-13,NO
1,25248,130876,312.91,completed,online,2025-01-13,NO
2139,14266,134387,973.78,completed,online,2025-01-13,NO
854,28423,139821,119.89,failed,online,2025-01-13,NO
108,27320,142717,1700.81,completed,UNKNOWN,2025-01-13,NO
3970,4558,143720,287.58,completed,online,2025-01-13,NO
473,6058,144445,771.16,completed,online,2025-01-13,NO
1594,20274,145757,1538.16,failed,online,2025-01-13,NO
1925,32482,148829,1784.1,completed,online,2025-01-13,NO
1503,47769,1335,1223.71,completed,online,2025-09-30,NO
3791,28642,2183,67.01,completed,online,2025-09-30,NO
1,16538,3978,835.57,failed,online,2025-09-30,NO
1308,14735,4475,1057.41,failed,UNKNOWN,2025-09-30,NO
2136,20051,5381,1259.51,failed,online,2025-09-30,NO
37,44166,6579,263.84,failed,online,2025-09-30,NO
1029,34958,6660,965.46,failed,online,2025-09-30,NO
468,5734,6996,1173.13,failed,online,2025-09-30,NO
1070,44489,8393,1464.36,completed,online,2025-09-30,NO
576,45704,10748,1365.28,completed,online,2025-09-30,NO
4391,31583,11123,745.01,failed,online,2025-09-30,NO
3404,30294,12993,587.8,failed,online,2025-09-30,NO
4855,43269,14363,618.68,completed,online,2025-09-30,NO
4753,13163,15400,558.12,completed,online,2025-09-30,NO
3865,48431,19943,513.41,failed,online,2025-09-30,NO
2875,4688,21088,1198.93,failed,online,2025-09-30,NO
3203,7224,22363,604.67,failed,online,2025-09-30,NO
3413,31753,24835,685.44,failed,online,2025-09-30,NO
1,35950,28077,1366.71,completed,online,2025-09-30,NO
404,5062,29775,293.5,completed,online,2025-09-30,NO
335,39452,31814,414.04,completed,online,2025-09-30,NO
4881,23366,32346,1652.05,completed,online,2025-09-30,NO
1099,38596,32430,951.94,completed,online,2025-09-30,NO
3324,12959,34001,1358.95,failed,online,2025-09-30,NO
2169,25611,35047,533.84,completed,online,2025-09-30,NO
828,15634,35129,1696.98,completed,online,2025-09-30,NO
4033,40059,35482,1904.55,completed,online,2025-09-30,NO
4697,21393,42095,1863.42,failed,online,2025-09-30,NO
4423,46938,43433,1572.1,completed,online,2025-09-30,NO
103,1007,47828,878.85,failed,online,2025-09-30,NO
302,36327,50296,101.89,failed,online,2025-09-30,NO
255,45291,50601,1255.51,completed,online,2025-09-30,NO
334,16163,51471,1355.51,completed,online,2025-09-30,NO
71,24680,51724,1896.87,failed,online,2025-09-30,NO
4767,11231,52501,1242.57,failed,online,2025-09-30,NO
2649,49225,52769,1810.99,completed,online,2025-09-30,NO
3046,35843,55454,1586.5,failed,online,2025-09-30,NO
3744,25062,56896,1114.18,completed,online,2025-09-30,NO
826,27084,58083,1356.52,completed,online,2025-09-30,NO
469,45552,63819,1632.03,failed,online,2025-09-30,NO
2241,46699,63982,856.59,completed,online,2025-09-30,NO
3616,30291,64190,245.95,failed,online,2025-09-30,NO
3917,24967,67434,801.18,completed,online,2025-09-30,NO
4014,23159,67554,1167.19,completed,online,2025-09-30,NO
1288,3226,67692,360.72,failed,online,2025-09-30,NO
3169,5565,70782,1700.07,failed,online,2025-09-30,NO
3891,39553,72887,901.39,completed,online,2025-09-30,NO
1352,37066,73541,565.23,completed,online,2025-09-30,NO
686,44307,74503,1768.05,failed,online,2025-09-30,NO
2496,31257,76115,442.24,failed,online,2025-09-30,NO
2544,8447,77998,1732.0,failed,online,2025-09-30,NO
1,41973,78564,1687.78,completed,online,2025-09-30,NO
3132,40471,79939,494.41,completed,online,2025-09-30,NO
1452,1584,84102,993.62,failed,online,2025-09-30,NO
4904,1524,85538,273.79,completed,online,2025-09-30,NO
943,19544,86300,918.84,failed,online,2025-09-30,NO
1512,21948,87556,8503.039311338529,completed,online,2025-09-30,NO
3883,15826,89829,504.75,failed,online,2025-09-30,NO
541,41882,91879,36.4,completed,online,2025-09-30,NO
2250,33191,93067,1009.35,completed,online,2025-09-30,NO
2857,25638,93517,1573.81,failed,online,2025-09-30,NO
667,38934,93531,1835.77,failed,online,2025-09-30,NO
3460,6959,99099,239.13,failed,online,2025-09-30,NO
977,1343,100979,320.72,failed,online,2025-09-30,NO
307,30040,101830,1872.88,failed,online,2025-09-30,NO
1197,9349,103218,1268.61,failed,online,2025-09-30,NO
3782,6456,106795,1716.99,failed,online,2025-09-30,NO
1529,16262,107059,538.73,completed,online,2025-09-30,NO
3409,41339,107515,1856.7,failed,online,2025-09-30,NO
3125,13014,111985,1096.77,completed,online,2025-09-30,NO
1,26057,115773,1439.7,failed,online,2025-09-30,NO
582,48583,121111,569.84,failed,online,2025-09-30,NO
1,27411,123542,176.41,completed,online,2025-09-30,NO
1,33670,123636,1423.16,failed,online,2025-09-30,NO
396,7086,125851,629.73,completed,online,2025-09-30,NO
3010,12713,128819,714.07,failed,online,2025-09-30,NO
1,38910,129250,1422.35,completed,online,2025-09-30,NO
3207,11343,132076,1072.7,completed,online,2025-09-30,NO
3297,37544,135126,679.18,completed,online,2025-09-30,NO
3409,6761,135127,1298.56,completed,online,2025-09-30,NO
1,34473,138054,820.73,completed,online,2025-09-30,NO
4415,23267,141353,206.2,failed,online,2025-09-30,NO
149,35413,141720,1653.78,completed,online,2025-09-30,NO
4498,43723,142688,206.47,failed,online,2025-09-30,NO
4362,40215,145645,1273.23,completed,online,2025-09-30,NO
3259,39513,149001,1404.92,failed,online,2025-09-30,NO
1115,42403,434,1164.7,failed,online,2025-02-06,NO
859,18297,520,1502.67,completed,online,2025-02-06,NO
1,30465,4537,1599.47,failed,online,2025-02-06,NO
2762,12882,4916,1962.21,failed,online,2025-02-06,NO
1,32077,6093,1967.97,completed,online,2025-02-06,NO
2564,44770,7350,119.18,failed,online,2025-02-06,NO
4754,30618,9942,1468.07,failed,online,2025-02-06,NO
1153,12301,13687,1351.15,completed,online,2025-02-06,NO
2709,3792,15089,44.71,failed,online,2025-02-06,NO
2128,8807,18393,1466.7,failed,online,2025-02-06,NO
4504,39970,20367,1156.76,failed,online,2025-02-06,NO
1,38300,20466,1636.79,failed,online,2025-02-06,NO
154,32728,20503,1763.4,completed,online,2025-02-06,NO
3359,40596,22118,654.27,failed,UNKNOWN,2025-02-06,NO
1294,1628,24086,1850.93,completed,online,2025-02-06,NO
1,10887,24409,1608.98,failed,online,2025-02-06,NO
3595,25565,26770,33.18,completed,online,2025-02-06,NO
3295,30135,28020,1442.71,failed,online,2025-02-06,NO
71,34745,28290,1475.75,completed,online,2025-02-06,NO
3394,7856,28465,1167.36,failed,online,2025-02-06,NO
2835,25120,29173,1096.46,completed,online,2025-02-06,NO
881,24315,29904,1330.16,completed,UNKNOWN,2025-02-06,NO
1,11840,30740,1333.38,failed,online,2025-02-06,NO
3879,20404,33315,1370.94,completed,online,2025-02-06,NO
1,8164,35010,911.19,completed,online,2025-02-06,NO
4556,3329,39133,1126.97,completed,online,2025-02-06,NO
141,20274,44999,613.63,failed,online,2025-02-06,NO
2135,8168,45560,1770.16,completed,online,2025-02-06,NO
2242,6534,46156,1960.78,completed,online,2025-02-06,NO
3227,8260,55111,1247.74,failed,online,2025-02-06,NO
3030,9425,55183,151.55,completed,online,2025-02-06,NO
415,11160,55965,272.0,failed,online,2025-02-06,NO
1,28631,56605,5478.556465500196,completed,online,2025-02-06,NO
1,8816,64247,1912.79,completed,online,2025-02-06,NO
2716,33213,67910,1811.55,failed,online,2025-02-06,NO
524,23747,68817,1432.72,failed,online,2025-02-06,NO
1821,3059,70646,591.72,completed,online,2025-02-06,NO
1,26776,71500,1762.42,failed,online,2025-02-06,NO
994,38914,71564,1568.2,completed,online,2025-02-06,NO
1,12593,74321,1071.74,completed,online,2025-02-06,NO
1,13527,74393,383.5,failed,online,2025-02-06,NO
3705,22830,75286,1525.32,failed,online,2025-02-06,NO
4822,39272,77189,1114.97,failed,online,2025-02-06,NO
4806,35747,77226,119.8,completed,online,2025-02-06,NO
1,28159,78204,1996.21,failed,UNKNOWN,2025-02-06,NO
1,38970,83642,1900.31,completed,online,2025-02-06,NO
3677,31542,83725,731.57,completed,online,2025-02-06,NO
4807,12829,84986,1005.44,completed,online,2025-02-06,NO
143,43602,85287,426.2,completed,online,2025-02-06,NO
3395,16460,89729,742.76,completed,online,2025-02-06,NO
4874,15124,91137,141.11,failed,online,2025-02-06,NO
1424,18417,91959,476.23,failed,online,2025-02-06,NO
1,10523,92135,1080.06,completed,online,2025-02-06,NO
2061,38550,92817,674.14,completed,online,2025-02-06,NO
3333,15207,95105,1891.41,failed,online,2025-02-06,NO
3139,36505,95401,1494.74,failed,online,2025-02-06,NO
2025,15401,98496,1693.97,failed,online,2025-02-06,NO
899,9861,98650,201.39,completed,online,2025-02-06,NO
916,33781,98793,1097.61,failed,online,2025-02-06,NO
1,40583,100375,418.59,failed,online,2025-02-06,NO
3489,28218,100462,1168.67,completed,online,2025-02-06,NO
1839,8913,100702,219.55,completed,online,2025-02-06,NO
4602,31556,102532,1329.73,failed,online,2025-02-06,NO
1625,43948,109680,1649.03,failed,online,2025-02-06,NO
1373,32514,109829,1731.2,completed,online,2025-02-06,NO
724,28581,110051,1891.7,completed,online,2025-02-06,NO
1990,26638,115728,1853.88,completed,online,2025-02-06,NO
3139,8196,116198,1280.15,completed,online,2025-02-06,NO
2218,12021,118014,74.1,failed,online,2025-02-06,NO
232,763,119774,1762.2,completed,online,2025-02-06,NO
857,30411,121291,902.25,completed,online,2025-02-06,NO
985,8863,129394,1467.76,completed,online,2025-02-06,NO
3819,36723,129435,1689.8,completed,online,2025-02-06,NO
1,31347,130445,210.53,failed,online,2025-02-06,NO
1,46687,132030,983.08,completed,online,2025-02-06,NO
3632,9667,132827,1673.89,completed,online,2025-02-06,NO
4386,30182,133103,45.86,completed,online,2025-02-06,NO
1532,19466,133962,1511.99,completed,online,2025-02-06,NO
2126,10540,137169,1207.44,failed,online,2025-02-06,NO
2525,2214,139057,719.79,failed,online,2025-02-06,NO
2570,26503,142256,100.21,failed,online,2025-02-06,NO
4064,10956,144556,254.01,completed,online,2025-02-06,NO
1,20053,148381,1539.06,completed,online,2025-02-06,NO
3367,12935,148920,842.61,completed,online,2025-02-06,NO
400,48803,149183,40.08,completed,online,2025-02-06,NO
3787,17662,149913,1124.81,failed,online,2025-02-06,NO
4261,23333,2396,899.55,completed,online,2025-08-05,NO
1699,21455,5678,690.62,failed,online,2025-08-05,NO
4448,41935,7184,1150.91,failed,online,2025-08-05,NO
4005,20961,7856,1996.45,completed,online,2025-08-05,NO
1,11365,10015,1830.64,completed,online,2025-08-05,NO
4998,13936,10774,1118.83,completed,online,2025-08-05,NO
44,26601,12148,501.36,failed,online,2025-08-05,NO
4353,30419,12519,1991.28,completed,online,2025-08-05,NO
1357,21240,12948,1432.14,completed,online,2025-08-05,NO
1,40218,20693,255.39,completed,online,2025-08-05,NO
1718,11450,29719,1652.31,failed,online,2025-08-05,NO
2524,30553,31871,1654.01,completed,online,2025-08-05,NO
3015,4902,32304,1695.83,completed,online,2025-08-05,NO
1,16960,35331,1455.15,completed,online,2025-08-05,NO
3972,25229,35701,1162.91,completed,online,2025-08-05,NO
3666,29474,36441,370.76,completed,online,2025-08-05,NO
3898,46590,37857,191.82,failed,online,2025-08-05,NO
3732,35746,39929,1463.25,failed,online,2025-08-05,NO
1,2642,41131,570.73,completed,online,2025-08-05,NO
1163,36621,41768,966.61,failed,online,2025-08-05,NO
1,6533,44290,1207.63,failed,online,2025-08-05,NO
1577,46008,46629,258.13,completed,online,2025-08-05,NO
4539,31877,46968,982.99,completed,online,2025-08-05,NO
1378,31369,51927,204.43,failed,online,2025-08-05,NO
3195,45514,53100,660.55,failed,online,2025-08-05,NO
261,45221,53268,1301.8,completed,online,2025-08-05,NO
4514,11151,55963,626.5,failed,online,2025-08-05,NO
4357,12940,56738,1064.43,completed,online,2025-08-05,NO
3027,29937,60039,1483.4,failed,online,2025-08-05,NO
71,6104,60183,1562.46,completed,online,2025-08-05,NO
74,34554,61217,1153.91,failed,online,2025-08-05,NO
4305,11987,62004,1095.5,failed,online,2025-08-05,NO
45,48780,65001,1646.98,failed,online,2025-08-05,NO
3519,17854,65268,1386.6,failed,online,2025-08-05,NO
1,9926,65699,1226.49,failed,online,2025-08-05,NO
914,47291,67592,293.25,completed,online,2025-08-05,NO
2570,33859,67988,1033.55,failed,online,2025-08-05,NO
3170,7262,70460,1840.86,failed,online,2025-08-05,NO
1,21468,71518,674.51,completed,online,2025-08-05,NO
1,41901,71592,930.21,completed,online,2025-08-05,NO
3049,14962,73650,24.15,completed,online,2025-08-05,NO
1959,31079,75949,1680.35,completed,online,2025-08-05,NO
3136,18152,78689,449.36,completed,online,2025-08-05,NO
3636,27203,80788,1709.53,completed,online,2025-08-05,NO
3804,15787,81774,364.99,completed,online,2025-08-05,NO
568,5479,83554,651.61,failed,online,2025-08-05,NO
3100,32641,87684,870.12,completed,online,2025-08-05,NO
4224,39397,88000,1834.91,completed,online,2025-08-05,NO
2169,26201,90482,142.41,completed,online,2025-08-05,NO
3932,42802,91686,198.37,completed,online,2025-08-05,NO
2423,26961,93341,88.51,completed,online,2025-08-05,NO
3440,4523,95876,36.26,failed,online,2025-08-05,NO
599,22281,96026,112.31,completed,online,2025-08-05,NO
3377,28643,96691,530.85,completed,online,2025-08-05,NO
501,37326,100371,1211.45,completed,online,2025-08-05,NO
4237,37312,100980,1131.01,completed,online,2025-08-05,NO
1759,18322,102993,1376.1,completed,online,2025-08-05,NO
1,32692,104176,654.36,completed,online,2025-08-05,NO
1,23849,105004,1701.13,failed,online,2025-08-05,NO
1015,45265,105253,1448.7,failed,online,2025-08-05,NO
369,33664,105300,1549.07,completed,online,2025-08-05,NO
430,5293,105888,598.92,failed,online,2025-08-05,NO
3388,12444,106535,1585.09,completed,online,2025-08-05,NO
4128,46663,107174,1954.4,completed,online,2025-08-05,NO
1888,43643,107654,859.4,completed,online,2025-08-05,NO
3507,49278,107712,1547.07,failed,online,2025-08-05,NO
3068,45110,113924,1696.48,completed,online,2025-08-05,NO
4384,33360,114206,1092.51,completed,online,2025-08-05,NO
1,19273,116385,1472.71,completed,online,2025-08-05,NO
2106,14629,120843,1694.79,completed,online,2025-08-05,NO
3798,9233,120944,1999.4,completed,online,2025-08-05,NO
4957,28905,121854,76.47,failed,online,2025-08-05,NO
2105,8723,122884,703.52,completed,online,2025-08-05,NO
1522,10762,124647,68.83,failed,online,2025-08-05,NO
648,41647,126370,1511.08,completed,online,2025-08-05,NO
2521,5056,126810,453.87,completed,online,2025-08-05,NO
4732,28242,127355,426.21,completed,online,2025-08-05,NO
77,30829,128814,378.1,completed,online,2025-08-05,NO
2136,14643,137501,1279.14,completed,online,2025-08-05,NO
418,32912,137652,589.61,completed,online,2025-08-05,NO
4102,14761,140912,752.25,completed,online,2025-08-05,NO
1504,48699,143097,308.63,failed,online,2025-08-05,NO
521,4587,144435,1151.39,completed,online,2025-08-05,NO
899,44911,147076,710.37,completed,online,2025-08-05,NO
2861,8231,149954,1882.1,completed,online,2025-08-05,NO
3266,44037,2798,1785.13,completed,online,2025-05-23,NO
4961,36614,2956,248.28,completed,online,2025-05-23,NO
1247,45024,9296,1791.31,completed,online,2025-05-23,NO
4708,33575,13036,336.88,completed,online,2025-05-23,NO
4941,42680,19077,1222.59,failed,online,2025-05-23,NO
2876,36537,22860,797.73,completed,online,2025-05-23,NO
1000,25649,24047,1751.72,completed,online,2025-05-23,NO
1,39711,24875,336.53,completed,online,2025-05-23,NO
1,12993,26581,354.43,completed,online,2025-05-23,NO
889,803,27386,1200.76,completed,online,2025-05-23,NO
1,45328,28420,1486.02,failed,online,2025-05-23,NO
1263,13838,30452,552.09,failed,online,2025-05-23,NO
4955,23733,33529,1237.36,completed,online,2025-05-23,NO
1,26267,35964,1322.59,completed,online,2025-05-23,NO
957,14561,36440,763.6,completed,online,2025-05-23,NO
2533,7665,36577,1838.22,failed,online,2025-05-23,NO
3775,18648,42751,248.86,completed,online,2025-05-23,NO
3537,12693,43740,243.76,completed,online,2025-05-23,NO
1,49474,48091,1945.51,failed,online,2025-05-23,NO
1,41452,48701,190.64,completed,online,2025-05-23,NO
2477,35989,53188,1430.49,failed,online,2025-05-23,NO
3861,45919,55195,914.58,completed,online,2025-05-23,NO
2974,26508,57164,1705.17,completed,online,2025-05-23,NO
3292,39823,57727,77.89,completed,online,2025-05-23,NO
67,46147,60984,1102.96,completed,online,2025-05-23,NO
3731,17503,61033,1000.36,completed,online,2025-05-23,NO
3575,31768,61325,606.73,failed,online,2025-05-23,NO
2385,41956,62120,1864.6,failed,online,2025-05-23,NO
1159,14802,62746,1299.68,completed,online,2025-05-23,NO
1,46151,62806,616.53,failed,online,2025-05-23,NO
328,29934,66434,1196.8,failed,online,2025-05-23,NO
1521,19775,66777,1349.72,completed,online,2025-05-23,NO
1030,22619,70314,1141.36,completed,online,2025-05-23,NO
83,4867,71006,232.54,failed,online,2025-05-23,NO
2653,1745,71321,1824.73,failed,online,2025-05-23,NO
1,24676,72798,328.95,failed,online,2025-05-23,NO
4055,31731,76790,445.69,completed,online,2025-05-23,NO
4961,10797,77686,890.2,failed,online,2025-05-23,NO
3959,25449,77727,275.0,failed,online,2025-05-23,NO
812,49592,78228,740.18,failed,online,2025-05-23,NO
756,31083,79249,1765.48,failed,online,2025-05-23,NO
1496,3587,80349,1787.97,completed,online,2025-05-23,NO
1,18001,80368,1636.97,completed,online,2025-05-23,NO
4332,20532,82250,1681.78,failed,online,2025-05-23,NO
4198,9515,87230,657.68,completed,online,2025-05-23,NO
1,49163,87306,52.78,failed,online,2025-05-23,NO
4802,29427,88751,912.4,completed,UNKNOWN,2025-05-23,NO
4639,1224,89285,7324.260800747372,failed,online,2025-05-23,NO
3909,14982,90216,833.91,failed,online,2025-05-23,NO
1,44592,91854,1745.12,failed,online,2025-05-23,NO
1,39387,93269,117.74,failed,online,2025-05-23,NO
1894,20558,95266,1550.01,completed,online,2025-05-23,NO
3403,7998,95632,1663.78,failed,online,2025-05-23,NO
1673,8135,96004,411.04,failed,online,2025-05-23,NO
4000,31839,101188,612.2,failed,online,2025-05-23,NO
1,30294,107227,1839.64,failed,online,2025-05-23,NO
4493,664,108573,317.83,completed,online,2025-05-23,NO
1499,31124,110240,1829.22,completed,online,2025-05-23,NO
3519,11471,110625,160.74,completed,online,2025-05-23,NO
1,4051,115095,790.23,completed,online,2025-05-23,NO
3677,33378,116377,1053.84,completed,online,2025-05-23,NO
836,47836,116464,875.25,completed,online,2025-05-23,NO
209,8740,117203,1100.65,failed,online,2025-05-23,NO
2562,26633,117450,833.19,failed,online,2025-05-23,NO
3685,8715,117682,201.95,failed,online,2025-05-23,NO
1521,38288,119252,1297.64,failed,online,2025-05-23,NO
1291,33723,120161,1711.6,failed,online,2025-05-23,NO
1896,36132,121561,107.95,failed,online,2025-05-23,NO
1209,21581,122033,1926.88,failed,online,2025-05-23,NO
2657,6644,125185,1164.56,failed,online,2025-05-23,NO
1683,12112,126545,1607.68,completed,online,2025-05-23,NO
1,7311,129646,170.98,failed,online,2025-05-23,NO
1842,26019,130722,1404.77,failed,online,2025-05-23,NO
2316,18686,131326,249.57,failed,online,2025-05-23,NO
3415,14194,131988,1972.61,completed,online,2025-05-23,NO
2747,47934,133154,709.1,failed,online,2025-05-23,NO
1,44483,135237,742.75,completed,online,2025-05-23,NO
4962,42537,137088,1011.73,failed,online,2025-05-23,NO
4497,32348,137868,268.51,failed,online,2025-05-23,NO
4846,42,139323,1256.79,completed,online,2025-05-23,NO
4278,42312,140524,597.21,completed,online,2025-05-23,NO
950,31331,140665,628.45,completed,online,2025-05-23,NO
1664,20309,141772,13.83,completed,online,2025-05-23,NO
1,5993,143224,472.43,failed,online,2025-05-23,NO
1666,35947,143496,295.53,completed,online,2025-05-23,NO
4889,38092,146786,1774.57,completed,online,2025-05-23,NO
3941,15136,1114,122.09,completed,online,2025-01-16,NO
3298,19517,4033,1144.04,failed,online,2025-01-16,NO
1140,12098,4873,1635.58,completed,online,2025-01-16,NO
1,30092,7088,315.05,completed,UNKNOWN,2025-01-16,NO
2270,6696,7454,1147.41,completed,online,2025-01-16,NO
1457,18538,8280,1011.91,completed,online,2025-01-16,NO
3247,30549,8655,1718.98,completed,online,2025-01-16,NO
3570,4567,13517,1678.21,failed,online,2025-01-16,NO
2981,14486,14377,6969.312736398166,failed,online,2025-01-16,NO
459,1463,17798,966.9,completed,online,2025-01-16,NO
1207,48560,20898,1471.52,failed,online,2025-01-16,NO
845,35995,22217,826.76,completed,online,2025-01-16,NO
79,35896,23321,1867.7,failed,UNKNOWN,2025-01-16,NO
1,24095,23582,1549.85,failed,online,2025-01-16,NO
1,34710,27513,1398.77,failed,online,2025-01-16,NO
1,10104,27952,1636.93,completed,online,2025-01-16,NO
1,28531,28246,1972.79,failed,online,2025-01-16,NO
4782,12856,28514,1467.16,completed,online,2025-01-16,NO
244,3095,28976,695.36,completed,online,2025-01-16,NO
4019,24370,30675,772.42,completed,online,2025-01-16,NO
4820,850,35369,492.15,completed,online,2025-01-16,NO
1944,37058,36930,1406.77,completed,online,2025-01-16,NO
1184,36742,37412,694.43,completed,online,2025-01-16,NO
1538,17333,38801,152.04,failed,online,2025-01-16,NO
1,27368,40673,568.13,failed,online,2025-01-16,NO
1100,7112,41471,815.62,failed,online,2025-01-16,NO
1,10586,42076,979.02,completed,online,2025-01-16,NO
4933,39813,42181,1078.22,failed,online,2025-01-16,NO
1,37316,43090,1776.86,failed,online,2025-01-16,NO
4936,33889,44026,1296.11,completed,online,2025-01-16,NO
1911,28799,44884,1849.71,failed,online,2025-01-16,NO
1,15937,49809,1539.87,completed,online,2025-01-16,NO
1999,1719,53482,851.05,failed,online,2025-01-16,NO
1,48472,55863,873.63,completed,online,2025-01-16,NO
1,18396,57479,384.38,completed,online,2025-01-16,NO
1,43451,58080,1952.59,failed,online,2025-01-16,NO
2015,11649,63863,5394.788143833411,failed,online,2025-01-16,NO
1,44555,67531,669.03,failed,online,2025-01-16,NO
4352,23221,67843,682.3,failed,online,2025-01-16,NO
3039,10832,68624,877.42,completed,online,2025-01-16,NO
3069,9867,73431,795.5,completed,online,2025-01-16,NO
3047,34626,73865,1133.56,completed,online,2025-01-16,NO
3274,15790,74553,1488.02,failed,online,2025-01-16,NO
2160,24401,76708,1520.54,failed,online,2025-01-16,NO
4373,5936,78093,1743.55,failed,online,2025-01-16,NO
918,251,78425,1833.45,completed,online,2025-01-16,NO
3677,11428,80590,1683.24,completed,online,2025-01-16,NO
3766,10273,81587,1070.67,failed,online,2025-01-16,NO
518,22104,83391,680.0,failed,online,2025-01-16,NO
1,15542,83421,1193.5,failed,online,2025-01-16,NO
3970,6282,84596,888.47,failed,online,2025-01-16,NO
1,27968,87295,1871.98,completed,online,2025-01-16,NO
283,23844,88621,6399.840542165184,completed,online,2025-01-16,NO
3793,34876,90595,1272.25,failed,online,2025-01-16,NO
1,32176,93816,1273.52,failed,online,2025-01-16,NO
1974,47078,95008,1895.71,failed,online,2025-01-16,NO
1,22834,97478,1981.78,failed,online,2025-01-16,NO
1265,29167,100320,342.94,failed,online,2025-01-16,NO
1715,17969,100800,1631.75,failed,online,2025-01-16,NO
1,13375,107502,1376.23,completed,online,2025-01-16,NO
316,9403,109416,655.18,failed,online,2025-01-16,NO
842,38111,112420,1647.33,completed,online,2025-01-16,NO
918,1791,113359,473.95,completed,online,2025-01-16,NO
1375,30492,113655,327.84,completed,online,2025-01-16,NO
2988,47162,118905,1757.0,failed,online,2025-01-16,NO
3376,15088,120086,1536.37,completed,online,2025-01-16,NO
3376,42891,121820,1430.31,failed,online,2025-01-16,NO
4089,43784,127659,1589.44,completed,online,2025-01-16,NO
1,7003,129004,827.54,completed,online,2025-01-16,NO
1,16931,129547,838.09,failed,online,2025-01-16,NO
2560,6271,130200,392.39,completed,online,2025-01-16,NO
1,37832,130574,439.96,failed,online,2025-01-16,NO
4336,38149,130595,1928.32,failed,online,2025-01-16,NO
3475,22864,131749,1882.93,failed,online,2025-01-16,NO
3086,10745,132147,1820.08,failed,online,2025-01-16,NO
1356,38439,135924,1452.37,completed,online,2025-01-16,NO
517,8751,137078,1969.2,failed,online,2025-01-16,NO
1,17406,139183,1018.3,completed,online,2025-01-16,NO
1133,3132,140214,1716.14,failed,online,2025-01-16,NO
1,21626,140325,1073.72,completed,online,2025-01-16,NO
1,41505,140911,697.36,completed,online,2025-01-16,NO
3992,48645,143248,1467.28,failed,online,2025-01-16,NO
2627,32072,144157,1483.64,failed,online,2025-01-16,NO
1421,30609,144802,1146.88,failed,online,2025-01-16,NO
4832,17011,145527,1840.36,completed,online,2025-01-16,NO
1,45957,146315,1592.01,completed,online,2025-01-16,NO
4422,1099,976,119.69,completed,online,2025-11-23,NO
4848,20151,1019,397.36,completed,online,2025-11-23,NO
4016,4954,1065,108.99,completed,online,2025-11-23,NO
869,32521,2752,715.5,completed,online,2025-11-23,NO
2526,9929,5030,892.07,failed,online,2025-11-23,NO
840,42242,7241,555.75,failed,online,2025-11-23,NO
1618,25906,10683,1374.93,failed,online,2025-11-23,NO
1139,1672,11117,1936.05,failed,online,2025-11-23,NO
4254,48253,11781,202.58,completed,online,2025-11-23,NO
4514,32575,12329,1287.04,failed,online,2025-11-23,NO
1,41654,13488,1532.36,failed,online,2025-11-23,NO
3655,37249,14642,636.32,completed,online,2025-11-23,NO
3338,4065,14714,1516.51,completed,online,2025-11-23,NO
1,46587,19529,974.32,failed,online,2025-11-23,NO
4701,48028,20839,1823.35,failed,online,2025-11-23,NO
1638,25060,21411,1259.2,failed,online,2025-11-23,NO
2541,32993,21937,42.48,failed,online,2025-11-23,NO
4079,25776,27128,821.18,completed,online,2025-11-23,NO
2208,39645,27603,314.04,failed,online,2025-11-23,NO
1456,31765,28847,432.16,completed,online,2025-11-23,NO
3852,49908,29141,295.85,failed,online,2025-11-23,NO
1,1426,35361,1551.59,completed,online,2025-11-23,NO
1,23646,36862,250.91,failed,online,2025-11-23,NO
3633,4643,38150,114.44,failed,online,2025-11-23,NO
1936,44338,39681,1708.16,failed,online,2025-11-23,NO
4617,21223,40573,1688.83,completed,online,2025-11-23,NO
4846,32662,41461,1039.87,completed,online,2025-11-23,NO
336,23608,43644,184.97,completed,online,2025-11-23,NO
3055,34932,46170,1224.36,failed,online,2025-11-23,NO
4535,5426,48141,1296.66,completed,online,2025-11-23,NO
2752,27895,56049,358.9,completed,online,2025-11-23,NO
3883,21531,56727,680.26,failed,online,2025-11-23,NO
1759,27853,57090,1314.56,failed,online,2025-11-23,NO
33,17135,58128,514.53,failed,online,2025-11-23,NO
3201,24192,59398,1935.44,completed,online,2025-11-23,NO
3767,12157,59723,1983.81,completed,online,2025-11-23,NO
1890,33090,62264,155.04,failed,online,2025-11-23,NO
1,32552,64095,1782.94,failed,online,2025-11-23,NO
4810,13849,65512,1801.05,completed,online,2025-11-23,NO
2248,12700,66239,845.63,completed,online,2025-11-23,NO
4640,1905,66852,1076.93,failed,online,2025-11-23,NO
1,14760,67926,1576.9,completed,online,2025-11-23,NO
2566,1681,70462,1803.26,failed,online,2025-11-23,NO
299,49036,70825,1369.34,failed,online,2025-11-23,NO
1373,35515,72662,1711.75,failed,online,2025-11-23,NO
1832,21057,74617,906.07,failed,online,2025-11-23,NO
3271,14960,75335,479.7,completed,online,2025-11-23,NO
4925,32367,75767,1958.5,failed,online,2025-11-23,NO
4366,19936,77210,17.34,completed,online,2025-11-23,NO
3534,20451,78196,126.62,completed,online,2025-11-23,NO
3572,23697,79525,1690.66,completed,online,2025-11-23,NO
1284,43114,79879,1704.31,completed,online,2025-11-23,NO
744,48862,86997,1138.29,failed,online,2025-11-23,NO
4741,48527,88585,1765.61,completed,online,2025-11-23,NO
2404,4446,89561,1296.52,failed,online,2025-11-23,NO
1840,549,89719,1321.72,completed,UNKNOWN,2025-11-23,NO
1,35956,91551,1167.39,failed,online,2025-11-23,NO
3131,2916,98432,820.87,completed,online,2025-11-23,NO
3802,20597,98648,1715.7,completed,online,2025-11-23,NO
2503,29547,100678,1203.41,failed,online,2025-11-23,NO
41,42574,102074,1933.52,failed,online,2025-11-23,NO
3052,48102,103147,1061.35,failed,UNKNOWN,2025-11-23,NO
1,23211,105284,156.87,completed,online,2025-11-23,NO
4607,3581,113387,1853.37,completed,online,2025-11-23,NO
3812,30152,114941,631.03,failed,online,2025-11-23,NO
2966,5536,115843,326.65,completed,online,2025-11-23,NO
2812,15019,118789,722.91,failed,online,2025-11-23,NO
3148,11445,119398,1848.36,failed,online,2025-11-23,NO
2639,4792,122773,1164.97,completed,online,2025-11-23,NO
1,10070,124328,836.23,failed,online,2025-11-23,NO
1210,49161,124541,598.36,failed,online,2025-11-23,NO
4499,16605,127983,332.45,failed,online,2025-11-23,NO
1497,41227,128293,372.35,completed,online,2025-11-23,NO
1,16832,130377,1112.23,completed,online,2025-11-23,NO
2223,4625,133122,679.61,completed,online,2025-11-23,NO
1891,39340,133957,1502.38,completed,online,2025-11-23,NO
83,7406,134114,1260.91,failed,online,2025-11-23,NO
711,15064,134234,781.93,completed,online,2025-11-23,NO
1,10031,135423,1294.8,failed,online,2025-11-23,NO
3680,46427,135597,1784.3,failed,online,2025-11-23,NO
1662,1498,138320,433.65,completed,online,2025-11-23,NO
2327,3585,139547,9912.763832021279,completed,online,2025-11-23,NO
4440,48375,140038,1546.34,failed,online,2025-11-23,NO
597,13800,142352,1974.77,failed,online,2025-11-23,NO
4016,35110,143566,72.3,failed,online,2025-11-23,NO
371,47564,144560,1107.24,failed,online,2025-11-23,NO
1,41588,797,351.32,completed,online,2025-04-20,NO
3837,28679,826,1810.2,completed,online,2025-04-20,NO
3490,38519,3261,1970.8,failed,online,2025-04-20,NO
1305,37385,3474,610.21,completed,online,2025-04-20,NO
3690,46019,3638,1561.4,failed,online,2025-04-20,NO
4530,7245,3931,987.85,completed,online,2025-04-20,NO
1,4263,7559,928.7,completed,online,2025-04-20,NO
2096,37164,7812,699.82,completed,online,2025-04-20,NO
4496,26221,9323,1193.3,failed,online,2025-04-20,NO
1215,32875,9832,1787.72,failed,online,2025-04-20,NO
3235,11584,10841,1424.39,completed,online,2025-04-20,NO
504,35955,11759,726.35,failed,online,2025-04-20,NO
222,41884,12919,1628.92,failed,online,2025-04-20,NO
1,41984,14349,910.44,failed,online,2025-04-20,NO
1758,11208,16133,1332.98,completed,online,2025-04-20,NO
3226,44007,16176,1247.46,completed,online,2025-04-20,NO
4694,23642,16645,268.69,failed,online,2025-04-20,NO
526,7562,18882,1298.73,failed,online,2025-04-20,NO
1727,5920,21615,1439.07,failed,online,2025-04-20,NO
2814,48302,23793,1178.89,failed,online,2025-04-20,NO
2875,31445,24388,999.94,completed,online,2025-04-20,NO
2659,17375,27770,342.73,failed,online,2025-04-20,NO
586,2448,28855,339.44,completed,online,2025-04-20,NO
1,40038,31735,370.34,failed,online,2025-04-20,NO
3498,36567,33399,1227.91,completed,online,2025-04-20,NO
1675,23957,35487,445.56,failed,online,2025-04-20,NO
1,8600,35672,1234.68,failed,online,2025-04-20,NO
2756,45083,37151,354.47,failed,online,2025-04-20,NO
1592,1806,39315,1259.45,failed,online,2025-04-20,NO
1774,33598,41247,39.8,failed,online,2025-04-20,NO
1341,12998,41989,1112.79,completed,online,2025-04-20,NO
4055,36921,45009,119.62,completed,online,2025-04-20,NO
2383,28068,48626,116.0,completed,online,2025-04-20,NO
60,34752,51690,252.51,failed,online,2025-04-20,NO
3363,33328,51704,1186.03,failed,online,2025-04-20,NO
4541,17897,55599,316.34,failed,online,2025-04-20,NO
3581,24289,58953,149.2,failed,online,2025-04-20,NO
4097,19813,61949,1778.26,failed,online,2025-04-20,NO
489,18033,70282,254.52,failed,online,2025-04-20,NO
3563,2723,70817,628.33,failed,online,2025-04-20,NO
1,29758,71922,843.29,completed,online,2025-04-20,NO
564,49454,72104,929.9,completed,online,2025-04-20,NO
1282,14361,73022,935.36,failed,online,2025-04-20,NO
4717,12191,74463,1043.04,failed,online,2025-04-20,NO
1312,28654,75631,1530.68,failed,online,2025-04-20,NO
3961,42991,81231,986.68,completed,online,2025-04-20,NO
1203,19835,81361,1523.39,completed,online,2025-04-20,NO
1,34853,81810,1816.32,failed,online,2025-04-20,NO
601,15239,82126,1954.73,completed,online,2025-04-20,NO
1,12093,82667,1818.69,failed,online,2025-04-20,NO
2616,39197,86041,224.95,failed,online,2025-04-20,NO
3551,42847,86048,838.88,failed,online,2025-04-20,NO
1,17312,86451,1560.61,failed,online,2025-04-20,NO
1610,607,86564,1355.54,completed,online,2025-04-20,NO
1,26895,89013,912.93,failed,online,2025-04-20,NO
389,4431,91674,1561.37,completed,online,2025-04-20,NO
4287,4331,91791,1698.18,failed,online,2025-04-20,NO
930,15334,95753,1940.13,failed,online,2025-04-20,NO
2426,47950,96465,1524.85,failed,online,2025-04-20,NO
3277,18468,100360,1457.13,completed,UNKNOWN,2025-04-20,NO
33,32297,102475,1990.18,completed,online,2025-04-20,NO
1118,27019,102863,829.9,failed,online,2025-04-20,NO
2816,20565,102881,872.99,failed,online,2025-04-20,NO
1,4323,104600,1696.68,completed,online,2025-04-20,NO
4193,12919,107312,1458.36,failed,online,2025-04-20,NO
2698,49076,110807,847.43,failed,online,2025-04-20,NO
4193,3258,116089,1233.12,completed,online,2025-04-20,NO
1481,18652,118701,1096.55,failed,online,2025-04-20,NO
4570,40372,119267,1398.07,completed,online,2025-04-20,NO
2028,11243,120561,390.29,failed,online,2025-04-20,NO
888,33459,122668,405.22,completed,online,2025-04-20,NO
264,11308,123923,1845.86,failed,online,2025-04-20,NO
319,45575,124677,1568.77,failed,online,2025-04-20,NO
1128,34335,127675,1293.94,completed,online,2025-04-20,NO
1,31897,127747,1918.53,failed,online,2025-04-20,NO
1,21900,128458,1815.6,completed,online,2025-04-20,NO
2254,47193,129263,1109.3,completed,online,2025-04-20,NO
4756,19230,133145,785.51,failed,online,2025-04-20,NO
4817,21581,135874,1151.6,failed,online,2025-04-20,NO
1,13312,137391,491.5,completed,online,2025-04-20,NO
3289,40660,139890,1900.55,completed,online,2025-04-20,NO
1035,36576,140236,1319.94,completed,online,2025-04-20,NO
1074,7401,142577,1677.08,failed,online,2025-04-20,NO
3742,6293,143059,442.12,failed,online,2025-04-20,NO
2630,19358,143843,1831.65,failed,online,2025-04-20,NO
4639,47375,146963,1564.63,failed,online,2025-04-20,NO
111,29465,149684,490.45,failed,online,2025-04-20,NO
