product_id,customer_id,transaction_id,amount,status,channel,transaction_date,fraud_flag
1434,19191,1908,739.06,failed,online,2025-10-21,NO
1476,35778,6620,915.91,completed,online,2025-10-21,NO
2988,41838,6722,737.28,completed,online,2025-10-21,NO
4903,13995,7323,1513.23,failed,online,2025-10-21,NO
3927,2811,9861,1159.54,completed,online,2025-10-21,NO
2832,29694,10070,1549.99,completed,online,2025-10-21,NO
1444,26353,13477,1140.35,completed,online,2025-10-21,NO
2946,39061,14124,1514.69,completed,online,2025-10-21,NO
2114,34343,14904,54.56,completed,online,2025-10-21,NO
1574,33806,16295,1030.32,completed,online,2025-10-21,NO
4793,32551,16934,1140.05,completed,online,2025-10-21,NO
271,33646,16942,1401.27,completed,online,2025-10-21,NO
1,47359,21723,908.05,completed,online,2025-10-21,NO
2656,10323,24796,1027.64,completed,online,2025-10-21,NO
356,20860,26226,341.33,failed,online,2025-10-21,NO
4897,46432,29338,1337.13,completed,online,2025-10-21,NO
4672,36232,29566,1330.78,completed,online,2025-10-21,NO
3531,41625,30680,1080.2,completed,online,2025-10-21,NO
4761,2837,31594,1327.46,failed,online,2025-10-21,NO
1,34292,31631,999.26,failed,online,2025-10-21,NO
2981,29675,32016,134.98,completed,online,2025-10-21,NO
3015,15188,33055,1817.05,failed,online,2025-10-21,NO
1033,15442,33707,1992.96,failed,online,2025-10-21,NO
3460,44645,35034,1525.19,completed,online,2025-10-21,NO
4926,11763,35268,1839.71,completed,online,2025-10-21,NO
3716,34907,37759,1992.08,failed,online,2025-10-21,NO
1001,25961,39966,1938.86,failed,online,2025-10-21,NO
4107,17593,41303,463.35,completed,online,2025-10-21,NO
1,9478,41510,824.55,completed,online,2025-10-21,NO
4805,26865,42260,982.65,failed,online,2025-10-21,NO
1,18547,45577,692.84,failed,online,2025-10-21,NO
416,46931,45777,1505.25,completed,online,2025-10-21,NO
1,1300,48398,927.26,completed,online,2025-10-21,NO
4505,11226,49585,1568.04,completed,online,2025-10-21,NO
4522,37076,50101,127.68,completed,online,2025-10-21,NO
584,26314,50948,1822.08,failed,online,2025-10-21,NO
1,6223,51751,1289.73,completed,online,2025-10-21,NO
2789,16380,52786,438.97,completed,online,2025-10-21,NO
4767,12376,56178,637.79,completed,online,2025-10-21,NO
1530,1746,57530,1479.36,failed,online,2025-10-21,NO
2583,26994,60557,1432.31,failed,online,2025-10-21,NO
1,10551,62705,1970.91,completed,online,2025-10-21,NO
1,38121,63975,658.49,failed,online,2025-10-21,NO
3945,22399,64288,1300.97,failed,online,2025-10-21,NO
1786,4171,65519,412.15,completed,online,2025-10-21,NO
172,36468,67833,15.09,failed,online,2025-10-21,NO
3424,14442,70530,318.02,failed,online,2025-10-21,NO
626,37924,71498,211.6,completed,online,2025-10-21,NO
4871,39935,76607,426.36,completed,online,2025-10-21,NO
3112,5425,77679,1868.99,failed,online,2025-10-21,NO
1254,23827,77947,1440.05,completed,online,2025-10-21,NO
4765,1940,80693,1935.88,failed,online,2025-10-21,NO
1401,48548,80923,383.87,failed,online,2025-10-21,NO
254,11288,82621,254.03,failed,online,2025-10-21,NO
839,13069,85944,1458.22,completed,online,2025-10-21,NO
2728,8634,89765,1559.09,completed,online,2025-10-21,NO
1,29436,89877,388.39,failed,online,2025-10-21,NO
3677,46761,90367,600.07,completed,online,2025-10-21,NO
4326,23838,92503,108.56,completed,online,2025-10-21,NO
97,43254,93950,514.27,completed,online,2025-10-21,NO
1569,29549,97416,1183.38,completed,online,2025-10-21,NO
2663,35139,98671,916.74,failed,online,2025-10-21,NO
452,38791,100698,290.07,failed,online,2025-10-21,NO
979,40336,103495,642.63,failed,online,2025-10-21,NO
1343,31534,105804,1071.12,completed,online,2025-10-21,NO
1,39555,107047,868.52,completed,online,2025-10-21,NO
86,40705,107591,821.49,failed,online,2025-10-21,NO
394,40101,108055,1000.99,completed,online,2025-10-21,NO
4776,11289,108682,511.12,failed,online,2025-10-21,NO
2332,41497,109250,792.64,completed,online,2025-10-21,NO
3181,33696,111270,1786.21,completed,online,2025-10-21,NO
1286,25779,111457,1004.33,failed,online,2025-10-21,NO
2139,48143,111961,1186.22,completed,online,2025-10-21,NO
3212,23345,112185,1961.39,failed,online,2025-10-21,NO
1783,45195,112300,1219.94,completed,online,2025-10-21,NO
253,43471,112312,1483.78,completed,online,2025-10-21,NO
3110,18164,114211,446.99,completed,online,2025-10-21,NO
1,48479,115954,1185.07,completed,online,2025-10-21,NO
3239,4161,116696,281.68,completed,online,2025-10-21,NO
1,9433,117851,10.12,failed,online,2025-10-21,NO
2396,34888,119054,970.36,completed,online,2025-10-21,NO
2558,42095,119558,1036.27,failed,online,2025-10-21,NO
1032,8125,122604,955.15,failed,online,2025-10-21,NO
2538,20890,125262,1732.77,completed,online,2025-10-21,NO
929,48140,127432,676.97,completed,online,2025-10-21,NO
1,25325,129102,1506.9,completed,online,2025-10-21,NO
3659,3178,131475,867.97,failed,online,2025-10-21,NO
1,40076,132280,1776.27,completed,online,2025-10-21,NO
3065,12606,132777,355.44,completed,online,2025-10-21,NO
2745,17620,137615,424.72,failed,online,2025-10-21,NO
2925,27325,137828,1792.57,completed,online,2025-10-21,NO
1,26753,139085,821.6,completed,online,2025-10-21,NO
294,29394,139342,1165.61,completed,online,2025-10-21,NO
4854,31832,141063,1240.95,failed,online,2025-10-21,NO
4935,563,142154,1695.61,failed,online,2025-10-21,NO
3467,46588,142388,894.82,failed,online,2025-10-21,NO
3301,3419,145637,5385.961407966808,completed,online,2025-10-21,NO
1855,46184,145824,737.4,failed,online,2025-10-21,NO
291,37633,2042,574.43,failed,online,2025-11-27,NO
476,9504,3349,1506.97,failed,online,2025-11-27,NO
1958,37570,3761,1126.45,completed,online,2025-11-27,NO
832,17132,3876,413.42,failed,UNKNOWN,2025-11-27,NO
1618,44159,6139,1137.94,completed,online,2025-11-27,NO
2099,15197,12509,395.08,failed,online,2025-11-27,NO
3108,7472,12548,1875.9,failed,online,2025-11-27,NO
722,17246,12893,119.47,failed,online,2025-11-27,NO
686,12419,13290,880.82,completed,online,2025-11-27,NO
1443,45433,13523,1992.21,completed,online,2025-11-27,NO
2792,18077,13528,1378.91,failed,online,2025-11-27,NO
4707,27637,18619,171.0,failed,online,2025-11-27,NO
4,11240,18782,706.42,completed,online,2025-11-27,NO
2808,11562,18900,744.44,failed,online,2025-11-27,NO
4070,6363,21545,751.39,failed,online,2025-11-27,NO
4459,10780,22412,1076.1,failed,online,2025-11-27,NO
1,8334,23377,203.33,completed,online,2025-11-27,NO
1923,10059,25883,1829.11,completed,online,2025-11-27,NO
1929,49124,27708,696.17,completed,online,2025-11-27,NO
111,46088,30268,1418.12,failed,online,2025-11-27,NO
3440,41429,30401,458.2,completed,online,2025-11-27,NO
1,20351,31392,976.95,failed,online,2025-11-27,NO
1235,202,32071,510.64,completed,online,2025-11-27,NO
125,16237,32290,1393.8,completed,online,2025-11-27,NO
3164,883,32396,160.67,completed,online,2025-11-27,NO
4673,26219,32427,556.21,completed,online,2025-11-27,NO
4594,23055,33688,1418.45,completed,UNKNOWN,2025-11-27,NO
2524,18839,34401,1460.47,failed,online,2025-11-27,NO
2635,16506,34817,297.05,completed,online,2025-11-27,NO
1,27841,35902,1710.93,failed,online,2025-11-27,NO
1,42919,36604,726.91,completed,online,2025-11-27,NO
86,15271,38315,887.77,completed,online,2025-11-27,NO
3724,49726,38656,944.83,completed,online,2025-11-27,NO
1281,35982,40442,709.31,completed,online,2025-11-27,NO
1,24714,41399,7201.3487068281065,completed,online,2025-11-27,NO
645,28018,47040,195.58,failed,online,2025-11-27,NO
4999,1976,48450,982.35,completed,online,2025-11-27,NO
2252,13035,48571,154.33,failed,online,2025-11-27,NO
1,31058,48878,478.37,failed,online,2025-11-27,NO
116,36284,52626,1183.52,failed,online,2025-11-27,NO
916,48460,53241,56.79,completed,online,2025-11-27,NO
3114,46003,54688,1367.28,failed,online,2025-11-27,NO
3435,41202,55478,1373.83,completed,online,2025-11-27,NO
4069,17055,55612,598.08,completed,online,2025-11-27,NO
4822,28712,56265,1845.22,failed,online,2025-11-27,NO
3501,30053,60805,863.02,failed,online,2025-11-27,NO
1,12832,60877,1398.97,failed,UNKNOWN,2025-11-27,NO
4681,49362,67495,756.49,failed,online,2025-11-27,NO
1,3573,70252,782.12,completed,online,2025-11-27,NO
3582,4066,70427,493.47,completed,online,2025-11-27,NO
1,23125,70980,1253.0,failed,online,2025-11-27,NO
2138,30394,74938,494.94,failed,online,2025-11-27,NO
1,19535,79293,735.38,failed,online,2025-11-27,NO
4801,16695,79785,832.62,completed,online,2025-11-27,NO
2165,36726,80898,1806.41,failed,online,2025-11-27,NO
806,31340,81915,314.55,completed,online,2025-11-27,NO
59,44084,84720,879.17,failed,online,2025-11-27,NO
1,43178,84846,1269.29,completed,online,2025-11-27,NO
1,49714,88527,770.8,completed,online,2025-11-27,NO
3501,27696,96281,1023.32,completed,online,2025-11-27,NO
3276,47359,98094,1555.79,completed,online,2025-11-27,NO
4638,41997,100729,1280.71,completed,online,2025-11-27,NO
58,4009,101111,965.11,completed,online,2025-11-27,NO
3830,41202,103528,156.13,failed,online,2025-11-27,NO
2701,41408,104684,1991.65,failed,online,2025-11-27,NO
3535,47007,107971,1113.83,completed,online,2025-11-27,NO
1546,45146,108036,1434.67,failed,online,2025-11-27,NO
1,7417,109196,1491.13,failed,online,2025-11-27,NO
3911,24954,110843,1427.3,completed,online,2025-11-27,NO
635,35722,113119,1878.12,failed,online,2025-11-27,NO
1648,14290,115989,678.37,completed,online,2025-11-27,NO
1,37818,119872,966.0,completed,online,2025-11-27,NO
1,27312,120095,64.26,failed,online,2025-11-27,NO
4882,25376,122117,912.93,completed,online,2025-11-27,NO
4110,43636,123764,1277.78,failed,online,2025-11-27,NO
1110,33452,124420,1587.37,completed,online,2025-11-27,NO
4169,18434,125242,44.62,completed,online,2025-11-27,NO
4436,4241,126771,286.2,completed,online,2025-11-27,NO
999,48923,127078,1192.34,completed,online,2025-11-27,NO
875,5894,127170,1624.82,completed,online,2025-11-27,NO
870,44246,127195,1064.0,completed,UNKNOWN,2025-11-27,NO
2047,48636,127758,1316.45,failed,online,2025-11-27,NO
2853,31978,128492,1973.89,completed,online,2025-11-27,NO
1,30611,128856,1265.46,completed,online,2025-11-27,NO
1,36150,129742,1821.08,completed,online,2025-11-27,NO
3727,43855,132223,590.74,completed,online,2025-11-27,NO
4509,6247,133374,1078.6,failed,online,2025-11-27,NO
1,18754,134962,1845.49,failed,online,2025-11-27,NO
1,19687,135307,112.83,failed,online,2025-11-27,NO
2848,27703,136555,783.49,failed,online,2025-11-27,NO
1,49612,137208,145.52,completed,online,2025-11-27,NO
3989,45770,137618,1364.38,completed,online,2025-11-27,NO
122,16794,138317,1604.99,completed,online,2025-11-27,NO
4142,14090,138676,1543.58,completed,online,2025-11-27,NO
3779,23488,140252,1518.14,failed,online,2025-11-27,NO
2543,10615,142496,1047.09,failed,online,2025-11-27,NO
1,1242,148231,1441.77,failed,online,2025-11-27,NO
929,9847,148448,1722.55,failed,online,2025-11-27,NO
553,19145,148720,263.88,completed,online,2025-11-27,NO
293,16817,1434,1981.02,completed,online,2025-03-21,NO
1,20897,3388,1481.52,failed,online,2025-03-21,NO
1,12341,4914,1589.28,failed,online,2025-03-21,NO
4432,28927,5599,223.79,completed,online,2025-03-21,NO
908,3699,11611,316.13,failed,online,2025-03-21,NO
1947,46354,11792,1238.92,failed,online,2025-03-21,NO
599,14425,13556,570.78,completed,online,2025-03-21,NO
3099,28114,13878,1052.49,failed,online,2025-03-21,NO
4357,22246,15237,183.14,completed,online,2025-03-21,NO
4350,18223,15408,358.74,failed,online,2025-03-21,NO
2567,40181,18811,239.69,failed,online,2025-03-21,NO
1055,7338,19809,103.95,failed,online,2025-03-21,NO
609,26798,20689,1956.48,completed,online,2025-03-21,NO
4823,30880,25813,988.89,failed,online,2025-03-21,NO
549,39856,26855,5998.62892865536,failed,online,2025-03-21,NO
2464,25778,27098,56.59,completed,online,2025-03-21,NO
2096,33327,28127,1723.9,failed,online,2025-03-21,NO
4367,5019,28247,812.66,completed,online,2025-03-21,NO
390,37744,30985,626.46,completed,online,2025-03-21,NO
1740,26646,31068,1443.18,failed,online,2025-03-21,NO
1,8195,31182,987.05,completed,online,2025-03-21,NO
1,6971,31482,1192.39,completed,online,2025-03-21,NO
3458,41115,32225,1154.01,completed,online,2025-03-21,NO
4020,21982,33456,1264.38,failed,online,2025-03-21,NO
3796,48444,35733,250.51,completed,online,2025-03-21,NO
453,5022,36161,821.71,completed,online,2025-03-21,NO
4675,18516,38329,19.43,completed,online,2025-03-21,NO
834,12465,39268,869.47,failed,online,2025-03-21,NO
645,1903,40005,1294.84,completed,online,2025-03-21,NO
1386,13526,40825,1373.14,completed,online,2025-03-21,NO
2728,36446,41834,1852.73,failed,online,2025-03-21,NO
531,1899,42404,282.46,completed,online,2025-03-21,NO
699,8181,44076,1055.52,completed,online,2025-03-21,NO
1457,29486,46043,1177.79,failed,online,2025-03-21,NO
3866,41589,47639,1690.15,failed,online,2025-03-21,NO
1,11188,49257,1707.51,failed,online,2025-03-21,NO
1660,4210,50751,147.55,failed,online,2025-03-21,NO
1,34744,51663,1584.65,failed,online,2025-03-21,NO
378,3766,52915,189.97,failed,online,2025-03-21,NO
2830,9607,56169,1794.24,failed,online,2025-03-21,NO
2759,20880,56480,1597.05,completed,online,2025-03-21,NO
1013,29282,57792,443.67,failed,online,2025-03-21,NO
2804,34434,60870,537.5,completed,online,2025-03-21,NO
4649,28510,61969,440.0,failed,online,2025-03-21,NO
3666,11758,64971,1225.12,failed,online,2025-03-21,NO
3482,20656,65356,663.71,completed,online,2025-03-21,NO
3512,34222,67207,1171.73,failed,online,2025-03-21,NO
1,19700,68484,1785.48,failed,online,2025-03-21,NO
2302,6434,69742,246.44,completed,online,2025-03-21,NO
4604,27653,70779,540.07,failed,online,2025-03-21,NO
4741,18344,71094,1523.89,completed,online,2025-03-21,NO
4215,28647,74199,701.78,completed,online,2025-03-21,NO
1556,31099,82079,1641.79,failed,online,2025-03-21,NO
1236,22797,83370,14.9,completed,online,2025-03-21,NO
2857,31872,85823,656.88,completed,online,2025-03-21,NO
501,43377,86830,1135.0,failed,online,2025-03-21,NO
4755,42533,89903,661.22,completed,online,2025-03-21,NO
4932,15934,90157,1303.13,failed,online,2025-03-21,NO
1,17752,90781,475.41,failed,online,2025-03-21,NO
1117,5371,91209,1830.18,completed,online,2025-03-21,NO
1,16447,92478,1737.71,failed,online,2025-03-21,NO
1796,29751,94125,672.04,failed,online,2025-03-21,NO
1,789,98875,1402.29,completed,online,2025-03-21,NO
414,30488,102301,73.32,completed,online,2025-03-21,NO
2497,28630,102633,1583.65,completed,online,2025-03-21,NO
4154,15966,102972,1884.99,failed,online,2025-03-21,NO
3359,25866,103907,1075.5,completed,online,2025-03-21,NO
4836,26802,105469,1253.57,failed,online,2025-03-21,NO
3380,5288,107158,1755.63,completed,online,2025-03-21,NO
1,31467,107304,1728.15,failed,online,2025-03-21,NO
3546,1812,108808,1771.79,failed,online,2025-03-21,NO
4367,9315,112078,643.25,failed,online,2025-03-21,NO
926,32810,113752,1183.87,failed,online,2025-03-21,NO
1,43941,113975,479.56,failed,online,2025-03-21,NO
3741,2443,114290,379.69,completed,online,2025-03-21,NO
1,21939,117129,1066.27,failed,online,2025-03-21,NO
3491,32679,118667,604.1,completed,online,2025-03-21,NO
2827,46830,118906,893.6,failed,online,2025-03-21,NO
2091,7785,120203,35.4,completed,online,2025-03-21,NO
4238,1391,122249,711.75,completed,online,2025-03-21,NO
3693,20829,124434,820.1,failed,online,2025-03-21,NO
2395,14555,131206,1059.87,failed,online,2025-03-21,NO
706,10462,132222,987.19,completed,online,2025-03-21,NO
2784,18998,132469,1603.43,completed,online,2025-03-21,NO
4508,24786,134251,1319.13,completed,online,2025-03-21,NO
3795,36424,134388,1862.43,completed,online,2025-03-21,NO
339,1250,135100,735.15,completed,online,2025-03-21,NO
103,26269,135437,1036.94,failed,online,2025-03-21,NO
1,38849,136391,1725.87,completed,online,2025-03-21,NO
3760,25702,136426,669.55,completed,online,2025-03-21,NO
3634,12586,139047,798.72,completed,online,2025-03-21,NO
579,32230,139401,1325.46,completed,online,2025-03-21,NO
1,10473,140079,709.74,failed,online,2025-03-21,NO
146,47791,141456,414.97,failed,online,2025-03-21,NO
1315,44045,141981,1254.03,failed,online,2025-03-21,NO
2610,30582,142658,814.62,completed,online,2025-03-21,NO
712,29342,147882,1669.26,failed,online,2025-03-21,NO
1168,49634,148070,1008.67,failed,online,2025-03-21,NO
4926,31747,149274,1941.79,completed,online,2025-03-21,NO
2035,19612,989,282.66,failed,online,2025-02-28,NO
4367,42293,4944,1623.74,failed,online,2025-02-28,NO
2786,48304,6756,700.56,completed,online,2025-02-28,NO
2491,22407,7472,10.46,failed,online,2025-02-28,NO
4197,13978,8491,302.87,completed,online,2025-02-28,NO
1,31383,8492,402.27,failed,online,2025-02-28,NO
69,9787,9478,441.97,completed,online,2025-02-28,NO
3286,8793,15117,726.99,failed,online,2025-02-28,NO
1209,24856,15862,833.73,completed,online,2025-02-28,NO
1,30748,16315,621.82,failed,online,2025-02-28,NO
3049,49407,17505,1546.67,completed,online,2025-02-28,NO
3250,22987,18040,1389.18,completed,online,2025-02-28,NO
1,49229,18366,1329.88,failed,online,2025-02-28,NO
2490,4482,18375,1900.63,completed,online,2025-02-28,NO
2801,19539,19097,1505.64,completed,online,2025-02-28,NO
1,28958,19263,1870.46,failed,online,2025-02-28,NO
4264,6557,22298,721.31,failed,online,2025-02-28,NO
1151,15257,26106,226.63,completed,online,2025-02-28,NO
1,17173,27133,879.27,failed,online,2025-02-28,NO
4877,6880,27172,1075.97,completed,online,2025-02-28,NO
2899,18409,33840,996.03,completed,online,2025-02-28,NO
1179,36912,34075,736.34,failed,online,2025-02-28,NO
160,24181,35113,1733.82,completed,online,2025-02-28,NO
2441,31744,37314,62.27,completed,online,2025-02-28,NO
812,11571,39772,1262.46,completed,online,2025-02-28,NO
4618,31813,39806,1566.34,failed,online,2025-02-28,NO
2950,34787,39894,1106.07,failed,online,2025-02-28,NO
169,9552,40532,907.35,failed,online,2025-02-28,NO
769,18480,49660,1663.92,failed,online,2025-02-28,NO
4387,14029,50488,1659.13,failed,online,2025-02-28,NO
4780,28296,53462,1396.79,completed,online,2025-02-28,NO
1,20100,54167,801.51,failed,online,2025-02-28,NO
2128,33575,55778,1986.63,completed,online,2025-02-28,NO
3841,47958,58615,1363.5,failed,online,2025-02-28,NO
4693,39148,60651,806.38,completed,online,2025-02-28,NO
2401,31557,62586,544.14,completed,online,2025-02-28,NO
3993,41752,63497,822.12,completed,online,2025-02-28,NO
1273,5455,64100,1951.95,failed,online,2025-02-28,NO
3768,4115,65329,787.15,completed,online,2025-02-28,NO
96,29328,65414,32.43,failed,online,2025-02-28,NO
942,30870,65439,1630.16,failed,online,2025-02-28,NO
2801,37103,66516,1584.53,completed,online,2025-02-28,NO
3724,20823,66717,1748.4,completed,online,2025-02-28,NO
1,13750,71134,1327.14,completed,online,2025-02-28,NO
4838,33031,71272,90.38,failed,online,2025-02-28,NO
2583,31397,72585,1301.4,failed,online,2025-02-28,NO
1640,33773,73958,1838.19,completed,online,2025-02-28,NO
4602,17025,75409,103.43,failed,online,2025-02-28,NO
1327,6934,76021,470.66,failed,online,2025-02-28,NO
4387,18902,77621,1414.09,failed,online,2025-02-28,NO
3744,40521,79526,1899.44,failed,online,2025-02-28,NO
3753,4662,80277,1001.12,failed,UNKNOWN,2025-02-28,NO
4479,37584,81192,758.63,failed,online,2025-02-28,NO
1,38909,81550,1595.24,completed,online,2025-02-28,NO
2886,24622,83662,1722.31,failed,online,2025-02-28,NO
295,17308,85704,1193.07,completed,online,2025-02-28,NO
939,30521,87236,45.4,completed,online,2025-02-28,NO
759,32879,88583,638.84,failed,online,2025-02-28,NO
822,30058,88602,483.41,failed,online,2025-02-28,NO
4040,17420,89185,212.12,completed,online,2025-02-28,NO
1,1182,90772,1718.8,failed,online,2025-02-28,NO
999,24652,97031,194.02,failed,online,2025-02-28,NO
1,6839,103549,257.23,completed,online,2025-02-28,NO
25,17374,106681,1916.08,completed,online,2025-02-28,NO
1321,39856,107084,603.91,completed,online,2025-02-28,NO
1624,28859,107360,1203.33,failed,online,2025-02-28,NO
1014,479,107520,1684.16,failed,UNKNOWN,2025-02-28,NO
1357,44178,107706,1229.2,failed,online,2025-02-28,NO
3104,19668,111317,506.09,failed,online,2025-02-28,NO
2240,18210,111967,1285.66,failed,online,2025-02-28,NO
2416,33561,112368,568.95,completed,online,2025-02-28,NO
4090,21881,113220,1749.15,failed,online,2025-02-28,NO
952,48218,116115,717.83,failed,online,2025-02-28,NO
1366,12173,117044,1454.93,failed,online,2025-02-28,NO
2833,20002,119211,1810.62,failed,online,2025-02-28,NO
4919,27602,119636,749.77,completed,online,2025-02-28,NO
4904,31502,122574,1460.34,completed,online,2025-02-28,NO
1256,3628,123191,1702.76,completed,online,2025-02-28,NO
2451,41517,125453,235.88,completed,online,2025-02-28,NO
1,28477,125971,1724.13,failed,online,2025-02-28,NO
1,24744,127719,1084.53,completed,online,2025-02-28,NO
997,15446,129204,1645.38,completed,online,2025-02-28,NO
1650,29301,131469,818.49,completed,online,2025-02-28,NO
1,31873,132141,1143.75,failed,online,2025-02-28,NO
3959,31820,134154,374.62,failed,online,2025-02-28,NO
3064,15026,136209,1151.02,completed,online,2025-02-28,NO
1,45566,136219,162.05,failed,online,2025-02-28,NO
3026,21009,136959,184.74,completed,online,2025-02-28,NO
4999,6574,137251,857.95,failed,online,2025-02-28,NO
404,17582,138220,1948.61,failed,online,2025-02-28,NO
3080,17134,138358,8007.132464978418,failed,online,2025-02-28,NO
1343,27722,140547,1054.41,completed,online,2025-02-28,NO
3304,32559,145797,240.23,completed,online,2025-02-28,NO
2347,40101,145877,321.2,failed,online,2025-02-28,NO
1959,47196,146635,45.78,completed,online,2025-02-28,NO
1582,41694,148181,942.64,failed,online,2025-02-28,NO
3068,44735,148513,190.8,failed,online,2025-02-28,NO
4570,19353,149411,1139.04,failed,online,2025-02-28,NO
3365,45623,149505,1261.51,failed,online,2025-02-28,NO
4370,46890,691,1847.11,failed,online,2025-04-07,NO
2275,17162,1698,1080.87,completed,online,2025-04-07,NO
1,20581,2720,427.44,completed,online,2025-04-07,NO
1,38301,2966,150.15,completed,online,2025-04-07,NO
3005,30612,3301,1300.81,completed,online,2025-04-07,NO
1,27305,7209,1304.75,failed,online,2025-04-07,NO
1,39866,10141,451.98,failed,online,2025-04-07,NO
1,11783,13568,567.56,completed,UNKNOWN,2025-04-07,NO
3341,40962,13944,397.4,failed,online,2025-04-07,NO
667,28300,14111,275.59,completed,online,2025-04-07,NO
1,4683,14553,1405.92,completed,online,2025-04-07,NO
1,16504,15343,896.14,completed,online,2025-04-07,NO
1127,22114,16040,19.91,failed,online,2025-04-07,NO
1,37768,20207,151.51,failed,online,2025-04-07,NO
1559,34813,24557,361.47,failed,online,2025-04-07,NO
611,1187,24949,1998.8,completed,online,2025-04-07,NO
560,16774,25059,72.27,failed,online,2025-04-07,NO
100,29853,32285,1598.62,failed,online,2025-04-07,NO
1947,9271,34848,1650.83,failed,online,2025-04-07,NO
4760,45145,35758,1744.5,completed,online,2025-04-07,NO
123,14560,36955,480.88,failed,online,2025-04-07,NO
1,12035,37546,1257.13,completed,online,2025-04-07,NO
4652,10859,38938,448.26,failed,online,2025-04-07,NO
2530,40923,40616,306.74,failed,online,2025-04-07,NO
3207,46709,40999,1593.83,failed,online,2025-04-07,NO
2523,33941,42090,463.8,failed,online,2025-04-07,NO
1083,16304,43214,608.16,completed,online,2025-04-07,NO
2212,30007,45107,67.8,failed,online,2025-04-07,NO
2989,26358,46928,566.22,failed,online,2025-04-07,NO
327,49511,49170,144.25,completed,online,2025-04-07,NO
4439,15800,49770,1378.78,failed,online,2025-04-07,NO
3665,35193,50328,1647.33,failed,online,2025-04-07,NO
675,17222,50828,537.59,completed,online,2025-04-07,NO
4224,24524,51110,362.06,failed,online,2025-04-07,NO
1,19341,52052,1051.46,failed,online,2025-04-07,NO
1,38173,52093,1886.63,completed,online,2025-04-07,NO
2881,20130,52198,1248.05,completed,online,2025-04-07,NO
1832,41392,53611,383.96,failed,online,2025-04-07,NO
4164,10615,56114,245.62,failed,online,2025-04-07,NO
4165,25634,59405,1521.26,failed,online,2025-04-07,NO
89,48395,64469,538.16,failed,online,2025-04-07,NO
4891,44288,64696,1067.34,completed,online,2025-04-07,NO
4091,35356,65109,19.76,completed,online,2025-04-07,NO
555,18938,67183,254.84,failed,online,2025-04-07,NO
4731,31039,70037,879.15,completed,online,2025-04-07,NO
4123,4554,70664,1431.71,completed,online,2025-04-07,NO
4391,22301,72203,1352.49,failed,online,2025-04-07,NO
1020,31696,73631,1502.02,completed,online,2025-04-07,NO
2062,31029,73996,1990.46,failed,online,2025-04-07,NO
2579,31779,74385,456.06,completed,UNKNOWN,2025-04-07,NO
670,14031,74450,548.78,failed,online,2025-04-07,NO
670,10680,77739,1640.62,completed,online,2025-04-07,NO
4380,40686,81354,605.52,failed,online,2025-04-07,NO
183,189,82663,470.36,completed,online,2025-04-07,NO
3457,15241,83274,1411.58,completed,online,2025-04-07,NO
1061,31526,87555,712.86,completed,online,2025-04-07,NO
1,12837,89803,1799.57,failed,online,2025-04-07,NO
1098,15087,90509,923.36,failed,UNKNOWN,2025-04-07,NO
4851,26569,91804,1426.81,completed,online,2025-04-07,NO
4674,45219,92463,1263.32,failed,online,2025-04-07,NO
3551,1501,92653,722.21,completed,online,2025-04-07,NO
4986,29997,95474,1566.3,completed,online,2025-04-07,NO
1803,43715,101584,1857.42,failed,online,2025-04-07,NO
4052,4253,102127,1947.28,completed,online,2025-04-07,NO
4934,43153,104351,506.55,completed,online,2025-04-07,NO
4009,870,104897,1957.85,failed,online,2025-04-07,NO
4117,17287,104922,1943.68,completed,online,2025-04-07,NO
4338,35285,105722,1742.1,completed,online,2025-04-07,NO
2585,48099,105756,926.7,completed,online,2025-04-07,NO
3135,18843,106658,431.38,completed,online,2025-04-07,NO
576,30758,106790,1756.48,failed,online,2025-04-07,NO
1553,35795,107121,1039.59,completed,online,2025-04-07,NO
1723,25100,109990,1906.41,failed,online,2025-04-07,NO
79,6072,111732,1055.27,completed,online,2025-04-07,NO
4091,421,112332,1710.95,failed,online,2025-04-07,NO
3875,20330,114527,1086.08,failed,online,2025-04-07,NO
552,10929,116245,625.57,failed,online,2025-04-07,NO
4460,49574,117594,1831.14,completed,online,2025-04-07,NO
488,15734,118844,126.02,failed,online,2025-04-07,NO
1345,49107,118899,538.44,completed,online,2025-04-07,NO
1978,26408,120887,501.92,failed,online,2025-04-07,NO
3552,14829,124673,1219.74,failed,online,2025-04-07,NO
2388,24100,125071,88.23,failed,online,2025-04-07,NO
908,5098,126824,1787.62,failed,online,2025-04-07,NO
1769,16774,128100,1542.11,completed,online,2025-04-07,NO
2546,34352,128118,1789.24,completed,online,2025-04-07,NO
4820,10954,129191,1099.5,completed,online,2025-04-07,NO
1,25446,130368,1425.37,completed,online,2025-04-07,NO
1,28690,131286,817.25,failed,online,2025-04-07,NO
1,46473,134147,918.99,failed,online,2025-04-07,NO
4193,34468,139305,1139.18,failed,online,2025-04-07,NO
3407,41909,142325,940.28,completed,online,2025-04-07,NO
3771,14424,142401,239.26,completed,online,2025-04-07,NO
1567,30994,142632,1181.01,failed,online,2025-04-07,NO
4206,46893,143570,1854.85,failed,online,2025-04-07,NO
2783,19361,144319,13.39,failed,online,2025-04-07,NO
2725,13509,147391,523.54,completed,online,2025-04-07,NO
1,19377,148266,301.07,completed,online,2025-04-07,NO
4780,34791,149756,1055.55,completed,online,2025-04-07,NO
4743,26915,461,456.95,failed,online,2025-08-13,NO
1083,42946,2356,963.85,completed,online,2025-08-13,NO
1,24621,3656,1701.05,failed,online,2025-08-13,NO
1,32205,5511,1996.77,completed,online,2025-08-13,NO
1,533,8799,1231.72,completed,online,2025-08-13,NO
2419,40938,9204,373.81,failed,online,2025-08-13,NO
2265,31666,12068,1285.29,failed,online,2025-08-13,NO
1,4670,14689,1217.85,failed,online,2025-08-13,NO
1,18249,16108,1398.27,failed,online,2025-08-13,NO
4331,45636,19594,378.22,failed,online,2025-08-13,NO
3219,12100,22123,870.14,failed,online,2025-08-13,NO
4671,33468,23917,1258.36,failed,online,2025-08-13,NO
1885,34427,26328,460.95,completed,online,2025-08-13,NO
3484,19938,27384,1035.02,failed,online,2025-08-13,NO
1748,26894,28684,694.34,failed,online,2025-08-13,NO
677,13460,29050,684.87,failed,online,2025-08-13,NO
1102,31103,31044,578.33,completed,online,2025-08-13,NO
3928,25519,31616,1950.3,completed,online,2025-08-13,NO
1,41316,34139,1248.75,completed,online,2025-08-13,NO
1310,42001,36037,1247.34,failed,online,2025-08-13,NO
4794,25196,36851,49.48,completed,online,2025-08-13,NO
1,49108,37970,184.66,completed,online,2025-08-13,NO
3993,30900,39526,70.15,failed,online,2025-08-13,NO
2078,30403,40813,281.83,completed,online,2025-08-13,NO
4749,37513,40875,250.74,completed,online,2025-08-13,NO
44,49478,40914,1315.16,completed,online,2025-08-13,NO
4987,11534,41177,518.68,failed,online,2025-08-13,NO
1186,49784,42032,117.11,failed,online,2025-08-13,NO
4024,43829,42326,1160.81,completed,online,2025-08-13,NO
357,48301,47969,876.99,failed,online,2025-08-13,NO
4479,15137,48731,1273.65,failed,online,2025-08-13,NO
1,33724,53817,481.84,failed,online,2025-08-13,NO
1,20696,54668,842.89,failed,online,2025-08-13,NO
896,30063,54878,812.07,completed,online,2025-08-13,NO
2315,21878,55023,418.34,completed,online,2025-08-13,NO
3314,25226,56792,1826.74,failed,online,2025-08-13,NO
4532,41743,56988,152.91,completed,online,2025-08-13,NO
1,48382,58929,151.12,completed,online,2025-08-13,NO
4191,12975,59109,1984.58,completed,online,2025-08-13,NO
1956,2303,59517,1096.76,completed,online,2025-08-13,NO
208,47946,59854,1705.26,completed,online,2025-08-13,NO
299,6088,60095,796.97,failed,online,2025-08-13,NO
4617,38373,61200,360.45,failed,online,2025-08-13,NO
1,32651,61779,1026.67,completed,online,2025-08-13,NO
328,40282,63100,881.14,completed,online,2025-08-13,NO
1,43058,63540,1848.86,failed,online,2025-08-13,NO
4034,29292,65464,1175.38,completed,online,2025-08-13,NO
2727,30572,66011,1063.07,completed,online,2025-08-13,NO
1953,18070,69251,1055.48,completed,online,2025-08-13,NO
2171,44685,70140,97.31,failed,online,2025-08-13,NO
3411,44902,72779,503.02,failed,online,2025-08-13,NO
4402,18150,73199,467.95,failed,online,2025-08-13,NO
1426,17733,73724,1180.93,failed,online,2025-08-13,NO
2080,9611,74885,1622.69,completed,online,2025-08-13,NO
2212,374,75504,1027.41,failed,online,2025-08-13,NO
1241,37451,75740,70.18,failed,online,2025-08-13,NO
2227,36514,75843,743.16,failed,online,2025-08-13,NO
652,12698,80783,87.66,failed,online,2025-08-13,NO
4051,11871,84399,448.93,failed,online,2025-08-13,NO
884,4516,84893,1331.17,failed,online,2025-08-13,NO
1192,10574,85694,1985.28,completed,online,2025-08-13,NO
4269,48314,85781,1279.49,failed,online,2025-08-13,NO
1,19335,86072,1435.88,completed,online,2025-08-13,NO
1152,15883,88159,63.99,failed,online,2025-08-13,NO
2669,43111,89182,311.96,completed,online,2025-08-13,NO
2858,40791,90129,122.68,failed,online,2025-08-13,NO
3455,3536,90984,1315.98,failed,online,2025-08-13,NO
1,6323,91282,1348.44,completed,online,2025-08-13,NO
2192,41232,92656,31.55,failed,online,2025-08-13,NO
2727,48656,93056,1155.97,completed,online,2025-08-13,NO
2220,41395,97026,1201.85,completed,online,2025-08-13,NO
4218,28584,98103,1834.89,completed,online,2025-08-13,NO
3172,34018,101511,1527.89,failed,online,2025-08-13,NO
1438,402,102101,159.12,failed,online,2025-08-13,NO
1,22497,106094,1234.77,completed,online,2025-08-13,NO
2108,28559,106647,1930.81,completed,online,2025-08-13,NO
2292,28311,107694,1827.47,failed,online,2025-08-13,NO
1,29418,108210,1655.97,completed,online,2025-08-13,NO
3193,47141,110641,6375.860566204731,completed,online,2025-08-13,NO
2523,2213,110729,1326.47,failed,online,2025-08-13,NO
1374,30720,113015,1206.39,failed,online,2025-08-13,NO
4797,4527,113392,1094.12,completed,online,2025-08-13,NO
1,49501,116233,1965.42,failed,online,2025-08-13,NO
1513,46466,117858,196.93,completed,online,2025-08-13,NO
3660,28019,120440,1833.94,failed,online,2025-08-13,NO
984,13973,125073,918.8,failed,online,2025-08-13,NO
2898,14981,128682,871.44,completed,online,2025-08-13,NO
3683,22792,129414,1519.0,completed,online,2025-08-13,NO
4782,617,131191,1994.96,completed,online,2025-08-13,NO
1901,26893,131500,196.13,completed,online,2025-08-13,NO
63,49626,136889,1132.84,failed,online,2025-08-13,NO
1444,5188,137247,834.27,completed,online,2025-08-13,NO
4019,27502,137919,684.67,completed,online,2025-08-13,NO
213,46184,140741,1756.31,completed,online,2025-08-13,NO
2798,31,142019,235.57,failed,online,2025-08-13,NO
1845,25468,144537,1784.05,completed,online,2025-08-13,NO
2187,11748,147132,1792.78,failed,online,2025-08-13,NO
3449,7128,148031,1771.39,failed,online,2025-08-13,NO
3743,8271,149419,1704.62,completed,online,2025-08-13,NO
3914,46419,515,1212.46,completed,online,2025-12-18,NO
1507,19976,4205,1799.67,failed,online,2025-12-18,NO
2237,19483,6708,1196.88,completed,online,2025-12-18,NO
1,28504,8841,1796.91,completed,online,2025-12-18,NO
1043,9635,9190,1103.69,failed,online,2025-12-18,NO
4364,49979,11762,1635.58,failed,UNKNOWN,2025-12-18,NO
831,5,13069,977.73,completed,online,2025-12-18,NO
1776,14931,14123,654.69,failed,online,2025-12-18,NO
3296,39375,14299,944.73,completed,online,2025-12-18,NO
2437,18211,16293,1016.98,failed,online,2025-12-18,NO
3754,33528,16409,1575.0,failed,online,2025-12-18,NO
4488,19067,18176,41.71,failed,online,2025-12-18,NO
3882,40524,18444,179.7,completed,online,2025-12-18,NO
1,1851,20757,328.3,failed,online,2025-12-18,NO
2719,31039,27134,1441.92,completed,online,2025-12-18,NO
3953,15666,28183,362.81,failed,online,2025-12-18,NO
4529,44701,29269,1111.43,failed,online,2025-12-18,NO
2534,40743,30651,1548.86,failed,online,2025-12-18,NO
3906,34561,33579,899.81,completed,online,2025-12-18,NO
3970,45489,33758,994.95,failed,online,2025-12-18,NO
3692,11036,35159,1948.63,failed,online,2025-12-18,NO
1973,47044,35607,811.25,failed,online,2025-12-18,NO
678,26656,36378,1916.14,failed,online,2025-12-18,NO
2428,3479,38626,369.39,failed,online,2025-12-18,NO
1,46622,40798,1492.85,failed,online,2025-12-18,NO
2893,11064,43586,278.25,completed,online,2025-12-18,NO
1167,4303,45178,241.96,completed,online,2025-12-18,NO
1,10683,46865,1850.44,completed,online,2025-12-18,NO
1,32883,46950,1868.57,completed,online,2025-12-18,NO
3707,47576,52216,876.89,failed,online,2025-12-18,NO
1,24689,52777,275.87,failed,online,2025-12-18,NO
2638,48162,53233,1136.12,completed,online,2025-12-18,NO
3472,31199,53847,603.87,failed,online,2025-12-18,NO
1,48934,54809,1673.05,failed,online,2025-12-18,NO
1552,1101,55267,196.36,failed,online,2025-12-18,NO
1,36621,55552,1812.53,failed,online,2025-12-18,NO
2307,24178,57898,1083.09,completed,online,2025-12-18,NO
2744,40394,59099,440.41,completed,online,2025-12-18,NO
1,38857,62249,1226.16,failed,online,2025-12-18,NO
1246,24408,63370,1068.05,failed,online,2025-12-18,NO
2205,17438,64799,1501.83,completed,online,2025-12-18,NO
1339,40397,65068,1876.28,failed,online,2025-12-18,NO
1,6995,65840,1141.69,completed,online,2025-12-18,NO
218,18105,66501,426.05,completed,online,2025-12-18,NO
1,8856,69756,922.97,failed,online,2025-12-18,NO
1,22025,70172,1980.54,failed,online,2025-12-18,NO
2439,29150,70853,1735.13,failed,online,2025-12-18,NO
4524,44479,73025,402.13,completed,online,2025-12-18,NO
3370,12218,73507,1227.76,failed,online,2025-12-18,NO
4167,43198,74060,1739.11,completed,online,2025-12-18,NO
3880,15527,74394,1884.51,failed,online,2025-12-18,NO
3187,44445,74670,1896.63,completed,online,2025-12-18,NO
907,3776,77611,1387.8,completed,online,2025-12-18,NO
3580,2446,77746,1580.79,completed,online,2025-12-18,NO
867,16901,79761,758.6,completed,online,2025-12-18,NO
57,29961,81065,702.96,completed,online,2025-12-18,NO
4955,41373,84192,1495.3,completed,online,2025-12-18,NO
22,46560,85198,472.06,failed,online,2025-12-18,NO
1,33252,85786,1990.44,completed,online,2025-12-18,NO
365,35962,90323,1057.27,failed,online,2025-12-18,NO
107,14689,92214,1092.13,completed,online,2025-12-18,NO
1,49081,93289,1652.94,completed,online,2025-12-18,NO
1087,35184,95382,943.53,failed,online,2025-12-18,NO
1597,37933,97656,1231.15,failed,online,2025-12-18,NO
3171,44905,97910,570.52,failed,online,2025-12-18,NO
1,6451,98349,1371.11,failed,online,2025-12-18,NO
558,3395,99289,1204.17,completed,online,2025-12-18,NO
3774,29620,105669,873.75,completed,online,2025-12-18,NO
981,37160,108445,606.89,failed,online,2025-12-18,NO
3603,27594,109094,197.63,failed,online,2025-12-18,NO
4950,49618,109206,535.36,failed,online,2025-12-18,NO
4775,20044,111879,1786.43,failed,online,2025-12-18,NO
3241,41271,112723,1230.89,completed,online,2025-12-18,NO
1,31635,114676,560.83,completed,online,2025-12-18,NO
1,19415,115452,911.56,failed,online,2025-12-18,NO
20,2300,116958,1502.6,failed,online,2025-12-18,NO
2864,19565,116971,1633.64,failed,online,2025-12-18,NO
1,17494,117687,56.45,failed,online,2025-12-18,NO
3932,21027,119217,1322.52,completed,online,2025-12-18,NO
1,34023,120248,27.5,completed,online,2025-12-18,NO
600,13662,121844,148.18,failed,online,2025-12-18,NO
1137,22079,122923,1516.27,failed,online,2025-12-18,NO
1,18282,123707,112.21,failed,online,2025-12-18,NO
2504,3452,126065,586.75,completed,online,2025-12-18,NO
2732,17733,126313,796.04,completed,online,2025-12-18,NO
1463,25363,128344,673.91,failed,online,2025-12-18,NO
1277,24563,131484,447.41,completed,online,2025-12-18,NO
1203,47670,133190,1122.07,completed,online,2025-12-18,NO
97,1138,134011,7894.696953328264,completed,online,2025-12-18,NO
780,34163,137023,1814.19,failed,online,2025-12-18,NO
3285,27104,138073,1967.06,failed,online,2025-12-18,NO
3046,44077,138231,643.07,completed,online,2025-12-18,NO
1206,20567,140810,1565.92,completed,online,2025-12-18,NO
4939,9853,140897,334.56,completed,online,2025-12-18,NO
1350,35755,142020,1072.76,completed,online,2025-12-18,NO
4659,8701,142430,907.58,completed,online,2025-12-18,NO
91,30124,146564,992.2,completed,online,2025-12-18,NO
293,35101,148806,1793.72,failed,online,2025-12-18,NO
3557,45103,149874,372.13,completed,online,2025-12-18,NO
3852,24618,1135,356.77,failed,online,2025-05-14,NO
887,19664,2531,1194.56,failed,online,2025-05-14,NO
116,41648,3359,1247.45,failed,online,2025-05-14,NO
1286,47079,4526,689.69,completed,online,2025-05-14,NO
1,8957,4617,663.84,failed,online,2025-05-14,NO
3059,21784,9226,1708.71,completed,online,2025-05-14,NO
3394,21292,9538,1645.48,completed,online,2025-05-14,NO
4201,12447,14514,172.82,completed,online,2025-05-14,NO
1,25644,15518,899.62,completed,online,2025-05-14,NO
3662,2301,16469,502.9,completed,online,2025-05-14,NO
1,44923,18038,647.45,failed,online,2025-05-14,NO
3811,26517,18512,251.54,failed,online,2025-05-14,NO
2955,31196,23423,433.46,completed,online,2025-05-14,NO
1,9487,24078,1350.95,failed,online,2025-05-14,NO
4166,11944,25022,1607.34,failed,online,2025-05-14,NO
54,26314,27422,1175.39,failed,online,2025-05-14,NO
4823,6750,28057,939.69,completed,online,2025-05-14,NO
1,41931,29058,447.81,completed,online,2025-05-14,NO
4768,25278,31646,1553.68,failed,online,2025-05-14,NO
3936,22023,32682,1661.19,failed,online,2025-05-14,NO
1,29588,32853,1934.22,completed,online,2025-05-14,NO
374,31268,36654,553.03,completed,online,2025-05-14,NO
1864,35379,37480,584.68,completed,online,2025-05-14,NO
3446,519,40107,1254.71,completed,online,2025-05-14,NO
620,15019,40794,302.83,completed,online,2025-05-14,NO
2443,6850,43659,1025.65,completed,online,2025-05-14,NO
1764,19153,44976,1708.15,completed,online,2025-05-14,NO
583,33170,45746,829.92,failed,online,2025-05-14,NO
1,4665,46661,922.92,failed,online,2025-05-14,NO
1,40346,46701,1919.77,completed,online,2025-05-14,NO
3283,44140,48979,1037.4,failed,online,2025-05-14,NO
626,13073,51407,1377.15,completed,online,2025-05-14,NO
4140,31856,52046,1126.29,completed,online,2025-05-14,NO
4663,20512,52328,1513.36,completed,online,2025-05-14,NO
1381,18297,53481,1054.57,failed,online,2025-05-14,NO
328,29288,53741,1107.0,completed,online,2025-05-14,NO
3257,25528,54719,1326.92,failed,online,2025-05-14,NO
645,30581,59198,139.73,completed,online,2025-05-14,NO
3000,9594,60257,1545.67,failed,online,2025-05-14,NO
3480,43488,60935,989.85,failed,online,2025-05-14,NO
3482,47680,61289,1327.96,failed,online,2025-05-14,NO
4019,28028,62691,1343.49,failed,online,2025-05-14,NO
4765,20147,64605,1029.49,completed,online,2025-05-14,NO
2602,26041,65204,1439.95,failed,online,2025-05-14,NO
2646,49309,67931,39.22,completed,online,2025-05-14,NO
1,30497,68690,278.93,failed,online,2025-05-14,NO
1,13904,69126,1633.4,failed,online,2025-05-14,NO
161,2388,69413,1458.64,completed,online,2025-05-14,NO
1,15191,70573,1863.15,failed,online,2025-05-14,NO
1,28910,73429,1581.18,completed,online,2025-05-14,NO
2547,38113,75388,1779.81,completed,online,2025-05-14,NO
1,4720,75589,296.88,completed,online,2025-05-14,NO
2980,43441,75610,596.21,completed,online,2025-05-14,NO
2273,2347,79965,1577.11,completed,online,2025-05-14,NO
1,39742,80228,348.21,completed,online,2025-05-14,NO
4346,24219,81293,871.63,failed,online,2025-05-14,NO
1146,23994,84134,1051.47,failed,online,2025-05-14,NO
526,5850,85973,1189.07,failed,online,2025-05-14,NO
2307,38406,87074,355.67,failed,online,2025-05-14,NO
4511,44021,89998,110.71,failed,online,2025-05-14,NO
3484,31746,92759,979.69,completed,online,2025-05-14,NO
1023,27233,93752,1425.66,completed,online,2025-05-14,NO
1823,12851,94202,1001.09,completed,online,2025-05-14,NO
1799,5925,94369,875.8,failed,online,2025-05-14,NO
1,33078,94491,980.36,failed,online,2025-05-14,NO
4083,27394,95810,483.34,failed,online,2025-05-14,NO
1392,47501,98346,784.42,failed,online,2025-05-14,NO
1,10089,99261,105.33,failed,online,2025-05-14,NO
1,42267,102435,496.56,failed,online,2025-05-14,NO
275,18366,103970,1014.73,completed,online,2025-05-14,NO
3333,45480,104567,271.25,completed,online,2025-05-14,NO
1852,34511,105583,766.77,failed,online,2025-05-14,NO
4473,34931,105779,1108.18,completed,online,2025-05-14,NO
1883,8090,106082,1529.41,completed,online,2025-05-14,NO
3304,19101,110617,1788.83,completed,online,2025-05-14,NO
1049,5202,111643,278.03,failed,online,2025-05-14,NO
1683,31263,112292,1335.61,failed,online,2025-05-14,NO
3654,30820,117142,444.73,failed,online,2025-05-14,NO
1,10401,119046,873.13,failed,online,2025-05-14,NO
496,4450,119661,1733.26,failed,online,2025-05-14,NO
947,18275,119852,1470.24,failed,online,2025-05-14,NO
1,41584,120767,1179.54,completed,online,2025-05-14,NO
3359,41691,122216,1361.29,completed,online,2025-05-14,NO
1720,24004,123032,1918.61,completed,online,2025-05-14,NO
2051,40010,124164,374.56,completed,online,2025-05-14,NO
3345,20815,125990,1563.2,completed,online,2025-05-14,NO
2560,4730,132988,1609.15,completed,online,2025-05-14,NO
4796,44883,136255,1156.22,failed,online,2025-05-14,NO
4741,16794,137913,851.6,failed,online,2025-05-14,NO
449,4755,138794,1218.27,completed,online,2025-05-14,NO
4191,20330,138832,1677.0,completed,online,2025-05-14,NO
2992,47001,139008,1478.44,failed,online,2025-05-14,NO
1,32410,139846,1850.18,failed,online,2025-05-14,NO
2936,12172,140411,1244.55,failed,online,2025-05-14,NO
1,26707,143782,1525.4,completed,online,2025-05-14,NO
575,49779,145141,1324.54,failed,online,2025-05-14,NO
1,37569,146210,793.38,failed,online,2025-05-14,NO
3818,677,148932,222.13,completed,online,2025-05-14,NO
3734,5231,149061,240.6,completed,online,2025-05-14,NO
3668,45279,139,1374.86,completed,online,2025-04-14,NO
1145,15855,1130,155.29,completed,online,2025-04-14,NO
4093,24440,2177,1240.28,completed,online,2025-04-14,NO
2488,16425,2471,1958.34,completed,online,2025-04-14,NO
4511,34432,2840,1738.33,failed,online,2025-04-14,NO
3907,14149,4544,1180.73,failed,online,2025-04-14,NO
3966,6864,5591,1811.16,completed,UNKNOWN,2025-04-14,NO
652,14898,5777,1312.77,completed,online,2025-04-14,NO
4163,893,6426,1249.98,failed,online,2025-04-14,NO
2430,3265,7072,868.8,failed,online,2025-04-14,NO
1,48472,7832,302.26,completed,online,2025-04-14,NO
3902,45639,7926,1057.33,failed,online,2025-04-14,NO
1164,2044,8040,1230.1,completed,online,2025-04-14,NO
1,15329,8990,599.97,failed,online,2025-04-14,NO
695,6474,9328,833.45,completed,online,2025-04-14,NO
1,25812,10318,958.13,failed,online,2025-04-14,NO
1,45494,10363,1656.94,failed,online,2025-04-14,NO
1119,37580,13049,460.2,completed,online,2025-04-14,NO
2106,35584,14880,902.61,failed,online,2025-04-14,NO
1,30101,16390,408.78,failed,online,2025-04-14,NO
2831,25501,16597,1459.45,completed,online,2025-04-14,NO
4786,27449,18407,1563.21,failed,online,2025-04-14,NO
705,43368,19270,1713.29,failed,online,2025-04-14,NO
974,27202,21015,507.1,failed,online,2025-04-14,NO
4181,1636,21877,490.89,completed,online,2025-04-14,NO
1204,45504,22120,463.7,completed,online,2025-04-14,NO
1,49611,24397,262.02,failed,online,2025-04-14,NO
1264,16519,26097,724.58,completed,online,2025-04-14,NO
1046,35752,27567,694.55,failed,online,2025-04-14,NO
481,57,27881,855.74,failed,online,2025-04-14,NO
1509,6321,28595,1431.68,failed,online,2025-04-14,NO
4561,18630,29129,795.48,completed,online,2025-04-14,NO
2671,43619,30286,1758.0,completed,online,2025-04-14,NO
4045,43912,32241,727.6,completed,online,2025-04-14,NO
4553,46721,33051,1155.96,completed,online,2025-04-14,NO
3986,3942,33897,1577.97,failed,online,2025-04-14,NO
1,13567,35183,565.88,failed,online,2025-04-14,NO
1720,7582,35609,442.59,completed,online,2025-04-14,NO
1064,45530,39651,1546.05,failed,online,2025-04-14,NO
1,19423,45348,883.82,failed,online,2025-04-14,NO
1849,28336,48055,346.2,failed,online,2025-04-14,NO
4231,3395,49473,1425.25,failed,online,2025-04-14,NO
2297,32145,50460,126.17,failed,UNKNOWN,2025-04-14,NO
4155,4695,51652,1877.31,completed,online,2025-04-14,NO
2691,40175,51906,823.35,completed,online,2025-04-14,NO
1,42000,52368,720.73,failed,online,2025-04-14,NO
4241,42200,52584,1495.73,failed,online,2025-04-14,NO
2976,36728,56923,544.84,completed,online,2025-04-14,NO
2976,9568,60723,896.78,completed,online,2025-04-14,NO
1381,35236,62212,861.93,completed,online,2025-04-14,NO
2386,375,69177,877.21,completed,online,2025-04-14,NO
560,28271,69211,1228.7,failed,online,2025-04-14,NO
195,2425,69229,1508.89,failed,online,2025-04-14,NO
4024,5620,69416,1991.55,completed,online,2025-04-14,NO
1,45006,69568,983.67,failed,online,2025-04-14,NO
2473,29761,73244,7745.196757459001,failed,online,2025-04-14,NO
4475,3830,74087,449.43,failed,online,2025-04-14,NO
536,19814,74314,9520.406042138835,failed,online,2025-04-14,NO
1707,42138,78661,1793.87,completed,online,2025-04-14,NO
1,28580,80034,1036.91,completed,online,2025-04-14,NO
2687,41499,80156,1940.41,completed,online,2025-04-14,NO
3234,31988,81476,93.59,failed,online,2025-04-14,NO
344,47114,81571,1770.3,failed,online,2025-04-14,NO
4729,44768,84642,1311.96,completed,online,2025-04-14,NO
3107,39681,84831,1516.07,failed,online,2025-04-14,NO
4200,7464,85021,797.13,completed,online,2025-04-14,NO
3561,21176,86183,1305.82,completed,online,2025-04-14,NO
3782,11501,87193,1906.34,failed,online,2025-04-14,NO
4482,2837,87916,432.02,failed,online,2025-04-14,NO
2912,14507,87947,787.75,completed,UNKNOWN,2025-04-14,NO
1,12194,88382,1435.42,completed,UNKNOWN,2025-04-14,NO
2789,35267,92685,67.39,failed,online,2025-04-14,NO
1468,9983,92829,1114.28,failed,online,2025-04-14,NO
3229,21165,94232,850.36,failed,online,2025-04-14,NO
1052,31900,94738,546.21,completed,online,2025-04-14,NO
254,48856,94782,1351.14,completed,online,2025-04-14,NO
4997,22020,95492,1117.99,failed,online,2025-04-14,NO
1,22509,98863,1741.5,completed,online,2025-04-14,NO
847,42246,100163,1120.13,completed,online,2025-04-14,NO
2988,36225,103441,1124.79,completed,online,2025-04-14,NO
1937,10452,104212,175.68,failed,online,2025-04-14,NO
1,48224,106001,1416.65,failed,online,2025-04-14,NO
3281,20878,108388,895.34,failed,online,2025-04-14,NO
1,35680,108502,133.71,failed,online,2025-04-14,NO
1,4445,110788,1624.21,completed,online,2025-04-14,NO
4598,23695,112250,680.59,completed,online,2025-04-14,NO
1806,49513,112907,911.98,completed,online,2025-04-14,NO
1,49262,117183,509.72,failed,online,2025-04-14,NO
1668,31067,118341,1688.74,failed,online,2025-04-14,NO
4324,15314,123663,1980.4,failed,online,2025-04-14,NO
1903,47943,128666,1315.36,failed,online,2025-04-14,NO
1,16891,128786,1416.47,completed,online,2025-04-14,NO
1754,4044,131155,554.1,failed,online,2025-04-14,NO
3612,36928,131561,1790.77,failed,online,2025-04-14,NO
2931,19646,133148,1799.57,completed,online,2025-04-14,NO
1740,43250,136881,857.4,completed,online,2025-04-14,NO
1,13955,142620,1713.52,completed,online,2025-04-14,NO
3332,24347,145510,1185.33,failed,online,2025-04-14,NO
1,31224,149829,1728.96,completed,online,2025-04-14,NO
2081,13575,560,1586.65,failed,online,2025-02-24,NO
2209,48888,660,1886.01,completed,online,2025-02-24,NO
1,22635,2418,1568.92,failed,online,2025-02-24,NO
2075,42557,4351,1487.46,failed,online,2025-02-24,NO
3779,38074,4961,1060.0,failed,online,2025-02-24,NO
1479,30094,8477,1011.7,completed,online,2025-02-24,NO
1377,31334,10364,1721.01,failed,online,2025-02-24,NO
4579,40728,16512,790.64,failed,online,2025-02-24,NO
1628,44759,18472,1448.07,failed,online,2025-02-24,NO
3635,37110,19935,87.17,failed,online,2025-02-24,NO
2020,25618,20364,1736.01,failed,UNKNOWN,2025-02-24,NO
1,38868,20936,601.66,failed,online,2025-02-24,NO
1,34657,21833,1826.52,completed,online,2025-02-24,NO
1,13918,23697,1522.96,failed,online,2025-02-24,NO
3230,41349,24439,875.53,completed,online,2025-02-24,NO
1,8293,25848,1411.43,failed,online,2025-02-24,NO
4013,19399,31230,1045.28,completed,online,2025-02-24,NO
3917,9545,31523,1650.89,failed,online,2025-02-24,NO
2188,33731,31986,487.95,completed,online,2025-02-24,NO
1515,45495,33253,356.28,failed,online,2025-02-24,NO
1566,36005,34411,220.82,completed,online,2025-02-24,NO
4362,49748,34919,1165.75,failed,online,2025-02-24,NO
3573,24073,35314,539.05,completed,online,2025-02-24,NO
124,35581,35324,142.96,completed,online,2025-02-24,NO
1,40935,35915,1903.51,completed,online,2025-02-24,NO
4748,43097,35916,1663.26,failed,online,2025-02-24,NO
685,20853,36793,1668.37,failed,online,2025-02-24,NO
3313,13579,37123,579.35,failed,online,2025-02-24,NO
247,12152,39177,173.0,failed,online,2025-02-24,NO
3189,22833,41412,357.59,completed,online,2025-02-24,NO
1016,14441,42772,923.1,failed,online,2025-02-24,NO
1,24531,43000,1620.99,completed,online,2025-02-24,NO
2819,7667,43922,723.57,completed,online,2025-02-24,NO
4913,17488,47364,1076.39,completed,online,2025-02-24,NO
4583,3975,49371,1869.96,failed,online,2025-02-24,NO
1273,28749,49569,1405.36,failed,online,2025-02-24,NO
2403,45046,51995,423.2,failed,online,2025-02-24,NO
763,4411,53049,1935.84,completed,online,2025-02-24,NO
539,26974,54055,139.77,failed,online,2025-02-24,NO
1,2346,54919,74.51,completed,online,2025-02-24,NO
455,38210,55053,1568.55,completed,online,2025-02-24,NO
615,28396,55118,579.27,failed,online,2025-02-24,NO
592,35077,55752,1750.81,completed,online,2025-02-24,NO
1883,9166,55996,281.56,failed,online,2025-02-24,NO
3922,26152,60031,197.44,failed,online,2025-02-24,NO
1778,34975,62175,394.53,completed,online,2025-02-24,NO
1544,12925,62429,1173.59,completed,online,2025-02-24,NO
1,45683,63112,1975.84,failed,online,2025-02-24,NO
2241,17476,68427,558.12,completed,online,2025-02-24,NO
3028,38313,69361,590.55,completed,online,2025-02-24,NO
1,40895,71026,883.95,failed,online,2025-02-24,NO
1380,36327,71793,1736.55,failed,online,2025-02-24,NO
1,14350,74037,743.84,failed,online,2025-02-24,NO
2145,32643,76313,1290.27,failed,online,2025-02-24,NO
3207,38078,76521,681.08,completed,online,2025-02-24,NO
3896,33977,76561,335.3,failed,online,2025-02-24,NO
621,31145,79958,432.02,failed,online,2025-02-24,NO
1,46113,80038,1653.92,completed,online,2025-02-24,NO
1,32387,81800,158.09,failed,online,2025-02-24,NO
187,32725,88288,1054.51,completed,online,2025-02-24,NO
756,32549,89502,1756.6,completed,online,2025-02-24,NO
4915,45748,96101,1137.82,completed,online,2025-02-24,NO
1432,38407,96816,1339.99,completed,online,2025-02-24,NO
1,4270,97278,1404.33,failed,online,2025-02-24,NO
3533,37953,97953,1563.42,failed,online,2025-02-24,NO
69,47154,98603,1438.05,failed,online,2025-02-24,NO
897,30722,101472,1753.48,completed,online,2025-02-24,NO
4513,34854,101501,1434.87,completed,online,2025-02-24,NO
1424,33179,101527,729.2,failed,online,2025-02-24,NO
987,26874,102346,1886.8,failed,online,2025-02-24,NO
4922,5774,103835,1355.14,completed,online,2025-02-24,NO
3122,39913,105200,785.84,failed,online,2025-02-24,NO
1,1930,108660,963.35,completed,online,2025-02-24,NO
2199,16609,111421,1827.51,failed,online,2025-02-24,NO
751,35515,112558,209.47,completed,online,2025-02-24,NO
3734,35749,113047,1768.78,failed,online,2025-02-24,NO
1202,3644,114367,75.79,completed,online,2025-02-24,NO
2644,35779,114952,1435.48,failed,online,2025-02-24,NO
1170,4029,114971,53.4,failed,online,2025-02-24,NO
1881,16134,115226,1510.76,completed,online,2025-02-24,NO
3739,48055,115355,1297.22,failed,online,2025-02-24,NO
213,25983,116222,1719.27,completed,online,2025-02-24,NO
1376,34382,117213,457.23,failed,online,2025-02-24,NO
2049,15748,117586,979.59,failed,online,2025-02-24,NO
3303,45676,117983,234.31,failed,online,2025-02-24,NO
3294,38767,118994,601.79,completed,online,2025-02-24,NO
2764,13189,122785,655.37,failed,online,2025-02-24,NO
1286,40506,123249,1956.05,completed,online,2025-02-24,NO
1481,28900,125806,449.8,failed,online,2025-02-24,NO
3476,17117,129192,1862.75,completed,online,2025-02-24,NO
605,2046,130663,852.89,failed,online,2025-02-24,NO
1,2029,132381,1563.77,failed,online,2025-02-24,NO
2390,42666,134511,223.83,completed,online,2025-02-24,NO
133,48706,136266,1081.48,failed,online,2025-02-24,NO
3054,12004,138253,289.31,completed,online,2025-02-24,NO
4602,11475,144966,166.76,failed,online,2025-02-24,NO
2074,20828,145244,1425.83,completed,online,2025-02-24,NO
3156,19053,146081,1637.66,failed,online,2025-02-24,NO
101,9287,148638,1993.72,failed,online,2025-02-24,NO
3070,9614,1728,784.02,failed,online,2025-05-24,NO
272,9013,2883,1090.0,completed,online,2025-05-24,NO
3016,36669,4484,1395.96,failed,online,2025-05-24,NO
800,11225,8476,649.97,failed,online,2025-05-24,NO
2463,37850,9990,406.83,failed,online,2025-05-24,NO
4398,11791,10719,1008.51,completed,online,2025-05-24,NO
4709,19042,11695,101.87,failed,online,2025-05-24,NO
228,45527,17954,379.92,failed,online,2025-05-24,NO
3487,20427,18722,609.6,failed,online,2025-05-24,NO
1,38023,19408,1107.62,completed,online,2025-05-24,NO
4263,34718,21323,1370.07,completed,online,2025-05-24,NO
1181,32946,21654,1933.86,failed,online,2025-05-24,NO
477,36429,21860,764.97,failed,online,2025-05-24,NO
3834,8816,23319,661.83,completed,online,2025-05-24,NO
2741,17178,26215,59.17,failed,online,2025-05-24,NO
4955,2346,26640,642.94,completed,online,2025-05-24,NO
2761,9679,27601,1202.54,failed,online,2025-05-24,NO
2798,22967,31051,842.28,failed,online,2025-05-24,NO
3529,13959,32490,1813.68,failed,online,2025-05-24,NO
3827,20839,33075,56.08,failed,online,2025-05-24,NO
1924,12868,35173,826.88,failed,online,2025-05-24,NO
4502,43595,37128,1684.64,failed,online,2025-05-24,NO
1,41225,40367,1721.99,failed,online,2025-05-24,NO
3431,8630,41952,109.64,completed,online,2025-05-24,NO
1,32839,42294,692.96,failed,online,2025-05-24,NO
2073,38352,45208,372.54,completed,online,2025-05-24,NO
1,46362,48596,1780.09,failed,online,2025-05-24,NO
1449,45700,48600,295.85,completed,online,2025-05-24,NO
1455,42604,49947,1722.34,failed,online,2025-05-24,NO
565,25083,52031,83.93,failed,online,2025-05-24,NO
2551,13530,54019,1576.09,failed,online,2025-05-24,NO
1335,4314,54198,735.42,failed,online,2025-05-24,NO
2505,16340,54730,111.85,completed,online,2025-05-24,NO
512,41252,55581,83.04,failed,online,2025-05-24,NO
1,27085,58097,622.93,completed,online,2025-05-24,NO
1942,35895,61926,129.77,failed,online,2025-05-24,NO
4556,8580,67469,427.21,failed,online,2025-05-24,NO
4446,25652,69327,1411.7,completed,online,2025-05-24,NO
4615,28334,69813,240.92,completed,online,2025-05-24,NO
436,78,70712,790.6,failed,online,2025-05-24,NO
810,30839,71551,1786.48,failed,online,2025-05-24,NO
2928,36174,72306,712.35,failed,online,2025-05-24,NO
4934,17947,72978,1736.24,failed,UNKNOWN,2025-05-24,NO
3939,406,77063,30.27,failed,online,2025-05-24,NO
2599,20216,77600,234.5,completed,online,2025-05-24,NO
4594,42677,77659,1842.52,completed,online,2025-05-24,NO
1,9830,78444,937.3,failed,online,2025-05-24,NO
5,11699,79413,594.61,failed,online,2025-05-24,NO
1229,23747,84114,839.56,failed,online,2025-05-24,NO
1077,1321,86240,1090.72,completed,online,2025-05-24,NO
2196,9705,91305,1645.23,failed,online,2025-05-24,NO
3104,11982,91584,675.49,failed,online,2025-05-24,NO
1,19080,92970,383.33,completed,online,2025-05-24,NO
402,26112,93744,567.67,failed,online,2025-05-24,NO
1,6649,94357,266.12,completed,online,2025-05-24,NO
3665,23133,94423,1724.38,completed,online,2025-05-24,NO
1711,41408,95128,287.58,completed,online,2025-05-24,NO
1309,22061,96862,862.11,completed,online,2025-05-24,NO
2404,12766,96900,1518.44,completed,online,2025-05-24,NO
1235,9823,97477,900.82,failed,UNKNOWN,2025-05-24,NO
1,5900,97491,503.15,failed,online,2025-05-24,NO
3742,35785,97857,1378.93,failed,online,2025-05-24,NO
1,45867,99880,931.69,completed,online,2025-05-24,NO
183,1757,102163,67.7,completed,UNKNOWN,2025-05-24,NO
2839,27807,104161,1012.94,failed,online,2025-05-24,NO
4026,27112,104306,429.44,completed,online,2025-05-24,NO
352,20577,104332,795.48,completed,online,2025-05-24,NO
4885,45463,104968,986.29,completed,online,2025-05-24,NO
2409,47440,105780,695.78,completed,online,2025-05-24,NO
1558,24726,105966,286.44,completed,online,2025-05-24,NO
1880,16730,107147,478.95,failed,online,2025-05-24,NO
2277,38420,107885,921.18,completed,online,2025-05-24,NO
2811,10733,110212,527.37,failed,online,2025-05-24,NO
3789,8462,112008,1948.74,failed,online,2025-05-24,NO
3387,46861,113291,1431.19,failed,online,2025-05-24,NO
3874,5365,114481,1613.73,completed,online,2025-05-24,NO
1766,32925,115327,1345.71,completed,online,2025-05-24,NO
3842,10596,115485,1905.14,completed,online,2025-05-24,NO
1047,9470,115961,1478.31,completed,online,2025-05-24,NO
2019,35309,118198,193.62,failed,online,2025-05-24,NO
1544,31143,119369,647.1,completed,online,2025-05-24,NO
4233,12186,119380,265.21,failed,UNKNOWN,2025-05-24,NO
3819,29395,120833,29.4,completed,UNKNOWN,2025-05-24,NO
4117,5214,124005,743.66,failed,UNKNOWN,2025-05-24,NO
1376,27209,125778,1161.37,completed,online,2025-05-24,NO
3678,43649,129761,88.54,failed,online,2025-05-24,NO
1,41429,135589,601.54,failed,online,2025-05-24,NO
4720,32121,140155,1631.22,completed,online,2025-05-24,NO
1539,45216,140638,432.84,completed,online,2025-05-24,NO
1286,9428,140710,327.71,failed,online,2025-05-24,NO
1452,20310,141216,225.34,failed,online,2025-05-24,NO
303,26070,141444,1886.47,completed,online,2025-05-24,NO
1,6750,142448,1533.45,failed,online,2025-05-24,NO
3977,3351,142618,188.42,completed,online,2025-05-24,NO
370,6266,143940,1622.95,completed,online,2025-05-24,NO
271,40391,144699,89.22,completed,online,2025-05-24,NO
1978,12279,147423,721.93,failed,online,2025-05-24,NO
3504,38625,148443,1916.02,completed,online,2025-05-24,NO
2625,42713,148974,159.82,failed,online,2025-05-24,NO
1,17975,566,1014.59,completed,online,2025-02-07,NO
4396,10584,1092,689.3,failed,online,2025-02-07,NO
3438,43172,2341,45.85,failed,online,2025-02-07,NO
2846,12611,2946,1311.5,failed,online,2025-02-07,NO
3332,42703,6111,801.58,failed,online,2025-02-07,NO
624,11932,6373,232.34,failed,online,2025-02-07,NO
1,6529,6546,1198.72,failed,online,2025-02-07,NO
368,43137,7918,320.03,failed,online,2025-02-07,NO
4502,27081,12412,1372.67,failed,online,2025-02-07,NO
4387,16323,13243,389.06,failed,online,2025-02-07,NO
1,20366,13376,974.54,completed,online,2025-02-07,NO
994,43477,15569,1132.87,failed,UNKNOWN,2025-02-07,NO
4551,24082,16488,522.08,completed,online,2025-02-07,NO
3890,18007,17315,395.01,completed,online,2025-02-07,NO
2656,957,18950,1266.07,completed,online,2025-02-07,NO
936,6881,19465,1299.27,completed,online,2025-02-07,NO
1548,25918,19993,1589.19,failed,online,2025-02-07,NO
4533,38261,24279,1604.12,completed,online,2025-02-07,NO
4929,7887,27458,1160.84,failed,online,2025-02-07,NO
1,30096,28358,1992.2,completed,online,2025-02-07,NO
1062,37133,29452,1262.59,failed,online,2025-02-07,NO
1219,48632,32394,85.97,completed,online,2025-02-07,NO
570,16940,34875,572.39,failed,online,2025-02-07,NO
2333,11397,35532,661.62,failed,online,2025-02-07,NO
2996,11681,36455,1215.19,completed,online,2025-02-07,NO
276,10114,38822,1355.51,failed,UNKNOWN,2025-02-07,NO
2915,34393,39287,1161.77,failed,online,2025-02-07,NO
4071,3250,40958,1521.01,failed,online,2025-02-07,NO
949,42464,44143,1232.96,failed,online,2025-02-07,NO
2932,34596,44223,1172.42,failed,online,2025-02-07,NO
1055,1722,45512,20.13,failed,online,2025-02-07,NO
92,10310,46446,797.54,failed,online,2025-02-07,NO
3548,14645,48172,1654.62,completed,online,2025-02-07,NO
3468,18888,51175,6043.197489277792,completed,online,2025-02-07,NO
1207,8722,52213,284.19,completed,online,2025-02-07,NO
2996,43369,55071,1712.92,completed,online,2025-02-07,NO
1600,8608,62339,259.97,failed,online,2025-02-07,NO
3427,74,63856,1409.81,failed,online,2025-02-07,NO
560,29710,65010,1800.59,failed,online,2025-02-07,NO
1053,25018,66614,187.11,completed,online,2025-02-07,NO
947,13862,69427,1376.65,failed,online,2025-02-07,NO
4188,45522,69617,619.0,failed,online,2025-02-07,NO
422,35796,72804,108.1,completed,online,2025-02-07,NO
1,17535,73158,706.41,failed,online,2025-02-07,NO
1676,21160,74680,767.02,completed,online,2025-02-07,NO
1633,37975,81330,1032.51,failed,online,2025-02-07,NO
1101,8106,82867,1204.72,failed,online,2025-02-07,NO
843,27739,83323,679.59,completed,online,2025-02-07,NO
1,23593,84120,59.96,failed,UNKNOWN,2025-02-07,NO
4998,33094,86595,1401.52,completed,online,2025-02-07,NO
658,15905,87700,1475.53,failed,online,2025-02-07,NO
4995,17600,90711,6624.047824073828,completed,online,2025-02-07,NO
2909,3360,90783,8834.075531300954,failed,online,2025-02-07,NO
1725,48810,91568,1815.6,failed,online,2025-02-07,NO
2004,26056,94280,1356.2,failed,online,2025-02-07,NO
3927,12911,95831,380.59,failed,online,2025-02-07,NO
3497,12679,99198,433.29,completed,online,2025-02-07,NO
4518,6003,101102,896.02,failed,online,2025-02-07,NO
4514,27617,101119,1752.3,failed,online,2025-02-07,NO
2499,30365,104024,145.7,completed,online,2025-02-07,NO
1765,11058,104647,982.74,completed,online,2025-02-07,NO
4967,34014,106149,1198.64,completed,online,2025-02-07,NO
2210,30261,108956,28.55,failed,online,2025-02-07,NO
3901,5917,109017,1178.37,failed,online,2025-02-07,NO
1,37344,111068,129.13,completed,online,2025-02-07,NO
3196,18574,113717,460.05,completed,online,2025-02-07,NO
1036,21121,115100,232.38,completed,online,2025-02-07,NO
2383,1234,115544,1505.46,completed,online,2025-02-07,NO
1310,5100,117178,271.58,completed,online,2025-02-07,NO
2478,4768,119165,26.92,failed,online,2025-02-07,NO
1,44159,119770,1497.6,failed,online,2025-02-07,NO
2554,12053,119970,1753.07,failed,online,2025-02-07,NO
1,41005,120229,6722.833441025035,failed,online,2025-02-07,NO
1411,47025,120529,821.32,failed,online,2025-02-07,NO
1,45329,120658,664.54,completed,online,2025-02-07,NO
1,104,121832,662.96,completed,online,2025-02-07,NO
1547,10408,122993,1535.21,failed,online,2025-02-07,NO
833,47838,123035,1266.34,failed,online,2025-02-07,NO
1,20748,124927,1016.48,completed,online,2025-02-07,NO
1240,23982,124965,434.18,completed,online,2025-02-07,NO
1,31868,125498,718.24,failed,online,2025-02-07,NO
2142,46430,125939,110.3,completed,online,2025-02-07,NO
2037,12275,129143,1251.33,failed,online,2025-02-07,NO
1,3288,129517,532.75,failed,online,2025-02-07,NO
3053,43498,131938,346.18,failed,online,2025-02-07,NO
463,11543,132124,1878.6,completed,online,2025-02-07,NO
3496,38353,132614,1956.83,completed,online,2025-02-07,NO
454,15763,132781,786.25,failed,online,2025-02-07,NO
2862,38550,133002,169.12,failed,online,2025-02-07,NO
3528,44880,136726,444.15,failed,online,2025-02-07,NO
1,21878,140393,1611.39,completed,online,2025-02-07,NO
4214,43299,141291,1654.87,failed,online,2025-02-07,NO
3195,3488,142054,1276.74,failed,online,2025-02-07,NO
4077,4628,142073,262.24,completed,online,2025-02-07,NO
4309,20270,142308,1101.15,failed,online,2025-02-07,NO
1504,21095,148405,1224.27,completed,online,2025-02-07,NO
2882,25573,148535,738.73,failed,online,2025-02-07,NO
3130,30458,149996,1357.22,completed,online,2025-02-07,NO
1514,7570,599,1932.65,failed,online,2025-06-30,NO
2343,2205,3865,1840.94,failed,online,2025-06-30,NO
4824,46213,4317,1189.88,failed,online,2025-06-30,NO
4782,13756,4866,1068.72,completed,online,2025-06-30,NO
2084,24197,5586,257.32,failed,online,2025-06-30,NO
2706,21502,6145,709.41,failed,online,2025-06-30,NO
211,17691,10032,1622.77,failed,online,2025-06-30,NO
3134,19812,10251,202.37,failed,online,2025-06-30,NO
4731,41310,12543,831.4,failed,online,2025-06-30,NO
3167,37744,14961,44.61,failed,online,2025-06-30,NO
1,18089,15071,878.81,completed,online,2025-06-30,NO
2678,8187,15097,261.59,completed,online,2025-06-30,NO
3326,8348,16561,737.03,failed,online,2025-06-30,NO
541,47428,17702,1018.82,failed,online,2025-06-30,NO
4458,44483,18084,297.62,completed,online,2025-06-30,NO
976,45663,19368,982.57,failed,online,2025-06-30,NO
1,32737,19677,363.83,completed,online,2025-06-30,NO
3880,35395,20490,216.5,failed,online,2025-06-30,NO
2743,1151,21761,1523.52,completed,online,2025-06-30,NO
1888,19961,22150,524.3,completed,online,2025-06-30,NO
470,28685,22581,1164.78,completed,online,2025-06-30,NO
1753,49464,23310,1321.8,completed,online,2025-06-30,NO
2899,10411,25520,1046.26,completed,online,2025-06-30,NO
1,23553,25839,899.45,failed,online,2025-06-30,NO
41,13394,25914,657.55,completed,online,2025-06-30,NO
3980,40446,33271,1280.25,failed,online,2025-06-30,NO
3392,30619,36959,1475.37,completed,online,2025-06-30,NO
3085,4527,37526,9586.791398840944,failed,online,2025-06-30,NO
4340,28707,37788,1959.94,failed,online,2025-06-30,NO
3821,47972,38222,974.21,completed,online,2025-06-30,NO
1454,20305,39832,1990.44,completed,online,2025-06-30,NO
4399,22120,40100,429.64,failed,online,2025-06-30,NO
4868,6494,42167,87.41,completed,online,2025-06-30,NO
2705,12299,42759,1005.82,failed,online,2025-06-30,NO
3343,39074,43921,1030.62,failed,online,2025-06-30,NO
1,11725,43953,1346.09,completed,online,2025-06-30,NO
3906,19268,44406,1048.42,failed,online,2025-06-30,NO
211,41608,45758,1964.14,failed,online,2025-06-30,NO
1,38639,48451,721.6,failed,online,2025-06-30,NO
3469,18620,49452,1427.53,failed,online,2025-06-30,NO
2095,38904,50969,267.34,failed,online,2025-06-30,NO
2597,11541,51723,670.69,completed,online,2025-06-30,NO
1,16443,52882,296.23,completed,online,2025-06-30,NO
4846,28219,54233,1290.27,failed,online,2025-06-30,NO
1308,44161,55763,196.29,failed,online,2025-06-30,NO
168,29156,55871,134.78,completed,online,2025-06-30,NO
2776,16738,56929,871.08,failed,online,2025-06-30,NO
819,16149,58182,1241.35,failed,online,2025-06-30,NO
2445,24563,58453,578.53,completed,online,2025-06-30,NO
3807,15375,59664,1329.21,failed,online,2025-06-30,NO
1609,41392,61441,1384.79,completed,online,2025-06-30,NO
2048,22559,63146,807.67,completed,online,2025-06-30,NO
1,41120,66668,491.37,failed,online,2025-06-30,NO
1785,33412,68094,750.79,failed,online,2025-06-30,NO
1,922,68796,43.37,failed,online,2025-06-30,NO
1072,22016,69279,675.83,completed,online,2025-06-30,NO
1240,28872,78016,1705.74,completed,online,2025-06-30,NO
1921,17435,81300,871.72,completed,online,2025-06-30,NO
1,29531,84677,192.12,failed,online,2025-06-30,NO
1,2769,85703,1233.61,failed,online,2025-06-30,NO
1902,23076,86181,395.67,failed,online,2025-06-30,NO
1,30153,86210,773.24,completed,online,2025-06-30,NO
2780,41442,87251,233.27,failed,online,2025-06-30,NO
2232,46180,90858,1123.04,completed,online,2025-06-30,NO
529,20264,92542,47.7,completed,online,2025-06-30,NO
2197,44981,96134,753.31,completed,online,2025-06-30,NO
2948,2091,96969,1814.77,failed,online,2025-06-30,NO
491,34801,97039,1722.1,completed,online,2025-06-30,NO
2774,48962,99454,1991.83,failed,online,2025-06-30,NO
3492,15983,99538,1345.68,completed,UNKNOWN,2025-06-30,NO
499,8297,100060,629.47,completed,online,2025-06-30,NO
1,2772,105673,440.48,completed,online,2025-06-30,NO
3309,23434,107564,285.57,completed,online,2025-06-30,NO
1519,42099,108001,770.57,completed,online,2025-06-30,NO
4885,44500,108500,1379.81,completed,online,2025-06-30,NO
4494,24773,108818,646.39,completed,online,2025-06-30,NO
1492,13557,109363,1674.51,completed,online,2025-06-30,NO
1,31526,118431,977.25,failed,online,2025-06-30,NO
1257,32053,120924,946.45,completed,online,2025-06-30,NO
2108,24251,122511,778.73,completed,online,2025-06-30,NO
1,23335,122518,1090.55,completed,online,2025-06-30,NO
1,4965,123804,368.59,failed,online,2025-06-30,NO
1,28506,124083,1661.39,completed,online,2025-06-30,NO
2305,38813,124940,100.72,failed,online,2025-06-30,NO
1183,21564,125091,1210.89,completed,online,2025-06-30,NO
4160,41175,126995,1589.11,completed,online,2025-06-30,NO
1,40885,127336,628.28,failed,online,2025-06-30,NO
1927,15994,127960,1268.46,failed,online,2025-06-30,NO
1617,1114,137174,301.69,completed,online,2025-06-30,NO
1870,47438,138560,1376.19,completed,online,2025-06-30,NO
2191,6975,139790,426.84,completed,online,2025-06-30,NO
248,47630,140505,1855.31,failed,online,2025-06-30,NO
1,33242,141179,581.62,completed,online,2025-06-30,NO
3527,2797,143032,1849.86,completed,online,2025-06-30,NO
3310,11165,143187,989.6,completed,UNKNOWN,2025-06-30,NO
1,32394,145895,567.14,completed,online,2025-06-30,NO
1844,33341,145933,5728.75812585086,failed,online,2025-06-30,NO
2562,37269,146928,515.05,failed,online,2025-06-30,NO
4576,9793,622,1720.79,completed,online,2025-12-17,NO
3782,17574,1078,1818.52,completed,online,2025-12-17,NO
4504,20657,2710,596.16,completed,online,2025-12-17,NO
208,9526,3678,1919.39,failed,online,2025-12-17,NO
1,8979,4805,673.66,failed,online,2025-12-17,NO
912,3138,6356,551.98,failed,online,2025-12-17,NO
1,22313,8031,355.42,completed,online,2025-12-17,NO
320,2424,9448,368.04,failed,online,2025-12-17,NO
535,18747,10622,1296.16,completed,online,2025-12-17,NO
4000,25832,12730,1194.22,completed,online,2025-12-17,NO
429,19839,14243,1176.13,failed,online,2025-12-17,NO
2918,44693,14934,738.95,failed,online,2025-12-17,NO
2623,30369,16132,311.55,completed,online,2025-12-17,NO
1983,32027,16423,381.43,failed,online,2025-12-17,NO
3244,48377,16542,119.0,failed,online,2025-12-17,NO
1590,22112,16812,1540.4,failed,online,2025-12-17,NO
4973,5578,17030,637.78,completed,online,2025-12-17,NO
1767,46727,17151,229.59,completed,online,2025-12-17,NO
2302,7549,17409,1756.81,failed,online,2025-12-17,NO
1,26045,20407,1302.51,completed,online,2025-12-17,NO
2548,19627,22852,477.65,completed,online,2025-12-17,NO
3919,16747,23599,460.9,failed,online,2025-12-17,NO
2336,39922,24705,1340.91,failed,online,2025-12-17,NO
4360,49539,27218,663.33,failed,online,2025-12-17,NO
2460,47948,32306,364.4,completed,online,2025-12-17,NO
2821,24840,32615,1020.17,failed,online,2025-12-17,NO
1236,36072,35923,818.22,failed,online,2025-12-17,NO
3636,12240,38420,196.94,failed,online,2025-12-17,NO
2800,43510,41775,601.59,failed,online,2025-12-17,NO
873,12000,42519,1290.89,failed,online,2025-12-17,NO
3764,1441,43096,1092.78,completed,online,2025-12-17,NO
2743,4388,44993,1956.3,completed,online,2025-12-17,NO
4081,24924,45552,1736.73,failed,online,2025-12-17,NO
1,4926,46617,1391.4,failed,online,2025-12-17,NO
668,1955,46725,884.18,failed,online,2025-12-17,NO
645,46633,49366,1659.69,failed,online,2025-12-17,NO
618,40045,49795,95.61,failed,online,2025-12-17,NO
1,19015,49945,1202.8,failed,online,2025-12-17,NO
1,486,53163,555.6,failed,online,2025-12-17,NO
1,48274,53593,1993.07,failed,online,2025-12-17,NO
1185,20024,53895,623.4,completed,online,2025-12-17,NO
1046,14372,55515,1291.59,failed,online,2025-12-17,NO
1991,44440,56952,1190.63,failed,online,2025-12-17,NO
1381,13279,57192,1147.89,completed,online,2025-12-17,NO
92,23356,57853,1142.7,completed,online,2025-12-17,NO
4037,37200,58002,1843.46,failed,online,2025-12-17,NO
970,32842,58404,1733.84,completed,online,2025-12-17,NO
2213,46634,59456,1042.27,failed,online,2025-12-17,NO
88,23200,62513,1701.96,completed,online,2025-12-17,NO
1,22039,67613,236.3,completed,online,2025-12-17,NO
1425,38579,69082,1955.94,completed,online,2025-12-17,NO
2974,15128,70703,1279.11,completed,online,2025-12-17,NO
3924,47798,73081,38.14,failed,online,2025-12-17,NO
1181,32083,75803,1808.51,completed,online,2025-12-17,NO
4815,40332,77472,1893.28,failed,online,2025-12-17,NO
2217,14718,78295,1757.19,failed,online,2025-12-17,NO
1,43301,79149,742.96,failed,online,2025-12-17,NO
4250,44332,79244,1539.17,failed,online,2025-12-17,NO
2621,17400,79717,1757.92,completed,online,2025-12-17,NO
4088,47818,81350,295.72,completed,online,2025-12-17,NO
1,24576,83941,1088.57,completed,online,2025-12-17,NO
1787,35749,83999,987.71,completed,online,2025-12-17,NO
1,30629,85483,885.79,failed,online,2025-12-17,NO
1363,7675,90468,620.28,failed,online,2025-12-17,NO
3949,8695,91302,940.97,completed,online,2025-12-17,NO
4742,38896,93753,1129.22,completed,online,2025-12-17,NO
1,1215,94503,291.89,completed,online,2025-12-17,NO
3493,25598,99945,1047.69,failed,online,2025-12-17,NO
4371,49287,103555,1330.39,failed,online,2025-12-17,NO
1,13739,104376,860.39,failed,online,2025-12-17,NO
3622,2009,106368,901.51,failed,online,2025-12-17,NO
1,622,111848,1086.13,completed,online,2025-12-17,NO
1156,48976,112713,1522.96,failed,online,2025-12-17,NO
1894,41225,114108,1881.86,completed,online,2025-12-17,NO
4800,25402,116660,1954.28,completed,online,2025-12-17,NO
1,40221,117702,93.79,completed,UNKNOWN,2025-12-17,NO
4948,37408,124126,1716.88,completed,online,2025-12-17,NO
4315,44455,125173,360.26,completed,online,2025-12-17,NO
3156,42188,131725,658.24,failed,online,2025-12-17,NO
2104,20227,133212,1946.27,failed,online,2025-12-17,NO
767,11589,133671,929.47,completed,online,2025-12-17,NO
2898,11229,134346,1380.59,failed,UNKNOWN,2025-12-17,NO
3353,29869,135090,1030.74,completed,online,2025-12-17,NO
2210,12964,135178,983.71,failed,online,2025-12-17,NO
2987,32662,135802,1787.54,completed,online,2025-12-17,NO
1,12455,137219,1839.92,failed,online,2025-12-17,NO
2394,37917,137732,1537.0,completed,online,2025-12-17,NO
1,13662,140078,300.93,completed,online,2025-12-17,NO
1,1086,141404,1535.13,completed,online,2025-12-17,NO
4831,49139,142196,1960.81,failed,online,2025-12-17,NO
3563,30542,142260,181.94,failed,online,2025-12-17,NO
2443,22250,142429,863.71,completed,online,2025-12-17,NO
2205,26996,144125,1181.73,failed,online,2025-12-17,NO
47,27197,144362,987.86,failed,online,2025-12-17,NO
1,39813,145403,956.92,failed,online,2025-12-17,NO
3302,48312,145762,93.9,failed,online,2025-12-17,NO
4332,48811,146348,1520.35,completed,online,2025-12-17,NO
633,28045,147779,22.67,failed,online,2025-12-17,NO
1546,12907,149328,1578.62,completed,online,2025-12-17,NO
4326,5255,4162,114.15,completed,online,2025-04-12,NO
2044,49748,4993,1742.76,failed,online,2025-04-12,NO
1157,32228,6043,1087.53,completed,online,2025-04-12,NO
1822,14578,8147,199.78,completed,online,2025-04-12,NO
1,17655,8896,1830.64,completed,online,2025-04-12,NO
1,26039,9553,1510.6,failed,online,2025-04-12,NO
2710,21804,10117,1606.16,failed,online,2025-04-12,NO
3773,23696,10935,327.46,completed,online,2025-04-12,NO
3013,3059,12775,1290.38,failed,UNKNOWN,2025-04-12,NO
3982,38751,14417,1521.93,completed,online,2025-04-12,NO
2362,9918,15466,1144.95,failed,online,2025-04-12,NO
2105,45264,15476,1566.89,failed,online,2025-04-12,NO
1,9024,18568,1045.46,failed,online,2025-04-12,NO
3506,17278,18812,1184.74,failed,online,2025-04-12,NO
2506,1110,23369,387.58,failed,online,2025-04-12,NO
1973,30020,23401,1497.56,failed,online,2025-04-12,NO
397,42295,25360,1147.78,completed,online,2025-04-12,NO
1,16040,27680,307.4,failed,online,2025-04-12,NO
3905,33767,28437,1401.32,completed,online,2025-04-12,NO
2138,48455,29451,796.86,completed,online,2025-04-12,NO
4200,1207,31733,1377.41,completed,online,2025-04-12,NO
1516,10850,31972,279.34,completed,online,2025-04-12,NO
2816,21795,34539,261.69,failed,online,2025-04-12,NO
2909,26562,35375,1914.94,failed,online,2025-04-12,NO
560,18004,39004,8454.92562762222,completed,online,2025-04-12,NO
1,36380,39368,743.89,failed,online,2025-04-12,NO
4063,27228,41785,485.96,failed,online,2025-04-12,NO
358,9983,41979,1520.34,failed,online,2025-04-12,NO
1,49042,42061,831.98,failed,online,2025-04-12,NO
1829,27283,42762,1039.27,completed,online,2025-04-12,NO
2070,32161,43570,520.19,completed,online,2025-04-12,NO
4145,40256,44043,875.24,failed,online,2025-04-12,NO
1739,3009,44642,5346.599729028395,failed,online,2025-04-12,NO
1,2146,49356,1780.9,completed,online,2025-04-12,NO
4395,16210,50097,1679.15,completed,online,2025-04-12,NO
817,17682,51847,358.62,failed,online,2025-04-12,NO
1017,23996,53439,1102.95,failed,online,2025-04-12,NO
1699,17131,54865,955.19,failed,online,2025-04-12,NO
1251,17280,56278,1948.59,failed,online,2025-04-12,NO
1,31647,58133,733.36,completed,online,2025-04-12,NO
4953,29370,58648,317.05,failed,online,2025-04-12,NO
176,43482,58685,155.96,completed,online,2025-04-12,NO
58,2453,59006,1824.86,failed,online,2025-04-12,NO
249,31742,59583,919.69,completed,online,2025-04-12,NO
4173,15564,59880,1946.69,failed,online,2025-04-12,NO
1865,43833,61824,1287.78,completed,UNKNOWN,2025-04-12,NO
2157,49132,63075,450.17,completed,online,2025-04-12,NO
1,36659,63482,1054.23,completed,online,2025-04-12,NO
2251,9974,66421,598.81,failed,online,2025-04-12,NO
2414,29055,71541,936.97,failed,online,2025-04-12,NO
4407,10147,72244,60.23,failed,online,2025-04-12,NO
2536,31317,73092,1400.35,failed,online,2025-04-12,NO
3780,6708,75685,1785.54,completed,online,2025-04-12,NO
2078,24691,77920,1817.92,completed,online,2025-04-12,NO
1,9559,78841,1453.66,completed,online,2025-04-12,NO
2770,31313,79001,1500.28,completed,online,2025-04-12,NO
841,39060,81043,166.99,completed,online,2025-04-12,NO
1,20994,81367,627.0,failed,online,2025-04-12,NO
1,47274,84294,579.59,completed,online,2025-04-12,NO
1,17560,86042,499.76,completed,online,2025-04-12,NO
3469,37096,86152,1763.58,completed,online,2025-04-12,NO
195,21448,86554,318.67,failed,online,2025-04-12,NO
469,47854,87750,1001.29,completed,online,2025-04-12,NO
437,1749,89805,55.11,failed,online,2025-04-12,NO
3319,39388,92215,916.32,failed,online,2025-04-12,NO
2095,8383,92418,1585.13,failed,online,2025-04-12,NO
1,43659,96214,1009.49,failed,online,2025-04-12,NO
3702,23971,96246,1450.74,failed,online,2025-04-12,NO
1941,35114,97699,1046.34,failed,online,2025-04-12,NO
246,13292,98378,1988.49,completed,online,2025-04-12,NO
1642,46881,98845,1951.66,failed,online,2025-04-12,NO
1,43756,105434,1342.51,failed,online,2025-04-12,NO
973,49024,106130,1413.63,failed,online,2025-04-12,NO
1983,12152,107012,617.55,completed,online,2025-04-12,NO
1,20429,111282,1992.03,completed,online,2025-04-12,NO
2700,20320,111348,1303.75,completed,online,2025-04-12,NO
1062,34099,111739,699.99,completed,online,2025-04-12,NO
1541,17076,111758,1542.36,failed,online,2025-04-12,NO
1,14623,117748,1512.89,failed,online,2025-04-12,NO
2729,28457,118575,1028.3,completed,online,2025-04-12,NO
2294,21424,125053,658.68,completed,online,2025-04-12,NO
3432,41325,125312,1707.44,failed,online,2025-04-12,NO
1,43122,126008,156.78,completed,online,2025-04-12,NO
1,22437,127034,1454.31,failed,online,2025-04-12,NO
315,38818,130098,955.79,completed,online,2025-04-12,NO
4086,41504,131299,270.36,completed,online,2025-04-12,NO
4686,14835,131426,336.28,completed,online,2025-04-12,NO
1,37984,132060,344.97,failed,online,2025-04-12,NO
4430,47092,134677,313.64,completed,online,2025-04-12,NO
1,40052,135679,1481.25,completed,online,2025-04-12,NO
4032,1171,139652,131.96,completed,online,2025-04-12,NO
443,12018,142243,689.19,failed,online,2025-04-12,NO
1,2321,143791,1573.19,failed,online,2025-04-12,NO
3078,3780,145876,1985.53,completed,online,2025-04-12,NO
1,32542,148485,1581.5,completed,online,2025-04-12,NO
3534,21391,148530,1571.79,failed,online,2025-04-12,NO
1,24952,148537,7898.562425217962,failed,online,2025-04-12,NO
2877,35665,148691,1601.37,failed,online,2025-04-12,NO
4657,28736,10693,1771.53,completed,online,2025-03-13,NO
4724,42149,11966,1557.7,failed,online,2025-03-13,NO
1987,36827,12866,43.41,failed,online,2025-03-13,NO
4949,19093,13100,722.61,failed,online,2025-03-13,NO
1,147,13203,1718.22,completed,online,2025-03-13,NO
1449,45814,13540,701.09,completed,online,2025-03-13,NO
2782,22428,19628,70.17,failed,online,2025-03-13,NO
4184,7283,20065,1560.84,failed,online,2025-03-13,NO
3706,3803,20592,496.75,completed,online,2025-03-13,NO
4230,17434,22333,1338.9,completed,online,2025-03-13,NO
2808,41890,23178,1847.14,failed,online,2025-03-13,NO
2230,5996,26512,643.85,completed,online,2025-03-13,NO
1,33937,27980,936.14,completed,online,2025-03-13,NO
268,48439,28032,1849.83,completed,online,2025-03-13,NO
871,18216,29299,350.76,completed,online,2025-03-13,NO
3308,35483,30579,210.2,failed,online,2025-03-13,NO
1,28695,34424,1608.03,failed,online,2025-03-13,NO
1,36940,37873,1785.18,completed,online,2025-03-13,NO
4852,9115,38145,577.06,completed,online,2025-03-13,NO
1,22181,39260,1920.38,failed,online,2025-03-13,NO
3777,18504,41720,1825.62,completed,online,2025-03-13,NO
3050,30906,44537,1612.54,completed,online,2025-03-13,NO
4475,44387,45131,313.81,completed,online,2025-03-13,NO
2581,26417,45751,1346.39,failed,online,2025-03-13,NO
3200,42991,46572,1304.6,completed,online,2025-03-13,NO
4103,19964,47640,84.61,completed,online,2025-03-13,NO
1,10734,47730,1807.17,failed,online,2025-03-13,NO
3564,1418,48814,999.57,completed,online,2025-03-13,NO
1,21964,48985,174.71,failed,online,2025-03-13,NO
1768,29300,53021,84.97,completed,online,2025-03-13,NO
4367,5686,55353,1894.12,completed,online,2025-03-13,NO
145,6098,55381,766.99,failed,online,2025-03-13,NO
4384,41803,61243,1158.21,completed,online,2025-03-13,NO
1818,40084,61962,423.28,failed,online,2025-03-13,NO
2421,8671,63157,199.21,failed,online,2025-03-13,NO
3352,2062,63159,1259.56,completed,online,2025-03-13,NO
3404,35468,64091,276.06,failed,online,2025-03-13,NO
2204,21509,66005,1916.1,failed,online,2025-03-13,NO
1867,16920,67043,1950.71,completed,online,2025-03-13,NO
1537,39021,67620,940.56,completed,online,2025-03-13,NO
1,30187,70645,611.41,completed,online,2025-03-13,NO
1,37360,72186,434.44,completed,online,2025-03-13,NO
4570,38775,72362,401.31,failed,online,2025-03-13,NO
3881,34806,73043,848.96,completed,online,2025-03-13,NO
2789,34799,74210,362.71,completed,online,2025-03-13,NO
715,19943,75845,1096.51,completed,online,2025-03-13,NO
954,38015,78520,1781.92,completed,online,2025-03-13,NO
1,31413,78647,611.78,completed,online,2025-03-13,NO
4399,11181,80406,709.15,completed,online,2025-03-13,NO
1,9112,83392,1400.1,completed,online,2025-03-13,NO
1,17864,84369,160.2,failed,online,2025-03-13,NO
3730,9392,86740,987.34,failed,online,2025-03-13,NO
4622,23546,86917,1698.27,completed,online,2025-03-13,NO
2860,28972,88330,231.69,completed,online,2025-03-13,NO
1,22909,88427,541.09,completed,online,2025-03-13,NO
1,22084,88769,971.17,failed,online,2025-03-13,NO
2511,2524,92369,1301.53,failed,online,2025-03-13,NO
1795,11440,93164,1862.2,failed,online,2025-03-13,NO
3021,8191,94791,58.45,completed,online,2025-03-13,NO
4635,9950,98055,1152.47,failed,online,2025-03-13,NO
3242,35692,100397,1144.73,failed,online,2025-03-13,NO
1692,37303,100578,1620.93,failed,online,2025-03-13,NO
4566,28452,100828,1094.2,completed,online,2025-03-13,NO
2395,35630,102202,1017.49,completed,online,2025-03-13,NO
3880,31347,102224,83.54,failed,online,2025-03-13,NO
1,6274,102445,766.42,completed,online,2025-03-13,NO
3966,41621,103551,1494.26,failed,online,2025-03-13,NO
422,33264,104037,1831.64,failed,online,2025-03-13,NO
681,40041,105726,783.11,failed,online,2025-03-13,NO
2575,7106,106234,888.04,failed,online,2025-03-13,NO
3458,9228,106360,330.44,completed,online,2025-03-13,NO
3755,4392,106419,1687.86,failed,online,2025-03-13,NO
4708,49217,107811,630.74,failed,online,2025-03-13,NO
1168,37894,113006,1224.13,failed,online,2025-03-13,NO
4005,22195,113353,1988.97,failed,UNKNOWN,2025-03-13,NO
1,16939,113778,674.7,failed,online,2025-03-13,NO
4525,23306,114677,968.26,completed,online,2025-03-13,NO
4985,47240,115522,731.39,completed,UNKNOWN,2025-03-13,NO
311,40493,118030,1156.56,completed,online,2025-03-13,NO
2123,44994,119832,993.28,completed,online,2025-03-13,NO
3893,14448,120790,1314.12,completed,online,2025-03-13,NO
40,24647,121494,1881.7,failed,online,2025-03-13,NO
1928,4664,121829,663.49,failed,online,2025-03-13,NO
2000,46179,124036,919.27,failed,online,2025-03-13,NO
2280,11897,124886,1804.43,completed,online,2025-03-13,NO
2535,29772,128412,932.41,completed,online,2025-03-13,NO
2929,9988,129585,72.73,failed,online,2025-03-13,NO
4620,22228,131272,192.96,completed,online,2025-03-13,NO
2383,45067,135265,1956.25,failed,online,2025-03-13,NO
987,20251,136051,1609.44,failed,online,2025-03-13,NO
4661,21228,137192,840.92,failed,online,2025-03-13,NO
1269,48438,137627,1364.23,completed,online,2025-03-13,NO
4951,23761,138798,599.18,failed,online,2025-03-13,NO
3012,8929,142130,851.24,failed,online,2025-03-13,NO
4926,22779,142422,547.04,completed,online,2025-03-13,NO
3680,18557,145956,729.3,completed,online,2025-03-13,NO
1540,46725,147783,397.26,failed,online,2025-03-13,NO
1429,36370,148627,1580.93,failed,online,2025-03-13,NO
1005,14010,197,313.72,failed,online,2025-06-05,NO
2386,35106,366,647.08,completed,online,2025-06-05,NO
1323,29221,1358,644.86,failed,online,2025-06-05,NO
565,45297,1635,1349.04,completed,online,2025-06-05,NO
1,32037,2783,767.83,failed,online,2025-06-05,NO
1,48416,3068,1307.95,completed,online,2025-06-05,NO
1405,1567,3799,1378.18,failed,online,2025-06-05,NO
4775,24380,7213,106.53,completed,online,2025-06-05,NO
1,42721,7558,1449.01,completed,online,2025-06-05,NO
1306,556,8430,432.78,failed,online,2025-06-05,NO
1,47310,8989,868.68,completed,online,2025-06-05,NO
1597,40995,10004,56.85,completed,online,2025-06-05,NO
234,28491,12379,115.32,failed,online,2025-06-05,NO
3407,30638,12763,1783.13,completed,online,2025-06-05,NO
4337,22080,13668,1566.26,failed,online,2025-06-05,NO
1845,49175,15277,853.83,completed,online,2025-06-05,NO
1,16465,18751,1004.28,failed,online,2025-06-05,NO
4257,44322,20174,996.47,failed,online,2025-06-05,NO
3617,25835,20716,327.93,completed,online,2025-06-05,NO
2241,6073,21748,7156.726351152765,failed,online,2025-06-05,NO
1,33693,24729,607.21,failed,online,2025-06-05,NO
4148,32350,25712,337.2,failed,online,2025-06-05,NO
2591,11719,25775,42.51,completed,online,2025-06-05,NO
1,22351,25818,931.85,completed,online,2025-06-05,NO
4830,5310,30999,931.38,completed,online,2025-06-05,NO
1523,48566,32904,1230.25,completed,online,2025-06-05,NO
1965,49814,36003,1823.99,completed,online,2025-06-05,NO
4133,8223,36491,1675.63,failed,online,2025-06-05,NO
2338,10003,39172,1587.83,failed,online,2025-06-05,NO
2486,37680,41702,1246.9,completed,online,2025-06-05,NO
2336,25818,43472,924.89,completed,UNKNOWN,2025-06-05,NO
3610,20917,44625,252.87,completed,online,2025-06-05,NO
462,32888,47342,1144.74,completed,online,2025-06-05,NO
1,10024,47453,795.51,completed,online,2025-06-05,NO
1114,13739,47785,1466.29,completed,UNKNOWN,2025-06-05,NO
1289,47268,51741,1892.0,failed,online,2025-06-05,NO
1168,17981,52916,139.28,failed,online,2025-06-05,NO
1,29536,54554,1848.5,failed,online,2025-06-05,NO
1,26858,55266,1873.62,failed,online,2025-06-05,NO
4224,24904,58488,885.12,completed,online,2025-06-05,NO
2344,41825,59205,159.51,completed,online,2025-06-05,NO
1,4037,59265,1456.33,failed,online,2025-06-05,NO
1,44677,60179,325.45,completed,online,2025-06-05,NO
1,22141,62630,1384.79,completed,online,2025-06-05,NO
1515,38682,63693,1981.92,completed,UNKNOWN,2025-06-05,NO
3171,49820,66903,1702.67,completed,online,2025-06-05,NO
2796,49184,67726,1831.59,failed,online,2025-06-05,NO
3861,15425,68410,1888.7,failed,online,2025-06-05,NO
3994,4427,72296,1603.02,failed,online,2025-06-05,NO
2258,35238,76158,1502.46,completed,online,2025-06-05,NO
1,16895,78344,1943.96,failed,online,2025-06-05,NO
4120,11176,80666,1679.1,completed,online,2025-06-05,NO
3136,37708,84930,358.79,completed,online,2025-06-05,NO
1,27097,85170,1233.06,completed,online,2025-06-05,NO
2844,45743,85624,1599.37,completed,online,2025-06-05,NO
1,48113,85860,98.55,failed,online,2025-06-05,NO
122,39477,88009,9080.697641020697,failed,online,2025-06-05,NO
2472,9239,88510,1166.97,failed,online,2025-06-05,NO
3097,41211,91657,348.08,completed,online,2025-06-05,NO
1167,46963,91803,406.09,failed,online,2025-06-05,NO
2413,33586,94139,278.98,completed,online,2025-06-05,NO
2732,43310,96252,896.19,completed,online,2025-06-05,NO
1,2652,98585,1603.27,failed,online,2025-06-05,NO
1,48475,100419,1433.94,failed,online,2025-06-05,NO
1707,4709,101564,1289.87,failed,online,2025-06-05,NO
3232,1446,104581,38.63,failed,online,2025-06-05,NO
2501,43953,108899,977.0,failed,online,2025-06-05,NO
4759,16402,110226,1412.66,completed,online,2025-06-05,NO
1017,36190,111208,1856.68,failed,online,2025-06-05,NO
4334,35666,112707,556.33,failed,online,2025-06-05,NO
1,33355,113001,1570.95,completed,online,2025-06-05,NO
165,1530,113320,950.25,failed,online,2025-06-05,NO
3682,28684,114721,1659.73,completed,online,2025-06-05,NO
1674,43791,116347,878.17,completed,online,2025-06-05,NO
1814,45893,118675,1448.44,failed,online,2025-06-05,NO
1445,31688,118685,1402.29,failed,online,2025-06-05,NO
3367,29126,119137,889.46,completed,online,2025-06-05,NO
3391,16571,124020,1724.84,failed,online,2025-06-05,NO
232,16710,124600,964.08,completed,online,2025-06-05,NO
1436,37969,124948,489.31,completed,online,2025-06-05,NO
4491,9226,126311,1017.36,completed,online,2025-06-05,NO
1433,29298,126321,1981.83,failed,online,2025-06-05,NO
354,34586,127803,1388.65,failed,online,2025-06-05,NO
446,6494,128161,1070.76,failed,online,2025-06-05,NO
2280,8971,130027,589.28,failed,online,2025-06-05,NO
670,13800,130865,892.0,completed,online,2025-06-05,NO
1318,33086,137236,270.38,completed,online,2025-06-05,NO
1,8373,137814,1369.39,failed,online,2025-06-05,NO
4108,19067,138097,1604.33,failed,online,2025-06-05,NO
2308,25029,141615,1913.06,completed,online,2025-06-05,NO
1,41083,142264,1027.55,completed,online,2025-06-05,NO
4684,48615,142756,681.38,failed,online,2025-06-05,NO
2596,45263,143051,727.78,completed,online,2025-06-05,NO
1,35467,143719,282.54,failed,online,2025-06-05,NO
3508,26229,144759,1611.17,failed,online,2025-06-05,NO
4110,9729,144761,1731.93,failed,online,2025-06-05,NO
4816,38003,145228,1200.69,failed,online,2025-06-05,NO
1,10806,148044,175.43,failed,online,2025-06-05,NO
1,829,1961,76.41,completed,online,2025-11-29,NO
2964,44823,1975,1319.8,failed,online,2025-11-29,NO
1,42376,6342,1822.45,completed,online,2025-11-29,NO
4128,24052,7634,966.55,completed,online,2025-11-29,NO
298,24955,7710,1811.77,completed,online,2025-11-29,NO
2564,29202,8672,717.16,completed,online,2025-11-29,NO
260,20932,9578,1766.29,failed,online,2025-11-29,NO
3234,28802,13975,1765.16,completed,online,2025-11-29,NO
1540,30169,14935,1755.97,completed,online,2025-11-29,NO
1201,13936,16429,6717.867056967863,failed,online,2025-11-29,NO
1,2978,20473,1886.74,completed,online,2025-11-29,NO
966,39704,20509,650.17,failed,online,2025-11-29,NO
1,18407,21367,562.4,failed,online,2025-11-29,NO
3679,6640,21682,556.28,completed,online,2025-11-29,NO
159,22825,24059,1978.9,completed,online,2025-11-29,NO
2766,10187,24803,554.0,completed,online,2025-11-29,NO
240,4569,27738,1308.98,completed,online,2025-11-29,NO
3410,22070,28316,835.46,completed,online,2025-11-29,NO
1411,36180,30976,744.66,completed,online,2025-11-29,NO
1,39608,32087,1163.66,failed,online,2025-11-29,NO
2984,7488,35024,77.85,failed,online,2025-11-29,NO
1466,47650,36296,1527.51,completed,online,2025-11-29,NO
1868,31106,39337,611.54,completed,online,2025-11-29,NO
2123,47243,41789,689.45,failed,online,2025-11-29,NO
3464,18069,42546,117.96,completed,online,2025-11-29,NO
3878,35469,44968,405.63,completed,online,2025-11-29,NO
3668,18960,49377,1244.21,completed,online,2025-11-29,NO
820,18595,56805,1992.18,completed,online,2025-11-29,NO
4374,39556,58382,1781.33,failed,online,2025-11-29,NO
1,4435,59237,75.19,completed,online,2025-11-29,NO
3675,29847,63400,1785.69,completed,online,2025-11-29,NO
1,16489,64166,1462.67,failed,online,2025-11-29,NO
3007,33766,64726,1597.28,failed,online,2025-11-29,NO
3670,18295,65715,1403.36,completed,online,2025-11-29,NO
877,15052,65893,89.02,failed,online,2025-11-29,NO
232,990,66026,1563.04,completed,online,2025-11-29,NO
1,39061,69303,1340.13,completed,online,2025-11-29,NO
4289,21838,69352,5562.335432821439,failed,online,2025-11-29,NO
895,33603,70028,1678.58,completed,online,2025-11-29,NO
2761,24448,71140,1452.69,failed,online,2025-11-29,NO
1,22829,72120,52.07,completed,online,2025-11-29,NO
1,8335,74118,702.95,failed,online,2025-11-29,NO
1,41109,80241,1903.52,failed,online,2025-11-29,NO
1,8841,80356,1312.92,failed,online,2025-11-29,NO
3316,12081,80419,1876.98,failed,online,2025-11-29,NO
1613,5682,80679,1554.71,failed,online,2025-11-29,NO
1,37062,82112,241.61,failed,online,2025-11-29,NO
3263,29729,86489,6371.9283880461035,completed,online,2025-11-29,NO
327,25482,86553,90.51,failed,online,2025-11-29,NO
4662,26528,88059,813.15,failed,online,2025-11-29,NO
265,42573,88290,788.0,failed,online,2025-11-29,NO
1388,32861,89194,1468.4,failed,online,2025-11-29,NO
3241,31990,89951,599.64,completed,online,2025-11-29,NO
1937,30405,92334,359.37,completed,online,2025-11-29,NO
1962,42440,92938,62.37,completed,online,2025-11-29,NO
723,20660,93168,812.66,completed,online,2025-11-29,NO
1813,2055,93896,282.89,completed,online,2025-11-29,NO
2306,18736,94184,1109.81,completed,online,2025-11-29,NO
79,13334,94728,1702.3,failed,online,2025-11-29,NO
2101,23045,97255,1940.05,completed,online,2025-11-29,NO
2633,42802,102299,882.24,completed,online,2025-11-29,NO
3685,8017,102597,1670.69,failed,online,2025-11-29,NO
285,35513,103918,1238.52,completed,online,2025-11-29,NO
3752,28047,104319,422.1,completed,online,2025-11-29,NO
381,32267,108223,912.62,failed,online,2025-11-29,NO
4042,10330,109521,1286.08,failed,online,2025-11-29,NO
1,8021,110302,821.76,failed,online,2025-11-29,NO
1,8353,110371,1001.29,failed,online,2025-11-29,NO
2370,46890,110548,1730.96,completed,online,2025-11-29,NO
2479,14049,110689,1552.18,failed,online,2025-11-29,NO
1644,27116,111045,177.0,failed,online,2025-11-29,NO
1568,2207,111538,642.93,failed,online,2025-11-29,NO
340,7431,113115,1163.64,failed,online,2025-11-29,NO
474,18201,115011,53.72,failed,online,2025-11-29,NO
2668,7073,115898,549.7,failed,online,2025-11-29,NO
435,32159,116189,471.62,completed,online,2025-11-29,NO
2253,8777,116723,957.3,failed,online,2025-11-29,NO
1485,43659,120398,193.39,failed,online,2025-11-29,NO
91,4694,120526,472.36,failed,online,2025-11-29,NO
1,2793,121058,1985.32,failed,online,2025-11-29,NO
496,40927,121789,1718.75,completed,online,2025-11-29,NO
1,47180,123938,1281.23,failed,online,2025-11-29,NO
375,30756,124227,319.0,completed,online,2025-11-29,NO
3119,33736,126179,1968.01,failed,online,2025-11-29,NO
4004,23293,128756,863.32,failed,online,2025-11-29,NO
4218,14518,129570,48.31,completed,online,2025-11-29,NO
4293,18518,131064,1548.19,completed,online,2025-11-29,NO
1,3122,132910,1146.09,failed,online,2025-11-29,NO
4801,45262,134570,1563.86,completed,online,2025-11-29,NO
1,15743,135713,160.23,failed,online,2025-11-29,NO
1820,22677,136720,1987.02,failed,online,2025-11-29,NO
1635,24327,137153,1168.53,completed,online,2025-11-29,NO
1361,30646,137872,551.94,failed,online,2025-11-29,NO
3323,43835,137948,372.77,failed,online,2025-11-29,NO
1,15708,140039,78.88,failed,online,2025-11-29,NO
4110,18073,140424,588.14,completed,online,2025-11-29,NO
1732,48496,145632,1587.82,completed,online,2025-11-29,NO
2925,35309,146018,1559.73,failed,online,2025-11-29,NO
4609,3289,429,1154.26,completed,online,2025-09-24,NO
3365,5964,776,1780.23,completed,online,2025-09-24,NO
1,43113,2337,945.92,completed,online,2025-09-24,NO
1513,26091,4355,1307.48,completed,online,2025-09-24,NO
1839,4710,7191,1531.49,failed,online,2025-09-24,NO
206,8700,8702,545.46,completed,online,2025-09-24,NO
4329,25303,11735,1249.48,failed,online,2025-09-24,NO
1357,18448,12978,1170.34,completed,online,2025-09-24,NO
1,43491,13206,1500.39,failed,online,2025-09-24,NO
1,26654,13390,697.8,failed,online,2025-09-24,NO
2768,42982,14163,1826.34,completed,online,2025-09-24,NO
4110,26951,14389,652.94,completed,online,2025-09-24,NO
1,18732,20901,1528.05,completed,online,2025-09-24,NO
3416,16690,22287,442.66,failed,online,2025-09-24,NO
1929,16533,22664,1325.09,failed,online,2025-09-24,NO
1977,15552,23218,1240.63,failed,online,2025-09-24,NO
318,21232,26873,1242.18,completed,online,2025-09-24,NO
4632,3984,27765,159.01,failed,online,2025-09-24,NO
2601,49072,29024,487.21,completed,online,2025-09-24,NO
1126,909,29172,1035.52,failed,online,2025-09-24,NO
1,11590,29474,647.12,failed,online,2025-09-24,NO
3138,34207,32847,459.72,completed,online,2025-09-24,NO
1371,29201,32950,1324.87,completed,online,2025-09-24,NO
1416,25073,33083,962.54,completed,online,2025-09-24,NO
1,41907,33539,577.38,failed,online,2025-09-24,NO
1,48411,35700,1442.15,completed,online,2025-09-24,NO
4653,44911,38286,853.86,failed,online,2025-09-24,NO
2547,25341,40583,1118.73,failed,online,2025-09-24,NO
2772,28727,47816,444.51,failed,online,2025-09-24,NO
2300,47732,49934,1681.66,completed,online,2025-09-24,NO
4830,31351,50796,1389.19,completed,online,2025-09-24,NO
1778,39566,52576,80.62,failed,online,2025-09-24,NO
1,2685,54474,1698.21,failed,online,2025-09-24,NO
1,42945,55019,1369.56,failed,online,2025-09-24,NO
778,41665,56237,481.41,failed,online,2025-09-24,NO
3849,28985,56761,157.08,failed,online,2025-09-24,NO
1,45220,57213,1327.58,completed,online,2025-09-24,NO
1198,45085,61680,305.41,failed,online,2025-09-24,NO
573,44124,63287,710.11,failed,online,2025-09-24,NO
1,17725,63486,146.58,completed,online,2025-09-24,NO
4907,18420,64579,786.47,failed,online,2025-09-24,NO
4635,15325,68794,426.45,completed,online,2025-09-24,NO
3656,6818,69943,1584.2,failed,online,2025-09-24,NO
1003,40177,70114,932.97,failed,online,2025-09-24,NO
3084,45220,70939,1161.98,failed,online,2025-09-24,NO
291,42742,71927,1469.33,completed,online,2025-09-24,NO
4909,23874,72035,1122.3,failed,online,2025-09-24,NO
4389,16731,72383,1486.93,failed,online,2025-09-24,NO
4720,32642,74684,887.44,failed,online,2025-09-24,NO
2690,26768,76300,308.6,completed,online,2025-09-24,NO
34,41354,78627,759.97,failed,online,2025-09-24,NO
1,28746,79175,1262.96,completed,online,2025-09-24,NO
1,44820,81884,22.44,completed,online,2025-09-24,NO
1,3096,82158,946.73,completed,online,2025-09-24,NO
1,47568,85013,1054.4,failed,online,2025-09-24,NO
1,24918,88120,1456.35,completed,online,2025-09-24,NO
4972,15809,88745,746.73,failed,online,2025-09-24,NO
1,17804,88821,1566.59,completed,online,2025-09-24,NO
1,41796,89736,720.41,failed,online,2025-09-24,NO
1382,17050,91549,1831.63,failed,online,2025-09-24,NO
1,39883,92125,721.66,failed,online,2025-09-24,NO
1658,46916,92357,984.82,completed,UNKNOWN,2025-09-24,NO
4322,27143,93931,1233.74,completed,online,2025-09-24,NO
514,45860,95844,1516.81,failed,online,2025-09-24,NO
2402,13998,96391,1874.71,completed,online,2025-09-24,NO
2158,35818,96589,1499.38,completed,online,2025-09-24,NO
1,721,99999,1462.79,failed,online,2025-09-24,NO
1,48440,100776,1908.41,completed,online,2025-09-24,NO
4430,37535,101420,1731.24,failed,online,2025-09-24,NO
1600,23981,103577,1650.38,failed,online,2025-09-24,NO
149,16382,105869,1975.11,completed,online,2025-09-24,NO
803,20582,111442,1883.67,completed,online,2025-09-24,NO
7,24652,111851,672.24,completed,online,2025-09-24,NO
703,16723,112126,591.68,completed,online,2025-09-24,NO
3509,27855,112867,1446.65,failed,online,2025-09-24,NO
1,18986,114187,525.26,failed,online,2025-09-24,NO
649,45211,115928,742.47,failed,online,2025-09-24,NO
1,25788,116150,446.63,completed,online,2025-09-24,NO
91,17327,116731,645.13,failed,online,2025-09-24,NO
2098,8652,117019,1145.43,completed,online,2025-09-24,NO
2376,9585,117552,1300.69,failed,online,2025-09-24,NO
970,30200,118829,870.42,failed,online,2025-09-24,NO
1532,26714,120150,1706.32,failed,online,2025-09-24,NO
1,37161,121464,1245.47,failed,online,2025-09-24,NO
1,23810,122974,25.15,failed,online,2025-09-24,NO
2464,46843,130682,124.76,completed,online,2025-09-24,NO
1708,41710,135836,511.13,failed,UNKNOWN,2025-09-24,NO
1744,10365,135855,924.05,failed,online,2025-09-24,NO
1960,27215,136162,1579.87,failed,online,2025-09-24,NO
4354,32539,137413,624.89,completed,online,2025-09-24,NO
1,14745,140105,724.5,failed,online,2025-09-24,NO
2996,19445,140940,1366.73,failed,online,2025-09-24,NO
1790,29261,140973,742.71,completed,online,2025-09-24,NO
3457,6821,141806,231.64,failed,online,2025-09-24,NO
806,16934,141838,1413.92,completed,online,2025-09-24,NO
1,30898,142046,1740.44,failed,online,2025-09-24,NO
1498,12428,147547,423.56,completed,online,2025-09-24,NO
1638,33817,148056,1717.86,completed,online,2025-09-24,NO
3193,28089,149254,1930.11,failed,online,2025-09-24,NO
3120,2156,1842,1962.57,completed,online,2025-09-28,NO
4789,49056,4584,339.52,completed,online,2025-09-28,NO
2449,14236,5830,545.5,completed,online,2025-09-28,NO
4821,8924,6012,1618.25,completed,online,2025-09-28,NO
960,45053,9918,1293.54,completed,online,2025-09-28,NO
3397,7227,10239,741.07,completed,online,2025-09-28,NO
1950,19205,10831,1946.63,failed,online,2025-09-28,NO
4247,34766,14503,734.73,completed,online,2025-09-28,NO
4151,41291,14545,1380.56,completed,online,2025-09-28,NO
1,15068,15261,1972.12,failed,online,2025-09-28,NO
4485,44582,15754,698.93,completed,online,2025-09-28,NO
2703,44819,19466,1339.5,completed,online,2025-09-28,NO
1,13900,20973,359.27,completed,online,2025-09-28,NO
798,45526,22383,489.05,failed,online,2025-09-28,NO
3613,47421,23817,407.92,failed,online,2025-09-28,NO
831,10509,24239,719.75,failed,online,2025-09-28,NO
4012,27878,24291,774.29,completed,online,2025-09-28,NO
2926,2131,24568,1373.92,failed,online,2025-09-28,NO
103,24188,24881,856.92,completed,online,2025-09-28,NO
1,37220,26069,667.77,completed,online,2025-09-28,NO
1,34762,27215,1419.27,failed,online,2025-09-28,NO
3622,32306,27987,66.13,failed,online,2025-09-28,NO
70,43564,28434,1833.07,failed,online,2025-09-28,NO
1,47216,32243,302.99,completed,online,2025-09-28,NO
144,6865,33929,1431.36,failed,online,2025-09-28,NO
2715,13654,37371,1397.54,failed,online,2025-09-28,NO
133,24558,38398,541.05,completed,online,2025-09-28,NO
1649,42006,38624,1922.31,failed,online,2025-09-28,NO
1262,40674,39105,1419.79,failed,online,2025-09-28,NO
856,23250,42925,1623.39,completed,online,2025-09-28,NO
2574,20912,43704,1404.16,completed,online,2025-09-28,NO
1,42744,44037,1857.45,completed,online,2025-09-28,NO
3319,44839,48989,1249.48,failed,online,2025-09-28,NO
3843,10417,54265,192.94,completed,online,2025-09-28,NO
2697,46742,55089,1315.3,completed,online,2025-09-28,NO
4548,8574,56017,1842.19,completed,online,2025-09-28,NO
4506,47175,58293,1598.47,completed,online,2025-09-28,NO
2521,12827,58316,1700.29,completed,online,2025-09-28,NO
1204,33973,60464,1419.65,failed,online,2025-09-28,NO
3617,24049,61938,1787.42,completed,online,2025-09-28,NO
1,21696,62393,1607.25,completed,online,2025-09-28,NO
3178,26866,64002,1666.54,completed,online,2025-09-28,NO
354,19823,66064,715.45,failed,online,2025-09-28,NO
4264,23539,66704,873.51,completed,online,2025-09-28,NO
3323,35739,67903,34.64,completed,online,2025-09-28,NO
68,23947,68736,1121.43,failed,online,2025-09-28,NO
1470,34522,71515,945.02,completed,online,2025-09-28,NO
1660,5392,71698,715.7,failed,online,2025-09-28,NO
887,12054,72696,117.16,failed,online,2025-09-28,NO
1,24799,72948,1700.58,completed,online,2025-09-28,NO
4327,3477,73778,1690.62,completed,online,2025-09-28,NO
1882,38886,74147,445.65,failed,online,2025-09-28,NO
3359,21757,74712,671.83,failed,online,2025-09-28,NO
1923,49276,79269,303.08,completed,online,2025-09-28,NO
1260,1923,79941,298.49,failed,online,2025-09-28,NO
3963,46948,81310,938.7,failed,online,2025-09-28,NO
1,1297,82010,1864.46,failed,online,2025-09-28,NO
1219,44256,82198,405.21,completed,online,2025-09-28,NO
3993,42923,83360,152.93,failed,online,2025-09-28,NO
1345,4076,83545,893.07,completed,online,2025-09-28,NO
4379,12108,83601,49.23,failed,online,2025-09-28,NO
4450,25302,83775,201.28,failed,online,2025-09-28,NO
1,22637,84086,1471.87,completed,online,2025-09-28,NO
1684,18802,84892,1737.95,failed,online,2025-09-28,NO
2453,21511,85266,406.17,failed,online,2025-09-28,NO
4110,46232,88140,958.44,failed,online,2025-09-28,NO
55,31449,88434,898.79,failed,online,2025-09-28,NO
1,17545,89391,1217.59,completed,online,2025-09-28,NO
3188,30743,89745,1336.0,failed,online,2025-09-28,NO
2965,37110,90673,1909.21,failed,online,2025-09-28,NO
4582,23273,90677,469.79,failed,online,2025-09-28,NO
2756,30388,92156,1311.15,completed,online,2025-09-28,NO
1,20811,97331,746.61,failed,online,2025-09-28,NO
559,29750,100552,1951.78,completed,online,2025-09-28,NO
3259,27716,101194,1346.04,completed,online,2025-09-28,NO
4904,36978,101249,119.0,completed,online,2025-09-28,NO
2763,41093,101877,641.01,failed,online,2025-09-28,NO
2714,12667,109903,559.8,failed,online,2025-09-28,NO
4766,13949,111511,996.51,completed,online,2025-09-28,NO
3062,11833,111964,384.6,completed,online,2025-09-28,NO
1621,14142,113049,1900.93,failed,online,2025-09-28,NO
3434,35453,114239,438.83,failed,online,2025-09-28,NO
2302,6210,123000,1118.33,failed,online,2025-09-28,NO
4122,48176,125294,1825.53,failed,online,2025-09-28,NO
1425,14270,132246,1755.89,completed,online,2025-09-28,NO
3553,30109,135998,925.1,failed,online,2025-09-28,NO
1438,14594,136263,1032.14,completed,online,2025-09-28,NO
3000,23330,137993,872.04,failed,online,2025-09-28,NO
4688,43289,138123,548.36,failed,online,2025-09-28,NO
4843,38592,138699,74.75,completed,online,2025-09-28,NO
378,46552,138767,890.91,failed,online,2025-09-28,NO
176,18568,139010,1861.71,failed,online,2025-09-28,NO
1,31916,139359,50.47,failed,online,2025-09-28,NO
135,47765,140396,1105.93,failed,online,2025-09-28,NO
3974,25720,143082,37.98,failed,online,2025-09-28,NO
3457,7494,143602,1769.75,completed,online,2025-09-28,NO
3171,254,144028,1394.07,failed,online,2025-09-28,NO
3469,35600,148154,305.85,failed,online,2025-09-28,NO
1,6441,343,7302.3648988318055,completed,online,2025-06-23,NO
4735,29782,1669,237.45,failed,online,2025-06-23,NO
1168,43345,1696,715.44,completed,online,2025-06-23,NO
3972,20514,2345,634.59,failed,online,2025-06-23,NO
4536,22972,4577,683.35,failed,online,2025-06-23,NO
1008,22889,9836,277.95,failed,online,2025-06-23,NO
2634,18372,10061,1499.05,failed,online,2025-06-23,NO
1,19310,10879,1854.69,completed,online,2025-06-23,NO
861,17338,13922,1160.01,failed,online,2025-06-23,NO
1155,15150,15453,1084.24,completed,online,2025-06-23,NO
3423,35455,16776,497.56,failed,online,2025-06-23,NO
1,23413,17031,69.41,failed,online,2025-06-23,NO
1,44338,17264,1207.79,completed,online,2025-06-23,NO
4095,30324,23967,1822.9,failed,online,2025-06-23,NO
1,19599,24583,389.74,failed,online,2025-06-23,NO
3982,45008,27359,1631.69,failed,online,2025-06-23,NO
4009,10644,29427,1751.21,completed,online,2025-06-23,NO
1,49863,29953,1262.22,failed,online,2025-06-23,NO
707,723,30030,1144.69,completed,online,2025-06-23,NO
4424,1438,30772,1192.59,failed,online,2025-06-23,NO
1116,15929,31931,1507.3,failed,online,2025-06-23,NO
3448,43739,34152,1973.1,completed,online,2025-06-23,NO
1619,21613,34965,1202.38,completed,online,2025-06-23,NO
1,22827,38519,1717.24,completed,online,2025-06-23,NO
2799,41155,43087,343.58,failed,online,2025-06-23,NO
2501,14365,44597,5556.096609806121,completed,online,2025-06-23,NO
2895,44312,44694,1673.0,failed,online,2025-06-23,NO
3506,10738,45742,902.2,completed,online,2025-06-23,NO
528,33293,46674,615.52,completed,online,2025-06-23,NO
4655,42246,48115,1725.36,completed,online,2025-06-23,NO
1,15356,52610,774.59,completed,online,2025-06-23,NO
1006,9304,58134,108.69,failed,online,2025-06-23,NO
4583,28645,58445,299.1,failed,online,2025-06-23,NO
2529,44438,58826,469.96,completed,online,2025-06-23,NO
1,39086,59773,1592.6,failed,online,2025-06-23,NO
4492,7996,64017,632.41,completed,online,2025-06-23,NO
2494,31389,64350,188.95,completed,online,2025-06-23,NO
4895,12597,64846,616.19,completed,online,2025-06-23,NO
1100,27445,65712,439.55,failed,online,2025-06-23,NO
1,8005,66714,409.87,failed,online,2025-06-23,NO
836,32272,68408,1196.15,failed,online,2025-06-23,NO
1353,35739,69867,13.41,completed,online,2025-06-23,NO
3230,28936,70693,605.14,completed,online,2025-06-23,NO
2535,40905,71758,1885.29,failed,online,2025-06-23,NO
1,24566,73435,5743.116645214768,failed,online,2025-06-23,NO
1,16887,73518,1363.87,failed,online,2025-06-23,NO
200,40731,76250,1410.39,completed,online,2025-06-23,NO
1,29022,78207,447.23,completed,online,2025-06-23,NO
4075,8751,78921,278.92,failed,online,2025-06-23,NO
4742,4746,82687,1574.35,failed,online,2025-06-23,NO
1509,26640,83428,33.8,completed,online,2025-06-23,NO
4636,27216,83891,1729.86,completed,online,2025-06-23,NO
3495,10187,84025,112.14,completed,online,2025-06-23,NO
4796,45073,84026,1153.71,failed,online,2025-06-23,NO
1085,7839,86157,208.12,failed,online,2025-06-23,NO
1,42749,87278,710.62,completed,online,2025-06-23,NO
3257,21125,88567,777.11,failed,online,2025-06-23,NO
778,15862,89580,1702.9,completed,online,2025-06-23,NO
2719,8614,90224,1406.8,failed,online,2025-06-23,NO
807,13914,90874,217.81,failed,online,2025-06-23,NO
3940,3900,94682,414.96,failed,online,2025-06-23,NO
3256,30998,96686,1870.16,failed,online,2025-06-23,NO
233,42190,99431,1058.31,failed,online,2025-06-23,NO
2494,5540,99552,244.2,completed,online,2025-06-23,NO
2501,28561,100674,231.1,completed,online,2025-06-23,NO
1134,2088,100841,277.32,failed,online,2025-06-23,NO
435,37574,107487,825.89,completed,online,2025-06-23,NO
3279,24382,108004,932.7,failed,online,2025-06-23,NO
2966,35822,110446,1650.09,failed,online,2025-06-23,NO
1,25613,111917,323.13,failed,online,2025-06-23,NO
4783,18903,115069,1386.62,failed,online,2025-06-23,NO
3146,9843,115894,1226.59,failed,online,2025-06-23,NO
1781,42153,115956,1175.47,completed,online,2025-06-23,NO
212,25646,116019,1598.46,completed,online,2025-06-23,NO
729,5912,116980,1572.07,failed,online,2025-06-23,NO
1224,40875,116992,215.15,failed,online,2025-06-23,NO
1251,42711,119579,388.64,failed,online,2025-06-23,NO
1938,33895,120043,1811.69,completed,online,2025-06-23,NO
2147,7994,120570,1622.27,completed,online,2025-06-23,NO
88,24521,121476,1735.4,completed,online,2025-06-23,NO
1,25005,121690,537.87,failed,online,2025-06-23,NO
1,35841,122931,267.53,failed,online,2025-06-23,NO
4860,1482,123806,1538.62,completed,online,2025-06-23,NO
1,16893,125009,1124.75,completed,online,2025-06-23,NO
2080,41244,125244,117.14,completed,online,2025-06-23,NO
4820,30804,125659,1208.96,failed,online,2025-06-23,NO
3604,45191,126451,1107.94,failed,online,2025-06-23,NO
1,22617,129242,951.61,completed,online,2025-06-23,NO
4041,11179,129796,1727.08,completed,online,2025-06-23,NO
961,46166,129928,891.71,failed,online,2025-06-23,NO
2105,2097,129952,147.76,completed,online,2025-06-23,NO
1,2195,134836,1466.93,failed,online,2025-06-23,NO
1,10752,137317,1625.79,completed,online,2025-06-23,NO
1,8829,138250,1394.35,completed,online,2025-06-23,NO
1,17217,139130,898.44,failed,online,2025-06-23,NO
1,17500,139685,795.12,completed,online,2025-06-23,NO
4329,20537,142329,828.86,completed,online,2025-06-23,NO
1,49990,143950,113.66,failed,online,2025-06-23,NO
1,40288,390,1645.11,failed,online,2025-02-27,NO
1,2261,6549,224.41,failed,online,2025-02-27,NO
2686,49591,7195,781.16,failed,online,2025-02-27,NO
2259,14304,7392,1628.83,completed,online,2025-02-27,NO
874,41493,8302,413.23,failed,online,2025-02-27,NO
2263,1054,8696,1302.74,failed,online,2025-02-27,NO
448,8202,11685,655.1,failed,online,2025-02-27,NO
2647,9126,13196,1602.38,completed,online,2025-02-27,NO
3513,41642,15880,494.45,failed,online,2025-02-27,NO
4486,15612,19671,533.62,completed,online,2025-02-27,NO
4522,30408,21259,1393.75,failed,online,2025-02-27,NO
2538,22707,21805,1103.83,failed,online,2025-02-27,NO
1478,9507,21983,1145.25,completed,online,2025-02-27,NO
2961,42214,25134,683.25,completed,online,2025-02-27,NO
1,2982,26228,243.13,completed,online,2025-02-27,NO
1096,20461,26453,900.24,completed,online,2025-02-27,NO
2004,49648,30284,318.78,failed,online,2025-02-27,NO
1892,373,30847,1358.32,failed,online,2025-02-27,NO
1,49631,34340,256.05,completed,online,2025-02-27,NO
3989,6478,35339,739.41,completed,online,2025-02-27,NO
1390,30389,35703,1361.28,completed,online,2025-02-27,NO
270,33803,37792,1558.96,completed,online,2025-02-27,NO
4447,14796,40610,1236.79,failed,online,2025-02-27,NO
2360,27750,41982,1475.77,failed,online,2025-02-27,NO
2637,22116,42940,1183.49,completed,online,2025-02-27,NO
2323,177,45673,1305.12,completed,online,2025-02-27,NO
2667,15520,45773,1327.62,completed,online,2025-02-27,NO
2471,26263,47099,222.35,failed,online,2025-02-27,NO
3731,17742,47890,734.66,completed,online,2025-02-27,NO
2672,11390,47904,1074.93,failed,online,2025-02-27,NO
307,38237,48583,1481.16,failed,online,2025-02-27,NO
1,11366,50486,606.7,completed,online,2025-02-27,NO
2327,30186,50807,1073.61,completed,online,2025-02-27,NO
1,37014,50953,1571.12,failed,online,2025-02-27,NO
166,20715,51207,1182.86,completed,online,2025-02-27,NO
1,3716,54828,1905.56,failed,online,2025-02-27,NO
1,44428,55615,597.53,failed,online,2025-02-27,NO
4239,47444,58651,1025.94,failed,online,2025-02-27,NO
1774,1046,59386,1372.92,completed,online,2025-02-27,NO
2075,40366,62756,976.97,failed,online,2025-02-27,NO
1,47197,64096,393.66,failed,online,2025-02-27,NO
3696,47292,67786,1270.4,failed,online,2025-02-27,NO
1,616,68149,1894.93,failed,online,2025-02-27,NO
4509,34674,68695,1239.09,completed,online,2025-02-27,NO
4586,41490,69690,1710.56,completed,online,2025-02-27,NO
1,36692,73444,533.52,completed,online,2025-02-27,NO
1,45302,73866,436.31,failed,online,2025-02-27,NO
1,139,75864,628.28,failed,online,2025-02-27,NO
4585,20052,76037,1142.69,failed,online,2025-02-27,NO
1,43129,77275,127.36,completed,online,2025-02-27,NO
4940,23067,77453,1973.86,failed,online,2025-02-27,NO
23,22018,80833,1934.51,failed,UNKNOWN,2025-02-27,NO
163,32931,81371,1400.35,failed,online,2025-02-27,NO
4814,5560,82082,1554.14,completed,online,2025-02-27,NO
1076,30404,87176,936.32,failed,online,2025-02-27,NO
1288,1138,90316,91.69,failed,online,2025-02-27,NO
3228,43285,91308,1042.8,failed,online,2025-02-27,NO
3966,4620,91316,596.78,completed,online,2025-02-27,NO
4076,49540,93171,1609.17,completed,online,2025-02-27,NO
1,3425,94023,1826.53,failed,online,2025-02-27,NO
1966,32043,94161,719.52,failed,online,2025-02-27,NO
2885,25967,94567,515.84,failed,online,2025-02-27,NO
2469,9775,95968,751.42,failed,online,2025-02-27,NO
763,26579,97881,1951.76,completed,online,2025-02-27,NO
257,22450,98050,353.81,completed,online,2025-02-27,NO
879,1471,99118,588.32,completed,online,2025-02-27,NO
4794,16762,99715,768.49,completed,online,2025-02-27,NO
4172,42592,100116,370.1,failed,online,2025-02-27,NO
3210,47608,101388,1426.56,completed,online,2025-02-27,NO
744,31754,101423,1406.67,failed,online,2025-02-27,NO
1930,43996,101513,99.21,failed,online,2025-02-27,NO
4805,42971,102018,1264.93,completed,online,2025-02-27,NO
752,47883,103179,301.34,failed,online,2025-02-27,NO
1639,31711,103187,989.87,completed,online,2025-02-27,NO
4437,20561,104188,113.33,completed,online,2025-02-27,NO
73,43816,105111,1964.42,completed,online,2025-02-27,NO
1546,37762,105775,1914.14,completed,online,2025-02-27,NO
2378,18214,108456,1591.92,failed,online,2025-02-27,NO
1,6948,114515,1661.23,failed,online,2025-02-27,NO
4661,15134,117458,254.04,completed,online,2025-02-27,NO
3092,2507,117827,1071.4,completed,online,2025-02-27,NO
1977,43744,117903,180.27,completed,online,2025-02-27,NO
519,4125,119028,848.17,failed,online,2025-02-27,NO
2968,13722,122278,398.31,completed,online,2025-02-27,NO
1460,43822,122534,1884.09,failed,online,2025-02-27,NO
1249,48633,123744,497.66,completed,online,2025-02-27,NO
1474,25692,126807,697.26,failed,online,2025-02-27,NO
3706,28187,127300,671.81,completed,online,2025-02-27,NO
3564,31214,129193,1237.46,completed,online,2025-02-27,NO
2702,26288,131431,533.92,completed,online,2025-02-27,NO
3335,10223,132258,1433.41,completed,online,2025-02-27,NO
3644,45868,134243,1829.69,failed,online,2025-02-27,NO
3799,20599,134398,384.97,completed,online,2025-02-27,NO
1435,23194,140674,506.26,completed,online,2025-02-27,NO
4095,47830,142027,995.89,failed,online,2025-02-27,NO
4725,33314,142809,695.1,failed,online,2025-02-27,NO
1,16765,145194,145.94,completed,online,2025-02-27,NO
1151,28825,147664,1232.13,failed,online,2025-02-27,NO
1651,5812,4902,719.45,failed,online,2025-01-15,NO
3120,16115,6255,186.36,failed,online,2025-01-15,NO
2336,15090,8740,1780.11,completed,online,2025-01-15,NO
1,15094,8901,1362.76,failed,online,2025-01-15,NO
1,10749,9418,1275.35,completed,online,2025-01-15,NO
3175,41205,9752,516.9,failed,online,2025-01-15,NO
4803,25225,9902,950.41,failed,UNKNOWN,2025-01-15,NO
3810,21972,12325,800.25,completed,online,2025-01-15,NO
3364,12687,19681,845.09,completed,online,2025-01-15,NO
3506,40007,20948,1480.8,failed,online,2025-01-15,NO
2604,14840,22596,536.16,failed,online,2025-01-15,NO
4972,28132,26869,529.49,failed,online,2025-01-15,NO
1,19877,29362,1132.53,completed,online,2025-01-15,NO
1,39354,34107,1746.31,failed,online,2025-01-15,NO
944,14465,34586,856.18,completed,online,2025-01-15,NO
2137,38694,34793,696.87,failed,online,2025-01-15,NO
1,2433,36564,913.32,completed,online,2025-01-15,NO
4543,49744,38039,1310.77,failed,online,2025-01-15,NO
4596,212,38294,1806.11,failed,online,2025-01-15,NO
2136,41757,38735,608.64,completed,online,2025-01-15,NO
206,16700,39700,1825.25,failed,online,2025-01-15,NO
778,1363,39953,1743.06,failed,online,2025-01-15,NO
1404,49407,44813,1461.13,completed,online,2025-01-15,NO
3518,527,46606,23.41,completed,online,2025-01-15,NO
1975,43278,46756,1052.92,failed,online,2025-01-15,NO
2668,44136,49235,1026.71,completed,online,2025-01-15,NO
4487,42894,51334,1824.0,failed,online,2025-01-15,NO
3544,3788,51519,1672.69,completed,online,2025-01-15,NO
4778,22506,52260,866.64,failed,online,2025-01-15,NO
1344,48141,54318,1442.87,failed,online,2025-01-15,NO
4990,14158,54619,1930.79,completed,online,2025-01-15,NO
3757,38798,55628,518.3,failed,online,2025-01-15,NO
4982,40161,58031,965.52,completed,online,2025-01-15,NO
4948,18162,59281,1501.47,completed,online,2025-01-15,NO
4542,11999,62148,1192.64,completed,online,2025-01-15,NO
1,22506,62196,305.34,completed,online,2025-01-15,NO
145,45290,65190,1800.52,failed,online,2025-01-15,NO
1421,19235,65500,132.0,completed,online,2025-01-15,NO
158,16917,66869,1600.77,failed,online,2025-01-15,NO
97,49062,69895,379.96,completed,online,2025-01-15,NO
1268,42778,71602,894.06,failed,online,2025-01-15,NO
4795,750,72757,1830.34,failed,online,2025-01-15,NO
2784,12378,72788,967.65,failed,online,2025-01-15,NO
770,3740,73632,657.42,failed,online,2025-01-15,NO
1013,40998,74215,828.09,failed,online,2025-01-15,NO
4507,5758,76290,1408.53,failed,online,2025-01-15,NO
2689,1666,76520,1610.76,completed,online,2025-01-15,NO
3815,12002,78234,493.32,completed,online,2025-01-15,NO
2032,12094,82321,156.6,completed,online,2025-01-15,NO
190,9037,82735,1522.3,completed,online,2025-01-15,NO
4020,46368,84087,1153.29,failed,online,2025-01-15,NO
28,5232,84504,261.17,failed,online,2025-01-15,NO
1281,2728,85681,1158.3,failed,online,2025-01-15,NO
1,29778,85801,1910.55,completed,online,2025-01-15,NO
1805,48818,87351,1642.69,completed,online,2025-01-15,NO
4531,186,88212,986.66,completed,online,2025-01-15,NO
2321,21584,88964,1351.6,failed,online,2025-01-15,NO
2946,38601,89242,267.03,failed,online,2025-01-15,NO
348,18056,90134,789.73,failed,online,2025-01-15,NO
2324,27997,91286,1973.86,completed,online,2025-01-15,NO
1790,38364,93549,1944.16,completed,online,2025-01-15,NO
3094,32036,93628,1940.12,completed,online,2025-01-15,NO
4131,22249,94165,982.37,failed,online,2025-01-15,NO
4527,41698,94182,438.95,failed,online,2025-01-15,NO
3492,46310,94457,785.27,failed,online,2025-01-15,NO
3751,4575,94973,720.93,failed,online,2025-01-15,NO
1,14010,95071,988.74,completed,online,2025-01-15,NO
2505,20993,95928,714.67,completed,online,2025-01-15,NO
2758,49218,98303,1748.59,failed,online,2025-01-15,NO
1,27009,99651,1849.56,completed,online,2025-01-15,NO
1709,34920,100690,1248.91,failed,online,2025-01-15,NO
1,21047,102607,1659.57,failed,online,2025-01-15,NO
255,2645,103257,740.86,completed,online,2025-01-15,NO
695,45114,105766,9400.413839359477,failed,online,2025-01-15,NO
1120,31427,109403,948.13,completed,online,2025-01-15,NO
4588,5787,110122,780.55,failed,online,2025-01-15,NO
1472,17415,111626,1834.43,failed,online,2025-01-15,NO
1596,24693,116152,646.11,failed,online,2025-01-15,NO
3531,19987,116685,1217.06,failed,online,2025-01-15,NO
1,10739,122153,977.94,failed,online,2025-01-15,NO
1478,34478,124364,1761.35,failed,online,2025-01-15,NO
773,15136,124692,1014.26,failed,online,2025-01-15,NO
4624,46888,127121,1211.36,completed,online,2025-01-15,NO
1,21678,127682,178.31,completed,online,2025-01-15,NO
3145,40980,130180,182.45,completed,online,2025-01-15,NO
1431,28416,130428,1709.49,failed,online,2025-01-15,NO
1,39316,130981,1123.61,failed,UNKNOWN,2025-01-15,NO
4638,565,131855,1793.83,completed,online,2025-01-15,NO
1,11897,131859,1348.55,failed,online,2025-01-15,NO
2241,24687,133676,942.75,completed,online,2025-01-15,NO
1287,1591,135009,1310.75,failed,online,2025-01-15,NO
481,46642,136394,1927.35,failed,online,2025-01-15,NO
1,38933,140629,1392.73,failed,online,2025-01-15,NO
3944,13414,141153,1562.18,completed,online,2025-01-15,NO
1,17527,144019,47.8,failed,online,2025-01-15,NO
4657,34737,145784,9772.842883852823,failed,online,2025-01-15,NO
565,6530,148289,1320.5,completed,online,2025-01-15,NO
1,46353,149964,732.12,failed,online,2025-01-15,NO
1,14898,2326,214.0,completed,online,2025-01-02,NO
148,569,2964,55.86,failed,online,2025-01-02,NO
1,46091,5306,1090.72,completed,online,2025-01-02,NO
591,24105,10737,908.17,completed,online,2025-01-02,NO
622,4436,12989,585.17,failed,online,2025-01-02,NO
2452,17227,13803,776.86,failed,online,2025-01-02,NO
1642,16770,17927,311.49,failed,online,2025-01-02,NO
1,8793,18317,72.07,failed,online,2025-01-02,NO
1,17338,18499,374.91,failed,online,2025-01-02,NO
1,29140,18983,165.68,completed,UNKNOWN,2025-01-02,NO
328,808,19195,1654.32,failed,online,2025-01-02,NO
720,35880,21953,1768.56,failed,online,2025-01-02,NO
4464,15855,22012,857.2,completed,online,2025-01-02,NO
1,49013,24545,1311.47,failed,online,2025-01-02,NO
3504,23372,24842,1564.31,failed,online,2025-01-02,NO
4542,8731,25043,1265.92,completed,online,2025-01-02,NO
186,33659,26943,167.75,completed,online,2025-01-02,NO
1,47076,28107,1941.8,failed,online,2025-01-02,NO
1,46459,30939,635.81,completed,online,2025-01-02,NO
1,14076,32247,1294.0,completed,online,2025-01-02,NO
4913,8110,36667,1755.91,failed,online,2025-01-02,NO
3010,11875,38165,503.66,completed,online,2025-01-02,NO
557,8217,39449,51.65,completed,online,2025-01-02,NO
189,5263,39623,1562.07,completed,online,2025-01-02,NO
3538,15401,39726,315.55,completed,online,2025-01-02,NO
3286,26047,40378,281.87,completed,online,2025-01-02,NO
1,4885,45308,1183.38,failed,online,2025-01-02,NO
115,38774,46846,1967.66,failed,online,2025-01-02,NO
4748,47381,49124,1074.71,failed,online,2025-01-02,NO
2105,35493,49314,1794.64,failed,online,2025-01-02,NO
2368,17993,49847,691.88,failed,online,2025-01-02,NO
1807,19488,52934,440.43,completed,online,2025-01-02,NO
1,20884,54846,1836.29,failed,online,2025-01-02,NO
3144,8110,55442,1156.55,completed,online,2025-01-02,NO
1,30137,55796,1297.86,completed,online,2025-01-02,NO
1034,37592,56663,1759.37,completed,online,2025-01-02,NO
1,31839,58657,734.93,completed,online,2025-01-02,NO
3869,3095,66885,1124.79,completed,online,2025-01-02,NO
2477,21842,67486,709.6,completed,online,2025-01-02,NO
4990,34786,68051,1887.58,completed,online,2025-01-02,NO
799,30632,68172,443.37,failed,online,2025-01-02,NO
4331,4847,71223,839.45,completed,online,2025-01-02,NO
1,48599,75138,535.23,failed,online,2025-01-02,NO
3259,42483,76354,888.86,failed,online,2025-01-02,NO
4338,38706,77827,1395.47,completed,online,2025-01-02,NO
1,31484,79438,1258.59,completed,online,2025-01-02,NO
681,5966,79891,7300.705458926317,failed,online,2025-01-02,NO
1737,36252,81745,1503.56,completed,online,2025-01-02,NO
1060,32705,83383,283.7,completed,UNKNOWN,2025-01-02,NO
1,48312,83885,925.06,failed,online,2025-01-02,NO
1,22499,84505,1485.04,failed,online,2025-01-02,NO
4031,43121,86931,1212.09,failed,online,2025-01-02,NO
2676,16118,86940,1456.9,completed,online,2025-01-02,NO
66,26743,87510,1075.64,completed,online,2025-01-02,NO
1,25425,88771,1952.83,completed,online,2025-01-02,NO
150,17279,89089,1850.24,failed,online,2025-01-02,NO
1,15016,89976,659.85,failed,online,2025-01-02,NO
1994,49416,90520,483.57,completed,online,2025-01-02,NO
2336,36007,92113,159.88,failed,online,2025-01-02,NO
3702,32706,92267,908.63,failed,online,2025-01-02,NO
3985,36604,92438,1985.83,failed,online,2025-01-02,NO
4348,41436,95153,1615.86,completed,online,2025-01-02,NO
1,30171,95545,1529.51,completed,online,2025-01-02,NO
2947,45702,95585,622.25,failed,online,2025-01-02,NO
3286,13234,98632,621.8,failed,online,2025-01-02,NO
3140,36460,99961,812.36,completed,online,2025-01-02,NO
1,36712,101030,1275.96,failed,online,2025-01-02,NO
3786,6987,101075,1960.16,failed,online,2025-01-02,NO
1,39794,101456,424.43,completed,online,2025-01-02,NO
2616,29122,102361,642.15,completed,online,2025-01-02,NO
1,5641,105457,482.86,failed,UNKNOWN,2025-01-02,NO
849,26722,106643,1096.0,failed,online,2025-01-02,NO
519,13121,109282,1671.01,failed,online,2025-01-02,NO
4374,48247,109311,711.37,completed,online,2025-01-02,NO
2029,44131,111408,1891.67,completed,online,2025-01-02,NO
4304,36076,115315,1572.85,completed,online,2025-01-02,NO
723,7266,119553,1524.68,completed,online,2025-01-02,NO
4717,18981,120566,1371.35,failed,online,2025-01-02,NO
1,24914,121686,1098.6,completed,online,2025-01-02,NO
1,15070,122577,567.34,completed,online,2025-01-02,NO
1906,45793,122752,439.7,completed,online,2025-01-02,NO
1,24094,123650,479.05,completed,online,2025-01-02,NO
1881,48538,123884,10.87,completed,online,2025-01-02,NO
3477,7418,123932,1955.44,completed,online,2025-01-02,NO
1,29993,125280,1324.19,completed,online,2025-01-02,NO
2645,8057,127678,1839.59,completed,online,2025-01-02,NO
1798,29636,131785,246.42,completed,online,2025-01-02,NO
376,11578,132688,752.26,completed,online,2025-01-02,NO
2205,16995,133560,1732.26,completed,online,2025-01-02,NO
1,4761,137925,555.1,completed,online,2025-01-02,NO
3595,3,139156,1827.84,completed,online,2025-01-02,NO
3381,34706,144816,1570.17,failed,online,2025-01-02,NO
4036,13319,145473,1671.86,completed,online,2025-01-02,NO
1,26471,147297,978.47,completed,online,2025-01-02,NO
1,16465,148733,1022.7,completed,online,2025-01-02,NO
1949,44819,148877,367.73,failed,online,2025-01-02,NO
3952,32553,149823,857.95,completed,online,2025-01-02,NO
4760,31547,149999,609.89,failed,online,2025-01-02,NO
1812,29636,767,1565.39,failed,online,2025-01-09,NO
867,30082,2350,875.55,failed,online,2025-01-09,NO
2111,7616,2508,1385.35,completed,online,2025-01-09,NO
2031,47681,6144,1039.88,completed,online,2025-01-09,NO
4306,5628,6507,1623.29,completed,online,2025-01-09,NO
4132,42596,6633,1718.03,completed,UNKNOWN,2025-01-09,NO
2866,14145,7808,1480.21,failed,online,2025-01-09,NO
2091,48816,8555,1731.7,failed,online,2025-01-09,NO
3703,16679,13184,738.44,failed,online,2025-01-09,NO
1492,9084,18439,495.75,failed,online,2025-01-09,NO
1747,36015,18912,1989.19,completed,online,2025-01-09,NO
1240,25807,21576,1874.54,completed,online,2025-01-09,NO
3945,3921,21981,1290.28,failed,online,2025-01-09,NO
4671,9365,22186,827.0,completed,online,2025-01-09,NO
1,18631,25403,1517.18,completed,online,2025-01-09,NO
1,24635,25491,704.57,completed,online,2025-01-09,NO
3768,568,26253,1546.8,failed,online,2025-01-09,NO
3439,764,26631,324.15,failed,online,2025-01-09,NO
3916,31067,29471,762.91,completed,online,2025-01-09,NO
2914,45698,29672,746.27,completed,online,2025-01-09,NO
1943,14293,31117,1528.36,failed,online,2025-01-09,NO
1936,24027,32230,1788.97,completed,online,2025-01-09,NO
2753,29563,32679,1202.21,completed,online,2025-01-09,NO
1,16415,33666,613.67,failed,online,2025-01-09,NO
3773,14194,36383,1146.47,failed,online,2025-01-09,NO
2780,27963,36815,841.36,completed,online,2025-01-09,NO
4577,34641,39828,590.33,completed,online,2025-01-09,NO
1,33178,40225,987.17,completed,online,2025-01-09,NO
2725,9362,40852,1187.31,failed,online,2025-01-09,NO
4270,45526,41004,559.61,failed,online,2025-01-09,NO
559,49775,42923,1526.85,failed,online,2025-01-09,NO
2356,33876,43185,1515.94,completed,online,2025-01-09,NO
1,27646,43507,1216.14,completed,online,2025-01-09,NO
2874,5292,45871,1811.65,completed,online,2025-01-09,NO
1420,13603,46319,1365.35,completed,online,2025-01-09,NO
2031,19411,47093,1973.08,completed,online,2025-01-09,NO
2699,47445,49243,539.31,completed,online,2025-01-09,NO
1535,6247,50531,1683.26,failed,online,2025-01-09,NO
2915,21288,51253,1107.69,completed,online,2025-01-09,NO
3537,7818,53000,247.13,failed,online,2025-01-09,NO
3549,19210,53967,310.42,completed,online,2025-01-09,NO
1255,37542,57000,1238.44,failed,online,2025-01-09,NO
2215,47912,57473,511.97,completed,online,2025-01-09,NO
479,2487,59895,1121.21,completed,online,2025-01-09,NO
4340,34908,61401,342.17,failed,online,2025-01-09,NO
4668,16258,65339,30.37,completed,online,2025-01-09,NO
3313,24848,67191,1414.6,completed,online,2025-01-09,NO
3163,22106,67235,9820.962913539926,failed,online,2025-01-09,NO
3168,17652,69624,1739.07,completed,online,2025-01-09,NO
1,28805,70757,468.39,failed,online,2025-01-09,NO
4065,41303,74879,1664.31,completed,online,2025-01-09,NO
1,18963,77181,1017.22,completed,online,2025-01-09,NO
1544,12270,78426,1814.38,completed,online,2025-01-09,NO
2958,18961,79099,1266.49,completed,online,2025-01-09,NO
1,6437,80771,1197.89,failed,online,2025-01-09,NO
676,33695,81406,1305.36,failed,online,2025-01-09,NO
4879,9501,85175,9054.589329338483,completed,online,2025-01-09,NO
1,45282,86132,1639.08,failed,online,2025-01-09,NO
4532,17764,86884,1312.03,failed,online,2025-01-09,NO
3621,49803,93462,1107.86,completed,online,2025-01-09,NO
2751,24040,96365,1448.15,completed,online,2025-01-09,NO
3842,6295,98047,1392.97,completed,online,2025-01-09,NO
1469,23534,103486,257.48,failed,online,2025-01-09,NO
1502,18737,108911,544.16,failed,online,2025-01-09,NO
2096,26651,108952,1287.4,completed,online,2025-01-09,NO
3175,17383,111115,902.7,completed,online,2025-01-09,NO
1,49741,113336,938.17,completed,online,2025-01-09,NO
4086,49774,113808,1382.46,failed,online,2025-01-09,NO
1516,29958,116426,54.96,completed,online,2025-01-09,NO
782,23090,116960,1707.27,completed,online,2025-01-09,NO
1,1106,117379,662.2,completed,online,2025-01-09,NO
1409,37462,123972,1575.72,failed,online,2025-01-09,NO
1997,15141,124013,719.22,failed,online,2025-01-09,NO
1185,43015,125761,1820.75,completed,online,2025-01-09,NO
86,34041,126235,480.45,completed,online,2025-01-09,NO
4859,37543,126888,1908.2,completed,online,2025-01-09,NO
4499,32401,127815,560.01,completed,online,2025-01-09,NO
2813,23967,131297,411.66,completed,online,2025-01-09,NO
120,5042,132441,1302.64,completed,online,2025-01-09,NO
4043,28094,134959,1179.27,completed,online,2025-01-09,NO
1,19055,135280,1284.8,failed,online,2025-01-09,NO
4525,9528,135446,1388.71,completed,online,2025-01-09,NO
960,8516,136307,645.82,completed,online,2025-01-09,NO
4809,45322,138154,1929.3,completed,online,2025-01-09,NO
1,34034,138207,35.7,completed,online,2025-01-09,NO
41,4840,140395,1869.81,failed,online,2025-01-09,NO
4160,14601,141043,1077.59,failed,online,2025-01-09,NO
422,30261,141451,1362.06,failed,online,2025-01-09,NO
900,10911,142131,1304.67,failed,online,2025-01-09,NO
1,25703,142443,1379.31,completed,online,2025-01-09,NO
2130,10127,143344,496.09,completed,online,2025-01-09,NO
3653,31356,147331,1735.98,completed,online,2025-01-09,NO
4703,46394,147533,1421.71,completed,online,2025-01-09,NO
1,39112,148261,419.22,failed,online,2025-01-09,NO
3223,19867,148531,1999.65,completed,online,2025-01-09,NO
3621,38378,148767,554.93,failed,online,2025-01-09,NO
202,20116,10,1261.65,completed,online,2025-03-06,NO
2369,28401,1213,709.89,completed,online,2025-03-06,NO
3960,6460,2596,455.41,failed,online,2025-03-06,NO
1164,4357,6920,823.09,failed,online,2025-03-06,NO
1,2177,6983,511.63,failed,online,2025-03-06,NO
3273,28162,7992,853.2,failed,online,2025-03-06,NO
1,24999,8188,1304.76,completed,online,2025-03-06,NO
2569,49846,8802,1247.8,completed,online,2025-03-06,NO
1,13756,9761,166.51,failed,online,2025-03-06,NO
2989,17064,14521,193.26,completed,online,2025-03-06,NO
1,28810,15699,1814.25,completed,online,2025-03-06,NO
196,17326,15830,1284.32,failed,online,2025-03-06,NO
3556,39266,16167,151.73,completed,online,2025-03-06,NO
1604,12311,16712,1129.3,failed,online,2025-03-06,NO
1,38822,17834,480.21,failed,online,2025-03-06,NO
4909,19504,18082,857.98,failed,online,2025-03-06,NO
3590,31185,18362,145.47,failed,online,2025-03-06,NO
1,14420,22867,704.66,completed,online,2025-03-06,NO
3441,13145,23030,1953.25,completed,online,2025-03-06,NO
741,13960,24924,1005.45,completed,online,2025-03-06,NO
3496,25636,26218,1109.38,failed,online,2025-03-06,NO
1873,6401,27417,595.23,failed,online,2025-03-06,NO
1372,17625,28563,868.84,failed,online,2025-03-06,NO
2274,35410,28680,1747.44,failed,online,2025-03-06,NO
1,49990,33047,451.11,failed,online,2025-03-06,NO
1,35277,36300,1804.95,completed,online,2025-03-06,NO
2790,43640,38453,1627.35,completed,online,2025-03-06,NO
1,18346,41742,1639.09,failed,online,2025-03-06,NO
1901,49727,42463,973.7,completed,online,2025-03-06,NO
3113,42999,42568,1052.1,failed,online,2025-03-06,NO
506,39214,45299,11.94,completed,online,2025-03-06,NO
4675,44823,46891,1929.54,completed,online,2025-03-06,NO
1,18389,47472,303.09,completed,online,2025-03-06,NO
356,48694,48274,850.0,completed,online,2025-03-06,NO
2609,4905,49911,782.01,completed,online,2025-03-06,NO
4226,30849,50220,1568.92,completed,online,2025-03-06,NO
1062,38204,52158,1752.62,completed,online,2025-03-06,NO
2943,44914,52278,1830.33,failed,online,2025-03-06,NO
3741,41018,52336,106.77,failed,online,2025-03-06,NO
1407,44879,54576,1798.11,completed,online,2025-03-06,NO
4714,45968,55327,1794.85,failed,online,2025-03-06,NO
1,16625,55988,1307.55,completed,online,2025-03-06,NO
4561,20037,56315,912.01,completed,online,2025-03-06,NO
1381,47235,56783,1732.15,completed,online,2025-03-06,NO
4416,4897,56818,1192.45,failed,online,2025-03-06,NO
2959,14167,58217,78.36,completed,online,2025-03-06,NO
193,49723,58807,1999.02,completed,online,2025-03-06,NO
691,2603,59901,911.84,completed,online,2025-03-06,NO
4338,612,62820,1877.88,completed,online,2025-03-06,NO
1194,22691,63227,1817.47,failed,online,2025-03-06,NO
1,48878,64611,1874.38,completed,online,2025-03-06,NO
4567,4385,67316,1698.13,completed,online,2025-03-06,NO
352,45520,68337,1206.91,failed,online,2025-03-06,NO
4409,7302,68760,1549.06,completed,online,2025-03-06,NO
2136,34056,69817,1263.69,failed,online,2025-03-06,NO
4642,23214,70360,17.55,completed,online,2025-03-06,NO
1,30820,71023,1401.24,completed,online,2025-03-06,NO
2549,14134,72215,495.06,failed,online,2025-03-06,NO
1,38443,72365,345.93,failed,online,2025-03-06,NO
1736,21135,75446,1960.29,completed,online,2025-03-06,NO
1,7316,78231,1824.02,completed,online,2025-03-06,NO
1,38924,78888,1233.57,completed,online,2025-03-06,NO
3882,18921,79459,1633.4,failed,online,2025-03-06,NO
1820,33796,80959,1597.02,failed,online,2025-03-06,NO
2789,270,85762,101.03,completed,online,2025-03-06,NO
1579,46431,86277,680.13,failed,online,2025-03-06,NO
1,1499,88534,632.03,failed,online,2025-03-06,NO
2085,21473,90837,1019.5,failed,online,2025-03-06,NO
834,21936,92716,49.78,completed,online,2025-03-06,NO
1017,33501,93668,415.94,completed,online,2025-03-06,NO
1617,46859,93830,576.19,failed,online,2025-03-06,NO
3708,27217,93998,1499.68,completed,online,2025-03-06,NO
1,49140,95843,525.34,failed,online,2025-03-06,NO
733,33202,97612,1266.75,failed,online,2025-03-06,NO
2734,8935,102194,1912.84,failed,online,2025-03-06,NO
2664,16250,108892,758.14,completed,online,2025-03-06,NO
2467,28239,110566,1390.7,failed,online,2025-03-06,NO
3670,8615,112064,42.57,completed,online,2025-03-06,NO
538,14666,112899,195.12,completed,online,2025-03-06,NO
2241,22228,117904,690.75,completed,online,2025-03-06,NO
4727,26632,119416,1815.24,completed,online,2025-03-06,NO
4013,16056,119720,725.81,failed,online,2025-03-06,NO
3037,31069,120077,1580.81,completed,online,2025-03-06,NO
4087,41208,121525,807.08,failed,online,2025-03-06,NO
3314,4290,122111,1221.41,failed,online,2025-03-06,NO
400,44368,123169,855.35,failed,online,2025-03-06,NO
2130,4401,124340,1880.76,failed,online,2025-03-06,NO
4601,29702,128554,934.16,failed,online,2025-03-06,NO
1578,25587,133644,1896.83,completed,online,2025-03-06,NO
689,14114,133786,1533.59,failed,UNKNOWN,2025-03-06,NO
2437,19666,136554,1974.69,failed,online,2025-03-06,NO
1233,40556,138746,1917.12,failed,online,2025-03-06,NO
2501,12909,138775,756.68,failed,online,2025-03-06,NO
656,45019,142191,1368.26,completed,online,2025-03-06,NO
2776,3468,144403,1961.97,failed,online,2025-03-06,NO
848,41310,148851,1322.14,completed,online,2025-03-06,NO
209,11609,149096,1848.18,completed,online,2025-03-06,NO
1,15089,149945,1473.07,failed,online,2025-03-06,NO
2683,39228,1172,1958.18,completed,online,2025-07-05,NO
350,7518,1349,1234.16,failed,online,2025-07-05,NO
4508,2472,3489,473.2,completed,online,2025-07-05,NO
1,2411,6974,904.67,failed,UNKNOWN,2025-07-05,NO
4382,9006,7881,659.83,completed,online,2025-07-05,NO
2254,14163,10265,786.39,completed,online,2025-07-05,NO
1,30849,10897,850.78,failed,online,2025-07-05,NO
3979,28050,13856,1316.84,completed,online,2025-07-05,NO
4967,21408,16457,639.11,failed,online,2025-07-05,NO
1759,44445,20326,76.15,completed,online,2025-07-05,NO
2026,46908,21787,577.25,completed,online,2025-07-05,NO
4760,25154,24820,505.16,failed,online,2025-07-05,NO
3611,46122,24956,1620.15,failed,UNKNOWN,2025-07-05,NO
3308,39168,26216,1474.15,completed,online,2025-07-05,NO
1,23305,28199,499.96,failed,online,2025-07-05,NO
1334,38768,35345,1543.04,completed,online,2025-07-05,NO
2473,39033,36039,634.45,failed,online,2025-07-05,NO
1053,36187,38340,328.12,completed,online,2025-07-05,NO
1,29771,39248,1339.91,completed,online,2025-07-05,NO
2477,39441,39543,281.65,failed,online,2025-07-05,NO
3493,30202,39604,1080.52,failed,online,2025-07-05,NO
985,21361,40621,668.68,completed,online,2025-07-05,NO
1,9380,41109,172.25,failed,online,2025-07-05,NO
4393,3736,42288,217.38,failed,online,2025-07-05,NO
223,16283,43232,794.26,completed,online,2025-07-05,NO
2749,17101,46093,1028.62,completed,online,2025-07-05,NO
1,8604,46607,1714.74,failed,online,2025-07-05,NO
580,47859,47543,276.39,completed,online,2025-07-05,NO
4213,37030,49128,365.47,failed,online,2025-07-05,NO
3265,25140,49223,383.33,failed,online,2025-07-05,NO
1175,35174,49265,1888.99,failed,online,2025-07-05,NO
1942,24623,50408,352.42,failed,online,2025-07-05,NO
1,47287,50722,58.12,failed,online,2025-07-05,NO
1146,43085,53157,1332.94,failed,online,2025-07-05,NO
1666,29466,53637,1323.67,completed,online,2025-07-05,NO
2516,10320,54653,1471.25,failed,online,2025-07-05,NO
1,11400,55807,1694.43,failed,online,2025-07-05,NO
1,38025,57177,1026.27,failed,online,2025-07-05,NO
1639,16478,58254,1980.04,failed,online,2025-07-05,NO
4185,27482,60254,1575.2,completed,online,2025-07-05,NO
955,2927,61740,721.01,failed,online,2025-07-05,NO
1,38130,61956,1424.99,failed,online,2025-07-05,NO
3131,5846,64488,934.37,completed,online,2025-07-05,NO
1762,10602,65200,1768.1,completed,online,2025-07-05,NO
4272,21507,67143,1603.35,failed,online,2025-07-05,NO
1,581,69725,1289.3,completed,online,2025-07-05,NO
3195,8064,70106,964.53,completed,online,2025-07-05,NO
1384,24956,70909,1534.74,completed,online,2025-07-05,NO
2227,9416,75166,145.99,completed,online,2025-07-05,NO
954,43036,75259,557.14,completed,online,2025-07-05,NO
1606,47942,78656,1560.93,failed,online,2025-07-05,NO
2300,43441,81144,332.65,failed,online,2025-07-05,NO
4951,26920,81172,484.01,completed,online,2025-07-05,NO
1971,14468,81578,447.58,completed,online,2025-07-05,NO
2263,25321,81610,1478.28,failed,online,2025-07-05,NO
1,20146,82339,431.21,completed,online,2025-07-05,NO
1,7513,83048,146.5,completed,online,2025-07-05,NO
4134,42887,83687,1964.52,completed,online,2025-07-05,NO
1,6434,92179,255.61,completed,online,2025-07-05,NO
4537,33767,92971,691.38,failed,online,2025-07-05,NO
458,5604,94001,94.61,completed,online,2025-07-05,NO
4802,33233,95329,1584.08,failed,online,2025-07-05,NO
1,14388,98061,1503.68,completed,online,2025-07-05,NO
1,3615,101098,102.17,failed,online,2025-07-05,NO
1,8840,101940,1771.49,completed,online,2025-07-05,NO
735,4079,105983,452.43,failed,online,2025-07-05,NO
4859,21113,108112,1693.54,completed,online,2025-07-05,NO
577,43600,108565,376.55,failed,online,2025-07-05,NO
1,7911,109506,850.56,failed,online,2025-07-05,NO
1425,45198,112743,1843.74,failed,online,2025-07-05,NO
336,80,114056,1531.52,completed,online,2025-07-05,NO
1860,37540,114916,1273.48,completed,online,2025-07-05,NO
1497,28742,115292,901.88,completed,online,2025-07-05,NO
1,6968,117731,881.45,completed,online,2025-07-05,NO
1,8986,120595,864.36,failed,online,2025-07-05,NO
1472,31555,121232,1741.4,failed,online,2025-07-05,NO
2376,31244,125630,316.75,failed,online,2025-07-05,NO
950,5159,126645,1540.03,completed,online,2025-07-05,NO
2439,34167,127237,1976.1,completed,online,2025-07-05,NO
2056,14378,128102,1810.49,failed,online,2025-07-05,NO
3974,3087,128307,855.44,failed,online,2025-07-05,NO
4921,20169,128535,274.21,failed,online,2025-07-05,NO
1790,12074,131411,1103.91,completed,online,2025-07-05,NO
1961,31747,132531,1980.76,failed,online,2025-07-05,NO
1469,4401,133149,289.19,completed,online,2025-07-05,NO
4803,9633,136224,61.23,completed,online,2025-07-05,NO
1,799,136247,1903.33,failed,online,2025-07-05,NO
1,41154,136630,113.13,completed,online,2025-07-05,NO
1542,10748,138411,1827.07,completed,online,2025-07-05,NO
2194,15557,138705,1576.48,failed,online,2025-07-05,NO
1,11016,140694,512.93,completed,online,2025-07-05,NO
1711,26446,142585,9256.39662494126,completed,online,2025-07-05,NO
1,16108,143546,1208.49,completed,online,2025-07-05,NO
2746,19045,144045,916.42,failed,online,2025-07-05,NO
3952,19794,144765,1894.5,failed,online,2025-07-05,NO
1689,6732,144893,1102.16,failed,online,2025-07-05,NO
4319,24115,147748,206.36,completed,online,2025-07-05,NO
2526,48198,147824,1709.65,completed,online,2025-07-05,NO
1536,22351,3527,1329.32,completed,online,2025-04-08,NO
1,14695,4962,734.32,completed,online,2025-04-08,NO
1,34734,6738,1123.48,failed,online,2025-04-08,NO
2955,49773,7572,733.19,completed,online,2025-04-08,NO
3957,18433,8159,961.68,failed,online,2025-04-08,NO
4627,23968,9664,1861.02,completed,online,2025-04-08,NO
655,14702,16296,358.85,failed,online,2025-04-08,NO
3136,37130,16668,1081.27,failed,online,2025-04-08,NO
4739,37855,17567,513.59,failed,online,2025-04-08,NO
350,18454,21635,1239.82,completed,online,2025-04-08,NO
3447,36932,23554,1737.72,failed,online,2025-04-08,NO
1470,4856,24159,626.27,failed,online,2025-04-08,NO
4970,35424,24527,617.21,completed,online,2025-04-08,NO
1808,12843,24837,1145.21,failed,online,2025-04-08,NO
1,37250,26923,1561.8,completed,online,2025-04-08,NO
1,9574,27756,835.85,failed,online,2025-04-08,NO
1385,2095,29523,655.28,failed,online,2025-04-08,NO
4012,14914,29643,156.76,completed,online,2025-04-08,NO
3571,47269,30495,1427.18,completed,online,2025-04-08,NO
961,9412,31372,1732.45,failed,online,2025-04-08,NO
3318,45412,32206,1636.04,completed,online,2025-04-08,NO
4293,2516,33052,213.82,failed,online,2025-04-08,NO
677,43302,33731,1245.84,completed,online,2025-04-08,NO
1,46913,36088,111.07,completed,online,2025-04-08,NO
2351,8169,39795,384.27,completed,online,2025-04-08,NO
1,12881,40669,1596.35,completed,online,2025-04-08,NO
1570,41361,40867,845.11,completed,online,2025-04-08,NO
862,239,40919,1200.38,failed,online,2025-04-08,NO
121,19179,41278,1668.67,failed,online,2025-04-08,NO
1,12023,48119,312.21,completed,online,2025-04-08,NO
1715,24452,48453,637.27,completed,online,2025-04-08,NO
3303,11881,49654,1622.16,completed,online,2025-04-08,NO
2485,11844,51568,514.18,failed,online,2025-04-08,NO
1,44670,53643,891.09,completed,online,2025-04-08,NO
2781,30735,56875,1458.94,completed,online,2025-04-08,NO
551,42691,57558,179.65,failed,online,2025-04-08,NO
707,45333,58490,1044.86,failed,online,2025-04-08,NO
1276,41987,62063,553.38,failed,online,2025-04-08,NO
3863,35883,62940,1204.92,failed,online,2025-04-08,NO
4569,37662,63372,939.11,failed,UNKNOWN,2025-04-08,NO
2853,42871,63389,1389.22,completed,online,2025-04-08,NO
2372,18182,69434,1787.73,failed,online,2025-04-08,NO
1,46378,69645,1194.31,failed,online,2025-04-08,NO
4613,19500,71251,1713.15,completed,online,2025-04-08,NO
821,29238,73640,74.03,completed,online,2025-04-08,NO
3084,5976,74278,1627.88,failed,online,2025-04-08,NO
1,6329,75993,1766.02,completed,online,2025-04-08,NO
1,23551,76057,1554.88,completed,online,2025-04-08,NO
2080,45050,76276,866.17,completed,online,2025-04-08,NO
4587,47483,77421,1173.6,completed,online,2025-04-08,NO
3614,25522,78887,310.97,failed,online,2025-04-08,NO
819,2619,83341,1671.06,completed,online,2025-04-08,NO
4928,44311,86894,1146.4,completed,online,2025-04-08,NO
4895,17492,89131,1943.56,failed,online,2025-04-08,NO
1,17216,93392,1039.3,failed,online,2025-04-08,NO
956,29348,93535,419.25,completed,online,2025-04-08,NO
2453,3906,98600,1495.19,failed,online,2025-04-08,NO
4207,28392,102251,1522.36,completed,online,2025-04-08,NO
357,13991,102871,1957.13,completed,online,2025-04-08,NO
4620,31312,103843,1464.73,failed,online,2025-04-08,NO
1317,40049,103848,338.17,failed,online,2025-04-08,NO
2666,35467,103856,1961.72,completed,online,2025-04-08,NO
671,19603,103868,1452.59,completed,online,2025-04-08,NO
3410,8455,104360,326.94,completed,online,2025-04-08,NO
1042,33208,104715,1986.34,failed,online,2025-04-08,NO
1,21963,104864,1181.58,failed,online,2025-04-08,NO
4163,2947,106145,1562.41,failed,online,2025-04-08,NO
1,16961,106959,518.67,failed,online,2025-04-08,NO
1040,10800,109886,655.04,completed,online,2025-04-08,NO
2047,30975,110922,624.09,completed,online,2025-04-08,NO
1074,34811,112741,1193.0,completed,online,2025-04-08,NO
2905,13644,115067,533.77,failed,online,2025-04-08,NO
4019,21317,115614,1772.06,failed,online,2025-04-08,NO
3258,14153,115999,1733.5,failed,online,2025-04-08,NO
3826,41873,117639,149.43,failed,online,2025-04-08,NO
1855,31623,118331,1577.57,completed,online,2025-04-08,NO
2681,44601,120420,1252.81,completed,online,2025-04-08,NO
3152,44579,124645,1086.04,completed,online,2025-04-08,NO
15,11400,124941,1776.99,failed,online,2025-04-08,NO
1943,37268,125333,1739.69,completed,online,2025-04-08,NO
579,42421,127010,1464.8,failed,online,2025-04-08,NO
2579,11800,127540,350.19,completed,online,2025-04-08,NO
1043,21568,128209,652.14,completed,online,2025-04-08,NO
1,27870,129441,572.0,completed,online,2025-04-08,NO
3677,40496,129850,316.9,completed,online,2025-04-08,NO
1,40219,131062,283.86,completed,online,2025-04-08,NO
763,47405,131121,344.48,failed,online,2025-04-08,NO
2449,20949,132540,785.73,failed,online,2025-04-08,NO
3208,6234,133267,1207.61,failed,online,2025-04-08,NO
654,9566,133928,603.91,failed,online,2025-04-08,NO
1,13342,136237,997.76,failed,online,2025-04-08,NO
2326,24312,137737,1107.92,completed,online,2025-04-08,NO
3849,44975,138017,1919.57,completed,online,2025-04-08,NO
2708,47477,141021,640.87,completed,online,2025-04-08,NO
2601,39087,143185,1737.71,completed,online,2025-04-08,NO
3550,28237,145698,613.66,completed,online,2025-04-08,NO
382,16650,147181,1574.65,failed,online,2025-04-08,NO
3203,6558,347,797.4,completed,online,2025-12-21,NO
3428,33306,636,919.87,completed,online,2025-12-21,NO
604,31414,3649,1136.39,failed,online,2025-12-21,NO
1429,42434,4741,253.11,failed,online,2025-12-21,NO
1,24964,6329,160.47,failed,online,2025-12-21,NO
690,12191,8504,950.68,failed,UNKNOWN,2025-12-21,NO
1455,15432,9399,359.65,completed,online,2025-12-21,NO
538,22720,10667,1477.86,completed,online,2025-12-21,NO
2652,34347,10720,1169.44,failed,online,2025-12-21,NO
2833,12453,11933,1735.86,completed,online,2025-12-21,NO
1,8486,13880,1985.78,completed,online,2025-12-21,NO
1,10087,15247,1821.0,completed,online,2025-12-21,NO
1,37486,17032,896.83,completed,online,2025-12-21,NO
3879,27002,17650,1137.77,completed,online,2025-12-21,NO
4076,37295,18253,1425.9,completed,online,2025-12-21,NO
3851,23698,19788,50.76,failed,online,2025-12-21,NO
4039,42317,20449,1837.27,failed,online,2025-12-21,NO
2522,10601,21328,1625.69,failed,online,2025-12-21,NO
421,12137,23638,348.67,completed,online,2025-12-21,NO
2853,7467,24112,249.18,failed,online,2025-12-21,NO
266,31298,24328,82.08,completed,online,2025-12-21,NO
3556,30719,28428,607.23,completed,online,2025-12-21,NO
262,25782,30313,1357.41,completed,online,2025-12-21,NO
1,48514,32889,448.4,completed,online,2025-12-21,NO
1,29900,33578,1626.08,failed,online,2025-12-21,NO
839,29075,34716,1217.4,completed,online,2025-12-21,NO
1,23726,35378,1123.13,failed,online,2025-12-21,NO
149,36748,36839,437.81,completed,online,2025-12-21,NO
3683,47547,38066,1182.33,failed,online,2025-12-21,NO
1,9075,38602,1586.18,completed,online,2025-12-21,NO
1479,42755,38994,986.32,failed,online,2025-12-21,NO
4460,45779,43162,1705.45,completed,online,2025-12-21,NO
4469,45397,58941,406.37,failed,online,2025-12-21,NO
4412,26090,60905,1712.69,failed,online,2025-12-21,NO
509,29944,64440,1864.92,completed,online,2025-12-21,NO
1,13830,64454,1995.89,completed,online,2025-12-21,NO
1,22350,65986,612.57,completed,online,2025-12-21,NO
2991,25987,68767,228.84,failed,online,2025-12-21,NO
4056,37918,69277,1388.42,failed,online,2025-12-21,NO
4432,3957,72582,1182.76,completed,online,2025-12-21,NO
1912,3638,73824,1078.56,failed,online,2025-12-21,NO
3274,49231,74066,696.19,completed,online,2025-12-21,NO
1,48713,76288,1714.79,completed,online,2025-12-21,NO
413,21625,76299,1263.06,failed,online,2025-12-21,NO
1493,49123,77146,1179.85,failed,online,2025-12-21,NO
1,41077,80714,808.21,completed,online,2025-12-21,NO
1525,11553,81045,510.44,failed,online,2025-12-21,NO
2711,15355,82077,913.5,completed,online,2025-12-21,NO
350,29150,82991,338.42,failed,online,2025-12-21,NO
1117,45160,86226,995.22,completed,online,2025-12-21,NO
3504,48436,87106,368.11,failed,online,2025-12-21,NO
2894,25105,88061,511.24,completed,online,2025-12-21,NO
3432,15356,90806,1751.45,completed,online,2025-12-21,NO
4447,2986,90905,1728.02,failed,online,2025-12-21,NO
1,45314,93314,108.02,completed,online,2025-12-21,NO
2251,42380,96695,1696.78,failed,online,2025-12-21,NO
3125,38993,97649,31.95,failed,online,2025-12-21,NO
740,33999,99017,1905.11,failed,online,2025-12-21,NO
277,13407,102385,1310.13,completed,online,2025-12-21,NO
4095,37877,102655,798.97,completed,online,2025-12-21,NO
4710,48768,103401,1309.19,failed,online,2025-12-21,NO
134,12863,104472,936.46,failed,online,2025-12-21,NO
4849,28970,104998,1983.09,completed,online,2025-12-21,NO
4836,1642,105538,1381.24,completed,online,2025-12-21,NO
1892,44836,111206,1070.03,completed,online,2025-12-21,NO
925,33544,111416,401.96,failed,online,2025-12-21,NO
1148,28860,113785,1422.67,completed,online,2025-12-21,NO
1,25008,114498,740.61,failed,online,2025-12-21,NO
1491,21649,114690,1099.98,failed,online,2025-12-21,NO
1,15722,116130,1277.82,completed,online,2025-12-21,NO
4532,23941,116674,1940.55,failed,online,2025-12-21,NO
4488,21523,118695,814.85,failed,online,2025-12-21,NO
2300,7274,120092,1858.32,completed,online,2025-12-21,NO
2960,13138,121698,1089.47,completed,online,2025-12-21,NO
3975,36038,122195,1798.91,failed,online,2025-12-21,NO
3299,44479,122631,1089.23,completed,online,2025-12-21,NO
2279,5876,122817,778.26,completed,online,2025-12-21,NO
2069,35398,127601,1060.66,completed,online,2025-12-21,NO
1,46220,128784,1556.84,failed,online,2025-12-21,NO
4329,17184,129975,816.69,failed,online,2025-12-21,NO
4496,30024,130166,1264.17,completed,online,2025-12-21,NO
1538,43056,131919,512.75,completed,online,2025-12-21,NO
2847,47743,132576,1103.4,failed,online,2025-12-21,NO
4033,41721,133767,1874.45,completed,online,2025-12-21,NO
2953,37214,135451,632.11,failed,online,2025-12-21,NO
3423,4839,135769,1045.75,completed,online,2025-12-21,NO
1328,14108,135913,830.42,failed,online,2025-12-21,NO
1,39732,136584,94.23,completed,online,2025-12-21,NO
798,18471,140635,680.65,completed,online,2025-12-21,NO
2133,29804,140859,1064.89,completed,online,2025-12-21,NO
2453,32816,140958,586.06,completed,online,2025-12-21,NO
93,33511,141878,448.1,failed,online,2025-12-21,NO
3394,23748,144171,609.05,failed,online,2025-12-21,NO
322,37028,144749,695.94,completed,online,2025-12-21,NO
1050,21125,144790,826.13,failed,online,2025-12-21,NO
4606,20543,147254,996.09,completed,online,2025-12-21,NO
349,38069,148163,1557.66,failed,online,2025-12-21,NO
1,31802,23,748.51,completed,online,2025-04-25,NO
1,6369,677,12.17,failed,online,2025-04-25,NO
4328,28878,948,571.43,failed,online,2025-04-25,NO
1841,10108,3852,608.8,failed,online,2025-04-25,NO
2711,13112,5094,865.61,completed,online,2025-04-25,NO
1275,31345,5501,1860.18,completed,online,2025-04-25,NO
3375,33311,5630,919.34,completed,online,2025-04-25,NO
1,30146,6029,1782.92,failed,online,2025-04-25,NO
1017,17187,6063,1206.85,completed,online,2025-04-25,NO
4288,9137,6446,99.51,failed,online,2025-04-25,NO
3981,43796,8996,1152.47,completed,online,2025-04-25,NO
1,17229,10181,431.95,completed,online,2025-04-25,NO
146,48503,10765,108.18,completed,online,2025-04-25,NO
1634,43995,15572,1443.67,failed,online,2025-04-25,NO
1504,41869,16814,619.89,failed,online,2025-04-25,NO
1,3104,17146,1466.01,failed,online,2025-04-25,NO
4571,2365,19371,1781.09,failed,online,2025-04-25,NO
4429,30569,20270,1588.23,failed,online,2025-04-25,NO
1931,3564,20274,1837.13,completed,online,2025-04-25,NO
1,45098,20744,1576.08,completed,online,2025-04-25,NO
1,21164,22841,1550.62,completed,online,2025-04-25,NO
1,44021,23312,1347.42,failed,online,2025-04-25,NO
129,40810,24450,1741.62,failed,online,2025-04-25,NO
3739,39502,24726,645.85,failed,online,2025-04-25,NO
895,36013,29499,1287.79,failed,online,2025-04-25,NO
1949,14108,31915,1607.05,completed,online,2025-04-25,NO
277,46362,32527,1583.32,failed,online,2025-04-25,NO
2280,27632,33705,1677.78,failed,online,2025-04-25,NO
3078,30447,36426,13.39,completed,online,2025-04-25,NO
114,20435,37229,1886.49,completed,online,2025-04-25,NO
2227,33489,40202,264.74,completed,online,2025-04-25,NO
3396,32874,40431,779.98,completed,online,2025-04-25,NO
3278,30964,44214,967.04,failed,online,2025-04-25,NO
1,15371,50411,394.34,completed,online,2025-04-25,NO
1629,1829,51417,1413.91,failed,online,2025-04-25,NO
2264,44334,51470,169.92,failed,online,2025-04-25,NO
1,27630,58794,1083.83,completed,online,2025-04-25,NO
1134,36929,64415,1552.68,failed,online,2025-04-25,NO
3156,8683,65918,541.99,completed,online,2025-04-25,NO
2021,25432,69146,1178.05,failed,UNKNOWN,2025-04-25,NO
1,40739,70843,1595.12,completed,online,2025-04-25,NO
1,24694,74963,376.65,completed,online,2025-04-25,NO
1,12667,76311,1913.75,failed,online,2025-04-25,NO
3834,46514,77196,1970.98,failed,online,2025-04-25,NO
4231,37528,77252,1901.7,failed,online,2025-04-25,NO
2243,28120,80452,1344.09,completed,online,2025-04-25,NO
1010,48578,80964,1948.11,completed,online,2025-04-25,NO
3960,14347,82684,1889.56,failed,online,2025-04-25,NO
1779,35570,84898,254.09,failed,online,2025-04-25,NO
4183,5103,86066,1590.81,completed,online,2025-04-25,NO
49,41654,86698,1323.5,failed,online,2025-04-25,NO
648,25494,91558,1211.45,completed,online,2025-04-25,NO
3517,25593,91949,412.6,failed,online,2025-04-25,NO
1988,24091,92744,1771.92,failed,online,2025-04-25,NO
1,4305,93030,783.9,completed,online,2025-04-25,NO
4458,20706,93277,1297.75,failed,online,2025-04-25,NO
1,41221,94836,1901.87,failed,online,2025-04-25,NO
1144,42325,95231,1093.49,completed,online,2025-04-25,NO
1106,18573,95642,40.25,completed,online,2025-04-25,NO
3168,40286,95667,1375.33,completed,online,2025-04-25,NO
2631,45517,97230,314.4,completed,online,2025-04-25,NO
708,34262,97264,797.32,failed,online,2025-04-25,NO
1715,3424,100818,1591.18,completed,online,2025-04-25,NO
4075,25884,101741,602.97,failed,online,2025-04-25,NO
2323,46268,102832,1914.07,failed,online,2025-04-25,NO
1,23990,106158,1281.12,completed,online,2025-04-25,NO
3890,7930,108121,1074.4,failed,online,2025-04-25,NO
1015,505,111518,1615.7,completed,UNKNOWN,2025-04-25,NO
1620,32483,114092,816.47,completed,online,2025-04-25,NO
4401,6309,115411,485.01,failed,online,2025-04-25,NO
1619,11489,115944,1071.37,failed,UNKNOWN,2025-04-25,NO
1,43411,116891,66.81,failed,online,2025-04-25,NO
506,48244,117348,290.97,completed,online,2025-04-25,NO
2990,18436,118301,1744.69,completed,online,2025-04-25,NO
1,40113,121488,1058.84,completed,online,2025-04-25,NO
3689,28507,121693,554.31,failed,online,2025-04-25,NO
4404,40500,123103,1479.58,completed,online,2025-04-25,NO
1,6223,124679,1431.76,failed,online,2025-04-25,NO
786,45958,125715,1318.07,completed,online,2025-04-25,NO
3699,19887,126265,743.8,completed,online,2025-04-25,NO
16,15811,126458,279.97,failed,online,2025-04-25,NO
3230,11085,129524,215.44,failed,online,2025-04-25,NO
4812,34619,129708,1470.35,completed,online,2025-04-25,NO
3896,23080,130750,1104.35,completed,online,2025-04-25,NO
1,48651,133693,1543.82,failed,online,2025-04-25,NO
1,3238,134290,1071.9,completed,online,2025-04-25,NO
2884,9918,134970,954.73,failed,online,2025-04-25,NO
4768,28475,135366,1640.95,failed,online,2025-04-25,NO
1,46205,136609,235.66,failed,online,2025-04-25,NO
1382,11507,136645,1338.57,failed,online,2025-04-25,NO
4355,32063,138162,394.55,failed,online,2025-04-25,NO
493,31688,138515,1355.03,completed,online,2025-04-25,NO
4699,9164,138986,452.72,completed,online,2025-04-25,NO
4654,4117,140975,93.41,completed,online,2025-04-25,NO
1,38389,141605,1677.18,failed,online,2025-04-25,NO
1,48518,143261,1883.77,completed,online,2025-04-25,NO
2493,23651,144434,864.03,failed,online,2025-04-25,NO
4150,36045,144646,558.23,completed,online,2025-04-25,NO
1,22123,1945,1222.65,completed,online,2025-10-12,NO
4860,5339,2703,1700.46,completed,online,2025-10-12,NO
1015,4486,2942,991.97,failed,online,2025-10-12,NO
3497,27734,4940,1426.6,failed,online,2025-10-12,NO
242,11876,6307,1027.31,failed,online,2025-10-12,NO
2720,18399,6346,969.16,completed,online,2025-10-12,NO
101,12398,6780,524.07,completed,online,2025-10-12,NO
1216,1386,7781,968.1,completed,online,2025-10-12,NO
3592,23312,8049,1301.12,failed,online,2025-10-12,NO
2503,9230,8170,1233.37,completed,online,2025-10-12,NO
1993,36270,14173,1240.71,completed,online,2025-10-12,NO
1785,19148,14817,1022.22,failed,online,2025-10-12,NO
1,32835,15603,1748.52,failed,online,2025-10-12,NO
4760,11096,16986,1332.16,failed,online,2025-10-12,NO
3715,11575,19412,1852.45,failed,online,2025-10-12,NO
4800,43629,22822,1904.58,completed,online,2025-10-12,NO
3544,1272,22985,1448.11,completed,online,2025-10-12,NO
3898,30710,24032,920.34,failed,online,2025-10-12,NO
1719,16703,26006,712.32,completed,online,2025-10-12,NO
4819,29970,27283,1448.3,failed,online,2025-10-12,NO
1420,12944,30723,771.06,completed,online,2025-10-12,NO
407,3844,32911,448.5,failed,online,2025-10-12,NO
873,14234,38963,733.07,failed,online,2025-10-12,NO
1,31912,41040,372.79,completed,online,2025-10-12,NO
3898,4468,42037,1012.33,failed,UNKNOWN,2025-10-12,NO
1211,7115,43303,127.31,failed,online,2025-10-12,NO
2322,11965,46583,949.73,completed,online,2025-10-12,NO
1,8381,50055,691.05,completed,online,2025-10-12,NO
4638,5803,53973,962.23,failed,online,2025-10-12,NO
1,974,54623,1850.4,completed,online,2025-10-12,NO
2097,8061,54834,1815.91,completed,online,2025-10-12,NO
1,1454,55201,56.13,failed,online,2025-10-12,NO
1,3589,57642,730.03,completed,online,2025-10-12,NO
4927,21926,58635,216.48,completed,online,2025-10-12,NO
3575,23195,58765,981.75,failed,online,2025-10-12,NO
1,7909,59424,566.87,completed,online,2025-10-12,NO
24,41469,59742,1382.84,completed,online,2025-10-12,NO
3058,8210,60412,1524.23,failed,online,2025-10-12,NO
4876,1622,62943,45.55,completed,online,2025-10-12,NO
4464,4523,63747,355.64,failed,online,2025-10-12,NO
1,43379,63786,732.5,failed,online,2025-10-12,NO
1,23785,65163,1819.85,failed,online,2025-10-12,NO
1,45894,65197,1978.75,failed,online,2025-10-12,NO
1,49670,68511,1835.55,failed,online,2025-10-12,NO
842,145,68717,179.39,failed,online,2025-10-12,NO
345,48345,70041,1251.69,failed,UNKNOWN,2025-10-12,NO
3143,47737,73120,1360.16,failed,online,2025-10-12,NO
4475,26070,75728,1360.92,completed,online,2025-10-12,NO
1,19341,75795,777.46,failed,UNKNOWN,2025-10-12,NO
2404,39667,76016,1394.57,completed,UNKNOWN,2025-10-12,NO
4429,47251,76328,1982.76,failed,online,2025-10-12,NO
3309,42931,77169,134.87,completed,online,2025-10-12,NO
3864,30327,82479,1860.44,completed,online,2025-10-12,NO
231,25307,82642,1453.86,completed,online,2025-10-12,NO
1,10006,86179,1420.92,failed,online,2025-10-12,NO
479,14869,87447,458.44,completed,online,2025-10-12,NO
3978,45489,89627,781.8,completed,online,2025-10-12,NO
4926,1859,92877,1440.91,completed,online,2025-10-12,NO
1868,29607,95106,1067.38,failed,online,2025-10-12,NO
2657,44382,96848,37.71,completed,online,2025-10-12,NO
1,25400,97395,209.89,failed,online,2025-10-12,NO
1808,35736,97560,27.9,completed,online,2025-10-12,NO
671,28204,97964,853.77,completed,online,2025-10-12,NO
2393,44127,100993,1980.31,failed,online,2025-10-12,NO
1094,10755,102670,1208.94,completed,online,2025-10-12,NO
1503,1824,103326,1976.0,completed,online,2025-10-12,NO
487,21799,111749,766.2,completed,online,2025-10-12,NO
532,32708,114115,578.42,failed,online,2025-10-12,NO
1,22051,115454,1556.06,completed,online,2025-10-12,NO
2489,35887,117029,1159.14,failed,online,2025-10-12,NO
891,29990,118182,777.94,failed,online,2025-10-12,NO
2043,38172,118592,1406.89,failed,online,2025-10-12,NO
1621,31822,120004,1226.09,failed,online,2025-10-12,NO
4615,1872,120666,791.36,failed,online,2025-10-12,NO
1685,35993,121289,1307.79,completed,online,2025-10-12,NO
2483,32800,121386,1376.0,completed,online,2025-10-12,NO
3390,176,122309,8252.372019402474,failed,online,2025-10-12,NO
1736,11125,127347,295.24,failed,online,2025-10-12,NO
1952,34199,127730,1098.66,completed,online,2025-10-12,NO
3176,16827,128271,1018.86,failed,online,2025-10-12,NO
3313,35072,129246,1315.68,failed,online,2025-10-12,NO
2262,5224,129699,482.51,failed,online,2025-10-12,NO
1617,22982,131317,857.95,failed,online,2025-10-12,NO
1906,11221,133161,1824.45,failed,online,2025-10-12,NO
2059,37262,133564,942.31,completed,UNKNOWN,2025-10-12,NO
3011,22426,134639,243.33,completed,online,2025-10-12,NO
2068,35994,137097,1346.27,completed,online,2025-10-12,NO
537,39239,139466,411.59,completed,online,2025-10-12,NO
1226,6408,139699,533.53,failed,online,2025-10-12,NO
2673,17644,142470,1605.11,failed,online,2025-10-12,NO
1,44495,143096,448.74,failed,online,2025-10-12,NO
3006,45920,143910,636.61,failed,online,2025-10-12,NO
487,46447,143920,675.9,failed,online,2025-10-12,NO
1,39154,144628,696.46,completed,online,2025-10-12,NO
1,25777,146571,981.3,completed,online,2025-10-12,NO
952,1737,148114,1212.19,failed,online,2025-10-12,NO
1,34802,149406,925.91,failed,online,2025-10-12,NO
3017,11108,149889,394.04,failed,online,2025-10-12,NO
3989,26492,6791,875.86,completed,online,2025-08-24,NO
1857,18734,8946,312.49,failed,online,2025-08-24,NO
1826,18352,9679,702.22,failed,online,2025-08-24,NO
1,4671,9975,1002.74,completed,online,2025-08-24,NO
56,27639,21281,69.07,completed,online,2025-08-24,NO
2164,14183,21295,573.02,completed,online,2025-08-24,NO
1,42538,21922,119.82,failed,online,2025-08-24,NO
3709,15054,22419,1698.32,failed,online,2025-08-24,NO
4156,22654,22904,683.44,completed,online,2025-08-24,NO
1,47550,24892,1175.51,failed,online,2025-08-24,NO
2365,48402,26413,43.98,completed,online,2025-08-24,NO
4631,28558,29631,160.39,failed,online,2025-08-24,NO
1467,7225,32725,559.56,completed,online,2025-08-24,NO
1050,45015,33237,545.89,completed,online,2025-08-24,NO
1047,44221,34840,866.23,completed,online,2025-08-24,NO
1,21667,36754,1704.43,failed,online,2025-08-24,NO
537,46983,38686,630.61,failed,online,2025-08-24,NO
2313,35188,39762,428.08,failed,online,2025-08-24,NO
1111,8451,40229,242.96,failed,online,2025-08-24,NO
2620,4690,42019,1864.12,completed,online,2025-08-24,NO
1,13664,42195,1562.52,completed,online,2025-08-24,NO
3029,39946,42660,1076.65,failed,online,2025-08-24,NO
1116,3923,44151,1123.33,failed,online,2025-08-24,NO
980,36985,44389,996.0,failed,online,2025-08-24,NO
1,1009,45692,1523.2,completed,online,2025-08-24,NO
838,30235,47379,1077.42,completed,online,2025-08-24,NO
810,17182,47727,1021.98,completed,online,2025-08-24,NO
1,26627,48702,1672.85,failed,online,2025-08-24,NO
991,23173,50189,1057.09,failed,online,2025-08-24,NO
3243,10827,51097,184.83,failed,online,2025-08-24,NO
486,1955,51119,1963.76,failed,online,2025-08-24,NO
4183,14616,55565,1988.11,completed,online,2025-08-24,NO
1,8647,56926,1260.24,completed,online,2025-08-24,NO
1,30102,59197,1770.23,failed,online,2025-08-24,NO
4419,46045,59805,10.11,completed,online,2025-08-24,NO
375,4336,60158,1734.88,completed,online,2025-08-24,NO
1153,8132,60894,1672.86,failed,online,2025-08-24,NO
3771,14395,61595,733.17,completed,online,2025-08-24,NO
397,39501,64093,1715.41,failed,online,2025-08-24,NO
1723,35210,66388,1044.32,failed,online,2025-08-24,NO
4956,30502,67203,841.86,failed,online,2025-08-24,NO
1,47503,68186,1140.33,failed,online,2025-08-24,NO
2070,41862,69320,258.18,failed,online,2025-08-24,NO
1914,48460,70498,1704.36,failed,online,2025-08-24,NO
4510,48085,72898,1648.41,failed,online,2025-08-24,NO
660,34946,74508,849.49,completed,online,2025-08-24,NO
4689,3103,77324,223.08,failed,online,2025-08-24,NO
1806,44218,79488,1942.19,completed,online,2025-08-24,NO
1,10112,79923,1492.92,completed,online,2025-08-24,NO
215,13001,83689,1639.68,failed,online,2025-08-24,NO
1,11972,84714,1071.5,completed,online,2025-08-24,NO
1072,41767,87652,1124.65,completed,online,2025-08-24,NO
1495,20065,87977,1490.71,failed,online,2025-08-24,NO
1665,14224,90391,1261.06,completed,online,2025-08-24,NO
1,6419,90993,1572.32,completed,online,2025-08-24,NO
2360,17735,93133,618.19,completed,online,2025-08-24,NO
3359,16754,96693,909.86,failed,online,2025-08-24,NO
1214,42218,97059,361.9,failed,online,2025-08-24,NO
1,28561,99341,1989.56,completed,online,2025-08-24,NO
1,6379,100248,1650.72,completed,online,2025-08-24,NO
2338,39508,100605,638.33,completed,online,2025-08-24,NO
2925,29600,103683,1564.56,failed,online,2025-08-24,NO
2323,45035,104023,979.62,failed,online,2025-08-24,NO
1778,3175,106424,29.45,completed,online,2025-08-24,NO
435,10994,107957,1858.34,failed,UNKNOWN,2025-08-24,NO
4594,17581,109645,255.4,completed,online,2025-08-24,NO
4834,521,110568,752.16,failed,online,2025-08-24,NO
3006,31055,111306,490.73,failed,online,2025-08-24,NO
1863,20701,111637,364.69,failed,online,2025-08-24,NO
4268,1460,112306,1271.36,completed,online,2025-08-24,NO
1144,7772,114909,1795.08,completed,online,2025-08-24,NO
1,13636,115705,1219.46,completed,online,2025-08-24,NO
1,25671,116621,1152.58,completed,online,2025-08-24,NO
2858,34865,118356,208.0,completed,online,2025-08-24,NO
2711,31933,119993,1555.28,completed,online,2025-08-24,NO
2068,8566,121140,1629.41,completed,online,2025-08-24,NO
1908,29035,122768,1857.94,completed,online,2025-08-24,NO
1018,18889,123151,281.27,failed,online,2025-08-24,NO
1260,17349,124748,1420.68,completed,online,2025-08-24,NO
3270,3088,125222,102.12,completed,online,2025-08-24,NO
4371,13964,127503,88.77,completed,online,2025-08-24,NO
4048,33592,129285,1618.23,failed,online,2025-08-24,NO
1,13461,131260,1106.42,completed,online,2025-08-24,NO
2877,14939,131977,1556.04,completed,online,2025-08-24,NO
491,34942,133597,1309.44,completed,online,2025-08-24,NO
1,12434,135047,404.42,completed,online,2025-08-24,NO
1,42032,135617,1440.59,failed,online,2025-08-24,NO
2157,35275,140717,884.36,failed,online,2025-08-24,NO
737,28413,141471,1221.81,completed,online,2025-08-24,NO
978,35964,141818,150.19,failed,online,2025-08-24,NO
1245,18312,142590,1535.7,failed,online,2025-08-24,NO
4753,22202,143532,668.98,completed,online,2025-08-24,NO
988,5149,146063,1961.33,completed,online,2025-08-24,NO
3755,45217,147022,688.41,completed,online,2025-08-24,NO
574,5716,147721,1255.72,completed,online,2025-08-24,NO
1011,25888,148378,287.26,completed,online,2025-08-24,NO
4158,46382,149676,1062.03,failed,online,2025-08-24,NO
