product_id,customer_id,transaction_id,amount,status,channel,transaction_date,fraud_flag
1,1100,739,79.51,completed,online,2025-04-16,NO
1,48983,1379,983.67,completed,online,2025-04-16,NO
1432,10762,2516,855.64,completed,online,2025-04-16,NO
1822,5178,4211,256.9,completed,UNKNOWN,2025-04-16,NO
4140,20821,7455,680.05,failed,online,2025-04-16,NO
1478,43205,10077,1947.22,failed,online,2025-04-16,NO
2301,27626,11670,1262.45,completed,online,2025-04-16,NO
64,17873,14690,1577.76,failed,online,2025-04-16,NO
1528,21876,15750,602.84,failed,online,2025-04-16,NO
1467,31753,20108,1670.01,failed,online,2025-04-16,NO
4956,1470,23821,1674.24,completed,online,2025-04-16,NO
4551,27578,28051,953.71,completed,online,2025-04-16,NO
305,12376,29543,901.61,failed,online,2025-04-16,NO
3072,29920,32233,1682.78,completed,online,2025-04-16,NO
3620,46012,35622,1904.02,failed,online,2025-04-16,NO
3926,35521,36041,1882.08,failed,online,2025-04-16,NO
1921,16,41787,1872.85,failed,online,2025-04-16,NO
1402,14679,44410,840.04,completed,online,2025-04-16,NO
395,18926,48089,268.6,failed,online,2025-04-16,NO
3529,23097,49482,1991.23,failed,online,2025-04-16,NO
4704,37853,51032,65.96,failed,online,2025-04-16,NO
2317,9013,57617,1322.81,completed,online,2025-04-16,NO
1964,17032,59098,1370.64,completed,online,2025-04-16,NO
3095,41971,59822,1118.92,completed,online,2025-04-16,NO
1727,32572,61164,1412.42,failed,online,2025-04-16,NO
4905,13636,62417,1745.3,failed,online,2025-04-16,NO
4955,37091,62581,209.28,completed,online,2025-04-16,NO
1104,2598,65263,18.43,completed,online,2025-04-16,NO
3973,40126,67269,1456.73,failed,online,2025-04-16,NO
2793,5220,69406,1188.08,failed,online,2025-04-16,NO
1,15845,73084,1019.92,completed,online,2025-04-16,NO
1264,15675,74642,1127.37,failed,online,2025-04-16,NO
2236,20754,76136,68.53,failed,online,2025-04-16,NO
77,39726,83691,881.43,completed,online,2025-04-16,NO
2951,24978,85422,1768.13,failed,online,2025-04-16,NO
1851,16843,85949,325.78,completed,online,2025-04-16,NO
3831,18960,91287,1411.48,completed,online,2025-04-16,NO
3972,27206,95760,900.86,completed,online,2025-04-16,NO
1,31744,95761,1592.84,failed,online,2025-04-16,NO
2360,12946,97224,509.72,failed,online,2025-04-16,NO
357,27687,97252,1919.7,completed,online,2025-04-16,NO
3226,30157,98404,1511.03,failed,online,2025-04-16,NO
2757,33813,99654,525.76,failed,online,2025-04-16,NO
1,25613,101121,608.56,failed,online,2025-04-16,NO
1,45634,102307,1171.95,completed,online,2025-04-16,NO
2030,39568,102868,694.48,failed,online,2025-04-16,NO
4327,14035,103133,175.09,completed,online,2025-04-16,NO
1,9282,103695,84.79,completed,online,2025-04-16,NO
4201,6150,103795,312.34,failed,online,2025-04-16,NO
3500,24170,106839,138.28,completed,online,2025-04-16,NO
1,28025,107405,828.86,failed,online,2025-04-16,NO
4672,33442,110204,314.82,completed,online,2025-04-16,NO
1838,12299,111102,1380.81,failed,online,2025-04-16,NO
3744,33901,112268,200.81,completed,online,2025-04-16,NO
1722,37388,115948,911.98,completed,online,2025-04-16,NO
1,19201,117478,1626.13,completed,online,2025-04-16,NO
754,310,120059,701.45,completed,online,2025-04-16,NO
379,33079,121512,677.6,completed,online,2025-04-16,NO
2782,14114,122338,1012.51,failed,online,2025-04-16,NO
1727,36038,123109,12.91,failed,online,2025-04-16,NO
3719,11170,123575,1027.0,failed,online,2025-04-16,NO
2882,3445,128968,559.9,completed,online,2025-04-16,NO
1,26240,129613,1853.58,completed,online,2025-04-16,NO
1,36021,132721,34.94,failed,online,2025-04-16,NO
3007,33113,133023,180.58,failed,online,2025-04-16,NO
4973,11439,133743,704.52,completed,online,2025-04-16,NO
2972,16561,136474,497.37,completed,online,2025-04-16,NO
124,44567,136659,1976.21,failed,online,2025-04-16,NO
1615,46525,140592,5639.102171223932,failed,online,2025-04-16,NO
4342,21051,141911,1867.07,failed,online,2025-04-16,NO
1854,49130,142855,536.37,failed,online,2025-04-16,NO
3788,25817,142883,348.02,completed,online,2025-04-16,NO
1,17101,144201,26.99,failed,online,2025-04-16,NO
3731,31456,146183,9513.009393126591,failed,online,2025-04-16,NO
2011,3443,147616,222.33,completed,online,2025-04-16,NO
715,27666,149107,1062.84,failed,online,2025-04-16,NO
1,36267,149911,380.01,failed,online,2025-04-16,NO
4668,30786,779,425.83,completed,online,2025-12-19,NO
4821,41676,938,232.59,completed,online,2025-12-19,NO
4196,46305,2435,683.96,completed,online,2025-12-19,NO
3083,10368,5224,1736.68,failed,online,2025-12-19,NO
3393,44789,5637,1490.66,completed,online,2025-12-19,NO
2387,4346,11898,861.85,failed,online,2025-12-19,NO
1,15885,12823,985.85,failed,online,2025-12-19,NO
3183,11401,15054,1218.83,failed,online,2025-12-19,NO
4640,42514,15507,1946.63,failed,online,2025-12-19,NO
1488,44108,17289,1473.39,failed,online,2025-12-19,NO
4162,36527,18310,818.1,completed,online,2025-12-19,NO
217,135,19426,782.16,failed,online,2025-12-19,NO
3688,6371,19789,50.81,completed,online,2025-12-19,NO
1,1070,20732,985.55,failed,online,2025-12-19,NO
927,4266,20877,746.67,completed,online,2025-12-19,NO
2314,2293,22261,939.99,failed,online,2025-12-19,NO
89,4802,23355,1045.55,completed,online,2025-12-19,NO
3459,14219,24481,1320.52,completed,online,2025-12-19,NO
1,31139,25304,334.27,completed,online,2025-12-19,NO
2742,6006,33872,585.8,completed,online,2025-12-19,NO
185,20121,33968,683.33,failed,online,2025-12-19,NO
3881,47408,34556,1077.47,failed,online,2025-12-19,NO
881,44299,35315,1459.78,completed,online,2025-12-19,NO
1275,9288,37927,1506.8,failed,online,2025-12-19,NO
956,38068,38188,568.31,completed,online,2025-12-19,NO
1,16027,39581,775.22,completed,online,2025-12-19,NO
1422,8408,39964,236.08,failed,online,2025-12-19,NO
122,40639,42050,852.86,completed,online,2025-12-19,NO
1,32574,43094,659.88,completed,online,2025-12-19,NO
3067,15528,48312,1702.62,failed,online,2025-12-19,NO
404,9042,48688,1775.93,completed,online,2025-12-19,NO
896,8943,48825,630.12,completed,online,2025-12-19,NO
1,12822,49169,1429.6,completed,online,2025-12-19,NO
3097,39099,52545,602.21,failed,online,2025-12-19,NO
1,26994,53310,639.27,failed,online,2025-12-19,NO
4131,35054,53333,1059.89,completed,online,2025-12-19,NO
932,44729,53346,1022.82,failed,online,2025-12-19,NO
2810,34329,53429,177.41,failed,online,2025-12-19,NO
189,2575,61054,1209.16,failed,online,2025-12-19,NO
2104,13081,63666,842.95,failed,online,2025-12-19,NO
111,3335,63782,857.45,completed,online,2025-12-19,NO
1,47515,64852,310.1,failed,online,2025-12-19,NO
3619,35650,69036,1135.7,completed,online,2025-12-19,NO
1,44804,69343,1794.96,completed,online,2025-12-19,NO
154,2619,70194,539.76,failed,online,2025-12-19,NO
1064,46198,73602,1229.09,completed,online,2025-12-19,NO
1651,36205,73713,1356.5,failed,online,2025-12-19,NO
3865,12890,75071,1281.75,failed,online,2025-12-19,NO
891,31392,78262,1113.71,failed,online,2025-12-19,NO
1,26921,82295,1185.6,completed,online,2025-12-19,NO
1,46616,85215,67.46,completed,online,2025-12-19,NO
3105,28511,85420,1726.92,completed,online,2025-12-19,NO
2357,12207,85718,1837.23,failed,online,2025-12-19,NO
1098,42538,89108,1531.68,completed,online,2025-12-19,NO
4226,9343,94133,239.79,failed,online,2025-12-19,NO
1,17364,102453,1991.22,failed,online,2025-12-19,NO
3957,43611,105753,1300.29,failed,online,2025-12-19,NO
8,4250,108944,586.56,failed,online,2025-12-19,NO
4738,6545,113470,175.61,failed,online,2025-12-19,NO
1235,7769,115362,1295.51,failed,online,2025-12-19,NO
1,18607,117602,661.87,completed,online,2025-12-19,NO
4477,46214,118687,1944.75,completed,online,2025-12-19,NO
305,5988,120170,1024.57,failed,online,2025-12-19,NO
4536,44750,123123,1883.38,completed,online,2025-12-19,NO
468,13129,123874,1274.49,completed,online,2025-12-19,NO
1,9154,124032,546.88,failed,online,2025-12-19,NO
3348,29266,124186,1821.79,completed,online,2025-12-19,NO
1,27854,130335,16.88,completed,online,2025-12-19,NO
3422,40139,131438,587.18,failed,online,2025-12-19,NO
1224,19831,133945,1129.12,failed,online,2025-12-19,NO
153,30403,134258,885.86,completed,online,2025-12-19,NO
4482,45298,135486,78.36,completed,online,2025-12-19,NO
3876,19604,137199,1122.66,completed,online,2025-12-19,NO
1606,29086,138495,731.08,completed,online,2025-12-19,NO
4894,31698,140865,1893.16,completed,UNKNOWN,2025-12-19,NO
2711,11738,142036,761.58,completed,online,2025-12-19,NO
279,27566,147216,1339.07,failed,online,2025-12-19,NO
4522,46307,147707,990.9,failed,online,2025-12-19,NO
2101,17982,532,1570.45,completed,online,2025-08-19,NO
2843,6028,3511,939.39,completed,online,2025-08-19,NO
4503,9517,3658,1790.45,completed,online,2025-08-19,NO
3387,30534,5400,140.14,failed,online,2025-08-19,NO
1,34401,5792,1646.46,completed,online,2025-08-19,NO
496,3838,8087,514.02,failed,online,2025-08-19,NO
2045,39345,13479,1005.51,failed,online,2025-08-19,NO
3212,37859,13719,1677.99,completed,online,2025-08-19,NO
1,36046,16059,522.02,completed,online,2025-08-19,NO
4347,48423,17164,1415.28,failed,UNKNOWN,2025-08-19,NO
390,32240,17523,166.27,failed,online,2025-08-19,NO
1883,146,17745,988.64,completed,online,2025-08-19,NO
669,29036,18869,103.94,completed,online,2025-08-19,NO
2992,21153,20834,1154.16,completed,online,2025-08-19,NO
641,18612,20989,1770.77,completed,online,2025-08-19,NO
3606,9917,23196,1699.34,failed,online,2025-08-19,NO
1,18927,23588,1881.95,failed,online,2025-08-19,NO
1062,14551,24275,828.99,failed,online,2025-08-19,NO
1,12053,26195,780.55,completed,online,2025-08-19,NO
1570,32868,28171,339.56,failed,online,2025-08-19,NO
3577,36780,29043,1932.75,failed,online,2025-08-19,NO
613,41327,29913,1037.6,completed,online,2025-08-19,NO
3402,8519,31485,1164.85,failed,online,2025-08-19,NO
1,30692,36617,1189.96,completed,online,2025-08-19,NO
4235,21681,37410,1336.73,completed,online,2025-08-19,NO
143,30397,39568,1749.18,completed,online,2025-08-19,NO
1488,18362,40933,406.85,failed,online,2025-08-19,NO
531,29578,45563,1686.86,failed,online,2025-08-19,NO
2516,44762,48480,1388.35,completed,online,2025-08-19,NO
557,34323,48764,648.04,failed,online,2025-08-19,NO
4363,40782,52319,465.65,completed,online,2025-08-19,NO
1,13979,53126,1539.76,failed,online,2025-08-19,NO
1,22634,53521,1551.39,failed,UNKNOWN,2025-08-19,NO
2226,14122,55712,22.18,completed,online,2025-08-19,NO
4599,24844,57246,836.55,completed,online,2025-08-19,NO
1,23007,57776,876.43,completed,online,2025-08-19,NO
2417,31966,58516,1922.61,failed,online,2025-08-19,NO
2124,29789,61829,1100.9,completed,UNKNOWN,2025-08-19,NO
2650,33516,63285,339.94,completed,online,2025-08-19,NO
4762,43735,63772,118.24,failed,online,2025-08-19,NO
1,37630,65387,88.79,failed,online,2025-08-19,NO
2248,20165,65492,1244.34,failed,online,2025-08-19,NO
1487,13195,65527,1877.66,completed,online,2025-08-19,NO
1634,49466,66351,1023.03,failed,online,2025-08-19,NO
167,38518,66833,1046.74,completed,online,2025-08-19,NO
2492,894,67149,315.06,failed,online,2025-08-19,NO
1,20616,71885,929.75,failed,online,2025-08-19,NO
4459,28673,74700,1030.49,failed,online,2025-08-19,NO
1,46532,75387,1626.78,failed,online,2025-08-19,NO
4043,1172,76733,715.48,completed,online,2025-08-19,NO
1,23749,78778,933.12,failed,online,2025-08-19,NO
4867,2067,80016,1624.68,failed,online,2025-08-19,NO
3544,45850,80105,306.84,completed,online,2025-08-19,NO
3205,40751,81454,1141.32,failed,online,2025-08-19,NO
1,35957,83171,802.98,failed,online,2025-08-19,NO
4554,3925,88927,1217.2,completed,online,2025-08-19,NO
2279,32493,93511,1564.84,failed,online,2025-08-19,NO
1016,23731,93622,1756.6,completed,online,2025-08-19,NO
3449,42786,94043,299.86,completed,online,2025-08-19,NO
2299,26827,97457,1716.42,failed,online,2025-08-19,NO
1,3794,98102,874.46,failed,online,2025-08-19,NO
4469,7408,102544,1442.05,completed,online,2025-08-19,NO
1463,309,106645,852.29,failed,online,2025-08-19,NO
3475,35327,108595,970.93,failed,online,2025-08-19,NO
2339,3238,108877,1243.44,failed,online,2025-08-19,NO
1,42160,114028,69.47,failed,online,2025-08-19,NO
2746,18177,117451,584.11,failed,online,2025-08-19,NO
297,15310,119600,492.31,failed,online,2025-08-19,NO
4267,11158,124192,860.78,failed,online,2025-08-19,NO
3678,24446,128414,362.23,completed,online,2025-08-19,NO
1214,45081,130110,1814.68,failed,online,2025-08-19,NO
4970,43857,134536,1473.62,completed,online,2025-08-19,NO
1,42534,134712,397.03,failed,online,2025-08-19,NO
4009,13095,137432,853.85,failed,online,2025-08-19,NO
261,34164,143902,1590.73,completed,online,2025-08-19,NO
1,28300,145605,492.78,completed,online,2025-08-19,NO
3452,42398,145745,673.55,completed,online,2025-08-19,NO
1,10638,146302,1176.42,completed,online,2025-08-19,NO
3644,46691,301,1728.24,completed,online,2025-12-12,NO
3785,28943,713,474.63,completed,online,2025-12-12,NO
3014,49161,1732,150.36,failed,online,2025-12-12,NO
2185,34041,3934,306.4,completed,online,2025-12-12,NO
1,25000,4542,216.89,completed,online,2025-12-12,NO
1188,47219,5432,1841.41,completed,online,2025-12-12,NO
3934,49134,5741,1000.36,completed,online,2025-12-12,NO
3075,6711,5913,1511.9,failed,online,2025-12-12,NO
3735,18829,6156,1009.41,failed,online,2025-12-12,NO
1,41320,6224,803.79,completed,online,2025-12-12,NO
847,25450,6231,1518.01,completed,online,2025-12-12,NO
1405,32139,7274,160.27,completed,online,2025-12-12,NO
3853,12219,9034,1470.29,completed,online,2025-12-12,NO
3037,23843,9958,1989.98,completed,online,2025-12-12,NO
2231,33531,10119,750.49,failed,online,2025-12-12,NO
4929,19619,11424,1311.35,completed,online,2025-12-12,NO
2745,44032,11438,1772.77,completed,online,2025-12-12,NO
3410,12983,17518,1197.31,completed,online,2025-12-12,NO
3430,44210,19699,1809.72,failed,online,2025-12-12,NO
4027,18846,21796,24.34,completed,online,2025-12-12,NO
4411,10309,22191,1645.91,completed,online,2025-12-12,NO
1094,11946,26806,718.56,failed,online,2025-12-12,NO
2642,38866,27579,116.34,completed,online,2025-12-12,NO
1,1081,28642,1295.4,completed,online,2025-12-12,NO
110,47450,30029,1639.9,completed,online,2025-12-12,NO
1,22283,30236,414.36,failed,online,2025-12-12,NO
4700,11154,31206,284.89,failed,online,2025-12-12,NO
1,21937,37347,833.59,completed,online,2025-12-12,NO
4982,27887,38496,1207.48,failed,online,2025-12-12,NO
1,16164,40879,1179.83,failed,online,2025-12-12,NO
2092,25897,41645,932.12,failed,online,2025-12-12,NO
3784,36989,45590,785.85,failed,online,2025-12-12,NO
3468,5308,48128,1138.26,completed,online,2025-12-12,NO
1347,18253,49277,480.98,failed,online,2025-12-12,NO
193,25951,51107,1045.82,failed,online,2025-12-12,NO
2242,33557,55667,353.85,failed,online,2025-12-12,NO
1978,17947,57119,621.87,failed,online,2025-12-12,NO
1,13082,59053,1788.94,failed,online,2025-12-12,NO
4157,30390,59861,15.47,failed,online,2025-12-12,NO
2529,34029,60798,1647.47,completed,online,2025-12-12,NO
172,24313,60949,1105.93,completed,online,2025-12-12,NO
2409,32675,62071,798.36,completed,online,2025-12-12,NO
636,32659,67170,1031.75,failed,online,2025-12-12,NO
4615,5590,69882,614.29,completed,online,2025-12-12,NO
3818,12037,71440,1009.12,completed,online,2025-12-12,NO
2489,7776,72556,652.09,completed,online,2025-12-12,NO
2841,22611,75519,1457.02,completed,online,2025-12-12,NO
3195,23807,77355,689.8,failed,online,2025-12-12,NO
4363,15940,81355,701.65,completed,online,2025-12-12,NO
2261,38116,85137,905.73,completed,online,2025-12-12,NO
4672,26046,94308,1340.45,completed,online,2025-12-12,NO
3210,13573,97146,1075.94,completed,online,2025-12-12,NO
1,40551,99771,429.19,completed,online,2025-12-12,NO
1,30005,101545,780.73,completed,online,2025-12-12,NO
2574,38015,111071,439.75,failed,online,2025-12-12,NO
1,28927,116525,420.13,completed,online,2025-12-12,NO
3827,34613,119535,1446.19,completed,online,2025-12-12,NO
2110,6843,119704,207.12,completed,online,2025-12-12,NO
1,2340,120210,1027.54,completed,online,2025-12-12,NO
4221,3635,122592,166.73,completed,online,2025-12-12,NO
1961,33914,124460,353.26,completed,online,2025-12-12,NO
2193,4776,126319,1121.3,completed,online,2025-12-12,NO
1222,47621,129473,130.9,failed,online,2025-12-12,NO
529,12811,131827,1407.65,completed,online,2025-12-12,NO
2954,43123,131920,1992.11,failed,online,2025-12-12,NO
4777,12861,132053,1424.03,failed,online,2025-12-12,NO
4975,47067,132138,1473.36,failed,online,2025-12-12,NO
1,15059,133566,1051.53,failed,online,2025-12-12,NO
1,740,135534,863.6,failed,online,2025-12-12,NO
4514,16051,135718,1753.9,completed,online,2025-12-12,NO
4840,20057,137468,839.06,failed,online,2025-12-12,NO
1,33254,138201,530.06,failed,online,2025-12-12,NO
1356,33361,142188,1448.85,failed,online,2025-12-12,NO
404,26234,143044,1150.06,completed,online,2025-12-12,NO
617,41496,143821,208.83,failed,online,2025-12-12,NO
1889,37106,148471,1352.83,completed,online,2025-12-12,NO
1712,15878,149942,1384.17,failed,online,2025-12-12,NO
4294,23904,203,483.2,failed,online,2025-12-30,NO
1,28831,351,432.2,completed,UNKNOWN,2025-12-30,NO
643,38414,1419,170.27,failed,online,2025-12-30,NO
2729,40883,1611,1581.65,failed,online,2025-12-30,NO
1,8471,4103,1382.37,failed,online,2025-12-30,NO
1967,32595,8276,1166.72,completed,online,2025-12-30,NO
1106,37058,9584,1540.16,completed,online,2025-12-30,NO
4785,22730,18549,306.99,failed,online,2025-12-30,NO
1234,36706,19981,62.46,completed,online,2025-12-30,NO
3048,47563,23598,1396.46,failed,online,2025-12-30,NO
4127,15729,23796,617.25,failed,online,2025-12-30,NO
2351,21949,23876,362.45,failed,online,2025-12-30,NO
2146,43252,25999,503.56,completed,online,2025-12-30,NO
1,35817,26245,1436.49,completed,online,2025-12-30,NO
2777,49429,26608,239.87,completed,online,2025-12-30,NO
1207,21028,29120,86.55,completed,online,2025-12-30,NO
4327,33550,31238,1433.14,completed,online,2025-12-30,NO
4002,42309,32020,1622.22,completed,online,2025-12-30,NO
3891,10541,32073,1292.91,completed,online,2025-12-30,NO
1,15858,34018,929.43,completed,online,2025-12-30,NO
4314,2168,34312,262.06,completed,online,2025-12-30,NO
1,30844,36309,1461.57,failed,online,2025-12-30,NO
1250,42086,37692,568.28,completed,online,2025-12-30,NO
1895,17246,38780,1724.09,failed,online,2025-12-30,NO
218,10972,39603,1178.45,completed,online,2025-12-30,NO
4073,23980,40419,137.77,failed,online,2025-12-30,NO
1,32787,43728,1917.84,failed,online,2025-12-30,NO
443,35726,43760,575.6,completed,online,2025-12-30,NO
2375,36305,47531,1804.0,failed,online,2025-12-30,NO
457,48312,49457,836.97,failed,online,2025-12-30,NO
2053,39345,49702,79.8,completed,online,2025-12-30,NO
1,7485,51586,924.49,completed,online,2025-12-30,NO
1,7828,53280,1198.0,failed,online,2025-12-30,NO
4626,35210,58185,334.36,failed,online,2025-12-30,NO
728,16867,65735,1084.01,completed,online,2025-12-30,NO
3389,14416,66688,1798.59,completed,online,2025-12-30,NO
1,23698,70404,548.18,completed,online,2025-12-30,NO
497,33200,72446,1901.88,failed,online,2025-12-30,NO
1,7881,73065,1297.29,failed,online,2025-12-30,NO
2740,45462,77074,241.83,completed,online,2025-12-30,NO
893,31527,81422,109.79,failed,online,2025-12-30,NO
4437,29242,81924,223.02,failed,online,2025-12-30,NO
3248,42836,84621,105.79,failed,online,2025-12-30,NO
178,33137,87747,813.68,failed,online,2025-12-30,NO
1,9245,88984,522.98,completed,online,2025-12-30,NO
1,33462,91351,1537.79,completed,online,2025-12-30,NO
4555,18991,92890,502.92,failed,online,2025-12-30,NO
2358,25211,92976,1244.03,failed,online,2025-12-30,NO
2883,49332,93117,1959.71,completed,online,2025-12-30,NO
2130,27763,93548,408.07,completed,online,2025-12-30,NO
3199,18835,97153,339.68,completed,online,2025-12-30,NO
2353,30188,100237,1868.29,completed,online,2025-12-30,NO
2458,9628,101470,1002.97,completed,UNKNOWN,2025-12-30,NO
1,1522,105812,1544.66,failed,online,2025-12-30,NO
808,20788,107660,426.5,failed,online,2025-12-30,NO
771,11390,109849,752.34,completed,online,2025-12-30,NO
2901,23569,110749,1234.42,completed,online,2025-12-30,NO
1873,38502,114060,1983.57,completed,online,2025-12-30,NO
1182,20559,114566,1591.53,failed,online,2025-12-30,NO
1530,39639,114626,1351.87,completed,online,2025-12-30,NO
2676,10646,116601,325.81,failed,online,2025-12-30,NO
4089,39554,122371,769.17,completed,online,2025-12-30,NO
626,49610,125590,635.12,completed,online,2025-12-30,NO
1,17474,125827,1233.44,completed,online,2025-12-30,NO
3216,44961,127185,1680.46,completed,online,2025-12-30,NO
1546,15397,128178,425.6,completed,online,2025-12-30,NO
537,10900,128555,1381.17,failed,online,2025-12-30,NO
2668,43217,130988,1245.17,failed,online,2025-12-30,NO
2794,9193,131054,46.66,completed,online,2025-12-30,NO
1,44501,132289,1684.86,failed,online,2025-12-30,NO
3725,22269,133659,1844.93,failed,UNKNOWN,2025-12-30,NO
3441,38388,133817,1130.11,completed,online,2025-12-30,NO
2219,27121,134095,1713.72,completed,online,2025-12-30,NO
4917,19346,142727,1306.08,completed,online,2025-12-30,NO
1167,23584,143427,1346.12,completed,online,2025-12-30,NO
1,18506,145386,803.32,completed,online,2025-12-30,NO
297,11474,147900,1142.9,failed,online,2025-12-30,NO
3187,29569,883,1698.13,completed,online,2025-02-27,NO
228,41083,2727,919.58,failed,online,2025-02-27,NO
2571,38293,4415,840.5,completed,UNKNOWN,2025-02-27,NO
1587,42553,4929,1880.15,completed,UNKNOWN,2025-02-27,NO
1640,42931,5370,1843.82,completed,online,2025-02-27,NO
3246,31018,7304,1308.85,completed,online,2025-02-27,NO
2515,24980,7800,1777.81,failed,online,2025-02-27,NO
2217,3197,12182,1463.27,failed,online,2025-02-27,NO
936,8708,12347,1173.84,completed,online,2025-02-27,NO
3470,18924,14197,1517.73,completed,UNKNOWN,2025-02-27,NO
2132,14656,14404,886.07,failed,online,2025-02-27,NO
3938,14536,14837,1380.85,completed,UNKNOWN,2025-02-27,NO
827,7814,15593,455.92,completed,online,2025-02-27,NO
3671,22964,17715,1223.87,failed,online,2025-02-27,NO
1804,31831,20891,45.68,failed,online,2025-02-27,NO
323,26139,22262,1060.07,failed,online,2025-02-27,NO
1350,17683,23503,288.12,completed,online,2025-02-27,NO
1,41649,24331,1974.06,failed,online,2025-02-27,NO
4722,46750,24419,729.66,completed,online,2025-02-27,NO
702,22185,32622,1173.69,completed,online,2025-02-27,NO
2346,42628,34125,1523.15,completed,online,2025-02-27,NO
1015,12373,34179,1637.9,completed,online,2025-02-27,NO
3106,49065,35249,1862.35,failed,online,2025-02-27,NO
4969,31729,36996,1355.36,completed,online,2025-02-27,NO
1143,1912,42028,173.6,failed,online,2025-02-27,NO
478,31008,43522,741.15,completed,online,2025-02-27,NO
418,4970,43591,846.65,failed,online,2025-02-27,NO
609,4661,46210,1443.37,failed,online,2025-02-27,NO
1,13534,47056,610.28,failed,online,2025-02-27,NO
2120,13083,50891,515.72,completed,online,2025-02-27,NO
1348,46045,53963,45.55,failed,online,2025-02-27,NO
177,5494,54598,31.75,failed,online,2025-02-27,NO
4298,33424,55779,1684.0,failed,online,2025-02-27,NO
3420,23113,57279,466.91,completed,online,2025-02-27,NO
3571,14121,58338,982.33,completed,online,2025-02-27,NO
2829,15916,58789,1263.52,completed,online,2025-02-27,NO
2268,26629,59559,1803.03,completed,online,2025-02-27,NO
4898,7265,60964,1254.19,completed,online,2025-02-27,NO
2217,8821,61165,1824.72,completed,online,2025-02-27,NO
721,16959,62419,839.55,completed,online,2025-02-27,NO
1,48989,63074,855.2,completed,online,2025-02-27,NO
3641,11077,66911,1860.82,completed,online,2025-02-27,NO
16,19559,67334,606.5,failed,online,2025-02-27,NO
3791,23273,69227,605.27,completed,online,2025-02-27,NO
4473,31728,71259,1134.03,completed,online,2025-02-27,NO
3264,32201,73606,266.64,completed,online,2025-02-27,NO
3617,13521,75498,203.65,completed,online,2025-02-27,NO
3629,23440,80773,1694.17,completed,online,2025-02-27,NO
4142,40879,83948,1601.61,failed,online,2025-02-27,NO
457,1070,85357,1016.81,failed,online,2025-02-27,NO
1,9976,85405,1077.24,failed,online,2025-02-27,NO
1,35775,87225,851.64,completed,online,2025-02-27,NO
1252,33843,93193,1908.68,failed,online,2025-02-27,NO
1,41771,94852,1256.03,completed,online,2025-02-27,NO
1,31316,94964,453.32,failed,online,2025-02-27,NO
1,41729,97705,1566.14,completed,online,2025-02-27,NO
2249,207,106033,300.15,completed,online,2025-02-27,NO
1,11454,106166,1846.83,failed,online,2025-02-27,NO
242,44046,107852,1777.06,completed,online,2025-02-27,NO
2547,28803,111191,171.92,failed,online,2025-02-27,NO
2396,25444,112792,1252.86,failed,online,2025-02-27,NO
3861,29135,116584,1578.91,failed,online,2025-02-27,NO
2562,7895,119212,1195.92,completed,online,2025-02-27,NO
1210,21283,121694,639.49,completed,online,2025-02-27,NO
1812,7120,125447,1704.82,failed,online,2025-02-27,NO
3128,29552,127951,665.92,completed,online,2025-02-27,NO
1248,288,128097,1689.38,completed,online,2025-02-27,NO
1802,4566,128596,1441.43,failed,online,2025-02-27,NO
3705,28193,129410,1032.31,failed,online,2025-02-27,NO
3259,23698,132679,136.59,failed,online,2025-02-27,NO
1,14634,134756,1610.61,completed,online,2025-02-27,NO
4771,31435,135406,312.94,failed,online,2025-02-27,NO
715,42809,138838,450.15,failed,online,2025-02-27,NO
288,15119,139353,919.17,failed,online,2025-02-27,NO
3552,22794,141900,1423.92,completed,online,2025-02-27,NO
1,4019,146614,816.67,failed,online,2025-02-27,NO
598,3210,148224,1649.84,failed,online,2025-02-27,NO
3213,20457,350,1292.39,failed,online,2025-05-06,NO
3306,41228,1493,1156.33,completed,online,2025-05-06,NO
3155,26390,1869,1343.9,completed,online,2025-05-06,NO
1,19346,4530,430.65,completed,online,2025-05-06,NO
1,6429,9446,1489.58,completed,online,2025-05-06,NO
1,16779,12235,1749.78,failed,online,2025-05-06,NO
4721,21101,15815,1943.61,failed,online,2025-05-06,NO
2518,43467,16323,1959.84,failed,UNKNOWN,2025-05-06,NO
4145,49258,17563,411.97,completed,online,2025-05-06,NO
782,32803,18173,824.2,completed,online,2025-05-06,NO
2515,18495,19940,53.32,failed,online,2025-05-06,NO
2475,44996,22295,519.32,completed,online,2025-05-06,NO
3547,39021,29177,1330.6,failed,online,2025-05-06,NO
3082,1861,30650,1933.65,failed,online,2025-05-06,NO
1175,7186,31563,246.3,failed,online,2025-05-06,NO
3935,39100,31777,1086.95,completed,online,2025-05-06,NO
4947,24802,32141,917.9,failed,online,2025-05-06,NO
3544,41871,34009,143.44,completed,online,2025-05-06,NO
4879,23336,34344,1008.5,completed,online,2025-05-06,NO
407,33428,36282,674.68,failed,online,2025-05-06,NO
1559,44493,41885,1647.73,failed,online,2025-05-06,NO
1,8166,47494,1176.09,completed,online,2025-05-06,NO
695,25952,51377,1827.97,failed,online,2025-05-06,NO
2941,21222,51855,704.23,failed,online,2025-05-06,NO
740,21932,52913,1425.14,completed,online,2025-05-06,NO
4078,6308,54051,51.1,failed,online,2025-05-06,NO
4477,31946,56626,431.66,failed,online,2025-05-06,NO
1,7931,57877,107.54,completed,online,2025-05-06,NO
3378,26080,65118,409.41,completed,online,2025-05-06,NO
1,32329,65522,1539.89,completed,online,2025-05-06,NO
4928,48922,67342,1949.48,completed,online,2025-05-06,NO
2633,7654,68218,1146.7,completed,online,2025-05-06,NO
3004,42656,69042,1547.7,completed,online,2025-05-06,NO
1,27925,69069,725.22,completed,online,2025-05-06,NO
3514,2032,69772,1660.09,completed,online,2025-05-06,NO
1599,47267,71097,391.65,failed,online,2025-05-06,NO
618,32298,74904,927.72,completed,online,2025-05-06,NO
383,42094,75877,1527.66,completed,online,2025-05-06,NO
2089,39472,77535,410.71,completed,online,2025-05-06,NO
735,840,78604,381.2,failed,online,2025-05-06,NO
3924,11545,78677,1277.51,completed,online,2025-05-06,NO
742,14428,81384,1761.79,completed,online,2025-05-06,NO
741,22340,82036,983.62,completed,online,2025-05-06,NO
640,11824,82794,1474.82,failed,online,2025-05-06,NO
4294,47085,84572,1392.79,completed,online,2025-05-06,NO
1,570,86011,1683.47,failed,online,2025-05-06,NO
1766,45074,86937,1350.24,completed,online,2025-05-06,NO
2008,40418,86970,1841.38,failed,online,2025-05-06,NO
1312,42280,87254,1817.1,failed,online,2025-05-06,NO
177,39965,89345,1758.54,failed,online,2025-05-06,NO
4358,22737,90815,723.62,completed,online,2025-05-06,NO
4515,9688,92027,1670.37,failed,online,2025-05-06,NO
1,14115,92164,1594.11,completed,online,2025-05-06,NO
2350,13241,93441,1316.95,failed,online,2025-05-06,NO
2446,20149,97803,978.29,failed,online,2025-05-06,NO
4842,47640,107215,57.97,completed,online,2025-05-06,NO
1,29660,107685,1376.02,completed,online,2025-05-06,NO
2097,38279,108624,1562.01,failed,online,2025-05-06,NO
135,24274,109307,724.38,completed,online,2025-05-06,NO
2562,3216,109377,1360.86,failed,online,2025-05-06,NO
520,35107,112575,1631.24,completed,online,2025-05-06,NO
1938,29100,118812,1268.66,failed,online,2025-05-06,NO
1300,11086,121925,289.99,failed,online,2025-05-06,NO
734,6605,125636,1674.09,completed,online,2025-05-06,NO
2254,48586,127509,1602.04,completed,online,2025-05-06,NO
4582,25620,128131,931.01,completed,online,2025-05-06,NO
4063,15249,131408,1861.34,completed,online,2025-05-06,NO
4188,32129,132165,1639.78,completed,online,2025-05-06,NO
2676,39238,132439,1337.04,failed,online,2025-05-06,NO
73,4037,134990,548.84,completed,online,2025-05-06,NO
1,31144,139150,967.84,failed,online,2025-05-06,NO
653,40702,141038,174.96,completed,online,2025-05-06,NO
1,10314,145127,51.42,completed,UNKNOWN,2025-05-06,NO
1821,6477,145953,188.59,completed,online,2025-05-06,NO
4113,25616,148785,1190.99,failed,online,2025-05-06,NO
3637,3615,149300,1532.29,failed,online,2025-05-06,NO
1,45843,149795,1025.14,completed,online,2025-05-06,NO
3887,3722,4773,586.6,completed,online,2025-01-23,NO
2208,13929,5087,1827.44,completed,online,2025-01-23,NO
934,24665,5513,615.69,failed,online,2025-01-23,NO
3767,14774,5755,832.71,failed,online,2025-01-23,NO
3735,9775,5841,874.97,failed,online,2025-01-23,NO
1515,23459,6167,1364.09,failed,online,2025-01-23,NO
3635,13777,10013,728.61,failed,online,2025-01-23,NO
4658,5521,10140,862.58,completed,online,2025-01-23,NO
1,38575,11437,1217.53,failed,online,2025-01-23,NO
4755,19566,11912,1153.69,failed,online,2025-01-23,NO
2652,27138,13859,1519.66,failed,online,2025-01-23,NO
2510,33219,14554,1512.16,completed,online,2025-01-23,NO
3068,24362,17926,1009.63,failed,online,2025-01-23,NO
1,11566,19868,1957.32,completed,online,2025-01-23,NO
1,23904,20418,1288.41,completed,online,2025-01-23,NO
3310,22866,21269,1741.06,failed,online,2025-01-23,NO
3827,45735,21363,654.79,failed,online,2025-01-23,NO
639,14409,23942,680.28,failed,online,2025-01-23,NO
609,17168,27636,604.03,failed,online,2025-01-23,NO
4949,523,27667,1479.44,failed,online,2025-01-23,NO
1,38308,29993,1426.01,failed,online,2025-01-23,NO
785,24091,30004,1927.71,failed,online,2025-01-23,NO
4269,46544,30557,604.09,failed,online,2025-01-23,NO
1510,7438,31301,553.04,failed,online,2025-01-23,NO
2504,46828,32670,1555.05,failed,online,2025-01-23,NO
1,10903,39266,1192.16,failed,online,2025-01-23,NO
4160,17003,39273,1048.2,failed,online,2025-01-23,NO
3541,6785,39621,1687.72,failed,online,2025-01-23,NO
1610,47601,39696,282.92,failed,online,2025-01-23,NO
2004,21272,39825,1898.19,completed,online,2025-01-23,NO
3419,21965,40061,1567.65,failed,online,2025-01-23,NO
1,17985,41525,610.0,completed,online,2025-01-23,NO
1,4631,41894,1709.62,failed,online,2025-01-23,NO
3344,29651,44329,1032.66,completed,online,2025-01-23,NO
108,15688,45973,281.88,failed,online,2025-01-23,NO
827,3182,47250,1756.65,failed,UNKNOWN,2025-01-23,NO
4888,22190,48565,380.5,completed,online,2025-01-23,NO
4741,13717,52469,1861.84,completed,online,2025-01-23,NO
3696,2417,54986,1767.3,completed,online,2025-01-23,NO
4592,35692,57298,1421.08,failed,online,2025-01-23,NO
1491,47902,60889,622.31,failed,online,2025-01-23,NO
3243,42783,64254,754.31,failed,online,2025-01-23,NO
368,16850,64932,1687.96,failed,online,2025-01-23,NO
2880,43066,65432,305.71,failed,online,2025-01-23,NO
2206,45004,69704,703.89,completed,online,2025-01-23,NO
2371,658,77564,248.83,failed,online,2025-01-23,NO
4883,26516,79652,1809.58,failed,online,2025-01-23,NO
1,12395,81307,1901.35,failed,online,2025-01-23,NO
2502,17786,82790,1357.67,failed,online,2025-01-23,NO
2934,15457,83229,1398.34,completed,online,2025-01-23,NO
1,13936,84074,370.44,failed,online,2025-01-23,NO
1422,42437,84460,766.37,failed,online,2025-01-23,NO
4819,12469,84489,356.84,failed,online,2025-01-23,NO
1,29232,85689,1332.75,completed,online,2025-01-23,NO
1,42869,85728,1539.83,completed,online,2025-01-23,NO
373,16105,85848,1146.31,failed,online,2025-01-23,NO
811,30251,87253,835.85,failed,online,2025-01-23,NO
2604,11892,91124,1532.94,failed,online,2025-01-23,NO
3529,18826,101457,10.35,completed,online,2025-01-23,NO
3343,9198,102282,560.08,completed,online,2025-01-23,NO
122,44374,103389,1578.96,completed,online,2025-01-23,NO
1553,10310,103925,644.92,failed,online,2025-01-23,NO
2732,38821,109147,606.15,completed,online,2025-01-23,NO
1,4879,110816,1763.78,failed,online,2025-01-23,NO
3379,41959,117663,1449.63,completed,online,2025-01-23,NO
1,3207,117811,477.37,failed,online,2025-01-23,NO
67,48438,126674,1665.65,completed,UNKNOWN,2025-01-23,NO
4525,13494,130516,1070.61,completed,online,2025-01-23,NO
2430,4003,138419,1651.31,failed,online,2025-01-23,NO
3685,13015,139484,1983.33,failed,online,2025-01-23,NO
1355,23309,139578,601.35,completed,online,2025-01-23,NO
3729,42710,144344,532.65,completed,online,2025-01-23,NO
1865,3586,145214,1576.61,completed,online,2025-01-23,NO
1844,13434,146560,230.92,completed,online,2025-01-23,NO
3580,31568,146745,767.04,failed,online,2025-01-23,NO
2556,43428,147347,1069.71,completed,online,2025-01-23,NO
4364,5295,149524,1740.7,failed,online,2025-01-23,NO
2711,39854,149576,705.8,failed,online,2025-01-23,NO
480,35757,1152,413.77,failed,online,2025-08-14,NO
412,15202,4985,326.7,completed,online,2025-08-14,NO
3432,6249,5512,1570.42,failed,online,2025-08-14,NO
4109,44365,5908,1059.87,completed,UNKNOWN,2025-08-14,NO
505,39274,6727,1520.59,failed,online,2025-08-14,NO
1,29796,11325,1736.72,failed,online,2025-08-14,NO
13,32770,17143,1742.61,completed,online,2025-08-14,NO
4118,15577,19414,1843.74,failed,online,2025-08-14,NO
4807,15236,20516,753.53,completed,online,2025-08-14,NO
1,844,21601,1628.76,failed,online,2025-08-14,NO
1622,13138,23151,546.48,completed,online,2025-08-14,NO
2734,10087,23239,1341.51,failed,online,2025-08-14,NO
887,48617,25048,1208.06,failed,online,2025-08-14,NO
4116,10010,25536,80.09,failed,online,2025-08-14,NO
1,2086,25709,824.74,failed,online,2025-08-14,NO
4355,43401,28156,515.35,completed,online,2025-08-14,NO
1,7665,28923,927.18,failed,online,2025-08-14,NO
1,22438,32651,1809.69,completed,UNKNOWN,2025-08-14,NO
1267,48408,33809,680.09,failed,online,2025-08-14,NO
2823,12601,35111,1900.77,completed,online,2025-08-14,NO
1704,43898,35146,1505.64,completed,online,2025-08-14,NO
2192,11993,37602,1239.36,completed,online,2025-08-14,NO
1992,37852,41809,1944.56,failed,UNKNOWN,2025-08-14,NO
2024,40877,45886,1853.78,failed,online,2025-08-14,NO
3521,36899,47621,1329.61,failed,online,2025-08-14,NO
2023,12818,47691,45.56,failed,online,2025-08-14,NO
1848,39072,50144,715.09,completed,online,2025-08-14,NO
4160,28237,50424,951.11,failed,online,2025-08-14,NO
3971,20044,51211,678.97,failed,online,2025-08-14,NO
1758,12881,56860,444.1,failed,online,2025-08-14,NO
4520,17274,57750,908.51,completed,online,2025-08-14,NO
1075,12298,57916,1225.78,completed,online,2025-08-14,NO
3423,30972,58732,464.72,failed,online,2025-08-14,NO
3262,35476,60109,1016.77,completed,online,2025-08-14,NO
4964,1857,60567,116.75,failed,online,2025-08-14,NO
1852,34676,60652,988.54,completed,online,2025-08-14,NO
568,28991,61036,488.64,completed,online,2025-08-14,NO
1230,33096,61668,1704.62,failed,online,2025-08-14,NO
3502,32175,68448,663.03,completed,online,2025-08-14,NO
2378,37420,69870,839.28,failed,online,2025-08-14,NO
459,29795,72177,1583.55,completed,online,2025-08-14,NO
2800,5005,72316,549.68,completed,online,2025-08-14,NO
1694,27804,73501,1432.69,completed,online,2025-08-14,NO
1857,16003,73585,1991.91,completed,online,2025-08-14,NO
972,21400,74611,355.27,completed,online,2025-08-14,NO
53,33997,77412,401.18,failed,online,2025-08-14,NO
2505,16161,79666,1599.65,failed,online,2025-08-14,NO
4813,12681,80757,70.65,completed,online,2025-08-14,NO
1779,5861,83014,182.26,completed,online,2025-08-14,NO
1,3659,84649,1468.73,completed,online,2025-08-14,NO
1,25795,84784,1151.67,failed,online,2025-08-14,NO
1192,48130,85696,1261.35,failed,online,2025-08-14,NO
2060,32504,89692,469.75,completed,online,2025-08-14,NO
1,35789,90331,956.34,completed,online,2025-08-14,NO
4255,44354,92238,493.53,completed,online,2025-08-14,NO
2867,32997,98193,1941.31,completed,online,2025-08-14,NO
451,43766,100377,729.32,completed,online,2025-08-14,NO
578,4557,101682,996.47,completed,online,2025-08-14,NO
1,16850,102710,117.0,completed,online,2025-08-14,NO
3229,17683,106116,1479.55,completed,online,2025-08-14,NO
228,48431,107558,183.27,completed,online,2025-08-14,NO
1,23701,107878,80.96,failed,online,2025-08-14,NO
2888,42565,109427,814.6,completed,online,2025-08-14,NO
2658,40730,110417,1307.42,failed,online,2025-08-14,NO
2375,2397,112857,242.66,completed,online,2025-08-14,NO
1,39843,114905,1902.81,completed,online,2025-08-14,NO
4532,49554,115035,60.22,completed,online,2025-08-14,NO
4276,4918,125674,1591.82,failed,online,2025-08-14,NO
3030,35000,126521,1103.84,completed,online,2025-08-14,NO
3181,38650,130619,1869.71,failed,online,2025-08-14,NO
1798,11966,130956,263.97,failed,online,2025-08-14,NO
833,43214,131410,963.04,failed,online,2025-08-14,NO
1402,38763,133531,1851.11,completed,online,2025-08-14,NO
33,20338,134792,483.41,failed,UNKNOWN,2025-08-14,NO
1551,41233,141061,1868.98,failed,online,2025-08-14,NO
1,38370,143803,1936.26,completed,online,2025-08-14,NO
2859,36031,147213,668.95,failed,online,2025-08-14,NO
1,41312,3022,322.83,completed,online,2025-02-22,NO
3079,31439,5245,171.88,failed,online,2025-02-22,NO
4444,23671,5359,36.35,completed,online,2025-02-22,NO
224,22293,6219,475.45,failed,online,2025-02-22,NO
2113,44445,6387,749.83,failed,online,2025-02-22,NO
2451,22504,8378,1270.0,failed,online,2025-02-22,NO
4087,43853,13067,428.89,failed,online,2025-02-22,NO
442,24549,15175,1824.09,completed,online,2025-02-22,NO
2292,4895,16780,1447.17,completed,online,2025-02-22,NO
2104,4244,18594,1310.93,failed,online,2025-02-22,NO
1,42748,18612,880.73,failed,online,2025-02-22,NO
4684,26786,19279,797.27,completed,online,2025-02-22,NO
917,38347,24230,112.87,completed,online,2025-02-22,NO
2044,38355,24343,838.76,failed,online,2025-02-22,NO
4219,45406,25208,775.34,completed,online,2025-02-22,NO
4344,19783,25212,1119.51,completed,online,2025-02-22,NO
2420,25762,25437,1260.19,completed,online,2025-02-22,NO
1652,36828,25733,1102.96,failed,online,2025-02-22,NO
1598,4224,28933,941.25,completed,online,2025-02-22,NO
3041,46257,39179,137.98,failed,online,2025-02-22,NO
1,36705,40682,501.26,failed,online,2025-02-22,NO
1,49823,43580,475.46,failed,online,2025-02-22,NO
4891,18335,43798,98.15,completed,online,2025-02-22,NO
4523,27213,43915,1618.79,failed,online,2025-02-22,NO
3597,9391,45739,1554.34,failed,online,2025-02-22,NO
4941,13084,46012,117.75,completed,online,2025-02-22,NO
961,36046,46062,1474.04,failed,online,2025-02-22,NO
1785,42627,47813,242.35,completed,online,2025-02-22,NO
3103,33631,49961,1504.2,completed,UNKNOWN,2025-02-22,NO
3397,3748,50980,1568.88,completed,online,2025-02-22,NO
559,3767,53072,185.96,failed,online,2025-02-22,NO
2089,38088,55021,1302.75,completed,online,2025-02-22,NO
4269,33907,57749,1359.42,completed,online,2025-02-22,NO
2910,34624,57767,416.08,completed,online,2025-02-22,NO
941,2932,59734,1126.91,completed,online,2025-02-22,NO
397,1521,62194,1536.76,failed,online,2025-02-22,NO
1,39710,62947,654.71,completed,online,2025-02-22,NO
4923,16413,68536,233.11,failed,online,2025-02-22,NO
172,39219,73014,1651.86,completed,online,2025-02-22,NO
3760,6315,73179,878.54,completed,online,2025-02-22,NO
347,37349,73698,1091.86,failed,online,2025-02-22,NO
815,36499,76259,1503.94,failed,online,2025-02-22,NO
3325,26564,77372,719.28,failed,online,2025-02-22,NO
1,38258,77384,404.04,completed,online,2025-02-22,NO
3646,17501,78065,386.19,failed,online,2025-02-22,NO
147,44583,79591,314.76,completed,online,2025-02-22,NO
1511,3353,79639,1270.84,failed,online,2025-02-22,NO
1873,42135,79653,877.73,failed,online,2025-02-22,NO
1,42509,85355,41.0,completed,online,2025-02-22,NO
4700,27582,86053,1842.85,failed,online,2025-02-22,NO
2826,1473,89707,1183.12,failed,online,2025-02-22,NO
2910,8096,91918,182.7,completed,online,2025-02-22,NO
4166,33015,97009,387.68,failed,online,2025-02-22,NO
1575,37620,99190,337.51,completed,online,2025-02-22,NO
4066,33563,99671,338.24,completed,online,2025-02-22,NO
3787,31078,101081,1004.0,failed,online,2025-02-22,NO
1289,44651,101714,756.36,completed,online,2025-02-22,NO
191,11319,102877,1482.05,completed,online,2025-02-22,NO
4001,44580,103563,940.94,completed,online,2025-02-22,NO
345,25896,106752,1987.76,completed,online,2025-02-22,NO
619,9776,107637,1498.64,completed,online,2025-02-22,NO
1,36950,109449,951.4,completed,online,2025-02-22,NO
1930,10103,111219,1201.24,completed,online,2025-02-22,NO
1098,35914,113792,1469.91,completed,online,2025-02-22,NO
1,35074,114117,1331.6,completed,online,2025-02-22,NO
394,25440,116850,234.84,failed,online,2025-02-22,NO
212,333,117395,1451.2,completed,online,2025-02-22,NO
249,13240,120545,618.74,completed,online,2025-02-22,NO
1163,48758,124533,631.22,failed,online,2025-02-22,NO
22,39978,125191,1358.96,completed,online,2025-02-22,NO
4071,43116,126936,653.14,completed,online,2025-02-22,NO
477,9129,128752,1689.96,completed,online,2025-02-22,NO
1,18643,131192,1452.07,failed,online,2025-02-22,NO
420,12453,140206,1115.87,completed,online,2025-02-22,NO
4310,47308,148166,1647.85,completed,online,2025-02-22,NO
1,30546,148766,1348.89,failed,online,2025-02-22,NO
1,32434,149343,240.58,completed,online,2025-02-22,NO
3343,12944,1855,158.86,failed,online,2025-07-14,NO
1122,31290,3058,1286.07,completed,online,2025-07-14,NO
2233,18000,5230,119.58,completed,UNKNOWN,2025-07-14,NO
4893,9472,12567,1554.85,completed,online,2025-07-14,NO
1,469,13424,1210.49,completed,online,2025-07-14,NO
3181,27642,13945,1613.43,failed,online,2025-07-14,NO
1,43322,17283,112.07,failed,online,2025-07-14,NO
1,1411,17964,1269.61,completed,online,2025-07-14,NO
1,37041,18810,1916.06,completed,online,2025-07-14,NO
1,26352,19740,1263.89,completed,online,2025-07-14,NO
4734,41322,20004,550.0,failed,online,2025-07-14,NO
2416,14989,20229,975.11,completed,online,2025-07-14,NO
650,41060,20694,656.18,completed,online,2025-07-14,NO
578,20747,20751,1040.58,failed,online,2025-07-14,NO
1413,26849,22213,1928.07,completed,online,2025-07-14,NO
307,37511,23652,1269.03,failed,online,2025-07-14,NO
4397,26282,25091,1375.5,failed,online,2025-07-14,NO
3114,47760,31865,381.73,completed,online,2025-07-14,NO
4589,28563,34172,1366.25,completed,online,2025-07-14,NO
3413,4131,37492,1003.46,failed,online,2025-07-14,NO
1014,44521,42969,423.24,failed,online,2025-07-14,NO
1,21290,44857,841.86,failed,online,2025-07-14,NO
718,23145,45843,1722.43,completed,online,2025-07-14,NO
1745,28115,46703,1888.26,failed,online,2025-07-14,NO
647,36617,48938,1852.03,completed,online,2025-07-14,NO
4755,19022,50423,587.17,completed,online,2025-07-14,NO
1010,19528,52910,1116.18,failed,online,2025-07-14,NO
4177,32059,55573,984.17,completed,online,2025-07-14,NO
1,35722,57255,1807.25,completed,online,2025-07-14,NO
4988,5562,57465,565.04,completed,online,2025-07-14,NO
4574,49256,58253,1961.27,failed,online,2025-07-14,NO
1,36967,59364,901.14,failed,online,2025-07-14,NO
1,4322,60973,7867.675739905727,failed,online,2025-07-14,NO
3089,18177,62114,106.36,failed,online,2025-07-14,NO
3527,14380,62593,1380.86,failed,online,2025-07-14,NO
3863,24854,66100,733.02,completed,online,2025-07-14,NO
824,3550,66537,1399.57,failed,online,2025-07-14,NO
4258,5365,71354,976.84,completed,online,2025-07-14,NO
4340,7011,73607,1970.82,failed,online,2025-07-14,NO
3504,25715,74137,984.85,completed,online,2025-07-14,NO
3040,1871,74893,472.54,completed,online,2025-07-14,NO
1037,13665,75810,1040.63,failed,online,2025-07-14,NO
1,39654,76554,494.36,completed,online,2025-07-14,NO
1380,8618,78578,1669.6,failed,online,2025-07-14,NO
1619,17899,80059,1483.66,failed,online,2025-07-14,NO
4215,22349,82689,455.59,completed,online,2025-07-14,NO
2225,24728,83483,189.38,completed,online,2025-07-14,NO
1200,4485,83542,1311.3,completed,online,2025-07-14,NO
1,14355,83795,1915.89,failed,online,2025-07-14,NO
1066,7820,85710,905.36,failed,online,2025-07-14,NO
2004,32398,90155,934.77,failed,online,2025-07-14,NO
2625,4458,93356,830.44,failed,online,2025-07-14,NO
1,1854,94687,1607.59,completed,online,2025-07-14,NO
1686,32831,96241,32.99,completed,online,2025-07-14,NO
1643,11254,96486,372.94,failed,online,2025-07-14,NO
1,18408,99480,1390.65,completed,online,2025-07-14,NO
1458,46352,101189,1647.84,completed,online,2025-07-14,NO
4707,48535,101484,1184.19,completed,online,2025-07-14,NO
4719,37920,105074,925.12,completed,online,2025-07-14,NO
2919,36340,108253,446.79,completed,online,2025-07-14,NO
1158,35140,112335,658.72,failed,online,2025-07-14,NO
4812,44258,113929,1940.13,completed,online,2025-07-14,NO
4961,31351,117344,434.43,failed,online,2025-07-14,NO
1,19375,120759,633.63,failed,online,2025-07-14,NO
2389,44163,121062,1431.56,completed,online,2025-07-14,NO
3579,13469,123989,1940.29,failed,online,2025-07-14,NO
4461,20076,128508,176.52,completed,online,2025-07-14,NO
1,11726,128586,1039.09,failed,UNKNOWN,2025-07-14,NO
2793,37744,130069,1547.42,failed,online,2025-07-14,NO
4002,8910,134548,1124.58,failed,online,2025-07-14,NO
1,42011,134600,1962.63,failed,online,2025-07-14,NO
1,12592,135763,1650.57,completed,online,2025-07-14,NO
163,37228,138432,24.41,failed,online,2025-07-14,NO
1975,37090,142438,679.57,completed,online,2025-07-14,NO
2731,30174,145619,1239.0,failed,online,2025-07-14,NO
2714,31752,146123,1515.29,completed,online,2025-07-14,NO
1,1352,147138,1472.73,failed,online,2025-07-14,NO
1,49260,2928,380.61,failed,online,2025-10-12,NO
4863,4299,3788,753.64,completed,online,2025-10-12,NO
2615,29465,6380,656.1,completed,online,2025-10-12,NO
1,16756,6728,405.23,failed,online,2025-10-12,NO
1,48193,16940,1303.2,completed,online,2025-10-12,NO
2994,22670,27794,384.95,completed,online,2025-10-12,NO
1,17128,28400,1851.68,failed,online,2025-10-12,NO
1,10474,30283,987.51,failed,online,2025-10-12,NO
1,14087,34580,912.99,completed,online,2025-10-12,NO
2404,22028,35227,324.81,completed,online,2025-10-12,NO
1,49617,37702,1313.24,completed,online,2025-10-12,NO
4363,46995,38382,306.24,failed,online,2025-10-12,NO
3394,28959,38391,670.9,failed,online,2025-10-12,NO
3249,34113,38724,1052.59,completed,online,2025-10-12,NO
1778,20193,40519,713.17,completed,online,2025-10-12,NO
1491,24999,40726,1458.72,completed,online,2025-10-12,NO
4263,45325,41925,1865.39,completed,online,2025-10-12,NO
1479,27406,42085,1920.01,failed,online,2025-10-12,NO
1,13832,45190,217.33,completed,online,2025-10-12,NO
1,46118,45301,1730.85,failed,online,2025-10-12,NO
2521,8726,46421,983.35,completed,online,2025-10-12,NO
2976,30357,48528,573.19,completed,online,2025-10-12,NO
1,44020,53320,105.34,completed,online,2025-10-12,NO
2014,45141,54052,734.34,completed,online,2025-10-12,NO
3270,28614,55205,1074.2,completed,online,2025-10-12,NO
274,34466,56812,1893.0,failed,online,2025-10-12,NO
792,16727,58184,547.02,completed,online,2025-10-12,NO
1754,27338,59717,335.12,failed,online,2025-10-12,NO
1,35339,59804,952.65,failed,online,2025-10-12,NO
3708,26528,60558,842.89,completed,online,2025-10-12,NO
4907,22181,66994,1385.82,failed,online,2025-10-12,NO
3900,46662,68554,121.21,failed,online,2025-10-12,NO
347,383,72557,8646.723284724147,failed,online,2025-10-12,NO
2566,4214,73582,578.66,completed,online,2025-10-12,NO
1982,11946,74466,1643.65,failed,online,2025-10-12,NO
2152,36026,76079,1143.73,failed,online,2025-10-12,NO
105,23492,76639,182.44,completed,online,2025-10-12,NO
1174,12392,78422,1047.17,failed,online,2025-10-12,NO
2821,37499,79755,128.92,failed,online,2025-10-12,NO
1,24431,85692,1858.43,failed,online,2025-10-12,NO
4071,36097,87136,436.09,completed,online,2025-10-12,NO
925,21919,87149,1392.54,completed,online,2025-10-12,NO
1762,22244,88808,658.34,completed,online,2025-10-12,NO
1356,9575,92122,758.07,completed,online,2025-10-12,NO
1,32846,94158,369.87,completed,online,2025-10-12,NO
1,41994,99691,1567.09,failed,online,2025-10-12,NO
1726,47195,100413,1438.97,failed,online,2025-10-12,NO
1274,2199,103368,1872.27,completed,online,2025-10-12,NO
1372,7920,104349,885.55,completed,online,2025-10-12,NO
2818,43576,104597,1783.94,completed,online,2025-10-12,NO
1,45804,105361,1058.18,completed,online,2025-10-12,NO
1,45476,105444,1886.17,failed,online,2025-10-12,NO
1,17078,106955,1674.09,failed,online,2025-10-12,NO
3484,26200,107299,1560.5,completed,online,2025-10-12,NO
1,18515,109026,1217.35,failed,online,2025-10-12,NO
3381,46530,110046,1829.28,failed,online,2025-10-12,NO
1,3698,112720,869.89,failed,online,2025-10-12,NO
4177,21319,115201,824.75,failed,online,2025-10-12,NO
2673,6295,116600,26.48,failed,online,2025-10-12,NO
2650,29565,116800,1911.22,failed,online,2025-10-12,NO
2342,15786,120797,614.97,completed,online,2025-10-12,NO
1174,35330,121845,96.23,completed,online,2025-10-12,NO
1,42685,125913,1297.83,failed,online,2025-10-12,NO
3415,6575,128077,579.15,failed,online,2025-10-12,NO
789,33502,128827,1959.92,failed,online,2025-10-12,NO
1085,23026,128832,1966.12,completed,online,2025-10-12,NO
4871,17560,130170,875.99,completed,online,2025-10-12,NO
1,39926,131800,1904.46,completed,online,2025-10-12,NO
1,18090,134025,1496.27,failed,online,2025-10-12,NO
1,43286,139175,1680.63,failed,online,2025-10-12,NO
1,48757,140626,9452.821952560102,completed,online,2025-10-12,NO
4836,33731,143107,355.99,failed,online,2025-10-12,NO
2059,5603,143413,1773.02,failed,UNKNOWN,2025-10-12,NO
1,1367,144005,875.93,completed,online,2025-10-12,NO
660,6849,145571,1275.82,completed,online,2025-10-12,NO
458,10688,147436,209.87,completed,online,2025-10-12,NO
4445,12501,147577,1148.09,completed,online,2025-10-12,NO
4311,22454,730,1084.59,failed,online,2025-09-01,NO
1599,38133,4954,1163.31,failed,online,2025-09-01,NO
160,42770,6368,348.73,completed,online,2025-09-01,NO
1517,6280,8735,833.03,completed,online,2025-09-01,NO
1,48452,9252,593.03,failed,online,2025-09-01,NO
4442,34812,12517,1459.22,completed,online,2025-09-01,NO
1,37357,12779,983.69,failed,online,2025-09-01,NO
1,4017,13593,415.31,completed,online,2025-09-01,NO
1,38242,14653,1973.51,completed,online,2025-09-01,NO
4818,33475,18714,1369.64,failed,online,2025-09-01,NO
1,22172,21791,188.25,completed,online,2025-09-01,NO
461,5888,24034,447.17,failed,online,2025-09-01,NO
1821,41421,25481,1099.95,completed,online,2025-09-01,NO
1,32180,27691,822.64,failed,online,2025-09-01,NO
1348,22784,31971,969.6,failed,online,2025-09-01,NO
1976,28311,32081,522.52,completed,online,2025-09-01,NO
654,5121,33171,1410.17,failed,online,2025-09-01,NO
1101,28772,35465,425.35,completed,online,2025-09-01,NO
1371,40492,36133,1486.26,failed,online,2025-09-01,NO
1,24197,36609,1965.24,failed,online,2025-09-01,NO
1638,1269,38190,974.84,completed,online,2025-09-01,NO
916,10433,41160,1301.29,failed,online,2025-09-01,NO
1,9738,41553,1070.5,completed,online,2025-09-01,NO
1033,28691,43024,434.19,completed,online,2025-09-01,NO
2057,9262,44567,1687.57,completed,online,2025-09-01,NO
2154,16628,46737,1405.89,failed,online,2025-09-01,NO
1636,22126,48723,147.37,completed,online,2025-09-01,NO
3705,10163,49300,1479.8,completed,online,2025-09-01,NO
1,17727,51164,703.55,completed,online,2025-09-01,NO
1,31334,54193,16.37,completed,online,2025-09-01,NO
309,15236,58194,418.25,failed,online,2025-09-01,NO
2265,39645,60002,166.32,failed,online,2025-09-01,NO
4065,23012,66052,1685.79,failed,online,2025-09-01,NO
1,39270,70389,1773.12,failed,online,2025-09-01,NO
118,13419,71725,254.85,completed,online,2025-09-01,NO
4182,7964,72929,439.04,completed,online,2025-09-01,NO
1,28432,73222,614.46,completed,online,2025-09-01,NO
4345,42783,74270,1281.01,failed,online,2025-09-01,NO
2120,43508,74763,1899.71,failed,online,2025-09-01,NO
1,38388,76866,985.53,completed,online,2025-09-01,NO
3683,25540,78641,1231.47,completed,online,2025-09-01,NO
1,39312,79869,419.36,completed,online,2025-09-01,NO
3083,33895,80769,1010.61,completed,online,2025-09-01,NO
4567,11614,82234,1348.34,failed,online,2025-09-01,NO
4600,33353,83038,116.16,completed,online,2025-09-01,NO
4561,41597,86858,900.34,completed,online,2025-09-01,NO
3710,28836,87938,159.14,completed,online,2025-09-01,NO
4155,4592,88654,538.02,completed,online,2025-09-01,NO
2332,31137,94418,476.13,failed,online,2025-09-01,NO
4609,16775,95837,1451.32,failed,online,2025-09-01,NO
3820,16762,99301,292.3,failed,online,2025-09-01,NO
1038,25516,100766,77.93,completed,online,2025-09-01,NO
789,49111,101321,826.56,completed,online,2025-09-01,NO
1810,40152,101369,890.22,completed,online,2025-09-01,NO
228,9746,101841,1149.22,failed,online,2025-09-01,NO
1994,2762,102732,1408.45,completed,online,2025-09-01,NO
1,6135,103802,1571.12,completed,online,2025-09-01,NO
1611,44052,104341,1572.13,completed,online,2025-09-01,NO
3221,646,106649,1751.38,failed,UNKNOWN,2025-09-01,NO
1,45906,108111,482.17,completed,online,2025-09-01,NO
372,28198,108687,1340.12,failed,online,2025-09-01,NO
1608,12954,117997,1535.02,failed,online,2025-09-01,NO
3203,21331,123859,1581.51,completed,online,2025-09-01,NO
1,17580,124476,1470.8,completed,online,2025-09-01,NO
3573,23297,125138,206.35,completed,online,2025-09-01,NO
4495,31276,128719,1798.47,completed,online,2025-09-01,NO
3144,31709,132617,668.28,completed,online,2025-09-01,NO
2635,46305,136056,1503.61,failed,online,2025-09-01,NO
3638,25104,137054,1309.64,completed,online,2025-09-01,NO
4152,20038,138385,1478.33,completed,online,2025-09-01,NO
1103,40747,139490,527.01,completed,online,2025-09-01,NO
2799,4870,141865,936.44,failed,online,2025-09-01,NO
3172,41386,142842,649.57,completed,online,2025-09-01,NO
1,48664,143073,654.01,completed,online,2025-09-01,NO
162,6576,143876,275.1,failed,online,2025-09-01,NO
545,34137,144050,447.62,failed,online,2025-09-01,NO
3428,27168,145275,1714.01,failed,online,2025-09-01,NO
4368,31855,1287,129.03,completed,online,2025-04-21,NO
3402,21153,2688,353.13,completed,online,2025-04-21,NO
389,16464,7095,1472.89,failed,online,2025-04-21,NO
4659,10035,11224,948.26,failed,online,2025-04-21,NO
3023,5949,14305,151.93,completed,online,2025-04-21,NO
851,22137,22583,622.85,failed,online,2025-04-21,NO
3242,34328,25018,227.7,completed,online,2025-04-21,NO
3526,19641,25398,391.03,failed,online,2025-04-21,NO
1,314,26568,854.42,completed,online,2025-04-21,NO
3944,25436,26628,97.3,completed,online,2025-04-21,NO
3733,11599,29396,1241.05,completed,online,2025-04-21,NO
3685,1913,29580,735.21,completed,online,2025-04-21,NO
3608,3337,30420,773.92,failed,online,2025-04-21,NO
2431,42925,30432,1980.2,failed,online,2025-04-21,NO
1,27848,31223,1908.1,failed,online,2025-04-21,NO
2303,8362,35807,1211.69,completed,online,2025-04-21,NO
414,20934,36967,766.56,completed,online,2025-04-21,NO
2659,29320,37799,346.56,completed,online,2025-04-21,NO
1742,12639,38703,953.91,completed,online,2025-04-21,NO
463,35408,39076,899.51,failed,online,2025-04-21,NO
2228,9375,43870,556.85,completed,online,2025-04-21,NO
615,46268,46619,1743.03,completed,online,2025-04-21,NO
1,3457,47839,1001.2,failed,online,2025-04-21,NO
1637,34025,51356,246.75,failed,online,2025-04-21,NO
3557,42998,54607,654.35,failed,online,2025-04-21,NO
4940,3672,55474,1190.78,failed,online,2025-04-21,NO
897,25980,56546,694.25,failed,online,2025-04-21,NO
4351,40487,60442,1580.62,completed,online,2025-04-21,NO
2108,38467,63166,1646.61,failed,online,2025-04-21,NO
3283,36386,66444,731.73,completed,online,2025-04-21,NO
1904,49990,66955,1363.37,completed,online,2025-04-21,NO
2064,2436,68714,322.73,failed,online,2025-04-21,NO
1048,10552,68827,9675.437419834798,failed,online,2025-04-21,NO
1,29847,69257,391.87,failed,online,2025-04-21,NO
4495,37352,72171,565.72,failed,online,2025-04-21,NO
3326,34648,72503,1898.66,failed,online,2025-04-21,NO
1,19821,73067,1869.76,failed,online,2025-04-21,NO
1,9241,74610,648.69,completed,online,2025-04-21,NO
4856,28184,75201,737.29,completed,online,2025-04-21,NO
1,21277,76137,576.81,completed,online,2025-04-21,NO
3592,35152,76308,1178.96,completed,online,2025-04-21,NO
2921,32220,79743,1897.92,completed,online,2025-04-21,NO
1698,31022,80430,1013.54,completed,online,2025-04-21,NO
2121,14511,82196,636.55,failed,online,2025-04-21,NO
1443,37062,84044,197.51,failed,online,2025-04-21,NO
283,1150,84225,1093.69,failed,online,2025-04-21,NO
4384,28499,86738,1431.73,completed,online,2025-04-21,NO
112,15787,89378,1377.55,failed,online,2025-04-21,NO
1,18679,91006,917.02,failed,online,2025-04-21,NO
2479,8780,91030,1225.29,completed,online,2025-04-21,NO
1062,34133,93317,412.55,failed,online,2025-04-21,NO
1808,13459,93496,747.99,completed,online,2025-04-21,NO
1502,43803,95932,1787.08,completed,online,2025-04-21,NO
4103,13831,101313,998.6,completed,online,2025-04-21,NO
4799,34092,106954,496.72,failed,online,2025-04-21,NO
1,3212,107020,452.27,failed,online,2025-04-21,NO
1412,2873,107103,1651.71,failed,online,2025-04-21,NO
3291,11181,111250,1689.25,completed,online,2025-04-21,NO
1950,3329,113728,220.7,completed,online,2025-04-21,NO
2640,43081,115161,484.54,failed,online,2025-04-21,NO
4304,13864,123227,1503.35,failed,online,2025-04-21,NO
1,15210,126299,1189.15,completed,online,2025-04-21,NO
1,41673,126694,1137.0,failed,online,2025-04-21,NO
3847,49248,127370,287.15,completed,online,2025-04-21,NO
405,1689,129177,1856.87,completed,online,2025-04-21,NO
2676,28261,129460,1152.96,completed,online,2025-04-21,NO
2673,22751,132699,1350.85,completed,UNKNOWN,2025-04-21,NO
2487,16492,135344,238.97,failed,online,2025-04-21,NO
339,39060,136038,206.99,failed,online,2025-04-21,NO
583,2895,139911,955.2,completed,online,2025-04-21,NO
3702,42167,141064,1469.18,completed,online,2025-04-21,NO
4053,19135,141628,547.65,failed,online,2025-04-21,NO
2109,37731,142607,171.39,completed,online,2025-04-21,NO
3934,41957,144898,1401.05,completed,online,2025-04-21,NO
1,35452,145785,1197.67,failed,online,2025-04-21,NO
1,9980,147021,518.93,failed,online,2025-04-21,NO
1,5635,149304,789.03,completed,UNKNOWN,2025-04-21,NO
1589,29962,1269,30.48,failed,online,2025-04-05,NO
3513,18161,3425,1398.41,failed,online,2025-04-05,NO
227,31046,3922,1122.65,completed,online,2025-04-05,NO
1,40811,4177,1815.83,failed,online,2025-04-05,NO
1455,11903,5457,257.31,failed,online,2025-04-05,NO
3333,47918,6394,360.14,failed,online,2025-04-05,NO
4592,39302,6863,1145.06,failed,online,2025-04-05,NO
3095,21605,9081,229.86,completed,online,2025-04-05,NO
3434,1603,9488,1000.08,failed,online,2025-04-05,NO
658,12506,10529,64.5,failed,online,2025-04-05,NO
1,40290,13125,850.36,failed,online,2025-04-05,NO
422,17012,13406,915.11,completed,online,2025-04-05,NO
1802,17480,14117,201.99,completed,online,2025-04-05,NO
4532,16500,14660,650.89,failed,online,2025-04-05,NO
1012,23506,15254,1248.52,failed,online,2025-04-05,NO
1698,46107,16175,1976.48,failed,online,2025-04-05,NO
2373,6467,21467,1463.15,failed,online,2025-04-05,NO
130,19015,21508,392.76,failed,online,2025-04-05,NO
671,18738,22215,11.38,completed,online,2025-04-05,NO
1,19897,25837,1007.43,completed,online,2025-04-05,NO
978,25797,30472,1590.55,completed,online,2025-04-05,NO
1911,30792,31456,1808.91,completed,online,2025-04-05,NO
1,10115,32826,651.1,completed,online,2025-04-05,NO
2809,827,36905,1802.37,failed,online,2025-04-05,NO
3890,33372,39143,786.28,failed,online,2025-04-05,NO
795,42351,44232,1206.96,completed,online,2025-04-05,NO
1342,24220,48332,1836.88,failed,online,2025-04-05,NO
1,49135,54297,1525.19,failed,online,2025-04-05,NO
4713,10197,58936,1669.96,completed,online,2025-04-05,NO
3044,24818,59166,49.1,completed,online,2025-04-05,NO
797,45606,63546,1910.0,completed,online,2025-04-05,NO
3188,37180,65932,1805.69,failed,online,2025-04-05,NO
3113,23004,66800,1409.33,completed,online,2025-04-05,NO
3460,17259,67295,229.65,failed,online,2025-04-05,NO
3580,3499,73464,699.92,failed,online,2025-04-05,NO
3830,18456,74274,447.54,failed,online,2025-04-05,NO
1705,2416,74428,1412.28,completed,online,2025-04-05,NO
3675,5462,74738,1230.06,failed,online,2025-04-05,NO
2673,8165,75902,1642.55,failed,online,2025-04-05,NO
524,19969,80191,548.14,failed,online,2025-04-05,NO
2945,11326,83951,1467.38,completed,online,2025-04-05,NO
4444,42956,85061,433.03,failed,UNKNOWN,2025-04-05,NO
1,6996,86338,287.81,failed,online,2025-04-05,NO
1,4791,86609,180.77,completed,online,2025-04-05,NO
1,14565,88965,583.85,completed,online,2025-04-05,NO
1,11577,91808,127.05,completed,online,2025-04-05,NO
3279,22376,91819,1945.04,completed,online,2025-04-05,NO
24,17344,92834,469.72,completed,online,2025-04-05,NO
80,42864,94721,1417.79,completed,online,2025-04-05,NO
18,4053,95365,1693.24,failed,online,2025-04-05,NO
1538,4985,96200,341.16,failed,online,2025-04-05,NO
1761,11123,101948,1102.63,failed,online,2025-04-05,NO
3911,40242,102171,109.63,failed,online,2025-04-05,NO
2633,43965,103908,1119.37,completed,online,2025-04-05,NO
735,3509,105442,254.14,failed,online,2025-04-05,NO
4574,49153,107722,1818.03,completed,online,2025-04-05,NO
2863,34770,109615,1721.75,completed,online,2025-04-05,NO
1,48168,110290,89.8,completed,online,2025-04-05,NO
4633,27501,111664,26.48,completed,online,2025-04-05,NO
1,36675,112327,96.14,failed,online,2025-04-05,NO
1277,35223,112782,1515.8,completed,online,2025-04-05,NO
4683,2111,114266,272.83,failed,online,2025-04-05,NO
4906,22645,118202,497.9,completed,online,2025-04-05,NO
4287,32823,120404,1058.57,failed,online,2025-04-05,NO
4681,10918,121307,1117.85,completed,online,2025-04-05,NO
4302,19680,122555,998.58,failed,online,2025-04-05,NO
3712,23669,123748,237.52,failed,online,2025-04-05,NO
2268,42590,126122,1688.46,completed,online,2025-04-05,NO
1,38706,132203,345.3,failed,online,2025-04-05,NO
1552,43271,132453,635.53,failed,online,2025-04-05,NO
4997,42942,137274,1632.45,failed,online,2025-04-05,NO
628,5835,137702,626.06,failed,online,2025-04-05,NO
1,25087,138561,1258.94,failed,online,2025-04-05,NO
4168,32461,138703,1651.3,failed,online,2025-04-05,NO
3515,31328,144619,487.06,failed,online,2025-04-05,NO
1,15965,145074,1482.02,completed,online,2025-04-05,NO
1,34788,148730,1283.71,completed,online,2025-04-05,NO
664,44875,149617,11.12,failed,online,2025-04-05,NO
1,33495,2922,355.39,completed,online,2025-12-27,NO
619,9114,3787,1630.05,failed,online,2025-12-27,NO
4391,65,4755,980.76,completed,online,2025-12-27,NO
1403,44154,6494,653.73,completed,online,2025-12-27,NO
1780,13710,6587,196.16,failed,online,2025-12-27,NO
2830,32627,8704,809.39,completed,online,2025-12-27,NO
4652,34721,16451,1041.44,completed,online,2025-12-27,NO
3209,30233,19460,1743.16,completed,online,2025-12-27,NO
3203,11422,20023,280.69,completed,online,2025-12-27,NO
4529,3278,27841,1460.85,failed,online,2025-12-27,NO
2340,33996,28419,582.78,completed,online,2025-12-27,NO
1481,45336,34811,143.01,completed,online,2025-12-27,NO
1012,41938,36444,82.0,failed,online,2025-12-27,NO
4639,17284,36796,57.5,failed,online,2025-12-27,NO
370,42524,37559,1994.09,completed,online,2025-12-27,NO
4961,14971,39236,607.52,completed,online,2025-12-27,NO
1383,35483,40415,130.09,failed,online,2025-12-27,NO
1858,15904,42667,936.65,completed,online,2025-12-27,NO
3186,923,44754,1336.08,completed,online,2025-12-27,NO
4373,17044,45231,1968.97,failed,online,2025-12-27,NO
529,27482,45959,1949.22,completed,online,2025-12-27,NO
468,11204,48170,677.43,failed,online,2025-12-27,NO
1,46334,48506,1181.7,failed,online,2025-12-27,NO
2498,40011,51057,1475.94,failed,online,2025-12-27,NO
374,11896,51990,630.12,completed,online,2025-12-27,NO
1455,7597,56863,1603.47,completed,online,2025-12-27,NO
1,46732,57780,7995.7811024848,completed,online,2025-12-27,NO
760,36096,58598,524.74,completed,online,2025-12-27,NO
1746,39142,58975,439.47,failed,online,2025-12-27,NO
3778,3477,67249,1542.1,completed,online,2025-12-27,NO
1,36638,67657,1417.14,failed,online,2025-12-27,NO
257,43097,67948,1759.13,completed,online,2025-12-27,NO
4895,7348,69096,768.91,failed,online,2025-12-27,NO
3346,3120,71019,1082.13,completed,online,2025-12-27,NO
1,32926,72414,890.4,completed,online,2025-12-27,NO
112,7484,75609,978.0,failed,UNKNOWN,2025-12-27,NO
2084,16573,76444,1416.08,failed,online,2025-12-27,NO
3064,33522,76524,154.97,completed,online,2025-12-27,NO
3681,8772,79469,1059.34,failed,online,2025-12-27,NO
1653,5139,81344,982.62,failed,online,2025-12-27,NO
1,45074,81705,1482.73,failed,online,2025-12-27,NO
3438,43513,82553,225.31,completed,online,2025-12-27,NO
1,32371,85150,1814.38,completed,online,2025-12-27,NO
843,27099,85808,351.71,failed,online,2025-12-27,NO
3818,30783,88117,282.26,failed,online,2025-12-27,NO
2579,15338,88286,1319.21,completed,online,2025-12-27,NO
1,6616,89308,1487.16,failed,online,2025-12-27,NO
1843,12694,89808,1375.82,failed,online,2025-12-27,NO
484,49850,91118,1423.25,completed,online,2025-12-27,NO
1548,38523,94395,1347.59,completed,online,2025-12-27,NO
4015,893,95777,1883.98,completed,online,2025-12-27,NO
2426,36244,97826,1840.76,completed,online,2025-12-27,NO
2146,17449,97948,1550.68,completed,online,2025-12-27,NO
823,27563,102611,29.47,failed,online,2025-12-27,NO
2447,18781,102666,297.39,failed,online,2025-12-27,NO
1089,40032,102940,1669.57,failed,online,2025-12-27,NO
1,35422,104467,784.59,failed,online,2025-12-27,NO
4819,16762,104565,558.27,failed,online,2025-12-27,NO
3275,41927,105524,1975.05,failed,online,2025-12-27,NO
1,1644,108736,1558.84,completed,online,2025-12-27,NO
4983,14720,110376,218.03,failed,online,2025-12-27,NO
3569,24865,112127,713.99,completed,online,2025-12-27,NO
4665,16519,112980,984.55,completed,online,2025-12-27,NO
3922,38398,115801,1826.12,failed,online,2025-12-27,NO
1,41476,116363,1999.61,completed,online,2025-12-27,NO
990,48789,117216,205.14,completed,UNKNOWN,2025-12-27,NO
3560,24580,117444,1234.35,failed,online,2025-12-27,NO
1276,5019,118168,275.47,completed,online,2025-12-27,NO
2978,38493,122302,122.38,completed,online,2025-12-27,NO
4526,395,122308,1908.81,failed,online,2025-12-27,NO
1711,732,127713,575.18,failed,online,2025-12-27,NO
4147,953,130713,998.03,failed,online,2025-12-27,NO
4780,7264,131608,239.31,completed,online,2025-12-27,NO
752,32577,139766,339.55,failed,online,2025-12-27,NO
1559,8559,141518,1703.4,failed,online,2025-12-27,NO
1,7978,142891,1785.69,completed,online,2025-12-27,NO
625,30456,144490,843.03,completed,online,2025-12-27,NO
4127,43312,55,1626.06,failed,online,2025-02-26,NO
3221,39553,439,1107.8,failed,online,2025-02-26,NO
125,45671,742,1799.15,failed,online,2025-02-26,NO
2836,49144,1791,482.77,completed,online,2025-02-26,NO
3562,6795,3900,228.79,failed,online,2025-02-26,NO
4079,33746,18459,1048.02,completed,online,2025-02-26,NO
1849,3773,24410,312.73,completed,online,2025-02-26,NO
4453,37591,26504,1779.85,failed,online,2025-02-26,NO
2430,48399,26935,1833.01,completed,online,2025-02-26,NO
666,11318,30176,800.32,completed,online,2025-02-26,NO
3096,15246,30652,1643.17,completed,online,2025-02-26,NO
1725,31417,30853,1944.27,completed,online,2025-02-26,NO
1,42969,31949,1111.57,failed,online,2025-02-26,NO
1,639,32957,748.56,completed,online,2025-02-26,NO
4110,6820,34496,473.67,completed,online,2025-02-26,NO
3239,47232,35093,1112.93,completed,online,2025-02-26,NO
921,24339,35666,101.62,completed,online,2025-02-26,NO
842,1784,38859,1951.22,failed,online,2025-02-26,NO
803,7956,39013,687.5,completed,UNKNOWN,2025-02-26,NO
3594,42803,39725,1057.1,completed,online,2025-02-26,NO
279,29808,46434,1536.19,failed,online,2025-02-26,NO
3991,29330,46898,284.06,failed,online,2025-02-26,NO
3125,8258,47341,1483.38,failed,online,2025-02-26,NO
4742,23552,47811,500.01,failed,online,2025-02-26,NO
1,10337,48926,1384.91,failed,online,2025-02-26,NO
837,49454,49694,1240.75,completed,online,2025-02-26,NO
997,11390,54155,1206.86,failed,online,2025-02-26,NO
3001,46622,54354,859.13,failed,online,2025-02-26,NO
4050,45502,54743,863.46,failed,online,2025-02-26,NO
1,12976,55297,600.77,completed,online,2025-02-26,NO
2206,49285,58246,1153.2,completed,online,2025-02-26,NO
1,14716,60061,1138.28,failed,online,2025-02-26,NO
3782,42694,62875,1664.91,failed,online,2025-02-26,NO
3064,38784,62878,1313.44,failed,online,2025-02-26,NO
1,24458,62898,1413.46,completed,online,2025-02-26,NO
1,14494,67693,264.52,failed,online,2025-02-26,NO
2339,41827,68256,1195.09,completed,online,2025-02-26,NO
1,11,71035,807.68,failed,online,2025-02-26,NO
4439,12539,71438,55.15,completed,online,2025-02-26,NO
633,12028,72440,1337.07,completed,online,2025-02-26,NO
4147,29425,75414,728.63,failed,online,2025-02-26,NO
1504,17326,78554,1285.98,failed,online,2025-02-26,NO
1158,4720,82915,1200.05,failed,online,2025-02-26,NO
4641,48719,83862,174.26,completed,online,2025-02-26,NO
3819,18724,84885,442.55,completed,online,2025-02-26,NO
3701,33891,85070,1356.01,completed,online,2025-02-26,NO
3089,4866,85847,581.32,completed,online,2025-02-26,NO
1,47936,86027,900.96,failed,online,2025-02-26,NO
3621,22455,88448,1169.92,completed,online,2025-02-26,NO
2399,5979,89968,1474.02,completed,online,2025-02-26,NO
1,43874,90005,248.96,failed,online,2025-02-26,NO
4877,25676,91191,605.63,completed,online,2025-02-26,NO
1142,37173,91586,269.57,completed,online,2025-02-26,NO
2344,47424,93205,1492.42,failed,online,2025-02-26,NO
1243,10813,93821,841.28,completed,online,2025-02-26,NO
2186,15656,94900,108.24,failed,online,2025-02-26,NO
1,15805,99768,1339.12,failed,online,2025-02-26,NO
369,17129,100433,1774.55,completed,online,2025-02-26,NO
2322,31076,102062,713.52,completed,online,2025-02-26,NO
4668,36739,103788,1998.62,completed,online,2025-02-26,NO
348,49787,107862,302.6,failed,online,2025-02-26,NO
2321,15702,109286,1895.94,completed,online,2025-02-26,NO
2484,31959,110982,1098.23,failed,online,2025-02-26,NO
2253,1492,110993,505.79,completed,online,2025-02-26,NO
1,11480,128368,1880.62,failed,online,2025-02-26,NO
1945,7391,129865,517.52,completed,online,2025-02-26,NO
1096,36160,130282,896.15,failed,online,2025-02-26,NO
1,15023,131066,947.19,completed,online,2025-02-26,NO
1590,38204,132794,1684.31,completed,online,2025-02-26,NO
1964,7779,137365,963.53,failed,online,2025-02-26,NO
1,22282,137541,6875.01383342941,completed,online,2025-02-26,NO
1806,25017,137792,148.97,failed,online,2025-02-26,NO
2862,42127,139919,579.4,completed,online,2025-02-26,NO
3523,48787,144639,246.99,failed,online,2025-02-26,NO
1,28997,145104,365.83,failed,online,2025-02-26,NO
2127,37022,147496,217.49,completed,online,2025-02-26,NO
1,48364,148523,1244.89,completed,online,2025-02-26,NO
2391,49855,547,1819.97,completed,online,2025-11-19,NO
823,24186,5548,750.04,completed,online,2025-11-19,NO
2986,41545,7292,701.29,completed,online,2025-11-19,NO
2749,28956,7773,1347.14,failed,online,2025-11-19,NO
4036,11095,9582,597.69,completed,online,2025-11-19,NO
1,18018,11706,417.07,completed,online,2025-11-19,NO
2322,7375,13091,331.64,failed,online,2025-11-19,NO
692,16182,14582,894.02,failed,online,2025-11-19,NO
1,1482,17595,405.99,failed,online,2025-11-19,NO
4904,40884,18223,323.05,failed,online,2025-11-19,NO
1,27298,20261,1654.93,failed,online,2025-11-19,NO
85,21365,21824,1864.83,failed,online,2025-11-19,NO
4599,31380,24839,86.03,completed,online,2025-11-19,NO
1302,36370,26611,300.51,failed,online,2025-11-19,NO
768,14002,31296,869.69,failed,online,2025-11-19,NO
1,44111,33376,1021.12,failed,online,2025-11-19,NO
1,12254,33721,1205.5,completed,online,2025-11-19,NO
4038,14482,35548,876.04,completed,online,2025-11-19,NO
1,26211,37305,1393.07,completed,online,2025-11-19,NO
1,42118,37753,1260.3,completed,online,2025-11-19,NO
2802,7856,39338,1060.41,completed,online,2025-11-19,NO
1992,38978,41314,807.46,failed,online,2025-11-19,NO
2858,35461,41421,1576.56,completed,online,2025-11-19,NO
3071,47584,43613,226.81,failed,online,2025-11-19,NO
3420,22710,45598,1552.63,failed,online,2025-11-19,NO
1,23862,47011,427.12,failed,online,2025-11-19,NO
1,31542,49363,1105.02,failed,online,2025-11-19,NO
412,49829,50321,1195.54,completed,online,2025-11-19,NO
1,36346,50429,1456.36,failed,online,2025-11-19,NO
3327,35528,51488,98.88,completed,online,2025-11-19,NO
2731,40404,51913,634.38,completed,online,2025-11-19,NO
4620,10721,52639,1913.05,completed,online,2025-11-19,NO
1379,20248,52924,1724.38,failed,online,2025-11-19,NO
4577,37197,57423,801.47,completed,online,2025-11-19,NO
1,34872,59048,917.94,completed,online,2025-11-19,NO
318,43691,62206,1822.77,failed,online,2025-11-19,NO
123,42954,62852,1888.11,completed,online,2025-11-19,NO
4014,38437,63692,251.54,completed,online,2025-11-19,NO
2327,43551,65195,1620.47,failed,online,2025-11-19,NO
1445,4100,67935,1020.17,completed,online,2025-11-19,NO
1206,15680,68260,1548.72,completed,online,2025-11-19,NO
1,42261,68740,1477.88,completed,online,2025-11-19,NO
1,28175,68748,1512.43,failed,online,2025-11-19,NO
4251,16702,72095,1770.52,completed,online,2025-11-19,NO
1,41903,73268,383.33,failed,online,2025-11-19,NO
1,7871,73459,1397.87,failed,online,2025-11-19,NO
1,45342,75550,845.36,failed,online,2025-11-19,NO
1,8787,77176,67.59,failed,online,2025-11-19,NO
4316,13284,79241,632.25,completed,online,2025-11-19,NO
1466,31737,81746,1021.81,failed,online,2025-11-19,NO
2120,16765,83961,178.44,completed,online,2025-11-19,NO
606,16065,84591,1088.25,completed,online,2025-11-19,NO
4885,23535,86900,1792.2,completed,online,2025-11-19,NO
987,30837,89358,1050.9,completed,online,2025-11-19,NO
380,48739,93718,297.16,completed,online,2025-11-19,NO
4498,24208,95708,88.4,failed,online,2025-11-19,NO
4837,17437,98310,422.96,completed,online,2025-11-19,NO
1,21668,100086,497.5,completed,online,2025-11-19,NO
2808,13297,105010,199.17,failed,online,2025-11-19,NO
4823,18699,107367,9864.582256371148,failed,online,2025-11-19,NO
417,216,107667,1039.21,failed,online,2025-11-19,NO
3041,32431,112275,1920.88,failed,online,2025-11-19,NO
3803,6099,119516,1003.63,completed,online,2025-11-19,NO
1671,899,125436,1105.52,failed,online,2025-11-19,NO
4283,35132,125671,1938.01,completed,online,2025-11-19,NO
293,41338,128284,1872.42,failed,online,2025-11-19,NO
1,40506,129945,1648.9,completed,online,2025-11-19,NO
3814,33903,130017,1717.51,completed,online,2025-11-19,NO
2430,44428,130577,1891.65,failed,online,2025-11-19,NO
4515,32048,130922,1393.03,completed,online,2025-11-19,NO
4366,40972,133737,1140.14,completed,online,2025-11-19,NO
1,16374,135798,1473.95,completed,online,2025-11-19,NO
2461,40636,138697,421.96,failed,online,2025-11-19,NO
2899,40440,140955,1835.86,completed,online,2025-11-19,NO
3089,4357,145997,932.81,completed,online,2025-11-19,NO
3267,25557,148203,1828.92,completed,online,2025-11-19,NO
560,46422,149896,544.61,completed,online,2025-11-19,NO
60,5701,2389,56.97,failed,online,2025-10-24,NO
1,32401,8668,1178.87,completed,online,2025-10-24,NO
2846,18253,12872,1273.13,completed,online,2025-10-24,NO
1626,25568,12874,61.27,completed,online,2025-10-24,NO
4543,25548,14398,11.68,completed,online,2025-10-24,NO
2616,14709,14480,1781.54,completed,online,2025-10-24,NO
3878,12854,14857,1816.48,completed,online,2025-10-24,NO
805,44911,15320,1087.4,completed,online,2025-10-24,NO
4218,26223,17426,327.34,completed,online,2025-10-24,NO
2415,27989,20273,697.24,completed,online,2025-10-24,NO
4105,17705,23372,9773.52255050986,completed,online,2025-10-24,NO
1920,48344,23929,918.23,failed,online,2025-10-24,NO
1156,24176,24422,547.51,failed,online,2025-10-24,NO
1629,17493,29794,769.02,failed,online,2025-10-24,NO
2899,40228,29851,509.16,completed,online,2025-10-24,NO
667,17465,33155,435.21,completed,UNKNOWN,2025-10-24,NO
2770,13104,33920,1301.51,failed,online,2025-10-24,NO
4498,30021,34667,731.37,failed,online,2025-10-24,NO
2380,32681,36244,1059.94,failed,online,2025-10-24,NO
1659,30412,36479,1827.18,completed,online,2025-10-24,NO
3925,48368,37629,792.38,completed,online,2025-10-24,NO
725,43720,40935,909.71,failed,online,2025-10-24,NO
705,37904,42914,1917.65,completed,online,2025-10-24,NO
1,21635,43063,1933.18,completed,online,2025-10-24,NO
1,35373,43161,307.66,failed,UNKNOWN,2025-10-24,NO
2744,11101,50127,676.4,completed,online,2025-10-24,NO
3531,20969,50870,1921.55,failed,online,2025-10-24,NO
1,49372,52668,1707.71,completed,online,2025-10-24,NO
1648,38343,53124,812.48,failed,online,2025-10-24,NO
1,47805,56027,1698.01,completed,online,2025-10-24,NO
4901,43976,56521,1326.23,completed,online,2025-10-24,NO
363,7108,56901,64.23,failed,online,2025-10-24,NO
2032,28845,58152,1203.45,completed,online,2025-10-24,NO
3951,49253,60282,1957.46,completed,online,2025-10-24,NO
2925,12990,61999,668.61,completed,UNKNOWN,2025-10-24,NO
4665,37229,63065,227.52,failed,online,2025-10-24,NO
4900,32871,63532,1735.36,completed,online,2025-10-24,NO
1,13785,64425,540.12,completed,online,2025-10-24,NO
2168,5817,64717,761.25,completed,online,2025-10-24,NO
2450,19646,64746,97.94,completed,online,2025-10-24,NO
1297,28153,68226,532.57,failed,online,2025-10-24,NO
1654,31497,68339,209.11,completed,online,2025-10-24,NO
1,4385,69405,1337.96,completed,online,2025-10-24,NO
1,37046,76099,1039.8,completed,online,2025-10-24,NO
1517,9307,80474,253.73,completed,online,2025-10-24,NO
2010,3328,80487,81.17,completed,online,2025-10-24,NO
137,3597,80582,1470.44,completed,online,2025-10-24,NO
2332,29408,81996,1128.68,completed,online,2025-10-24,NO
4740,12946,83362,1448.78,completed,online,2025-10-24,NO
2742,26224,85222,23.07,completed,online,2025-10-24,NO
4040,42427,86113,615.8,failed,online,2025-10-24,NO
1,14296,88594,68.93,failed,online,2025-10-24,NO
4755,40250,93396,1993.58,failed,online,2025-10-24,NO
1,5093,94885,927.87,completed,online,2025-10-24,NO
1219,35654,95369,251.2,completed,online,2025-10-24,NO
4650,16907,95372,1757.64,completed,online,2025-10-24,NO
1969,5392,99575,1832.8,failed,online,2025-10-24,NO
2677,17251,101063,1971.27,completed,online,2025-10-24,NO
3256,30372,102464,131.14,completed,online,2025-10-24,NO
2652,6530,105121,751.22,failed,online,2025-10-24,NO
2309,22331,105372,622.24,failed,UNKNOWN,2025-10-24,NO
1507,24604,111741,1020.5,completed,online,2025-10-24,NO
1438,22032,113529,1388.72,completed,online,2025-10-24,NO
1,48020,114009,163.46,failed,online,2025-10-24,NO
1443,17600,116293,297.32,completed,online,2025-10-24,NO
2075,16692,119072,1139.71,failed,online,2025-10-24,NO
1238,9456,119854,67.97,completed,online,2025-10-24,NO
1,35831,123651,1853.57,completed,online,2025-10-24,NO
110,10300,124142,554.44,completed,online,2025-10-24,NO
2561,8159,128647,437.25,failed,online,2025-10-24,NO
1200,49025,132423,1049.34,failed,online,2025-10-24,NO
1,31009,134409,1057.56,completed,online,2025-10-24,NO
1779,27559,137043,643.04,failed,online,2025-10-24,NO
3140,2679,139581,1045.52,completed,online,2025-10-24,NO
440,34431,142332,1970.43,completed,online,2025-10-24,NO
4105,29493,143245,1888.33,failed,online,2025-10-24,NO
26,30330,841,1821.13,failed,online,2025-01-22,NO
4946,48959,1018,1883.21,failed,online,2025-01-22,NO
4453,33591,4046,409.6,failed,online,2025-01-22,NO
2044,31737,4188,65.57,completed,online,2025-01-22,NO
2025,35853,6680,915.85,failed,online,2025-01-22,NO
3339,17416,7598,408.45,failed,online,2025-01-22,NO
1389,16439,8726,7385.205355120455,completed,online,2025-01-22,NO
1,2627,11195,934.58,failed,online,2025-01-22,NO
960,4043,11746,401.84,completed,online,2025-01-22,NO
2249,13118,11798,13.9,failed,online,2025-01-22,NO
1462,38925,14221,724.0,completed,online,2025-01-22,NO
4553,29244,19387,318.8,failed,online,2025-01-22,NO
2843,43221,23612,735.38,completed,online,2025-01-22,NO
4761,24476,23897,253.68,completed,online,2025-01-22,NO
237,5430,25648,174.5,failed,online,2025-01-22,NO
1,47609,26287,313.62,completed,online,2025-01-22,NO
3452,5166,26592,1363.47,failed,online,2025-01-22,NO
4473,10177,36414,1615.75,failed,online,2025-01-22,NO
374,14116,36474,1363.01,completed,online,2025-01-22,NO
1,1071,38740,916.81,completed,online,2025-01-22,NO
1,6708,40878,1765.41,failed,online,2025-01-22,NO
1909,4915,41921,76.08,completed,UNKNOWN,2025-01-22,NO
347,28412,45039,1217.82,failed,online,2025-01-22,NO
1,20576,45446,851.78,completed,online,2025-01-22,NO
1,19977,46200,949.88,failed,online,2025-01-22,NO
322,6623,46682,1587.55,completed,online,2025-01-22,NO
1,31864,49551,402.1,completed,online,2025-01-22,NO
2674,22121,54848,1494.86,completed,online,2025-01-22,NO
3126,37297,55524,374.75,failed,online,2025-01-22,NO
729,23260,61315,1244.28,completed,UNKNOWN,2025-01-22,NO
1,29727,63672,844.75,completed,online,2025-01-22,NO
1409,44526,66970,349.35,failed,online,2025-01-22,NO
1872,24112,74013,289.25,completed,UNKNOWN,2025-01-22,NO
3070,45256,74929,1845.57,completed,online,2025-01-22,NO
1669,47459,76232,929.79,completed,online,2025-01-22,NO
3560,40074,80466,736.49,completed,online,2025-01-22,NO
721,5496,80583,254.4,failed,online,2025-01-22,NO
1871,41612,80936,411.18,failed,online,2025-01-22,NO
1,20830,81917,77.42,failed,online,2025-01-22,NO
4239,1415,83678,1460.59,failed,online,2025-01-22,NO
936,35410,88825,264.91,failed,online,2025-01-22,NO
2227,43145,92150,1834.93,completed,online,2025-01-22,NO
4005,11652,93292,1213.15,failed,online,2025-01-22,NO
1246,41414,102958,646.57,failed,online,2025-01-22,NO
4457,10822,104671,1385.52,failed,online,2025-01-22,NO
4881,32155,108945,141.32,failed,online,2025-01-22,NO
3787,23408,108961,1193.12,completed,UNKNOWN,2025-01-22,NO
3931,41470,109424,1087.52,failed,online,2025-01-22,NO
4767,1729,109690,1570.62,completed,online,2025-01-22,NO
1,42967,110448,1635.77,completed,online,2025-01-22,NO
833,24081,112427,343.66,completed,online,2025-01-22,NO
2461,14455,112542,1849.53,failed,online,2025-01-22,NO
1531,28430,113497,1113.59,completed,online,2025-01-22,NO
3386,22795,113585,434.03,failed,online,2025-01-22,NO
1,10970,113660,901.21,completed,online,2025-01-22,NO
1,38222,115465,1724.39,completed,online,2025-01-22,NO
3141,43393,116088,729.62,completed,online,2025-01-22,NO
2996,16517,120122,248.86,completed,online,2025-01-22,NO
1,14427,121747,1694.72,failed,online,2025-01-22,NO
1,26150,122956,693.13,completed,online,2025-01-22,NO
4756,17075,123080,223.57,completed,online,2025-01-22,NO
2159,16346,124419,1692.37,failed,online,2025-01-22,NO
1560,24746,127780,1133.45,completed,online,2025-01-22,NO
2934,3568,128244,950.17,completed,online,2025-01-22,NO
1,22099,129962,1351.43,completed,online,2025-01-22,NO
2949,12586,131357,301.52,completed,online,2025-01-22,NO
1,29053,135294,1212.47,failed,online,2025-01-22,NO
1,4648,135572,113.48,completed,online,2025-01-22,NO
415,41578,135747,1723.14,failed,online,2025-01-22,NO
221,10046,136960,1284.39,completed,online,2025-01-22,NO
1108,33391,139180,105.75,failed,online,2025-01-22,NO
520,17495,141487,228.2,failed,online,2025-01-22,NO
3055,34246,142268,371.56,failed,online,2025-01-22,NO
2498,45938,143537,1320.59,completed,online,2025-01-22,NO
1862,1326,143556,1061.98,failed,online,2025-01-22,NO
1320,30213,143694,709.69,failed,online,2025-01-22,NO
2814,13261,147320,1853.9,failed,online,2025-01-22,NO
2473,413,1754,163.72,completed,UNKNOWN,2025-09-09,NO
1,22243,5072,1244.31,failed,online,2025-09-09,NO
4498,10079,7363,1577.39,failed,online,2025-09-09,NO
1291,37822,8443,508.97,failed,online,2025-09-09,NO
1540,48857,8596,7832.849466684537,completed,online,2025-09-09,NO
3316,41483,13379,1832.52,completed,online,2025-09-09,NO
4842,2281,14241,396.53,failed,online,2025-09-09,NO
1,23819,15434,762.48,completed,online,2025-09-09,NO
1,11751,17522,1224.09,failed,online,2025-09-09,NO
549,26658,18009,320.03,completed,online,2025-09-09,NO
3241,44890,18064,1885.51,failed,online,2025-09-09,NO
1484,9500,18877,542.63,completed,online,2025-09-09,NO
3031,312,22681,1809.11,completed,online,2025-09-09,NO
3852,32728,28494,1141.4,failed,online,2025-09-09,NO
1302,35726,28988,212.02,failed,online,2025-09-09,NO
1,35455,29123,394.39,failed,online,2025-09-09,NO
4432,12988,30043,1283.1,completed,online,2025-09-09,NO
1108,34901,30502,963.79,failed,online,2025-09-09,NO
3011,5189,32068,618.22,failed,online,2025-09-09,NO
1038,32178,32641,206.9,failed,online,2025-09-09,NO
2522,21714,35704,1373.0,failed,online,2025-09-09,NO
1,18646,36375,425.84,completed,online,2025-09-09,NO
1,37505,38216,138.82,completed,online,2025-09-09,NO
522,15943,41080,1973.47,failed,online,2025-09-09,NO
1683,9711,44868,948.87,failed,online,2025-09-09,NO
1490,8385,45774,1839.05,completed,online,2025-09-09,NO
2458,27224,46143,1215.94,failed,online,2025-09-09,NO
3209,11546,47160,1645.39,failed,online,2025-09-09,NO
3924,12966,51767,686.78,failed,online,2025-09-09,NO
1,28076,55246,435.7,failed,online,2025-09-09,NO
1,45747,56902,1384.92,completed,online,2025-09-09,NO
3735,49354,63681,1847.19,failed,online,2025-09-09,NO
3770,28404,64881,845.64,failed,online,2025-09-09,NO
2619,4824,70175,1050.01,failed,online,2025-09-09,NO
1177,34118,71801,1324.22,completed,online,2025-09-09,NO
1244,27787,72903,980.34,completed,online,2025-09-09,NO
1366,44730,75008,270.35,failed,online,2025-09-09,NO
4328,49533,76425,201.51,completed,online,2025-09-09,NO
2196,43895,77689,87.71,completed,online,2025-09-09,NO
2503,24005,78223,323.39,completed,online,2025-09-09,NO
3661,9823,78382,1962.24,failed,online,2025-09-09,NO
799,18345,78596,714.37,failed,online,2025-09-09,NO
1,42676,80531,895.01,failed,online,2025-09-09,NO
2443,32557,80908,71.54,completed,online,2025-09-09,NO
2443,32735,83369,667.8,completed,online,2025-09-09,NO
1,28362,84746,1543.78,completed,online,2025-09-09,NO
1,32579,85509,441.72,failed,online,2025-09-09,NO
1434,15768,85604,865.72,completed,online,2025-09-09,NO
1475,48649,87783,876.19,completed,online,2025-09-09,NO
1,37267,88672,19.21,completed,online,2025-09-09,NO
1,15353,92460,1632.01,failed,online,2025-09-09,NO
862,45404,93514,1830.55,completed,online,2025-09-09,NO
4251,2183,95674,505.18,completed,online,2025-09-09,NO
1,17895,96673,58.05,failed,online,2025-09-09,NO
1,49851,97595,1949.3,failed,online,2025-09-09,NO
4890,5666,97842,697.33,completed,online,2025-09-09,NO
3595,4674,100620,774.41,completed,online,2025-09-09,NO
2266,40612,104611,1495.11,completed,online,2025-09-09,NO
1,3205,107850,1724.85,completed,online,2025-09-09,NO
2229,45712,108271,1826.15,failed,online,2025-09-09,NO
706,35877,108412,1093.37,completed,online,2025-09-09,NO
1863,15815,108692,1376.71,completed,online,2025-09-09,NO
1912,12218,113607,1530.59,failed,online,2025-09-09,NO
2312,24913,113965,750.16,failed,online,2025-09-09,NO
4175,46015,121949,705.52,failed,online,2025-09-09,NO
3312,20671,122415,574.71,failed,online,2025-09-09,NO
4836,23456,122474,1720.35,failed,online,2025-09-09,NO
2987,25977,129443,1053.95,completed,online,2025-09-09,NO
4133,45534,131023,419.12,completed,online,2025-09-09,NO
2126,48343,131991,492.78,failed,online,2025-09-09,NO
3427,20814,133619,100.5,completed,online,2025-09-09,NO
2489,33345,137514,1299.24,completed,online,2025-09-09,NO
1779,14512,138169,1717.37,completed,online,2025-09-09,NO
1593,16587,138252,377.27,failed,online,2025-09-09,NO
1665,34624,139173,639.97,completed,online,2025-09-09,NO
2183,23711,141315,647.88,completed,online,2025-09-09,NO
3123,19389,141775,265.19,completed,online,2025-09-09,NO
1,45617,105,1560.39,failed,online,2025-05-05,NO
1275,21847,5436,1698.72,completed,online,2025-05-05,NO
643,32726,7445,1147.45,completed,online,2025-05-05,NO
1,19176,9777,1291.22,completed,online,2025-05-05,NO
606,32662,10273,745.88,completed,online,2025-05-05,NO
1,8688,11109,944.15,failed,online,2025-05-05,NO
1794,41498,15246,1509.73,completed,online,2025-05-05,NO
1,13123,15869,1211.75,completed,online,2025-05-05,NO
4814,11206,19125,1410.39,completed,online,2025-05-05,NO
4937,32060,19164,1194.49,failed,online,2025-05-05,NO
1,45951,21136,1445.66,completed,online,2025-05-05,NO
1056,28296,21744,754.28,completed,online,2025-05-05,NO
264,9276,26056,846.57,completed,online,2025-05-05,NO
2914,18228,26531,1278.98,completed,online,2025-05-05,NO
2943,1800,29318,1125.34,failed,online,2025-05-05,NO
1905,34288,29900,1507.6,completed,online,2025-05-05,NO
1,20806,30488,805.09,failed,UNKNOWN,2025-05-05,NO
705,7319,30794,57.17,completed,online,2025-05-05,NO
445,30872,31492,758.88,failed,online,2025-05-05,NO
2382,21095,34004,156.28,failed,online,2025-05-05,NO
2780,11299,34182,28.18,failed,online,2025-05-05,NO
1600,13840,37073,1372.52,failed,UNKNOWN,2025-05-05,NO
4018,10175,39301,1991.09,failed,online,2025-05-05,NO
2643,47819,40268,411.67,completed,online,2025-05-05,NO
1,20857,44248,833.74,failed,online,2025-05-05,NO
3334,5589,46462,1756.94,completed,online,2025-05-05,NO
4214,2062,46513,692.13,failed,online,2025-05-05,NO
1,20524,48636,475.66,completed,online,2025-05-05,NO
3625,41120,51861,655.23,failed,online,2025-05-05,NO
877,2287,53246,585.51,completed,online,2025-05-05,NO
3301,35686,55290,612.54,failed,online,2025-05-05,NO
1,34821,55889,44.23,failed,online,2025-05-05,NO
1311,24439,60335,1176.44,completed,online,2025-05-05,NO
3875,35938,62177,1009.41,completed,online,2025-05-05,NO
1,27216,63084,1473.66,failed,online,2025-05-05,NO
2528,31339,63243,1068.59,failed,online,2025-05-05,NO
1,10523,65833,1151.19,failed,online,2025-05-05,NO
3268,3548,67816,1285.84,completed,online,2025-05-05,NO
1,32230,73202,1253.51,failed,online,2025-05-05,NO
3947,3631,73533,5695.388695264445,completed,online,2025-05-05,NO
452,42851,73624,1414.92,failed,online,2025-05-05,NO
4748,35417,74536,1260.28,failed,online,2025-05-05,NO
3950,8885,74569,1153.04,completed,online,2025-05-05,NO
2827,8262,75494,326.04,completed,online,2025-05-05,NO
3547,18982,77780,1424.6,failed,online,2025-05-05,NO
2621,18711,83740,826.95,completed,online,2025-05-05,NO
2229,6436,84060,551.02,failed,online,2025-05-05,NO
1946,2800,84163,1602.39,completed,online,2025-05-05,NO
4546,10253,84220,1032.55,completed,online,2025-05-05,NO
4540,23541,84371,1204.28,completed,online,2025-05-05,NO
574,48208,85360,1143.2,failed,online,2025-05-05,NO
3745,49083,85787,157.33,completed,online,2025-05-05,NO
4454,38390,89669,1889.57,failed,online,2025-05-05,NO
3784,44162,91793,692.41,failed,online,2025-05-05,NO
1,36685,93524,1787.92,failed,online,2025-05-05,NO
1726,10729,99823,1421.8,completed,online,2025-05-05,NO
4409,7793,105579,761.21,completed,online,2025-05-05,NO
1211,32026,107782,1007.58,completed,online,2025-05-05,NO
1,24538,108670,1181.1,failed,online,2025-05-05,NO
4607,10780,114936,1974.18,completed,online,2025-05-05,NO
1,49036,115166,322.98,failed,online,2025-05-05,NO
1,1926,115994,605.57,failed,online,2025-05-05,NO
1,17607,117538,1955.57,completed,online,2025-05-05,NO
209,10062,117569,1269.91,completed,online,2025-05-05,NO
1147,8855,118543,1064.33,completed,online,2025-05-05,NO
4130,6186,122428,1107.78,completed,online,2025-05-05,NO
1865,30604,123323,1883.05,failed,online,2025-05-05,NO
381,10557,125981,485.46,completed,online,2025-05-05,NO
3945,44814,127972,1387.32,failed,online,2025-05-05,NO
2280,18718,130434,355.55,failed,online,2025-05-05,NO
4938,4235,132779,155.62,completed,online,2025-05-05,NO
126,16744,133903,673.88,failed,online,2025-05-05,NO
1,43111,136627,465.61,failed,online,2025-05-05,NO
4447,33258,139438,1170.19,failed,online,2025-05-05,NO
914,37850,144411,668.41,completed,online,2025-05-05,NO
2868,17016,146802,1163.31,failed,online,2025-05-05,NO
3861,5053,147036,473.16,failed,online,2025-05-05,NO
1,21055,181,1152.43,completed,online,2025-06-22,NO
602,31924,1179,795.36,failed,online,2025-06-22,NO
1,45275,3168,1611.48,completed,online,2025-06-22,NO
1,15581,4492,1783.3,completed,UNKNOWN,2025-06-22,NO
927,21421,7073,355.81,failed,online,2025-06-22,NO
1307,9142,7771,321.14,completed,online,2025-06-22,NO
3377,45649,8457,491.89,failed,online,2025-06-22,NO
83,18816,8778,440.93,failed,online,2025-06-22,NO
1210,1857,14498,333.23,completed,online,2025-06-22,NO
1,25867,16468,1127.95,completed,online,2025-06-22,NO
3801,30088,22700,702.22,failed,online,2025-06-22,NO
646,11289,26632,1604.35,failed,online,2025-06-22,NO
2066,7277,27305,1388.03,completed,online,2025-06-22,NO
2662,41533,28101,1778.84,completed,online,2025-06-22,NO
348,18157,29637,410.12,failed,online,2025-06-22,NO
3502,36153,33693,615.85,completed,online,2025-06-22,NO
247,22068,34874,1005.15,completed,online,2025-06-22,NO
4457,31124,36137,1987.21,completed,online,2025-06-22,NO
3753,20330,39073,395.15,completed,online,2025-06-22,NO
3138,3288,40761,564.39,failed,online,2025-06-22,NO
3578,15242,41484,8438.184567463235,completed,online,2025-06-22,NO
2275,5499,41760,342.27,completed,online,2025-06-22,NO
3437,37493,43722,1440.17,completed,online,2025-06-22,NO
2915,4795,44554,1111.14,completed,online,2025-06-22,NO
3450,47285,45569,571.18,completed,online,2025-06-22,NO
1,42854,49836,117.6,completed,online,2025-06-22,NO
1182,2229,49986,972.48,failed,online,2025-06-22,NO
1,15269,50087,1667.03,completed,online,2025-06-22,NO
1,48730,50195,1917.53,failed,UNKNOWN,2025-06-22,NO
2362,14265,54168,1101.82,failed,online,2025-06-22,NO
4624,11079,57522,1089.88,completed,online,2025-06-22,NO
3914,25270,61038,1981.88,completed,online,2025-06-22,NO
1,11979,62726,1099.05,failed,online,2025-06-22,NO
2639,27553,67023,750.92,completed,online,2025-06-22,NO
2439,33795,67344,1164.77,completed,online,2025-06-22,NO
519,48350,69947,1059.34,failed,online,2025-06-22,NO
3594,20427,75753,1055.6,failed,online,2025-06-22,NO
2535,29509,76476,218.81,completed,online,2025-06-22,NO
415,38045,78136,391.58,failed,online,2025-06-22,NO
4663,29676,79980,484.1,failed,online,2025-06-22,NO
622,35194,82903,984.82,failed,online,2025-06-22,NO
4174,44013,83350,1979.92,failed,online,2025-06-22,NO
3762,13476,83894,935.43,failed,online,2025-06-22,NO
782,6031,89199,1149.95,completed,online,2025-06-22,NO
1760,45158,89291,1495.74,failed,online,2025-06-22,NO
4343,19919,90682,931.3,completed,online,2025-06-22,NO
1,26555,90770,66.87,failed,online,2025-06-22,NO
691,22988,91788,459.91,completed,online,2025-06-22,NO
813,20578,93772,495.81,failed,online,2025-06-22,NO
1738,23033,94486,786.5,failed,online,2025-06-22,NO
1047,38045,96542,891.95,completed,online,2025-06-22,NO
1,49597,96989,423.86,completed,online,2025-06-22,NO
2897,32163,97571,1944.23,failed,online,2025-06-22,NO
4020,35311,98784,580.87,completed,online,2025-06-22,NO
1664,40650,99735,1989.18,failed,online,2025-06-22,NO
3536,36576,100470,17.7,completed,online,2025-06-22,NO
1,1637,105910,1247.35,failed,online,2025-06-22,NO
840,36503,109226,739.99,completed,online,2025-06-22,NO
1,38744,112331,1499.78,failed,online,2025-06-22,NO
1,49030,113842,449.17,completed,online,2025-06-22,NO
1929,38564,114404,185.99,completed,online,2025-06-22,NO
3810,6281,115715,306.38,failed,online,2025-06-22,NO
2966,38161,115858,824.61,failed,online,2025-06-22,NO
2133,17145,120984,111.43,completed,online,2025-06-22,NO
1,42961,122543,737.33,completed,online,2025-06-22,NO
2395,42016,125920,222.72,completed,online,2025-06-22,NO
3571,46393,127262,1149.39,failed,online,2025-06-22,NO
440,32759,128014,937.26,completed,online,2025-06-22,NO
154,164,129823,1818.41,failed,online,2025-06-22,NO
1593,22306,130291,456.21,completed,online,2025-06-22,NO
1460,4472,136500,914.5,completed,online,2025-06-22,NO
4582,18725,142320,1800.02,failed,online,2025-06-22,NO
3738,39805,142502,454.0,completed,online,2025-06-22,NO
1,309,145938,770.77,failed,online,2025-06-22,NO
1,12294,147274,1302.55,completed,online,2025-06-22,NO
2584,2276,148969,337.37,failed,online,2025-06-22,NO
4798,21166,149404,1544.73,completed,online,2025-06-22,NO
3078,38575,1081,1742.12,failed,online,2025-11-22,NO
4908,19558,1619,1335.03,failed,online,2025-11-22,NO
4688,9458,3300,1189.58,completed,online,2025-11-22,NO
3170,37212,4010,1522.06,completed,online,2025-11-22,NO
1,40193,5683,743.86,failed,online,2025-11-22,NO
1,17598,5972,929.46,failed,online,2025-11-22,NO
1,16859,6797,1007.04,completed,online,2025-11-22,NO
4026,37573,8465,1009.12,completed,online,2025-11-22,NO
1,42620,11127,714.27,completed,online,2025-11-22,NO
2779,9962,12234,739.3,failed,online,2025-11-22,NO
911,42132,15654,449.32,failed,online,2025-11-22,NO
1,42672,19600,1961.07,failed,online,2025-11-22,NO
2026,47525,20507,415.93,completed,UNKNOWN,2025-11-22,NO
40,39936,24121,1770.27,completed,online,2025-11-22,NO
3181,47772,27850,110.54,failed,online,2025-11-22,NO
1,33685,28839,244.97,completed,online,2025-11-22,NO
153,1136,33884,1367.28,completed,online,2025-11-22,NO
1938,26572,34507,857.33,completed,online,2025-11-22,NO
4202,37068,38433,658.84,completed,online,2025-11-22,NO
4540,25135,40833,15.86,failed,online,2025-11-22,NO
2900,15870,43169,1834.37,failed,online,2025-11-22,NO
2339,27313,45022,407.88,failed,online,2025-11-22,NO
1614,45039,45051,1570.11,completed,online,2025-11-22,NO
1,45469,45134,1552.29,completed,online,2025-11-22,NO
2356,46065,45953,1378.96,completed,online,2025-11-22,NO
122,38112,46798,5359.72375402511,failed,online,2025-11-22,NO
2896,35691,48275,5052.4788212470185,completed,online,2025-11-22,NO
1655,43473,50523,555.03,failed,online,2025-11-22,NO
1,25190,51684,1990.46,failed,online,2025-11-22,NO
4015,12229,54413,1940.52,completed,online,2025-11-22,NO
1,1481,55188,600.35,completed,online,2025-11-22,NO
4162,1694,56363,1396.3,failed,online,2025-11-22,NO
2897,40496,61850,1839.18,completed,online,2025-11-22,NO
3161,47745,65000,1306.26,completed,online,2025-11-22,NO
1,47435,68354,1649.15,failed,online,2025-11-22,NO
1,43044,71387,1161.33,completed,online,2025-11-22,NO
235,13456,71646,134.01,completed,online,2025-11-22,NO
1,25698,71724,1332.17,completed,online,2025-11-22,NO
171,6687,74349,1273.81,failed,online,2025-11-22,NO
1380,42165,76506,1631.75,failed,online,2025-11-22,NO
1415,9698,78699,979.33,failed,online,2025-11-22,NO
107,9889,78973,1286.02,failed,online,2025-11-22,NO
585,34909,79145,598.28,failed,online,2025-11-22,NO
1,43222,79360,1459.57,completed,online,2025-11-22,NO
15,12681,82224,299.44,completed,online,2025-11-22,NO
3249,41748,84759,148.08,completed,online,2025-11-22,NO
4502,38729,87308,763.48,completed,online,2025-11-22,NO
2982,3068,89119,374.09,completed,online,2025-11-22,NO
4115,32182,90679,422.72,failed,online,2025-11-22,NO
3024,10654,90834,1357.2,completed,online,2025-11-22,NO
4464,29577,91901,1165.15,completed,online,2025-11-22,NO
3469,16072,92989,1813.8,failed,online,2025-11-22,NO
2356,1469,94080,24.38,failed,UNKNOWN,2025-11-22,NO
4654,15284,98914,1258.66,failed,online,2025-11-22,NO
1239,26334,99027,154.65,failed,online,2025-11-22,NO
3316,3222,100398,767.66,failed,online,2025-11-22,NO
1316,25895,107615,532.91,completed,online,2025-11-22,NO
1056,9097,109163,743.8,completed,online,2025-11-22,NO
1,13767,109248,1982.97,failed,online,2025-11-22,NO
3458,28381,111677,649.91,failed,online,2025-11-22,NO
1,26532,116815,257.96,completed,online,2025-11-22,NO
1,32250,117511,1934.36,completed,online,2025-11-22,NO
1,17169,119286,458.57,failed,online,2025-11-22,NO
4311,44626,119596,1213.8,completed,online,2025-11-22,NO
2843,39788,119766,847.73,completed,online,2025-11-22,NO
4682,7990,120255,1419.86,failed,online,2025-11-22,NO
3510,19430,120842,189.26,completed,online,2025-11-22,NO
1,33464,134558,445.49,failed,online,2025-11-22,NO
1,42942,135388,34.13,completed,UNKNOWN,2025-11-22,NO
977,47311,135647,194.56,completed,online,2025-11-22,NO
1915,2530,138673,129.62,completed,online,2025-11-22,NO
4269,14193,140101,505.94,failed,online,2025-11-22,NO
3415,18308,142372,151.89,failed,online,2025-11-22,NO
656,7440,145775,1164.56,completed,online,2025-11-22,NO
3442,539,146879,974.32,failed,online,2025-11-22,NO
1,27907,148596,1559.98,failed,online,2025-11-22,NO
2008,16761,149738,236.92,failed,online,2025-11-22,NO
127,4831,2087,1271.81,failed,online,2025-04-05,NO
1,27642,6277,44.24,failed,online,2025-04-05,NO
1,20467,6499,1839.45,failed,online,2025-04-05,NO
2280,20936,11067,1242.58,completed,online,2025-04-05,NO
1575,21912,12608,1574.38,failed,online,2025-04-05,NO
556,27309,13396,1868.42,failed,online,2025-04-05,NO
743,38858,17088,1418.94,completed,online,2025-04-05,NO
3344,49779,18734,492.41,completed,online,2025-04-05,NO
303,1555,20263,6475.795864374142,failed,online,2025-04-05,NO
1,28588,21381,1717.92,failed,online,2025-04-05,NO
1,40918,21688,1731.58,failed,online,2025-04-05,NO
1744,38987,23630,1800.99,completed,online,2025-04-05,NO
1,43113,24694,1828.26,completed,online,2025-04-05,NO
1141,9218,24825,1780.0,completed,online,2025-04-05,NO
3828,18139,27944,402.45,failed,online,2025-04-05,NO
1,36227,28833,406.49,failed,online,2025-04-05,NO
1,24265,29572,392.36,failed,online,2025-04-05,NO
4823,11484,30235,579.84,completed,online,2025-04-05,NO
1018,28874,32477,1820.29,failed,online,2025-04-05,NO
4613,28572,33596,1463.07,failed,online,2025-04-05,NO
2866,10689,34455,1955.45,failed,online,2025-04-05,NO
3119,15212,36948,1026.32,failed,online,2025-04-05,NO
4972,6534,38027,792.49,completed,online,2025-04-05,NO
1400,32867,38320,619.12,failed,online,2025-04-05,NO
2772,31006,40221,827.41,completed,online,2025-04-05,NO
1491,11888,45472,608.87,failed,online,2025-04-05,NO
1,26586,47184,1274.08,failed,online,2025-04-05,NO
1,3443,50123,1199.74,failed,online,2025-04-05,NO
2053,18323,52591,50.9,completed,online,2025-04-05,NO
4136,24346,54693,878.29,failed,online,2025-04-05,NO
3482,44759,56552,1778.44,failed,online,2025-04-05,NO
3510,6798,57087,1624.75,completed,online,2025-04-05,NO
3042,25596,58393,757.23,completed,online,2025-04-05,NO
1621,30272,58966,347.41,completed,online,2025-04-05,NO
3910,20630,61396,1678.67,failed,online,2025-04-05,NO
4519,8407,61468,1912.32,failed,online,2025-04-05,NO
4802,1685,62742,1388.66,failed,online,2025-04-05,NO
1187,43670,67889,1161.02,completed,online,2025-04-05,NO
33,44361,69609,989.61,completed,online,2025-04-05,NO
1519,17096,69935,7208.576504661647,failed,online,2025-04-05,NO
1,5026,72046,1763.33,completed,online,2025-04-05,NO
1,2756,72908,165.09,completed,online,2025-04-05,NO
3130,16478,75729,1081.12,completed,online,2025-04-05,NO
91,49280,77004,966.49,completed,online,2025-04-05,NO
840,21451,78022,701.32,failed,online,2025-04-05,NO
3351,4504,83207,959.88,failed,online,2025-04-05,NO
4485,11406,83451,1123.83,completed,online,2025-04-05,NO
25,38312,85065,228.91,failed,online,2025-04-05,NO
1,16279,86254,765.51,failed,online,2025-04-05,NO
1,8655,92155,1448.36,failed,online,2025-04-05,NO
1,20943,94004,705.48,completed,online,2025-04-05,NO
4208,29417,94068,728.34,failed,online,2025-04-05,NO
1938,49751,103466,1104.55,failed,UNKNOWN,2025-04-05,NO
4547,3146,103735,610.32,completed,online,2025-04-05,NO
1,35130,104746,1296.65,failed,online,2025-04-05,NO
2161,25177,105537,1826.89,failed,online,2025-04-05,NO
1,12593,106997,880.88,failed,online,2025-04-05,NO
1025,25037,114344,8993.697201811907,completed,online,2025-04-05,NO
2208,42728,114644,1793.74,failed,online,2025-04-05,NO
4451,37509,117954,234.92,failed,online,2025-04-05,NO
1,11528,118049,149.36,failed,online,2025-04-05,NO
1,41249,122079,1553.16,completed,online,2025-04-05,NO
2171,9579,122150,1665.65,failed,online,2025-04-05,NO
533,24487,125573,1513.44,failed,online,2025-04-05,NO
1,3166,125789,152.76,completed,online,2025-04-05,NO
684,5690,127620,115.37,completed,UNKNOWN,2025-04-05,NO
3234,37155,131748,1713.05,failed,online,2025-04-05,NO
2121,10188,132047,1959.14,completed,online,2025-04-05,NO
2721,35089,133166,434.17,failed,online,2025-04-05,NO
4727,12463,135889,531.2,completed,online,2025-04-05,NO
1,49051,138843,1311.81,failed,online,2025-04-05,NO
2745,23864,139117,1931.35,completed,online,2025-04-05,NO
1,28877,140888,897.54,failed,online,2025-04-05,NO
1740,33118,145665,1826.11,completed,online,2025-04-05,NO
2370,35386,147526,794.01,completed,online,2025-04-05,NO
4744,13669,147954,92.49,completed,online,2025-04-05,NO
4783,25989,149674,1384.48,failed,online,2025-04-05,NO
1733,5291,1403,1473.29,failed,online,2025-05-03,NO
2834,32690,2119,674.56,completed,online,2025-05-03,NO
455,25658,4180,5703.180599974082,failed,online,2025-05-03,NO
1190,48293,15527,1978.12,failed,online,2025-05-03,NO
1751,7418,18867,646.27,completed,online,2025-05-03,NO
913,34939,20104,806.1,failed,online,2025-05-03,NO
2007,19192,21247,171.17,failed,online,2025-05-03,NO
2927,15330,22304,1834.93,completed,online,2025-05-03,NO
2586,896,22501,1785.72,failed,online,2025-05-03,NO
2255,17767,22506,361.45,completed,online,2025-05-03,NO
4499,41918,25845,1838.85,completed,online,2025-05-03,NO
376,1257,27037,763.26,completed,online,2025-05-03,NO
1,16268,28379,502.81,failed,online,2025-05-03,NO
1588,44893,31698,1336.34,failed,online,2025-05-03,NO
880,20323,33710,1964.08,failed,online,2025-05-03,NO
98,22649,35306,1135.0,failed,online,2025-05-03,NO
4377,47886,38210,1344.4,completed,online,2025-05-03,NO
2920,4332,40281,495.74,completed,online,2025-05-03,NO
883,39970,44197,1821.58,failed,online,2025-05-03,NO
1872,5643,51318,1772.93,completed,online,2025-05-03,NO
4877,22572,53330,1670.15,completed,online,2025-05-03,NO
1613,14646,54086,1877.88,failed,online,2025-05-03,NO
2035,47875,54486,865.85,failed,online,2025-05-03,NO
2272,7132,55803,1292.01,failed,online,2025-05-03,NO
2483,26360,56888,1551.41,completed,online,2025-05-03,NO
4334,18529,59695,662.84,failed,online,2025-05-03,NO
1671,6858,60996,1203.98,completed,online,2025-05-03,NO
4201,42112,63304,1825.68,completed,online,2025-05-03,NO
25,35585,65005,1302.42,completed,online,2025-05-03,NO
227,31306,66395,1956.15,completed,online,2025-05-03,NO
4585,39318,67389,1052.6,completed,online,2025-05-03,NO
4382,6264,68604,1398.69,completed,online,2025-05-03,NO
1104,30265,71554,1324.82,completed,online,2025-05-03,NO
4071,46766,72515,1160.35,failed,online,2025-05-03,NO
653,36262,76125,1190.08,completed,online,2025-05-03,NO
1,30826,76571,1795.6,completed,online,2025-05-03,NO
145,36292,78558,1228.08,completed,online,2025-05-03,NO
1,11614,79545,1606.85,failed,online,2025-05-03,NO
464,40841,83337,1242.51,completed,online,2025-05-03,NO
3983,4228,84140,1001.61,completed,online,2025-05-03,NO
2827,29907,88835,30.84,completed,online,2025-05-03,NO
4890,47774,90656,92.07,completed,online,2025-05-03,NO
1,509,92407,825.96,failed,online,2025-05-03,NO
1275,35216,93247,309.92,completed,online,2025-05-03,NO
3361,33610,94566,37.16,completed,online,2025-05-03,NO
1,45319,96833,943.63,completed,online,2025-05-03,NO
3400,22516,97668,1944.9,failed,online,2025-05-03,NO
864,16558,98516,1044.1,failed,online,2025-05-03,NO
55,14938,99352,402.1,failed,online,2025-05-03,NO
1483,27322,102105,1649.76,completed,online,2025-05-03,NO
1,27441,105189,1945.21,completed,online,2025-05-03,NO
613,36054,105690,729.22,completed,online,2025-05-03,NO
940,30942,109586,559.37,completed,online,2025-05-03,NO
2484,20635,111266,1501.37,completed,online,2025-05-03,NO
1315,957,114510,743.56,failed,online,2025-05-03,NO
1,15586,114519,891.94,failed,online,2025-05-03,NO
856,43138,119912,657.96,failed,online,2025-05-03,NO
503,25128,122636,1843.55,failed,online,2025-05-03,NO
4419,43462,124035,1574.82,failed,online,2025-05-03,NO
470,14651,127207,1019.74,failed,online,2025-05-03,NO
553,16638,128152,1662.58,failed,online,2025-05-03,NO
3295,33558,128266,8214.59337884827,completed,online,2025-05-03,NO
2101,6009,129283,1065.55,failed,online,2025-05-03,NO
2804,26144,130779,840.77,failed,online,2025-05-03,NO
2071,42632,132291,1564.32,failed,UNKNOWN,2025-05-03,NO
1977,14899,133828,1957.31,failed,online,2025-05-03,NO
1523,605,136203,990.33,failed,online,2025-05-03,NO
3748,38353,136602,1585.69,failed,online,2025-05-03,NO
2361,37179,137292,1481.72,failed,online,2025-05-03,NO
1,49578,138731,807.33,completed,online,2025-05-03,NO
2797,28917,139964,1667.63,completed,online,2025-05-03,NO
3198,26505,139968,1496.09,completed,online,2025-05-03,NO
3272,6085,144460,1826.89,failed,online,2025-05-03,NO
3633,25296,145027,948.85,failed,online,2025-05-03,NO
2043,6316,147756,1416.79,completed,online,2025-05-03,NO
3796,10928,149745,1764.15,completed,online,2025-05-03,NO
4361,16144,213,1596.34,failed,UNKNOWN,2025-04-11,NO
3174,9174,1554,1504.34,completed,online,2025-04-11,NO
3711,46795,3267,1812.48,completed,online,2025-04-11,NO
621,19540,6938,200.18,completed,online,2025-04-11,NO
1,15117,9370,25.28,completed,online,2025-04-11,NO
118,44380,9880,367.55,failed,online,2025-04-11,NO
1666,10441,14636,902.65,failed,online,2025-04-11,NO
4002,18108,16894,1061.27,completed,online,2025-04-11,NO
2378,30262,21390,1188.3,failed,online,2025-04-11,NO
283,33178,27162,1156.54,failed,online,2025-04-11,NO
1,31219,36603,730.88,completed,online,2025-04-11,NO
4177,44636,36827,892.31,completed,online,2025-04-11,NO
1,37676,37784,1093.89,failed,online,2025-04-11,NO
211,26050,42888,1887.39,completed,online,2025-04-11,NO
264,46419,45120,1824.84,failed,online,2025-04-11,NO
2108,28168,45710,182.1,failed,online,2025-04-11,NO
4042,30682,46956,1126.36,failed,online,2025-04-11,NO
2776,36821,46986,148.16,completed,online,2025-04-11,NO
3008,33620,47080,1147.88,completed,online,2025-04-11,NO
3255,24079,47509,426.02,completed,online,2025-04-11,NO
1,7327,53398,1790.52,completed,online,2025-04-11,NO
2917,31339,57299,458.31,completed,online,2025-04-11,NO
4576,32337,59279,636.97,completed,online,2025-04-11,NO
3248,47357,59875,1376.25,failed,online,2025-04-11,NO
1,37313,60462,1195.93,completed,online,2025-04-11,NO
2931,49827,60538,16.45,failed,online,2025-04-11,NO
4674,43811,60782,519.29,completed,online,2025-04-11,NO
1,32121,61179,1052.85,failed,online,2025-04-11,NO
2600,34941,66419,570.29,completed,online,2025-04-11,NO
1,11763,66749,1442.15,failed,online,2025-04-11,NO
1060,32806,72175,1989.94,completed,online,2025-04-11,NO
2601,34007,72492,995.55,failed,online,2025-04-11,NO
2893,27665,74934,1418.7,completed,online,2025-04-11,NO
2064,6482,76841,1023.14,failed,online,2025-04-11,NO
1892,32699,87635,146.57,failed,online,2025-04-11,NO
1365,7963,87944,1297.16,completed,online,2025-04-11,NO
1,32534,91770,1231.26,completed,online,2025-04-11,NO
3150,37303,92456,1023.28,completed,online,2025-04-11,NO
1357,37041,93144,598.59,failed,online,2025-04-11,NO
812,2834,94005,977.09,completed,online,2025-04-11,NO
655,37786,95025,1089.09,failed,online,2025-04-11,NO
3774,25221,95504,1826.4,completed,online,2025-04-11,NO
2221,18653,95566,785.16,failed,online,2025-04-11,NO
1,26519,96671,1018.69,completed,online,2025-04-11,NO
1,38467,96888,407.7,completed,online,2025-04-11,NO
1758,99,97169,1988.14,failed,online,2025-04-11,NO
3094,8987,97546,1983.07,failed,online,2025-04-11,NO
3194,38470,98848,161.96,failed,online,2025-04-11,NO
2453,16870,100017,1622.15,completed,online,2025-04-11,NO
1282,4544,107105,1731.33,completed,online,2025-04-11,NO
245,23298,108782,632.1,completed,online,2025-04-11,NO
1,26194,110121,1905.79,failed,online,2025-04-11,NO
1,45999,110597,202.64,failed,online,2025-04-11,NO
3303,19345,110750,1258.05,completed,online,2025-04-11,NO
3835,4502,114961,187.91,failed,online,2025-04-11,NO
1,25094,117653,569.38,completed,online,2025-04-11,NO
872,15175,121026,753.88,completed,online,2025-04-11,NO
3787,8395,121108,845.19,completed,online,2025-04-11,NO
2065,10158,124471,1164.71,failed,online,2025-04-11,NO
517,13790,125480,267.11,failed,online,2025-04-11,NO
1,24568,125651,1334.98,completed,online,2025-04-11,NO
1000,6664,125931,1252.79,completed,online,2025-04-11,NO
4141,45808,126620,255.11,completed,online,2025-04-11,NO
4020,9677,127243,828.78,failed,online,2025-04-11,NO
927,44698,127823,969.39,failed,online,2025-04-11,NO
1,42087,129656,340.21,failed,online,2025-04-11,NO
3991,1676,129878,519.98,completed,online,2025-04-11,NO
1,16197,131574,1697.53,failed,online,2025-04-11,NO
3842,38807,131684,59.99,completed,online,2025-04-11,NO
4522,19282,131739,313.75,completed,online,2025-04-11,NO
2049,12222,133603,919.88,completed,online,2025-04-11,NO
1,40350,136600,1392.6,failed,online,2025-04-11,NO
2082,26592,139802,1591.49,failed,online,2025-04-11,NO
94,48654,140972,65.52,completed,online,2025-04-11,NO
1,33125,143995,270.38,failed,online,2025-04-11,NO
4766,10309,145888,116.57,completed,online,2025-04-11,NO
329,10150,148216,417.75,completed,online,2025-04-11,NO
2115,41187,134,329.6,failed,online,2025-09-16,NO
1535,4519,902,1986.12,failed,online,2025-09-16,NO
1529,30797,2353,1224.73,failed,online,2025-09-16,NO
232,26349,3308,704.45,completed,online,2025-09-16,NO
1520,41547,5379,166.67,completed,online,2025-09-16,NO
3277,35810,5533,913.35,completed,online,2025-09-16,NO
1689,38939,10089,1674.0,failed,online,2025-09-16,NO
1859,44392,10923,185.46,completed,online,2025-09-16,NO
117,34947,12220,166.52,failed,online,2025-09-16,NO
1515,30262,13970,330.34,completed,online,2025-09-16,NO
3640,33297,14380,954.25,completed,online,2025-09-16,NO
3513,12897,14668,70.36,failed,online,2025-09-16,NO
132,35393,14829,1357.5,failed,online,2025-09-16,NO
3225,30994,15321,279.47,failed,UNKNOWN,2025-09-16,NO
4552,48038,17617,1594.72,completed,online,2025-09-16,NO
322,26499,20927,401.14,completed,online,2025-09-16,NO
90,38032,25501,222.81,completed,online,2025-09-16,NO
2876,49318,28711,1264.97,completed,online,2025-09-16,NO
2311,4409,29700,1442.33,completed,online,2025-09-16,NO
1,19524,29854,409.83,failed,online,2025-09-16,NO
475,9053,31656,984.76,failed,online,2025-09-16,NO
3355,6817,31771,291.6,completed,online,2025-09-16,NO
736,33787,34996,1157.46,completed,UNKNOWN,2025-09-16,NO
4860,7867,35004,1445.31,completed,online,2025-09-16,NO
1,3551,38253,87.12,failed,online,2025-09-16,NO
3491,43440,39991,1458.1,failed,online,2025-09-16,NO
3325,20928,41364,963.35,completed,online,2025-09-16,NO
1,45658,42509,1111.38,failed,online,2025-09-16,NO
2481,10512,45144,1609.58,completed,online,2025-09-16,NO
1799,28116,46716,166.05,failed,online,2025-09-16,NO
4319,9567,50344,1279.57,completed,online,2025-09-16,NO
3538,10528,52006,1749.37,failed,online,2025-09-16,NO
3062,28844,52045,1911.91,completed,online,2025-09-16,NO
947,31358,61670,856.1,completed,online,2025-09-16,NO
3778,33623,61921,1689.59,failed,online,2025-09-16,NO
2518,31507,62211,883.9,failed,online,2025-09-16,NO
1,22804,64680,407.43,failed,online,2025-09-16,NO
4374,1914,65577,1577.89,failed,online,2025-09-16,NO
2940,47104,74412,317.85,completed,online,2025-09-16,NO
1401,23642,76049,823.37,completed,online,2025-09-16,NO
2873,28450,76538,84.23,failed,online,2025-09-16,NO
1439,33001,79888,179.51,failed,online,2025-09-16,NO
4698,11206,80463,68.98,failed,online,2025-09-16,NO
1,42084,82518,1242.5,failed,online,2025-09-16,NO
4456,49028,84530,775.8,completed,online,2025-09-16,NO
4408,47402,84624,546.18,completed,online,2025-09-16,NO
4922,39266,85030,119.3,completed,online,2025-09-16,NO
2684,23838,86558,615.47,failed,online,2025-09-16,NO
611,23342,87196,98.04,completed,online,2025-09-16,NO
4607,30640,89744,402.62,failed,online,2025-09-16,NO
1823,27991,92524,232.1,failed,online,2025-09-16,NO
99,284,95328,440.14,completed,online,2025-09-16,NO
3910,36568,96459,297.52,completed,online,2025-09-16,NO
3164,10728,97389,1931.46,completed,online,2025-09-16,NO
2812,14991,98492,488.23,completed,online,2025-09-16,NO
2125,45876,99125,1030.67,completed,online,2025-09-16,NO
146,49762,100542,297.86,failed,online,2025-09-16,NO
4088,8564,101209,653.99,failed,online,2025-09-16,NO
1074,5624,103654,340.32,failed,online,2025-09-16,NO
4222,39456,105713,1590.91,failed,online,2025-09-16,NO
803,16946,116881,142.0,completed,online,2025-09-16,NO
4396,9663,117881,1700.46,completed,online,2025-09-16,NO
1143,32974,120552,494.68,completed,online,2025-09-16,NO
3930,30421,121153,1370.22,failed,UNKNOWN,2025-09-16,NO
4384,26731,124622,1727.38,completed,online,2025-09-16,NO
3560,21561,125779,609.08,completed,online,2025-09-16,NO
4913,4452,126017,1553.21,completed,online,2025-09-16,NO
3176,5718,126367,586.03,completed,online,2025-09-16,NO
3571,7597,130436,493.73,failed,online,2025-09-16,NO
639,13990,130640,1942.99,completed,online,2025-09-16,NO
1,18030,133228,1279.22,failed,online,2025-09-16,NO
127,18860,141681,587.77,failed,online,2025-09-16,NO
2020,33622,144877,635.69,completed,online,2025-09-16,NO
31,31203,145126,1339.67,failed,online,2025-09-16,NO
3632,28396,146846,90.84,completed,online,2025-09-16,NO
1564,34263,148474,1843.58,completed,online,2025-09-16,NO
1,9989,149960,555.25,failed,online,2025-09-16,NO
1,1636,940,1482.6,failed,online,2025-10-15,NO
735,33268,1440,191.83,completed,online,2025-10-15,NO
1,41163,3477,1916.1,failed,online,2025-10-15,NO
1271,43275,4791,661.9,completed,online,2025-10-15,NO
4401,5489,5290,371.98,failed,online,2025-10-15,NO
1662,11135,9540,6900.854343013206,failed,online,2025-10-15,NO
970,14639,15021,1801.35,failed,online,2025-10-15,NO
4529,39281,17997,1521.41,completed,online,2025-10-15,NO
131,21790,18229,1579.52,completed,online,2025-10-15,NO
1,41222,19573,1323.31,failed,online,2025-10-15,NO
1,42860,19635,1653.25,completed,online,2025-10-15,NO
3448,37609,19931,1782.94,failed,online,2025-10-15,NO
2071,22938,23855,1717.37,failed,online,2025-10-15,NO
1,7942,24016,934.52,completed,online,2025-10-15,NO
201,15784,24977,1071.18,completed,online,2025-10-15,NO
4282,28209,25894,1045.66,failed,online,2025-10-15,NO
1384,9479,31673,189.39,completed,UNKNOWN,2025-10-15,NO
1748,44343,32585,1904.87,failed,online,2025-10-15,NO
4625,32728,34157,1575.35,failed,online,2025-10-15,NO
3402,34555,42144,1343.0,failed,online,2025-10-15,NO
3768,46144,42149,290.62,failed,online,2025-10-15,NO
3289,10256,42445,1309.26,failed,online,2025-10-15,NO
4074,45167,43542,58.02,completed,online,2025-10-15,NO
1,33670,45170,877.02,failed,online,2025-10-15,NO
2088,47371,45484,253.59,completed,online,2025-10-15,NO
2589,32540,47072,1741.03,failed,online,2025-10-15,NO
552,41804,48627,334.53,failed,UNKNOWN,2025-10-15,NO
484,1866,48946,482.58,completed,online,2025-10-15,NO
1,8089,49097,209.48,completed,online,2025-10-15,NO
303,1270,49116,336.22,failed,online,2025-10-15,NO
1,21055,49252,1907.71,failed,online,2025-10-15,NO
3837,36352,52547,1185.54,completed,online,2025-10-15,NO
1546,43201,53900,1493.43,completed,online,2025-10-15,NO
1,15681,60827,110.21,completed,online,2025-10-15,NO
2004,42637,62371,761.99,completed,online,2025-10-15,NO
2679,20555,64065,690.33,failed,online,2025-10-15,NO
1,29391,66083,1581.75,failed,online,2025-10-15,NO
524,38766,73877,602.95,completed,online,2025-10-15,NO
1646,35274,74736,47.01,failed,online,2025-10-15,NO
1092,40208,75276,76.57,completed,online,2025-10-15,NO
4560,35301,75497,1952.98,failed,online,2025-10-15,NO
3226,45841,75908,1925.06,failed,online,2025-10-15,NO
402,41047,75991,1251.78,completed,online,2025-10-15,NO
2938,24566,76433,109.54,completed,online,2025-10-15,NO
1,11083,78916,248.14,completed,online,2025-10-15,NO
2151,9353,80106,1583.76,completed,online,2025-10-15,NO
3460,35745,84987,1191.19,failed,online,2025-10-15,NO
1993,29851,87997,1045.39,failed,online,2025-10-15,NO
1281,49286,89908,1506.72,completed,online,2025-10-15,NO
4090,30102,92240,948.85,completed,online,2025-10-15,NO
4113,38811,92730,484.4,completed,online,2025-10-15,NO
1,25862,93019,151.36,failed,online,2025-10-15,NO
1885,38161,93242,1328.42,failed,online,2025-10-15,NO
2213,43133,98942,337.14,failed,online,2025-10-15,NO
3213,25650,101237,1873.9,completed,online,2025-10-15,NO
1,31776,101937,546.58,failed,online,2025-10-15,NO
1292,29926,102066,1425.3,completed,online,2025-10-15,NO
4943,38647,103304,622.45,completed,online,2025-10-15,NO
2212,39178,107028,1078.43,completed,online,2025-10-15,NO
3622,29820,107757,1679.09,completed,online,2025-10-15,NO
3116,43837,107926,1634.02,completed,online,2025-10-15,NO
1,23579,113427,1486.7,completed,online,2025-10-15,NO
4549,7050,116745,729.01,completed,online,2025-10-15,NO
1,24604,117815,7725.78989870196,completed,online,2025-10-15,NO
4317,19463,118932,680.51,failed,online,2025-10-15,NO
656,35032,120838,749.45,completed,online,2025-10-15,NO
1001,49447,121884,9459.865267886955,completed,online,2025-10-15,NO
4633,43288,124243,672.73,failed,online,2025-10-15,NO
2811,7862,129989,1295.7,failed,online,2025-10-15,NO
4424,49197,131972,1947.92,completed,online,2025-10-15,NO
4386,18086,133630,521.74,failed,online,2025-10-15,NO
337,22298,139311,1523.51,failed,online,2025-10-15,NO
3819,22334,141210,734.57,completed,online,2025-10-15,NO
4234,15142,142840,1090.74,completed,online,2025-10-15,NO
3330,31861,144420,136.49,completed,online,2025-10-15,NO
4966,42512,147092,1684.84,completed,online,2025-10-15,NO
3619,41761,1450,239.96,completed,online,2025-03-17,NO
3115,11940,1931,1636.94,failed,online,2025-03-17,NO
236,15291,4699,1455.34,completed,online,2025-03-17,NO
2699,20277,5020,1816.49,completed,online,2025-03-17,NO
4767,38332,8171,201.52,failed,online,2025-03-17,NO
1,33718,8463,984.94,failed,online,2025-03-17,NO
225,6789,9534,968.39,completed,UNKNOWN,2025-03-17,NO
4558,12570,10245,1404.22,failed,online,2025-03-17,NO
1911,46050,10490,1549.37,completed,online,2025-03-17,NO
2303,7811,10553,387.95,failed,online,2025-03-17,NO
1,36387,16276,1817.78,completed,online,2025-03-17,NO
1422,30772,20360,1078.28,completed,online,2025-03-17,NO
3522,24491,20486,462.01,failed,online,2025-03-17,NO
3356,31645,21822,1422.7,completed,online,2025-03-17,NO
1,17777,22897,712.69,completed,online,2025-03-17,NO
2429,25492,24431,729.97,failed,online,2025-03-17,NO
1,25208,25502,1479.25,completed,online,2025-03-17,NO
3696,18670,29110,1016.11,failed,online,2025-03-17,NO
4308,4023,33028,1794.88,completed,online,2025-03-17,NO
4896,31415,35434,634.22,completed,online,2025-03-17,NO
144,17308,35770,210.91,completed,online,2025-03-17,NO
3251,7588,35903,1985.19,completed,online,2025-03-17,NO
3708,8774,36866,1138.4,failed,online,2025-03-17,NO
1,21003,37573,1442.57,failed,online,2025-03-17,NO
1726,37690,39010,1993.84,completed,online,2025-03-17,NO
2627,23125,39068,492.68,completed,online,2025-03-17,NO
2120,35013,41056,8460.080608660212,failed,online,2025-03-17,NO
1,18046,42806,1046.71,failed,online,2025-03-17,NO
1,34698,44607,888.5,completed,online,2025-03-17,NO
708,41353,46588,1020.21,completed,online,2025-03-17,NO
1,33541,47526,1022.0,failed,online,2025-03-17,NO
3419,95,50454,345.64,failed,online,2025-03-17,NO
3710,36952,52508,184.32,completed,online,2025-03-17,NO
3383,34221,55133,1882.38,completed,online,2025-03-17,NO
1,19234,58354,839.25,failed,online,2025-03-17,NO
3690,3611,67967,478.39,completed,online,2025-03-17,NO
2639,40527,69949,1576.67,completed,online,2025-03-17,NO
1,13737,71167,396.54,completed,online,2025-03-17,NO
1,38622,73679,1212.5,completed,online,2025-03-17,NO
1,37126,74344,71.42,completed,online,2025-03-17,NO
3596,37281,74539,897.92,failed,online,2025-03-17,NO
3889,37644,78418,1992.36,completed,online,2025-03-17,NO
2167,19282,81438,442.99,completed,online,2025-03-17,NO
1410,25566,84005,1719.18,completed,online,2025-03-17,NO
102,21662,84465,1730.16,failed,online,2025-03-17,NO
1883,39705,86067,7167.62539995173,failed,online,2025-03-17,NO
1,18789,89240,57.64,completed,online,2025-03-17,NO
2886,18681,95034,630.03,completed,online,2025-03-17,NO
3068,5760,99526,1009.56,failed,online,2025-03-17,NO
3896,43278,101375,127.66,failed,online,2025-03-17,NO
2657,19295,102009,576.2,failed,online,2025-03-17,NO
4329,33823,102108,271.18,failed,online,2025-03-17,NO
1323,40773,103781,549.43,completed,online,2025-03-17,NO
2005,31651,107106,992.16,failed,online,2025-03-17,NO
1,47677,107232,1292.79,completed,online,2025-03-17,NO
2783,27724,110270,395.55,completed,online,2025-03-17,NO
4952,14519,113090,1669.06,completed,online,2025-03-17,NO
2666,12407,113590,1413.06,completed,online,2025-03-17,NO
1,8065,113761,155.45,failed,online,2025-03-17,NO
1,36242,115021,849.05,completed,online,2025-03-17,NO
1,40322,117160,1292.88,failed,online,2025-03-17,NO
1,23419,120081,1599.77,failed,online,2025-03-17,NO
1414,25152,120410,1340.61,completed,online,2025-03-17,NO
1,38659,120621,505.34,failed,online,2025-03-17,NO
2539,35152,120752,1444.97,completed,online,2025-03-17,NO
1220,14764,123300,847.15,completed,online,2025-03-17,NO
531,20428,123648,1853.36,completed,online,2025-03-17,NO
3796,37990,124068,1545.74,failed,online,2025-03-17,NO
3072,44095,132474,1330.63,failed,online,2025-03-17,NO
295,44326,137533,322.43,completed,online,2025-03-17,NO
3886,28798,137938,866.89,failed,online,2025-03-17,NO
877,30154,139109,6508.803341460414,completed,online,2025-03-17,NO
3151,29204,141479,466.54,failed,online,2025-03-17,NO
364,6054,144879,1652.39,completed,online,2025-03-17,NO
347,32721,146715,51.53,failed,online,2025-03-17,NO
178,28397,148307,800.12,completed,online,2025-03-17,NO
1,37151,1306,1711.41,failed,UNKNOWN,2025-08-21,NO
4168,44706,2778,1447.82,failed,online,2025-08-21,NO
4052,3105,6090,1619.96,failed,online,2025-08-21,NO
4180,19023,6557,1327.69,failed,online,2025-08-21,NO
1,21368,11839,903.67,failed,online,2025-08-21,NO
929,23185,13374,1775.22,completed,online,2025-08-21,NO
155,7982,14364,1002.57,failed,online,2025-08-21,NO
1,21334,14628,540.1,failed,online,2025-08-21,NO
1545,10999,14874,331.53,failed,online,2025-08-21,NO
3323,10303,16155,980.94,completed,online,2025-08-21,NO
1,24940,18425,1838.1,failed,online,2025-08-21,NO
1584,35562,18863,1661.16,failed,online,2025-08-21,NO
1,12630,19165,1276.57,completed,online,2025-08-21,NO
859,2278,22906,1801.41,failed,online,2025-08-21,NO
3592,34416,23375,518.33,completed,online,2025-08-21,NO
929,39796,26319,1322.67,completed,online,2025-08-21,NO
4885,9830,26497,1809.91,failed,online,2025-08-21,NO
1212,13433,27642,793.71,failed,online,2025-08-21,NO
4005,16298,27748,780.99,completed,online,2025-08-21,NO
536,21277,29647,467.74,completed,online,2025-08-21,NO
1,38928,33935,1125.42,completed,online,2025-08-21,NO
1,25129,35445,1662.05,completed,online,2025-08-21,NO
1,9875,38728,1618.11,completed,online,2025-08-21,NO
1865,33619,43068,1373.5,completed,online,2025-08-21,NO
1,29234,44431,1153.78,failed,online,2025-08-21,NO
4339,2684,48361,1311.92,failed,online,2025-08-21,NO
4783,4392,50237,476.28,failed,online,2025-08-21,NO
1639,33524,55529,621.96,completed,online,2025-08-21,NO
835,11285,57238,1820.09,completed,online,2025-08-21,NO
3373,17025,58491,304.13,completed,online,2025-08-21,NO
1,33716,59345,1473.32,failed,online,2025-08-21,NO
3820,28761,60596,1531.92,completed,online,2025-08-21,NO
2448,33336,60807,1995.39,completed,online,2025-08-21,NO
1,25226,61020,1936.77,failed,online,2025-08-21,NO
1003,22469,67961,1714.92,completed,UNKNOWN,2025-08-21,NO
2164,40098,68631,848.9,completed,online,2025-08-21,NO
1,23768,70881,1697.68,completed,online,2025-08-21,NO
1,35649,70974,324.27,failed,online,2025-08-21,NO
3841,6322,70982,1313.74,failed,online,2025-08-21,NO
129,715,72516,1774.9,completed,online,2025-08-21,NO
1329,14618,73358,1186.52,completed,online,2025-08-21,NO
968,31016,75347,148.3,completed,online,2025-08-21,NO
1,15449,82123,674.4,failed,online,2025-08-21,NO
4461,17442,82242,1058.23,completed,online,2025-08-21,NO
2315,37418,82500,1659.67,completed,online,2025-08-21,NO
3226,38767,85953,851.12,completed,online,2025-08-21,NO
2538,45138,86503,259.67,completed,online,2025-08-21,NO
1926,2480,86605,869.67,completed,online,2025-08-21,NO
2770,30626,89334,1433.19,completed,online,2025-08-21,NO
709,24417,89372,1676.96,failed,online,2025-08-21,NO
1,35782,89563,958.51,completed,online,2025-08-21,NO
2318,26449,91449,1902.05,completed,online,2025-08-21,NO
2891,1807,92480,651.22,failed,online,2025-08-21,NO
1,38608,93869,1154.18,completed,online,2025-08-21,NO
1,33434,94159,1295.22,completed,online,2025-08-21,NO
1,42297,94820,656.0,failed,online,2025-08-21,NO
189,3274,94924,1844.95,completed,online,2025-08-21,NO
1,30620,101173,1369.22,completed,online,2025-08-21,NO
2279,19923,102293,1201.74,completed,online,2025-08-21,NO
1,48606,102858,378.75,failed,online,2025-08-21,NO
1342,10052,104298,77.79,completed,online,2025-08-21,NO
1,13903,113671,835.13,completed,online,2025-08-21,NO
2313,44180,114910,104.83,completed,online,2025-08-21,NO
2987,42165,115743,1549.69,completed,online,2025-08-21,NO
937,19858,118855,822.85,failed,online,2025-08-21,NO
195,48515,120900,1771.65,completed,online,2025-08-21,NO
1,48048,122266,1063.92,completed,online,2025-08-21,NO
4610,29274,122839,804.09,failed,online,2025-08-21,NO
3670,41547,123443,1716.69,completed,online,2025-08-21,NO
1,5228,133174,137.43,completed,online,2025-08-21,NO
593,8678,136301,1940.11,completed,online,2025-08-21,NO
1,13374,137598,46.58,failed,online,2025-08-21,NO
3050,3390,138454,1117.56,failed,online,2025-08-21,NO
719,45652,142273,1403.67,completed,online,2025-08-21,NO
156,21149,143118,1225.97,failed,online,2025-08-21,NO
2853,3387,143550,1153.21,completed,online,2025-08-21,NO
4294,24937,148191,1059.55,failed,online,2025-08-21,NO
4602,11698,311,575.96,failed,online,2025-10-02,NO
3141,44917,5878,841.1,completed,online,2025-10-02,NO
4841,20794,6049,466.0,completed,online,2025-10-02,NO
1,24261,6912,1801.97,failed,online,2025-10-02,NO
1,2245,8974,1293.11,failed,online,2025-10-02,NO
2349,29612,11172,689.38,completed,online,2025-10-02,NO
2900,29104,11647,1608.35,completed,online,2025-10-02,NO
1003,38032,13110,333.24,completed,online,2025-10-02,NO
1259,35533,13609,1904.65,completed,online,2025-10-02,NO
2737,28783,13912,951.78,failed,online,2025-10-02,NO
3034,47479,15866,749.22,failed,online,2025-10-02,NO
4713,36904,17646,1669.22,completed,online,2025-10-02,NO
1,44229,17999,680.72,failed,online,2025-10-02,NO
1,21120,21720,486.75,completed,online,2025-10-02,NO
1,1245,25177,1261.35,failed,online,2025-10-02,NO
4757,35826,25801,839.67,completed,online,2025-10-02,NO
638,41066,26168,1190.66,completed,UNKNOWN,2025-10-02,NO
38,32594,29271,779.14,completed,online,2025-10-02,NO
4550,14116,29657,257.58,completed,online,2025-10-02,NO
1,26392,34415,1767.98,completed,online,2025-10-02,NO
4257,41690,36519,821.14,completed,online,2025-10-02,NO
1928,49897,41462,370.38,failed,online,2025-10-02,NO
2694,47228,41614,698.54,failed,online,2025-10-02,NO
710,6672,43015,1856.83,completed,online,2025-10-02,NO
3847,14870,45198,1985.21,failed,online,2025-10-02,NO
1,19358,50881,789.97,failed,online,2025-10-02,NO
4820,11858,51562,629.44,failed,online,2025-10-02,NO
3887,13882,53243,460.88,failed,online,2025-10-02,NO
1587,4207,54246,156.02,completed,online,2025-10-02,NO
3467,16328,56719,1756.7,failed,online,2025-10-02,NO
3092,35407,57587,1473.49,failed,online,2025-10-02,NO
4116,25821,57837,1726.51,completed,online,2025-10-02,NO
4208,33334,60200,1687.96,failed,online,2025-10-02,NO
3938,39253,61831,838.39,completed,online,2025-10-02,NO
2756,34747,62707,834.12,completed,online,2025-10-02,NO
2258,36202,64939,1384.69,failed,online,2025-10-02,NO
1276,5275,68243,1332.58,completed,online,2025-10-02,NO
1005,612,68761,1408.99,failed,online,2025-10-02,NO
1,8327,68935,1427.74,completed,online,2025-10-02,NO
4869,42804,69605,1563.01,completed,online,2025-10-02,NO
2511,5884,70405,1945.33,failed,online,2025-10-02,NO
1860,35718,74505,939.82,failed,online,2025-10-02,NO
1,43413,75539,1667.46,completed,online,2025-10-02,NO
2005,2716,76019,1237.84,completed,online,2025-10-02,NO
2753,3887,77941,1790.55,completed,online,2025-10-02,NO
1,32401,82040,435.24,failed,online,2025-10-02,NO
1438,6565,89866,686.48,completed,online,2025-10-02,NO
2514,45719,91651,1547.87,completed,online,2025-10-02,NO
3810,29836,91752,127.15,completed,online,2025-10-02,NO
905,15519,93971,275.64,failed,online,2025-10-02,NO
3465,29583,94329,623.96,completed,online,2025-10-02,NO
4189,47156,95452,95.24,completed,online,2025-10-02,NO
701,46537,98821,1942.48,completed,online,2025-10-02,NO
4274,9916,108331,1290.52,completed,online,2025-10-02,NO
23,24395,111526,973.71,failed,online,2025-10-02,NO
1,47661,113235,1178.8,failed,online,2025-10-02,NO
1,1003,113825,254.22,failed,online,2025-10-02,NO
1,14755,118740,210.69,failed,online,2025-10-02,NO
2860,1383,122160,657.71,failed,online,2025-10-02,NO
3706,46491,125307,1874.47,completed,online,2025-10-02,NO
578,38778,126460,1751.1,failed,online,2025-10-02,NO
3859,25718,127466,1299.66,completed,online,2025-10-02,NO
1,46187,129136,1197.27,completed,online,2025-10-02,NO
1,27815,129307,377.72,completed,online,2025-10-02,NO
1,31936,129452,517.98,completed,online,2025-10-02,NO
4528,14394,129577,1762.42,failed,online,2025-10-02,NO
4243,46815,134092,776.54,failed,online,2025-10-02,NO
718,20890,134571,1953.21,completed,online,2025-10-02,NO
1,23535,135325,1687.7,completed,online,2025-10-02,NO
1824,18893,135781,344.8,failed,online,2025-10-02,NO
1,17269,136902,733.42,failed,online,2025-10-02,NO
2787,29892,138685,952.17,completed,online,2025-10-02,NO
1,10293,141360,1473.48,failed,online,2025-10-02,NO
3117,11020,143471,1051.66,completed,online,2025-10-02,NO
3467,41577,143601,940.89,failed,online,2025-10-02,NO
3354,45223,147125,404.26,failed,online,2025-10-02,NO
4519,37633,149053,1001.27,failed,online,2025-10-02,NO
