product_id,customer_id,transaction_id,amount,status,channel,transaction_date,fraud_flag
266,16984,3443,1733.21,completed,online,2025-10-19,NO
3252,31802,15673,862.1,completed,online,2025-10-19,NO
3494,48426,16725,420.89,failed,online,2025-10-19,NO
4166,4987,17365,80.0,failed,online,2025-10-19,NO
2920,22134,20994,484.04,failed,online,2025-10-19,NO
1,38239,21075,1989.91,completed,online,2025-10-19,NO
4709,1196,21702,579.0,failed,online,2025-10-19,NO
4024,16532,23484,861.57,completed,online,2025-10-19,NO
1963,13833,24483,863.29,failed,online,2025-10-19,NO
178,29695,24520,228.54,completed,online,2025-10-19,NO
1,7871,25338,165.54,completed,online,2025-10-19,NO
4921,25120,29208,322.58,failed,online,2025-10-19,NO
1659,3049,31045,1243.53,completed,online,2025-10-19,NO
291,5854,34928,1105.84,completed,online,2025-10-19,NO
4399,37020,37311,1505.54,completed,online,2025-10-19,NO
955,34982,37332,693.1,failed,online,2025-10-19,NO
4235,46201,39584,7970.734198885745,failed,online,2025-10-19,NO
1,18442,39799,1897.58,failed,online,2025-10-19,NO
2914,37230,40983,710.83,failed,online,2025-10-19,NO
4748,41065,41206,1077.5,completed,online,2025-10-19,NO
2492,17356,42470,205.84,failed,online,2025-10-19,NO
4571,17978,44004,440.13,failed,online,2025-10-19,NO
4671,36295,52173,1806.69,failed,online,2025-10-19,NO
3886,1780,54087,1632.86,completed,online,2025-10-19,NO
3348,35633,57686,821.11,failed,online,2025-10-19,NO
1,18846,58509,621.52,completed,online,2025-10-19,NO
64,27819,59173,151.73,failed,online,2025-10-19,NO
1,2464,60071,557.55,failed,online,2025-10-19,NO
3936,8995,65642,492.45,completed,online,2025-10-19,NO
1,13002,71901,1166.95,completed,online,2025-10-19,NO
1374,30649,72566,763.61,failed,online,2025-10-19,NO
305,27444,75095,1130.77,completed,online,2025-10-19,NO
1,47443,75624,554.8,completed,online,2025-10-19,NO
4720,27749,76180,314.44,failed,UNKNOWN,2025-10-19,NO
3533,30841,84100,333.02,completed,online,2025-10-19,NO
664,47491,84753,1699.25,failed,online,2025-10-19,NO
3205,46362,84805,340.23,completed,online,2025-10-19,NO
189,28021,90088,115.22,failed,online,2025-10-19,NO
902,47493,91276,670.45,completed,online,2025-10-19,NO
4462,31361,96564,665.45,failed,online,2025-10-19,NO
2443,11906,97639,1380.99,failed,online,2025-10-19,NO
4724,32574,98602,157.9,completed,online,2025-10-19,NO
641,14854,101185,719.55,failed,online,2025-10-19,NO
4651,3315,105343,1607.57,completed,online,2025-10-19,NO
1,3096,106160,93.24,completed,online,2025-10-19,NO
1339,15608,107689,918.17,completed,online,2025-10-19,NO
49,10827,109499,1171.35,completed,online,2025-10-19,NO
3384,12355,111365,614.91,failed,online,2025-10-19,NO
1,27177,111799,348.23,failed,online,2025-10-19,NO
2468,9045,113646,213.59,completed,online,2025-10-19,NO
1,34296,116039,1314.94,failed,online,2025-10-19,NO
1,41714,118760,796.37,failed,online,2025-10-19,NO
508,44173,121462,58.79,failed,online,2025-10-19,NO
4689,26997,122597,1609.84,failed,online,2025-10-19,NO
1,46526,126062,86.74,completed,online,2025-10-19,NO
271,37718,127948,343.23,completed,online,2025-10-19,NO
842,7150,129510,173.43,completed,online,2025-10-19,NO
1,47441,130630,955.35,completed,online,2025-10-19,NO
4926,13706,131421,359.99,failed,online,2025-10-19,NO
215,30931,132751,322.6,failed,online,2025-10-19,NO
1,3797,132850,765.21,failed,online,2025-10-19,NO
3949,46740,133096,569.21,completed,online,2025-10-19,NO
1804,43279,133742,1109.89,failed,online,2025-10-19,NO
2927,33866,137118,1432.08,failed,online,2025-10-19,NO
432,21898,146622,291.75,completed,online,2025-10-19,NO
3065,36848,146849,1735.6,failed,online,2025-10-19,NO
1,44605,149017,172.3,completed,online,2025-10-19,NO
777,25241,760,1018.18,failed,online,2025-06-08,NO
1,40959,2374,1169.36,failed,online,2025-06-08,NO
1996,12582,4074,430.2,failed,online,2025-06-08,NO
2545,42370,5728,991.51,completed,online,2025-06-08,NO
1564,23072,5870,113.2,completed,online,2025-06-08,NO
3639,2472,6149,1546.16,completed,online,2025-06-08,NO
3875,1532,7425,1527.43,completed,online,2025-06-08,NO
229,6076,8204,1073.71,failed,online,2025-06-08,NO
1980,1029,10243,1675.86,completed,online,2025-06-08,NO
422,17688,11741,550.78,failed,online,2025-06-08,NO
1,49531,17271,1557.27,completed,online,2025-06-08,NO
3861,38490,22046,782.41,failed,online,2025-06-08,NO
3432,2328,23725,1259.09,completed,online,2025-06-08,NO
4933,19930,25934,1689.51,completed,online,2025-06-08,NO
646,45698,26607,621.0,failed,online,2025-06-08,NO
322,27267,31999,29.56,completed,online,2025-06-08,NO
4854,10616,36704,1697.4,failed,online,2025-06-08,NO
307,9814,37537,401.68,failed,online,2025-06-08,NO
2136,23440,38554,897.55,completed,online,2025-06-08,NO
2957,2872,39211,1751.65,failed,online,2025-06-08,NO
2770,44118,39336,402.58,completed,online,2025-06-08,NO
1115,7774,41336,1987.34,completed,online,2025-06-08,NO
196,8601,43040,1597.18,completed,online,2025-06-08,NO
1786,7906,44471,70.91,completed,online,2025-06-08,NO
1,11461,45099,1903.77,completed,online,2025-06-08,NO
1,5517,46714,1238.41,failed,online,2025-06-08,NO
1,29280,48916,1247.93,failed,online,2025-06-08,NO
1,46152,50459,1751.2,failed,online,2025-06-08,NO
1,48402,50715,1063.52,completed,online,2025-06-08,NO
2107,42707,61391,762.11,completed,online,2025-06-08,NO
3573,30171,63941,977.18,completed,online,2025-06-08,NO
1463,29558,65106,177.62,completed,online,2025-06-08,NO
2655,49144,65745,667.75,failed,online,2025-06-08,NO
1,34756,67099,322.18,completed,online,2025-06-08,NO
174,25478,67632,1002.55,failed,online,2025-06-08,NO
4388,31005,68571,1168.56,failed,online,2025-06-08,NO
480,11931,69929,355.67,completed,online,2025-06-08,NO
1,29205,70117,68.5,failed,online,2025-06-08,NO
703,41238,70357,1628.57,completed,online,2025-06-08,NO
1005,39056,70665,792.21,failed,online,2025-06-08,NO
1,37862,71568,1246.63,failed,online,2025-06-08,NO
2047,2032,73069,376.6,failed,online,2025-06-08,NO
1,37675,79472,1596.56,completed,online,2025-06-08,NO
1445,41023,80486,1159.76,failed,online,2025-06-08,NO
981,631,83767,1402.35,completed,online,2025-06-08,NO
1170,1250,85131,1229.16,completed,online,2025-06-08,NO
1,16433,88313,1777.82,failed,online,2025-06-08,NO
1,12294,88903,457.39,failed,online,2025-06-08,NO
3057,8709,89421,639.99,failed,online,2025-06-08,NO
4310,12876,93360,1175.67,failed,online,2025-06-08,NO
2628,18115,94660,1846.18,completed,online,2025-06-08,NO
23,40735,94845,1657.62,completed,online,2025-06-08,NO
457,29368,95555,128.67,completed,online,2025-06-08,NO
1034,1184,97232,715.01,failed,online,2025-06-08,NO
3806,31793,107196,1034.14,completed,online,2025-06-08,NO
1710,18009,107617,287.74,completed,online,2025-06-08,NO
316,4967,108900,961.77,completed,online,2025-06-08,NO
4668,38516,110339,1775.88,completed,online,2025-06-08,NO
3037,40389,119385,832.58,failed,online,2025-06-08,NO
2617,22088,122634,1258.82,completed,online,2025-06-08,NO
1,47716,122819,1067.36,completed,online,2025-06-08,NO
1497,33844,129732,600.5,failed,online,2025-06-08,NO
3347,38973,132100,1576.35,failed,online,2025-06-08,NO
2710,49748,132221,426.9,completed,online,2025-06-08,NO
3713,4285,133576,102.02,completed,online,2025-06-08,NO
3478,18414,141469,783.68,completed,online,2025-06-08,NO
2742,36254,145611,224.67,failed,online,2025-06-08,NO
1763,24108,1312,1477.63,completed,online,2025-02-15,NO
3063,36369,2773,1734.69,failed,online,2025-02-15,NO
203,8530,10102,1049.55,failed,online,2025-02-15,NO
1340,3066,10437,1826.32,failed,online,2025-02-15,NO
2375,44350,11789,664.89,failed,online,2025-02-15,NO
4105,47754,14022,159.45,failed,online,2025-02-15,NO
211,24531,14046,1267.14,failed,online,2025-02-15,NO
1416,37552,15690,304.85,completed,online,2025-02-15,NO
4048,31222,16523,863.38,failed,online,2025-02-15,NO
2751,17825,16604,1092.4,completed,online,2025-02-15,NO
4956,6508,17317,910.41,completed,online,2025-02-15,NO
1,25829,17973,716.35,failed,online,2025-02-15,NO
3289,7393,25789,1761.38,failed,online,2025-02-15,NO
1274,7311,26595,185.75,completed,online,2025-02-15,NO
1,14665,26821,1172.63,completed,online,2025-02-15,NO
2442,26720,31717,1717.71,failed,online,2025-02-15,NO
4424,8678,34635,1865.12,failed,online,2025-02-15,NO
4819,39713,35668,583.1,completed,online,2025-02-15,NO
2355,45540,35781,412.29,failed,online,2025-02-15,NO
1,35719,40230,1046.29,completed,online,2025-02-15,NO
2528,26236,40984,1566.42,failed,online,2025-02-15,NO
1,38453,41892,1395.01,failed,online,2025-02-15,NO
2380,39051,42902,537.25,completed,online,2025-02-15,NO
4199,11533,44918,1016.57,completed,online,2025-02-15,NO
1,16260,47542,189.49,failed,online,2025-02-15,NO
3534,35757,47889,535.84,failed,online,2025-02-15,NO
1,4513,49354,437.27,failed,online,2025-02-15,NO
1,17907,51058,180.42,failed,online,2025-02-15,NO
1374,40287,53148,1900.55,failed,online,2025-02-15,NO
1736,23630,55578,516.65,completed,online,2025-02-15,NO
1,41766,64710,1690.95,completed,online,2025-02-15,NO
2598,41665,65146,1834.29,failed,online,2025-02-15,NO
43,17788,67061,1673.4,failed,online,2025-02-15,NO
3387,6458,71594,1095.12,failed,online,2025-02-15,NO
3195,8792,72709,1496.26,completed,online,2025-02-15,NO
1123,34577,74613,395.99,failed,online,2025-02-15,NO
2717,20122,74722,441.74,failed,online,2025-02-15,NO
4877,11673,78395,695.78,completed,online,2025-02-15,NO
3857,39622,79349,1599.0,failed,online,2025-02-15,NO
3795,7016,80020,1808.1,completed,online,2025-02-15,NO
2947,5720,83148,1092.57,completed,online,2025-02-15,NO
1085,9934,85779,1309.66,completed,online,2025-02-15,NO
2813,41148,87178,796.06,failed,online,2025-02-15,NO
2703,12022,87852,507.97,completed,online,2025-02-15,NO
3340,902,88110,765.78,failed,online,2025-02-15,NO
117,6322,88725,1199.75,failed,online,2025-02-15,NO
1301,11862,88970,553.31,failed,online,2025-02-15,NO
1,36124,89501,1878.59,failed,online,2025-02-15,NO
1878,34433,99583,1115.39,completed,online,2025-02-15,NO
3482,45012,99924,1775.36,failed,online,2025-02-15,NO
1,23492,100075,1086.58,failed,online,2025-02-15,NO
1574,16949,101933,608.13,completed,online,2025-02-15,NO
1,34957,103081,1947.35,completed,online,2025-02-15,NO
2426,29734,107210,1391.17,failed,online,2025-02-15,NO
819,27384,107349,1333.59,failed,online,2025-02-15,NO
1629,26348,112059,1175.52,failed,online,2025-02-15,NO
3736,47106,113971,1865.55,failed,online,2025-02-15,NO
1667,28701,114277,1991.17,completed,online,2025-02-15,NO
1,14679,126814,1904.03,failed,online,2025-02-15,NO
2211,16619,137015,684.3,completed,online,2025-02-15,NO
1523,817,138516,578.7,failed,online,2025-02-15,NO
3055,25718,142581,1372.82,completed,online,2025-02-15,NO
817,48240,143783,1217.52,failed,online,2025-02-15,NO
4987,30662,145626,424.4,failed,online,2025-02-15,NO
701,45569,146409,1347.42,failed,online,2025-02-15,NO
2200,38935,147986,1964.02,completed,online,2025-02-15,NO
1540,30423,148499,1810.62,failed,online,2025-02-15,NO
701,32527,1953,593.9,completed,online,2025-09-03,NO
1788,48632,2154,1337.93,failed,online,2025-09-03,NO
4761,20773,10508,1557.42,failed,online,2025-09-03,NO
3211,26045,11976,395.76,failed,online,2025-09-03,NO
2610,33497,13522,1616.11,failed,online,2025-09-03,NO
2445,3753,14390,1543.14,failed,online,2025-09-03,NO
4131,5321,17363,1573.59,failed,online,2025-09-03,NO
2099,31897,20055,1378.49,failed,online,2025-09-03,NO
2251,46514,20401,1427.1,failed,online,2025-09-03,NO
3334,17144,21341,1164.15,failed,UNKNOWN,2025-09-03,NO
4312,48374,24620,1633.59,failed,online,2025-09-03,NO
4598,8522,28637,674.83,completed,online,2025-09-03,NO
1,27918,29138,288.09,completed,online,2025-09-03,NO
1,35376,29774,1251.06,failed,online,2025-09-03,NO
2581,7850,31174,43.36,completed,online,2025-09-03,NO
2790,35129,33248,1201.93,completed,online,2025-09-03,NO
1588,19318,36306,782.63,completed,online,2025-09-03,NO
2812,11659,39794,655.7,completed,online,2025-09-03,NO
3142,11506,44803,579.34,completed,online,2025-09-03,NO
4419,39940,45576,358.14,failed,online,2025-09-03,NO
1354,27248,47462,1287.96,failed,online,2025-09-03,NO
1,1970,54543,105.14,completed,online,2025-09-03,NO
3383,3260,56300,218.13,failed,online,2025-09-03,NO
1,3301,56418,158.15,completed,online,2025-09-03,NO
2362,12146,58147,387.86,completed,online,2025-09-03,NO
2976,10434,59028,1286.13,failed,online,2025-09-03,NO
1582,32196,59155,127.58,failed,online,2025-09-03,NO
225,39933,61278,997.13,failed,online,2025-09-03,NO
1685,36617,63038,435.67,failed,online,2025-09-03,NO
1,41188,63670,1181.24,failed,online,2025-09-03,NO
1,2965,64936,299.1,failed,online,2025-09-03,NO
2715,29688,68356,570.56,failed,online,2025-09-03,NO
3455,32248,71271,795.73,failed,online,2025-09-03,NO
1559,11618,74659,1954.73,failed,online,2025-09-03,NO
143,29038,76017,963.25,completed,online,2025-09-03,NO
1,17226,79445,1879.84,completed,online,2025-09-03,NO
1766,31679,81387,1337.23,completed,online,2025-09-03,NO
2223,21013,81840,1849.7,completed,online,2025-09-03,NO
1846,33413,85344,290.43,completed,online,2025-09-03,NO
3622,13882,87107,182.66,failed,online,2025-09-03,NO
1442,6494,88581,1742.07,completed,online,2025-09-03,NO
4150,9429,88669,155.5,completed,online,2025-09-03,NO
4175,24558,95129,25.1,failed,online,2025-09-03,NO
3379,5036,96855,1152.77,completed,online,2025-09-03,NO
1,22342,97676,321.87,completed,online,2025-09-03,NO
2151,5725,103430,1500.05,completed,online,2025-09-03,NO
2517,30275,103861,893.66,failed,online,2025-09-03,NO
2521,34555,105067,1001.37,failed,online,2025-09-03,NO
3116,25464,105373,1433.51,failed,online,2025-09-03,NO
1,2154,108307,1446.53,completed,online,2025-09-03,NO
1,37959,117743,1762.06,failed,online,2025-09-03,NO
3134,43057,121277,52.72,failed,online,2025-09-03,NO
831,21216,123626,200.45,failed,online,2025-09-03,NO
1,1529,124586,1766.73,completed,online,2025-09-03,NO
4902,40027,125974,1712.09,failed,online,2025-09-03,NO
4411,34890,126137,332.06,failed,online,2025-09-03,NO
3648,42848,129296,72.18,failed,online,2025-09-03,NO
525,14852,131446,1593.55,failed,online,2025-09-03,NO
4454,7796,132613,1985.37,failed,online,2025-09-03,NO
56,31362,133073,1969.25,failed,online,2025-09-03,NO
1,49948,134178,1649.2,completed,online,2025-09-03,NO
4799,4464,137307,1128.96,failed,online,2025-09-03,NO
3574,7503,141929,322.88,failed,online,2025-09-03,NO
4340,24727,143369,1026.22,completed,online,2025-09-03,NO
913,1341,145860,990.35,completed,online,2025-09-03,NO
2993,39347,147712,1243.79,completed,online,2025-09-03,NO
4096,5216,148760,436.83,failed,online,2025-09-03,NO
1374,48745,534,376.68,completed,online,2025-10-17,NO
334,7237,3063,1815.47,failed,online,2025-10-17,NO
1,14422,13580,974.45,completed,online,2025-10-17,NO
1,35066,15035,92.35,failed,online,2025-10-17,NO
1792,16158,16489,1374.29,failed,online,2025-10-17,NO
1475,40663,19223,950.14,failed,online,2025-10-17,NO
1216,25790,19623,524.55,completed,online,2025-10-17,NO
3483,25144,29848,1758.67,completed,online,2025-10-17,NO
1796,42740,30270,1011.34,failed,online,2025-10-17,NO
3975,12926,35968,1506.36,failed,online,2025-10-17,NO
1391,8133,36157,1656.14,failed,online,2025-10-17,NO
321,35380,37185,1085.08,completed,online,2025-10-17,NO
2496,43339,39899,241.77,completed,online,2025-10-17,NO
981,21595,40948,1779.14,completed,online,2025-10-17,NO
1218,8218,40957,506.81,failed,online,2025-10-17,NO
1605,48679,41034,1241.16,failed,online,2025-10-17,NO
4866,21131,41108,442.18,failed,online,2025-10-17,NO
1642,2664,41288,1663.5,completed,online,2025-10-17,NO
2079,858,43114,1805.83,failed,online,2025-10-17,NO
1966,995,44068,1653.71,failed,online,2025-10-17,NO
1,6095,54292,1061.18,completed,online,2025-10-17,NO
2500,39394,57507,1991.62,completed,online,2025-10-17,NO
323,25515,61157,826.47,completed,online,2025-10-17,NO
1130,1066,64150,195.95,failed,online,2025-10-17,NO
4276,8145,64283,1146.01,failed,online,2025-10-17,NO
3743,31489,70494,468.59,completed,online,2025-10-17,NO
2621,45431,77389,228.36,completed,online,2025-10-17,NO
4997,18304,79909,639.55,completed,online,2025-10-17,NO
3575,48353,82627,969.96,failed,online,2025-10-17,NO
1126,45259,85868,1456.59,completed,online,2025-10-17,NO
1615,17958,89971,1962.21,completed,online,2025-10-17,NO
1,22290,91122,678.64,completed,online,2025-10-17,NO
164,6492,93337,98.37,completed,online,2025-10-17,NO
3477,17179,93624,1922.81,completed,online,2025-10-17,NO
1836,22665,94250,441.98,completed,online,2025-10-17,NO
1,5748,95354,1744.71,failed,online,2025-10-17,NO
2381,19133,97540,896.03,completed,online,2025-10-17,NO
3100,23560,98452,637.14,failed,online,2025-10-17,NO
4621,33252,98567,225.03,failed,online,2025-10-17,NO
2036,26698,108362,780.94,failed,online,2025-10-17,NO
1421,21211,109295,1764.51,failed,online,2025-10-17,NO
1444,3503,113074,1237.74,completed,online,2025-10-17,NO
1237,12151,116652,1268.9,failed,online,2025-10-17,NO
3174,21386,117227,1596.49,failed,online,2025-10-17,NO
1947,34878,117669,1604.41,failed,online,2025-10-17,NO
1734,27614,119186,1415.54,completed,online,2025-10-17,NO
3615,20524,121996,997.86,completed,online,2025-10-17,NO
2579,1826,123994,514.63,failed,online,2025-10-17,NO
1,48117,126217,1412.78,completed,online,2025-10-17,NO
347,39809,129799,1342.87,completed,online,2025-10-17,NO
1,1287,130273,1025.54,completed,online,2025-10-17,NO
1161,26858,133338,1748.53,failed,online,2025-10-17,NO
1,41954,133750,697.01,completed,online,2025-10-17,NO
4586,2550,133944,1948.4,completed,online,2025-10-17,NO
433,8800,134168,1230.78,failed,online,2025-10-17,NO
4668,33680,135058,568.94,completed,online,2025-10-17,NO
4422,3346,135401,638.16,completed,online,2025-10-17,NO
1862,22868,136331,1060.74,failed,online,2025-10-17,NO
1600,39383,137554,1205.83,completed,online,2025-10-17,NO
3651,7999,138158,455.59,completed,online,2025-10-17,NO
1,15091,141733,854.08,completed,online,2025-10-17,NO
1,7262,142434,112.86,failed,online,2025-10-17,NO
4793,10473,144652,972.31,failed,online,2025-10-17,NO
974,25701,147626,1327.27,failed,online,2025-10-17,NO
1756,42726,148650,901.33,failed,online,2025-10-17,NO
2966,29840,148661,808.24,failed,online,2025-10-17,NO
3131,47507,2742,1736.15,completed,online,2025-09-18,NO
5,36038,3119,572.25,completed,online,2025-09-18,NO
4111,9584,10918,690.6,failed,online,2025-09-18,NO
3825,26988,10996,1219.22,failed,online,2025-09-18,NO
1,5128,11029,565.63,failed,online,2025-09-18,NO
3496,11787,13255,834.86,completed,online,2025-09-18,NO
3796,43788,23769,784.39,failed,online,2025-09-18,NO
1,13117,24797,816.23,failed,online,2025-09-18,NO
2369,4824,26447,1865.53,failed,online,2025-09-18,NO
1,13440,26483,401.87,completed,online,2025-09-18,NO
594,9085,26660,1762.04,failed,online,2025-09-18,NO
3544,20898,30615,1731.61,failed,online,2025-09-18,NO
2886,44721,31950,600.27,completed,online,2025-09-18,NO
560,13206,36998,1848.37,completed,online,2025-09-18,NO
481,43909,38800,1304.1,failed,online,2025-09-18,NO
1,13652,39446,283.49,completed,online,2025-09-18,NO
55,32176,39537,752.64,failed,online,2025-09-18,NO
2216,8902,41440,581.97,completed,online,2025-09-18,NO
1977,25796,42471,403.74,completed,online,2025-09-18,NO
1987,36014,45279,1444.8,failed,online,2025-09-18,NO
982,44959,45296,1344.93,completed,online,2025-09-18,NO
4327,33736,47253,811.82,failed,online,2025-09-18,NO
3201,24534,47685,1961.13,failed,online,2025-09-18,NO
1,30072,51482,964.25,completed,online,2025-09-18,NO
4862,23496,54218,1189.64,failed,online,2025-09-18,NO
1,43491,56376,1877.36,completed,online,2025-09-18,NO
482,40913,57040,732.47,failed,online,2025-09-18,NO
1567,49409,57677,1603.65,completed,online,2025-09-18,NO
1,18566,58087,299.95,completed,online,2025-09-18,NO
3932,33198,65102,579.1,failed,online,2025-09-18,NO
3706,30378,65547,1095.21,failed,online,2025-09-18,NO
4339,44127,67799,1574.93,completed,online,2025-09-18,NO
3143,47507,69079,363.22,failed,online,2025-09-18,NO
1,36013,70122,473.79,completed,online,2025-09-18,NO
4591,34610,70431,852.18,completed,online,2025-09-18,NO
864,40503,73764,1383.95,completed,online,2025-09-18,NO
1,17076,74845,409.93,failed,online,2025-09-18,NO
1,27062,77195,1392.18,failed,online,2025-09-18,NO
145,48630,81982,888.92,failed,online,2025-09-18,NO
3684,45470,82088,1182.95,failed,online,2025-09-18,NO
1,43772,82849,1682.24,failed,online,2025-09-18,NO
1624,18606,83645,1886.18,failed,online,2025-09-18,NO
3196,48489,86606,1127.64,completed,online,2025-09-18,NO
1,457,87478,653.38,failed,online,2025-09-18,NO
3184,27706,88870,1176.5,completed,online,2025-09-18,NO
3570,30266,89470,1759.34,completed,online,2025-09-18,NO
2915,31337,89651,1329.58,failed,online,2025-09-18,NO
998,9278,98570,1029.95,completed,online,2025-09-18,NO
1022,52,98710,267.05,failed,online,2025-09-18,NO
1,43745,104125,1688.98,failed,online,2025-09-18,NO
1165,26440,104372,371.88,failed,online,2025-09-18,NO
2274,48768,105679,1732.61,failed,online,2025-09-18,NO
1,11179,106491,1177.14,failed,online,2025-09-18,NO
45,14891,107728,1771.34,completed,online,2025-09-18,NO
1520,15831,111724,236.77,failed,online,2025-09-18,NO
1432,14346,112561,448.1,failed,online,2025-09-18,NO
3812,15533,115828,1135.81,completed,online,2025-09-18,NO
1372,30297,118683,1150.64,completed,online,2025-09-18,NO
1285,39639,123395,1644.54,failed,online,2025-09-18,NO
1,35868,125069,1159.22,completed,online,2025-09-18,NO
4885,46288,129515,140.67,failed,online,2025-09-18,NO
1,18097,131601,714.46,completed,online,2025-09-18,NO
1548,28813,133126,129.29,completed,online,2025-09-18,NO
2755,7351,134225,69.19,failed,online,2025-09-18,NO
1583,6269,135751,1482.6,failed,online,2025-09-18,NO
384,35875,139041,1738.36,completed,online,2025-09-18,NO
1,7941,141706,1930.67,failed,online,2025-09-18,NO
1178,48097,2532,867.35,completed,online,2025-11-22,NO
1288,21467,7351,513.46,failed,online,2025-11-22,NO
1878,45379,11452,1912.35,failed,online,2025-11-22,NO
3327,29587,12385,329.26,failed,online,2025-11-22,NO
1781,44785,12556,1312.2,failed,online,2025-11-22,NO
209,43586,13751,755.05,completed,online,2025-11-22,NO
1362,4522,18105,1505.42,failed,online,2025-11-22,NO
1,32255,19752,190.79,failed,online,2025-11-22,NO
1188,15528,22173,1160.94,failed,online,2025-11-22,NO
4456,2467,22863,614.36,failed,online,2025-11-22,NO
1,35119,23038,1187.71,completed,online,2025-11-22,NO
3230,20200,23866,331.88,completed,online,2025-11-22,NO
250,25880,27477,1595.82,failed,online,2025-11-22,NO
248,26964,27628,138.34,failed,online,2025-11-22,NO
4674,31456,30923,1077.23,failed,online,2025-11-22,NO
3766,2683,32109,107.76,failed,UNKNOWN,2025-11-22,NO
177,26624,32414,254.51,completed,online,2025-11-22,NO
4032,2428,32736,753.81,completed,online,2025-11-22,NO
2926,10777,38127,1466.6,failed,online,2025-11-22,NO
1,30958,39716,1913.9,completed,online,2025-11-22,NO
2451,40591,42550,952.83,failed,online,2025-11-22,NO
1,2294,45713,1643.49,failed,online,2025-11-22,NO
997,11552,49944,1857.66,completed,online,2025-11-22,NO
4604,31669,51501,96.17,failed,online,2025-11-22,NO
230,7244,51758,99.08,failed,online,2025-11-22,NO
1,14400,53029,1619.81,completed,online,2025-11-22,NO
351,22133,53810,223.78,failed,online,2025-11-22,NO
3285,34954,57046,532.25,failed,online,2025-11-22,NO
1,639,58659,198.36,failed,online,2025-11-22,NO
4210,15300,59817,329.4,completed,online,2025-11-22,NO
1,10050,60100,655.5,completed,online,2025-11-22,NO
1249,14653,62645,602.29,failed,online,2025-11-22,NO
2910,26660,69456,23.19,completed,online,2025-11-22,NO
2940,7411,72637,987.25,completed,online,2025-11-22,NO
1,20781,73870,1034.04,failed,online,2025-11-22,NO
1,2950,75047,1112.45,failed,online,2025-11-22,NO
1802,15719,78173,1151.8,failed,online,2025-11-22,NO
664,16462,79538,327.42,completed,online,2025-11-22,NO
1,878,80439,1453.3,failed,online,2025-11-22,NO
1,42785,81195,945.76,completed,online,2025-11-22,NO
1514,10273,84554,341.07,completed,online,2025-11-22,NO
2442,37229,84723,225.28,failed,online,2025-11-22,NO
1,12139,86750,769.56,failed,UNKNOWN,2025-11-22,NO
3901,28431,90836,839.74,completed,online,2025-11-22,NO
2669,3977,93090,1196.74,failed,online,2025-11-22,NO
1,37905,95326,1919.09,completed,online,2025-11-22,NO
1,445,96072,761.51,failed,online,2025-11-22,NO
4100,13200,97455,1819.29,failed,online,2025-11-22,NO
2112,4756,100900,1717.28,completed,online,2025-11-22,NO
3910,24670,101537,1471.08,completed,online,2025-11-22,NO
2622,18349,102931,1413.6,failed,online,2025-11-22,NO
1,13528,105304,1421.05,completed,online,2025-11-22,NO
259,28093,106876,1432.49,completed,online,2025-11-22,NO
3124,8759,107508,1170.26,completed,online,2025-11-22,NO
1098,22802,116843,177.49,completed,online,2025-11-22,NO
1016,7969,119041,859.59,completed,online,2025-11-22,NO
4241,34005,119219,1854.13,failed,UNKNOWN,2025-11-22,NO
1770,43882,120262,423.19,failed,online,2025-11-22,NO
296,46641,120320,644.52,failed,online,2025-11-22,NO
1,2484,127695,760.26,failed,online,2025-11-22,NO
4916,2222,134350,1951.35,completed,online,2025-11-22,NO
2908,47012,139362,690.98,completed,online,2025-11-22,NO
4072,29777,140091,558.21,completed,online,2025-11-22,NO
1543,20796,140715,1874.11,failed,online,2025-11-22,NO
971,37602,142382,426.53,completed,online,2025-11-22,NO
1782,42655,143054,1583.1,completed,online,2025-11-22,NO
4504,49529,143056,181.24,failed,online,2025-11-22,NO
1,1198,3355,1460.47,completed,online,2025-03-07,NO
2728,48008,9661,934.01,failed,online,2025-03-07,NO
1,37601,11417,1245.73,failed,online,2025-03-07,NO
1213,49603,13874,1679.92,failed,online,2025-03-07,NO
872,19733,15988,1608.96,failed,online,2025-03-07,NO
148,15071,18114,1703.7,failed,online,2025-03-07,NO
4972,42520,19656,195.92,completed,online,2025-03-07,NO
1604,31610,21819,535.69,failed,online,2025-03-07,NO
1783,49906,22411,554.83,failed,online,2025-03-07,NO
3787,22854,23283,775.4,completed,online,2025-03-07,NO
3708,47125,24748,176.18,completed,online,2025-03-07,NO
721,7011,26118,1319.51,failed,online,2025-03-07,NO
785,17787,30562,1427.22,failed,online,2025-03-07,NO
3570,27,32193,437.79,completed,online,2025-03-07,NO
1,8340,34477,1768.92,completed,online,2025-03-07,NO
1,27909,35521,1079.48,failed,online,2025-03-07,NO
4638,1278,40160,1503.51,completed,online,2025-03-07,NO
329,34789,44092,764.82,failed,online,2025-03-07,NO
2444,6413,46585,1184.61,failed,online,2025-03-07,NO
310,49291,52518,913.56,failed,online,2025-03-07,NO
3634,8908,52831,192.68,failed,online,2025-03-07,NO
4109,49215,54740,744.63,completed,online,2025-03-07,NO
4289,48767,54793,280.63,failed,online,2025-03-07,NO
1,38060,55294,974.13,completed,online,2025-03-07,NO
3857,3100,59867,728.15,failed,online,2025-03-07,NO
4900,38314,67664,67.46,completed,online,2025-03-07,NO
1287,5017,68010,453.22,completed,online,2025-03-07,NO
56,19551,68435,1726.05,completed,online,2025-03-07,NO
1,48665,71059,1424.21,failed,online,2025-03-07,NO
1,37474,75770,1780.06,failed,online,2025-03-07,NO
867,6518,78688,152.94,completed,online,2025-03-07,NO
2374,20202,79014,1599.51,failed,online,2025-03-07,NO
1271,7737,82330,782.93,completed,online,2025-03-07,NO
1724,35651,83217,880.41,failed,online,2025-03-07,NO
3544,17143,83988,1486.73,failed,online,2025-03-07,NO
376,28420,86283,394.88,completed,online,2025-03-07,NO
3888,41472,89955,658.09,failed,online,2025-03-07,NO
2325,2250,92391,1516.78,completed,online,2025-03-07,NO
3862,26991,93690,1192.34,failed,online,2025-03-07,NO
496,35761,94382,280.36,completed,online,2025-03-07,NO
2252,2224,96716,735.91,completed,online,2025-03-07,NO
3727,3986,97095,746.8,completed,online,2025-03-07,NO
4475,12624,99990,894.11,completed,online,2025-03-07,NO
907,10222,100591,294.65,completed,online,2025-03-07,NO
2431,21030,100671,889.87,completed,online,2025-03-07,NO
1,40206,100764,1008.29,completed,online,2025-03-07,NO
1,49588,101416,506.05,completed,online,2025-03-07,NO
1490,12665,101875,1006.81,failed,online,2025-03-07,NO
2332,13128,104824,479.09,failed,online,2025-03-07,NO
1,4293,106039,439.61,completed,online,2025-03-07,NO
1375,45473,113305,583.09,completed,online,2025-03-07,NO
4083,33614,114729,1279.87,failed,online,2025-03-07,NO
1782,43851,118681,1440.86,failed,online,2025-03-07,NO
1,6379,124964,212.36,failed,online,2025-03-07,NO
246,42280,125083,1368.56,completed,online,2025-03-07,NO
4960,35911,132645,1496.7,failed,online,2025-03-07,NO
1500,19759,134461,1467.91,completed,online,2025-03-07,NO
4995,34673,137815,35.09,completed,online,2025-03-07,NO
4974,20722,139492,950.48,completed,online,2025-03-07,NO
508,48646,142991,8033.57372092012,completed,online,2025-03-07,NO
1,36028,143162,155.61,completed,online,2025-03-07,NO
3404,2799,144413,1848.57,failed,online,2025-03-07,NO
318,21420,144716,603.27,failed,online,2025-03-07,NO
246,2900,145040,490.23,failed,online,2025-03-07,NO
3437,48611,145565,1121.01,failed,online,2025-03-07,NO
2351,14033,146657,1509.84,completed,online,2025-03-07,NO
4895,205,4057,120.98,failed,online,2025-12-06,NO
746,48245,4744,1923.03,completed,online,2025-12-06,NO
1298,16398,5654,233.82,completed,online,2025-12-06,NO
4913,35789,6964,1395.82,failed,online,2025-12-06,NO
3115,47220,8096,301.16,failed,online,2025-12-06,NO
3781,6829,19102,1303.91,completed,online,2025-12-06,NO
957,32530,21244,1638.27,failed,online,2025-12-06,NO
913,47036,22551,1838.55,completed,online,2025-12-06,NO
1,35314,23322,1906.65,failed,online,2025-12-06,NO
3573,12479,25138,1543.5,failed,online,2025-12-06,NO
1,11786,28105,756.45,failed,online,2025-12-06,NO
1,47152,28820,1003.0,failed,online,2025-12-06,NO
4124,19005,32072,408.83,failed,online,2025-12-06,NO
3266,16626,32368,1015.8,failed,online,2025-12-06,NO
4408,28252,33998,1712.28,failed,online,2025-12-06,NO
521,27877,37131,1932.54,failed,online,2025-12-06,NO
1,24402,38084,689.0,completed,online,2025-12-06,NO
2965,30762,38116,334.49,completed,online,2025-12-06,NO
2198,19270,38301,1668.65,completed,online,2025-12-06,NO
1,49768,38808,130.67,completed,online,2025-12-06,NO
978,42950,45636,1007.05,failed,online,2025-12-06,NO
3502,20759,47333,199.53,failed,online,2025-12-06,NO
1,11099,49109,717.69,failed,online,2025-12-06,NO
372,34018,54001,390.94,failed,online,2025-12-06,NO
399,16225,54217,793.53,failed,online,2025-12-06,NO
1,18525,55939,1102.37,failed,online,2025-12-06,NO
1,22154,57743,1196.43,failed,online,2025-12-06,NO
1255,14450,59366,896.96,failed,online,2025-12-06,NO
2087,10096,60290,1499.07,failed,online,2025-12-06,NO
2744,26178,66409,1896.72,completed,online,2025-12-06,NO
1,4805,67749,426.32,failed,online,2025-12-06,NO
4862,30130,73512,1447.08,completed,online,2025-12-06,NO
1,7851,79741,1227.64,completed,online,2025-12-06,NO
4818,39252,81628,862.66,completed,online,2025-12-06,NO
2299,1344,81681,366.51,failed,online,2025-12-06,NO
1048,32284,83349,191.15,failed,online,2025-12-06,NO
1,31158,84101,1642.8,failed,online,2025-12-06,NO
1,22245,87118,269.84,failed,online,2025-12-06,NO
1,308,87819,71.95,completed,UNKNOWN,2025-12-06,NO
2513,45734,91915,1799.17,completed,online,2025-12-06,NO
3803,3412,94073,1941.45,failed,online,2025-12-06,NO
3632,37212,94467,565.32,failed,online,2025-12-06,NO
426,4019,98038,640.45,failed,online,2025-12-06,NO
425,33442,99739,459.44,failed,online,2025-12-06,NO
1787,36546,101646,1910.89,completed,online,2025-12-06,NO
3764,48001,104675,18.41,failed,online,2025-12-06,NO
2389,43407,106530,302.05,completed,online,2025-12-06,NO
1574,2508,108289,937.28,completed,online,2025-12-06,NO
4879,42693,108963,803.31,failed,online,2025-12-06,NO
3144,32898,110481,210.66,completed,online,2025-12-06,NO
1,6549,112517,605.63,completed,online,2025-12-06,NO
1,43308,113704,1290.91,failed,online,2025-12-06,NO
4462,20924,115699,287.51,failed,online,2025-12-06,NO
3894,38621,118029,1645.33,failed,online,2025-12-06,NO
852,43157,118670,1577.54,completed,online,2025-12-06,NO
1,39730,119601,1025.65,failed,online,2025-12-06,NO
1699,24255,120353,1655.23,failed,online,2025-12-06,NO
594,44455,127931,1179.74,failed,online,2025-12-06,NO
1,8666,130359,1107.52,completed,online,2025-12-06,NO
1,41942,131886,1747.8,completed,online,2025-12-06,NO
1,43509,131925,1864.66,completed,online,2025-12-06,NO
4145,21396,135899,1823.45,failed,online,2025-12-06,NO
425,7355,144793,981.29,completed,online,2025-12-06,NO
4565,37894,145442,1317.28,failed,online,2025-12-06,NO
3537,31369,147066,1891.19,completed,online,2025-12-06,NO
3370,999,147793,334.77,completed,online,2025-12-06,NO
4532,11482,148655,1917.58,failed,online,2025-12-06,NO
603,26838,3994,930.69,failed,online,2025-10-20,NO
372,45579,5677,1405.04,completed,online,2025-10-20,NO
1,35022,6796,1635.16,failed,online,2025-10-20,NO
3237,40817,6870,1918.52,failed,online,2025-10-20,NO
1343,22860,7024,899.83,completed,online,2025-10-20,NO
4380,46141,7077,747.57,completed,online,2025-10-20,NO
2097,14655,8125,680.73,completed,online,2025-10-20,NO
4093,30847,17474,654.1,failed,online,2025-10-20,NO
1604,29,18277,506.59,completed,online,2025-10-20,NO
1,31162,19668,279.07,failed,online,2025-10-20,NO
778,29009,22415,123.78,failed,online,2025-10-20,NO
1250,4879,23146,1057.19,completed,online,2025-10-20,NO
1,34152,24658,1556.03,completed,online,2025-10-20,NO
958,2483,24998,909.73,completed,online,2025-10-20,NO
1,37332,26748,612.39,completed,online,2025-10-20,NO
3794,39719,28751,1295.51,completed,online,2025-10-20,NO
892,48901,34159,526.01,completed,online,2025-10-20,NO
1,1296,35989,1789.04,completed,online,2025-10-20,NO
1,45946,40028,1540.85,completed,online,2025-10-20,NO
4797,30368,41424,727.73,failed,online,2025-10-20,NO
1,9849,44772,951.01,failed,online,2025-10-20,NO
829,47615,45980,1758.37,completed,online,2025-10-20,NO
1668,5572,46028,1563.94,completed,online,2025-10-20,NO
36,29185,49912,1170.05,failed,online,2025-10-20,NO
4695,28557,56336,748.72,failed,online,2025-10-20,NO
1312,45497,56667,1014.44,completed,online,2025-10-20,NO
559,35985,56963,244.36,failed,online,2025-10-20,NO
2567,47857,57658,954.37,failed,online,2025-10-20,NO
1891,32866,62374,1746.82,completed,online,2025-10-20,NO
3246,42323,64407,1722.45,failed,online,2025-10-20,NO
1,7397,64439,349.7,failed,online,2025-10-20,NO
1,26940,70562,1760.17,completed,online,2025-10-20,NO
737,9213,72791,552.57,completed,online,2025-10-20,NO
3078,44356,74737,1438.5,failed,online,2025-10-20,NO
3342,19210,75754,140.42,failed,online,2025-10-20,NO
3964,38393,77427,931.28,completed,online,2025-10-20,NO
1211,4434,77733,1669.04,completed,online,2025-10-20,NO
1,11077,79227,872.08,failed,online,2025-10-20,NO
4814,25676,79906,1650.53,completed,online,2025-10-20,NO
1206,49257,81479,184.81,completed,online,2025-10-20,NO
1634,18909,81529,154.38,failed,online,2025-10-20,NO
3238,44552,86690,1097.45,failed,online,2025-10-20,NO
4572,41342,89613,653.48,failed,online,2025-10-20,NO
1,24092,91366,1533.22,completed,online,2025-10-20,NO
1674,32721,94704,1691.43,failed,online,2025-10-20,NO
2820,8901,96635,400.17,completed,online,2025-10-20,NO
1,20640,98780,333.22,completed,online,2025-10-20,NO
1203,6785,99044,1164.11,failed,online,2025-10-20,NO
1,32843,99217,1373.82,completed,online,2025-10-20,NO
520,29165,103170,1241.35,failed,online,2025-10-20,NO
1011,4393,105298,695.99,failed,online,2025-10-20,NO
614,33336,105572,383.25,completed,online,2025-10-20,NO
3761,6625,108295,134.61,completed,online,2025-10-20,NO
3019,35019,108626,1791.78,failed,online,2025-10-20,NO
1846,13577,108675,1623.65,failed,online,2025-10-20,NO
3980,41017,110153,1199.92,failed,online,2025-10-20,NO
3870,7606,112223,374.09,completed,online,2025-10-20,NO
1,36035,115419,1882.97,completed,online,2025-10-20,NO
4013,8290,118970,1300.81,failed,online,2025-10-20,NO
2711,22559,126507,1311.92,failed,online,2025-10-20,NO
2289,5818,127794,1373.67,failed,online,2025-10-20,NO
2024,47445,130551,1119.2,completed,online,2025-10-20,NO
876,10805,135281,337.85,completed,online,2025-10-20,NO
921,21444,137917,1852.76,failed,online,2025-10-20,NO
2867,38468,138361,713.86,completed,online,2025-10-20,NO
3826,15433,146972,942.91,completed,online,2025-10-20,NO
4657,31393,4135,1346.97,failed,online,2025-12-07,NO
2639,36690,5127,1445.69,completed,online,2025-12-07,NO
1,23010,8058,729.6,failed,online,2025-12-07,NO
1,6414,8122,612.99,failed,online,2025-12-07,NO
1502,2905,14631,196.57,failed,online,2025-12-07,NO
3460,40590,14641,1430.39,completed,online,2025-12-07,NO
1,8715,15541,1402.24,failed,online,2025-12-07,NO
1390,16929,16709,240.75,failed,online,2025-12-07,NO
4012,15077,21343,351.92,completed,online,2025-12-07,NO
1533,30342,23550,1378.26,failed,online,2025-12-07,NO
2156,13949,23651,513.29,failed,online,2025-12-07,NO
551,43741,25376,65.41,failed,online,2025-12-07,NO
3956,34031,32168,1641.35,failed,online,2025-12-07,NO
4752,40061,33649,1329.48,completed,online,2025-12-07,NO
3088,41659,34821,25.35,completed,online,2025-12-07,NO
1505,23997,35589,1332.68,failed,online,2025-12-07,NO
1,43077,36818,181.78,completed,online,2025-12-07,NO
1,46366,39598,1794.96,completed,online,2025-12-07,NO
3030,9755,41155,356.8,completed,online,2025-12-07,NO
1,42693,43486,1514.32,completed,online,2025-12-07,NO
2684,42648,43633,1721.12,failed,online,2025-12-07,NO
4617,46425,44413,138.23,failed,online,2025-12-07,NO
4604,15653,48265,1360.82,failed,online,2025-12-07,NO
1,5115,49450,838.0,completed,online,2025-12-07,NO
3421,17532,51667,233.33,completed,online,2025-12-07,NO
1,12964,59762,251.57,failed,online,2025-12-07,NO
1488,6461,60440,369.81,completed,online,2025-12-07,NO
1588,10820,63499,926.5,completed,online,2025-12-07,NO
1488,30527,72184,114.49,completed,online,2025-12-07,NO
852,49217,75126,1782.03,failed,online,2025-12-07,NO
2990,25946,75662,1882.36,failed,online,2025-12-07,NO
3566,6397,76364,1930.86,completed,online,2025-12-07,NO
4065,29375,80526,1930.89,failed,online,2025-12-07,NO
395,39664,80929,1720.95,failed,online,2025-12-07,NO
567,48006,82007,1863.34,failed,online,2025-12-07,NO
303,3166,82744,1465.76,failed,online,2025-12-07,NO
4783,46003,85252,746.18,completed,online,2025-12-07,NO
4379,27363,88116,1331.88,completed,online,2025-12-07,NO
1,37823,93103,1008.1,failed,online,2025-12-07,NO
4343,3767,93165,535.26,failed,online,2025-12-07,NO
3444,39991,95236,1025.56,failed,online,2025-12-07,NO
3324,6594,96958,583.04,completed,online,2025-12-07,NO
3194,44831,97772,1137.86,failed,online,2025-12-07,NO
4987,19913,98751,825.97,failed,online,2025-12-07,NO
4128,34057,98877,1475.4,completed,online,2025-12-07,NO
4950,35985,99129,1515.13,completed,UNKNOWN,2025-12-07,NO
801,24010,100575,1507.55,failed,online,2025-12-07,NO
4386,30732,100847,1601.86,completed,online,2025-12-07,NO
1687,14176,100906,1965.05,failed,online,2025-12-07,NO
1,12237,101074,907.07,failed,online,2025-12-07,NO
2779,49669,101795,554.25,failed,online,2025-12-07,NO
1,45751,105170,1968.32,failed,UNKNOWN,2025-12-07,NO
1,24575,106221,213.73,completed,online,2025-12-07,NO
1336,3551,107214,1690.46,completed,UNKNOWN,2025-12-07,NO
1918,17545,111445,125.56,failed,online,2025-12-07,NO
4942,20844,113961,1594.15,failed,online,2025-12-07,NO
3732,38323,114183,87.57,completed,online,2025-12-07,NO
668,47110,115511,670.59,failed,online,2025-12-07,NO
1,32765,115548,1278.93,completed,online,2025-12-07,NO
4147,49243,126447,1082.83,failed,online,2025-12-07,NO
2523,31531,128300,1515.86,completed,online,2025-12-07,NO
2968,32486,128486,431.67,completed,online,2025-12-07,NO
1,2969,130963,937.55,completed,online,2025-12-07,NO
1508,11490,141006,55.49,completed,online,2025-12-07,NO
1,45062,144507,1561.55,failed,online,2025-12-07,NO
2119,33730,144854,276.34,completed,online,2025-12-07,NO
742,23939,129,571.81,failed,online,2025-08-24,NO
3241,13279,2751,1082.64,completed,online,2025-08-24,NO
2639,3948,14395,1156.91,failed,online,2025-08-24,NO
289,812,16143,205.66,failed,online,2025-08-24,NO
1,44065,20320,706.75,failed,online,2025-08-24,NO
3311,46428,21810,747.25,failed,online,2025-08-24,NO
3927,35482,25516,1300.98,completed,online,2025-08-24,NO
1537,47742,32495,966.23,failed,online,2025-08-24,NO
1973,46140,32962,1656.3,completed,online,2025-08-24,NO
787,398,35336,844.62,completed,online,2025-08-24,NO
730,7189,40293,853.89,failed,online,2025-08-24,NO
2430,4560,40747,1763.07,failed,online,2025-08-24,NO
4353,30424,47510,6694.308198537627,failed,online,2025-08-24,NO
2983,6466,49005,309.33,completed,online,2025-08-24,NO
1204,45328,50251,235.13,completed,online,2025-08-24,NO
4508,701,50921,1237.95,completed,online,2025-08-24,NO
637,49554,52384,1797.4,completed,online,2025-08-24,NO
1,39158,53215,498.24,failed,UNKNOWN,2025-08-24,NO
2759,49832,53943,1850.35,failed,online,2025-08-24,NO
2373,16479,57071,405.57,completed,online,2025-08-24,NO
642,2765,59093,330.7,completed,online,2025-08-24,NO
1476,13894,59612,166.08,failed,online,2025-08-24,NO
409,16795,59726,885.8,completed,online,2025-08-24,NO
1,23066,60115,307.8,completed,UNKNOWN,2025-08-24,NO
97,13108,65530,1113.51,completed,online,2025-08-24,NO
4471,35946,67585,1596.43,failed,online,2025-08-24,NO
4316,28305,68638,1602.51,failed,online,2025-08-24,NO
288,2701,70154,405.19,completed,online,2025-08-24,NO
2128,45794,71444,678.7,failed,online,2025-08-24,NO
4504,47167,72643,1185.35,completed,online,2025-08-24,NO
3758,9660,80806,1254.61,completed,online,2025-08-24,NO
4997,49134,82167,482.28,failed,online,2025-08-24,NO
1,44745,88580,1353.13,completed,online,2025-08-24,NO
557,31024,92508,587.15,failed,online,2025-08-24,NO
1614,35590,94655,1288.01,completed,online,2025-08-24,NO
3586,43068,97439,592.75,failed,online,2025-08-24,NO
2519,4772,97775,429.52,completed,online,2025-08-24,NO
4193,36672,98760,1879.39,failed,online,2025-08-24,NO
4659,1006,104714,835.75,completed,online,2025-08-24,NO
4816,10826,105517,387.38,completed,online,2025-08-24,NO
1736,40691,105608,743.14,failed,online,2025-08-24,NO
184,2760,109087,1770.31,failed,online,2025-08-24,NO
128,18058,109780,519.76,failed,online,2025-08-24,NO
603,44225,110054,1028.6,completed,online,2025-08-24,NO
1608,27410,110976,1211.62,completed,online,2025-08-24,NO
4049,10142,113098,440.32,completed,online,2025-08-24,NO
734,47786,119711,939.43,completed,online,2025-08-24,NO
1,48491,121011,869.49,completed,online,2025-08-24,NO
4340,24722,122152,1091.27,failed,online,2025-08-24,NO
1869,27703,124325,1042.3,failed,online,2025-08-24,NO
702,36871,124498,1990.39,completed,online,2025-08-24,NO
2052,29164,126967,1077.83,completed,online,2025-08-24,NO
4511,43936,128587,1116.44,failed,online,2025-08-24,NO
3288,18953,131448,497.03,completed,online,2025-08-24,NO
4852,26917,133083,19.42,completed,online,2025-08-24,NO
1888,32127,140025,299.62,completed,online,2025-08-24,NO
2049,45653,140868,387.88,failed,online,2025-08-24,NO
4737,12181,142298,892.43,failed,online,2025-08-24,NO
1,36989,142465,470.4,failed,online,2025-08-24,NO
1,43113,142605,1960.82,failed,online,2025-08-24,NO
3728,39903,143111,446.27,completed,online,2025-08-24,NO
4137,33801,143466,1148.43,completed,online,2025-08-24,NO
3612,12170,144677,233.08,failed,online,2025-08-24,NO
887,18027,147001,1589.34,completed,online,2025-08-24,NO
4054,15951,147255,950.97,completed,online,2025-08-24,NO
1,325,4357,402.51,failed,online,2025-11-20,NO
633,33692,4424,564.97,completed,online,2025-11-20,NO
3649,22109,5568,49.98,failed,online,2025-11-20,NO
3614,12107,13965,1170.96,completed,online,2025-11-20,NO
1,7089,14088,1130.23,failed,online,2025-11-20,NO
1250,46891,14333,194.23,failed,online,2025-11-20,NO
4724,9413,14648,1499.17,completed,online,2025-11-20,NO
4987,44780,14752,435.54,failed,online,2025-11-20,NO
3086,19022,16591,133.85,failed,online,2025-11-20,NO
3752,41822,17070,1263.22,failed,online,2025-11-20,NO
1,4132,18779,1986.41,completed,online,2025-11-20,NO
3441,27721,25725,23.46,failed,online,2025-11-20,NO
4417,23480,26057,597.14,failed,online,2025-11-20,NO
3803,16509,26343,1456.94,failed,online,2025-11-20,NO
3271,27852,29151,1069.41,failed,online,2025-11-20,NO
3723,8425,29457,1517.97,completed,online,2025-11-20,NO
1132,19535,29575,1369.32,failed,online,2025-11-20,NO
1,30419,34531,1981.46,completed,UNKNOWN,2025-11-20,NO
2529,18812,35765,1165.64,completed,online,2025-11-20,NO
1005,17164,36992,1017.55,completed,online,2025-11-20,NO
2600,40387,38437,1376.81,completed,online,2025-11-20,NO
1077,28355,38699,1127.93,completed,online,2025-11-20,NO
1809,12984,40310,1615.72,completed,online,2025-11-20,NO
307,45880,43307,1084.83,failed,online,2025-11-20,NO
377,20263,44851,218.63,failed,online,2025-11-20,NO
148,37697,45985,1336.21,failed,online,2025-11-20,NO
966,26355,49545,908.69,completed,online,2025-11-20,NO
3217,6585,51336,1433.81,completed,online,2025-11-20,NO
1,7155,56635,648.97,completed,online,2025-11-20,NO
3932,21764,57179,329.11,failed,online,2025-11-20,NO
4344,46608,59189,783.78,failed,online,2025-11-20,NO
1564,20670,66137,433.37,completed,online,2025-11-20,NO
2992,40102,68573,277.71,failed,online,2025-11-20,NO
1219,49133,68990,1645.28,completed,online,2025-11-20,NO
1,400,72975,478.72,failed,online,2025-11-20,NO
1,40917,78113,443.54,completed,online,2025-11-20,NO
1185,11376,79198,60.18,failed,online,2025-11-20,NO
3134,26141,82754,30.94,failed,online,2025-11-20,NO
2554,36431,83135,517.49,failed,online,2025-11-20,NO
3017,5623,84469,446.47,failed,online,2025-11-20,NO
2044,18837,84937,1561.0,completed,online,2025-11-20,NO
4888,17730,85205,1482.66,failed,online,2025-11-20,NO
1265,49559,87373,194.65,failed,online,2025-11-20,NO
4793,16512,88227,1409.43,failed,online,2025-11-20,NO
2220,1143,93072,1753.14,completed,online,2025-11-20,NO
1,30147,98920,1276.67,completed,online,2025-11-20,NO
905,24454,100486,1068.85,completed,online,2025-11-20,NO
1,47754,105801,870.49,failed,online,2025-11-20,NO
2469,48682,108697,723.46,completed,online,2025-11-20,NO
1,34534,110003,476.84,failed,online,2025-11-20,NO
1229,4563,121590,874.15,failed,online,2025-11-20,NO
1054,23220,123908,23.9,completed,online,2025-11-20,NO
1,4307,125962,1452.21,completed,online,2025-11-20,NO
1,38526,126953,1599.11,completed,online,2025-11-20,NO
944,36030,126965,388.98,completed,online,2025-11-20,NO
3000,17704,127430,1226.34,failed,online,2025-11-20,NO
2857,15576,137378,1097.36,completed,online,2025-11-20,NO
2366,11132,139145,1112.96,completed,online,2025-11-20,NO
375,28073,139478,1731.78,completed,online,2025-11-20,NO
4184,4228,142563,1513.7,failed,online,2025-11-20,NO
4776,15417,146000,58.83,failed,online,2025-11-20,NO
1,45552,147106,968.02,failed,online,2025-11-20,NO
2724,15600,147414,412.9,completed,online,2025-11-20,NO
1,9654,147801,490.66,failed,online,2025-11-20,NO
127,27778,148400,1722.48,completed,online,2025-11-20,NO
978,27144,149298,464.02,failed,online,2025-11-20,NO
1,2793,2697,1436.56,completed,online,2025-01-30,NO
2151,12548,6288,135.66,failed,online,2025-01-30,NO
870,48770,9712,1888.52,completed,online,2025-01-30,NO
1,994,11133,1368.75,completed,online,2025-01-30,NO
2265,1709,12555,165.83,completed,online,2025-01-30,NO
2568,34710,12566,759.69,completed,online,2025-01-30,NO
1645,25954,13225,786.35,failed,online,2025-01-30,NO
1604,47136,19066,427.45,completed,online,2025-01-30,NO
667,39638,19351,1000.94,completed,online,2025-01-30,NO
4542,8734,24210,777.41,completed,online,2025-01-30,NO
1795,49286,27560,1595.24,completed,online,2025-01-30,NO
238,36255,31254,1151.69,failed,online,2025-01-30,NO
3891,44540,38147,1378.31,completed,online,2025-01-30,NO
3157,17280,41496,1508.62,failed,online,2025-01-30,NO
3618,49778,43108,1560.89,failed,online,2025-01-30,NO
3869,21361,43474,484.36,failed,online,2025-01-30,NO
1901,12356,43978,381.98,completed,online,2025-01-30,NO
1311,43563,48471,848.17,failed,online,2025-01-30,NO
2714,41940,50918,1212.86,completed,online,2025-01-30,NO
648,6560,55455,1804.92,failed,online,2025-01-30,NO
2578,28892,55484,637.73,completed,online,2025-01-30,NO
1,29268,56764,63.08,failed,online,2025-01-30,NO
3663,16880,57692,1255.77,completed,online,2025-01-30,NO
1,40245,59896,1090.59,failed,online,2025-01-30,NO
1305,48648,61246,89.16,failed,online,2025-01-30,NO
681,13543,63037,929.48,failed,online,2025-01-30,NO
3842,15597,69809,1489.56,failed,online,2025-01-30,NO
4876,31646,73376,1243.86,completed,online,2025-01-30,NO
1224,22412,73722,1704.97,failed,online,2025-01-30,NO
2052,18146,76083,460.84,completed,online,2025-01-30,NO
3102,3030,76385,1398.57,completed,online,2025-01-30,NO
3906,16322,80644,1648.5,failed,online,2025-01-30,NO
3666,10987,82784,430.61,completed,online,2025-01-30,NO
2661,11574,83797,443.84,completed,online,2025-01-30,NO
4030,43486,86498,1909.1,failed,online,2025-01-30,NO
1,48940,88025,800.82,failed,online,2025-01-30,NO
579,41729,90254,621.02,failed,online,2025-01-30,NO
1,22986,91283,1362.41,completed,online,2025-01-30,NO
3339,24998,94702,7345.239184017775,completed,online,2025-01-30,NO
2144,11014,95250,847.27,completed,online,2025-01-30,NO
1,41483,95719,468.81,failed,online,2025-01-30,NO
1,15346,98111,743.6,completed,online,2025-01-30,NO
3483,17475,103740,1123.09,failed,online,2025-01-30,NO
4677,12741,108371,1174.62,failed,online,2025-01-30,NO
2054,44886,111707,1845.8,failed,online,2025-01-30,NO
4090,40079,112416,684.96,failed,online,2025-01-30,NO
1859,28422,113426,590.34,failed,online,2025-01-30,NO
3711,18061,120880,154.34,completed,online,2025-01-30,NO
1311,35966,122753,374.27,failed,online,2025-01-30,NO
671,34371,132091,1285.83,failed,online,2025-01-30,NO
3031,34451,133841,1942.61,completed,online,2025-01-30,NO
1,8317,134062,646.07,completed,online,2025-01-30,NO
702,23222,134687,559.2,failed,online,2025-01-30,NO
2194,13901,137179,367.84,completed,online,2025-01-30,NO
1783,41062,139306,1971.27,failed,online,2025-01-30,NO
4711,44158,139596,531.34,completed,online,2025-01-30,NO
3817,35781,139751,1709.78,completed,online,2025-01-30,NO
3867,28401,139843,1640.64,completed,online,2025-01-30,NO
2650,8438,143954,709.11,failed,online,2025-01-30,NO
2937,16045,143958,904.78,completed,online,2025-01-30,NO
1,29901,144494,1681.16,failed,online,2025-01-30,NO
3468,16496,144904,751.36,failed,online,2025-01-30,NO
4273,46347,146689,1952.42,failed,online,2025-01-30,NO
4470,40358,147422,1852.82,failed,online,2025-01-30,NO
206,757,148160,542.54,completed,online,2025-01-30,NO
967,4884,632,154.53,failed,online,2025-06-09,NO
4499,19068,2084,499.78,completed,online,2025-06-09,NO
916,45038,6428,1095.17,completed,online,2025-06-09,NO
129,12764,6615,630.08,failed,online,2025-06-09,NO
1,34744,7885,701.03,failed,online,2025-06-09,NO
547,23809,11831,1768.28,completed,online,2025-06-09,NO
3099,8046,12886,1183.43,completed,online,2025-06-09,NO
50,30696,14577,846.44,failed,online,2025-06-09,NO
3813,34284,15318,1578.23,failed,online,2025-06-09,NO
1,9673,20416,1846.09,completed,online,2025-06-09,NO
3025,7451,27076,55.56,failed,online,2025-06-09,NO
1586,40222,28634,514.03,failed,online,2025-06-09,NO
3513,8614,30508,818.75,completed,online,2025-06-09,NO
1,36250,35520,665.32,failed,online,2025-06-09,NO
3076,39043,38333,1067.95,failed,online,2025-06-09,NO
4832,5495,38440,1452.69,failed,online,2025-06-09,NO
1,29786,41337,973.53,completed,online,2025-06-09,NO
3268,28007,42696,619.24,completed,online,2025-06-09,NO
920,38507,43960,55.71,failed,online,2025-06-09,NO
3925,35647,44576,7536.1810202294355,completed,online,2025-06-09,NO
1,38129,44860,1449.04,failed,online,2025-06-09,NO
2286,36251,45344,805.14,failed,online,2025-06-09,NO
172,45621,51257,593.46,failed,online,2025-06-09,NO
4481,4734,52628,1540.97,failed,online,2025-06-09,NO
1,15605,54350,246.07,completed,online,2025-06-09,NO
3306,38533,55242,451.5,failed,online,2025-06-09,NO
2822,42462,55860,1997.9,completed,online,2025-06-09,NO
603,39250,65214,1884.5,failed,online,2025-06-09,NO
3810,19796,65537,1858.58,failed,UNKNOWN,2025-06-09,NO
1,41509,66913,840.79,failed,online,2025-06-09,NO
3182,31994,70300,807.35,completed,online,2025-06-09,NO
1,8734,75156,30.63,completed,online,2025-06-09,NO
1072,28958,75916,185.01,failed,online,2025-06-09,NO
3439,8800,79053,1610.19,failed,online,2025-06-09,NO
979,37570,81108,193.61,failed,online,2025-06-09,NO
3073,34340,84581,1395.76,completed,online,2025-06-09,NO
929,2931,86657,851.27,completed,online,2025-06-09,NO
2991,36418,90704,1682.92,completed,online,2025-06-09,NO
4343,34390,91026,21.9,completed,online,2025-06-09,NO
3634,19328,91829,989.39,failed,online,2025-06-09,NO
852,7239,93935,490.52,completed,online,2025-06-09,NO
1579,36927,95168,497.71,failed,online,2025-06-09,NO
4849,16901,97516,1910.95,failed,online,2025-06-09,NO
1,34941,102179,907.27,failed,online,2025-06-09,NO
2941,19085,102896,1353.71,failed,online,2025-06-09,NO
1750,21711,103468,1072.78,completed,online,2025-06-09,NO
3613,17096,109523,513.15,failed,online,2025-06-09,NO
3848,13262,112534,1225.01,completed,online,2025-06-09,NO
3140,3394,117298,257.75,completed,online,2025-06-09,NO
4296,37182,119816,434.01,failed,online,2025-06-09,NO
1799,28903,120218,948.04,failed,online,2025-06-09,NO
4334,5102,122975,1444.46,completed,online,2025-06-09,NO
3163,29520,124833,1955.88,failed,online,2025-06-09,NO
2839,31749,125863,557.67,failed,UNKNOWN,2025-06-09,NO
2054,40259,126287,535.41,failed,online,2025-06-09,NO
3852,29510,129060,1438.01,failed,online,2025-06-09,NO
4487,40160,132559,875.6,completed,online,2025-06-09,NO
582,40495,137503,1801.5,failed,online,2025-06-09,NO
3149,4094,138750,544.54,completed,online,2025-06-09,NO
1033,33264,142449,1271.57,failed,online,2025-06-09,NO
3091,29713,142655,1566.44,failed,online,2025-06-09,NO
1,258,143348,762.9,completed,online,2025-06-09,NO
4174,13679,146863,120.91,failed,online,2025-06-09,NO
714,299,147782,13.09,completed,online,2025-06-09,NO
3008,41259,148962,703.16,failed,online,2025-06-09,NO
891,98,149097,1650.13,completed,online,2025-06-09,NO
255,3959,1354,143.26,completed,online,2025-05-25,NO
1,27896,8139,288.11,failed,online,2025-05-25,NO
1524,32236,13937,1492.52,completed,online,2025-05-25,NO
3350,10422,13943,746.15,failed,online,2025-05-25,NO
485,37686,17872,1975.81,completed,online,2025-05-25,NO
3025,1337,18210,1972.32,failed,online,2025-05-25,NO
1,38555,20942,923.08,failed,online,2025-05-25,NO
4512,7327,21741,1982.18,failed,online,2025-05-25,NO
4584,11523,24284,511.79,failed,online,2025-05-25,NO
1,31213,31240,941.77,completed,online,2025-05-25,NO
764,6753,33294,914.99,failed,online,2025-05-25,NO
1128,39442,35978,1494.98,completed,online,2025-05-25,NO
2072,40728,35984,54.84,completed,online,2025-05-25,NO
3564,28545,36599,1191.43,completed,online,2025-05-25,NO
2457,12706,39189,1344.97,failed,online,2025-05-25,NO
309,37918,40633,423.58,failed,online,2025-05-25,NO
1,3179,40782,108.19,completed,online,2025-05-25,NO
4656,29481,42013,1277.07,completed,online,2025-05-25,NO
3538,38402,44643,367.88,completed,online,2025-05-25,NO
739,26585,44647,1039.41,failed,online,2025-05-25,NO
2079,6872,49595,1860.12,failed,online,2025-05-25,NO
1,46806,50653,867.75,failed,online,2025-05-25,NO
3356,493,53232,1940.42,failed,online,2025-05-25,NO
4669,6121,55693,716.83,failed,online,2025-05-25,NO
3287,28480,58216,5132.604147348082,completed,online,2025-05-25,NO
2437,47845,64627,1693.44,completed,online,2025-05-25,NO
1,44871,67011,642.64,failed,UNKNOWN,2025-05-25,NO
2618,12500,67130,308.0,completed,online,2025-05-25,NO
957,45165,74547,1478.08,failed,online,2025-05-25,NO
2765,41470,78976,540.21,failed,online,2025-05-25,NO
618,10086,79617,1098.05,completed,UNKNOWN,2025-05-25,NO
4887,12388,80755,1621.23,completed,UNKNOWN,2025-05-25,NO
1,12630,80954,622.26,completed,UNKNOWN,2025-05-25,NO
1,8638,82394,1709.41,failed,UNKNOWN,2025-05-25,NO
2216,16964,88548,45.75,failed,online,2025-05-25,NO
1989,1081,91744,1064.59,completed,online,2025-05-25,NO
1421,34087,91929,756.04,failed,online,2025-05-25,NO
1,16287,92887,1390.31,completed,online,2025-05-25,NO
250,12350,94431,1929.24,completed,online,2025-05-25,NO
4297,45483,94708,45.91,completed,online,2025-05-25,NO
4221,24644,99544,758.23,failed,online,2025-05-25,NO
1142,37644,101485,661.96,failed,online,2025-05-25,NO
294,48638,102214,1798.7,failed,online,2025-05-25,NO
4810,40458,103838,1210.26,failed,online,2025-05-25,NO
1237,49631,104772,288.32,completed,online,2025-05-25,NO
1,45587,107056,1579.56,failed,online,2025-05-25,NO
1207,48411,109994,750.62,failed,online,2025-05-25,NO
4036,10733,110064,1384.52,failed,online,2025-05-25,NO
4996,43176,111061,1412.09,failed,online,2025-05-25,NO
4199,11847,111157,709.92,failed,online,2025-05-25,NO
1,19428,112650,37.91,failed,online,2025-05-25,NO
1138,8476,113337,1498.14,completed,online,2025-05-25,NO
1,35211,113433,608.32,failed,online,2025-05-25,NO
2970,37962,115560,1330.63,completed,online,2025-05-25,NO
1698,31652,115809,490.06,completed,online,2025-05-25,NO
2533,18650,122154,1501.66,completed,online,2025-05-25,NO
513,34432,127359,1272.28,failed,online,2025-05-25,NO
4492,13462,129132,27.9,completed,online,2025-05-25,NO
1,38258,129417,1443.26,completed,online,2025-05-25,NO
3152,28912,133143,1478.18,failed,online,2025-05-25,NO
1,19317,133178,585.04,failed,online,2025-05-25,NO
1349,18426,138493,173.08,completed,online,2025-05-25,NO
2557,33147,143757,1315.74,completed,online,2025-05-25,NO
2000,20617,144350,9552.489800601204,completed,online,2025-05-25,NO
1624,44950,148963,1642.05,failed,online,2025-05-25,NO
1399,3946,68,321.6,completed,online,2025-08-25,NO
4419,18059,184,485.96,failed,online,2025-08-25,NO
671,40014,4319,1943.44,completed,online,2025-08-25,NO
2023,22361,5569,65.38,failed,online,2025-08-25,NO
3188,12495,6330,174.58,failed,UNKNOWN,2025-08-25,NO
1,45103,7829,7719.856581190681,completed,online,2025-08-25,NO
4220,21963,16209,1282.17,failed,online,2025-08-25,NO
3366,27078,17581,919.47,failed,online,2025-08-25,NO
2422,17104,23242,298.63,failed,online,2025-08-25,NO
1546,25821,27790,1369.52,completed,online,2025-08-25,NO
3815,29326,30997,131.92,failed,online,2025-08-25,NO
4950,14493,31517,1189.46,failed,online,2025-08-25,NO
1219,30278,36277,1178.38,completed,online,2025-08-25,NO
4545,4140,37043,1944.49,failed,online,2025-08-25,NO
3089,15154,38612,555.09,completed,online,2025-08-25,NO
2640,23976,43530,1809.56,completed,online,2025-08-25,NO
1,19304,45690,1423.05,completed,online,2025-08-25,NO
1,21564,47703,1509.53,completed,online,2025-08-25,NO
3753,9545,51245,950.46,completed,online,2025-08-25,NO
1,16146,53331,245.61,completed,online,2025-08-25,NO
2935,32200,54025,1252.21,failed,online,2025-08-25,NO
145,27695,55033,1196.9,completed,online,2025-08-25,NO
1,28599,55463,1964.34,failed,online,2025-08-25,NO
1,30222,61873,396.26,completed,online,2025-08-25,NO
1,12725,62981,607.37,failed,online,2025-08-25,NO
1,34965,64526,89.9,failed,online,2025-08-25,NO
1909,8081,69078,1784.66,completed,online,2025-08-25,NO
1,7530,71888,329.65,completed,online,2025-08-25,NO
759,47992,76139,670.35,failed,online,2025-08-25,NO
4324,30422,80497,1902.71,failed,online,2025-08-25,NO
2364,5643,80594,1480.74,completed,online,2025-08-25,NO
1,11236,80863,617.97,failed,online,2025-08-25,NO
4564,16225,82070,1714.24,completed,online,2025-08-25,NO
2442,38142,85002,297.72,failed,online,2025-08-25,NO
4126,16980,85569,1105.12,failed,online,2025-08-25,NO
868,37808,88511,557.95,completed,online,2025-08-25,NO
4020,32487,88899,1012.78,failed,online,2025-08-25,NO
3041,42016,89813,499.5,completed,online,2025-08-25,NO
2024,35437,91801,1258.63,completed,online,2025-08-25,NO
2769,6055,92000,1036.61,failed,online,2025-08-25,NO
3202,20922,92366,769.09,completed,online,2025-08-25,NO
3223,11983,100070,822.97,completed,online,2025-08-25,NO
3375,21076,100704,262.32,failed,online,2025-08-25,NO
1315,2221,101947,1087.21,completed,online,2025-08-25,NO
1619,48971,103584,1763.69,failed,online,2025-08-25,NO
2551,8153,106890,358.8,completed,online,2025-08-25,NO
1,21099,107773,42.54,failed,online,2025-08-25,NO
1978,49957,108741,459.76,completed,online,2025-08-25,NO
1,35398,109749,5070.307266374405,completed,online,2025-08-25,NO
4365,46713,111796,1183.57,completed,online,2025-08-25,NO
3135,36629,112662,262.53,completed,online,2025-08-25,NO
1515,30090,112825,1877.05,failed,online,2025-08-25,NO
3284,19715,113166,841.79,failed,online,2025-08-25,NO
1,38103,114947,470.6,completed,online,2025-08-25,NO
2716,22938,115283,748.97,completed,online,2025-08-25,NO
1,15881,115861,968.11,completed,online,2025-08-25,NO
52,41104,117182,575.3,failed,online,2025-08-25,NO
2054,21003,118390,828.49,failed,online,2025-08-25,NO
1,33082,121570,1042.32,failed,online,2025-08-25,NO
3338,38781,121689,1320.22,completed,online,2025-08-25,NO
547,20422,124901,663.07,completed,online,2025-08-25,NO
4682,10691,127530,326.71,completed,online,2025-08-25,NO
3694,13484,130829,296.79,completed,online,2025-08-25,NO
1,23278,139149,1104.04,failed,online,2025-08-25,NO
1,49672,148796,1326.8,completed,online,2025-08-25,NO
3488,11661,1608,393.79,completed,online,2025-10-30,NO
1993,25767,6498,1410.03,completed,UNKNOWN,2025-10-30,NO
3063,9250,6779,571.14,failed,online,2025-10-30,NO
2223,39697,7657,1476.0,completed,online,2025-10-30,NO
671,43625,7854,1245.62,failed,online,2025-10-30,NO
1,15221,10928,567.48,failed,online,2025-10-30,NO
1576,26656,10973,409.58,completed,online,2025-10-30,NO
3291,3557,10998,1508.8,failed,online,2025-10-30,NO
1,45978,13193,1497.29,failed,online,2025-10-30,NO
1,48453,21072,1872.76,completed,online,2025-10-30,NO
4070,27605,23331,1215.63,failed,online,2025-10-30,NO
4106,11572,26283,1593.72,completed,UNKNOWN,2025-10-30,NO
3633,20693,28160,1701.19,failed,online,2025-10-30,NO
2259,26739,33670,1731.31,failed,online,2025-10-30,NO
229,47481,34622,511.93,failed,online,2025-10-30,NO
4758,32871,37915,1095.43,failed,online,2025-10-30,NO
1,12730,38681,481.0,completed,online,2025-10-30,NO
4513,41451,39549,1112.53,completed,online,2025-10-30,NO
1298,39041,40108,469.68,failed,online,2025-10-30,NO
1,11279,41410,1823.76,completed,online,2025-10-30,NO
3607,20862,43091,423.81,completed,online,2025-10-30,NO
1,44142,44682,118.4,completed,online,2025-10-30,NO
1,45208,44899,1180.71,completed,online,2025-10-30,NO
2409,1994,45373,1139.39,failed,online,2025-10-30,NO
2690,44070,47130,488.91,completed,online,2025-10-30,NO
2689,4074,48614,1639.15,failed,online,2025-10-30,NO
1,26915,53204,1704.15,completed,online,2025-10-30,NO
1,4866,55784,428.45,failed,online,2025-10-30,NO
4756,20036,58782,568.23,failed,online,2025-10-30,NO
3081,48039,63814,1321.03,completed,online,2025-10-30,NO
2273,48183,64314,1952.95,completed,online,2025-10-30,NO
1564,15931,69765,1251.76,failed,online,2025-10-30,NO
2381,20476,72815,695.85,failed,online,2025-10-30,NO
1472,10453,73801,1666.6,completed,online,2025-10-30,NO
1984,15284,76272,537.84,completed,online,2025-10-30,NO
3938,3377,83581,958.73,completed,online,2025-10-30,NO
1,24758,85340,979.55,completed,online,2025-10-30,NO
3478,18815,92733,231.08,completed,online,2025-10-30,NO
827,47426,93380,1058.58,failed,online,2025-10-30,NO
1644,21962,100100,609.21,completed,online,2025-10-30,NO
1,22489,101836,695.09,completed,online,2025-10-30,NO
4633,49436,102309,709.67,completed,online,2025-10-30,NO
595,3820,102443,1079.24,completed,online,2025-10-30,NO
127,30558,102699,1820.45,completed,online,2025-10-30,NO
1,6312,103003,1559.46,completed,online,2025-10-30,NO
1,8318,106891,1074.03,completed,online,2025-10-30,NO
2781,15228,107785,1047.26,completed,online,2025-10-30,NO
3519,16580,109151,153.26,failed,online,2025-10-30,NO
969,45330,109571,1744.12,failed,online,2025-10-30,NO
782,30889,111256,1630.34,completed,online,2025-10-30,NO
3842,31406,111910,1181.81,failed,online,2025-10-30,NO
1,29946,112245,1840.51,failed,online,2025-10-30,NO
4747,31971,112719,919.53,completed,online,2025-10-30,NO
1908,47976,113791,730.98,failed,online,2025-10-30,NO
55,30362,117097,146.21,failed,online,2025-10-30,NO
3352,21421,121418,1466.47,failed,online,2025-10-30,NO
2931,13945,129509,1511.21,failed,online,2025-10-30,NO
2175,5072,134813,273.01,failed,online,2025-10-30,NO
1472,42051,135754,391.84,failed,online,2025-10-30,NO
2220,6308,137412,1087.39,failed,online,2025-10-30,NO
683,49532,137752,1936.16,failed,online,2025-10-30,NO
2211,26035,142274,866.25,completed,online,2025-10-30,NO
622,1998,145041,1175.59,completed,online,2025-10-30,NO
3222,30748,146751,1480.57,completed,online,2025-10-30,NO
1,29972,146967,1099.24,completed,online,2025-10-30,NO
2973,34155,1385,45.12,failed,online,2025-12-05,NO
1,5515,2972,432.23,completed,online,2025-12-05,NO
3050,4079,7612,1578.64,failed,online,2025-12-05,NO
4113,28551,16211,1737.96,failed,online,2025-12-05,NO
4525,47629,19842,403.5,failed,online,2025-12-05,NO
2538,33294,21879,1861.27,failed,online,2025-12-05,NO
3446,27691,27287,1779.91,failed,online,2025-12-05,NO
700,13990,30258,1834.82,completed,online,2025-12-05,NO
3561,29536,31064,589.51,failed,online,2025-12-05,NO
4886,25668,33837,1914.86,failed,online,2025-12-05,NO
2854,31776,34613,1590.7,completed,online,2025-12-05,NO
2966,18780,34674,1202.56,completed,online,2025-12-05,NO
174,43290,34986,909.0,completed,online,2025-12-05,NO
1533,43393,37846,499.85,completed,online,2025-12-05,NO
1768,41999,38310,1977.72,completed,online,2025-12-05,NO
3177,18599,38805,597.04,completed,online,2025-12-05,NO
3880,46119,40244,1849.0,failed,online,2025-12-05,NO
1,16096,41304,1358.6,failed,online,2025-12-05,NO
2389,2370,41501,1496.97,completed,online,2025-12-05,NO
958,36141,42860,200.29,failed,online,2025-12-05,NO
1,27962,46623,357.33,failed,online,2025-12-05,NO
1,16612,46967,149.82,completed,online,2025-12-05,NO
3136,8101,47916,287.79,completed,online,2025-12-05,NO
2457,45413,49803,8445.337419976877,failed,online,2025-12-05,NO
4944,7614,51229,1586.98,completed,online,2025-12-05,NO
4785,16956,57292,582.87,completed,online,2025-12-05,NO
1,3599,57962,98.01,failed,online,2025-12-05,NO
1,8032,58785,1226.75,failed,online,2025-12-05,NO
811,44771,61545,1099.22,completed,online,2025-12-05,NO
2534,19558,61922,184.84,completed,online,2025-12-05,NO
1,37122,63472,1032.81,failed,online,2025-12-05,NO
4389,1103,67412,1077.09,completed,online,2025-12-05,NO
4881,19369,68262,1300.22,completed,online,2025-12-05,NO
3138,13768,69827,1271.78,completed,online,2025-12-05,NO
1,44706,70104,1577.16,failed,online,2025-12-05,NO
4192,1096,71639,923.85,completed,online,2025-12-05,NO
2031,15922,78952,1087.31,failed,online,2025-12-05,NO
667,35047,80281,619.23,completed,online,2025-12-05,NO
3175,42130,82589,1054.35,completed,online,2025-12-05,NO
1473,24748,82978,650.97,failed,online,2025-12-05,NO
549,9391,85934,1707.11,completed,online,2025-12-05,NO
4484,13068,86192,1604.96,completed,online,2025-12-05,NO
1,23045,88305,136.02,completed,online,2025-12-05,NO
953,28394,90294,1713.53,completed,online,2025-12-05,NO
1,5479,92899,1224.75,failed,online,2025-12-05,NO
2897,27052,93947,1100.65,failed,online,2025-12-05,NO
628,26931,100130,427.25,failed,online,2025-12-05,NO
1410,23410,102379,1647.64,completed,online,2025-12-05,NO
2887,33763,103700,1680.81,failed,online,2025-12-05,NO
1016,1706,108372,1810.26,failed,online,2025-12-05,NO
1106,41017,110932,1651.1,completed,online,2025-12-05,NO
1,45844,112163,1942.17,failed,online,2025-12-05,NO
4558,32110,115404,297.46,completed,online,2025-12-05,NO
671,45486,120745,1782.39,failed,online,2025-12-05,NO
3051,26165,122738,74.1,completed,online,2025-12-05,NO
330,28435,127198,1662.86,failed,online,2025-12-05,NO
2943,45511,129315,1639.87,failed,online,2025-12-05,NO
3780,18093,129667,804.36,completed,online,2025-12-05,NO
3361,21474,136593,804.95,completed,online,2025-12-05,NO
181,23574,136933,425.62,completed,online,2025-12-05,NO
2675,14563,139481,1178.87,failed,online,2025-12-05,NO
4606,17036,141651,820.98,failed,online,2025-12-05,NO
3859,16158,147581,890.67,completed,online,2025-12-05,NO
1876,196,148156,68.79,failed,online,2025-12-05,NO
44,8243,149714,1138.51,failed,online,2025-12-05,NO
2568,32048,2016,1900.22,completed,online,2025-06-24,NO
2841,4551,2160,699.19,completed,online,2025-06-24,NO
780,4407,3393,563.9,failed,online,2025-06-24,NO
1,49758,3565,673.6,failed,online,2025-06-24,NO
1,39129,3603,804.96,completed,online,2025-06-24,NO
2534,2677,5221,978.23,failed,online,2025-06-24,NO
1,7116,5504,744.32,completed,online,2025-06-24,NO
1854,42653,6411,1476.5,completed,online,2025-06-24,NO
1,266,6730,1007.49,failed,online,2025-06-24,NO
3727,10664,6897,720.16,failed,online,2025-06-24,NO
4339,42313,7394,1529.42,completed,online,2025-06-24,NO
1279,28202,7395,644.57,completed,online,2025-06-24,NO
3969,38324,8816,1616.24,failed,online,2025-06-24,NO
1,1881,10712,41.38,failed,UNKNOWN,2025-06-24,NO
833,26593,10865,1431.92,completed,online,2025-06-24,NO
4069,32776,22385,1466.01,completed,online,2025-06-24,NO
1609,28896,25850,931.42,failed,online,2025-06-24,NO
936,42319,26441,1585.29,failed,online,2025-06-24,NO
2599,25663,26901,27.56,failed,online,2025-06-24,NO
613,23838,29463,1673.18,failed,online,2025-06-24,NO
4654,24058,29599,1110.25,completed,online,2025-06-24,NO
3678,21852,29766,1896.73,completed,online,2025-06-24,NO
3387,9028,35510,133.11,failed,online,2025-06-24,NO
805,22358,35557,614.24,failed,online,2025-06-24,NO
2553,43009,37572,825.99,failed,online,2025-06-24,NO
1,15007,37819,1029.64,failed,online,2025-06-24,NO
1,16807,42056,1811.63,failed,online,2025-06-24,NO
1,33744,46047,1930.89,failed,online,2025-06-24,NO
414,16534,57407,789.36,completed,online,2025-06-24,NO
1,35533,60981,592.49,completed,online,2025-06-24,NO
4484,28565,61307,1761.32,completed,UNKNOWN,2025-06-24,NO
1,21081,61351,1511.29,failed,online,2025-06-24,NO
1516,8244,70171,1932.34,completed,online,2025-06-24,NO
3194,21656,71168,805.58,completed,online,2025-06-24,NO
4816,23697,76556,439.85,failed,online,2025-06-24,NO
4393,20953,77215,1501.3,failed,online,2025-06-24,NO
3897,34545,77239,531.31,failed,online,2025-06-24,NO
2383,18624,84019,1052.12,failed,online,2025-06-24,NO
4084,15659,86708,1872.03,completed,online,2025-06-24,NO
1,44204,87579,780.47,failed,online,2025-06-24,NO
1,3045,91321,473.08,failed,online,2025-06-24,NO
1112,47941,91339,464.71,failed,online,2025-06-24,NO
1,40373,96302,360.1,failed,online,2025-06-24,NO
247,17893,96637,339.16,completed,online,2025-06-24,NO
2207,48721,99825,1071.61,failed,online,2025-06-24,NO
2286,22387,103640,1901.61,failed,online,2025-06-24,NO
485,33297,103959,1023.9,failed,online,2025-06-24,NO
1706,36541,107483,129.26,completed,online,2025-06-24,NO
4416,16569,110158,244.12,completed,online,2025-06-24,NO
1038,24920,110573,300.14,failed,online,2025-06-24,NO
4176,29286,111106,494.39,completed,online,2025-06-24,NO
979,10086,112109,603.85,failed,online,2025-06-24,NO
4180,16156,115379,1130.86,completed,online,2025-06-24,NO
3704,1437,116818,712.47,completed,online,2025-06-24,NO
2557,27857,119032,23.52,failed,online,2025-06-24,NO
3334,42009,119892,1402.84,failed,online,2025-06-24,NO
4776,14585,120117,485.8,failed,online,2025-06-24,NO
4449,632,120572,1721.77,failed,online,2025-06-24,NO
2086,19098,124582,1589.77,completed,online,2025-06-24,NO
3913,6784,126624,931.8,completed,UNKNOWN,2025-06-24,NO
2282,6605,131040,365.95,failed,online,2025-06-24,NO
1095,27466,131551,1434.19,failed,online,2025-06-24,NO
1,8306,133448,1742.9,failed,online,2025-06-24,NO
4006,48213,136980,1317.74,completed,online,2025-06-24,NO
2711,28036,137986,1042.46,completed,online,2025-06-24,NO
1968,5567,147109,476.66,completed,online,2025-06-24,NO
2347,38261,3590,1289.39,completed,online,2025-01-29,NO
547,45464,3812,407.35,completed,online,2025-01-29,NO
2381,35404,4138,1051.86,completed,online,2025-01-29,NO
746,6184,6046,1266.65,completed,online,2025-01-29,NO
3229,41538,7010,889.42,completed,online,2025-01-29,NO
594,45008,9800,1263.82,failed,online,2025-01-29,NO
2535,5889,11380,972.76,completed,online,2025-01-29,NO
3764,12096,13270,131.33,failed,online,2025-01-29,NO
4433,47328,20905,945.03,failed,online,2025-01-29,NO
1,27369,21802,1848.51,failed,online,2025-01-29,NO
856,20788,23628,1551.25,failed,online,2025-01-29,NO
1,4496,23889,1799.01,failed,online,2025-01-29,NO
303,43702,30766,672.33,completed,online,2025-01-29,NO
960,31793,34852,929.16,completed,online,2025-01-29,NO
1,38510,40518,75.29,completed,online,2025-01-29,NO
590,295,44188,796.89,completed,online,2025-01-29,NO
1170,49182,45445,1949.97,completed,online,2025-01-29,NO
1,38433,47206,954.4,completed,online,2025-01-29,NO
3797,22161,49053,1391.59,failed,online,2025-01-29,NO
2043,5022,50192,1301.95,completed,online,2025-01-29,NO
2805,6572,54008,1616.31,failed,online,2025-01-29,NO
1,12659,56304,701.87,failed,online,2025-01-29,NO
324,46727,56541,564.95,completed,online,2025-01-29,NO
1,6247,60589,539.65,completed,online,2025-01-29,NO
3784,29753,62868,1259.3,completed,online,2025-01-29,NO
2353,2814,63380,499.38,completed,online,2025-01-29,NO
588,40459,66043,791.83,failed,online,2025-01-29,NO
306,25028,66427,581.76,completed,online,2025-01-29,NO
2657,41580,68245,1370.85,completed,online,2025-01-29,NO
2418,29755,68313,1895.95,completed,online,2025-01-29,NO
2956,19364,74172,1777.21,failed,online,2025-01-29,NO
3542,16780,78792,741.17,failed,online,2025-01-29,NO
1,16607,78849,568.05,completed,online,2025-01-29,NO
2578,4926,81232,185.61,completed,online,2025-01-29,NO
1,36353,81540,447.62,failed,online,2025-01-29,NO
1,49062,81631,127.43,completed,online,2025-01-29,NO
2036,3186,83830,1926.93,failed,online,2025-01-29,NO
1858,5744,85864,38.51,completed,online,2025-01-29,NO
1670,17430,91946,1148.27,failed,online,2025-01-29,NO
3720,6352,92301,774.13,failed,online,2025-01-29,NO
4714,16468,95423,935.0,completed,online,2025-01-29,NO
3225,19506,95640,1706.05,completed,online,2025-01-29,NO
1235,39136,97274,1820.34,failed,online,2025-01-29,NO
4544,8936,98644,1001.8,failed,online,2025-01-29,NO
1,42381,100565,536.77,completed,online,2025-01-29,NO
1,46399,102728,286.6,completed,online,2025-01-29,NO
3567,43865,104408,41.57,completed,online,2025-01-29,NO
4564,30302,108561,1661.46,completed,online,2025-01-29,NO
2232,6473,116439,1490.02,failed,online,2025-01-29,NO
2301,11772,116853,134.42,failed,online,2025-01-29,NO
3819,31452,123027,1046.27,failed,UNKNOWN,2025-01-29,NO
2374,3276,123714,1299.9,failed,online,2025-01-29,NO
4102,14531,130041,1854.6,completed,online,2025-01-29,NO
3793,26881,132551,863.03,failed,online,2025-01-29,NO
3523,4081,132926,885.35,failed,online,2025-01-29,NO
3105,28902,134796,1462.06,failed,online,2025-01-29,NO
4989,4850,136282,1885.07,failed,UNKNOWN,2025-01-29,NO
4178,31223,140126,1928.84,failed,online,2025-01-29,NO
3685,30820,140327,1058.6,completed,online,2025-01-29,NO
4809,24218,142323,454.82,failed,online,2025-01-29,NO
1985,20924,143450,1398.15,failed,online,2025-01-29,NO
4063,19851,148119,1754.76,completed,online,2025-01-29,NO
2796,10330,148518,755.6,completed,online,2025-01-29,NO
1,32303,149536,980.29,completed,online,2025-01-29,NO
4817,28811,149725,742.86,completed,online,2025-01-29,NO
2041,28354,5578,397.34,failed,online,2025-03-26,NO
1,8917,8053,1494.42,failed,online,2025-03-26,NO
1,13788,8782,950.29,failed,online,2025-03-26,NO
1961,3379,8969,48.61,completed,online,2025-03-26,NO
4251,15238,10422,434.71,completed,online,2025-03-26,NO
1,4701,11616,854.84,completed,online,2025-03-26,NO
3239,45454,15061,1828.55,failed,online,2025-03-26,NO
620,15141,15795,42.33,completed,online,2025-03-26,NO
3281,31695,17782,1532.1,failed,online,2025-03-26,NO
1994,40321,19901,1188.47,failed,online,2025-03-26,NO
3355,4767,20819,1092.54,failed,online,2025-03-26,NO
105,34523,21886,317.04,failed,online,2025-03-26,NO
1118,16489,22188,924.61,failed,UNKNOWN,2025-03-26,NO
1,27880,24430,83.19,failed,online,2025-03-26,NO
492,24915,26015,728.45,failed,online,2025-03-26,NO
1,2445,36483,1476.92,failed,online,2025-03-26,NO
352,17402,37034,809.32,completed,online,2025-03-26,NO
2167,25418,40872,56.74,failed,online,2025-03-26,NO
3296,14369,41653,1475.94,completed,online,2025-03-26,NO
35,3803,43844,997.14,failed,online,2025-03-26,NO
1,24696,44717,425.29,completed,online,2025-03-26,NO
751,23208,47950,1579.15,failed,online,2025-03-26,NO
2289,48859,49394,11.24,failed,online,2025-03-26,NO
3375,11267,54624,919.65,completed,online,2025-03-26,NO
3994,4324,62257,1359.78,failed,online,2025-03-26,NO
2466,13030,62656,69.69,failed,online,2025-03-26,NO
1,20008,67532,1689.19,completed,online,2025-03-26,NO
2817,9928,67828,1810.32,completed,online,2025-03-26,NO
618,47512,68118,218.8,failed,online,2025-03-26,NO
3927,13457,68519,828.33,completed,online,2025-03-26,NO
1975,38954,68932,1238.09,failed,online,2025-03-26,NO
1,26351,70181,365.15,completed,online,2025-03-26,NO
1,35373,77067,231.25,failed,online,2025-03-26,NO
1967,14456,78460,1721.63,completed,online,2025-03-26,NO
800,25103,79358,519.49,completed,online,2025-03-26,NO
1,2629,79863,247.29,failed,online,2025-03-26,NO
1,6872,80217,529.01,completed,online,2025-03-26,NO
1,20069,82513,961.22,failed,online,2025-03-26,NO
2031,21801,84141,1358.21,completed,online,2025-03-26,NO
106,18205,84867,553.97,completed,online,2025-03-26,NO
4947,44236,85763,236.84,failed,online,2025-03-26,NO
593,4750,87008,298.89,failed,online,2025-03-26,NO
362,29532,90209,1980.71,completed,online,2025-03-26,NO
1970,21746,90559,472.13,failed,online,2025-03-26,NO
3990,43670,91667,882.74,failed,online,2025-03-26,NO
1031,37307,92855,79.22,failed,online,2025-03-26,NO
1,36927,92947,1450.99,failed,online,2025-03-26,NO
1888,36789,93806,1530.3,failed,online,2025-03-26,NO
949,22089,98571,1022.58,completed,online,2025-03-26,NO
3567,45116,99034,1278.24,failed,online,2025-03-26,NO
2597,40327,100615,1427.43,completed,online,2025-03-26,NO
1,741,106396,1348.8,completed,online,2025-03-26,NO
3844,10894,106420,1360.76,completed,online,2025-03-26,NO
1008,12290,112357,322.12,completed,online,2025-03-26,NO
1254,25415,112860,1329.86,failed,online,2025-03-26,NO
1092,34096,118200,1279.75,completed,online,2025-03-26,NO
3370,13188,118240,718.98,failed,online,2025-03-26,NO
2440,46005,130496,1821.27,failed,online,2025-03-26,NO
4216,35162,130600,563.97,completed,online,2025-03-26,NO
1464,4858,131808,1943.62,failed,online,2025-03-26,NO
2104,25221,131834,707.52,failed,online,2025-03-26,NO
778,22068,137042,1237.36,completed,online,2025-03-26,NO
1967,49447,143776,1768.76,completed,online,2025-03-26,NO
793,11591,143800,205.23,completed,online,2025-03-26,NO
1,2124,144293,149.51,completed,online,2025-03-26,NO
694,46960,145064,576.75,failed,online,2025-03-26,NO
2279,26018,4468,610.85,completed,online,2025-09-30,NO
1,13109,5846,33.75,failed,online,2025-09-30,NO
4835,35688,7386,233.81,failed,online,2025-09-30,NO
763,38298,9100,497.3,failed,online,2025-09-30,NO
3950,26051,9803,1793.62,completed,online,2025-09-30,NO
653,10094,10288,13.91,completed,online,2025-09-30,NO
1,5213,13842,376.55,completed,online,2025-09-30,NO
520,6413,14188,758.89,completed,online,2025-09-30,NO
2918,14616,15015,1224.34,failed,online,2025-09-30,NO
1971,26845,17412,469.37,failed,online,2025-09-30,NO
1,10347,20799,1504.72,completed,online,2025-09-30,NO
1,14943,23167,147.24,failed,online,2025-09-30,NO
1,515,24160,1342.28,failed,online,2025-09-30,NO
3407,33871,25619,1041.27,failed,online,2025-09-30,NO
177,10685,26359,1463.34,completed,online,2025-09-30,NO
304,4023,27430,1646.28,failed,online,2025-09-30,NO
1,36755,29008,409.14,completed,online,2025-09-30,NO
3801,38335,31057,1706.01,failed,online,2025-09-30,NO
2677,18921,34113,1235.31,completed,online,2025-09-30,NO
3850,22123,34339,47.97,failed,online,2025-09-30,NO
302,13983,35109,515.0,failed,online,2025-09-30,NO
4351,16846,35160,141.91,completed,UNKNOWN,2025-09-30,NO
1136,5621,35647,456.11,completed,online,2025-09-30,NO
2209,24151,48684,1836.31,failed,UNKNOWN,2025-09-30,NO
1875,42873,53587,977.67,failed,online,2025-09-30,NO
2899,2387,63806,877.76,completed,online,2025-09-30,NO
2662,1011,66886,775.14,failed,online,2025-09-30,NO
1,43109,69446,419.3,completed,online,2025-09-30,NO
1146,8966,71505,1389.3,failed,online,2025-09-30,NO
1835,9430,71878,793.73,failed,online,2025-09-30,NO
3496,15874,73391,326.87,failed,online,2025-09-30,NO
2172,7013,73443,1579.41,failed,online,2025-09-30,NO
1179,19460,79154,1832.94,failed,online,2025-09-30,NO
2638,2512,85822,305.64,failed,online,2025-09-30,NO
1,38757,87170,681.95,completed,online,2025-09-30,NO
1,45654,90371,1605.01,failed,online,2025-09-30,NO
2521,19965,91349,1325.26,failed,online,2025-09-30,NO
4089,1828,91633,360.03,completed,online,2025-09-30,NO
4623,23130,91874,98.17,failed,online,2025-09-30,NO
3792,14081,92666,822.19,completed,online,2025-09-30,NO
1,44896,92822,735.38,completed,online,2025-09-30,NO
1,27533,94958,1725.53,failed,online,2025-09-30,NO
2084,14021,96067,823.29,failed,online,2025-09-30,NO
1,25838,97532,865.71,failed,online,2025-09-30,NO
3820,33120,100224,617.66,completed,online,2025-09-30,NO
1,34977,104046,1895.0,failed,online,2025-09-30,NO
1,23394,104769,1614.1,failed,online,2025-09-30,NO
224,15204,111415,972.73,failed,online,2025-09-30,NO
3641,3367,113468,1632.3,failed,online,2025-09-30,NO
3,35539,115695,106.81,completed,online,2025-09-30,NO
2822,36912,122082,1423.8,failed,online,2025-09-30,NO
4804,5599,122236,371.94,completed,online,2025-09-30,NO
2608,22016,127703,1575.65,completed,online,2025-09-30,NO
1168,8381,127981,1548.84,failed,online,2025-09-30,NO
4738,4976,132884,268.11,failed,online,2025-09-30,NO
1859,23931,134135,1671.26,failed,online,2025-09-30,NO
1003,19197,134312,1058.93,failed,online,2025-09-30,NO
3468,45359,135350,637.44,completed,online,2025-09-30,NO
3072,49518,138061,404.11,failed,online,2025-09-30,NO
14,7665,138469,1553.65,completed,online,2025-09-30,NO
182,25283,138803,1464.25,failed,UNKNOWN,2025-09-30,NO
4145,23794,139772,475.74,completed,online,2025-09-30,NO
3169,35102,140475,669.45,completed,online,2025-09-30,NO
1,49278,141434,531.23,completed,online,2025-09-30,NO
3218,11360,147596,74.51,failed,online,2025-09-30,NO
3519,5484,149305,1472.02,failed,online,2025-09-30,NO
1,1476,2368,1358.06,completed,online,2025-08-31,NO
1048,23451,2796,825.24,completed,online,2025-08-31,NO
1516,3394,4995,1091.84,completed,online,2025-08-31,NO
1906,3745,6778,850.6,failed,online,2025-08-31,NO
3716,14228,8203,1954.5,failed,online,2025-08-31,NO
1463,27434,8708,1589.32,completed,online,2025-08-31,NO
2531,2671,10578,479.15,failed,online,2025-08-31,NO
3984,17226,12301,1375.28,completed,online,2025-08-31,NO
4264,798,13470,1126.06,failed,online,2025-08-31,NO
1,6858,20474,1526.34,completed,online,2025-08-31,NO
4938,29919,21856,1148.02,completed,online,2025-08-31,NO
4519,44209,22273,857.85,failed,online,2025-08-31,NO
1746,42000,22539,50.32,completed,UNKNOWN,2025-08-31,NO
2389,6780,28445,853.28,completed,online,2025-08-31,NO
1,9681,29369,1233.43,completed,online,2025-08-31,NO
1,47659,31542,1845.6,failed,online,2025-08-31,NO
883,48731,32192,28.03,completed,online,2025-08-31,NO
4857,3748,33334,90.54,failed,online,2025-08-31,NO
3446,16608,34233,1233.52,completed,online,2025-08-31,NO
2519,36562,36313,50.66,failed,online,2025-08-31,NO
1849,39663,39905,1076.6,completed,UNKNOWN,2025-08-31,NO
2913,47787,46683,791.45,failed,online,2025-08-31,NO
114,15266,48113,846.28,failed,online,2025-08-31,NO
3663,24885,48249,1904.48,failed,online,2025-08-31,NO
2811,18799,51345,357.73,failed,online,2025-08-31,NO
985,30666,52235,1178.0,failed,online,2025-08-31,NO
1,14235,62950,464.75,failed,online,2025-08-31,NO
2975,25138,63618,579.16,completed,online,2025-08-31,NO
1,23462,65262,409.41,completed,online,2025-08-31,NO
3355,8485,66815,940.68,failed,online,2025-08-31,NO
2162,48817,69238,55.64,completed,online,2025-08-31,NO
1,25499,70511,1367.05,failed,online,2025-08-31,NO
4043,42997,71406,394.11,failed,online,2025-08-31,NO
3318,17142,73888,303.16,failed,online,2025-08-31,NO
1,44059,77276,914.49,completed,online,2025-08-31,NO
1220,44633,81275,1730.33,completed,online,2025-08-31,NO
2751,20379,84573,566.19,failed,online,2025-08-31,NO
1,22758,85843,1457.07,completed,online,2025-08-31,NO
380,3636,85952,542.86,failed,online,2025-08-31,NO
1871,43276,87280,261.01,completed,online,2025-08-31,NO
4334,10095,88193,1971.96,completed,online,2025-08-31,NO
2398,17804,89671,219.39,failed,online,2025-08-31,NO
2359,39762,97070,437.05,completed,online,2025-08-31,NO
707,7343,98918,1492.79,failed,online,2025-08-31,NO
2258,34878,102398,877.22,completed,online,2025-08-31,NO
1,47529,103505,1710.57,completed,online,2025-08-31,NO
1538,34060,104607,251.87,completed,online,2025-08-31,NO
2575,20419,105763,896.72,completed,online,2025-08-31,NO
4410,22691,108104,596.27,failed,online,2025-08-31,NO
3370,14760,118045,330.91,failed,online,2025-08-31,NO
4896,21522,118629,1477.26,completed,online,2025-08-31,NO
2592,362,120758,628.72,failed,online,2025-08-31,NO
869,49504,123417,492.91,failed,online,2025-08-31,NO
281,1653,131549,591.89,completed,online,2025-08-31,NO
1,11912,131602,1300.98,failed,online,2025-08-31,NO
1,49268,132112,20.71,failed,online,2025-08-31,NO
4453,48148,132377,491.17,completed,online,2025-08-31,NO
1,18906,137014,1588.96,completed,online,2025-08-31,NO
3847,10289,137532,126.78,completed,online,2025-08-31,NO
4750,31802,143132,552.59,failed,online,2025-08-31,NO
436,11150,143465,1548.23,failed,online,2025-08-31,NO
48,12122,144322,1830.98,completed,online,2025-08-31,NO
795,33671,144543,106.45,completed,online,2025-08-31,NO
4425,4593,146785,1602.09,failed,online,2025-08-31,NO
4128,12346,148035,527.98,completed,online,2025-08-31,NO
2804,46997,1424,143.19,completed,online,2025-01-01,NO
1030,46685,3705,1694.83,failed,online,2025-01-01,NO
1,4968,8485,1129.7,failed,online,2025-01-01,NO
941,21857,12164,1846.29,failed,online,2025-01-01,NO
3574,49823,13231,144.31,failed,online,2025-01-01,NO
3105,15438,13557,1975.04,completed,online,2025-01-01,NO
1,36793,13995,1285.41,failed,online,2025-01-01,NO
1,27199,16596,707.78,failed,online,2025-01-01,NO
3032,1441,20091,354.25,completed,online,2025-01-01,NO
1493,17944,20171,847.07,failed,online,2025-01-01,NO
2571,36033,23179,1030.45,completed,online,2025-01-01,NO
2827,31234,23216,378.74,failed,online,2025-01-01,NO
1786,23022,29990,1089.81,completed,online,2025-01-01,NO
4545,12465,37884,863.29,failed,online,2025-01-01,NO
1812,34941,40172,752.19,completed,online,2025-01-01,NO
1822,31275,44666,1580.25,completed,online,2025-01-01,NO
1642,35544,45620,126.92,completed,online,2025-01-01,NO
1,29644,45874,819.7,failed,online,2025-01-01,NO
2526,40113,47553,1763.03,completed,online,2025-01-01,NO
3497,1387,50311,885.81,failed,online,2025-01-01,NO
727,29330,50471,1060.05,completed,online,2025-01-01,NO
1,17566,54589,5060.816856710571,completed,online,2025-01-01,NO
2358,3321,63435,879.35,completed,online,2025-01-01,NO
1,45400,67581,422.11,completed,online,2025-01-01,NO
2631,49636,69382,615.37,failed,online,2025-01-01,NO
1208,36722,69414,1131.5,completed,online,2025-01-01,NO
935,22154,69432,660.53,completed,online,2025-01-01,NO
1,20300,70627,1128.32,failed,online,2025-01-01,NO
2707,25499,73506,1916.95,completed,online,2025-01-01,NO
1,285,74319,953.41,completed,online,2025-01-01,NO
1800,33197,74621,162.23,failed,online,2025-01-01,NO
4360,29005,78714,787.69,completed,online,2025-01-01,NO
1073,25113,79663,1147.28,completed,online,2025-01-01,NO
2192,42557,81337,1256.79,completed,online,2025-01-01,NO
3868,33002,81439,1600.98,failed,online,2025-01-01,NO
2729,9060,81980,1479.52,failed,online,2025-01-01,NO
3586,18774,83677,153.22,failed,online,2025-01-01,NO
1103,10896,84067,1275.65,failed,online,2025-01-01,NO
1,42255,84972,1165.05,completed,online,2025-01-01,NO
3047,34161,85911,624.82,completed,online,2025-01-01,NO
1,22525,86522,610.0,failed,online,2025-01-01,NO
4915,49083,86821,1562.83,failed,online,2025-01-01,NO
2493,49475,88106,1348.32,failed,online,2025-01-01,NO
2737,18107,93372,1927.7,failed,online,2025-01-01,NO
1505,28889,98795,1829.03,completed,online,2025-01-01,NO
134,25189,99816,1496.76,completed,online,2025-01-01,NO
248,35473,104249,775.97,failed,online,2025-01-01,NO
1099,10210,109958,1837.88,completed,online,2025-01-01,NO
1854,17296,110264,1396.55,failed,online,2025-01-01,NO
429,44343,112616,1212.86,failed,online,2025-01-01,NO
4137,22723,114706,1903.57,failed,online,2025-01-01,NO
1,36744,116358,1296.72,failed,online,2025-01-01,NO
3906,32346,116571,524.01,completed,online,2025-01-01,NO
2111,7723,120083,1197.09,completed,online,2025-01-01,NO
90,11749,121234,180.1,completed,online,2025-01-01,NO
1,2755,125603,1006.55,completed,online,2025-01-01,NO
4677,23912,127655,753.31,failed,online,2025-01-01,NO
1,2023,135792,406.81,completed,online,2025-01-01,NO
571,5221,138898,1540.55,failed,online,2025-01-01,NO
1135,11721,141979,1434.62,failed,online,2025-01-01,NO
3876,40465,142136,962.92,completed,online,2025-01-01,NO
4978,48793,143492,1943.79,completed,online,2025-01-01,NO
1,9809,144653,9455.12809759498,completed,online,2025-01-01,NO
244,1160,146346,994.25,failed,online,2025-01-01,NO
2459,44560,1027,1278.66,failed,online,2025-05-07,NO
1,8815,3731,1596.1,completed,online,2025-05-07,NO
898,36624,8817,1239.73,failed,online,2025-05-07,NO
3643,12222,9024,190.05,failed,online,2025-05-07,NO
3503,23145,13163,446.5,completed,online,2025-05-07,NO
1397,11366,13169,1629.38,failed,online,2025-05-07,NO
1012,7112,16365,1289.35,failed,online,2025-05-07,NO
1470,33244,20534,1242.25,completed,online,2025-05-07,NO
4734,9254,26606,1625.88,completed,online,2025-05-07,NO
2192,27334,28155,597.14,completed,online,2025-05-07,NO
357,20399,28864,1879.56,completed,online,2025-05-07,NO
2159,40613,30717,762.23,failed,online,2025-05-07,NO
3751,4079,31226,724.66,completed,online,2025-05-07,NO
1,43658,34565,172.74,failed,online,2025-05-07,NO
1,15488,35474,1946.87,failed,online,2025-05-07,NO
1,9699,43665,401.75,failed,online,2025-05-07,NO
2328,6665,45451,1628.74,completed,online,2025-05-07,NO
3992,10784,48928,461.01,failed,online,2025-05-07,NO
3702,38968,51689,1398.61,completed,online,2025-05-07,NO
1660,6038,54627,1002.08,failed,online,2025-05-07,NO
3002,23538,54904,288.51,completed,online,2025-05-07,NO
3628,45339,57203,269.95,failed,online,2025-05-07,NO
3866,13322,58359,149.39,completed,online,2025-05-07,NO
1,32586,59074,1913.43,completed,online,2025-05-07,NO
1,42649,59304,1635.53,completed,online,2025-05-07,NO
2776,9166,59930,1280.58,failed,online,2025-05-07,NO
853,38943,59982,83.03,completed,online,2025-05-07,NO
674,34153,60086,246.55,failed,online,2025-05-07,NO
1,31140,60311,224.4,completed,online,2025-05-07,NO
2722,21598,61204,906.87,completed,online,2025-05-07,NO
2588,22822,63131,644.83,failed,online,2025-05-07,NO
3715,35378,63526,1295.95,failed,online,2025-05-07,NO
1,9970,64525,1461.14,completed,online,2025-05-07,NO
1,9746,74575,1023.99,failed,online,2025-05-07,NO
3532,8598,76165,1903.09,failed,online,2025-05-07,NO
4113,46469,77072,379.5,completed,online,2025-05-07,NO
3400,24845,77492,1338.51,completed,online,2025-05-07,NO
1,22692,79856,1977.83,completed,online,2025-05-07,NO
1,35096,80991,1987.49,completed,UNKNOWN,2025-05-07,NO
1,24921,83657,344.81,completed,online,2025-05-07,NO
1417,49755,86643,1613.72,failed,online,2025-05-07,NO
1894,32739,87798,693.93,failed,online,2025-05-07,NO
1369,41501,88561,43.62,completed,online,2025-05-07,NO
1485,17729,89076,1179.8,failed,online,2025-05-07,NO
536,31387,89961,1805.29,completed,online,2025-05-07,NO
72,25372,90265,1519.58,failed,online,2025-05-07,NO
528,5495,92870,1683.63,failed,online,2025-05-07,NO
1,48432,93694,6743.47679639996,completed,online,2025-05-07,NO
3255,6835,99276,1163.37,completed,online,2025-05-07,NO
2055,30600,101169,1474.4,completed,online,2025-05-07,NO
748,7564,104531,585.44,failed,online,2025-05-07,NO
1,43,104593,1358.59,failed,online,2025-05-07,NO
564,14908,114163,1727.99,failed,online,2025-05-07,NO
2379,786,117266,852.6,completed,online,2025-05-07,NO
2448,36271,117463,1790.08,completed,online,2025-05-07,NO
2352,10550,117799,989.96,completed,online,2025-05-07,NO
4141,8725,118790,1370.81,completed,online,2025-05-07,NO
2669,40824,118850,924.38,failed,online,2025-05-07,NO
4108,7939,121212,622.71,completed,online,2025-05-07,NO
2487,16621,130696,1194.27,failed,online,2025-05-07,NO
3825,36479,131806,1853.5,completed,online,2025-05-07,NO
2851,47073,131995,1282.0,completed,UNKNOWN,2025-05-07,NO
4558,20205,140966,50.9,failed,online,2025-05-07,NO
3916,14483,149770,1227.41,failed,online,2025-05-07,NO
2877,2602,3139,740.66,failed,online,2025-08-04,NO
3174,710,4821,1217.93,completed,online,2025-08-04,NO
4738,5993,4824,894.17,failed,online,2025-08-04,NO
3904,34529,8061,285.23,failed,online,2025-08-04,NO
3423,41426,11700,477.47,failed,online,2025-08-04,NO
1,42653,13124,1275.2,completed,online,2025-08-04,NO
4701,13591,19907,1211.15,completed,online,2025-08-04,NO
162,42137,20480,898.79,completed,online,2025-08-04,NO
1898,21351,27025,1484.21,completed,online,2025-08-04,NO
3870,40625,30787,98.37,failed,online,2025-08-04,NO
3200,30793,32400,283.91,completed,online,2025-08-04,NO
1651,14634,33658,483.48,failed,online,2025-08-04,NO
1574,35037,36104,1931.82,completed,online,2025-08-04,NO
1,32724,37951,1580.95,completed,online,2025-08-04,NO
1475,11940,40613,221.69,completed,online,2025-08-04,NO
2983,24351,43649,603.09,completed,online,2025-08-04,NO
2364,6048,44501,1027.23,completed,online,2025-08-04,NO
2088,31585,44615,1420.26,failed,online,2025-08-04,NO
47,1892,48400,1353.73,failed,online,2025-08-04,NO
192,40293,49996,1681.35,failed,UNKNOWN,2025-08-04,NO
2293,6291,52828,1139.07,failed,online,2025-08-04,NO
145,31539,64405,1340.44,failed,UNKNOWN,2025-08-04,NO
3825,40595,64878,12.29,completed,online,2025-08-04,NO
2804,5183,66481,463.3,completed,online,2025-08-04,NO
2686,14188,68735,707.67,failed,online,2025-08-04,NO
3711,7231,71131,1197.65,failed,online,2025-08-04,NO
3979,24840,75342,6876.303845701179,completed,online,2025-08-04,NO
1,34425,76979,769.02,failed,online,2025-08-04,NO
4551,31543,77192,902.48,completed,online,2025-08-04,NO
44,2113,78800,793.32,completed,online,2025-08-04,NO
1832,8167,79159,1306.58,completed,online,2025-08-04,NO
3139,22313,80495,515.97,completed,online,2025-08-04,NO
461,6445,82473,1948.85,failed,online,2025-08-04,NO
689,29790,82936,803.09,completed,online,2025-08-04,NO
2736,1611,84568,680.03,completed,online,2025-08-04,NO
831,30259,93039,569.63,failed,online,2025-08-04,NO
4740,16332,93576,484.98,completed,online,2025-08-04,NO
3809,19869,95856,1613.09,completed,online,2025-08-04,NO
3334,42910,95988,1224.84,completed,online,2025-08-04,NO
1,16804,96990,1881.47,completed,online,2025-08-04,NO
3531,29125,99049,1112.77,failed,online,2025-08-04,NO
1,21077,102329,565.82,completed,online,2025-08-04,NO
1,15840,103448,1270.95,completed,online,2025-08-04,NO
4970,34446,104462,1098.13,completed,UNKNOWN,2025-08-04,NO
2059,39099,112428,392.13,failed,online,2025-08-04,NO
420,34919,113727,1642.34,failed,online,2025-08-04,NO
955,16385,115316,1780.95,completed,online,2025-08-04,NO
1,44365,116716,1541.55,failed,online,2025-08-04,NO
1,19984,117033,759.47,failed,online,2025-08-04,NO
4460,46109,118318,1990.15,completed,UNKNOWN,2025-08-04,NO
3431,14754,122243,784.25,completed,online,2025-08-04,NO
248,28091,129591,472.84,failed,online,2025-08-04,NO
2234,1542,130317,1631.95,failed,online,2025-08-04,NO
3960,8470,130999,931.59,failed,online,2025-08-04,NO
4350,22350,135522,1503.69,completed,online,2025-08-04,NO
1,31120,137881,1097.66,failed,online,2025-08-04,NO
1585,42575,141135,1276.93,completed,online,2025-08-04,NO
1,41795,141854,1030.76,failed,online,2025-08-04,NO
2641,48905,144891,942.91,completed,online,2025-08-04,NO
2963,11851,146106,1657.65,completed,online,2025-08-04,NO
4435,39319,148683,1281.77,failed,online,2025-08-04,NO
3203,3408,149535,369.02,completed,online,2025-08-04,NO
1612,11979,149951,1107.51,failed,online,2025-08-04,NO
1779,28064,7555,1428.48,failed,online,2025-05-27,NO
1,40697,8025,1475.65,completed,online,2025-05-27,NO
4577,8375,8273,499.23,failed,online,2025-05-27,NO
2759,37722,9131,632.88,completed,online,2025-05-27,NO
131,16499,16158,860.89,completed,online,2025-05-27,NO
1,237,19288,1147.84,completed,online,2025-05-27,NO
2839,46529,21010,334.95,completed,online,2025-05-27,NO
1204,49419,22510,496.53,completed,UNKNOWN,2025-05-27,NO
981,2385,24603,1845.35,completed,online,2025-05-27,NO
1,39517,26304,831.4,failed,online,2025-05-27,NO
3340,12060,27221,1500.86,completed,online,2025-05-27,NO
1986,44355,31520,715.1,failed,online,2025-05-27,NO
1812,27246,31739,1175.98,failed,online,2025-05-27,NO
4526,47030,32147,898.72,failed,online,2025-05-27,NO
1,5213,33111,776.47,completed,online,2025-05-27,NO
3393,13645,34973,1186.53,completed,online,2025-05-27,NO
2897,16078,37357,1515.35,completed,online,2025-05-27,NO
2783,22483,41393,1758.21,failed,online,2025-05-27,NO
1,37707,43250,955.91,failed,online,2025-05-27,NO
575,47282,44405,752.6,completed,online,2025-05-27,NO
2592,15490,50154,1755.9,completed,online,2025-05-27,NO
1,23496,52145,1374.51,completed,online,2025-05-27,NO
4896,7128,54427,1471.09,failed,online,2025-05-27,NO
2543,42458,69284,1606.82,failed,online,2025-05-27,NO
2278,27634,71525,1310.3,failed,online,2025-05-27,NO
4171,38369,71678,1196.18,failed,online,2025-05-27,NO
1,39990,76918,597.47,failed,online,2025-05-27,NO
207,18650,79495,731.47,failed,online,2025-05-27,NO
4872,14648,79709,1815.02,failed,UNKNOWN,2025-05-27,NO
653,39863,82213,581.63,failed,online,2025-05-27,NO
1,421,85014,415.73,failed,online,2025-05-27,NO
1526,23222,87423,93.95,completed,online,2025-05-27,NO
4895,9066,89014,849.24,completed,online,2025-05-27,NO
1,18590,89711,1023.47,failed,online,2025-05-27,NO
1,15100,91161,1766.03,failed,online,2025-05-27,NO
2879,7135,96297,1990.11,failed,online,2025-05-27,NO
3100,40650,96429,362.6,failed,online,2025-05-27,NO
4054,2244,96795,155.09,failed,online,2025-05-27,NO
1,100,100526,1338.38,completed,UNKNOWN,2025-05-27,NO
1543,37494,104950,384.98,completed,online,2025-05-27,NO
3314,26972,106266,1637.9,failed,online,2025-05-27,NO
1,45644,107994,1409.77,completed,online,2025-05-27,NO
3726,26794,108258,830.56,completed,online,2025-05-27,NO
4224,29821,111310,32.73,completed,online,2025-05-27,NO
1694,31607,115187,784.65,failed,online,2025-05-27,NO
736,17993,115211,1396.63,failed,online,2025-05-27,NO
2115,30964,117175,1625.24,completed,online,2025-05-27,NO
4661,28152,119161,760.47,failed,online,2025-05-27,NO
3684,10601,119745,1652.15,failed,online,2025-05-27,NO
2889,2165,119821,85.08,completed,online,2025-05-27,NO
1,4151,121071,1108.07,failed,online,2025-05-27,NO
864,32214,121412,1257.58,completed,online,2025-05-27,NO
1,4163,123867,1978.49,failed,online,2025-05-27,NO
2874,22788,125771,1433.96,failed,online,2025-05-27,NO
2265,48010,128444,527.53,completed,UNKNOWN,2025-05-27,NO
1876,5889,134714,685.97,failed,online,2025-05-27,NO
1,20679,135164,1279.99,completed,online,2025-05-27,NO
2899,25491,137324,899.94,completed,online,2025-05-27,NO
1,27773,137839,354.18,failed,online,2025-05-27,NO
1167,33222,138021,1644.08,failed,online,2025-05-27,NO
2967,34159,145263,693.31,completed,online,2025-05-27,NO
2714,31546,145300,783.41,completed,online,2025-05-27,NO
2806,31216,145917,1969.58,failed,online,2025-05-27,NO
2622,21819,147761,1580.6,completed,online,2025-05-27,NO
805,27683,539,224.99,completed,online,2025-05-05,NO
1523,36672,5482,1333.53,failed,online,2025-05-05,NO
1,36703,9270,1769.15,failed,online,2025-05-05,NO
4906,2971,14192,1355.5,failed,online,2025-05-05,NO
1,28559,14776,703.27,failed,online,2025-05-05,NO
3289,44074,16292,678.7,completed,online,2025-05-05,NO
1,38465,17531,1832.29,completed,online,2025-05-05,NO
4588,28822,22192,1155.88,completed,online,2025-05-05,NO
4463,27256,23662,146.04,failed,online,2025-05-05,NO
1,26583,24801,1440.09,completed,online,2025-05-05,NO
2913,15002,31071,1478.09,failed,online,2025-05-05,NO
3984,42305,35102,1573.45,failed,online,2025-05-05,NO
4139,16124,35995,1963.64,completed,online,2025-05-05,NO
1592,3997,38155,489.01,failed,online,2025-05-05,NO
3401,42739,38427,1849.92,failed,online,2025-05-05,NO
1,3120,40132,732.45,failed,online,2025-05-05,NO
224,37772,42755,1222.79,completed,online,2025-05-05,NO
4935,15004,43008,121.71,failed,online,2025-05-05,NO
375,3358,45419,474.34,completed,online,2025-05-05,NO
4838,11251,50899,926.23,failed,online,2025-05-05,NO
1,970,52143,1390.3,completed,online,2025-05-05,NO
1,38439,54212,1012.6,completed,online,2025-05-05,NO
2991,27425,58761,1547.43,completed,online,2025-05-05,NO
2098,48792,59178,1629.28,failed,online,2025-05-05,NO
2193,37752,59778,1137.89,failed,online,2025-05-05,NO
159,33450,61599,955.67,failed,online,2025-05-05,NO
349,17079,71685,40.61,failed,online,2025-05-05,NO
1587,44563,77132,1217.3,failed,online,2025-05-05,NO
627,48708,79531,571.2,failed,online,2025-05-05,NO
424,28550,81137,409.29,failed,online,2025-05-05,NO
3743,36166,81828,1991.92,completed,online,2025-05-05,NO
3565,16060,82733,1201.01,completed,online,2025-05-05,NO
4016,48684,83158,631.45,failed,online,2025-05-05,NO
3749,30913,86590,704.1,completed,online,2025-05-05,NO
1010,47260,90135,674.78,failed,online,2025-05-05,NO
3697,4782,90210,7828.999764251221,completed,online,2025-05-05,NO
1742,14725,90328,683.55,failed,online,2025-05-05,NO
3335,11155,93419,1159.76,failed,online,2025-05-05,NO
3031,41650,94455,1311.07,completed,online,2025-05-05,NO
3151,38009,94899,290.5,failed,online,2025-05-05,NO
1,32879,99040,1920.66,completed,online,2025-05-05,NO
3568,3191,99908,347.22,completed,online,2025-05-05,NO
1,39088,101851,1534.69,failed,online,2025-05-05,NO
1679,33210,106059,1475.65,failed,online,2025-05-05,NO
349,19299,107132,1980.07,failed,online,2025-05-05,NO
1,37686,112323,11.05,failed,online,2025-05-05,NO
1141,35715,113010,905.05,completed,online,2025-05-05,NO
625,23780,114328,1551.58,completed,online,2025-05-05,NO
1,46533,115735,1919.55,completed,online,2025-05-05,NO
4201,22361,116376,760.42,completed,online,2025-05-05,NO
1435,27975,123991,1337.01,completed,online,2025-05-05,NO
3323,12836,125537,885.45,completed,online,2025-05-05,NO
4992,46919,127517,898.73,completed,UNKNOWN,2025-05-05,NO
2947,43194,128195,1040.05,completed,online,2025-05-05,NO
1652,48941,131268,1295.25,failed,online,2025-05-05,NO
943,38321,133208,1769.25,completed,online,2025-05-05,NO
430,1641,133787,1808.03,completed,online,2025-05-05,NO
4466,1878,137007,352.63,completed,online,2025-05-05,NO
4131,13609,138057,1129.42,failed,online,2025-05-05,NO
1,40047,141205,1690.0,completed,online,2025-05-05,NO
3416,30744,147473,1786.83,completed,online,2025-05-05,NO
4124,10839,149133,9932.869302316323,failed,online,2025-05-05,NO
4560,30337,149934,1461.24,failed,online,2025-05-05,NO
1969,47004,808,312.45,completed,online,2025-07-05,NO
3302,21723,4837,1570.29,completed,online,2025-07-05,NO
2561,41061,9489,1286.34,failed,online,2025-07-05,NO
3929,49664,9840,1014.74,completed,online,2025-07-05,NO
3773,15014,12652,75.78,failed,online,2025-07-05,NO
4316,48623,13003,1360.4,completed,online,2025-07-05,NO
607,46309,14345,424.19,completed,online,2025-07-05,NO
1,41209,18609,20.62,completed,online,2025-07-05,NO
4074,25505,19757,559.05,completed,online,2025-07-05,NO
1474,33270,30779,1189.31,failed,online,2025-07-05,NO
1,36680,32272,1620.63,failed,online,2025-07-05,NO
2765,5831,33953,841.34,completed,online,2025-07-05,NO
1377,19731,34870,1279.45,failed,online,2025-07-05,NO
3652,6102,44611,890.36,failed,online,2025-07-05,NO
4790,32134,45631,518.2,completed,online,2025-07-05,NO
4476,40049,49843,1280.62,failed,online,2025-07-05,NO
347,10133,51980,837.2,failed,online,2025-07-05,NO
1897,36092,52952,1097.93,completed,online,2025-07-05,NO
4919,44441,56384,1080.12,completed,online,2025-07-05,NO
2866,22956,56672,641.34,completed,online,2025-07-05,NO
2209,28515,57959,87.44,completed,online,2025-07-05,NO
1224,48035,59416,1128.23,completed,online,2025-07-05,NO
1,32675,61491,1298.63,failed,online,2025-07-05,NO
38,31572,64293,367.59,completed,online,2025-07-05,NO
1720,15727,65764,1174.03,completed,online,2025-07-05,NO
3353,42103,69911,1214.2,completed,online,2025-07-05,NO
4767,48330,73856,175.48,failed,online,2025-07-05,NO
1652,28709,74664,1582.64,failed,online,2025-07-05,NO
3061,12358,75633,42.61,completed,online,2025-07-05,NO
4911,32306,78875,102.84,completed,online,2025-07-05,NO
741,29790,79634,35.54,failed,online,2025-07-05,NO
1,35159,79994,1329.34,completed,online,2025-07-05,NO
1,33796,84068,1102.9,completed,online,2025-07-05,NO
1,31436,84956,1480.31,completed,online,2025-07-05,NO
1,12003,85474,638.39,completed,online,2025-07-05,NO
295,42712,86348,1408.16,failed,online,2025-07-05,NO
2093,28808,89309,1130.34,completed,online,2025-07-05,NO
1,34168,90932,1401.92,failed,online,2025-07-05,NO
1579,28365,91833,454.34,completed,online,2025-07-05,NO
389,18877,92861,1452.98,failed,online,2025-07-05,NO
1592,34836,99630,15.01,completed,online,2025-07-05,NO
1802,18271,100094,953.04,failed,online,2025-07-05,NO
1677,16528,100524,39.83,completed,online,2025-07-05,NO
4715,27715,102073,1813.68,failed,online,2025-07-05,NO
3756,21432,105302,1911.04,completed,online,2025-07-05,NO
1,15014,107708,1703.25,completed,online,2025-07-05,NO
2780,7726,109178,912.16,failed,online,2025-07-05,NO
1975,9104,111721,1175.11,failed,online,2025-07-05,NO
592,36575,116448,1681.78,failed,online,2025-07-05,NO
1,37923,117091,1922.92,completed,online,2025-07-05,NO
4190,10224,121385,1416.6,failed,online,2025-07-05,NO
1,32352,122095,1156.96,completed,UNKNOWN,2025-07-05,NO
4938,14493,124322,105.45,failed,online,2025-07-05,NO
1,27302,125227,1551.58,completed,online,2025-07-05,NO
795,5755,128265,1839.24,completed,online,2025-07-05,NO
3061,17638,131773,186.71,completed,online,2025-07-05,NO
1,33512,133768,976.68,completed,online,2025-07-05,NO
4336,14515,135944,1224.28,completed,online,2025-07-05,NO
3903,9256,136031,1085.78,failed,online,2025-07-05,NO
4756,26869,136723,83.18,completed,online,2025-07-05,NO
529,15674,136906,784.58,completed,online,2025-07-05,NO
1,12506,141213,919.58,failed,online,2025-07-05,NO
4484,15639,148197,347.14,completed,online,2025-07-05,NO
892,9215,997,1538.95,failed,online,2025-06-12,NO
1,18580,3182,56.17,failed,online,2025-06-12,NO
774,6693,3719,930.84,failed,online,2025-06-12,NO
4860,40083,5068,202.8,completed,online,2025-06-12,NO
2663,40217,5241,1169.7,completed,online,2025-06-12,NO
3841,22860,10370,1907.09,failed,online,2025-06-12,NO
1,24786,10902,1153.92,failed,online,2025-06-12,NO
2146,8604,17451,1820.0,completed,online,2025-06-12,NO
2190,21073,24556,1177.52,failed,online,2025-06-12,NO
1454,22723,25983,1614.28,failed,online,2025-06-12,NO
2579,25976,26963,888.46,completed,online,2025-06-12,NO
430,36882,27270,177.35,failed,online,2025-06-12,NO
1019,45340,28849,1263.46,failed,online,2025-06-12,NO
2455,32598,29977,11.12,failed,online,2025-06-12,NO
3874,48016,34105,767.32,completed,online,2025-06-12,NO
3410,42081,34820,1524.63,completed,online,2025-06-12,NO
1,18076,41170,1193.75,failed,online,2025-06-12,NO
2630,26804,49072,551.61,failed,online,2025-06-12,NO
3689,40075,49586,141.54,completed,online,2025-06-12,NO
3778,30663,52617,353.13,failed,online,2025-06-12,NO
1,41023,55906,1090.74,failed,online,2025-06-12,NO
2084,33806,56700,594.8,completed,online,2025-06-12,NO
4896,2841,59802,1397.87,failed,online,2025-06-12,NO
3548,18705,65398,579.01,failed,online,2025-06-12,NO
4859,2851,68225,700.41,completed,online,2025-06-12,NO
3031,41471,70047,1194.32,completed,online,2025-06-12,NO
4718,21782,70607,183.23,failed,online,2025-06-12,NO
4637,22903,74964,79.84,failed,online,2025-06-12,NO
2051,45015,75786,56.43,failed,online,2025-06-12,NO
1,40626,75854,1192.31,completed,online,2025-06-12,NO
2774,17917,80187,790.23,failed,online,2025-06-12,NO
2551,3113,80595,1651.88,completed,online,2025-06-12,NO
1226,15736,84713,126.33,completed,online,2025-06-12,NO
726,12883,85551,1535.69,failed,online,2025-06-12,NO
2382,19013,85913,1053.8,failed,online,2025-06-12,NO
1,12909,86196,5290.212334191123,failed,online,2025-06-12,NO
1,20539,97640,9927.674723004126,completed,online,2025-06-12,NO
3077,36490,98605,867.05,completed,online,2025-06-12,NO
2176,31688,98979,1515.12,completed,online,2025-06-12,NO
1,10242,100051,642.74,completed,online,2025-06-12,NO
1390,34020,104522,963.29,failed,online,2025-06-12,NO
4725,7661,107074,1720.9,completed,online,2025-06-12,NO
1,3874,108178,1700.81,completed,online,2025-06-12,NO
1,26667,109698,707.47,failed,online,2025-06-12,NO
1714,25162,111013,1298.42,completed,online,2025-06-12,NO
4443,49579,113071,1768.15,completed,online,2025-06-12,NO
3913,39706,113926,146.85,completed,online,2025-06-12,NO
2019,43486,114208,766.96,failed,online,2025-06-12,NO
688,3636,114284,908.1,completed,online,2025-06-12,NO
1891,17306,116547,1954.96,failed,online,2025-06-12,NO
2908,41983,119292,968.9,completed,online,2025-06-12,NO
1483,31466,119976,1507.06,completed,online,2025-06-12,NO
1076,37977,121369,741.41,failed,online,2025-06-12,NO
3916,41807,123592,1274.36,failed,online,2025-06-12,NO
431,1515,123947,1104.02,completed,online,2025-06-12,NO
1977,3981,126280,824.17,failed,online,2025-06-12,NO
1159,42110,127069,974.24,failed,online,2025-06-12,NO
1982,43416,128143,1339.25,completed,online,2025-06-12,NO
4013,31680,131126,209.28,completed,online,2025-06-12,NO
2088,6432,134781,230.63,failed,online,2025-06-12,NO
1838,44199,138294,1761.99,completed,online,2025-06-12,NO
3137,11889,141032,661.21,failed,online,2025-06-12,NO
359,4131,149155,1918.71,failed,online,2025-06-12,NO
1,41936,1719,1703.3,completed,online,2025-01-09,NO
1356,31431,9978,1654.02,failed,online,2025-01-09,NO
3055,34691,12223,239.59,completed,online,2025-01-09,NO
4410,35417,14742,714.27,failed,online,2025-01-09,NO
1,11037,16183,172.15,completed,online,2025-01-09,NO
1,11745,16804,687.98,failed,online,2025-01-09,NO
3187,37195,17079,1010.95,failed,online,2025-01-09,NO
4410,12089,20283,15.19,completed,online,2025-01-09,NO
4852,37002,21134,845.69,completed,online,2025-01-09,NO
1,8527,25603,129.99,failed,online,2025-01-09,NO
3860,17737,27937,1401.48,failed,online,2025-01-09,NO
103,2824,28182,192.12,completed,online,2025-01-09,NO
3454,49856,31460,1719.05,completed,online,2025-01-09,NO
341,46472,32268,383.12,failed,online,2025-01-09,NO
2552,41357,35762,1454.88,completed,online,2025-01-09,NO
2392,46859,38327,1369.96,failed,online,2025-01-09,NO
1,32090,41127,1743.2,completed,UNKNOWN,2025-01-09,NO
413,39514,44024,884.72,completed,online,2025-01-09,NO
1,10069,45476,410.76,failed,online,2025-01-09,NO
1,10056,48527,9573.381428383664,failed,online,2025-01-09,NO
2868,5152,50651,647.35,failed,online,2025-01-09,NO
3961,5252,64816,951.47,completed,online,2025-01-09,NO
4987,36848,64827,174.35,failed,online,2025-01-09,NO
2525,16508,69573,1420.44,completed,online,2025-01-09,NO
1257,23427,74519,1429.85,failed,online,2025-01-09,NO
2487,31331,77030,446.38,failed,online,2025-01-09,NO
1862,32452,77953,1866.41,completed,online,2025-01-09,NO
2481,43102,78373,1760.93,failed,online,2025-01-09,NO
1,21962,80418,1446.06,completed,online,2025-01-09,NO
1,7251,80581,530.53,completed,online,2025-01-09,NO
1,24428,80985,1079.97,completed,online,2025-01-09,NO
2714,8474,90526,791.81,completed,online,2025-01-09,NO
1707,158,92415,553.67,completed,online,2025-01-09,NO
415,3321,92913,683.86,failed,online,2025-01-09,NO
3998,16470,93259,301.49,completed,online,2025-01-09,NO
3231,21525,95595,1699.67,failed,online,2025-01-09,NO
3281,18619,100059,385.42,failed,online,2025-01-09,NO
4425,40197,101608,1617.41,completed,online,2025-01-09,NO
1543,43180,102016,1276.99,failed,online,2025-01-09,NO
1,17020,105323,1629.74,failed,online,2025-01-09,NO
1,22974,109699,559.94,completed,online,2025-01-09,NO
1654,7704,109975,1205.25,completed,online,2025-01-09,NO
3003,19155,110675,1748.64,completed,online,2025-01-09,NO
1,8185,113085,1332.52,failed,online,2025-01-09,NO
2221,16355,113200,791.42,failed,online,2025-01-09,NO
2480,26248,113747,934.65,completed,online,2025-01-09,NO
2134,1020,118608,459.09,failed,online,2025-01-09,NO
1080,8081,120368,1637.38,failed,online,2025-01-09,NO
4144,27061,122234,484.06,failed,online,2025-01-09,NO
2682,33480,122448,546.87,failed,online,2025-01-09,NO
1,18324,122509,761.78,completed,online,2025-01-09,NO
2852,24016,122709,1817.55,completed,online,2025-01-09,NO
4500,44184,124745,1827.59,failed,online,2025-01-09,NO
2321,15091,126678,1697.9,failed,online,2025-01-09,NO
1713,45411,131636,1462.22,failed,online,2025-01-09,NO
1495,46917,131839,1544.07,completed,online,2025-01-09,NO
3592,10717,137415,827.4,completed,online,2025-01-09,NO
1063,15497,138075,407.29,failed,online,2025-01-09,NO
789,33045,138174,1189.77,completed,online,2025-01-09,NO
1,48787,140613,1705.09,failed,online,2025-01-09,NO
3252,40678,140797,1358.25,completed,online,2025-01-09,NO
1287,48226,146071,1773.54,completed,online,2025-01-09,NO
1,33743,146460,799.53,failed,online,2025-01-09,NO
