product_id,customer_id,transaction_id,amount,status,channel,transaction_date,fraud_flag
252,24487,1578,70.59,failed,online,2025-03-11,NO
2276,48450,5111,831.2,failed,online,2025-03-11,NO
796,31769,5889,874.9,completed,online,2025-03-11,NO
4314,33926,8219,1138.53,completed,online,2025-03-11,NO
4282,17757,8728,1465.17,completed,UNKNOWN,2025-03-11,NO
460,6287,9463,957.45,completed,online,2025-03-11,NO
3231,33913,11803,265.23,completed,online,2025-03-11,NO
560,40969,15291,1810.51,completed,online,2025-03-11,NO
759,49451,16205,1186.79,completed,online,2025-03-11,NO
580,25634,19695,1025.69,completed,online,2025-03-11,NO
1,23406,20258,1438.98,completed,online,2025-03-11,NO
4037,29726,21274,1359.85,completed,online,2025-03-11,NO
1067,9053,25986,1469.52,failed,online,2025-03-11,NO
1,4534,27121,1569.33,failed,online,2025-03-11,NO
2909,18565,30795,1833.27,failed,online,2025-03-11,NO
2267,17197,32278,493.6,completed,online,2025-03-11,NO
4441,32770,33198,1535.4,failed,online,2025-03-11,NO
4063,15228,33597,1929.92,completed,online,2025-03-11,NO
667,9833,37775,367.66,failed,online,2025-03-11,NO
3981,5626,40854,1762.37,failed,online,2025-03-11,NO
1175,17826,40954,1520.23,failed,online,2025-03-11,NO
2730,37231,43691,1064.07,completed,online,2025-03-11,NO
1,13613,44212,371.07,failed,online,2025-03-11,NO
4845,37774,45732,546.94,completed,online,2025-03-11,NO
3042,5002,48103,212.17,failed,online,2025-03-11,NO
1,32968,52941,128.38,failed,online,2025-03-11,NO
611,26342,53035,936.34,failed,online,2025-03-11,NO
4422,7812,55390,1033.76,completed,online,2025-03-11,NO
2512,27621,57406,550.09,failed,online,2025-03-11,NO
4737,39141,61852,1240.24,completed,online,2025-03-11,NO
4687,23704,62085,1562.88,failed,online,2025-03-11,NO
3456,26263,63001,1587.99,failed,online,2025-03-11,NO
3783,42963,65554,30.82,completed,online,2025-03-11,NO
1935,16034,67872,1371.36,completed,online,2025-03-11,NO
4786,12923,68406,1863.95,failed,online,2025-03-11,NO
2264,8790,69012,1272.98,failed,online,2025-03-11,NO
1411,3640,69807,1316.99,completed,online,2025-03-11,NO
3131,21857,71873,87.91,completed,online,2025-03-11,NO
3217,7040,73806,487.54,failed,online,2025-03-11,NO
767,22402,74076,1117.5,completed,online,2025-03-11,NO
3643,15665,80702,998.39,failed,online,2025-03-11,NO
1709,23673,83404,652.74,completed,online,2025-03-11,NO
1659,40488,86332,810.05,completed,online,2025-03-11,NO
3198,46299,86414,1380.95,completed,online,2025-03-11,NO
2563,38588,92760,1850.57,failed,online,2025-03-11,NO
1,5941,95175,1845.21,completed,online,2025-03-11,NO
1938,27984,95665,1991.38,completed,online,2025-03-11,NO
4184,46424,95998,880.89,failed,online,2025-03-11,NO
1,25856,97794,1416.27,failed,online,2025-03-11,NO
704,26020,102980,226.63,completed,online,2025-03-11,NO
1,4010,103450,1085.78,completed,online,2025-03-11,NO
1,13183,103611,1693.97,completed,online,2025-03-11,NO
1384,37076,103622,1394.84,completed,online,2025-03-11,NO
1331,28287,105698,1758.71,failed,online,2025-03-11,NO
3436,43430,107064,200.17,completed,online,2025-03-11,NO
4911,16166,108011,1722.76,completed,online,2025-03-11,NO
1404,22528,108092,1924.87,completed,online,2025-03-11,NO
2695,34491,108293,506.3,completed,online,2025-03-11,NO
766,45777,108483,984.85,completed,online,2025-03-11,NO
872,8083,111192,125.39,failed,online,2025-03-11,NO
1,31739,112069,327.53,completed,online,2025-03-11,NO
4189,31530,112088,1447.13,failed,online,2025-03-11,NO
1,26250,113186,1684.19,failed,online,2025-03-11,NO
776,23005,113769,1031.69,completed,online,2025-03-11,NO
3487,30454,114202,1174.15,completed,online,2025-03-11,NO
3783,46232,114776,434.42,failed,online,2025-03-11,NO
662,30139,116934,1654.68,failed,online,2025-03-11,NO
708,1859,118174,1813.26,completed,online,2025-03-11,NO
2344,29329,118986,1713.29,completed,online,2025-03-11,NO
1,46395,119857,138.15,completed,UNKNOWN,2025-03-11,NO
762,8760,122384,457.12,completed,online,2025-03-11,NO
1,44243,122784,1025.55,completed,online,2025-03-11,NO
3906,16227,123177,897.76,completed,online,2025-03-11,NO
1,7388,123827,1954.72,failed,online,2025-03-11,NO
921,29472,125872,1397.71,failed,online,2025-03-11,NO
4632,32502,127574,622.39,failed,online,2025-03-11,NO
2213,48083,129553,1871.08,failed,online,2025-03-11,NO
4176,17930,129707,92.79,completed,online,2025-03-11,NO
1842,22366,130135,821.81,failed,online,2025-03-11,NO
1,30481,132826,1977.65,failed,online,2025-03-11,NO
341,16386,134395,210.78,completed,online,2025-03-11,NO
4020,2928,136252,1957.72,completed,online,2025-03-11,NO
1383,42854,141633,1732.23,completed,online,2025-03-11,NO
4592,40869,145959,893.42,completed,online,2025-03-11,NO
442,37145,149246,570.76,failed,online,2025-03-11,NO
4823,24362,4554,494.31,completed,online,2025-02-26,NO
3626,40858,6226,1394.56,completed,online,2025-02-26,NO
113,20378,8310,1484.11,failed,online,2025-02-26,NO
4712,37599,9408,878.01,completed,online,2025-02-26,NO
2385,6684,11501,258.12,completed,online,2025-02-26,NO
3842,9807,11943,958.63,completed,online,2025-02-26,NO
4866,8234,14109,271.56,failed,online,2025-02-26,NO
2872,3142,15867,292.86,failed,online,2025-02-26,NO
1,18573,18434,848.19,failed,online,2025-02-26,NO
1579,18886,18685,1640.69,failed,online,2025-02-26,NO
3756,27611,19095,1949.54,completed,online,2025-02-26,NO
182,9266,19914,1192.34,completed,online,2025-02-26,NO
1946,49907,20139,1082.74,completed,online,2025-02-26,NO
3484,37680,22297,1877.13,completed,online,2025-02-26,NO
3007,11972,22615,1503.98,failed,online,2025-02-26,NO
524,4775,24183,1662.46,completed,online,2025-02-26,NO
3547,25780,26564,853.64,completed,online,2025-02-26,NO
3622,41216,26601,1433.05,failed,online,2025-02-26,NO
3319,15229,27077,957.47,failed,online,2025-02-26,NO
752,29849,30672,890.12,completed,online,2025-02-26,NO
4484,40226,32356,1924.55,completed,online,2025-02-26,NO
1778,9007,36204,477.74,completed,online,2025-02-26,NO
4171,35457,36936,654.5,failed,online,2025-02-26,NO
449,15022,37066,130.94,failed,online,2025-02-26,NO
232,8755,37928,1786.62,completed,online,2025-02-26,NO
592,35332,39901,1204.01,completed,online,2025-02-26,NO
2773,27666,42248,86.69,completed,online,2025-02-26,NO
4161,29863,45922,1930.72,failed,online,2025-02-26,NO
4353,14897,47353,664.58,completed,online,2025-02-26,NO
3678,19613,50031,1739.14,failed,online,2025-02-26,NO
4063,34535,50864,1024.55,failed,online,2025-02-26,NO
3612,29835,51430,1138.2,completed,online,2025-02-26,NO
351,34265,51610,1150.54,completed,online,2025-02-26,NO
2836,785,53216,952.35,completed,online,2025-02-26,NO
1370,29135,53650,676.95,failed,online,2025-02-26,NO
3752,16493,54796,1049.86,failed,online,2025-02-26,NO
1697,24686,55931,911.09,failed,online,2025-02-26,NO
281,5978,56053,288.84,failed,online,2025-02-26,NO
3808,5264,57905,1908.65,completed,online,2025-02-26,NO
3474,35095,58964,1305.07,failed,online,2025-02-26,NO
3793,38719,62937,1983.01,failed,online,2025-02-26,NO
4595,49825,64446,1398.41,completed,online,2025-02-26,NO
4862,43069,65624,1867.8,failed,online,2025-02-26,NO
1237,16662,65719,135.74,completed,UNKNOWN,2025-02-26,NO
1,48948,67971,611.63,failed,online,2025-02-26,NO
1052,31912,71430,78.38,failed,online,2025-02-26,NO
2388,12431,72157,1032.71,completed,online,2025-02-26,NO
1481,26715,75007,391.32,failed,online,2025-02-26,NO
1583,3535,79372,1230.49,failed,online,2025-02-26,NO
4350,42300,79404,592.59,failed,online,2025-02-26,NO
1,1567,81463,329.22,completed,online,2025-02-26,NO
4222,10735,83353,712.72,completed,online,2025-02-26,NO
1329,15055,85591,5041.426131103387,failed,online,2025-02-26,NO
1093,19519,86461,578.71,completed,online,2025-02-26,NO
4952,17424,88320,1933.12,failed,online,2025-02-26,NO
2588,32103,91454,1261.33,failed,online,2025-02-26,NO
1,24348,92153,968.08,completed,online,2025-02-26,NO
3604,48194,92722,20.59,completed,online,2025-02-26,NO
1487,759,96348,1132.93,failed,online,2025-02-26,NO
4765,32329,98537,1915.36,failed,online,2025-02-26,NO
3080,15632,101432,1495.74,completed,online,2025-02-26,NO
2041,16498,103044,1691.84,completed,online,2025-02-26,NO
1,13769,104478,462.83,failed,online,2025-02-26,NO
1,43874,104899,1510.05,failed,online,2025-02-26,NO
1962,27658,106628,1073.64,completed,online,2025-02-26,NO
1,12701,107787,593.23,completed,online,2025-02-26,NO
4172,45836,109465,349.31,completed,online,2025-02-26,NO
1558,3705,109921,761.27,failed,UNKNOWN,2025-02-26,NO
797,14068,113531,1849.9,completed,online,2025-02-26,NO
1786,47204,115550,804.95,completed,online,2025-02-26,NO
602,29416,117219,1410.35,failed,online,2025-02-26,NO
2640,32709,119798,300.1,completed,online,2025-02-26,NO
857,18647,121992,44.84,completed,online,2025-02-26,NO
3759,19602,126338,1891.91,completed,UNKNOWN,2025-02-26,NO
1,23052,126808,1342.83,completed,online,2025-02-26,NO
1483,34705,128198,1379.0,failed,online,2025-02-26,NO
1,34182,128484,750.74,completed,online,2025-02-26,NO
1073,1756,134331,883.17,failed,online,2025-02-26,NO
4700,31720,135259,1557.88,failed,online,2025-02-26,NO
2505,17753,138500,222.38,completed,online,2025-02-26,NO
3617,37791,138988,484.64,completed,online,2025-02-26,NO
4031,47186,139114,1667.37,failed,online,2025-02-26,NO
4032,38961,142806,767.57,failed,online,2025-02-26,NO
1523,686,146517,784.6,completed,online,2025-02-26,NO
843,20148,146940,819.49,failed,online,2025-02-26,NO
432,44664,3052,1006.09,failed,online,2025-09-07,NO
4881,3255,5752,1752.54,failed,online,2025-09-07,NO
2772,35179,5998,492.45,failed,online,2025-09-07,NO
3061,18597,6392,700.79,failed,online,2025-09-07,NO
978,31874,6443,1651.29,failed,online,2025-09-07,NO
3632,8951,9299,1780.64,completed,online,2025-09-07,NO
1484,19235,18268,1287.1,failed,online,2025-09-07,NO
3058,15639,19307,1034.4,failed,online,2025-09-07,NO
3093,49698,22578,1561.36,failed,online,2025-09-07,NO
4947,33098,25640,192.86,failed,online,2025-09-07,NO
2129,18371,26003,142.12,failed,online,2025-09-07,NO
1248,10951,28366,1153.85,completed,online,2025-09-07,NO
4973,2089,29290,1166.77,failed,online,2025-09-07,NO
1417,40319,29397,1223.3,completed,online,2025-09-07,NO
1380,37893,29484,248.95,completed,online,2025-09-07,NO
1421,32591,30934,1681.37,failed,online,2025-09-07,NO
857,9581,33287,1839.88,completed,online,2025-09-07,NO
1282,23360,35163,431.68,failed,online,2025-09-07,NO
3116,34669,36197,1990.04,completed,online,2025-09-07,NO
4715,22784,39544,464.48,completed,online,2025-09-07,NO
1793,39955,40027,115.47,completed,online,2025-09-07,NO
1632,42018,42060,1419.19,failed,online,2025-09-07,NO
1395,42059,43053,1316.42,failed,online,2025-09-07,NO
3542,12449,43596,869.55,failed,online,2025-09-07,NO
1,34202,48216,1444.84,completed,online,2025-09-07,NO
676,45570,48478,1564.12,failed,online,2025-09-07,NO
1,46941,50671,728.84,completed,online,2025-09-07,NO
3224,26902,50728,1501.43,completed,online,2025-09-07,NO
1641,27524,51357,1295.69,completed,online,2025-09-07,NO
1640,33787,52966,267.53,failed,online,2025-09-07,NO
1,24960,55954,450.32,completed,online,2025-09-07,NO
1129,13464,58549,967.79,failed,online,2025-09-07,NO
4484,6192,60619,1901.32,completed,online,2025-09-07,NO
1448,34857,60680,445.77,failed,online,2025-09-07,NO
3132,47098,62850,1027.6,failed,online,2025-09-07,NO
3634,8040,62983,722.27,completed,online,2025-09-07,NO
198,39175,63244,363.49,completed,online,2025-09-07,NO
2817,27182,64338,1904.8,completed,online,2025-09-07,NO
1,24490,68927,629.44,completed,online,2025-09-07,NO
711,1167,70949,835.76,completed,online,2025-09-07,NO
3618,23628,71249,1208.12,failed,online,2025-09-07,NO
1,2888,80310,67.34,completed,online,2025-09-07,NO
1266,26747,87048,454.25,failed,online,2025-09-07,NO
1847,2803,87145,746.54,completed,online,2025-09-07,NO
1,12199,88273,438.09,completed,online,2025-09-07,NO
344,18859,89217,1066.9,completed,online,2025-09-07,NO
1764,3564,89337,252.72,failed,online,2025-09-07,NO
3211,29259,91251,1197.42,completed,online,2025-09-07,NO
4997,5460,91912,711.8,failed,online,2025-09-07,NO
3725,43227,93479,1249.56,failed,online,2025-09-07,NO
1,10467,94380,750.15,completed,online,2025-09-07,NO
4952,37444,95491,791.31,completed,online,2025-09-07,NO
627,10666,96623,1357.42,completed,online,2025-09-07,NO
1,1175,98247,1154.7,completed,online,2025-09-07,NO
1,39784,101442,149.11,completed,online,2025-09-07,NO
2582,44535,103191,1507.6,completed,online,2025-09-07,NO
4082,46847,103330,1712.95,completed,online,2025-09-07,NO
3042,41584,104556,758.96,completed,online,2025-09-07,NO
4143,6400,110373,579.38,failed,online,2025-09-07,NO
23,11906,110528,1006.61,completed,online,2025-09-07,NO
3999,38290,114403,794.4,completed,online,2025-09-07,NO
94,25341,114423,167.96,failed,online,2025-09-07,NO
1780,14330,117409,267.77,failed,online,2025-09-07,NO
4808,587,118589,1420.72,completed,online,2025-09-07,NO
1,37186,119654,1924.52,completed,online,2025-09-07,NO
2850,32289,121094,1278.69,failed,online,2025-09-07,NO
2982,30295,121597,1639.64,failed,online,2025-09-07,NO
2868,47037,122986,812.93,failed,online,2025-09-07,NO
1395,20927,124221,1381.95,completed,online,2025-09-07,NO
2239,23316,124633,279.96,completed,online,2025-09-07,NO
4069,14328,124716,1582.78,completed,online,2025-09-07,NO
1,33674,124877,1263.68,completed,online,2025-09-07,NO
1,18108,126006,1159.77,failed,online,2025-09-07,NO
4241,31428,126059,6304.997801534434,completed,online,2025-09-07,NO
281,32300,127665,1690.01,failed,online,2025-09-07,NO
657,32488,132860,1742.51,failed,online,2025-09-07,NO
1,7215,135207,1092.16,failed,online,2025-09-07,NO
1,28311,135741,573.44,completed,online,2025-09-07,NO
3535,35938,136280,534.78,completed,online,2025-09-07,NO
1745,17229,137226,1953.29,completed,online,2025-09-07,NO
840,32754,137266,1186.36,completed,online,2025-09-07,NO
2084,11498,138035,1352.21,completed,online,2025-09-07,NO
3440,4756,141217,1361.79,completed,online,2025-09-07,NO
4982,32050,146340,1359.14,failed,online,2025-09-07,NO
1,42279,149903,1695.38,completed,online,2025-09-07,NO
3010,40824,419,1387.86,completed,online,2025-09-20,NO
86,8519,2989,224.65,failed,online,2025-09-20,NO
1,24785,5887,387.8,completed,online,2025-09-20,NO
4953,8555,7859,180.19,completed,online,2025-09-20,NO
3133,31265,9312,1948.34,completed,online,2025-09-20,NO
1,33641,10367,1333.37,failed,online,2025-09-20,NO
1,11343,10746,1800.39,failed,online,2025-09-20,NO
3882,8687,12326,1572.39,completed,online,2025-09-20,NO
1504,31609,12834,1752.95,failed,online,2025-09-20,NO
4568,27251,12929,1377.41,failed,online,2025-09-20,NO
881,2650,15580,1115.51,failed,online,2025-09-20,NO
3621,21755,19300,1529.16,completed,online,2025-09-20,NO
1,43094,20191,90.97,failed,online,2025-09-20,NO
4254,5492,21620,1954.32,completed,online,2025-09-20,NO
1331,49865,27232,1078.79,failed,online,2025-09-20,NO
1,46143,28726,1052.47,completed,online,2025-09-20,NO
1,11529,29357,428.45,completed,online,2025-09-20,NO
4554,16922,29980,1027.94,failed,online,2025-09-20,NO
4385,11307,31957,1819.07,completed,online,2025-09-20,NO
1380,31586,32534,1396.39,completed,online,2025-09-20,NO
3254,38466,33037,1733.7,completed,UNKNOWN,2025-09-20,NO
2910,33877,33184,876.14,completed,online,2025-09-20,NO
4367,46323,33647,1456.91,completed,online,2025-09-20,NO
3391,12705,33697,1191.73,failed,online,2025-09-20,NO
3283,15533,33716,567.9,completed,online,2025-09-20,NO
4481,35291,34952,829.94,completed,online,2025-09-20,NO
1,1758,37549,1809.39,completed,online,2025-09-20,NO
1,22050,39275,1634.25,completed,online,2025-09-20,NO
53,9336,39345,1282.63,failed,online,2025-09-20,NO
4559,7692,39862,191.61,completed,online,2025-09-20,NO
372,30580,42221,970.15,failed,online,2025-09-20,NO
3741,30893,43279,197.97,failed,online,2025-09-20,NO
3204,22945,44621,1120.22,completed,online,2025-09-20,NO
4412,48018,46353,1751.45,completed,online,2025-09-20,NO
1,20442,51033,1163.09,completed,online,2025-09-20,NO
2973,28683,52575,204.64,failed,online,2025-09-20,NO
1,31006,57280,643.75,failed,online,2025-09-20,NO
1,10515,59883,1934.93,completed,online,2025-09-20,NO
1548,43562,60542,304.8,completed,online,2025-09-20,NO
1,45099,64353,513.21,completed,online,2025-09-20,NO
1166,19404,65517,1395.25,failed,online,2025-09-20,NO
1676,20964,66713,1633.16,completed,online,2025-09-20,NO
1506,24687,68315,1740.2,completed,online,2025-09-20,NO
777,19877,68352,1181.37,completed,online,2025-09-20,NO
2281,2587,75985,1770.4,failed,online,2025-09-20,NO
3299,9251,82272,678.13,failed,online,2025-09-20,NO
2964,20849,83489,1010.28,failed,online,2025-09-20,NO
4171,29305,87571,1800.51,completed,online,2025-09-20,NO
1,849,87712,251.16,failed,online,2025-09-20,NO
2746,2672,87776,1978.55,failed,online,2025-09-20,NO
11,16516,96033,1916.89,completed,online,2025-09-20,NO
1166,33109,96817,1229.0,failed,online,2025-09-20,NO
1,9910,97189,1656.19,completed,online,2025-09-20,NO
1773,31391,98400,1104.08,failed,online,2025-09-20,NO
4078,9085,98819,1326.18,completed,online,2025-09-20,NO
3675,6110,101082,549.74,completed,online,2025-09-20,NO
1,21265,102340,1162.49,completed,online,2025-09-20,NO
718,34406,102761,1248.49,failed,online,2025-09-20,NO
278,26597,106501,624.3,completed,online,2025-09-20,NO
3387,9389,106855,1842.31,completed,online,2025-09-20,NO
196,29026,108942,1176.48,failed,online,2025-09-20,NO
4477,5821,110355,1810.7,completed,online,2025-09-20,NO
4273,12659,111952,210.38,failed,online,2025-09-20,NO
3172,16217,113861,1562.6,completed,online,2025-09-20,NO
1568,47051,115008,94.32,failed,online,2025-09-20,NO
3270,29534,115543,9547.831902179878,completed,online,2025-09-20,NO
3420,34547,115870,1705.86,completed,online,2025-09-20,NO
3929,46310,116811,833.21,failed,online,2025-09-20,NO
1,13169,117457,787.46,completed,online,2025-09-20,NO
1473,41061,118974,1690.74,failed,online,2025-09-20,NO
1792,22837,121912,25.85,completed,online,2025-09-20,NO
1119,27576,123023,1812.2,completed,online,2025-09-20,NO
712,35982,130966,486.16,completed,online,2025-09-20,NO
4556,36556,133689,1855.71,failed,online,2025-09-20,NO
2603,25372,134645,867.29,failed,online,2025-09-20,NO
1557,24488,135982,1367.04,completed,online,2025-09-20,NO
4845,1685,138152,1403.93,failed,online,2025-09-20,NO
497,2012,139334,452.82,completed,online,2025-09-20,NO
849,32622,140127,1781.48,completed,online,2025-09-20,NO
1,32458,140719,1418.15,completed,online,2025-09-20,NO
541,26462,141229,938.87,failed,online,2025-09-20,NO
1809,3305,142221,443.24,completed,online,2025-09-20,NO
687,14475,147376,1751.19,completed,online,2025-09-20,NO
1471,31844,147916,586.99,failed,online,2025-09-20,NO
2074,10368,149719,1321.49,completed,online,2025-09-20,NO
4490,12026,9812,1959.64,failed,online,2025-05-20,NO
1,36860,10559,1204.56,failed,online,2025-05-20,NO
1388,14425,11537,332.0,completed,online,2025-05-20,NO
4164,42362,13562,948.22,failed,online,2025-05-20,NO
123,21589,15597,686.29,failed,online,2025-05-20,NO
2300,31596,15670,1857.67,completed,online,2025-05-20,NO
23,44677,16975,1090.0,completed,online,2025-05-20,NO
100,20732,17022,393.74,completed,online,2025-05-20,NO
2176,5829,17674,147.7,completed,UNKNOWN,2025-05-20,NO
483,49171,20667,617.96,completed,online,2025-05-20,NO
1520,21843,25373,1979.8,completed,online,2025-05-20,NO
4415,41710,25414,1355.57,failed,online,2025-05-20,NO
3305,27789,30368,19.46,completed,online,2025-05-20,NO
3641,35210,33031,1642.04,failed,online,2025-05-20,NO
2548,15795,34905,77.8,failed,online,2025-05-20,NO
3668,13923,36521,504.64,completed,online,2025-05-20,NO
2181,5454,37188,314.93,failed,online,2025-05-20,NO
1,10525,37745,1984.09,failed,online,2025-05-20,NO
246,8403,40025,881.55,failed,online,2025-05-20,NO
663,14557,43669,970.12,failed,online,2025-05-20,NO
2867,2661,43828,1253.68,completed,online,2025-05-20,NO
1267,8979,43932,367.81,completed,online,2025-05-20,NO
1843,41970,44658,1412.31,completed,online,2025-05-20,NO
1070,6839,45201,414.96,completed,online,2025-05-20,NO
4523,10924,45779,1195.02,completed,online,2025-05-20,NO
2222,13015,46295,1478.0,failed,online,2025-05-20,NO
2786,45134,46297,770.5,completed,online,2025-05-20,NO
4865,45523,47533,1619.19,completed,online,2025-05-20,NO
4776,40896,49751,1640.1,completed,online,2025-05-20,NO
1582,13831,52103,1355.84,completed,online,2025-05-20,NO
4402,24391,52114,914.93,failed,online,2025-05-20,NO
855,37645,56248,1093.09,completed,online,2025-05-20,NO
4681,45057,60054,883.42,failed,online,2025-05-20,NO
507,32483,62918,604.88,completed,online,2025-05-20,NO
4337,19403,63717,1098.92,completed,online,2025-05-20,NO
3676,15186,65327,1771.49,failed,online,2025-05-20,NO
2112,17175,65800,661.75,failed,online,2025-05-20,NO
478,18576,66009,551.11,completed,online,2025-05-20,NO
2832,36507,66027,380.76,failed,online,2025-05-20,NO
3004,432,67789,1264.55,failed,online,2025-05-20,NO
1402,44681,69548,1589.55,completed,online,2025-05-20,NO
2191,16948,71286,1675.75,failed,online,2025-05-20,NO
3577,13877,72311,1361.67,completed,online,2025-05-20,NO
1549,47810,73385,1713.0,completed,online,2025-05-20,NO
3725,48726,77456,585.09,completed,online,2025-05-20,NO
4855,23569,80435,749.06,failed,online,2025-05-20,NO
4208,10534,81297,1585.73,completed,online,2025-05-20,NO
4656,45372,82832,1396.94,failed,online,2025-05-20,NO
3139,45023,83760,83.77,failed,online,2025-05-20,NO
4477,10157,85741,816.92,completed,online,2025-05-20,NO
2576,43380,87586,1317.11,completed,online,2025-05-20,NO
1,2654,90188,1969.99,completed,online,2025-05-20,NO
4330,17668,94589,1624.85,completed,online,2025-05-20,NO
3409,46672,95899,1297.53,completed,online,2025-05-20,NO
1,43331,96548,561.66,completed,online,2025-05-20,NO
1278,25530,97399,709.48,failed,online,2025-05-20,NO
4676,11541,97720,834.1,failed,online,2025-05-20,NO
3166,26416,98385,203.02,completed,online,2025-05-20,NO
1,40738,100409,343.14,completed,online,2025-05-20,NO
4424,28794,102356,111.54,failed,online,2025-05-20,NO
2629,733,105929,687.66,failed,online,2025-05-20,NO
3,14776,107135,1711.72,completed,online,2025-05-20,NO
3438,7473,109861,362.13,failed,online,2025-05-20,NO
2754,33310,112746,244.3,completed,online,2025-05-20,NO
4458,7766,116161,1191.85,completed,online,2025-05-20,NO
1,28856,116975,817.23,failed,online,2025-05-20,NO
3976,42032,121285,1160.79,failed,online,2025-05-20,NO
1111,36496,121713,1771.29,failed,online,2025-05-20,NO
586,39159,122771,904.08,failed,online,2025-05-20,NO
800,29565,123430,1363.72,completed,online,2025-05-20,NO
1705,44518,125103,347.28,completed,online,2025-05-20,NO
1517,46689,128140,696.5,completed,online,2025-05-20,NO
4498,28746,128433,1530.16,failed,online,2025-05-20,NO
1025,10917,129713,1717.35,completed,online,2025-05-20,NO
274,3301,130231,1184.75,completed,online,2025-05-20,NO
4793,38968,130469,102.94,failed,online,2025-05-20,NO
1,681,133335,1685.2,failed,online,2025-05-20,NO
3716,31235,134451,490.61,completed,online,2025-05-20,NO
2157,22895,136706,1566.68,completed,online,2025-05-20,NO
2997,20876,138322,867.28,failed,online,2025-05-20,NO
620,29191,141351,549.82,failed,online,2025-05-20,NO
3119,29798,145420,975.89,completed,online,2025-05-20,NO
731,43950,145809,1714.33,completed,online,2025-05-20,NO
2768,2836,148015,1260.9,failed,online,2025-05-20,NO
1775,20231,148055,620.94,completed,online,2025-05-20,NO
3303,30116,8,487.28,completed,online,2025-12-28,NO
4637,20981,453,371.86,failed,online,2025-12-28,NO
836,38311,1091,1186.57,failed,online,2025-12-28,NO
2015,3510,7139,271.6,completed,online,2025-12-28,NO
2744,2317,8607,1181.91,completed,online,2025-12-28,NO
4592,42903,9347,987.67,failed,online,2025-12-28,NO
1487,19716,9473,125.05,failed,online,2025-12-28,NO
1862,42480,10472,1253.28,completed,online,2025-12-28,NO
4722,14725,14206,884.31,failed,online,2025-12-28,NO
2554,38096,16009,566.77,completed,online,2025-12-28,NO
4819,32627,17933,1322.74,failed,online,2025-12-28,NO
3868,10572,22579,1816.46,failed,online,2025-12-28,NO
4939,35495,26982,1147.81,completed,online,2025-12-28,NO
1395,15007,27348,432.39,completed,online,2025-12-28,NO
1,17866,31672,535.75,failed,online,2025-12-28,NO
3763,18655,36301,979.76,failed,online,2025-12-28,NO
3392,1575,43143,1393.57,completed,online,2025-12-28,NO
2889,19623,46790,1196.5,completed,online,2025-12-28,NO
939,24791,47064,1596.56,failed,online,2025-12-28,NO
838,39809,47104,1822.53,failed,online,2025-12-28,NO
1,40394,47169,1465.54,completed,UNKNOWN,2025-12-28,NO
4118,44735,48726,1893.3,failed,online,2025-12-28,NO
690,31048,51314,1887.21,failed,online,2025-12-28,NO
91,31645,52395,332.08,failed,online,2025-12-28,NO
3313,36132,54988,70.31,failed,online,2025-12-28,NO
1936,29603,55144,1939.84,failed,online,2025-12-28,NO
1883,34417,59051,912.62,completed,online,2025-12-28,NO
699,16922,61075,1157.34,failed,online,2025-12-28,NO
2302,16491,61713,1444.05,failed,online,2025-12-28,NO
3133,23042,62489,1520.85,failed,online,2025-12-28,NO
3411,755,63214,413.13,failed,online,2025-12-28,NO
430,26990,66183,1004.4,failed,online,2025-12-28,NO
4329,24620,66344,1720.17,failed,online,2025-12-28,NO
3960,2591,67427,1317.96,failed,online,2025-12-28,NO
3907,6080,67536,281.33,completed,online,2025-12-28,NO
4390,35865,69659,768.42,failed,online,2025-12-28,NO
2485,33089,71864,1785.3,completed,online,2025-12-28,NO
1698,14611,72823,1945.4,failed,online,2025-12-28,NO
958,16919,73010,713.34,failed,online,2025-12-28,NO
3329,46801,76012,1535.84,failed,online,2025-12-28,NO
326,31451,77302,263.6,completed,online,2025-12-28,NO
537,31381,80489,64.25,completed,online,2025-12-28,NO
413,26901,81074,1801.82,failed,online,2025-12-28,NO
1,26660,82363,1185.21,failed,online,2025-12-28,NO
3588,49077,86838,106.27,completed,online,2025-12-28,NO
2615,47930,88749,1716.66,failed,online,2025-12-28,NO
350,36041,88829,644.29,completed,online,2025-12-28,NO
2653,47139,91624,44.42,failed,online,2025-12-28,NO
1,14923,94429,715.48,failed,online,2025-12-28,NO
4014,94,97005,885.46,completed,online,2025-12-28,NO
1,28389,98118,971.41,completed,online,2025-12-28,NO
1759,23590,98233,1412.39,completed,online,2025-12-28,NO
671,22016,100343,1142.69,failed,online,2025-12-28,NO
491,17635,105412,1702.14,completed,online,2025-12-28,NO
1,37186,106173,1414.77,completed,online,2025-12-28,NO
737,32729,108551,1755.16,completed,online,2025-12-28,NO
1070,43704,112738,1952.3,failed,online,2025-12-28,NO
4880,40298,113088,1759.4,failed,online,2025-12-28,NO
3226,5586,116258,188.65,failed,online,2025-12-28,NO
138,29924,116620,599.6,completed,online,2025-12-28,NO
2706,9999,116923,1163.24,completed,online,2025-12-28,NO
3904,35308,117928,1603.57,completed,online,2025-12-28,NO
1711,49637,118027,689.61,completed,online,2025-12-28,NO
1,4141,118224,1721.85,failed,online,2025-12-28,NO
3872,44606,118873,1257.83,failed,online,2025-12-28,NO
4716,6931,119076,1990.07,failed,online,2025-12-28,NO
1035,46576,123898,1694.91,failed,online,2025-12-28,NO
1828,11164,124306,1547.58,failed,online,2025-12-28,NO
4694,21627,125912,843.37,failed,online,2025-12-28,NO
2027,1677,126185,1413.66,completed,online,2025-12-28,NO
2470,31167,126445,1478.09,completed,online,2025-12-28,NO
4482,36598,127162,50.32,failed,online,2025-12-28,NO
1,34457,128136,853.68,completed,online,2025-12-28,NO
1092,36446,129185,291.12,failed,UNKNOWN,2025-12-28,NO
1,7030,131897,196.83,completed,online,2025-12-28,NO
1,21674,132250,8484.723200886356,completed,online,2025-12-28,NO
552,35596,134559,755.48,failed,online,2025-12-28,NO
16,19998,134894,718.82,failed,online,2025-12-28,NO
2484,38951,135092,1538.8,completed,online,2025-12-28,NO
3362,41615,135231,33.7,completed,online,2025-12-28,NO
1,5822,140702,16.98,failed,online,2025-12-28,NO
689,38066,141202,1145.26,completed,online,2025-12-28,NO
1,28737,145377,1627.1,completed,online,2025-12-28,NO
2713,33119,148457,659.95,failed,online,2025-12-28,NO
2244,22040,148788,1548.98,failed,online,2025-12-28,NO
3526,2372,149212,114.64,completed,online,2025-12-28,NO
437,3950,3157,1537.74,completed,online,2025-07-31,NO
4307,37611,3323,1759.53,failed,online,2025-07-31,NO
3901,30369,5680,474.12,failed,online,2025-07-31,NO
1986,40861,6624,415.26,completed,online,2025-07-31,NO
4667,14244,7150,581.83,failed,online,2025-07-31,NO
1940,14037,7953,1189.63,failed,online,2025-07-31,NO
759,40323,8297,60.1,completed,online,2025-07-31,NO
1,31355,8447,670.25,completed,online,2025-07-31,NO
1481,35312,15620,613.03,failed,online,2025-07-31,NO
286,22344,16092,204.43,completed,online,2025-07-31,NO
2307,48188,16994,62.36,failed,online,2025-07-31,NO
1,45411,17252,1359.96,completed,online,2025-07-31,NO
3786,1872,18657,1397.95,completed,online,2025-07-31,NO
4837,25635,20598,77.61,failed,online,2025-07-31,NO
4632,3656,21217,1152.74,completed,online,2025-07-31,NO
1,45474,22119,1336.63,failed,online,2025-07-31,NO
1556,37226,25487,1403.38,completed,online,2025-07-31,NO
1417,1887,26388,179.31,failed,online,2025-07-31,NO
215,21740,26822,157.4,completed,online,2025-07-31,NO
4812,47661,27002,53.21,failed,online,2025-07-31,NO
2990,47766,27577,970.12,failed,online,2025-07-31,NO
3966,34877,28865,936.56,failed,online,2025-07-31,NO
4420,4430,30122,1614.36,completed,online,2025-07-31,NO
2306,10735,30481,603.18,completed,online,2025-07-31,NO
2793,2222,33040,1514.24,completed,online,2025-07-31,NO
1737,34281,35302,145.31,completed,online,2025-07-31,NO
3952,6055,36877,1054.1,completed,online,2025-07-31,NO
663,40768,38469,466.96,failed,online,2025-07-31,NO
2951,1111,41320,1765.15,failed,online,2025-07-31,NO
3928,2553,41453,396.53,failed,online,2025-07-31,NO
1459,12104,43837,1186.14,completed,online,2025-07-31,NO
2741,21080,43994,1363.22,completed,online,2025-07-31,NO
1997,12340,46992,1318.25,failed,online,2025-07-31,NO
2662,14839,50586,897.84,failed,online,2025-07-31,NO
704,12631,52492,1584.57,failed,online,2025-07-31,NO
1,45724,53682,1440.74,completed,online,2025-07-31,NO
3461,20675,58847,1299.48,failed,online,2025-07-31,NO
516,2134,59043,1540.68,failed,online,2025-07-31,NO
3056,11239,60232,1045.46,failed,online,2025-07-31,NO
2589,14483,62422,1382.23,completed,online,2025-07-31,NO
2355,23683,65664,809.75,completed,online,2025-07-31,NO
602,21096,65774,527.85,failed,online,2025-07-31,NO
1,46173,67246,101.21,failed,online,2025-07-31,NO
2653,41361,70637,663.3,completed,online,2025-07-31,NO
1,24059,71546,189.35,failed,online,2025-07-31,NO
3011,17538,74042,252.32,failed,online,2025-07-31,NO
2761,25423,78644,758.38,failed,online,2025-07-31,NO
1,41043,79143,1271.3,completed,online,2025-07-31,NO
3525,11128,81306,306.96,completed,online,2025-07-31,NO
1,49383,81353,389.28,failed,online,2025-07-31,NO
3583,43160,82444,171.1,completed,online,2025-07-31,NO
1894,44699,82625,1074.71,completed,online,2025-07-31,NO
575,5656,83248,844.32,failed,online,2025-07-31,NO
4372,15852,83570,92.12,completed,online,2025-07-31,NO
2544,2022,84223,1463.02,completed,online,2025-07-31,NO
1505,4150,87081,797.21,failed,online,2025-07-31,NO
365,33180,87493,36.3,failed,online,2025-07-31,NO
2388,41880,88812,1167.75,completed,online,2025-07-31,NO
1462,35816,91845,1315.51,completed,online,2025-07-31,NO
3466,26480,91933,85.63,failed,online,2025-07-31,NO
4129,20472,92721,1536.8,completed,online,2025-07-31,NO
344,24036,94394,741.32,completed,online,2025-07-31,NO
256,41135,94874,1036.71,failed,online,2025-07-31,NO
503,46994,100914,166.22,failed,online,2025-07-31,NO
1,38740,101934,365.19,completed,online,2025-07-31,NO
4148,1859,102891,1184.79,failed,online,2025-07-31,NO
141,41608,114685,1019.74,failed,online,2025-07-31,NO
1,46971,114754,100.39,completed,online,2025-07-31,NO
1,7253,115114,467.61,completed,online,2025-07-31,NO
1,23504,118674,1390.35,completed,online,2025-07-31,NO
1,26688,120120,1631.49,completed,online,2025-07-31,NO
4104,40317,121840,1880.08,completed,online,2025-07-31,NO
891,610,124587,557.38,completed,online,2025-07-31,NO
2259,4789,125043,999.16,failed,online,2025-07-31,NO
2237,13635,125348,1054.9,completed,UNKNOWN,2025-07-31,NO
873,7863,132933,1310.83,completed,online,2025-07-31,NO
4831,5829,133259,131.41,completed,online,2025-07-31,NO
1,27386,133315,1223.15,failed,online,2025-07-31,NO
4557,49881,139294,582.04,completed,online,2025-07-31,NO
1,42954,140724,1913.08,completed,online,2025-07-31,NO
3728,40406,143313,1108.55,completed,online,2025-07-31,NO
444,26984,143426,1776.67,failed,online,2025-07-31,NO
1376,22476,143701,569.26,completed,UNKNOWN,2025-07-31,NO
4606,48453,147536,1801.47,completed,online,2025-07-31,NO
2774,29334,147850,1737.06,failed,online,2025-07-31,NO
2120,38123,149082,739.66,failed,online,2025-07-31,NO
1902,47660,275,185.06,failed,online,2025-05-25,NO
1829,1308,1004,1229.5,failed,online,2025-05-25,NO
729,23075,1437,1531.32,completed,online,2025-05-25,NO
1402,31732,3156,1566.11,completed,online,2025-05-25,NO
1964,36570,6888,1157.28,completed,online,2025-05-25,NO
2901,5750,6889,141.37,completed,online,2025-05-25,NO
3978,31445,7943,355.21,failed,online,2025-05-25,NO
4005,7800,8617,67.45,failed,online,2025-05-25,NO
1876,18283,11460,71.94,completed,online,2025-05-25,NO
3592,31376,13526,98.8,completed,online,2025-05-25,NO
4591,713,15494,1911.54,completed,online,2025-05-25,NO
2105,41357,16963,1660.73,failed,online,2025-05-25,NO
4772,3126,18766,93.94,completed,online,2025-05-25,NO
1470,1459,19955,398.73,failed,online,2025-05-25,NO
4705,19208,23608,983.73,completed,online,2025-05-25,NO
1,43860,24549,619.05,failed,online,2025-05-25,NO
4397,11434,25782,874.81,completed,online,2025-05-25,NO
4497,979,28216,671.21,completed,online,2025-05-25,NO
3147,16684,33789,278.82,failed,online,2025-05-25,NO
2328,34235,34740,1979.73,failed,online,2025-05-25,NO
1,31148,39218,1588.46,completed,online,2025-05-25,NO
1,47213,42308,126.85,completed,UNKNOWN,2025-05-25,NO
3355,36887,42479,601.9,failed,online,2025-05-25,NO
284,49982,45967,78.49,failed,UNKNOWN,2025-05-25,NO
1,35394,46694,1582.2,failed,online,2025-05-25,NO
2859,36558,48250,228.4,failed,online,2025-05-25,NO
327,39862,50360,776.97,failed,online,2025-05-25,NO
4293,2891,50490,1016.15,failed,online,2025-05-25,NO
4096,14779,53966,1796.9,failed,online,2025-05-25,NO
1726,5114,54690,921.51,failed,online,2025-05-25,NO
4890,29990,54861,457.25,completed,online,2025-05-25,NO
406,7664,56950,1037.81,completed,online,2025-05-25,NO
2165,2137,60202,1570.4,failed,online,2025-05-25,NO
3278,161,60686,679.69,completed,online,2025-05-25,NO
1,38900,61834,1237.28,failed,online,2025-05-25,NO
3394,43148,64108,1821.62,failed,online,2025-05-25,NO
4395,39480,67521,1957.96,failed,online,2025-05-25,NO
2591,34983,68759,40.7,completed,online,2025-05-25,NO
4573,42892,70642,1008.9,failed,online,2025-05-25,NO
4992,32481,71496,1304.2,completed,online,2025-05-25,NO
1,19456,73937,588.93,failed,online,2025-05-25,NO
3994,10663,74727,1862.7,failed,online,2025-05-25,NO
55,34105,75666,156.03,completed,online,2025-05-25,NO
2914,15277,79977,445.31,completed,UNKNOWN,2025-05-25,NO
1,13814,82258,1026.46,completed,online,2025-05-25,NO
3283,23662,83838,82.58,failed,online,2025-05-25,NO
1,41759,84151,143.69,completed,online,2025-05-25,NO
759,5426,86423,1228.28,failed,online,2025-05-25,NO
1,30089,86628,1659.3,completed,online,2025-05-25,NO
14,30599,87552,1725.88,failed,online,2025-05-25,NO
648,49592,88337,1787.39,failed,online,2025-05-25,NO
2537,16367,92002,635.59,completed,online,2025-05-25,NO
1,4240,92138,459.8,completed,online,2025-05-25,NO
2404,30123,93887,1799.9,failed,online,2025-05-25,NO
4102,18429,97752,1437.45,completed,online,2025-05-25,NO
2265,21606,98645,114.38,failed,online,2025-05-25,NO
508,27084,99140,146.09,completed,online,2025-05-25,NO
4390,31246,104564,974.61,completed,online,2025-05-25,NO
4449,44643,105513,461.43,completed,online,2025-05-25,NO
1,14533,107603,1080.05,completed,online,2025-05-25,NO
4059,34810,109772,1429.88,failed,UNKNOWN,2025-05-25,NO
1226,12977,110038,344.0,completed,online,2025-05-25,NO
2657,27853,110586,1937.58,failed,online,2025-05-25,NO
1,1276,112838,267.13,completed,online,2025-05-25,NO
2172,2909,112901,1231.16,completed,online,2025-05-25,NO
814,9303,115963,1704.91,completed,online,2025-05-25,NO
1203,19644,116631,931.97,completed,online,2025-05-25,NO
1,11188,118314,1641.46,failed,UNKNOWN,2025-05-25,NO
75,20687,118617,525.31,failed,online,2025-05-25,NO
4747,37174,120414,913.51,completed,online,2025-05-25,NO
1,31916,124721,1588.28,completed,online,2025-05-25,NO
3895,1775,126037,191.41,failed,online,2025-05-25,NO
2972,11536,126833,1735.54,failed,online,2025-05-25,NO
3502,28316,129775,1847.82,completed,online,2025-05-25,NO
1162,45718,131311,482.69,completed,online,2025-05-25,NO
2120,45830,132039,1579.14,completed,online,2025-05-25,NO
1,18108,132104,994.51,completed,online,2025-05-25,NO
416,48811,135208,1806.38,completed,online,2025-05-25,NO
3867,6207,137110,1025.27,completed,online,2025-05-25,NO
1075,46325,137257,1309.87,completed,online,2025-05-25,NO
2518,42119,144274,219.38,failed,online,2025-05-25,NO
647,12204,144546,602.97,completed,online,2025-05-25,NO
65,42292,145083,1373.52,completed,online,2025-05-25,NO
4030,3245,146943,143.92,completed,online,2025-05-25,NO
1,30977,149292,659.86,failed,UNKNOWN,2025-05-25,NO
1329,47482,149867,54.25,completed,online,2025-05-25,NO
1636,19638,2468,562.9,failed,online,2025-02-07,NO
2002,9369,3952,1390.92,completed,online,2025-02-07,NO
712,8226,6138,1489.75,completed,online,2025-02-07,NO
3246,24346,6425,1984.66,failed,online,2025-02-07,NO
1,42070,8616,1379.54,failed,online,2025-02-07,NO
3219,42524,8839,902.51,completed,online,2025-02-07,NO
1,3306,9101,415.27,failed,online,2025-02-07,NO
1,2527,11903,1032.95,failed,online,2025-02-07,NO
3772,35464,12842,1238.63,completed,online,2025-02-07,NO
1,5082,15422,1173.14,completed,online,2025-02-07,NO
1,34530,15903,1666.42,failed,online,2025-02-07,NO
4038,39083,16163,862.53,completed,online,2025-02-07,NO
1,38386,18949,1684.53,completed,online,2025-02-07,NO
2820,28396,19511,1753.41,completed,online,2025-02-07,NO
2422,15153,23110,263.39,failed,online,2025-02-07,NO
3167,15614,30815,277.12,completed,online,2025-02-07,NO
33,13218,31102,1468.97,completed,online,2025-02-07,NO
4150,12348,32992,1849.06,completed,online,2025-02-07,NO
1,28071,33685,209.99,completed,online,2025-02-07,NO
54,20436,35629,300.64,completed,online,2025-02-07,NO
1299,10316,37370,177.21,failed,online,2025-02-07,NO
4114,26785,38804,1362.22,completed,online,2025-02-07,NO
1,16110,40363,736.37,completed,online,2025-02-07,NO
642,8641,40540,1614.09,completed,online,2025-02-07,NO
133,39050,43654,104.72,failed,online,2025-02-07,NO
1161,49130,43734,1848.03,failed,online,2025-02-07,NO
888,24510,44414,755.26,failed,online,2025-02-07,NO
4129,42229,48436,596.82,failed,online,2025-02-07,NO
2182,43181,48588,696.78,completed,online,2025-02-07,NO
526,6987,52089,386.15,completed,online,2025-02-07,NO
1,20014,52568,1900.95,completed,online,2025-02-07,NO
3188,16404,54202,1988.05,failed,online,2025-02-07,NO
1,18892,54867,435.73,completed,online,2025-02-07,NO
4246,21705,57007,1880.27,completed,online,2025-02-07,NO
1,15639,57348,207.85,failed,online,2025-02-07,NO
4082,32050,58111,114.33,completed,online,2025-02-07,NO
4207,1189,58238,991.51,failed,online,2025-02-07,NO
2386,31542,59238,136.45,completed,online,2025-02-07,NO
1316,37943,60479,1059.77,failed,online,2025-02-07,NO
479,23818,61446,1271.44,completed,online,2025-02-07,NO
3697,20195,65226,273.75,completed,online,2025-02-07,NO
1049,42188,65266,1535.72,failed,online,2025-02-07,NO
1074,46650,66521,760.6,completed,online,2025-02-07,NO
237,49094,68142,450.67,completed,online,2025-02-07,NO
1,20299,71031,1318.53,failed,online,2025-02-07,NO
3567,39968,71861,1941.55,completed,online,2025-02-07,NO
1487,42654,72551,1403.69,completed,online,2025-02-07,NO
4936,27582,73192,1209.85,completed,online,2025-02-07,NO
687,47817,76471,680.31,completed,online,2025-02-07,NO
3158,31337,77371,1399.09,failed,online,2025-02-07,NO
162,8121,80178,430.43,failed,online,2025-02-07,NO
1960,30927,81062,201.75,failed,online,2025-02-07,NO
2046,26928,82181,124.03,completed,online,2025-02-07,NO
3519,21387,87949,1792.05,failed,online,2025-02-07,NO
2035,18599,92055,598.03,failed,online,2025-02-07,NO
4185,38844,92957,487.52,failed,online,2025-02-07,NO
3730,2951,94074,1308.55,completed,online,2025-02-07,NO
892,23095,94333,883.23,failed,online,2025-02-07,NO
2389,18032,95415,69.07,completed,online,2025-02-07,NO
1784,29156,95657,944.12,completed,online,2025-02-07,NO
1117,733,96315,513.55,failed,online,2025-02-07,NO
3228,44566,96977,920.23,completed,online,2025-02-07,NO
2395,36914,97075,1129.82,completed,UNKNOWN,2025-02-07,NO
3260,14237,99069,712.11,failed,online,2025-02-07,NO
1795,18063,100383,600.56,completed,online,2025-02-07,NO
1548,42563,100416,877.9,failed,online,2025-02-07,NO
3639,34032,101323,1113.6,failed,online,2025-02-07,NO
1,343,108715,1963.77,failed,online,2025-02-07,NO
1,1682,111004,1450.42,completed,online,2025-02-07,NO
4526,10408,111667,518.77,failed,online,2025-02-07,NO
2277,21703,119118,402.37,failed,online,2025-02-07,NO
4647,28169,121723,993.77,failed,online,2025-02-07,NO
4102,9711,123404,1115.47,failed,online,2025-02-07,NO
3387,30263,124320,737.46,failed,online,2025-02-07,NO
1,40121,124595,70.31,completed,online,2025-02-07,NO
4307,7887,125633,1523.18,completed,online,2025-02-07,NO
3817,8385,127387,533.71,failed,online,2025-02-07,NO
565,45888,128329,1287.4,completed,online,2025-02-07,NO
3154,1863,129493,88.08,failed,online,2025-02-07,NO
3308,1899,129958,1553.59,completed,online,2025-02-07,NO
1,34136,134245,1314.77,completed,online,2025-02-07,NO
2202,35220,134699,1197.39,completed,online,2025-02-07,NO
3163,6421,144108,118.15,failed,online,2025-02-07,NO
916,22331,148567,486.32,completed,online,2025-02-07,NO
1006,33725,149322,498.31,completed,online,2025-02-07,NO
1,7015,149474,159.16,failed,online,2025-02-07,NO
2936,1036,1607,481.27,completed,online,2025-11-15,NO
1,26882,2959,1141.8,failed,UNKNOWN,2025-11-15,NO
3183,36516,4281,475.74,completed,online,2025-11-15,NO
28,5208,4909,650.22,failed,online,2025-11-15,NO
2478,3790,7876,363.44,completed,online,2025-11-15,NO
1903,45215,8692,1487.53,failed,online,2025-11-15,NO
578,44966,13499,1452.79,failed,online,2025-11-15,NO
4014,5730,13928,1208.91,failed,UNKNOWN,2025-11-15,NO
2426,31417,14429,1944.97,completed,online,2025-11-15,NO
1,49883,16734,331.2,completed,online,2025-11-15,NO
2843,22228,18753,1224.81,completed,online,2025-11-15,NO
3813,4248,22691,1818.36,completed,online,2025-11-15,NO
3073,18163,23050,928.99,failed,online,2025-11-15,NO
1,5316,23593,1316.27,completed,online,2025-11-15,NO
4911,1245,24013,1172.22,failed,online,2025-11-15,NO
1,8262,25090,1618.99,completed,online,2025-11-15,NO
2883,23705,27051,198.91,completed,online,2025-11-15,NO
4564,29394,27565,88.99,failed,online,2025-11-15,NO
2144,1340,27755,827.73,completed,online,2025-11-15,NO
4574,45551,28239,1333.7,completed,online,2025-11-15,NO
2080,3087,29946,428.24,failed,online,2025-11-15,NO
3476,14604,31570,11.82,failed,online,2025-11-15,NO
1,45133,31805,1237.16,failed,online,2025-11-15,NO
2048,33490,35822,942.84,completed,online,2025-11-15,NO
1,42327,36485,296.71,failed,online,2025-11-15,NO
4317,1653,37651,1782.49,failed,online,2025-11-15,NO
1261,48736,39699,600.75,failed,online,2025-11-15,NO
2500,7848,42185,848.69,failed,online,2025-11-15,NO
2146,20533,42587,132.02,failed,online,2025-11-15,NO
79,27573,46461,1784.25,failed,online,2025-11-15,NO
3735,46633,49780,1526.62,completed,online,2025-11-15,NO
4558,16248,50848,870.97,failed,online,2025-11-15,NO
2159,16162,53005,1653.22,failed,online,2025-11-15,NO
62,29687,54243,1157.35,failed,online,2025-11-15,NO
4879,5776,57101,1696.02,completed,online,2025-11-15,NO
1,7010,57920,492.91,completed,online,2025-11-15,NO
3946,18160,59433,1590.68,failed,online,2025-11-15,NO
1967,37856,63116,121.77,failed,online,2025-11-15,NO
1007,4100,63460,1753.95,failed,online,2025-11-15,NO
226,5988,63755,1721.25,failed,online,2025-11-15,NO
1,29879,66680,915.53,completed,online,2025-11-15,NO
1175,28758,68936,1221.37,failed,online,2025-11-15,NO
2910,3905,69231,1888.1,failed,online,2025-11-15,NO
3443,43500,70030,1099.78,completed,online,2025-11-15,NO
2597,13550,74093,1218.47,completed,online,2025-11-15,NO
3938,6299,76859,600.74,completed,online,2025-11-15,NO
2236,22640,80160,157.36,completed,online,2025-11-15,NO
1622,45565,84525,833.41,failed,online,2025-11-15,NO
742,4796,85508,1845.96,failed,online,2025-11-15,NO
1893,6053,86646,355.56,failed,online,2025-11-15,NO
2737,36710,92941,1447.36,completed,online,2025-11-15,NO
3518,38890,93590,759.7,failed,online,2025-11-15,NO
3456,39095,95734,351.26,failed,online,2025-11-15,NO
4174,41179,96389,1925.94,failed,online,2025-11-15,NO
3573,38810,98900,57.52,failed,online,2025-11-15,NO
1,2204,99915,1447.95,failed,online,2025-11-15,NO
1,31278,106210,1601.47,completed,online,2025-11-15,NO
1066,8224,106906,1999.02,completed,online,2025-11-15,NO
3901,28689,107125,1150.9,failed,online,2025-11-15,NO
3082,45335,108230,1644.35,failed,online,2025-11-15,NO
4071,24407,111140,327.11,failed,online,2025-11-15,NO
3860,6809,111672,1516.44,completed,online,2025-11-15,NO
1069,43127,113666,1040.93,failed,online,2025-11-15,NO
3172,12388,115582,555.75,failed,online,2025-11-15,NO
3568,8685,115588,1180.55,completed,online,2025-11-15,NO
2455,35942,115674,336.96,failed,online,2025-11-15,NO
1,38029,115807,925.4,failed,online,2025-11-15,NO
1531,10453,115911,1607.5,failed,online,2025-11-15,NO
3679,43359,121070,201.59,completed,online,2025-11-15,NO
3957,46231,121524,897.66,failed,UNKNOWN,2025-11-15,NO
3727,30765,122740,480.03,completed,online,2025-11-15,NO
1109,35511,122755,1051.69,completed,online,2025-11-15,NO
3510,28094,124377,551.47,completed,online,2025-11-15,NO
2685,26151,126051,946.09,failed,online,2025-11-15,NO
2332,46972,131483,418.33,completed,online,2025-11-15,NO
1300,3405,132552,1484.45,failed,online,2025-11-15,NO
520,27595,134009,1074.0,failed,online,2025-11-15,NO
100,45349,134020,9753.187575053693,failed,online,2025-11-15,NO
1,36431,134844,1644.68,completed,online,2025-11-15,NO
1,34916,136789,1744.62,failed,online,2025-11-15,NO
1034,8004,137280,698.33,completed,online,2025-11-15,NO
1887,7163,138610,1379.88,completed,online,2025-11-15,NO
1800,14515,144233,948.17,completed,online,2025-11-15,NO
4762,30086,145414,135.38,failed,online,2025-11-15,NO
2860,22625,146465,858.85,failed,online,2025-11-15,NO
3499,30425,148628,1349.9,failed,online,2025-11-15,NO
1,35675,999,1557.07,failed,online,2025-03-12,NO
1895,19338,1264,706.61,failed,online,2025-03-12,NO
986,36076,1713,152.89,failed,online,2025-03-12,NO
1033,16521,1758,1801.04,failed,online,2025-03-12,NO
4108,44558,1981,1618.41,failed,online,2025-03-12,NO
805,29834,2461,299.77,completed,online,2025-03-12,NO
2930,25741,2900,779.36,failed,online,2025-03-12,NO
3364,39095,3942,1692.93,completed,online,2025-03-12,NO
1,7353,7111,249.16,failed,online,2025-03-12,NO
155,17539,8077,1611.46,completed,online,2025-03-12,NO
1528,9382,9143,766.54,completed,online,2025-03-12,NO
537,15822,11957,1986.11,completed,online,2025-03-12,NO
568,41340,12979,308.85,failed,online,2025-03-12,NO
4058,8861,18640,522.63,completed,online,2025-03-12,NO
3041,12046,21862,745.61,completed,online,2025-03-12,NO
4954,47901,25689,603.06,failed,online,2025-03-12,NO
1560,12041,30575,1360.67,completed,online,2025-03-12,NO
4797,46588,30625,787.32,failed,online,2025-03-12,NO
4650,34525,34089,611.82,completed,online,2025-03-12,NO
2085,27358,35296,652.98,failed,online,2025-03-12,NO
3009,35899,40019,1649.42,completed,online,2025-03-12,NO
1,13207,40060,922.23,completed,online,2025-03-12,NO
1,11844,40184,1356.09,failed,online,2025-03-12,NO
3851,18449,41456,696.99,completed,online,2025-03-12,NO
2644,19181,43974,1404.24,completed,online,2025-03-12,NO
2534,9221,45693,5162.5682470816555,failed,online,2025-03-12,NO
4702,21527,46455,1197.94,failed,online,2025-03-12,NO
1,33251,47623,1227.99,completed,online,2025-03-12,NO
464,28236,48114,1253.25,failed,online,2025-03-12,NO
2468,19347,48272,1384.39,failed,online,2025-03-12,NO
1991,31935,48787,1217.94,failed,online,2025-03-12,NO
1569,15580,48844,347.17,completed,online,2025-03-12,NO
3430,48710,49173,715.71,failed,online,2025-03-12,NO
3729,11357,51700,621.17,completed,online,2025-03-12,NO
992,32028,53797,12.55,completed,online,2025-03-12,NO
1,8213,54020,1446.82,failed,online,2025-03-12,NO
2572,28685,55200,11.75,failed,online,2025-03-12,NO
2860,21398,57384,1638.25,failed,online,2025-03-12,NO
4289,6905,61658,1757.2,completed,online,2025-03-12,NO
665,35235,61735,722.45,failed,online,2025-03-12,NO
811,45377,63550,1906.87,failed,online,2025-03-12,NO
893,26690,64887,1829.63,failed,online,2025-03-12,NO
2636,18107,67259,1169.09,completed,online,2025-03-12,NO
2569,43218,67560,1701.39,completed,online,2025-03-12,NO
405,48987,71383,352.3,failed,online,2025-03-12,NO
1,13933,72632,969.04,failed,online,2025-03-12,NO
1,41219,79444,580.92,completed,online,2025-03-12,NO
1,23780,80144,884.72,failed,online,2025-03-12,NO
3571,38753,80344,976.59,completed,online,2025-03-12,NO
3350,40852,82515,109.38,completed,online,2025-03-12,NO
2332,17298,85029,1310.82,completed,online,2025-03-12,NO
2005,19132,85688,527.39,failed,online,2025-03-12,NO
1,45787,85816,780.58,failed,online,2025-03-12,NO
1219,39987,87970,1788.83,completed,online,2025-03-12,NO
1,4660,89033,1584.21,completed,online,2025-03-12,NO
1,15980,89547,452.11,completed,online,2025-03-12,NO
1,22100,94187,1923.25,completed,online,2025-03-12,NO
2668,48518,95186,1101.41,completed,online,2025-03-12,NO
3965,2764,98205,646.7,failed,online,2025-03-12,NO
4223,34605,98580,265.65,completed,online,2025-03-12,NO
1,30506,98812,622.16,completed,online,2025-03-12,NO
171,44796,101109,911.53,completed,online,2025-03-12,NO
1,37072,105012,1728.72,completed,online,2025-03-12,NO
2798,32864,105256,1417.72,failed,online,2025-03-12,NO
1590,46235,105601,392.07,failed,online,2025-03-12,NO
3296,6393,108728,1152.64,failed,online,2025-03-12,NO
1180,28128,109246,1433.71,failed,online,2025-03-12,NO
2950,12269,110603,1802.87,failed,online,2025-03-12,NO
1652,47193,112348,1045.18,completed,online,2025-03-12,NO
619,39221,113355,1277.91,failed,online,2025-03-12,NO
3887,16653,113687,865.45,failed,online,2025-03-12,NO
112,48437,121757,1545.05,failed,online,2025-03-12,NO
1129,37056,122447,1454.25,failed,online,2025-03-12,NO
3765,3057,122845,1665.02,completed,online,2025-03-12,NO
1,10568,123897,1551.29,failed,online,2025-03-12,NO
1,10929,124671,1788.72,failed,online,2025-03-12,NO
1,4606,127543,290.5,failed,online,2025-03-12,NO
1,14606,134547,1903.16,failed,online,2025-03-12,NO
2228,8606,137372,303.55,completed,UNKNOWN,2025-03-12,NO
1,6658,137622,1005.21,completed,online,2025-03-12,NO
760,35010,142600,1909.2,completed,online,2025-03-12,NO
2310,16460,143517,967.36,completed,online,2025-03-12,NO
3143,36173,144686,1355.2,failed,online,2025-03-12,NO
3960,20293,147273,1844.28,completed,online,2025-03-12,NO
341,42530,147358,1039.85,failed,online,2025-03-12,NO
3861,32307,149619,335.58,completed,online,2025-03-12,NO
1,39897,2548,770.02,completed,online,2025-05-23,NO
1,24105,3203,367.88,completed,online,2025-05-23,NO
1485,16568,4555,1641.49,completed,online,2025-05-23,NO
1868,38558,6649,351.14,failed,online,2025-05-23,NO
1579,5166,7000,9246.264936346006,completed,online,2025-05-23,NO
3853,41532,7752,997.72,failed,online,2025-05-23,NO
1541,39363,8991,595.31,failed,online,2025-05-23,NO
2082,1430,10874,8708.172897125285,failed,online,2025-05-23,NO
3543,37820,12338,766.65,failed,online,2025-05-23,NO
1,35241,13603,1482.77,completed,online,2025-05-23,NO
1,42518,14963,263.79,failed,online,2025-05-23,NO
2711,17716,15239,912.85,completed,online,2025-05-23,NO
463,41057,16787,980.57,completed,online,2025-05-23,NO
2377,17879,17962,457.73,failed,online,2025-05-23,NO
2852,21720,22896,1036.46,failed,online,2025-05-23,NO
1,22978,24975,966.76,failed,online,2025-05-23,NO
303,22111,25473,1639.84,completed,online,2025-05-23,NO
1,26675,26113,1114.46,failed,online,2025-05-23,NO
2434,28014,31767,832.26,failed,online,2025-05-23,NO
3352,42000,32025,505.92,completed,online,2025-05-23,NO
1,41711,33392,1228.45,completed,online,2025-05-23,NO
1,15460,34518,853.51,completed,online,2025-05-23,NO
2314,47849,35139,1658.42,failed,online,2025-05-23,NO
2598,38539,36067,1517.12,completed,online,2025-05-23,NO
1186,42044,39369,99.81,failed,online,2025-05-23,NO
1083,20462,40452,1365.94,completed,online,2025-05-23,NO
4102,42930,40788,570.63,failed,online,2025-05-23,NO
1,39837,41261,291.22,completed,online,2025-05-23,NO
2690,4300,45847,9722.846102327887,failed,online,2025-05-23,NO
3807,3228,46072,141.73,completed,online,2025-05-23,NO
3670,32232,47637,484.21,completed,online,2025-05-23,NO
2178,38466,47669,358.24,completed,online,2025-05-23,NO
633,13786,48236,1771.0,completed,online,2025-05-23,NO
999,35387,48320,1480.23,failed,online,2025-05-23,NO
1075,28595,50012,463.6,failed,online,2025-05-23,NO
3023,45570,52072,1879.87,failed,online,2025-05-23,NO
1397,14428,52574,124.89,failed,online,2025-05-23,NO
4790,24947,53079,319.61,completed,online,2025-05-23,NO
3879,405,54725,892.48,failed,online,2025-05-23,NO
3895,44167,56675,1769.0,failed,online,2025-05-23,NO
361,32621,58666,877.05,completed,online,2025-05-23,NO
2208,46870,58988,924.57,completed,online,2025-05-23,NO
1,24219,59245,1828.36,failed,online,2025-05-23,NO
1,20722,64457,1403.79,failed,online,2025-05-23,NO
3103,36342,65094,959.44,failed,online,2025-05-23,NO
1071,36490,65429,1924.48,completed,online,2025-05-23,NO
146,9898,66180,131.05,completed,online,2025-05-23,NO
4001,25635,73123,247.7,failed,online,2025-05-23,NO
1,13309,73340,1138.56,failed,online,2025-05-23,NO
1,38799,73473,365.63,failed,online,2025-05-23,NO
4334,14821,77449,1220.52,completed,online,2025-05-23,NO
1952,20722,77515,1100.77,completed,online,2025-05-23,NO
1,12347,79283,837.95,failed,online,2025-05-23,NO
3269,6554,83086,149.48,completed,online,2025-05-23,NO
1,49153,83962,1026.63,failed,online,2025-05-23,NO
1,20151,85791,648.93,completed,online,2025-05-23,NO
1,760,86234,1229.36,failed,online,2025-05-23,NO
2339,13834,88645,932.43,failed,online,2025-05-23,NO
3294,13514,89483,554.82,completed,online,2025-05-23,NO
25,24142,89545,1258.08,completed,online,2025-05-23,NO
1,1859,89658,1710.69,completed,online,2025-05-23,NO
2831,43830,92939,1378.16,failed,online,2025-05-23,NO
1,23574,93456,1452.58,failed,online,2025-05-23,NO
2800,48752,97691,953.59,completed,online,2025-05-23,NO
762,34947,98265,504.48,completed,online,2025-05-23,NO
3341,4714,103073,998.92,failed,online,2025-05-23,NO
50,8479,105568,601.25,failed,online,2025-05-23,NO
3191,49485,115041,147.62,completed,online,2025-05-23,NO
1,34307,115667,581.22,failed,online,2025-05-23,NO
1,15194,121883,799.34,completed,online,2025-05-23,NO
2386,21062,122971,833.7,failed,online,2025-05-23,NO
920,38744,124944,330.56,completed,online,2025-05-23,NO
187,40371,126644,371.02,completed,online,2025-05-23,NO
492,4522,126944,1719.4,completed,online,2025-05-23,NO
2212,43698,127145,1138.19,completed,online,2025-05-23,NO
2068,44490,127666,1452.09,completed,online,2025-05-23,NO
1131,31778,128126,696.72,failed,online,2025-05-23,NO
2260,22553,136761,866.65,failed,online,2025-05-23,NO
4556,49005,137863,411.17,failed,online,2025-05-23,NO
1,8745,140464,1376.33,failed,online,2025-05-23,NO
1360,29896,144509,731.97,failed,online,2025-05-23,NO
3990,6571,145364,509.73,completed,online,2025-05-23,NO
2193,23221,146164,224.64,failed,online,2025-05-23,NO
1330,38814,146335,533.3,failed,online,2025-05-23,NO
2350,18214,146812,1010.56,completed,online,2025-05-23,NO
3279,7889,146878,1502.35,failed,online,2025-05-23,NO
1,29710,1570,643.54,failed,online,2025-10-23,NO
2393,10083,1715,908.14,completed,online,2025-10-23,NO
2210,46689,2689,1696.23,completed,online,2025-10-23,NO
1368,41930,3828,1469.51,completed,online,2025-10-23,NO
2449,15796,9635,1185.03,failed,online,2025-10-23,NO
1,34396,14552,1285.73,failed,online,2025-10-23,NO
1207,46147,14821,538.32,completed,UNKNOWN,2025-10-23,NO
3390,16578,17248,961.98,failed,online,2025-10-23,NO
265,5873,17368,505.7,failed,online,2025-10-23,NO
3130,9372,17418,215.16,completed,online,2025-10-23,NO
131,23578,19812,1725.36,failed,online,2025-10-23,NO
519,40857,22774,587.18,completed,online,2025-10-23,NO
4696,36233,22989,823.83,completed,online,2025-10-23,NO
2636,47971,23230,1951.32,completed,online,2025-10-23,NO
1615,31781,23775,885.72,completed,online,2025-10-23,NO
1275,9907,24503,738.05,failed,UNKNOWN,2025-10-23,NO
2256,118,27959,1150.87,completed,online,2025-10-23,NO
2878,4654,28900,572.59,failed,online,2025-10-23,NO
855,19896,29819,529.07,completed,online,2025-10-23,NO
1454,45864,31945,1280.85,completed,online,2025-10-23,NO
1,23671,31973,784.39,completed,online,2025-10-23,NO
2644,13233,34300,1478.34,completed,online,2025-10-23,NO
305,5000,34552,1581.58,failed,online,2025-10-23,NO
2430,49158,37580,863.24,failed,online,2025-10-23,NO
4532,565,40334,659.17,completed,online,2025-10-23,NO
1,9483,41274,1275.17,completed,online,2025-10-23,NO
1886,27077,42441,1106.28,failed,online,2025-10-23,NO
2487,9554,42474,131.3,failed,online,2025-10-23,NO
1648,38063,43910,7385.851105988743,completed,online,2025-10-23,NO
10,29586,46205,353.55,failed,online,2025-10-23,NO
200,32603,47369,491.3,failed,online,2025-10-23,NO
4899,48429,49913,35.75,failed,online,2025-10-23,NO
2327,38926,50270,129.48,completed,online,2025-10-23,NO
131,26993,51838,749.73,completed,online,2025-10-23,NO
580,22340,52067,1040.37,failed,online,2025-10-23,NO
4374,31108,53430,450.04,completed,online,2025-10-23,NO
869,8172,55852,1479.91,completed,online,2025-10-23,NO
3717,44426,56252,1479.85,completed,online,2025-10-23,NO
3766,4861,57468,1724.01,failed,online,2025-10-23,NO
3948,10296,58335,1866.13,completed,online,2025-10-23,NO
1620,28301,58390,1793.21,failed,online,2025-10-23,NO
4303,7813,60519,362.28,completed,online,2025-10-23,NO
3947,42661,62498,168.07,completed,online,2025-10-23,NO
382,31102,67812,1077.86,completed,online,2025-10-23,NO
246,16280,68458,1741.31,completed,online,2025-10-23,NO
1125,21921,72313,1145.85,failed,online,2025-10-23,NO
3232,19137,73104,1530.96,failed,online,2025-10-23,NO
1,48013,73145,1566.08,completed,online,2025-10-23,NO
1,35979,73367,210.24,failed,online,2025-10-23,NO
1946,5151,73393,359.86,failed,online,2025-10-23,NO
4662,27800,77277,1565.9,failed,online,2025-10-23,NO
1,7776,79950,1648.51,failed,online,2025-10-23,NO
1,41614,80044,1361.99,failed,online,2025-10-23,NO
3986,27657,81279,1154.51,failed,online,2025-10-23,NO
3096,2199,82270,232.12,completed,online,2025-10-23,NO
3424,20178,82574,1363.59,failed,online,2025-10-23,NO
3437,32872,83328,814.83,completed,online,2025-10-23,NO
448,27608,87258,172.79,failed,online,2025-10-23,NO
292,46660,88240,1606.8,completed,online,2025-10-23,NO
3545,37109,90576,325.78,failed,online,2025-10-23,NO
4086,30446,92364,1982.55,failed,online,2025-10-23,NO
3324,12950,92634,1712.55,failed,online,2025-10-23,NO
1,636,97495,78.75,failed,online,2025-10-23,NO
1124,345,99506,814.98,failed,online,2025-10-23,NO
1,19023,99518,975.27,completed,online,2025-10-23,NO
2590,23202,101546,994.52,failed,online,2025-10-23,NO
527,46235,102720,274.4,failed,online,2025-10-23,NO
1,28604,103602,1686.16,completed,online,2025-10-23,NO
4596,14857,103644,1616.26,failed,online,2025-10-23,NO
1741,47757,107995,1435.26,failed,online,2025-10-23,NO
1,44204,111517,1425.73,failed,online,2025-10-23,NO
4741,11453,116367,27.43,completed,online,2025-10-23,NO
1,30628,117755,1907.54,failed,online,2025-10-23,NO
2279,5735,120040,830.89,completed,online,2025-10-23,NO
1647,40982,123201,1295.05,failed,online,2025-10-23,NO
2856,3729,123319,316.09,completed,online,2025-10-23,NO
4737,40237,126553,1721.69,failed,online,2025-10-23,NO
201,21356,131864,1181.83,completed,online,2025-10-23,NO
4916,4706,131884,552.44,failed,online,2025-10-23,NO
3176,9644,136686,956.45,failed,online,2025-10-23,NO
2268,19669,138892,1507.0,completed,online,2025-10-23,NO
526,17180,139349,345.85,completed,online,2025-10-23,NO
1386,24021,141379,1289.61,completed,online,2025-10-23,NO
2738,15844,147511,1177.16,completed,online,2025-10-23,NO
1,42709,147620,135.76,failed,online,2025-10-23,NO
1,45991,147956,529.2,failed,online,2025-10-23,NO
225,7639,3919,1797.29,failed,online,2025-05-23,NO
1,28861,4684,1189.73,failed,online,2025-05-23,NO
907,16505,4799,1418.87,completed,online,2025-05-23,NO
1,9837,9825,1918.53,completed,online,2025-05-23,NO
278,38665,16954,414.59,failed,online,2025-05-23,NO
2210,2458,16974,581.44,failed,online,2025-05-23,NO
4531,13269,18430,1183.51,failed,online,2025-05-23,NO
497,24481,19136,869.45,completed,online,2025-05-23,NO
3074,41843,20662,984.6,completed,online,2025-05-23,NO
3107,8057,21268,242.9,completed,online,2025-05-23,NO
2460,13120,25638,699.93,completed,online,2025-05-23,NO
3865,12791,26591,328.23,failed,online,2025-05-23,NO
196,1209,26623,1421.28,failed,online,2025-05-23,NO
1,26393,26924,917.46,completed,online,2025-05-23,NO
3232,14301,28126,766.74,failed,online,2025-05-23,NO
1,26732,30899,440.46,failed,online,2025-05-23,NO
503,39728,32906,1599.73,completed,online,2025-05-23,NO
2009,4091,34247,1599.49,failed,online,2025-05-23,NO
3209,29447,36729,1570.31,failed,online,2025-05-23,NO
393,22619,37107,141.89,completed,online,2025-05-23,NO
1,31703,48065,1199.96,failed,UNKNOWN,2025-05-23,NO
3634,15313,49106,1121.28,failed,online,2025-05-23,NO
477,2634,53053,1000.21,completed,online,2025-05-23,NO
2569,41408,53263,12.5,completed,online,2025-05-23,NO
1513,19161,54264,1102.3,completed,online,2025-05-23,NO
1,682,54584,836.1,completed,online,2025-05-23,NO
3743,20220,56410,1132.02,failed,online,2025-05-23,NO
4614,4756,58811,791.36,failed,online,2025-05-23,NO
4043,12240,61722,1241.25,failed,online,2025-05-23,NO
1,44242,63197,386.43,failed,online,2025-05-23,NO
1,7405,63220,1325.06,failed,online,2025-05-23,NO
1899,44473,66331,910.6,completed,online,2025-05-23,NO
736,20603,66861,1998.92,failed,online,2025-05-23,NO
2042,49419,67558,214.81,completed,online,2025-05-23,NO
1,3315,67595,1651.0,failed,online,2025-05-23,NO
4801,1556,68138,132.06,completed,online,2025-05-23,NO
958,14206,70270,726.16,failed,online,2025-05-23,NO
210,14868,72052,1378.19,completed,online,2025-05-23,NO
2045,40266,74810,1846.21,failed,online,2025-05-23,NO
1031,40375,78026,1356.7,failed,online,2025-05-23,NO
1779,11364,78532,1140.36,failed,online,2025-05-23,NO
425,49636,81035,1620.54,completed,online,2025-05-23,NO
4183,34692,82670,835.34,completed,online,2025-05-23,NO
2723,38309,83536,230.46,failed,online,2025-05-23,NO
914,25292,85840,37.91,failed,online,2025-05-23,NO
1045,7371,88148,709.54,completed,online,2025-05-23,NO
2263,37073,89229,1013.38,failed,online,2025-05-23,NO
1,22452,90214,257.2,completed,online,2025-05-23,NO
345,48543,94319,21.08,failed,online,2025-05-23,NO
2775,32670,94720,1435.05,completed,online,2025-05-23,NO
539,26387,95853,603.26,completed,online,2025-05-23,NO
2455,13330,100084,373.73,completed,online,2025-05-23,NO
1,3236,100732,55.59,completed,online,2025-05-23,NO
2532,8718,101623,822.14,completed,online,2025-05-23,NO
1325,27510,101672,830.39,failed,online,2025-05-23,NO
3491,13026,104302,585.17,failed,online,2025-05-23,NO
1,43153,106600,1633.66,completed,online,2025-05-23,NO
3837,27539,107686,1339.6,completed,online,2025-05-23,NO
2928,46362,108625,1850.79,failed,online,2025-05-23,NO
3590,33039,109233,1513.96,completed,online,2025-05-23,NO
1155,12647,112763,1118.24,completed,online,2025-05-23,NO
3237,35250,113680,1425.72,failed,online,2025-05-23,NO
1237,18537,115027,1002.93,completed,online,2025-05-23,NO
1087,28570,115783,1478.02,completed,online,2025-05-23,NO
306,4726,117114,569.22,failed,online,2025-05-23,NO
1,46165,117437,1005.57,completed,online,2025-05-23,NO
4196,11881,120084,989.26,completed,online,2025-05-23,NO
900,1137,124798,1747.73,completed,online,2025-05-23,NO
2146,6180,124967,1754.45,completed,online,2025-05-23,NO
972,3338,126492,150.36,failed,online,2025-05-23,NO
2868,35805,127523,740.63,failed,online,2025-05-23,NO
795,28539,127760,1763.44,completed,online,2025-05-23,NO
2015,40833,130511,740.25,completed,online,2025-05-23,NO
3759,24158,132631,1179.89,failed,online,2025-05-23,NO
631,12828,133063,1536.65,completed,online,2025-05-23,NO
3776,35082,133731,558.83,failed,online,2025-05-23,NO
3026,8520,133878,1457.82,failed,online,2025-05-23,NO
1530,10101,136207,378.14,failed,online,2025-05-23,NO
1,41457,136258,984.68,completed,online,2025-05-23,NO
4804,27162,138789,341.95,failed,online,2025-05-23,NO
716,17680,140275,1535.47,failed,online,2025-05-23,NO
1,5065,140758,1435.8,failed,online,2025-05-23,NO
2780,45323,141603,787.66,completed,online,2025-05-23,NO
549,45832,141637,655.85,completed,online,2025-05-23,NO
3371,36531,145691,349.0,failed,online,2025-05-23,NO
1502,9686,146555,474.62,failed,online,2025-05-23,NO
1,47923,12128,1783.71,completed,online,2025-09-16,NO
1,9292,13853,1563.51,failed,online,2025-09-16,NO
1722,46854,14459,29.1,failed,online,2025-09-16,NO
5,16288,15366,1164.33,completed,online,2025-09-16,NO
277,5715,15412,1996.42,completed,online,2025-09-16,NO
2259,37063,19069,823.11,completed,online,2025-09-16,NO
4659,29939,20428,1896.85,completed,online,2025-09-16,NO
1,152,20681,1710.0,failed,online,2025-09-16,NO
1,34607,21560,1739.91,completed,online,2025-09-16,NO
105,41050,23105,1435.01,completed,online,2025-09-16,NO
1,6716,25142,1035.65,failed,online,2025-09-16,NO
1,21891,25216,1500.04,failed,online,2025-09-16,NO
1,15680,27346,1760.9,failed,online,2025-09-16,NO
600,29684,29679,1674.69,failed,online,2025-09-16,NO
3337,5831,33567,1480.25,failed,online,2025-09-16,NO
3093,89,35867,63.83,failed,online,2025-09-16,NO
947,45025,36156,1901.86,failed,online,2025-09-16,NO
1371,42442,36194,1352.36,completed,online,2025-09-16,NO
1,34686,39812,901.48,completed,online,2025-09-16,NO
1331,9039,49608,1940.58,failed,online,2025-09-16,NO
2260,46413,50257,1113.74,completed,online,2025-09-16,NO
4856,6143,51954,1077.02,failed,online,2025-09-16,NO
4744,46053,52464,1202.59,completed,online,2025-09-16,NO
1,24591,55941,1343.02,completed,online,2025-09-16,NO
1859,27488,58179,462.74,completed,online,2025-09-16,NO
4485,29633,58383,687.84,completed,online,2025-09-16,NO
709,31523,58515,419.91,completed,online,2025-09-16,NO
3600,45119,59587,1749.73,completed,online,2025-09-16,NO
2806,39556,66234,1941.44,failed,online,2025-09-16,NO
1,42210,67260,862.22,completed,online,2025-09-16,NO
3303,18845,68004,5797.706332892047,failed,online,2025-09-16,NO
1,28849,73635,1534.05,completed,online,2025-09-16,NO
974,8875,73961,348.4,failed,online,2025-09-16,NO
3372,3843,74142,1970.15,completed,online,2025-09-16,NO
176,30209,75396,1482.94,failed,online,2025-09-16,NO
4920,37717,83068,423.8,failed,online,2025-09-16,NO
392,28918,83507,479.7,completed,online,2025-09-16,NO
1,10726,85924,1596.26,completed,online,2025-09-16,NO
1,17804,87526,584.4,failed,online,2025-09-16,NO
1955,42164,88359,1635.19,completed,online,2025-09-16,NO
2015,22020,88572,1019.96,failed,online,2025-09-16,NO
1322,38727,89521,1209.46,failed,online,2025-09-16,NO
1,21143,89586,1394.65,failed,online,2025-09-16,NO
2332,49532,89759,966.82,completed,online,2025-09-16,NO
1,19441,91229,990.81,failed,online,2025-09-16,NO
3428,38991,94024,509.7,failed,online,2025-09-16,NO
1,2061,96262,867.28,completed,online,2025-09-16,NO
1,44000,100959,24.73,failed,online,2025-09-16,NO
3772,12020,102727,1462.13,completed,online,2025-09-16,NO
224,34215,103615,814.89,failed,online,2025-09-16,NO
3790,32239,104216,1276.77,completed,online,2025-09-16,NO
3633,40484,105671,648.44,completed,UNKNOWN,2025-09-16,NO
1810,5450,106774,869.82,completed,online,2025-09-16,NO
1385,48511,106777,55.4,completed,UNKNOWN,2025-09-16,NO
4773,48143,108019,1245.71,failed,online,2025-09-16,NO
1877,12802,109351,1242.22,completed,UNKNOWN,2025-09-16,NO
1,31696,109388,1486.76,failed,online,2025-09-16,NO
3107,14011,111697,1248.82,failed,online,2025-09-16,NO
4569,43114,118958,588.44,completed,online,2025-09-16,NO
2456,2444,119649,970.58,failed,online,2025-09-16,NO
2059,46,121650,891.47,failed,online,2025-09-16,NO
2491,5237,122296,1128.55,completed,online,2025-09-16,NO
3993,27303,126372,853.69,completed,online,2025-09-16,NO
1931,14675,127461,425.87,failed,online,2025-09-16,NO
1,48345,128506,161.06,failed,online,2025-09-16,NO
4209,28104,129341,1306.77,failed,online,2025-09-16,NO
1,14591,129427,1724.85,completed,online,2025-09-16,NO
4388,453,130090,1884.06,failed,online,2025-09-16,NO
2936,44493,131930,1479.18,failed,online,2025-09-16,NO
4919,34450,131948,1317.97,failed,online,2025-09-16,NO
4023,846,131966,1984.77,failed,online,2025-09-16,NO
1103,22766,133762,156.44,failed,online,2025-09-16,NO
4207,495,134477,1841.92,failed,online,2025-09-16,NO
3734,12868,135020,1804.09,completed,online,2025-09-16,NO
2376,4584,137543,1124.81,failed,online,2025-09-16,NO
564,20585,137875,961.0,failed,online,2025-09-16,NO
864,1373,138111,1936.94,completed,online,2025-09-16,NO
3605,45426,139273,893.22,failed,online,2025-09-16,NO
1,38211,139314,108.04,failed,online,2025-09-16,NO
1,35171,142681,1015.04,failed,online,2025-09-16,NO
4727,10257,144727,696.44,failed,online,2025-09-16,NO
1318,45258,145721,1776.5,completed,online,2025-09-16,NO
4614,36098,146490,569.06,failed,online,2025-09-16,NO
2232,38500,149171,989.6,completed,online,2025-09-16,NO
1,26389,149838,640.7,completed,online,2025-09-16,NO
454,14300,149932,1424.21,completed,online,2025-09-16,NO
1888,36597,1557,172.31,completed,online,2025-10-14,NO
3957,13239,6413,1456.42,failed,online,2025-10-14,NO
2167,29246,6715,1688.85,completed,online,2025-10-14,NO
3968,13909,7813,875.74,failed,online,2025-10-14,NO
4546,4542,9025,900.3,completed,online,2025-10-14,NO
2187,9457,16157,8522.772744573454,failed,online,2025-10-14,NO
816,18583,16213,661.91,failed,online,2025-10-14,NO
3900,47326,17599,1175.44,failed,online,2025-10-14,NO
4504,33953,20743,948.4,completed,online,2025-10-14,NO
3138,19219,22701,1198.52,completed,online,2025-10-14,NO
2196,35104,26527,987.75,completed,online,2025-10-14,NO
738,14941,27167,1537.99,completed,online,2025-10-14,NO
4613,1600,27724,231.48,completed,online,2025-10-14,NO
4611,6805,28979,591.68,failed,online,2025-10-14,NO
4599,45713,30790,1885.01,failed,online,2025-10-14,NO
1455,32983,38225,1618.14,failed,online,2025-10-14,NO
2855,20868,38837,812.01,completed,online,2025-10-14,NO
3649,32542,39393,548.69,completed,online,2025-10-14,NO
4607,480,40328,240.31,completed,online,2025-10-14,NO
2127,31024,42396,868.45,failed,online,2025-10-14,NO
3987,40462,44349,622.97,failed,online,2025-10-14,NO
2705,11157,44841,712.49,failed,online,2025-10-14,NO
1,25904,49631,156.77,failed,online,2025-10-14,NO
1199,47074,50418,1528.73,failed,online,2025-10-14,NO
4420,1365,50512,843.32,completed,online,2025-10-14,NO
3370,43867,50735,1209.85,failed,online,2025-10-14,NO
1,7572,51554,1775.83,failed,online,2025-10-14,NO
1356,27023,55766,1969.71,completed,online,2025-10-14,NO
2603,11210,59513,524.05,completed,online,2025-10-14,NO
2403,49368,59994,1518.31,failed,online,2025-10-14,NO
996,38150,61913,200.86,completed,online,2025-10-14,NO
2642,21295,65188,1166.64,failed,online,2025-10-14,NO
2636,29243,65646,1078.42,completed,online,2025-10-14,NO
4931,14816,66723,1260.34,failed,online,2025-10-14,NO
3168,3106,69196,1422.29,failed,UNKNOWN,2025-10-14,NO
1,38885,71278,1293.09,failed,online,2025-10-14,NO
4277,32113,72324,1192.19,completed,online,2025-10-14,NO
3730,17175,75557,750.31,completed,online,2025-10-14,NO
3620,17247,76696,162.89,failed,online,2025-10-14,NO
3911,27909,76744,425.12,completed,online,2025-10-14,NO
1,19640,78115,1237.54,failed,online,2025-10-14,NO
2044,35224,79026,1740.42,completed,online,2025-10-14,NO
1,26578,79028,683.51,completed,online,2025-10-14,NO
1,33323,84287,1264.53,completed,online,2025-10-14,NO
4099,1071,87153,97.09,failed,online,2025-10-14,NO
4250,1405,87566,243.07,failed,online,2025-10-14,NO
114,30588,90639,1389.84,failed,online,2025-10-14,NO
1,20965,94376,1609.93,failed,online,2025-10-14,NO
1,16958,94536,906.7,failed,online,2025-10-14,NO
1,44001,95075,183.15,failed,online,2025-10-14,NO
4634,22900,95592,1760.9,failed,online,2025-10-14,NO
2547,14764,96308,1787.57,completed,online,2025-10-14,NO
3628,39297,97610,178.64,completed,online,2025-10-14,NO
3289,37137,98593,1816.79,completed,online,2025-10-14,NO
3390,48811,98946,1034.17,failed,online,2025-10-14,NO
1,3266,99923,1573.18,completed,online,2025-10-14,NO
3542,19305,100030,379.78,failed,online,2025-10-14,NO
1879,6495,100956,1764.53,failed,online,2025-10-14,NO
432,41620,102866,1157.89,completed,online,2025-10-14,NO
549,33570,103413,1586.89,completed,online,2025-10-14,NO
246,43151,106409,1118.18,failed,online,2025-10-14,NO
665,21446,107359,617.03,failed,online,2025-10-14,NO
539,35744,110062,527.41,completed,online,2025-10-14,NO
1780,8344,115183,1897.01,completed,online,2025-10-14,NO
3577,17822,118582,552.78,failed,online,2025-10-14,NO
1673,23592,119023,1047.64,failed,online,2025-10-14,NO
4444,45962,120646,1337.36,completed,online,2025-10-14,NO
1,32317,121279,128.1,completed,online,2025-10-14,NO
2397,10933,121615,1362.55,failed,online,2025-10-14,NO
3234,8065,125032,343.14,completed,online,2025-10-14,NO
1414,8748,126129,1060.17,completed,online,2025-10-14,NO
4913,25847,126799,1936.14,completed,online,2025-10-14,NO
775,41841,126845,939.36,completed,online,2025-10-14,NO
887,14610,130298,400.97,failed,online,2025-10-14,NO
305,31578,135041,959.97,completed,online,2025-10-14,NO
4730,39540,135405,177.59,failed,online,2025-10-14,NO
2283,24465,136803,1948.95,failed,online,2025-10-14,NO
4059,21330,137288,493.54,completed,online,2025-10-14,NO
1,38511,137817,1997.11,completed,online,2025-10-14,NO
1343,16848,137943,1874.53,completed,online,2025-10-14,NO
2022,45613,138179,552.66,completed,online,2025-10-14,NO
1,31463,140772,469.31,failed,online,2025-10-14,NO
1,45862,145648,305.89,completed,online,2025-10-14,NO
1,34529,148549,1240.92,completed,online,2025-10-14,NO
4258,9494,148842,801.77,completed,online,2025-10-14,NO
1875,26746,2735,1269.76,failed,online,2025-05-27,NO
939,8349,5276,595.7,failed,online,2025-05-27,NO
4636,39266,8738,1124.16,failed,online,2025-05-27,NO
1164,19574,11027,1291.9,completed,online,2025-05-27,NO
2713,38022,12995,1409.27,failed,online,2025-05-27,NO
1,49590,14736,420.41,failed,online,2025-05-27,NO
1361,45056,18260,1374.31,failed,online,2025-05-27,NO
4560,763,18996,1704.45,completed,online,2025-05-27,NO
1,46929,29300,496.25,failed,online,2025-05-27,NO
4447,10987,30951,1162.01,failed,online,2025-05-27,NO
4643,5766,31169,29.46,completed,online,2025-05-27,NO
3016,29669,33768,480.49,completed,online,2025-05-27,NO
1730,39532,33959,1747.54,completed,online,2025-05-27,NO
1400,32551,34572,989.64,completed,online,2025-05-27,NO
3362,28675,35451,1265.66,completed,online,2025-05-27,NO
1290,38987,39573,457.73,failed,online,2025-05-27,NO
2687,47394,45237,770.12,completed,online,2025-05-27,NO
1,36751,46155,600.56,completed,online,2025-05-27,NO
4441,16831,52476,1994.02,completed,online,2025-05-27,NO
1,31668,55677,1577.57,completed,online,2025-05-27,NO
2852,35082,56912,730.13,completed,online,2025-05-27,NO
1,43272,57109,664.74,failed,online,2025-05-27,NO
3662,33423,57446,414.04,failed,online,2025-05-27,NO
2357,31726,60083,1018.55,failed,online,2025-05-27,NO
3801,33997,64659,1269.71,failed,online,2025-05-27,NO
4545,48198,66691,1162.3,completed,online,2025-05-27,NO
4780,31614,66712,1177.72,failed,online,2025-05-27,NO
3274,11300,67113,892.22,completed,online,2025-05-27,NO
4388,16000,68634,484.08,failed,online,2025-05-27,NO
1456,30715,75097,1039.91,completed,online,2025-05-27,NO
1,9809,76642,1509.48,failed,online,2025-05-27,NO
656,25927,79315,134.28,completed,online,2025-05-27,NO
1816,41689,79726,972.75,completed,online,2025-05-27,NO
1,32019,79984,1254.11,completed,online,2025-05-27,NO
1768,13844,80423,1492.52,failed,online,2025-05-27,NO
2863,33483,81327,936.69,completed,online,2025-05-27,NO
1,2109,84639,1177.33,completed,online,2025-05-27,NO
3634,32573,85235,1409.64,failed,online,2025-05-27,NO
770,36169,85928,1355.14,completed,online,2025-05-27,NO
4379,25935,86871,384.86,completed,online,2025-05-27,NO
3345,4638,88732,1087.41,completed,online,2025-05-27,NO
1705,21783,88831,1341.1,failed,UNKNOWN,2025-05-27,NO
3122,39132,90238,1224.05,completed,online,2025-05-27,NO
4214,4649,93210,1258.48,completed,online,2025-05-27,NO
468,44523,94111,285.63,failed,online,2025-05-27,NO
364,40364,95320,1865.21,completed,online,2025-05-27,NO
1934,3729,96027,1949.81,completed,online,2025-05-27,NO
1268,29063,96347,560.77,failed,online,2025-05-27,NO
1,2758,96734,442.06,completed,online,2025-05-27,NO
547,3143,97480,833.92,completed,online,2025-05-27,NO
1,45219,100307,168.46,failed,online,2025-05-27,NO
4764,43779,102523,1612.45,failed,online,2025-05-27,NO
3909,45337,102800,1489.66,failed,online,2025-05-27,NO
1156,17377,103286,1116.93,failed,UNKNOWN,2025-05-27,NO
1,32259,105379,1521.37,completed,online,2025-05-27,NO
3365,41991,107139,1096.61,failed,online,2025-05-27,NO
4685,46405,107499,1564.97,completed,online,2025-05-27,NO
3353,48120,107541,1122.91,failed,online,2025-05-27,NO
1416,48699,109179,1799.9,failed,online,2025-05-27,NO
150,23040,111294,1279.44,failed,online,2025-05-27,NO
3838,42028,114349,99.15,completed,online,2025-05-27,NO
2212,13367,116700,567.15,completed,online,2025-05-27,NO
2473,8029,119987,1237.74,completed,online,2025-05-27,NO
571,9951,120884,967.95,completed,online,2025-05-27,NO
1601,14357,120907,532.59,failed,online,2025-05-27,NO
4029,28672,124887,705.87,failed,online,2025-05-27,NO
1,18564,126004,1425.48,failed,online,2025-05-27,NO
4048,47815,126143,1416.14,failed,online,2025-05-27,NO
4444,3076,127688,699.13,completed,online,2025-05-27,NO
1288,16504,128637,1205.26,completed,online,2025-05-27,NO
4320,12191,129845,971.62,failed,online,2025-05-27,NO
488,14639,132117,1340.56,completed,online,2025-05-27,NO
482,20782,133772,1585.52,completed,online,2025-05-27,NO
1,49041,133993,472.15,failed,online,2025-05-27,NO
185,4814,134418,1159.54,completed,online,2025-05-27,NO
419,22589,137345,1871.17,completed,online,2025-05-27,NO
4326,49187,139757,1375.47,completed,online,2025-05-27,NO
1,40514,140575,651.56,failed,online,2025-05-27,NO
1,15402,140890,487.38,completed,online,2025-05-27,NO
1,28851,141532,1340.54,failed,online,2025-05-27,NO
4460,6426,143329,224.19,completed,online,2025-05-27,NO
3412,30975,143603,800.83,failed,online,2025-05-27,NO
1,35677,144310,1556.03,failed,online,2025-05-27,NO
110,17399,145294,817.57,completed,online,2025-05-27,NO
4945,41121,146264,880.41,failed,online,2025-05-27,NO
935,12827,1770,1393.39,completed,online,2025-05-10,NO
1,19316,3506,431.15,failed,online,2025-05-10,NO
4927,32387,4311,1456.09,failed,online,2025-05-10,NO
1,21917,5983,1256.97,failed,online,2025-05-10,NO
2938,31507,9121,1979.92,completed,online,2025-05-10,NO
1,7134,13629,1643.09,completed,online,2025-05-10,NO
4296,10871,14662,432.45,failed,online,2025-05-10,NO
1232,8882,15374,1075.35,completed,online,2025-05-10,NO
3895,49611,21795,1977.22,failed,online,2025-05-10,NO
408,16073,22478,1905.66,failed,online,2025-05-10,NO
682,10509,25691,55.33,completed,online,2025-05-10,NO
4967,4112,26517,1715.06,completed,online,2025-05-10,NO
4475,11742,27568,1609.78,failed,online,2025-05-10,NO
1858,41937,27899,703.67,completed,online,2025-05-10,NO
4279,12672,28927,817.29,completed,online,2025-05-10,NO
4116,39698,31245,1791.38,completed,online,2025-05-10,NO
2808,28983,31571,224.0,completed,online,2025-05-10,NO
658,9745,32051,1628.6,completed,online,2025-05-10,NO
3694,28391,33016,575.17,failed,online,2025-05-10,NO
4166,24601,45405,1362.91,failed,online,2025-05-10,NO
2475,44617,47646,982.14,completed,online,2025-05-10,NO
4854,6753,48656,1208.84,completed,online,2025-05-10,NO
3218,14809,49644,1912.29,completed,online,2025-05-10,NO
1216,29775,50076,181.53,completed,online,2025-05-10,NO
4648,2372,51363,1208.96,failed,online,2025-05-10,NO
3415,2657,51788,1615.74,failed,online,2025-05-10,NO
1,10694,54422,625.98,failed,online,2025-05-10,NO
1,29522,54732,1013.26,failed,online,2025-05-10,NO
229,25985,55081,759.98,failed,online,2025-05-10,NO
1,40714,55719,482.01,completed,online,2025-05-10,NO
4449,19396,56614,1670.11,completed,online,2025-05-10,NO
4955,24410,57485,1164.07,failed,online,2025-05-10,NO
3944,42093,61885,325.11,failed,online,2025-05-10,NO
1,37627,64974,1812.97,completed,online,2025-05-10,NO
4595,48988,65284,1742.19,failed,online,2025-05-10,NO
1332,40104,69205,200.31,completed,online,2025-05-10,NO
1457,21614,77807,1597.92,completed,online,2025-05-10,NO
366,30825,77948,960.75,completed,online,2025-05-10,NO
3330,17382,78772,1537.9,completed,online,2025-05-10,NO
4861,4119,80464,1944.8,failed,online,2025-05-10,NO
1424,49422,80978,204.98,failed,online,2025-05-10,NO
1303,41704,81051,110.83,failed,online,2025-05-10,NO
4180,24213,83028,1547.98,failed,online,2025-05-10,NO
1,37817,83847,808.34,completed,online,2025-05-10,NO
3750,12821,83935,1332.84,completed,online,2025-05-10,NO
1624,49696,84742,1696.42,completed,online,2025-05-10,NO
2536,10322,87020,1321.29,completed,online,2025-05-10,NO
3697,6504,90293,1184.4,failed,online,2025-05-10,NO
4287,22980,90849,1041.88,failed,online,2025-05-10,NO
553,31909,90999,1760.05,completed,online,2025-05-10,NO
1,4844,95115,858.55,completed,online,2025-05-10,NO
3274,6069,96038,1496.01,completed,online,2025-05-10,NO
549,41176,97869,797.68,completed,online,2025-05-10,NO
1,14373,97989,1602.8,failed,online,2025-05-10,NO
4987,7700,98042,708.34,completed,online,2025-05-10,NO
3984,11140,100529,517.11,failed,online,2025-05-10,NO
1,21692,101131,1562.29,completed,online,2025-05-10,NO
2726,14127,105100,1709.49,completed,online,2025-05-10,NO
3964,37868,107255,1973.06,failed,online,2025-05-10,NO
667,27372,108038,1650.18,failed,online,2025-05-10,NO
1,16721,110010,1880.87,failed,online,2025-05-10,NO
3154,28947,110105,227.55,completed,online,2025-05-10,NO
415,28402,111950,9274.327546410696,failed,online,2025-05-10,NO
2085,9057,112565,337.37,completed,online,2025-05-10,NO
896,10651,113274,1944.29,failed,online,2025-05-10,NO
1,3182,118936,191.86,failed,online,2025-05-10,NO
3940,31068,120991,1385.87,completed,online,2025-05-10,NO
1814,40469,124744,235.55,failed,online,2025-05-10,NO
3587,45683,125560,1834.56,completed,online,2025-05-10,NO
22,31942,127641,325.59,completed,online,2025-05-10,NO
4320,7046,131793,1396.35,completed,online,2025-05-10,NO
3117,28024,131967,1292.73,failed,online,2025-05-10,NO
2982,28977,132452,1164.7,failed,online,2025-05-10,NO
3521,3804,132715,1390.9,completed,online,2025-05-10,NO
1,31148,134046,1161.33,failed,UNKNOWN,2025-05-10,NO
3323,39028,136551,159.98,failed,online,2025-05-10,NO
3381,49175,136904,773.18,completed,online,2025-05-10,NO
1,8098,138701,1183.43,failed,online,2025-05-10,NO
1456,17315,140006,1452.25,failed,online,2025-05-10,NO
1,22590,141485,128.03,failed,online,2025-05-10,NO
1704,17947,142208,225.17,completed,online,2025-05-10,NO
2729,28917,142742,795.39,failed,online,2025-05-10,NO
1883,21048,147150,1771.3,failed,online,2025-05-10,NO
3652,38404,147468,686.09,completed,online,2025-05-10,NO
3040,21512,147472,99.51,completed,online,2025-05-10,NO
987,16267,1338,573.57,failed,online,2025-01-07,NO
1122,5160,4266,219.35,failed,UNKNOWN,2025-01-07,NO
1875,30775,7085,1522.48,completed,online,2025-01-07,NO
3717,46587,8403,1541.93,failed,online,2025-01-07,NO
402,26350,10191,101.16,completed,online,2025-01-07,NO
4436,33247,10428,1240.29,completed,online,2025-01-07,NO
1,1726,10691,1161.82,failed,online,2025-01-07,NO
3077,4691,10878,1066.58,completed,online,2025-01-07,NO
821,21431,11086,1602.51,completed,online,2025-01-07,NO
1870,43698,13617,628.07,completed,online,2025-01-07,NO
3060,22827,19367,1003.29,failed,online,2025-01-07,NO
2006,40759,20387,635.55,completed,UNKNOWN,2025-01-07,NO
4800,4009,24884,1684.47,completed,online,2025-01-07,NO
1782,9569,28389,1526.48,completed,online,2025-01-07,NO
2531,11138,30967,1286.07,completed,online,2025-01-07,NO
1761,20709,33506,183.55,failed,online,2025-01-07,NO
1,222,34444,527.66,completed,online,2025-01-07,NO
2242,7192,34508,1013.73,failed,online,2025-01-07,NO
2886,37306,35316,440.73,failed,online,2025-01-07,NO
3795,49710,38296,1293.89,failed,online,2025-01-07,NO
4277,30964,39164,1228.7,completed,online,2025-01-07,NO
2574,18038,39303,1599.61,completed,online,2025-01-07,NO
701,27889,42112,1331.34,completed,online,2025-01-07,NO
4951,66,43538,345.31,completed,online,2025-01-07,NO
493,26072,45963,1706.48,completed,online,2025-01-07,NO
3524,24697,47088,1863.91,failed,online,2025-01-07,NO
1161,17834,47400,532.33,completed,online,2025-01-07,NO
3160,32992,47893,26.5,completed,online,2025-01-07,NO
625,39890,47912,1114.42,completed,online,2025-01-07,NO
4691,12466,49567,183.57,completed,online,2025-01-07,NO
631,40444,49950,586.96,failed,online,2025-01-07,NO
64,26400,52975,1916.95,completed,online,2025-01-07,NO
2348,15985,53228,979.96,completed,online,2025-01-07,NO
2424,24271,56339,526.76,failed,online,2025-01-07,NO
2676,17171,57913,1395.33,failed,online,2025-01-07,NO
3228,15890,59791,1397.3,failed,online,2025-01-07,NO
1,41543,59926,597.57,failed,online,2025-01-07,NO
1,40193,61555,140.04,failed,online,2025-01-07,NO
2287,49891,62144,851.9,failed,online,2025-01-07,NO
2606,38651,63996,293.38,failed,online,2025-01-07,NO
1172,13392,70107,601.77,failed,online,2025-01-07,NO
1054,9318,71214,53.17,completed,online,2025-01-07,NO
1,11984,74608,1738.88,failed,UNKNOWN,2025-01-07,NO
3147,48280,77512,815.33,completed,online,2025-01-07,NO
180,47769,78457,972.1,failed,online,2025-01-07,NO
2192,29291,79216,1092.47,completed,online,2025-01-07,NO
2218,13211,81816,1907.6,completed,online,2025-01-07,NO
2361,42391,83456,1904.62,completed,online,2025-01-07,NO
2567,29667,84231,642.12,completed,online,2025-01-07,NO
1,43055,84501,104.9,failed,UNKNOWN,2025-01-07,NO
3552,31273,85390,784.75,completed,online,2025-01-07,NO
1982,16701,86952,115.46,completed,online,2025-01-07,NO
2019,46609,87975,695.41,failed,online,2025-01-07,NO
35,26178,89126,1380.71,failed,online,2025-01-07,NO
667,40149,89622,1154.48,completed,online,2025-01-07,NO
3563,42099,90996,1751.6,completed,online,2025-01-07,NO
1,25235,94746,1028.74,completed,online,2025-01-07,NO
1,40235,97045,1227.02,completed,UNKNOWN,2025-01-07,NO
938,37366,99456,60.57,completed,online,2025-01-07,NO
3620,5280,99955,60.08,failed,online,2025-01-07,NO
795,11290,101114,1100.4,completed,online,2025-01-07,NO
763,36868,102144,970.2,completed,online,2025-01-07,NO
4881,9424,104929,1316.18,completed,online,2025-01-07,NO
2446,47862,106767,1399.9,completed,online,2025-01-07,NO
2078,32194,107937,1463.49,completed,online,2025-01-07,NO
2744,24522,109971,338.77,completed,online,2025-01-07,NO
2263,853,115937,1223.37,completed,online,2025-01-07,NO
2299,29468,116296,745.3,failed,online,2025-01-07,NO
1810,30340,118319,1545.69,completed,online,2025-01-07,NO
4162,9123,120744,731.96,completed,online,2025-01-07,NO
1446,49402,123877,1871.64,failed,online,2025-01-07,NO
2014,31899,124238,1014.09,failed,online,2025-01-07,NO
1,8810,127377,739.95,failed,online,2025-01-07,NO
1,23381,131159,1853.3,completed,online,2025-01-07,NO
4656,24466,135196,1882.44,completed,online,2025-01-07,NO
2942,26849,135594,348.1,failed,online,2025-01-07,NO
846,10834,136648,1157.44,failed,online,2025-01-07,NO
1,47622,138474,754.95,failed,online,2025-01-07,NO
2305,33402,139773,431.26,failed,online,2025-01-07,NO
1185,30003,139980,1436.38,failed,online,2025-01-07,NO
4530,30548,140381,328.72,completed,online,2025-01-07,NO
1427,37912,141142,1646.83,failed,online,2025-01-07,NO
1197,39154,143349,439.15,failed,online,2025-01-07,NO
4583,30230,148107,1638.73,failed,online,2025-01-07,NO
1,36727,148469,1411.42,completed,online,2025-01-07,NO
915,8402,148,723.36,completed,online,2025-05-26,NO
1,29706,806,1175.54,failed,online,2025-05-26,NO
268,27971,5984,964.94,completed,online,2025-05-26,NO
1786,19642,6391,864.36,failed,online,2025-05-26,NO
1046,19038,9182,1731.56,failed,online,2025-05-26,NO
1626,3343,9714,1258.91,completed,online,2025-05-26,NO
365,38660,14589,1586.45,completed,online,2025-05-26,NO
3185,33894,15491,1975.78,completed,online,2025-05-26,NO
118,38118,16754,1539.1,completed,online,2025-05-26,NO
74,24898,18191,1581.78,failed,online,2025-05-26,NO
1974,16382,19669,1453.3,completed,online,2025-05-26,NO
1,22346,20042,1681.89,failed,online,2025-05-26,NO
4483,17046,20116,471.49,failed,online,2025-05-26,NO
607,76,22713,1846.04,failed,online,2025-05-26,NO
461,13255,22884,1760.78,completed,online,2025-05-26,NO
3603,19530,25541,1520.64,completed,online,2025-05-26,NO
2300,23742,26911,1689.98,completed,online,2025-05-26,NO
4185,12833,27144,1334.81,failed,online,2025-05-26,NO
2106,34714,27921,134.53,completed,online,2025-05-26,NO
1,20219,28990,386.48,completed,online,2025-05-26,NO
4806,35603,31332,35.72,failed,online,2025-05-26,NO
1,27792,35000,941.13,completed,online,2025-05-26,NO
1967,32272,36314,1939.15,failed,online,2025-05-26,NO
2578,20143,39433,1854.41,completed,online,2025-05-26,NO
2306,108,43276,36.49,failed,online,2025-05-26,NO
757,1243,43812,378.69,failed,online,2025-05-26,NO
2576,26857,44565,1068.52,completed,UNKNOWN,2025-05-26,NO
2016,29007,44883,1804.83,completed,online,2025-05-26,NO
1128,48279,48698,1771.62,completed,online,2025-05-26,NO
1,1291,50044,875.81,failed,online,2025-05-26,NO
4363,42939,51898,1148.06,failed,online,2025-05-26,NO
148,24516,53591,334.72,failed,online,2025-05-26,NO
2606,39165,53862,1109.05,failed,online,2025-05-26,NO
1,4319,54586,128.79,failed,online,2025-05-26,NO
1,33624,54784,795.36,completed,online,2025-05-26,NO
2427,22388,57463,1093.08,failed,online,2025-05-26,NO
4595,24050,59427,1399.81,completed,online,2025-05-26,NO
3404,23746,60024,1149.4,failed,online,2025-05-26,NO
2195,11668,65288,1180.14,completed,online,2025-05-26,NO
1,13217,66080,1822.8,completed,online,2025-05-26,NO
2169,284,68497,310.43,completed,online,2025-05-26,NO
696,25970,70208,946.04,completed,online,2025-05-26,NO
56,6335,71535,966.69,failed,online,2025-05-26,NO
2068,35872,73053,1987.18,failed,online,2025-05-26,NO
1,16036,73729,1712.23,completed,online,2025-05-26,NO
4853,21372,74115,390.85,failed,online,2025-05-26,NO
3967,7376,74359,1823.97,completed,online,2025-05-26,NO
1,28834,75146,348.2,completed,online,2025-05-26,NO
2738,31888,77622,1138.31,completed,online,2025-05-26,NO
2685,17625,80623,1464.33,failed,online,2025-05-26,NO
1066,34281,82592,984.59,completed,online,2025-05-26,NO
2967,12649,83842,1169.48,failed,online,2025-05-26,NO
2204,44106,86093,727.64,failed,online,2025-05-26,NO
2849,34585,86390,1651.89,completed,online,2025-05-26,NO
1,18013,86411,809.98,completed,online,2025-05-26,NO
2318,49296,89350,91.62,failed,online,2025-05-26,NO
1,11393,92611,756.05,failed,online,2025-05-26,NO
2638,24113,93017,852.73,completed,online,2025-05-26,NO
1144,49011,101358,157.95,completed,online,2025-05-26,NO
1,621,105422,696.87,failed,online,2025-05-26,NO
3590,2754,107745,1834.95,failed,online,2025-05-26,NO
3286,43300,108914,992.1,failed,online,2025-05-26,NO
1,46564,109301,583.53,failed,online,2025-05-26,NO
1,13738,111756,376.35,failed,online,2025-05-26,NO
2785,1180,112318,169.87,failed,online,2025-05-26,NO
433,48883,112389,366.31,completed,online,2025-05-26,NO
742,45332,112954,446.03,completed,online,2025-05-26,NO
3196,30941,113835,1375.55,failed,online,2025-05-26,NO
845,18575,117848,1419.66,completed,online,2025-05-26,NO
1,37304,121806,1208.75,failed,online,2025-05-26,NO
782,21172,121885,1490.18,completed,online,2025-05-26,NO
2888,4712,126459,1559.69,failed,online,2025-05-26,NO
977,47547,127539,486.43,completed,online,2025-05-26,NO
4583,18504,128308,650.11,completed,online,2025-05-26,NO
2049,1210,129564,212.01,completed,online,2025-05-26,NO
2933,1656,130125,817.2,failed,online,2025-05-26,NO
584,5794,132035,1300.95,completed,online,2025-05-26,NO
1774,36031,134127,1789.76,failed,online,2025-05-26,NO
2935,2123,134145,1601.78,failed,online,2025-05-26,NO
1,15167,137729,845.07,failed,UNKNOWN,2025-05-26,NO
2457,10747,141928,954.39,failed,online,2025-05-26,NO
922,34962,145837,1976.34,completed,online,2025-05-26,NO
3439,20441,147482,680.2,failed,online,2025-05-26,NO
1,37386,147634,1611.46,completed,UNKNOWN,2025-05-26,NO
1,45482,148053,1151.4,failed,online,2025-05-26,NO
3998,12063,149963,1795.9,completed,online,2025-05-26,NO
4007,46305,3650,1059.4,completed,online,2025-08-08,NO
824,40525,5827,1128.66,completed,online,2025-08-08,NO
3592,47639,6559,51.94,completed,online,2025-08-08,NO
1,6153,9387,101.36,completed,UNKNOWN,2025-08-08,NO
1,36433,11928,786.9,completed,online,2025-08-08,NO
2927,41883,11946,1457.06,completed,online,2025-08-08,NO
1682,14512,12023,701.33,completed,online,2025-08-08,NO
251,35699,13022,1113.11,completed,online,2025-08-08,NO
1,33154,13698,1893.41,failed,online,2025-08-08,NO
978,35635,14160,1197.67,completed,online,2025-08-08,NO
1676,28413,15540,7194.497120576243,failed,online,2025-08-08,NO
3104,7752,16944,1529.94,failed,online,2025-08-08,NO
1,44607,18024,907.02,completed,online,2025-08-08,NO
3271,25828,18884,1201.05,completed,online,2025-08-08,NO
1436,1403,19440,1847.8,failed,online,2025-08-08,NO
3161,35834,21382,614.51,failed,online,2025-08-08,NO
248,27352,21564,810.73,completed,online,2025-08-08,NO
4515,7674,22045,1440.26,failed,online,2025-08-08,NO
1,23747,26405,905.25,failed,online,2025-08-08,NO
4103,32301,26543,242.64,failed,online,2025-08-08,NO
3739,35968,28373,1017.19,completed,online,2025-08-08,NO
2595,35491,29498,112.48,completed,online,2025-08-08,NO
415,10964,36559,1292.3,failed,online,2025-08-08,NO
3839,11905,37854,338.09,completed,online,2025-08-08,NO
3286,20619,39153,1807.59,failed,online,2025-08-08,NO
874,34798,42534,1058.65,failed,online,2025-08-08,NO
67,19425,43733,1878.14,completed,online,2025-08-08,NO
3228,25749,44967,8366.95415068977,completed,online,2025-08-08,NO
1740,44889,47320,250.48,failed,online,2025-08-08,NO
3701,42323,49294,756.69,completed,online,2025-08-08,NO
1407,47317,49418,367.98,completed,online,2025-08-08,NO
4495,17519,50507,263.18,completed,online,2025-08-08,NO
1681,18289,51839,687.8,failed,online,2025-08-08,NO
399,12404,54850,1345.93,completed,online,2025-08-08,NO
2877,46245,55720,1925.34,failed,online,2025-08-08,NO
1782,43113,55900,857.23,failed,online,2025-08-08,NO
2177,37860,56203,1361.97,completed,online,2025-08-08,NO
1,35668,59267,1875.78,failed,online,2025-08-08,NO
3625,37105,62058,1734.04,completed,online,2025-08-08,NO
4844,15784,63801,1474.17,completed,online,2025-08-08,NO
710,15851,63818,1407.17,failed,online,2025-08-08,NO
1662,17970,65669,329.87,failed,online,2025-08-08,NO
1960,37053,66502,1510.47,completed,online,2025-08-08,NO
2693,2901,66830,437.51,completed,online,2025-08-08,NO
230,21658,68481,992.0,completed,online,2025-08-08,NO
3979,16098,70226,482.71,completed,online,2025-08-08,NO
1,29143,71349,569.38,completed,online,2025-08-08,NO
2031,9798,73212,815.02,failed,online,2025-08-08,NO
3559,29075,73509,459.71,completed,online,2025-08-08,NO
1,6502,75500,1306.9,failed,online,2025-08-08,NO
4916,41046,80078,1923.27,failed,online,2025-08-08,NO
1,44766,80639,231.03,failed,online,2025-08-08,NO
4559,44325,81140,697.25,failed,online,2025-08-08,NO
77,33684,83464,465.75,completed,online,2025-08-08,NO
2926,20747,86251,211.93,completed,online,2025-08-08,NO
594,19260,88508,570.7,completed,online,2025-08-08,NO
4776,43055,89154,1735.61,failed,online,2025-08-08,NO
1266,27202,99951,662.03,completed,online,2025-08-08,NO
3005,8040,105326,1607.03,failed,online,2025-08-08,NO
1845,6798,105356,358.35,completed,online,2025-08-08,NO
1616,42781,105381,1576.8,failed,online,2025-08-08,NO
1284,25000,107770,1675.91,failed,online,2025-08-08,NO
528,8335,110774,14.43,completed,UNKNOWN,2025-08-08,NO
73,16211,111367,197.86,completed,online,2025-08-08,NO
2347,29028,112375,433.63,failed,online,2025-08-08,NO
1,10589,117499,1202.16,completed,online,2025-08-08,NO
1246,20215,117800,1349.37,failed,online,2025-08-08,NO
913,32912,119270,1276.6,completed,online,2025-08-08,NO
433,25251,119737,231.77,completed,online,2025-08-08,NO
1849,15755,120275,1173.94,failed,online,2025-08-08,NO
4191,31031,121125,179.17,failed,online,2025-08-08,NO
1220,6866,121957,10.67,completed,online,2025-08-08,NO
1,31800,122467,1432.8,completed,online,2025-08-08,NO
3661,49417,123257,1499.29,failed,online,2025-08-08,NO
1,12962,124684,818.15,failed,online,2025-08-08,NO
1,19894,124752,725.85,failed,online,2025-08-08,NO
597,37967,124891,1315.74,failed,online,2025-08-08,NO
2374,2396,129021,41.83,failed,online,2025-08-08,NO
527,15362,131787,1838.37,failed,online,2025-08-08,NO
1,32019,134246,1166.28,failed,online,2025-08-08,NO
107,41372,134332,1865.17,completed,online,2025-08-08,NO
3660,43328,144026,1753.37,completed,online,2025-08-08,NO
698,41343,146647,259.47,failed,online,2025-08-08,NO
3142,26489,148354,1755.88,failed,online,2025-08-08,NO
1,2590,148563,1878.02,failed,online,2025-08-08,NO
1,48709,375,164.3,failed,online,2025-10-20,NO
3104,44977,3905,76.56,completed,online,2025-10-20,NO
2133,10302,3940,230.11,completed,online,2025-10-20,NO
1142,5755,5480,601.97,completed,UNKNOWN,2025-10-20,NO
4303,11349,5633,604.95,failed,online,2025-10-20,NO
3568,41653,6469,610.25,completed,online,2025-10-20,NO
4709,45635,7744,832.14,completed,online,2025-10-20,NO
2584,6297,8328,1205.01,failed,online,2025-10-20,NO
2030,3541,8409,1701.07,failed,online,2025-10-20,NO
264,13818,11121,1836.98,completed,online,2025-10-20,NO
4743,42655,12972,1823.17,failed,online,2025-10-20,NO
2376,11581,15130,1122.6,completed,online,2025-10-20,NO
2053,37934,17981,1221.24,failed,online,2025-10-20,NO
2345,26931,18614,1697.96,completed,online,2025-10-20,NO
3627,8881,19062,97.82,failed,online,2025-10-20,NO
4819,16884,25453,275.05,completed,online,2025-10-20,NO
7,34981,27967,1761.98,completed,online,2025-10-20,NO
1,12965,30705,778.1,failed,online,2025-10-20,NO
2648,9726,34676,970.4,completed,online,2025-10-20,NO
1973,32711,36586,1737.71,completed,online,2025-10-20,NO
123,14643,39225,565.78,completed,online,2025-10-20,NO
3317,35410,39997,80.48,failed,online,2025-10-20,NO
4908,7237,40332,494.62,completed,online,2025-10-20,NO
4457,28199,42975,560.03,failed,online,2025-10-20,NO
1953,40646,44740,994.29,completed,online,2025-10-20,NO
2032,48068,45868,1308.48,completed,online,2025-10-20,NO
1,39215,45995,1858.8,failed,online,2025-10-20,NO
3985,11880,46430,1628.29,failed,online,2025-10-20,NO
2085,11527,48485,1703.4,failed,online,2025-10-20,NO
3376,36369,48686,132.64,completed,UNKNOWN,2025-10-20,NO
1885,6003,49355,24.69,completed,online,2025-10-20,NO
2596,36370,60639,1744.2,completed,online,2025-10-20,NO
903,13239,61609,835.54,completed,online,2025-10-20,NO
3095,9541,61715,1470.48,failed,online,2025-10-20,NO
3813,7471,62606,1121.37,completed,online,2025-10-20,NO
1096,12685,64560,598.44,failed,online,2025-10-20,NO
2846,23540,64919,121.4,completed,online,2025-10-20,NO
1,30828,64931,937.53,completed,online,2025-10-20,NO
677,25124,65820,1607.11,completed,online,2025-10-20,NO
1,32453,68424,1251.2,completed,online,2025-10-20,NO
2501,26437,69738,285.88,failed,online,2025-10-20,NO
1,44464,72897,1115.68,failed,online,2025-10-20,NO
4570,15603,72969,307.67,completed,online,2025-10-20,NO
1,569,73106,1177.38,failed,online,2025-10-20,NO
4882,49235,73305,1759.64,failed,online,2025-10-20,NO
3047,6128,74560,828.15,completed,online,2025-10-20,NO
149,10751,75220,1305.64,failed,online,2025-10-20,NO
4929,12082,76594,1585.49,failed,online,2025-10-20,NO
2161,23801,78829,1900.4,completed,online,2025-10-20,NO
4081,22465,81527,329.78,failed,online,2025-10-20,NO
2955,13988,82351,1711.26,completed,online,2025-10-20,NO
1708,46030,86377,930.95,failed,online,2025-10-20,NO
1,45905,86600,1555.22,completed,online,2025-10-20,NO
4378,33414,87409,1132.03,failed,online,2025-10-20,NO
3505,34357,88342,1175.39,failed,online,2025-10-20,NO
2026,25126,89315,1349.68,failed,online,2025-10-20,NO
4441,29037,92317,906.97,failed,online,2025-10-20,NO
1,48947,93293,930.89,failed,online,2025-10-20,NO
4087,4804,94372,1243.7,failed,online,2025-10-20,NO
1,29861,94867,327.32,failed,UNKNOWN,2025-10-20,NO
1220,23144,95200,306.06,failed,online,2025-10-20,NO
1,17346,95575,1439.49,completed,online,2025-10-20,NO
4080,21842,95778,1864.36,failed,online,2025-10-20,NO
1,19843,100570,341.4,failed,online,2025-10-20,NO
1,16539,100572,787.79,completed,online,2025-10-20,NO
3558,26491,100920,1664.78,failed,online,2025-10-20,NO
1,23181,102482,999.95,failed,online,2025-10-20,NO
1,21924,103365,283.13,completed,online,2025-10-20,NO
3208,35118,106667,750.5,completed,online,2025-10-20,NO
3095,5911,106676,1460.3,failed,online,2025-10-20,NO
1,47289,108883,757.31,failed,online,2025-10-20,NO
3175,18216,111668,1871.02,failed,online,2025-10-20,NO
1,616,113930,968.26,completed,online,2025-10-20,NO
3190,37896,123263,1865.19,failed,UNKNOWN,2025-10-20,NO
1,15692,124232,1334.76,completed,online,2025-10-20,NO
1035,2974,125855,1986.72,failed,online,2025-10-20,NO
202,23281,131079,1198.1,completed,online,2025-10-20,NO
1,36556,131083,1558.61,completed,online,2025-10-20,NO
4317,10060,134608,668.18,completed,online,2025-10-20,NO
3002,45228,138181,878.43,failed,online,2025-10-20,NO
828,34927,139335,1914.22,completed,online,2025-10-20,NO
3697,25572,141744,26.44,failed,UNKNOWN,2025-10-20,NO
232,7664,141788,805.37,failed,online,2025-10-20,NO
94,7339,144104,716.18,failed,online,2025-10-20,NO
2611,35039,144476,1485.21,completed,online,2025-10-20,NO
2089,38644,145229,6640.696436865426,failed,online,2025-10-20,NO
3246,6208,1676,566.82,completed,online,2025-07-17,NO
523,23588,5118,962.63,completed,online,2025-07-17,NO
955,37231,8380,167.65,failed,online,2025-07-17,NO
1,12977,9377,303.69,failed,online,2025-07-17,NO
4468,21960,11668,1926.79,completed,online,2025-07-17,NO
250,29239,12047,1889.55,failed,online,2025-07-17,NO
2176,41122,20208,1687.54,completed,online,2025-07-17,NO
3855,38654,20640,1077.82,completed,online,2025-07-17,NO
4795,11907,20997,1249.74,completed,online,2025-07-17,NO
4698,18089,21378,1745.41,failed,online,2025-07-17,NO
852,27517,22722,945.12,completed,online,2025-07-17,NO
4491,9739,22886,1009.34,completed,online,2025-07-17,NO
1,5379,24023,121.87,failed,online,2025-07-17,NO
1,198,26826,393.79,completed,online,2025-07-17,NO
1505,18916,29018,1212.58,failed,online,2025-07-17,NO
2877,47062,29689,498.92,completed,online,2025-07-17,NO
1198,26976,30403,1486.91,completed,online,2025-07-17,NO
3332,2079,30964,1655.95,failed,online,2025-07-17,NO
1284,49079,32032,193.38,completed,online,2025-07-17,NO
1281,31008,32156,1604.84,failed,online,2025-07-17,NO
1,44334,32162,125.54,completed,online,2025-07-17,NO
4411,32340,35971,837.29,failed,online,2025-07-17,NO
3324,7415,38075,5125.056158792052,failed,online,2025-07-17,NO
3766,6963,38711,1302.0,failed,online,2025-07-17,NO
1443,18857,39666,792.54,completed,online,2025-07-17,NO
1,14774,39669,1881.8,failed,online,2025-07-17,NO
2299,43663,48047,1871.34,failed,online,2025-07-17,NO
4659,17707,48898,319.52,completed,online,2025-07-17,NO
1696,22049,48968,284.31,failed,online,2025-07-17,NO
4353,32175,52733,1583.13,failed,online,2025-07-17,NO
4730,13890,52971,465.04,failed,online,2025-07-17,NO
2327,11753,55087,1822.26,completed,online,2025-07-17,NO
591,1513,57352,1409.5,completed,online,2025-07-17,NO
1,43258,57736,582.57,failed,online,2025-07-17,NO
237,38098,58373,690.4,failed,online,2025-07-17,NO
495,23333,59568,634.09,completed,online,2025-07-17,NO
4909,40592,61430,863.77,failed,online,2025-07-17,NO
4112,31202,67520,503.5,failed,online,2025-07-17,NO
343,38578,69330,1588.09,failed,UNKNOWN,2025-07-17,NO
2155,26458,70806,1466.92,completed,UNKNOWN,2025-07-17,NO
1337,40754,71166,90.49,completed,online,2025-07-17,NO
1668,33568,71900,1030.16,failed,online,2025-07-17,NO
2861,42256,74327,1905.74,failed,online,2025-07-17,NO
1,20337,74822,567.26,failed,online,2025-07-17,NO
1257,6712,77956,1567.53,completed,online,2025-07-17,NO
2170,25300,78894,322.88,failed,online,2025-07-17,NO
1,45383,79009,1889.79,completed,online,2025-07-17,NO
1981,4341,80743,1449.71,failed,online,2025-07-17,NO
2006,37549,80749,526.71,failed,online,2025-07-17,NO
1802,28800,80882,1735.07,completed,online,2025-07-17,NO
3844,23452,81545,1447.69,failed,online,2025-07-17,NO
4860,37505,83744,349.65,failed,online,2025-07-17,NO
745,5044,83984,909.48,failed,online,2025-07-17,NO
2120,21839,84687,1746.54,failed,online,2025-07-17,NO
949,28766,85130,1459.61,completed,online,2025-07-17,NO
1,46344,86293,968.33,failed,online,2025-07-17,NO
4986,21563,86537,1570.55,failed,online,2025-07-17,NO
4943,43231,89930,241.79,failed,online,2025-07-17,NO
3885,47897,96938,1974.95,failed,online,2025-07-17,NO
1772,28047,98108,1440.23,completed,online,2025-07-17,NO
1,44826,99336,544.91,failed,online,2025-07-17,NO
1232,37886,99936,1873.19,failed,online,2025-07-17,NO
1932,47917,101920,926.55,failed,online,2025-07-17,NO
2522,31536,109956,1959.69,completed,online,2025-07-17,NO
4461,13404,112239,1834.37,failed,online,2025-07-17,NO
4471,21972,113504,7435.871723986631,completed,online,2025-07-17,NO
2818,16425,114146,1113.86,completed,online,2025-07-17,NO
4794,4216,115512,897.7,completed,online,2025-07-17,NO
389,30974,116832,168.08,failed,online,2025-07-17,NO
892,11710,117679,1234.35,completed,online,2025-07-17,NO
1,9320,118142,374.62,failed,online,2025-07-17,NO
1652,10222,118928,107.77,completed,online,2025-07-17,NO
1,40182,121319,1197.59,failed,online,2025-07-17,NO
846,42877,123116,11.82,failed,online,2025-07-17,NO
1744,11395,125278,1675.18,completed,online,2025-07-17,NO
3242,45834,126066,1436.31,completed,online,2025-07-17,NO
4870,44688,127525,1590.17,failed,online,2025-07-17,NO
2487,12192,130451,1377.8,completed,online,2025-07-17,NO
1719,47999,131294,309.45,failed,online,2025-07-17,NO
1640,40469,133562,1710.26,failed,online,2025-07-17,NO
4728,10466,133805,16.7,completed,online,2025-07-17,NO
1646,25043,134944,1345.47,failed,online,2025-07-17,NO
4420,25923,137789,723.68,failed,online,2025-07-17,NO
1186,1369,141042,1277.81,completed,online,2025-07-17,NO
1449,42172,141236,1151.82,completed,online,2025-07-17,NO
2058,4779,4845,1544.87,failed,online,2025-09-16,NO
466,45527,5503,778.46,failed,online,2025-09-16,NO
3495,24224,6859,1431.04,failed,online,2025-09-16,NO
2566,6748,10930,919.86,failed,online,2025-09-16,NO
4935,18262,11272,866.01,completed,online,2025-09-16,NO
112,8708,13025,819.0,completed,UNKNOWN,2025-09-16,NO
4477,17927,18547,1761.04,completed,online,2025-09-16,NO
1,40574,20871,994.83,failed,online,2025-09-16,NO
5000,41181,22660,1936.98,failed,online,2025-09-16,NO
1642,5404,23869,646.05,failed,online,2025-09-16,NO
1233,26977,26197,318.72,completed,online,2025-09-16,NO
4141,21570,28543,1138.39,failed,online,2025-09-16,NO
627,22811,30392,1743.72,completed,online,2025-09-16,NO
1,38503,32273,770.93,completed,online,2025-09-16,NO
5000,20293,36385,1105.87,failed,online,2025-09-16,NO
1,48689,37325,1036.73,failed,online,2025-09-16,NO
2593,46636,37952,385.77,failed,online,2025-09-16,NO
1,4687,38203,416.1,failed,online,2025-09-16,NO
4871,46025,40877,936.54,failed,online,2025-09-16,NO
1712,1318,45407,1450.4,failed,online,2025-09-16,NO
3847,29964,46390,1095.42,completed,online,2025-09-16,NO
4960,47052,46505,778.27,completed,online,2025-09-16,NO
4721,25900,46984,852.39,failed,UNKNOWN,2025-09-16,NO
1107,21261,48517,1043.34,failed,online,2025-09-16,NO
4635,20543,50585,704.3,failed,online,2025-09-16,NO
152,25507,51546,662.51,completed,online,2025-09-16,NO
2372,42810,52485,1676.99,completed,online,2025-09-16,NO
58,15465,52838,679.22,failed,online,2025-09-16,NO
1565,1153,53750,587.09,failed,online,2025-09-16,NO
4664,26487,56646,1955.49,completed,online,2025-09-16,NO
788,21215,57917,1124.17,failed,online,2025-09-16,NO
1,20324,58420,1940.85,failed,online,2025-09-16,NO
3802,16396,58925,750.28,completed,online,2025-09-16,NO
3104,44697,61329,1248.7,failed,online,2025-09-16,NO
4729,25103,62084,1161.42,completed,online,2025-09-16,NO
2516,7999,64456,1595.39,failed,online,2025-09-16,NO
2895,6440,67867,15.76,failed,online,2025-09-16,NO
1,46671,69364,151.83,failed,online,2025-09-16,NO
3797,1034,72291,1708.31,completed,online,2025-09-16,NO
1,41212,74809,1080.93,failed,online,2025-09-16,NO
1,14968,76863,794.44,failed,online,2025-09-16,NO
2454,28435,76917,1781.67,failed,online,2025-09-16,NO
2298,42141,77281,1562.56,completed,online,2025-09-16,NO
3762,17478,78756,1598.54,failed,online,2025-09-16,NO
1427,49310,82591,1837.7,completed,online,2025-09-16,NO
2020,47598,83062,1996.73,failed,online,2025-09-16,NO
3076,26594,87826,1775.75,completed,online,2025-09-16,NO
2402,18163,88165,1395.09,failed,online,2025-09-16,NO
1269,32936,88255,1793.01,completed,online,2025-09-16,NO
4713,47741,94936,22.97,completed,online,2025-09-16,NO
593,27652,104734,468.66,completed,online,2025-09-16,NO
4433,25354,104740,178.77,completed,online,2025-09-16,NO
2169,35936,105344,1939.2,completed,online,2025-09-16,NO
4295,24322,105382,273.81,completed,online,2025-09-16,NO
985,46622,107357,1943.06,failed,online,2025-09-16,NO
1671,42922,109742,1843.74,completed,online,2025-09-16,NO
1,18604,110194,1674.28,failed,online,2025-09-16,NO
1,5253,110587,93.39,failed,online,2025-09-16,NO
1,24493,111903,1847.96,completed,online,2025-09-16,NO
3029,12876,111990,694.09,completed,online,2025-09-16,NO
1,8630,114093,119.26,completed,online,2025-09-16,NO
1,26526,115111,11.85,failed,online,2025-09-16,NO
1,32598,115197,1805.02,completed,online,2025-09-16,NO
4749,37409,115910,130.02,completed,online,2025-09-16,NO
2338,10760,117111,48.87,completed,online,2025-09-16,NO
4191,46024,118653,1829.43,completed,online,2025-09-16,NO
1006,36097,119610,1700.38,completed,online,2025-09-16,NO
3326,46978,120502,988.39,failed,online,2025-09-16,NO
928,45391,121397,475.82,completed,online,2025-09-16,NO
1077,39150,121585,1886.41,completed,online,2025-09-16,NO
3423,19283,124831,1125.11,failed,online,2025-09-16,NO
4407,13029,126091,1734.18,failed,online,2025-09-16,NO
3924,43558,127886,1929.94,failed,online,2025-09-16,NO
486,37383,129606,758.17,completed,online,2025-09-16,NO
3079,6862,129640,16.3,completed,online,2025-09-16,NO
3449,20229,130991,562.71,failed,online,2025-09-16,NO
2186,32704,132879,1674.22,completed,online,2025-09-16,NO
2700,36313,134563,7470.931801561328,completed,online,2025-09-16,NO
1,35469,134753,948.54,completed,online,2025-09-16,NO
1,3908,137361,1532.35,completed,online,2025-09-16,NO
2108,36110,139125,520.16,failed,online,2025-09-16,NO
4328,41341,140759,561.4,completed,online,2025-09-16,NO
608,10239,146708,69.23,failed,online,2025-09-16,NO
3572,17556,148461,818.06,completed,online,2025-09-16,NO
1,12248,149521,583.36,completed,online,2025-09-16,NO
4714,3521,254,1647.91,failed,online,2025-10-25,NO
3072,12557,1471,1649.86,failed,online,2025-10-25,NO
1947,43822,1587,767.81,completed,online,2025-10-25,NO
1,12390,2901,684.5,failed,online,2025-10-25,NO
1,45895,5460,1478.82,failed,online,2025-10-25,NO
4332,41399,5872,1681.82,completed,online,2025-10-25,NO
2124,32501,10314,758.38,failed,online,2025-10-25,NO
1,14020,14224,1610.75,failed,online,2025-10-25,NO
1,44786,14629,607.2,completed,online,2025-10-25,NO
2764,17070,16308,738.52,completed,online,2025-10-25,NO
1681,24182,17050,1853.16,completed,online,2025-10-25,NO
1176,17283,18959,303.29,completed,online,2025-10-25,NO
2392,30203,19308,239.5,failed,online,2025-10-25,NO
2692,12933,19595,1382.58,completed,online,2025-10-25,NO
2394,3511,23122,1083.34,completed,online,2025-10-25,NO
1679,49489,24548,955.1,failed,online,2025-10-25,NO
1,13928,26270,784.53,failed,online,2025-10-25,NO
2371,4908,26797,1331.2,failed,online,2025-10-25,NO
3007,30797,27611,1617.0,failed,online,2025-10-25,NO
3064,36251,29017,1219.41,failed,online,2025-10-25,NO
272,40527,30260,336.15,completed,online,2025-10-25,NO
421,26978,31926,638.44,failed,online,2025-10-25,NO
1,5259,31981,316.23,completed,online,2025-10-25,NO
1524,9389,35135,101.05,completed,online,2025-10-25,NO
1248,43448,36021,1719.85,completed,online,2025-10-25,NO
721,11115,36397,195.39,failed,online,2025-10-25,NO
2540,22818,37260,1147.87,failed,online,2025-10-25,NO
1,3485,43067,161.88,failed,online,2025-10-25,NO
1,9287,43657,953.4,completed,online,2025-10-25,NO
3434,33203,45511,68.26,failed,online,2025-10-25,NO
2336,4964,48605,532.02,completed,online,2025-10-25,NO
4007,18629,49125,1134.72,failed,online,2025-10-25,NO
1,9016,56179,631.04,completed,online,2025-10-25,NO
2707,23074,58075,679.34,failed,online,2025-10-25,NO
2459,26183,61808,1765.34,failed,online,2025-10-25,NO
2085,46854,62528,1317.24,failed,online,2025-10-25,NO
4722,38544,62837,364.91,failed,online,2025-10-25,NO
3815,48006,64674,1332.92,failed,online,2025-10-25,NO
4976,25521,65997,1920.11,failed,online,2025-10-25,NO
2524,46025,66839,1148.26,failed,online,2025-10-25,NO
2425,46738,68637,1668.22,completed,online,2025-10-25,NO
4319,18408,69460,294.95,completed,online,2025-10-25,NO
43,10242,69810,1190.72,completed,online,2025-10-25,NO
1599,14373,69843,984.72,failed,online,2025-10-25,NO
1141,8319,70549,1263.99,completed,online,2025-10-25,NO
1,20685,72524,1995.21,failed,online,2025-10-25,NO
3916,31101,73943,55.42,completed,online,2025-10-25,NO
3651,28498,74054,1525.26,completed,online,2025-10-25,NO
1,15301,75719,1567.56,failed,online,2025-10-25,NO
1339,24124,75955,133.7,completed,online,2025-10-25,NO
1,19312,76138,719.07,completed,online,2025-10-25,NO
1066,36987,77763,1147.45,completed,online,2025-10-25,NO
2351,45115,77933,30.14,failed,online,2025-10-25,NO
4969,417,79429,494.37,completed,online,2025-10-25,NO
1,42976,80673,836.84,failed,online,2025-10-25,NO
1,40123,83617,378.17,failed,online,2025-10-25,NO
2177,3233,83846,456.1,failed,online,2025-10-25,NO
1,18232,92169,1842.84,completed,online,2025-10-25,NO
1418,21355,92380,429.11,failed,online,2025-10-25,NO
1706,44251,93856,1676.57,completed,online,2025-10-25,NO
4804,27628,96872,1936.42,completed,online,2025-10-25,NO
1,19218,98724,732.09,completed,online,2025-10-25,NO
524,4301,100783,197.58,completed,online,2025-10-25,NO
2151,43057,106369,1349.46,completed,online,2025-10-25,NO
3812,7509,106879,1664.36,failed,online,2025-10-25,NO
1837,20431,108974,786.25,failed,online,2025-10-25,NO
1973,37275,110672,1731.82,completed,online,2025-10-25,NO
4461,21905,111720,497.6,completed,online,2025-10-25,NO
1016,29114,113030,218.73,completed,online,2025-10-25,NO
3190,44530,113807,1048.85,completed,online,2025-10-25,NO
623,40847,114133,1061.72,failed,online,2025-10-25,NO
4220,16149,118221,1877.16,completed,online,2025-10-25,NO
1,18388,118339,40.87,failed,online,2025-10-25,NO
1,37252,120889,512.56,failed,online,2025-10-25,NO
1,49118,121117,1472.17,completed,online,2025-10-25,NO
395,19200,122573,841.9,failed,online,2025-10-25,NO
4733,34182,123142,1592.45,failed,online,2025-10-25,NO
1680,5907,123725,1237.04,failed,online,2025-10-25,NO
326,19390,123788,1081.65,failed,online,2025-10-25,NO
2041,40415,124955,1630.81,completed,online,2025-10-25,NO
754,48121,131729,1131.38,failed,online,2025-10-25,NO
3460,40018,135661,1672.66,completed,online,2025-10-25,NO
1,49400,136363,1657.53,failed,online,2025-10-25,NO
1252,17441,137185,303.59,completed,online,2025-10-25,NO
1172,10697,138512,21.94,completed,online,2025-10-25,NO
4390,36224,143858,982.29,completed,online,2025-10-25,NO
963,25963,824,907.49,failed,online,2025-05-25,NO
5000,10899,1211,1895.17,completed,online,2025-05-25,NO
1553,38006,2241,660.52,completed,online,2025-05-25,NO
1,39343,3361,577.99,completed,online,2025-05-25,NO
1,20932,4453,88.58,failed,online,2025-05-25,NO
3862,12930,5216,1138.74,completed,online,2025-05-25,NO
4906,48224,7493,1082.14,completed,online,2025-05-25,NO
4458,34843,8406,947.66,completed,online,2025-05-25,NO
1,31048,9394,470.25,completed,online,2025-05-25,NO
1,26428,15526,883.12,failed,online,2025-05-25,NO
2153,28081,16661,547.06,completed,online,2025-05-25,NO
3570,42432,16843,1250.22,failed,online,2025-05-25,NO
1,12659,19139,506.84,failed,online,2025-05-25,NO
2592,48378,20204,1922.54,failed,online,2025-05-25,NO
1,38741,22932,802.88,completed,online,2025-05-25,NO
3230,24931,27457,1622.35,completed,online,2025-05-25,NO
3672,20683,27785,1453.07,failed,online,2025-05-25,NO
4446,21518,31105,1596.48,failed,online,2025-05-25,NO
1,9102,31788,1546.48,completed,online,2025-05-25,NO
2821,25263,33643,1734.97,completed,online,2025-05-25,NO
1006,24942,34145,1629.19,failed,online,2025-05-25,NO
4154,28633,34291,359.21,completed,online,2025-05-25,NO
1218,46431,35016,1749.17,failed,online,2025-05-25,NO
3788,18366,35387,1108.07,completed,online,2025-05-25,NO
1992,3538,38201,518.81,failed,online,2025-05-25,NO
846,40794,40057,357.5,completed,online,2025-05-25,NO
3520,28298,42142,1857.42,failed,online,2025-05-25,NO
362,26691,45235,375.49,completed,online,2025-05-25,NO
1304,39469,47683,1658.59,completed,online,2025-05-25,NO
4788,7288,49224,1986.1,failed,online,2025-05-25,NO
2531,45945,49632,644.96,completed,online,2025-05-25,NO
4650,7582,51857,6130.587363129985,failed,online,2025-05-25,NO
114,21110,52566,1260.06,completed,online,2025-05-25,NO
442,23626,53821,1491.86,completed,online,2025-05-25,NO
776,3511,54367,1458.22,completed,online,2025-05-25,NO
1,21524,58889,58.44,failed,online,2025-05-25,NO
3026,40132,60288,158.09,failed,online,2025-05-25,NO
2416,265,61667,1234.69,failed,online,2025-05-25,NO
4665,22153,61818,508.37,failed,online,2025-05-25,NO
1,39045,62621,592.46,failed,online,2025-05-25,NO
1603,10269,63714,1756.59,completed,online,2025-05-25,NO
1,29921,64748,684.44,completed,online,2025-05-25,NO
631,44823,68694,1069.69,failed,online,2025-05-25,NO
1,11586,71695,229.48,completed,online,2025-05-25,NO
4996,34753,72122,1485.15,completed,online,2025-05-25,NO
1,3562,74986,899.5,failed,online,2025-05-25,NO
2005,16305,75054,1159.44,failed,online,2025-05-25,NO
4426,43878,76620,512.79,failed,online,2025-05-25,NO
4525,44513,79940,90.08,failed,online,2025-05-25,NO
59,17282,80200,604.02,failed,online,2025-05-25,NO
3356,1424,80363,1272.29,completed,online,2025-05-25,NO
1,1176,84372,1976.31,failed,online,2025-05-25,NO
1744,16137,87141,492.0,failed,online,2025-05-25,NO
1627,635,89488,316.86,failed,online,2025-05-25,NO
2845,27658,89761,1589.11,failed,online,2025-05-25,NO
3496,49708,90480,1970.84,completed,online,2025-05-25,NO
2939,13157,93946,712.57,failed,online,2025-05-25,NO
281,24723,94914,1176.24,completed,online,2025-05-25,NO
1,44906,97763,1254.62,failed,online,2025-05-25,NO
1,6366,99389,1334.93,completed,online,2025-05-25,NO
2616,37361,100723,1253.32,completed,online,2025-05-25,NO
4760,41094,102213,950.94,completed,online,2025-05-25,NO
1893,31881,102542,1216.36,failed,online,2025-05-25,NO
4897,19174,104944,268.58,failed,online,2025-05-25,NO
1,38250,105046,658.55,failed,online,2025-05-25,NO
369,39967,106726,891.32,completed,online,2025-05-25,NO
4486,34978,111243,155.66,failed,online,2025-05-25,NO
4270,18966,111901,816.78,failed,online,2025-05-25,NO
1596,41519,115045,1929.42,failed,online,2025-05-25,NO
1597,25629,123549,216.09,completed,online,2025-05-25,NO
186,34009,124278,1025.39,failed,online,2025-05-25,NO
845,5382,124285,778.48,failed,online,2025-05-25,NO
3403,37433,124391,1323.17,failed,online,2025-05-25,NO
401,20,124563,605.29,failed,online,2025-05-25,NO
4167,12575,125219,193.94,failed,online,2025-05-25,NO
327,33206,127566,788.23,failed,online,2025-05-25,NO
2759,6135,128837,1148.39,completed,online,2025-05-25,NO
1745,33881,129838,1781.14,failed,online,2025-05-25,NO
983,10081,132704,568.66,completed,online,2025-05-25,NO
1,3825,136764,581.64,failed,online,2025-05-25,NO
410,14705,137355,772.99,completed,online,2025-05-25,NO
530,935,138585,392.68,completed,online,2025-05-25,NO
1,14554,138941,1548.34,failed,online,2025-05-25,NO
1570,47962,140830,1997.44,completed,online,2025-05-25,NO
2701,6763,144172,1073.27,completed,online,2025-05-25,NO
1,23131,149801,620.73,completed,online,2025-05-25,NO
3665,9932,2117,1941.89,completed,online,2025-09-27,NO
3076,21889,4640,29.54,failed,online,2025-09-27,NO
1,5468,7164,237.01,failed,online,2025-09-27,NO
1,14938,7474,152.54,completed,online,2025-09-27,NO
3418,36662,8763,1934.44,completed,online,2025-09-27,NO
3484,9924,14435,1496.73,completed,online,2025-09-27,NO
2791,28908,16718,390.03,failed,online,2025-09-27,NO
1,46963,17127,1525.48,failed,online,2025-09-27,NO
2664,19299,18456,310.97,failed,online,2025-09-27,NO
1,33482,19454,923.25,failed,online,2025-09-27,NO
3324,26528,20999,1244.33,completed,online,2025-09-27,NO
1309,33856,21549,602.26,failed,online,2025-09-27,NO
1,23112,24530,799.41,completed,online,2025-09-27,NO
4233,24155,24922,1637.73,completed,online,2025-09-27,NO
4560,7839,25278,943.18,failed,online,2025-09-27,NO
4671,28014,26180,78.5,completed,online,2025-09-27,NO
3062,48482,26262,1475.03,completed,online,2025-09-27,NO
3776,31751,26294,1002.17,completed,online,2025-09-27,NO
1328,6017,26827,1864.91,completed,online,2025-09-27,NO
1426,49134,27427,102.75,completed,online,2025-09-27,NO
1,20453,28628,1838.72,failed,online,2025-09-27,NO
1736,48541,28935,1774.77,completed,online,2025-09-27,NO
4693,9879,30527,1737.94,completed,online,2025-09-27,NO
4607,803,30681,996.54,completed,online,2025-09-27,NO
2198,45109,31828,186.78,completed,online,2025-09-27,NO
1471,39287,32337,1019.2,failed,online,2025-09-27,NO
1422,8009,35727,173.96,failed,online,2025-09-27,NO
2992,11967,37050,288.9,failed,online,2025-09-27,NO
2045,36930,37645,366.59,completed,online,2025-09-27,NO
3436,9495,40148,1160.17,failed,online,2025-09-27,NO
3263,38156,40194,1223.75,failed,online,2025-09-27,NO
1754,36080,41467,188.52,failed,online,2025-09-27,NO
2746,32499,43078,1120.61,completed,UNKNOWN,2025-09-27,NO
2450,29196,43219,281.51,failed,online,2025-09-27,NO
1,41421,43377,1952.56,completed,online,2025-09-27,NO
2134,8403,45239,498.46,completed,online,2025-09-27,NO
1472,45780,45278,516.51,completed,online,2025-09-27,NO
4677,26753,48379,1237.8,completed,online,2025-09-27,NO
2320,31605,50605,1095.88,completed,online,2025-09-27,NO
3187,17817,52570,485.7,failed,online,2025-09-27,NO
4048,30916,53077,1534.52,failed,online,2025-09-27,NO
587,32307,56099,923.34,completed,online,2025-09-27,NO
1669,3995,56531,744.04,failed,online,2025-09-27,NO
3265,28458,57668,1580.09,completed,online,2025-09-27,NO
349,27270,58504,388.36,failed,online,2025-09-27,NO
2716,46930,59406,1568.63,completed,online,2025-09-27,NO
4041,25997,60291,1245.14,completed,online,2025-09-27,NO
3028,14697,61421,1142.72,failed,online,2025-09-27,NO
1,33194,62199,1983.39,completed,online,2025-09-27,NO
116,14153,64010,1462.88,completed,online,2025-09-27,NO
4208,13066,68444,600.16,failed,online,2025-09-27,NO
2407,15707,69339,162.96,failed,online,2025-09-27,NO
4416,15128,69678,1031.38,completed,online,2025-09-27,NO
765,20233,69930,281.47,completed,online,2025-09-27,NO
1062,27300,73333,1190.47,failed,online,2025-09-27,NO
1,14403,81867,1278.87,failed,online,2025-09-27,NO
1,34567,85804,30.11,completed,UNKNOWN,2025-09-27,NO
1033,31847,86316,1145.0,failed,online,2025-09-27,NO
2912,29528,87791,197.91,completed,online,2025-09-27,NO
1888,21128,96681,1516.51,failed,online,2025-09-27,NO
191,37527,99475,1861.37,completed,online,2025-09-27,NO
2218,45559,99910,964.81,failed,online,2025-09-27,NO
4644,5732,100299,1408.1,completed,online,2025-09-27,NO
1,7681,105984,1495.79,failed,online,2025-09-27,NO
579,6218,106633,991.18,failed,online,2025-09-27,NO
751,37722,110069,1483.27,failed,online,2025-09-27,NO
350,36545,110209,750.14,completed,online,2025-09-27,NO
1,18114,113156,7026.005391551467,completed,online,2025-09-27,NO
657,6734,121423,543.31,failed,online,2025-09-27,NO
4970,45849,122687,1089.08,completed,online,2025-09-27,NO
4469,49358,125459,1234.59,failed,online,2025-09-27,NO
607,31661,126588,687.59,failed,online,2025-09-27,NO
1,10595,127223,392.77,completed,online,2025-09-27,NO
3739,11963,127791,1730.94,failed,online,2025-09-27,NO
1,44634,130160,1902.18,failed,online,2025-09-27,NO
4498,11133,130530,1146.73,failed,online,2025-09-27,NO
2923,5725,130699,514.73,completed,online,2025-09-27,NO
31,11747,131927,405.51,completed,online,2025-09-27,NO
1,30542,132768,693.19,failed,online,2025-09-27,NO
144,49661,132834,914.17,completed,online,2025-09-27,NO
314,24742,137733,1019.26,completed,online,2025-09-27,NO
3576,18788,140867,1317.97,failed,online,2025-09-27,NO
4246,48336,142609,1929.23,completed,online,2025-09-27,NO
3478,5827,142926,114.18,completed,UNKNOWN,2025-09-27,NO
1,45170,146325,353.4,completed,online,2025-09-27,NO
3259,4196,422,474.38,failed,online,2025-01-02,NO
4907,31836,424,1524.07,failed,online,2025-01-02,NO
336,39584,1900,1955.42,completed,online,2025-01-02,NO
4546,49606,3381,940.06,failed,online,2025-01-02,NO
1,13082,5700,174.61,failed,online,2025-01-02,NO
1,8031,6371,790.41,failed,UNKNOWN,2025-01-02,NO
1,45064,7135,110.7,failed,online,2025-01-02,NO
1,47776,8224,1079.6,completed,online,2025-01-02,NO
4931,32713,14092,1500.77,failed,online,2025-01-02,NO
1799,13133,15205,450.46,completed,online,2025-01-02,NO
1,23125,16782,354.38,completed,UNKNOWN,2025-01-02,NO
4364,22052,18726,1260.59,completed,online,2025-01-02,NO
4291,5805,21711,92.88,failed,online,2025-01-02,NO
3650,27384,21809,52.98,completed,online,2025-01-02,NO
1,7994,22540,691.69,completed,online,2025-01-02,NO
539,13795,23444,201.16,failed,online,2025-01-02,NO
1,49072,23591,520.41,completed,online,2025-01-02,NO
547,33653,25777,606.67,failed,online,2025-01-02,NO
2535,16028,27455,1525.32,completed,UNKNOWN,2025-01-02,NO
2461,2876,29209,1707.87,failed,online,2025-01-02,NO
4338,32128,30950,464.12,failed,online,2025-01-02,NO
1,24453,32315,451.32,completed,online,2025-01-02,NO
494,47498,32858,667.55,completed,online,2025-01-02,NO
3948,23541,36044,1670.78,completed,online,2025-01-02,NO
1,16896,37733,1880.28,failed,online,2025-01-02,NO
3759,12373,39491,348.46,failed,online,2025-01-02,NO
1303,2636,44774,1228.54,completed,online,2025-01-02,NO
1290,35187,47207,1198.65,completed,UNKNOWN,2025-01-02,NO
504,30396,47590,1270.57,completed,online,2025-01-02,NO
2170,35727,55333,1916.43,completed,online,2025-01-02,NO
1803,36241,56703,475.74,failed,online,2025-01-02,NO
448,2057,58025,1747.68,completed,online,2025-01-02,NO
1431,1158,58917,443.78,completed,online,2025-01-02,NO
645,44746,61015,1101.47,completed,online,2025-01-02,NO
46,49767,62415,88.43,completed,online,2025-01-02,NO
783,9538,65389,632.05,failed,online,2025-01-02,NO
429,38858,68730,1569.48,failed,online,2025-01-02,NO
4107,19420,69418,636.21,failed,online,2025-01-02,NO
2564,33181,70526,782.84,completed,online,2025-01-02,NO
4540,34198,70785,779.2,completed,online,2025-01-02,NO
4869,46889,72006,1343.82,failed,online,2025-01-02,NO
2392,35999,74182,1020.19,failed,online,2025-01-02,NO
1,1055,77826,1980.49,failed,online,2025-01-02,NO
3228,9299,81404,1046.14,completed,online,2025-01-02,NO
1,31264,86012,1714.46,completed,online,2025-01-02,NO
1,19381,87471,226.76,completed,online,2025-01-02,NO
4914,5941,87978,1917.78,completed,online,2025-01-02,NO
1,36534,90117,1883.65,failed,online,2025-01-02,NO
2250,30060,91262,1531.35,completed,online,2025-01-02,NO
2219,5427,92262,183.12,completed,online,2025-01-02,NO
1,19405,93232,347.08,completed,online,2025-01-02,NO
1850,42582,97851,384.16,completed,online,2025-01-02,NO
3580,17044,98086,1850.82,completed,online,2025-01-02,NO
1487,2804,98329,1034.69,completed,online,2025-01-02,NO
1306,30601,99242,1441.49,failed,online,2025-01-02,NO
1198,39178,100198,1001.25,completed,online,2025-01-02,NO
3574,28936,101381,414.7,completed,online,2025-01-02,NO
3195,4651,105689,544.05,completed,online,2025-01-02,NO
877,32751,106898,1293.89,completed,online,2025-01-02,NO
1,38394,107429,870.3,completed,online,2025-01-02,NO
1010,30440,113482,1937.67,completed,online,2025-01-02,NO
1840,28955,115229,1894.68,completed,online,2025-01-02,NO
376,39587,118306,1297.81,failed,online,2025-01-02,NO
1,21223,120807,1786.98,completed,online,2025-01-02,NO
3514,4287,124848,437.13,completed,online,2025-01-02,NO
4544,2515,126128,746.46,completed,online,2025-01-02,NO
1929,15262,126480,308.04,failed,online,2025-01-02,NO
2544,40086,127712,543.15,failed,online,2025-01-02,NO
2353,33046,128082,102.6,failed,online,2025-01-02,NO
3251,42315,131092,456.96,failed,online,2025-01-02,NO
219,6363,131563,121.9,completed,online,2025-01-02,NO
163,21602,131921,1540.92,failed,online,2025-01-02,NO
4491,32522,133911,8407.813078609828,failed,online,2025-01-02,NO
1,48163,134351,172.14,failed,online,2025-01-02,NO
2734,33327,136861,1862.93,completed,online,2025-01-02,NO
1452,8969,137170,1732.38,failed,online,2025-01-02,NO
2158,29766,137974,888.63,failed,online,2025-01-02,NO
4083,49801,139803,1305.44,completed,online,2025-01-02,NO
213,18311,141820,459.23,completed,online,2025-01-02,NO
4826,10389,142171,1210.4,completed,online,2025-01-02,NO
931,24201,142458,1861.89,failed,online,2025-01-02,NO
1,32202,145680,1301.83,completed,online,2025-01-02,NO
622,26162,147775,50.02,completed,online,2025-01-02,NO
667,13220,147890,1119.18,failed,UNKNOWN,2025-01-02,NO
2928,12847,148569,1493.99,failed,online,2025-01-02,NO
1,6150,179,92.84,failed,online,2025-03-15,NO
3815,3916,1020,408.01,failed,online,2025-03-15,NO
883,39483,5186,1509.41,failed,online,2025-03-15,NO
4195,22657,6445,1837.62,completed,online,2025-03-15,NO
419,4081,8272,1317.31,failed,UNKNOWN,2025-03-15,NO
4369,43366,9238,812.96,failed,online,2025-03-15,NO
2814,31019,9336,1793.28,failed,online,2025-03-15,NO
1419,25445,10764,671.58,completed,UNKNOWN,2025-03-15,NO
4801,38236,10813,1009.05,failed,online,2025-03-15,NO
3562,12528,13340,71.32,failed,online,2025-03-15,NO
4385,35527,13952,295.81,completed,online,2025-03-15,NO
1660,48449,19489,394.48,failed,online,2025-03-15,NO
1884,641,19887,1188.88,failed,online,2025-03-15,NO
1,32442,20740,194.37,completed,online,2025-03-15,NO
3080,17424,24491,587.05,completed,online,2025-03-15,NO
3649,32239,24598,794.58,completed,online,2025-03-15,NO
220,45981,26461,830.49,failed,online,2025-03-15,NO
74,185,27217,188.87,failed,online,2025-03-15,NO
1303,5335,30693,1370.88,completed,online,2025-03-15,NO
1550,1839,33167,1357.27,failed,online,2025-03-15,NO
1076,46424,33925,1347.33,failed,online,2025-03-15,NO
1,41058,34278,1981.39,completed,online,2025-03-15,NO
1205,38286,37239,217.64,completed,online,2025-03-15,NO
2895,6595,38015,508.49,completed,online,2025-03-15,NO
885,16763,42935,323.9,completed,online,2025-03-15,NO
2410,34450,44957,1671.23,completed,online,2025-03-15,NO
254,19205,49285,281.24,failed,online,2025-03-15,NO
3653,31460,49590,372.25,completed,online,2025-03-15,NO
4141,3242,50678,763.83,completed,online,2025-03-15,NO
1,45461,51951,295.56,failed,online,2025-03-15,NO
2890,5760,55447,496.8,completed,online,2025-03-15,NO
3836,1581,58556,1272.44,failed,online,2025-03-15,NO
4839,48082,58996,271.92,failed,online,2025-03-15,NO
1642,839,60669,1899.24,completed,online,2025-03-15,NO
2237,7807,61811,638.91,completed,online,2025-03-15,NO
3602,28849,65376,304.99,failed,online,2025-03-15,NO
3745,26882,66296,621.27,completed,online,2025-03-15,NO
2054,37468,67297,1956.71,completed,online,2025-03-15,NO
1422,27961,68162,1362.64,failed,online,2025-03-15,NO
4040,937,68860,759.32,completed,UNKNOWN,2025-03-15,NO
3722,37911,69348,690.01,failed,online,2025-03-15,NO
1,3894,71391,163.35,failed,online,2025-03-15,NO
4619,270,74328,1361.61,completed,online,2025-03-15,NO
2833,20219,76919,1467.79,completed,online,2025-03-15,NO
942,27864,79627,976.41,failed,online,2025-03-15,NO
1872,28445,79674,1971.58,failed,online,2025-03-15,NO
1161,24110,80552,398.19,completed,online,2025-03-15,NO
3627,31461,82588,701.4,failed,online,2025-03-15,NO
4718,1755,86162,1251.67,completed,online,2025-03-15,NO
1589,26347,87612,821.36,failed,online,2025-03-15,NO
720,36565,88292,1034.22,failed,UNKNOWN,2025-03-15,NO
2412,22705,92648,603.99,failed,online,2025-03-15,NO
1394,47196,92892,1014.88,failed,online,2025-03-15,NO
4445,8034,93606,857.64,failed,online,2025-03-15,NO
4684,8514,93656,913.03,completed,online,2025-03-15,NO
49,37903,95819,1458.67,failed,online,2025-03-15,NO
1,33072,96375,1951.12,completed,online,2025-03-15,NO
245,6369,96520,709.63,completed,online,2025-03-15,NO
4108,32508,97886,1123.87,failed,online,2025-03-15,NO
2479,37885,98211,877.54,completed,online,2025-03-15,NO
1,20321,99009,485.91,failed,online,2025-03-15,NO
1,13463,108453,755.43,completed,online,2025-03-15,NO
1,21244,109284,873.08,failed,online,2025-03-15,NO
4172,3359,110585,1927.74,completed,online,2025-03-15,NO
1,29414,111552,1659.19,completed,online,2025-03-15,NO
2676,47812,114178,1056.62,completed,online,2025-03-15,NO
1,35507,116877,1428.56,failed,online,2025-03-15,NO
448,19133,116945,1555.07,failed,online,2025-03-15,NO
1855,20643,119090,515.28,failed,online,2025-03-15,NO
1415,1192,121502,516.13,completed,online,2025-03-15,NO
1,20886,124040,35.25,completed,online,2025-03-15,NO
4794,38671,125653,1263.56,failed,online,2025-03-15,NO
1236,44565,128233,1169.48,completed,online,2025-03-15,NO
1,24426,132443,1109.71,completed,online,2025-03-15,NO
4731,27767,132745,896.6,failed,online,2025-03-15,NO
280,23256,135054,264.23,completed,online,2025-03-15,NO
1269,15093,137111,423.09,failed,online,2025-03-15,NO
3895,45527,138197,1245.63,failed,online,2025-03-15,NO
3513,22270,138836,1998.65,completed,online,2025-03-15,NO
1,11168,139579,342.03,completed,online,2025-03-15,NO
1523,1360,139759,862.11,completed,online,2025-03-15,NO
1,29946,140223,949.66,failed,online,2025-03-15,NO
5,11907,142033,483.23,failed,online,2025-03-15,NO
4892,43541,143204,982.98,failed,online,2025-03-15,NO
2206,6465,144909,700.98,completed,online,2025-03-15,NO
1072,36732,149628,1889.84,failed,online,2025-03-15,NO
3213,6071,4624,1073.93,failed,online,2025-05-15,NO
2213,38930,4756,1728.34,failed,online,2025-05-15,NO
1178,15977,4989,5211.2228032124285,completed,online,2025-05-15,NO
866,33354,5157,1634.08,failed,online,2025-05-15,NO
787,46459,6896,1008.43,failed,online,2025-05-15,NO
715,24049,9405,969.07,failed,online,2025-05-15,NO
1,1337,9629,377.09,completed,online,2025-05-15,NO
1,17105,10018,1589.75,failed,online,2025-05-15,NO
2307,42145,10269,631.22,completed,online,2025-05-15,NO
4816,2563,12127,360.28,failed,online,2025-05-15,NO
2921,31971,14988,1250.13,completed,online,2025-05-15,NO
265,2702,15073,377.4,failed,online,2025-05-15,NO
2390,1685,15234,74.77,failed,online,2025-05-15,NO
100,49460,16314,128.42,completed,UNKNOWN,2025-05-15,NO
1,32404,16657,284.68,failed,online,2025-05-15,NO
1,18224,20379,1041.2,failed,online,2025-05-15,NO
2521,4783,21691,1906.82,completed,online,2025-05-15,NO
4444,16360,26853,509.43,completed,online,2025-05-15,NO
599,18763,27888,1076.5,failed,online,2025-05-15,NO
4230,30594,28472,405.33,completed,online,2025-05-15,NO
4099,13058,29089,1303.5,failed,online,2025-05-15,NO
1,20034,31907,526.7,completed,online,2025-05-15,NO
1,11892,37845,1129.9,completed,online,2025-05-15,NO
1238,960,38071,769.32,failed,online,2025-05-15,NO
668,17214,38910,1315.63,failed,online,2025-05-15,NO
1108,49347,39460,1179.44,failed,online,2025-05-15,NO
4042,36120,40564,1948.49,completed,online,2025-05-15,NO
1,2754,40912,1599.77,failed,UNKNOWN,2025-05-15,NO
2084,38996,41102,1552.07,completed,online,2025-05-15,NO
1,49551,43398,1348.45,completed,online,2025-05-15,NO
4159,32370,46119,7541.823230761692,completed,online,2025-05-15,NO
3264,13739,51414,318.95,failed,online,2025-05-15,NO
1,42098,56674,187.58,failed,online,2025-05-15,NO
855,1120,58949,580.31,completed,online,2025-05-15,NO
3335,46177,61957,1393.79,completed,online,2025-05-15,NO
4259,30023,64230,1465.33,completed,UNKNOWN,2025-05-15,NO
2864,35625,65895,343.41,completed,online,2025-05-15,NO
251,1128,67439,530.85,failed,online,2025-05-15,NO
1639,39010,68862,641.15,completed,UNKNOWN,2025-05-15,NO
4103,37396,72861,930.52,completed,online,2025-05-15,NO
4463,42144,75665,598.97,completed,online,2025-05-15,NO
816,19172,75823,65.19,failed,online,2025-05-15,NO
3310,13188,77878,1272.95,failed,UNKNOWN,2025-05-15,NO
2274,24540,79229,952.39,completed,online,2025-05-15,NO
1,47112,80355,1275.33,completed,online,2025-05-15,NO
4095,11824,84050,1899.45,completed,online,2025-05-15,NO
4313,28546,84300,1887.88,failed,online,2025-05-15,NO
2955,23802,87796,874.15,completed,online,2025-05-15,NO
2875,26615,89142,7905.123039280625,completed,online,2025-05-15,NO
1319,18633,90046,587.94,failed,online,2025-05-15,NO
3509,26874,91647,967.56,failed,online,2025-05-15,NO
1,5918,92057,398.34,completed,online,2025-05-15,NO
273,18872,93615,1035.33,failed,online,2025-05-15,NO
1,41883,94501,884.34,failed,online,2025-05-15,NO
2609,10932,95080,1606.63,failed,online,2025-05-15,NO
1628,49103,96843,1316.62,failed,online,2025-05-15,NO
3153,44690,101283,1463.64,failed,online,2025-05-15,NO
3703,1762,102148,1961.34,failed,online,2025-05-15,NO
3155,23879,105665,1088.79,completed,online,2025-05-15,NO
4484,47690,114271,514.29,completed,online,2025-05-15,NO
1332,28500,114617,300.32,completed,online,2025-05-15,NO
3316,18408,116687,880.57,failed,online,2025-05-15,NO
2714,35065,118025,1840.95,completed,online,2025-05-15,NO
1,35841,119865,150.69,failed,online,2025-05-15,NO
1,33822,121351,936.42,failed,online,2025-05-15,NO
2974,25652,124772,1874.41,failed,online,2025-05-15,NO
1,4891,125836,571.1,completed,online,2025-05-15,NO
3116,49737,129740,1321.05,failed,online,2025-05-15,NO
1,32629,131598,1288.84,failed,online,2025-05-15,NO
4668,42739,131607,1714.95,completed,online,2025-05-15,NO
4515,26043,137087,1805.88,failed,online,2025-05-15,NO
1,44568,138176,70.64,completed,online,2025-05-15,NO
1,48457,138274,125.6,failed,online,2025-05-15,NO
2520,45888,138328,1605.04,completed,online,2025-05-15,NO
4165,43730,138520,566.6,failed,online,2025-05-15,NO
2047,4141,139436,995.51,failed,online,2025-05-15,NO
284,20919,139848,1389.06,failed,UNKNOWN,2025-05-15,NO
1980,8265,141115,790.12,failed,online,2025-05-15,NO
3571,11298,141616,59.35,failed,UNKNOWN,2025-05-15,NO
4451,47637,144736,745.03,completed,online,2025-05-15,NO
1,9707,145936,1672.39,completed,online,2025-05-15,NO
3774,18792,146256,1354.57,completed,online,2025-05-15,NO
4148,40368,146737,1677.47,failed,online,2025-05-15,NO
3506,43870,147060,1395.39,failed,online,2025-05-15,NO
1,41972,149178,233.57,completed,online,2025-05-15,NO
1,8534,431,1768.66,completed,online,2025-05-14,NO
1200,24234,2779,1343.85,completed,online,2025-05-14,NO
1477,32976,3813,390.2,completed,online,2025-05-14,NO
1,20317,3956,427.35,completed,online,2025-05-14,NO
2124,3203,5096,276.03,failed,online,2025-05-14,NO
3825,48235,6401,1242.63,completed,online,2025-05-14,NO
293,4581,7006,1926.29,failed,online,2025-05-14,NO
2951,22522,7541,1721.55,failed,online,2025-05-14,NO
2693,21734,10485,1886.73,failed,online,2025-05-14,NO
4973,21956,11585,996.15,failed,online,2025-05-14,NO
1,15723,14724,797.14,failed,online,2025-05-14,NO
2661,32906,15495,809.94,completed,online,2025-05-14,NO
2359,25451,16893,101.19,completed,online,2025-05-14,NO
2062,31223,18511,1500.95,failed,online,2025-05-14,NO
4588,24684,19645,1839.34,completed,online,2025-05-14,NO
3587,510,20981,773.09,failed,online,2025-05-14,NO
1,28465,21823,54.87,completed,online,2025-05-14,NO
1831,17778,23291,57.78,completed,online,2025-05-14,NO
1,47190,23414,521.46,failed,online,2025-05-14,NO
898,5118,25406,121.93,completed,online,2025-05-14,NO
2862,45980,27189,1414.86,completed,online,2025-05-14,NO
1107,32525,31145,186.37,completed,online,2025-05-14,NO
3784,39635,33934,338.23,failed,online,2025-05-14,NO
1,21514,39735,1148.47,failed,online,2025-05-14,NO
1633,30263,39986,1123.9,failed,online,2025-05-14,NO
1,18316,41951,1733.29,completed,online,2025-05-14,NO
4308,16113,42548,1323.22,completed,online,2025-05-14,NO
1,25501,43736,1780.46,completed,online,2025-05-14,NO
1,25819,44098,1911.32,failed,online,2025-05-14,NO
2584,31438,47398,1751.52,completed,online,2025-05-14,NO
2923,42005,53858,1930.69,completed,online,2025-05-14,NO
1,11577,54723,1837.26,completed,online,2025-05-14,NO
3804,5061,58457,19.62,completed,online,2025-05-14,NO
4942,21759,59691,1716.92,failed,online,2025-05-14,NO
2462,34012,60222,1591.44,completed,online,2025-05-14,NO
3818,45817,61780,1336.48,completed,online,2025-05-14,NO
3591,9904,66635,866.35,failed,online,2025-05-14,NO
221,1998,67397,8142.030094439597,completed,online,2025-05-14,NO
358,36837,68052,846.55,completed,online,2025-05-14,NO
3506,32618,68321,1550.54,failed,online,2025-05-14,NO
2155,40731,74868,208.0,completed,online,2025-05-14,NO
2065,8492,77489,846.79,failed,online,2025-05-14,NO
4072,44244,80110,1860.79,completed,online,2025-05-14,NO
1,10694,89262,219.3,completed,online,2025-05-14,NO
414,41401,90119,1696.01,failed,online,2025-05-14,NO
1,18,92496,1982.2,failed,online,2025-05-14,NO
435,27737,93724,1928.09,failed,online,2025-05-14,NO
1,30643,95370,1358.1,completed,UNKNOWN,2025-05-14,NO
1,2232,97365,483.2,completed,online,2025-05-14,NO
1238,48004,99114,1267.49,failed,online,2025-05-14,NO
1,43684,101459,1376.39,failed,online,2025-05-14,NO
2415,33420,101532,1589.8,failed,online,2025-05-14,NO
196,36324,104200,1061.36,failed,online,2025-05-14,NO
1,16397,105401,388.12,completed,online,2025-05-14,NO
3869,2164,105409,975.17,completed,online,2025-05-14,NO
1,18657,107434,150.34,completed,online,2025-05-14,NO
2546,14352,110020,617.36,completed,online,2025-05-14,NO
2543,38493,110315,1646.85,completed,online,2025-05-14,NO
1238,38421,112167,1325.77,failed,online,2025-05-14,NO
1016,26282,113611,1965.33,completed,online,2025-05-14,NO
4600,42971,113984,1057.15,completed,online,2025-05-14,NO
1,10060,118610,1605.02,completed,online,2025-05-14,NO
2491,32389,118785,1684.46,completed,online,2025-05-14,NO
2930,31305,119590,1808.78,failed,online,2025-05-14,NO
772,42619,119925,1106.03,completed,online,2025-05-14,NO
1,34702,120177,700.01,failed,online,2025-05-14,NO
4200,47832,121532,1924.4,failed,online,2025-05-14,NO
2553,3808,124312,1307.8,failed,online,2025-05-14,NO
1,26230,126442,662.7,completed,online,2025-05-14,NO
1523,42697,126671,680.53,failed,online,2025-05-14,NO
3371,35456,127474,724.99,failed,online,2025-05-14,NO
3503,44392,129309,1555.96,failed,online,2025-05-14,NO
4880,30366,129505,267.88,completed,online,2025-05-14,NO
17,28370,129705,1193.8,failed,online,2025-05-14,NO
1582,2197,132166,1364.86,failed,online,2025-05-14,NO
3472,44753,133799,67.84,completed,online,2025-05-14,NO
4685,13935,134593,873.23,failed,online,2025-05-14,NO
354,24729,134594,1915.3,completed,online,2025-05-14,NO
2185,20308,134658,437.58,completed,online,2025-05-14,NO
1926,5184,134838,1040.76,completed,online,2025-05-14,NO
1,17258,138450,395.05,completed,online,2025-05-14,NO
3911,13002,142231,871.68,completed,online,2025-05-14,NO
1,45788,144135,1669.03,failed,online,2025-05-14,NO
1087,39756,145791,1278.0,completed,online,2025-05-14,NO
2922,6247,149924,291.23,completed,online,2025-05-14,NO
1,24332,211,790.1,failed,online,2025-12-10,NO
1465,12608,1300,397.58,failed,online,2025-12-10,NO
1,2141,1372,930.24,failed,online,2025-12-10,NO
4570,555,1927,845.6,failed,online,2025-12-10,NO
1,18752,6607,203.71,failed,online,2025-12-10,NO
1,26049,8222,6269.754551357242,completed,online,2025-12-10,NO
2328,6786,9523,1698.68,completed,online,2025-12-10,NO
4611,5138,11240,595.89,completed,online,2025-12-10,NO
976,45863,11476,746.06,completed,online,2025-12-10,NO
1860,10517,12344,223.39,completed,online,2025-12-10,NO
743,47398,13921,1325.09,completed,online,2025-12-10,NO
1,18270,15262,1905.65,completed,online,2025-12-10,NO
1711,30925,16419,848.56,failed,online,2025-12-10,NO
3690,34109,17740,1948.11,failed,online,2025-12-10,NO
2150,39040,19642,300.7,completed,online,2025-12-10,NO
1,8354,22588,1729.74,failed,online,2025-12-10,NO
1,2375,24979,967.77,failed,online,2025-12-10,NO
3154,1285,26273,577.51,completed,online,2025-12-10,NO
3816,30822,26525,77.6,failed,online,2025-12-10,NO
1,5437,29189,1530.6,failed,online,2025-12-10,NO
4524,40442,29365,748.35,completed,online,2025-12-10,NO
2394,42677,29763,1890.78,completed,online,2025-12-10,NO
4491,26755,30202,1993.23,completed,online,2025-12-10,NO
2973,19519,33819,999.76,failed,online,2025-12-10,NO
3151,1499,34167,125.19,completed,online,2025-12-10,NO
1,33992,34819,1712.13,completed,online,2025-12-10,NO
1531,22477,36176,1802.92,failed,online,2025-12-10,NO
3119,18170,36295,1212.49,failed,online,2025-12-10,NO
2768,41691,38817,76.72,failed,online,2025-12-10,NO
1,32644,42310,1996.66,failed,online,2025-12-10,NO
3800,29523,42993,1597.58,completed,online,2025-12-10,NO
2402,43863,43943,857.33,completed,online,2025-12-10,NO
911,1573,47372,1150.52,failed,UNKNOWN,2025-12-10,NO
2954,27948,49154,1424.33,failed,online,2025-12-10,NO
3530,22481,50831,645.89,completed,online,2025-12-10,NO
3734,11444,51436,396.23,failed,online,2025-12-10,NO
1068,2150,51600,1750.31,failed,online,2025-12-10,NO
4454,638,51854,1515.06,failed,online,2025-12-10,NO
4759,46527,53092,1080.27,failed,online,2025-12-10,NO
1,21955,55805,43.54,failed,online,2025-12-10,NO
1072,37681,59426,1482.97,failed,online,2025-12-10,NO
1,18126,62015,210.83,completed,online,2025-12-10,NO
3035,9736,62884,116.16,completed,UNKNOWN,2025-12-10,NO
3732,16537,67700,681.88,completed,online,2025-12-10,NO
4453,12717,68367,1251.21,failed,online,2025-12-10,NO
3211,42256,71967,1848.2,completed,online,2025-12-10,NO
2256,44565,72279,1733.35,failed,online,2025-12-10,NO
3562,9930,72829,211.56,failed,online,2025-12-10,NO
1279,24030,72871,29.37,failed,online,2025-12-10,NO
2768,27226,73410,1408.17,failed,online,2025-12-10,NO
4600,6524,75434,561.14,completed,online,2025-12-10,NO
1,25006,77362,693.49,completed,online,2025-12-10,NO
369,35255,78748,117.51,failed,online,2025-12-10,NO
1,39962,79220,818.15,completed,online,2025-12-10,NO
568,47311,83168,1455.76,completed,online,2025-12-10,NO
4082,8367,84673,1409.6,failed,online,2025-12-10,NO
2228,39045,92375,1441.48,completed,online,2025-12-10,NO
3535,41759,92866,675.1,completed,online,2025-12-10,NO
1,19304,92935,1275.19,failed,online,2025-12-10,NO
772,6388,94712,807.37,failed,online,2025-12-10,NO
4128,19802,96142,1422.76,failed,online,2025-12-10,NO
4655,32864,96367,1032.01,failed,online,2025-12-10,NO
1826,29028,96879,979.86,completed,online,2025-12-10,NO
1,43455,101989,388.6,failed,online,2025-12-10,NO
2483,18216,108774,1405.97,completed,online,2025-12-10,NO
1,7399,110110,1396.07,failed,online,2025-12-10,NO
2018,33379,113876,1895.62,completed,online,2025-12-10,NO
3074,44528,114347,824.14,failed,online,2025-12-10,NO
1,9342,116933,1610.27,completed,online,2025-12-10,NO
1,40606,117104,411.53,failed,online,2025-12-10,NO
3880,34405,118047,39.85,failed,online,2025-12-10,NO
1,29535,120303,1929.61,completed,online,2025-12-10,NO
1315,25889,122322,1187.04,completed,online,2025-12-10,NO
62,41480,124581,1208.56,completed,online,2025-12-10,NO
4800,25554,125506,434.57,completed,online,2025-12-10,NO
763,13389,126035,520.12,failed,online,2025-12-10,NO
1551,13787,127213,1758.96,completed,online,2025-12-10,NO
1440,40478,129215,910.31,completed,online,2025-12-10,NO
1988,2537,130188,828.33,failed,online,2025-12-10,NO
1,1011,133270,907.07,completed,online,2025-12-10,NO
1858,7262,135048,451.19,completed,online,2025-12-10,NO
4275,13774,140817,1363.02,failed,online,2025-12-10,NO
4958,38900,141523,676.8,failed,online,2025-12-10,NO
4090,22388,143657,1011.49,completed,online,2025-12-10,NO
436,42135,145233,1940.7,completed,online,2025-12-10,NO
1957,16567,148894,1837.13,failed,online,2025-12-10,NO
