product_id,customer_id,transaction_id,amount,status,channel,transaction_date,fraud_flag
4442,33032,261,1043.18,failed,online,2025-01-26,NO
1,49317,1446,662.31,failed,online,2025-01-26,NO
951,43644,5046,1222.6,failed,online,2025-01-26,NO
195,48281,6922,1095.65,failed,online,2025-01-26,NO
1728,36303,7719,1602.2,completed,online,2025-01-26,NO
1,4801,9881,1365.46,failed,online,2025-01-26,NO
1952,5630,12856,6473.292538667467,failed,online,2025-01-26,NO
571,32309,14994,1645.03,failed,online,2025-01-26,NO
1528,45532,26620,1833.23,failed,online,2025-01-26,NO
1,9580,29955,1795.41,completed,online,2025-01-26,NO
1,39526,34794,218.95,completed,online,2025-01-26,NO
4241,14087,36700,20.42,completed,online,2025-01-26,NO
3832,17749,36981,51.93,completed,online,2025-01-26,NO
1,48449,38411,1503.81,failed,online,2025-01-26,NO
3070,177,38690,543.29,failed,online,2025-01-26,NO
350,49131,40840,177.95,completed,online,2025-01-26,NO
4775,9963,45340,80.5,failed,online,2025-01-26,NO
2167,5572,47810,885.91,completed,online,2025-01-26,NO
1964,736,47968,295.11,failed,online,2025-01-26,NO
113,22054,48920,1867.74,completed,online,2025-01-26,NO
446,41423,49266,887.09,failed,online,2025-01-26,NO
1617,1410,51354,1286.73,completed,online,2025-01-26,NO
4796,29298,51709,1000.25,failed,online,2025-01-26,NO
4745,39051,58135,1084.3,completed,online,2025-01-26,NO
2449,37499,59320,554.4,failed,online,2025-01-26,NO
492,45354,59523,1880.37,failed,online,2025-01-26,NO
43,33086,60902,1832.56,failed,online,2025-01-26,NO
2545,17959,62845,66.18,completed,online,2025-01-26,NO
1,2818,63257,1176.37,completed,online,2025-01-26,NO
3469,36146,65275,846.57,completed,online,2025-01-26,NO
2947,30239,71102,1047.39,completed,online,2025-01-26,NO
1983,19590,72919,117.13,completed,online,2025-01-26,NO
2668,13070,75461,1325.62,completed,online,2025-01-26,NO
204,45031,75806,959.43,failed,online,2025-01-26,NO
3192,32727,75840,1772.15,completed,online,2025-01-26,NO
1,2537,81644,698.05,completed,online,2025-01-26,NO
3206,35429,84871,716.52,completed,online,2025-01-26,NO
4779,47147,85336,477.79,failed,online,2025-01-26,NO
1,18150,86021,550.99,completed,online,2025-01-26,NO
1,14985,86752,213.31,failed,online,2025-01-26,NO
4800,2063,89839,935.58,completed,online,2025-01-26,NO
3641,39432,91579,319.03,completed,online,2025-01-26,NO
4687,23204,91714,1673.75,completed,online,2025-01-26,NO
971,7806,92430,1653.37,completed,online,2025-01-26,NO
2778,17526,92946,1089.58,failed,online,2025-01-26,NO
1,29083,94149,1926.67,failed,online,2025-01-26,NO
2549,21213,94617,724.67,completed,online,2025-01-26,NO
3703,25513,95794,565.25,completed,online,2025-01-26,NO
1,11751,100875,1667.41,failed,online,2025-01-26,NO
377,36989,101880,609.08,failed,online,2025-01-26,NO
1,7484,105113,504.39,completed,online,2025-01-26,NO
2743,47526,108087,1263.75,completed,online,2025-01-26,NO
1993,19047,110218,1456.77,failed,online,2025-01-26,NO
486,27286,111263,1054.41,failed,online,2025-01-26,NO
2158,35133,112627,1230.37,failed,online,2025-01-26,NO
36,26887,113338,983.21,completed,online,2025-01-26,NO
3951,14864,118295,709.58,failed,online,2025-01-26,NO
763,42542,119059,425.32,completed,online,2025-01-26,NO
2757,14114,121623,913.26,failed,online,2025-01-26,NO
1581,40895,122651,870.93,completed,online,2025-01-26,NO
432,23878,126157,124.09,failed,online,2025-01-26,NO
3052,39293,127413,556.62,failed,UNKNOWN,2025-01-26,NO
4781,43981,127756,985.56,failed,online,2025-01-26,NO
708,11070,127853,1853.11,completed,online,2025-01-26,NO
2983,25387,128069,1575.62,completed,online,2025-01-26,NO
1684,42955,129131,641.29,completed,online,2025-01-26,NO
3719,48314,131599,1031.38,completed,online,2025-01-26,NO
2370,25069,131710,765.48,failed,online,2025-01-26,NO
2889,9037,139932,1511.6,failed,online,2025-01-26,NO
1,21230,139997,380.75,completed,online,2025-01-26,NO
3613,41732,141324,1843.8,completed,online,2025-01-26,NO
3222,33462,145254,603.85,completed,online,2025-01-26,NO
1,34889,146671,227.06,failed,online,2025-01-26,NO
3200,7183,147113,1468.51,failed,online,2025-01-26,NO
4282,10507,147833,1582.29,failed,online,2025-01-26,NO
327,19671,148984,99.57,completed,online,2025-01-26,NO
1,33385,149645,445.88,failed,online,2025-01-26,NO
1101,33081,149890,43.48,completed,online,2025-01-26,NO
3757,45705,1690,1453.76,completed,online,2025-07-05,NO
4697,12784,1837,1749.97,completed,online,2025-07-05,NO
1386,32042,3036,1048.16,failed,online,2025-07-05,NO
3769,22027,3229,5870.221170885928,completed,online,2025-07-05,NO
1693,36663,3465,1407.96,completed,online,2025-07-05,NO
394,13912,8284,1023.67,failed,online,2025-07-05,NO
1,8280,9670,940.84,failed,online,2025-07-05,NO
1,9833,10706,276.47,completed,online,2025-07-05,NO
1952,23839,12942,1444.62,failed,online,2025-07-05,NO
1742,33003,14478,364.53,failed,online,2025-07-05,NO
1,48386,14915,1954.39,completed,online,2025-07-05,NO
940,15951,15184,1996.09,failed,online,2025-07-05,NO
3985,20588,18843,219.23,failed,online,2025-07-05,NO
1,35911,19760,1414.34,failed,online,2025-07-05,NO
4796,29749,24001,1764.35,completed,online,2025-07-05,NO
2504,46652,25748,1737.86,completed,online,2025-07-05,NO
2675,31459,27210,857.18,completed,online,2025-07-05,NO
1692,14906,29922,137.28,failed,online,2025-07-05,NO
3858,19853,33619,283.58,failed,online,2025-07-05,NO
791,21769,33823,1892.66,completed,online,2025-07-05,NO
993,41972,35799,1181.87,completed,online,2025-07-05,NO
4406,29584,35929,798.41,completed,online,2025-07-05,NO
1,42045,39453,404.14,failed,online,2025-07-05,NO
2854,32336,40231,368.03,completed,online,2025-07-05,NO
1,6638,40406,835.78,completed,online,2025-07-05,NO
2882,46099,40535,124.91,failed,online,2025-07-05,NO
1,40354,41392,517.13,failed,online,2025-07-05,NO
1,24476,44196,65.63,failed,online,2025-07-05,NO
3438,43931,44616,405.21,completed,online,2025-07-05,NO
1,43341,45554,55.37,failed,online,2025-07-05,NO
2636,1584,46679,129.13,completed,online,2025-07-05,NO
4907,30223,48073,960.03,failed,online,2025-07-05,NO
1322,29031,53507,1399.26,failed,online,2025-07-05,NO
230,9406,55666,1946.72,completed,UNKNOWN,2025-07-05,NO
4967,21989,58222,948.39,failed,online,2025-07-05,NO
2551,21982,59516,1820.32,failed,online,2025-07-05,NO
1765,17021,62395,1009.89,completed,online,2025-07-05,NO
1,18430,63249,1344.31,failed,online,2025-07-05,NO
2721,4507,67584,1430.07,completed,online,2025-07-05,NO
3121,23338,77624,1276.24,completed,online,2025-07-05,NO
106,21485,77986,670.41,completed,online,2025-07-05,NO
1,46087,80073,962.53,failed,online,2025-07-05,NO
4977,44540,85234,678.27,completed,online,2025-07-05,NO
959,40731,87405,1205.64,completed,online,2025-07-05,NO
1,21194,88616,964.43,completed,online,2025-07-05,NO
3872,11248,89002,1717.46,failed,online,2025-07-05,NO
47,32484,92158,1263.66,failed,online,2025-07-05,NO
1,47264,92579,36.08,failed,online,2025-07-05,NO
3056,32611,92918,383.87,failed,online,2025-07-05,NO
2527,21192,100695,1863.6,completed,online,2025-07-05,NO
1125,30223,103410,77.37,completed,online,2025-07-05,NO
549,20932,104476,1285.72,completed,online,2025-07-05,NO
2990,28167,106558,1256.17,completed,online,2025-07-05,NO
2709,4063,107562,1201.11,failed,online,2025-07-05,NO
3947,6008,109610,164.04,failed,online,2025-07-05,NO
2026,5409,111752,408.59,failed,online,2025-07-05,NO
4628,46736,112877,1949.25,completed,online,2025-07-05,NO
4573,190,113443,958.62,failed,online,2025-07-05,NO
3291,30128,113512,842.29,failed,online,2025-07-05,NO
4044,39772,114408,483.47,failed,online,2025-07-05,NO
2819,10831,115621,297.01,completed,online,2025-07-05,NO
700,31299,115765,725.15,completed,online,2025-07-05,NO
3101,320,115855,1643.67,failed,online,2025-07-05,NO
1306,32318,115926,1473.57,completed,online,2025-07-05,NO
977,47608,120509,1612.25,completed,online,2025-07-05,NO
2475,19203,121033,155.87,failed,online,2025-07-05,NO
3861,9110,123495,628.93,failed,online,2025-07-05,NO
3882,11177,127943,1725.8,failed,online,2025-07-05,NO
378,27797,127990,980.11,failed,online,2025-07-05,NO
1682,29260,128261,786.11,failed,online,2025-07-05,NO
3157,48203,128938,507.21,completed,online,2025-07-05,NO
1,48863,130901,1750.41,failed,online,2025-07-05,NO
1623,4123,132195,1085.36,failed,online,2025-07-05,NO
3624,48965,135812,526.54,failed,online,2025-07-05,NO
1869,4843,138375,1762.05,completed,online,2025-07-05,NO
4539,32423,145921,613.07,completed,online,2025-07-05,NO
1,47095,148915,720.52,completed,online,2025-07-05,NO
1,1094,149091,580.44,failed,online,2025-07-05,NO
1,43607,4467,271.27,failed,online,2025-10-25,NO
1,34748,7822,396.26,completed,online,2025-10-25,NO
2648,14133,9713,303.94,failed,online,2025-10-25,NO
1643,4987,18021,782.17,failed,online,2025-10-25,NO
1,8887,18661,1807.72,completed,online,2025-10-25,NO
451,13319,18686,1731.3,completed,online,2025-10-25,NO
1,49717,22149,1305.34,failed,online,2025-10-25,NO
201,48330,23368,863.24,failed,online,2025-10-25,NO
2210,45073,23446,1500.04,failed,online,2025-10-25,NO
4674,47158,23921,1850.19,failed,online,2025-10-25,NO
1036,3354,27317,1821.66,failed,online,2025-10-25,NO
1,44650,31820,502.36,failed,online,2025-10-25,NO
3941,2629,32784,273.32,completed,online,2025-10-25,NO
649,15632,33970,998.35,failed,online,2025-10-25,NO
1,24279,34437,1299.49,failed,online,2025-10-25,NO
1631,2102,34942,1401.15,completed,online,2025-10-25,NO
495,48793,41252,1828.04,failed,online,2025-10-25,NO
4789,23286,41958,1569.88,completed,online,2025-10-25,NO
2783,44294,42989,648.05,completed,online,2025-10-25,NO
3378,41974,48185,88.13,completed,online,2025-10-25,NO
3523,40861,48232,1461.93,failed,online,2025-10-25,NO
1947,8668,51851,81.67,failed,online,2025-10-25,NO
1,16252,53500,238.15,completed,online,2025-10-25,NO
1870,37177,55064,1659.86,completed,online,2025-10-25,NO
1,10861,55846,1050.77,failed,online,2025-10-25,NO
1503,27948,59744,1272.71,completed,online,2025-10-25,NO
455,19983,60925,971.7,failed,online,2025-10-25,NO
1697,18922,66715,1550.87,completed,online,2025-10-25,NO
1843,10371,66775,1482.37,completed,UNKNOWN,2025-10-25,NO
2965,15036,68381,1531.91,failed,online,2025-10-25,NO
4617,48917,69043,8971.704278582152,completed,online,2025-10-25,NO
4390,14974,71041,823.26,failed,online,2025-10-25,NO
4706,2163,72354,793.42,completed,online,2025-10-25,NO
1,6295,73108,1508.41,failed,online,2025-10-25,NO
1,512,73574,1828.21,completed,online,2025-10-25,NO
4389,42659,73934,352.43,completed,online,2025-10-25,NO
1293,18681,74141,180.4,completed,online,2025-10-25,NO
4832,14470,74744,1815.08,failed,online,2025-10-25,NO
2007,17550,77526,274.68,failed,online,2025-10-25,NO
4517,9586,80969,1676.54,failed,online,2025-10-25,NO
1779,49258,81815,1380.19,completed,online,2025-10-25,NO
1,42476,92417,1228.74,failed,online,2025-10-25,NO
4664,10337,93671,1427.24,completed,online,2025-10-25,NO
4037,31787,93766,1988.56,completed,online,2025-10-25,NO
1,38355,94532,1209.45,failed,online,2025-10-25,NO
2414,28148,95565,1570.05,failed,online,2025-10-25,NO
3002,21974,95776,1175.08,completed,online,2025-10-25,NO
2016,35035,97524,439.87,failed,online,2025-10-25,NO
4560,20749,99555,882.22,completed,online,2025-10-25,NO
1,41097,100910,1030.64,completed,online,2025-10-25,NO
1,9319,102230,813.43,failed,online,2025-10-25,NO
2727,29942,102338,1611.93,completed,online,2025-10-25,NO
1,23926,102703,1911.17,failed,online,2025-10-25,NO
3674,17601,105606,537.21,failed,online,2025-10-25,NO
121,39354,106733,108.33,completed,online,2025-10-25,NO
246,3594,107371,430.67,failed,online,2025-10-25,NO
1,48374,107702,315.63,completed,online,2025-10-25,NO
3541,35736,109814,1129.52,failed,online,2025-10-25,NO
1,30500,110935,1706.26,completed,online,2025-10-25,NO
930,13942,114074,559.0,completed,online,2025-10-25,NO
3499,27660,118391,1527.01,failed,online,2025-10-25,NO
1,27699,118836,1783.88,failed,online,2025-10-25,NO
2236,33394,120370,1016.49,completed,online,2025-10-25,NO
1,40648,121441,748.75,failed,online,2025-10-25,NO
3213,23989,121581,1719.54,failed,online,2025-10-25,NO
4039,42805,122224,47.04,completed,online,2025-10-25,NO
3459,22242,122470,1270.35,completed,online,2025-10-25,NO
1698,17765,130781,1414.88,failed,online,2025-10-25,NO
1,42685,132304,479.12,failed,online,2025-10-25,NO
3437,29984,132516,471.58,failed,online,2025-10-25,NO
1648,3140,139858,1714.34,completed,online,2025-10-25,NO
785,22677,142839,1358.68,completed,online,2025-10-25,NO
2972,3017,142853,1436.53,failed,online,2025-10-25,NO
3901,25460,143125,1251.68,failed,online,2025-10-25,NO
2391,35109,148081,1418.78,failed,online,2025-10-25,NO
4392,41236,148904,1703.27,completed,online,2025-10-25,NO
2520,4749,149502,1975.46,failed,online,2025-10-25,NO
1,16415,149772,212.65,failed,online,2025-10-25,NO
1,15131,8141,289.8,failed,online,2025-09-07,NO
1526,6393,11713,1391.85,failed,online,2025-09-07,NO
1,7727,15452,1238.01,failed,online,2025-09-07,NO
2577,42939,15909,621.48,failed,online,2025-09-07,NO
574,49383,16510,1853.28,failed,online,2025-09-07,NO
4045,45927,17544,1376.42,completed,online,2025-09-07,NO
1,19781,17741,58.51,failed,online,2025-09-07,NO
2692,35058,20875,883.08,failed,online,2025-09-07,NO
2973,1197,21313,1840.83,completed,online,2025-09-07,NO
2029,21513,22050,672.65,completed,UNKNOWN,2025-09-07,NO
2139,38844,23408,1901.47,failed,online,2025-09-07,NO
1345,35021,23746,738.06,completed,online,2025-09-07,NO
2137,33741,24374,352.46,completed,online,2025-09-07,NO
1903,15508,24913,1876.93,failed,online,2025-09-07,NO
2656,19804,29836,139.31,failed,online,2025-09-07,NO
789,48572,31116,14.56,failed,online,2025-09-07,NO
3756,9920,32055,1232.16,failed,online,2025-09-07,NO
1,42966,34505,966.79,failed,online,2025-09-07,NO
1846,18005,36594,1895.33,completed,online,2025-09-07,NO
989,6730,37036,151.21,failed,online,2025-09-07,NO
3882,25231,37444,1393.4,completed,online,2025-09-07,NO
1010,24071,37738,205.86,failed,online,2025-09-07,NO
303,10338,40279,917.44,failed,online,2025-09-07,NO
1434,23137,40863,635.25,failed,online,2025-09-07,NO
4178,6845,41852,916.14,completed,online,2025-09-07,NO
1,13517,48336,1005.79,failed,online,2025-09-07,NO
4,29415,49292,1166.94,completed,online,2025-09-07,NO
1601,7743,53642,132.53,completed,online,2025-09-07,NO
1991,31435,54746,918.72,completed,online,2025-09-07,NO
4662,26273,56654,834.88,completed,UNKNOWN,2025-09-07,NO
1350,10545,57380,29.37,failed,online,2025-09-07,NO
3283,3720,59832,1749.03,completed,online,2025-09-07,NO
3180,25334,62387,757.48,failed,online,2025-09-07,NO
4801,15320,66261,187.97,completed,online,2025-09-07,NO
4928,44918,68460,1428.89,completed,online,2025-09-07,NO
1688,43698,68610,1411.81,failed,online,2025-09-07,NO
1843,24589,69430,111.32,failed,online,2025-09-07,NO
2476,17623,71480,1301.36,completed,online,2025-09-07,NO
3784,18766,71550,1447.55,failed,online,2025-09-07,NO
4340,10596,75266,32.14,completed,online,2025-09-07,NO
2757,15297,78046,1288.72,failed,UNKNOWN,2025-09-07,NO
4591,23413,78141,1611.16,failed,UNKNOWN,2025-09-07,NO
39,10773,78193,213.95,completed,online,2025-09-07,NO
1818,44327,78201,792.66,completed,online,2025-09-07,NO
282,42119,78899,1924.2,completed,online,2025-09-07,NO
2254,6407,79025,1744.15,completed,online,2025-09-07,NO
1,38938,79163,1416.44,failed,online,2025-09-07,NO
3781,48641,80856,638.31,failed,online,2025-09-07,NO
2013,18130,87614,1899.97,completed,online,2025-09-07,NO
604,25736,88389,990.89,completed,online,2025-09-07,NO
4116,16241,88597,1871.72,failed,online,2025-09-07,NO
3735,1916,94863,243.65,failed,online,2025-09-07,NO
1,20721,96796,1986.43,completed,online,2025-09-07,NO
1939,37678,98827,648.51,completed,online,2025-09-07,NO
4395,22343,99612,1916.79,completed,online,2025-09-07,NO
521,11338,106874,1884.97,completed,online,2025-09-07,NO
1,38663,111213,1341.9,failed,online,2025-09-07,NO
1,34266,112577,699.36,completed,online,2025-09-07,NO
1372,14060,113672,1420.53,completed,online,2025-09-07,NO
1420,18380,114859,875.07,completed,online,2025-09-07,NO
3157,16406,117890,206.35,failed,online,2025-09-07,NO
4449,4274,120271,797.76,failed,online,2025-09-07,NO
4723,4417,123209,165.74,failed,online,2025-09-07,NO
4025,22135,124524,1739.59,failed,online,2025-09-07,NO
3399,10608,125062,894.77,failed,online,2025-09-07,NO
619,44779,125577,899.23,completed,online,2025-09-07,NO
1,3502,129281,681.15,failed,online,2025-09-07,NO
243,17955,131444,655.89,completed,online,2025-09-07,NO
1,12510,133741,1305.61,completed,online,2025-09-07,NO
1,23512,133745,1230.87,failed,online,2025-09-07,NO
1,34870,138177,1024.21,completed,online,2025-09-07,NO
146,31036,141395,1473.15,completed,online,2025-09-07,NO
4480,7868,141396,1248.01,failed,online,2025-09-07,NO
2259,39411,142494,683.2,completed,online,2025-09-07,NO
1,49534,143862,164.64,completed,online,2025-09-07,NO
2533,19021,144622,1511.15,failed,online,2025-09-07,NO
3026,12585,146567,1502.97,failed,online,2025-09-07,NO
330,261,149317,805.06,completed,online,2025-09-07,NO
4118,44649,549,348.62,completed,online,2025-04-20,NO
4167,48112,2315,1217.16,failed,online,2025-04-20,NO
1013,11428,4045,978.13,completed,online,2025-04-20,NO
4199,24708,6122,1426.03,failed,online,2025-04-20,NO
637,12332,7477,1634.57,failed,online,2025-04-20,NO
1099,22916,9253,1015.94,completed,online,2025-04-20,NO
3007,27524,10255,323.39,failed,online,2025-04-20,NO
1000,14442,10350,229.33,completed,UNKNOWN,2025-04-20,NO
1,48030,12173,1134.23,failed,online,2025-04-20,NO
2096,36890,12463,1230.93,completed,online,2025-04-20,NO
152,40349,13348,1337.91,completed,online,2025-04-20,NO
1,47019,16046,1280.36,completed,online,2025-04-20,NO
1962,7169,18611,1594.06,completed,online,2025-04-20,NO
2575,13565,20929,277.72,completed,online,2025-04-20,NO
721,41451,25715,601.46,failed,online,2025-04-20,NO
1,28409,27791,1265.79,failed,online,2025-04-20,NO
2176,17713,32040,299.61,failed,online,2025-04-20,NO
1,6555,34510,1268.5,failed,online,2025-04-20,NO
2684,9066,35281,380.25,failed,online,2025-04-20,NO
4477,10171,35558,1243.36,completed,online,2025-04-20,NO
2625,15446,40329,1686.01,failed,online,2025-04-20,NO
1,27547,42830,1521.03,completed,online,2025-04-20,NO
1,31083,47008,1752.39,failed,online,2025-04-20,NO
2766,600,47111,1994.62,failed,online,2025-04-20,NO
1,7386,49656,1921.51,completed,online,2025-04-20,NO
4533,22905,52419,1675.73,completed,online,2025-04-20,NO
4272,8854,53147,869.09,failed,online,2025-04-20,NO
1869,10280,53792,203.6,completed,online,2025-04-20,NO
1,24173,56172,80.44,failed,online,2025-04-20,NO
4039,13423,57141,493.26,failed,online,2025-04-20,NO
1,2911,58207,511.5,completed,online,2025-04-20,NO
1,13082,58493,17.53,completed,online,2025-04-20,NO
1,24764,60489,1121.91,failed,online,2025-04-20,NO
4284,5711,61591,1715.56,failed,online,2025-04-20,NO
399,24760,62628,1680.0,failed,online,2025-04-20,NO
1012,13834,64769,1377.78,failed,online,2025-04-20,NO
1737,18342,66922,1087.43,completed,online,2025-04-20,NO
1282,40847,70905,846.14,completed,online,2025-04-20,NO
1291,24890,71886,1739.14,completed,online,2025-04-20,NO
1,8283,74338,1127.64,completed,online,2025-04-20,NO
3559,46259,74446,252.57,completed,online,2025-04-20,NO
1474,8859,75897,795.21,failed,online,2025-04-20,NO
4422,13704,76437,737.79,completed,online,2025-04-20,NO
3924,41199,81929,385.59,completed,online,2025-04-20,NO
1190,37117,83899,526.9,completed,online,2025-04-20,NO
3647,8478,84656,1419.01,failed,online,2025-04-20,NO
2480,4427,87957,1193.64,completed,online,2025-04-20,NO
3368,22070,93258,862.17,failed,online,2025-04-20,NO
1,32329,95955,1316.9,completed,online,2025-04-20,NO
1892,20034,96566,1824.81,completed,online,2025-04-20,NO
3636,19104,98323,1250.31,completed,online,2025-04-20,NO
1,23651,100120,615.98,failed,online,2025-04-20,NO
1481,7828,101443,152.92,completed,online,2025-04-20,NO
1797,1155,102785,1832.46,failed,online,2025-04-20,NO
2881,46425,103258,730.61,completed,online,2025-04-20,NO
4993,23176,103899,789.77,failed,online,2025-04-20,NO
4991,35873,107605,1902.68,failed,online,2025-04-20,NO
2816,39272,112682,731.56,failed,online,2025-04-20,NO
658,17874,113853,1701.32,failed,online,2025-04-20,NO
2349,18957,117095,1343.97,failed,online,2025-04-20,NO
2013,12150,118148,672.39,failed,online,2025-04-20,NO
58,47733,119441,1119.4,failed,online,2025-04-20,NO
414,9630,120629,1423.64,failed,online,2025-04-20,NO
1,451,120950,262.86,completed,online,2025-04-20,NO
339,41915,121430,1465.46,completed,online,2025-04-20,NO
4183,46708,121858,891.91,completed,online,2025-04-20,NO
1381,36729,124024,550.82,completed,online,2025-04-20,NO
2770,22555,124900,710.74,completed,online,2025-04-20,NO
1270,14390,126101,1722.76,failed,online,2025-04-20,NO
747,47225,128895,751.48,failed,online,2025-04-20,NO
366,20020,130475,830.42,failed,online,2025-04-20,NO
1,92,130664,667.59,completed,online,2025-04-20,NO
3421,33496,131501,1070.16,completed,online,2025-04-20,NO
1,38020,137520,298.57,completed,online,2025-04-20,NO
4432,47775,138016,1540.03,failed,online,2025-04-20,NO
4584,11314,144087,922.47,completed,online,2025-04-20,NO
3291,21192,147120,168.49,completed,online,2025-04-20,NO
4111,46684,149199,1268.63,completed,online,2025-04-20,NO
1,33992,1163,944.39,completed,online,2025-01-29,NO
1,22866,1352,447.63,completed,online,2025-01-29,NO
1,40062,6825,1967.52,failed,online,2025-01-29,NO
1271,33314,7152,1804.22,failed,online,2025-01-29,NO
533,16070,9454,542.04,failed,online,2025-01-29,NO
1,14802,9721,1105.22,completed,online,2025-01-29,NO
3924,9559,10020,956.62,failed,online,2025-01-29,NO
1,37749,11975,950.9,failed,online,2025-01-29,NO
1777,31270,13898,1732.79,failed,online,2025-01-29,NO
3082,35254,15206,965.28,completed,online,2025-01-29,NO
3394,14809,15516,109.33,completed,online,2025-01-29,NO
1,8397,20021,1230.34,completed,online,2025-01-29,NO
25,30958,20170,1860.21,failed,online,2025-01-29,NO
1,42953,22040,1828.54,failed,online,2025-01-29,NO
3754,42579,22058,1306.24,completed,online,2025-01-29,NO
1,11134,26636,717.32,failed,online,2025-01-29,NO
1752,7985,29560,693.8,failed,online,2025-01-29,NO
316,29994,30098,1592.34,completed,online,2025-01-29,NO
1060,1615,30992,1435.5,completed,online,2025-01-29,NO
2075,39815,31689,1388.64,completed,online,2025-01-29,NO
3766,13029,34639,1279.39,failed,online,2025-01-29,NO
1647,5095,35191,1627.07,completed,online,2025-01-29,NO
1598,47834,36230,1643.61,completed,online,2025-01-29,NO
2997,45876,39001,402.45,completed,online,2025-01-29,NO
3884,32041,40759,1788.55,completed,online,2025-01-29,NO
4496,48488,42942,250.86,failed,online,2025-01-29,NO
708,12108,44979,433.93,failed,online,2025-01-29,NO
1,14039,45200,133.22,completed,online,2025-01-29,NO
1009,7892,49869,1144.72,failed,online,2025-01-29,NO
1006,48004,59441,1202.01,completed,online,2025-01-29,NO
3799,49135,63014,325.74,completed,online,2025-01-29,NO
3542,864,64159,17.43,completed,online,2025-01-29,NO
1,34141,65393,990.65,failed,online,2025-01-29,NO
3735,18713,65737,1235.24,failed,online,2025-01-29,NO
1,22088,66372,1339.78,failed,online,2025-01-29,NO
1,47331,67619,1589.87,completed,online,2025-01-29,NO
1763,47940,67642,1463.85,failed,online,2025-01-29,NO
2644,42724,70895,779.67,completed,UNKNOWN,2025-01-29,NO
332,19970,72337,1658.5,failed,online,2025-01-29,NO
1,2295,75470,1020.38,failed,online,2025-01-29,NO
3523,44642,77129,285.16,failed,online,2025-01-29,NO
4775,25986,77479,1422.86,completed,online,2025-01-29,NO
4143,43832,79029,1098.46,failed,online,2025-01-29,NO
4800,34232,82160,823.55,failed,online,2025-01-29,NO
1653,7773,86857,1441.4,failed,online,2025-01-29,NO
1,1583,91468,1008.47,completed,online,2025-01-29,NO
2428,6729,92038,781.64,failed,online,2025-01-29,NO
1,23546,96158,252.6,completed,online,2025-01-29,NO
3076,13858,98001,188.04,completed,online,2025-01-29,NO
2122,41541,103108,1247.8,failed,online,2025-01-29,NO
1687,45025,103314,229.86,failed,online,2025-01-29,NO
3224,5295,106387,258.68,failed,online,2025-01-29,NO
4521,46358,107186,251.27,failed,online,2025-01-29,NO
335,31235,108764,24.43,completed,online,2025-01-29,NO
3506,2976,109477,204.79,completed,online,2025-01-29,NO
1064,11241,109517,471.56,completed,online,2025-01-29,NO
3819,23391,110383,553.05,completed,online,2025-01-29,NO
1781,47244,116862,580.91,completed,online,2025-01-29,NO
1,12504,116872,389.34,completed,online,2025-01-29,NO
1867,19180,118414,1899.01,completed,online,2025-01-29,NO
1,13811,118980,1433.23,completed,online,2025-01-29,NO
3938,30231,121646,1653.97,completed,online,2025-01-29,NO
1,5244,124163,1886.64,completed,online,2025-01-29,NO
1,44646,124315,321.77,failed,online,2025-01-29,NO
4664,31140,125259,1502.26,failed,online,2025-01-29,NO
2744,21917,131587,1139.49,completed,online,2025-01-29,NO
3773,32244,133239,1167.58,failed,online,2025-01-29,NO
4274,30186,134003,25.49,completed,online,2025-01-29,NO
1,3481,135291,1692.89,completed,online,2025-01-29,NO
500,35680,136154,1967.91,failed,online,2025-01-29,NO
1304,13594,136185,1522.61,completed,online,2025-01-29,NO
2421,39189,136536,982.29,completed,online,2025-01-29,NO
1626,24559,137389,719.0,failed,online,2025-01-29,NO
1220,18046,141420,1383.49,completed,online,2025-01-29,NO
633,42520,141731,890.45,failed,online,2025-01-29,NO
3829,35140,143669,1140.66,completed,online,2025-01-29,NO
1394,8750,145620,103.91,failed,online,2025-01-29,NO
4243,47108,146959,162.84,completed,online,2025-01-29,NO
132,25217,2242,110.56,completed,online,2025-01-24,NO
3809,33327,3403,265.58,completed,online,2025-01-24,NO
2656,5867,9103,1745.27,failed,online,2025-01-24,NO
1704,34644,9110,839.16,failed,online,2025-01-24,NO
4994,339,9946,644.76,failed,online,2025-01-24,NO
2500,42529,11496,488.22,failed,online,2025-01-24,NO
3143,43891,13994,485.79,completed,online,2025-01-24,NO
542,2079,16000,1666.58,failed,online,2025-01-24,NO
2527,22637,16932,1062.12,failed,online,2025-01-24,NO
1710,36999,17679,872.16,completed,online,2025-01-24,NO
2763,11756,18278,808.77,completed,online,2025-01-24,NO
1,37034,18392,1463.23,completed,online,2025-01-24,NO
633,17466,19073,1304.11,completed,online,2025-01-24,NO
2836,36138,21710,978.49,failed,online,2025-01-24,NO
3717,23290,23629,150.48,failed,online,2025-01-24,NO
1244,22614,27064,1078.98,completed,online,2025-01-24,NO
1,38279,31969,223.1,failed,online,2025-01-24,NO
3503,32721,35711,1724.17,failed,online,2025-01-24,NO
4972,6793,37355,1189.46,completed,online,2025-01-24,NO
1105,380,39938,417.73,failed,online,2025-01-24,NO
3820,34674,45694,1083.17,completed,online,2025-01-24,NO
97,13762,46108,1712.75,failed,online,2025-01-24,NO
3785,45125,50381,171.88,completed,online,2025-01-24,NO
4850,28523,50624,1884.13,completed,online,2025-01-24,NO
1183,44865,50713,787.26,completed,online,2025-01-24,NO
1710,35163,51011,39.41,failed,online,2025-01-24,NO
1,33988,51301,1214.6,completed,online,2025-01-24,NO
1,6883,52727,1937.29,failed,online,2025-01-24,NO
1,14893,53979,373.17,completed,online,2025-01-24,NO
1,4540,54759,333.93,completed,online,2025-01-24,NO
2043,13446,54952,55.31,failed,online,2025-01-24,NO
4895,43630,55837,269.19,failed,online,2025-01-24,NO
879,37600,62565,202.19,completed,online,2025-01-24,NO
614,39323,64307,9806.869205707648,completed,online,2025-01-24,NO
1,38025,64531,499.1,completed,online,2025-01-24,NO
1,12231,67942,1337.9,failed,online,2025-01-24,NO
3618,47230,68365,1032.93,completed,online,2025-01-24,NO
4756,25361,68762,886.87,completed,online,2025-01-24,NO
2631,18177,70618,1479.79,completed,online,2025-01-24,NO
2659,38868,72885,589.63,failed,online,2025-01-24,NO
3683,26211,73896,444.8,failed,online,2025-01-24,NO
4904,33856,75516,1395.5,failed,online,2025-01-24,NO
4425,29023,76133,474.48,failed,online,2025-01-24,NO
1344,46431,77147,343.22,completed,online,2025-01-24,NO
1,35599,77374,562.2,completed,online,2025-01-24,NO
1045,12511,82177,1838.93,completed,online,2025-01-24,NO
2952,5530,84616,674.41,completed,online,2025-01-24,NO
4040,8870,89649,588.67,completed,online,2025-01-24,NO
2596,22302,92637,1747.63,completed,online,2025-01-24,NO
1,221,93536,1287.85,completed,online,2025-01-24,NO
1127,39652,95958,306.1,failed,online,2025-01-24,NO
4567,11981,97198,1618.2,completed,online,2025-01-24,NO
1,21538,103698,1521.13,completed,online,2025-01-24,NO
1026,26405,106734,1500.45,completed,online,2025-01-24,NO
1507,6657,109098,506.75,failed,online,2025-01-24,NO
2097,33535,111999,394.29,failed,online,2025-01-24,NO
1,33205,112929,167.36,completed,online,2025-01-24,NO
4975,41622,114997,106.8,failed,online,2025-01-24,NO
2402,31880,115697,452.96,completed,online,2025-01-24,NO
872,11870,119256,1355.15,failed,online,2025-01-24,NO
1,27862,121193,362.8,completed,online,2025-01-24,NO
4093,29617,123056,1755.13,completed,online,2025-01-24,NO
4787,40857,124734,42.53,completed,online,2025-01-24,NO
736,38047,126889,18.25,failed,online,2025-01-24,NO
4384,49965,127516,1939.54,failed,online,2025-01-24,NO
1139,17562,127906,1712.8,failed,online,2025-01-24,NO
3145,13998,133856,1323.21,failed,online,2025-01-24,NO
1,35091,134445,1373.49,failed,online,2025-01-24,NO
1,11809,134569,739.45,completed,online,2025-01-24,NO
1,10016,134647,817.75,completed,online,2025-01-24,NO
2917,7137,137950,935.65,completed,online,2025-01-24,NO
4119,44153,139854,467.44,failed,online,2025-01-24,NO
3251,48915,140210,1439.56,completed,online,2025-01-24,NO
844,31274,141932,907.4,failed,online,2025-01-24,NO
4870,3429,144103,1710.7,completed,online,2025-01-24,NO
1,23912,146090,588.87,failed,online,2025-01-24,NO
4061,9633,146305,487.37,failed,online,2025-01-24,NO
1283,1047,148726,1594.65,failed,online,2025-01-24,NO
27,30001,782,381.86,failed,online,2025-04-09,NO
1,12612,3189,372.99,completed,online,2025-04-09,NO
1416,26536,4300,518.5,failed,online,2025-04-09,NO
4756,16885,4404,1743.62,failed,online,2025-04-09,NO
3641,32531,5469,189.81,completed,online,2025-04-09,NO
2434,29213,15351,1421.31,failed,online,2025-04-09,NO
1,19873,15979,879.52,completed,online,2025-04-09,NO
1611,6910,16749,1288.11,completed,online,2025-04-09,NO
4141,29779,17310,1157.33,completed,online,2025-04-09,NO
2434,20892,20363,800.62,completed,online,2025-04-09,NO
3786,2148,20786,484.17,completed,online,2025-04-09,NO
3021,16637,27138,610.65,completed,online,2025-04-09,NO
4179,25402,27505,1627.34,completed,online,2025-04-09,NO
4713,42949,27597,1880.98,completed,online,2025-04-09,NO
3603,25798,29823,842.56,completed,online,2025-04-09,NO
1324,23607,31403,1224.5,failed,online,2025-04-09,NO
600,34313,31666,169.88,completed,online,2025-04-09,NO
3716,13999,32865,1967.51,completed,online,2025-04-09,NO
661,42460,35098,796.54,failed,online,2025-04-09,NO
2058,16640,38287,1732.71,failed,online,2025-04-09,NO
2395,49765,39529,15.51,failed,online,2025-04-09,NO
2240,44893,41188,231.2,failed,online,2025-04-09,NO
1,24016,45701,1219.21,completed,online,2025-04-09,NO
1,47955,48457,1857.56,failed,online,2025-04-09,NO
4878,48882,51552,1519.97,completed,online,2025-04-09,NO
4505,29755,52301,444.17,failed,online,2025-04-09,NO
2764,32792,54279,1443.78,failed,online,2025-04-09,NO
4271,8268,55544,1276.77,failed,online,2025-04-09,NO
3026,15997,55771,1476.31,failed,online,2025-04-09,NO
3768,49076,57514,1413.27,failed,online,2025-04-09,NO
2371,11238,58664,1723.47,failed,online,2025-04-09,NO
226,4207,61689,60.41,completed,online,2025-04-09,NO
3725,5087,62503,348.31,failed,online,2025-04-09,NO
1828,35837,63625,660.85,failed,online,2025-04-09,NO
1,27810,68194,852.24,failed,online,2025-04-09,NO
1,40444,70234,1940.17,failed,online,2025-04-09,NO
2896,35302,76901,810.14,failed,online,2025-04-09,NO
1905,17657,78736,1383.07,failed,online,2025-04-09,NO
1962,1008,80147,1065.79,completed,online,2025-04-09,NO
3728,10562,81012,1829.59,failed,online,2025-04-09,NO
3176,21698,81802,1582.65,completed,online,2025-04-09,NO
3431,38904,83345,942.9,failed,online,2025-04-09,NO
1522,37067,83602,82.53,completed,online,2025-04-09,NO
3512,22965,84226,54.07,failed,online,2025-04-09,NO
2553,14269,87279,864.7,failed,online,2025-04-09,NO
3801,31607,87869,1563.59,failed,online,2025-04-09,NO
1025,36459,91024,791.25,failed,online,2025-04-09,NO
1,17420,92117,836.84,failed,online,2025-04-09,NO
2141,15152,94142,963.17,completed,online,2025-04-09,NO
1,33781,95797,1775.22,failed,online,2025-04-09,NO
4744,7896,97130,1513.3,completed,online,2025-04-09,NO
1,28974,101521,651.54,failed,online,2025-04-09,NO
627,12833,101697,1361.36,failed,online,2025-04-09,NO
4862,33768,101814,1989.48,failed,online,2025-04-09,NO
3929,6956,101903,1172.97,failed,online,2025-04-09,NO
44,12519,103207,1593.71,completed,online,2025-04-09,NO
1616,17590,109618,988.37,failed,online,2025-04-09,NO
4684,23452,110005,36.49,completed,online,2025-04-09,NO
3223,25774,110710,1964.67,completed,online,2025-04-09,NO
1,46502,114153,286.28,failed,online,2025-04-09,NO
2686,17102,115896,1733.85,failed,online,2025-04-09,NO
2434,28353,117617,1849.99,completed,online,2025-04-09,NO
1801,33666,119266,435.38,completed,online,2025-04-09,NO
46,11524,122535,1467.05,completed,online,2025-04-09,NO
3292,431,123570,215.2,failed,online,2025-04-09,NO
256,20470,125602,992.25,completed,online,2025-04-09,NO
3853,38526,126479,1789.52,completed,online,2025-04-09,NO
3829,40789,126798,320.97,failed,online,2025-04-09,NO
2907,14615,127839,1638.77,completed,online,2025-04-09,NO
4054,16194,129757,917.63,completed,online,2025-04-09,NO
1,17108,142091,1299.77,failed,online,2025-04-09,NO
1737,11232,143542,1458.35,failed,online,2025-04-09,NO
4000,11820,143952,1266.05,failed,online,2025-04-09,NO
1,30388,144412,1760.22,failed,online,2025-04-09,NO
3817,25428,145243,456.91,completed,online,2025-04-09,NO
2192,26233,147643,459.1,completed,online,2025-04-09,NO
1826,39725,147755,668.78,completed,online,2025-04-09,NO
1250,47424,149929,792.73,failed,online,2025-04-09,NO
4752,31343,1475,1830.27,completed,online,2025-09-16,NO
1815,23015,3890,835.55,completed,online,2025-09-16,NO
2596,629,4381,1262.21,failed,online,2025-09-16,NO
3520,42535,4603,1277.37,completed,online,2025-09-16,NO
4463,46204,7029,67.73,completed,online,2025-09-16,NO
1581,32568,7906,1355.82,failed,online,2025-09-16,NO
1231,35309,9241,745.89,failed,online,2025-09-16,NO
4177,8925,9455,180.51,failed,online,2025-09-16,NO
4386,47626,9841,582.11,failed,online,2025-09-16,NO
1,27240,12199,1724.18,completed,online,2025-09-16,NO
1471,43234,13120,1141.98,failed,online,2025-09-16,NO
2939,29724,13786,1508.49,completed,online,2025-09-16,NO
4856,6475,16247,1007.69,completed,online,2025-09-16,NO
133,35104,18797,1920.32,failed,online,2025-09-16,NO
4747,103,18898,197.67,failed,online,2025-09-16,NO
1968,4248,20456,1900.04,failed,online,2025-09-16,NO
2845,3714,21082,667.7,completed,online,2025-09-16,NO
1812,11755,24960,1912.68,completed,online,2025-09-16,NO
3624,34701,25740,646.12,completed,online,2025-09-16,NO
3095,18949,34592,381.98,failed,online,2025-09-16,NO
285,16100,35433,1065.79,failed,online,2025-09-16,NO
3149,9702,37487,1877.24,failed,online,2025-09-16,NO
567,24822,38979,14.82,failed,online,2025-09-16,NO
4243,6322,41403,1366.29,completed,online,2025-09-16,NO
4417,15969,42346,490.72,completed,online,2025-09-16,NO
528,29682,44021,248.05,failed,online,2025-09-16,NO
1112,45705,45191,579.3,completed,online,2025-09-16,NO
1505,41462,46077,834.2,completed,online,2025-09-16,NO
1,11172,46553,1934.14,failed,UNKNOWN,2025-09-16,NO
1,27533,48086,1714.3,completed,online,2025-09-16,NO
1581,9386,63102,756.36,completed,online,2025-09-16,NO
1,15165,65320,1257.99,completed,online,2025-09-16,NO
2260,18126,67681,267.18,failed,online,2025-09-16,NO
743,22865,71265,1132.7,failed,online,2025-09-16,NO
277,9742,71587,208.91,completed,online,2025-09-16,NO
753,36648,72249,769.64,failed,online,2025-09-16,NO
1755,12193,74966,1589.24,completed,online,2025-09-16,NO
2409,32835,77246,995.6,completed,online,2025-09-16,NO
1,26965,77657,1030.83,completed,online,2025-09-16,NO
1,1906,78406,1272.6,failed,online,2025-09-16,NO
3855,33490,78747,1328.39,failed,online,2025-09-16,NO
1,45675,81606,1225.31,completed,online,2025-09-16,NO
1,30976,81713,747.2,completed,online,2025-09-16,NO
3013,11028,85352,1388.24,failed,online,2025-09-16,NO
2200,10388,87876,1599.55,completed,online,2025-09-16,NO
2966,36533,88785,743.56,failed,online,2025-09-16,NO
4056,2484,89850,774.67,failed,online,2025-09-16,NO
59,27760,90184,1301.43,failed,online,2025-09-16,NO
861,47301,90215,1107.12,failed,online,2025-09-16,NO
1,24661,91146,1775.09,completed,online,2025-09-16,NO
3765,23349,93637,1247.24,completed,online,2025-09-16,NO
1298,29540,95100,325.7,failed,online,2025-09-16,NO
525,17939,99773,264.07,failed,online,2025-09-16,NO
4086,5429,105195,1130.2,failed,online,2025-09-16,NO
923,14843,105415,754.75,failed,online,2025-09-16,NO
2896,9630,105468,1938.61,completed,online,2025-09-16,NO
4216,49219,105953,15.46,completed,online,2025-09-16,NO
1,33227,112567,1140.74,failed,online,2025-09-16,NO
2455,14347,115663,1484.74,failed,online,2025-09-16,NO
3510,44623,117319,1217.94,failed,online,2025-09-16,NO
2756,2226,118395,384.23,failed,online,2025-09-16,NO
555,21918,119659,1913.56,completed,online,2025-09-16,NO
4941,7413,120622,564.99,failed,online,2025-09-16,NO
4295,9840,121049,112.74,failed,online,2025-09-16,NO
4684,48020,121213,256.77,completed,online,2025-09-16,NO
4179,33870,121243,299.59,failed,online,2025-09-16,NO
2853,44926,124191,1581.27,completed,online,2025-09-16,NO
2782,427,126023,1539.68,completed,online,2025-09-16,NO
1898,33445,129724,1392.7,completed,online,2025-09-16,NO
2321,29578,135694,888.97,failed,online,2025-09-16,NO
4873,13059,136832,1010.21,completed,online,2025-09-16,NO
4205,10383,137537,227.47,failed,online,2025-09-16,NO
3986,44326,140615,657.09,failed,online,2025-09-16,NO
2194,26784,143762,1131.45,failed,online,2025-09-16,NO
3402,31314,145222,160.63,failed,online,2025-09-16,NO
4123,48866,145958,268.53,failed,UNKNOWN,2025-09-16,NO
2028,19400,149236,1176.61,completed,online,2025-09-16,NO
3299,41937,149841,1076.45,completed,online,2025-09-16,NO
1897,47238,7117,1160.17,completed,online,2025-04-10,NO
3696,31553,9098,1331.99,failed,online,2025-04-10,NO
2769,28437,12039,1835.7,completed,online,2025-04-10,NO
2927,48316,12621,633.96,completed,online,2025-04-10,NO
4368,26913,15778,1028.72,failed,online,2025-04-10,NO
1,31442,19956,1667.82,completed,online,2025-04-10,NO
760,33774,22728,1274.95,completed,online,2025-04-10,NO
961,41872,22880,972.56,failed,online,2025-04-10,NO
3836,30587,23400,355.33,failed,online,2025-04-10,NO
1192,3270,23647,848.19,failed,online,2025-04-10,NO
1,16283,24782,968.22,failed,online,2025-04-10,NO
3610,44338,26017,1155.09,failed,online,2025-04-10,NO
2895,25068,27582,1316.89,failed,online,2025-04-10,NO
4511,4062,28375,832.59,failed,online,2025-04-10,NO
1481,15437,29539,1131.68,failed,online,2025-04-10,NO
4802,6213,29586,723.49,failed,online,2025-04-10,NO
2037,29088,30064,859.41,completed,online,2025-04-10,NO
2927,37950,33911,1445.9,failed,online,2025-04-10,NO
511,31645,35920,109.33,failed,online,2025-04-10,NO
4795,41743,36081,1738.88,completed,online,2025-04-10,NO
1,24186,37271,1103.76,completed,online,2025-04-10,NO
407,3182,38348,345.34,completed,online,2025-04-10,NO
4421,15271,39379,575.41,failed,online,2025-04-10,NO
4638,26945,44973,477.93,completed,online,2025-04-10,NO
4027,22625,50943,758.52,completed,online,2025-04-10,NO
1,12507,54203,786.12,completed,online,2025-04-10,NO
887,9177,54328,148.17,failed,online,2025-04-10,NO
1,47062,57397,1620.77,completed,online,2025-04-10,NO
3520,22693,58174,1484.57,failed,online,2025-04-10,NO
1,4085,61696,890.18,completed,online,2025-04-10,NO
5000,7788,63391,1623.66,failed,online,2025-04-10,NO
515,46277,65138,985.81,failed,online,2025-04-10,NO
1,40075,66569,1365.35,completed,online,2025-04-10,NO
2335,47138,71320,1610.44,failed,online,2025-04-10,NO
4587,25247,71707,1553.83,failed,online,2025-04-10,NO
4437,49240,72188,1606.51,failed,online,2025-04-10,NO
3550,30097,75237,1531.74,failed,online,2025-04-10,NO
1,9499,76225,824.89,completed,online,2025-04-10,NO
1973,3651,78486,1795.18,completed,online,2025-04-10,NO
1,29367,79101,1346.56,failed,online,2025-04-10,NO
2543,37144,79682,1484.66,completed,online,2025-04-10,NO
1,24910,86238,1958.9,completed,online,2025-04-10,NO
592,27644,88387,200.08,completed,online,2025-04-10,NO
1,19873,88415,1763.54,completed,online,2025-04-10,NO
2334,38896,89949,1179.32,failed,online,2025-04-10,NO
2140,45586,93155,680.08,failed,online,2025-04-10,NO
1617,13969,93763,1583.7,failed,online,2025-04-10,NO
1,25460,95283,1432.96,failed,online,2025-04-10,NO
4293,25909,95672,1900.73,completed,online,2025-04-10,NO
1,36697,98584,442.88,failed,online,2025-04-10,NO
4608,19808,99290,96.39,completed,online,2025-04-10,NO
4588,45052,101330,1297.72,failed,online,2025-04-10,NO
3851,38295,103619,1960.67,failed,online,2025-04-10,NO
4722,18917,103833,1920.84,completed,online,2025-04-10,NO
1,18661,106070,1086.29,failed,online,2025-04-10,NO
3973,14094,107583,949.09,completed,online,2025-04-10,NO
1,43031,109677,277.65,completed,online,2025-04-10,NO
2207,5828,112229,114.22,completed,online,2025-04-10,NO
1,11271,114373,1978.54,failed,online,2025-04-10,NO
3621,38270,115263,977.72,completed,online,2025-04-10,NO
1931,18081,117560,651.15,failed,online,2025-04-10,NO
2040,24101,119903,409.47,failed,online,2025-04-10,NO
1,15372,121653,1947.91,failed,online,2025-04-10,NO
2029,23645,122451,167.83,completed,online,2025-04-10,NO
4002,22679,122743,1825.07,completed,online,2025-04-10,NO
3077,22159,125623,179.13,completed,online,2025-04-10,NO
2318,4094,126723,1768.02,failed,online,2025-04-10,NO
3813,45821,130252,365.28,completed,online,2025-04-10,NO
3844,4401,131103,136.89,failed,online,2025-04-10,NO
2298,46158,132636,911.97,failed,online,2025-04-10,NO
1,29681,132877,1350.24,completed,online,2025-04-10,NO
1,41249,133085,1614.71,failed,online,2025-04-10,NO
1,4175,139411,1110.56,failed,online,2025-04-10,NO
4547,43668,143814,1583.84,completed,online,2025-04-10,NO
1,22948,145623,629.85,completed,online,2025-04-10,NO
1528,18168,146914,1270.88,completed,online,2025-04-10,NO
2917,21366,149234,226.59,failed,online,2025-04-10,NO
1830,4085,149381,1231.54,completed,online,2025-04-10,NO
2339,19627,3616,393.62,completed,online,2025-12-08,NO
1912,22644,5689,528.22,failed,online,2025-12-08,NO
4332,34680,13294,1832.54,failed,online,2025-12-08,NO
2269,29473,13953,728.22,failed,online,2025-12-08,NO
1868,6413,15065,480.08,completed,online,2025-12-08,NO
689,25740,15606,286.26,completed,online,2025-12-08,NO
4948,48778,15729,675.12,completed,online,2025-12-08,NO
1,16323,20143,1782.02,completed,online,2025-12-08,NO
1,8874,23132,1488.26,failed,online,2025-12-08,NO
3124,37663,25678,961.93,failed,online,2025-12-08,NO
1517,16296,26318,1771.53,completed,online,2025-12-08,NO
4366,14274,26756,959.8,completed,online,2025-12-08,NO
4568,48075,26850,1233.26,completed,online,2025-12-08,NO
2811,34713,31417,745.33,failed,online,2025-12-08,NO
2072,40498,34067,1074.51,failed,online,2025-12-08,NO
65,16552,34971,828.34,completed,online,2025-12-08,NO
2729,48820,35136,52.72,completed,online,2025-12-08,NO
1,37146,37203,1649.8,completed,online,2025-12-08,NO
1,24372,38130,455.52,failed,online,2025-12-08,NO
822,38323,38720,1995.03,completed,online,2025-12-08,NO
1552,2567,42328,226.0,completed,online,2025-12-08,NO
1745,247,46079,398.71,failed,online,2025-12-08,NO
470,6693,47373,47.7,completed,online,2025-12-08,NO
3368,13429,49236,395.34,failed,online,2025-12-08,NO
4791,47400,49965,1549.88,failed,online,2025-12-08,NO
1373,26025,53469,1660.36,failed,online,2025-12-08,NO
1692,31570,54597,249.08,completed,online,2025-12-08,NO
3300,11927,55044,1845.57,completed,online,2025-12-08,NO
284,23383,55897,1347.12,failed,online,2025-12-08,NO
3592,24203,56454,1604.63,completed,online,2025-12-08,NO
62,9827,58169,507.19,completed,online,2025-12-08,NO
1781,27117,65364,1623.3,completed,online,2025-12-08,NO
3954,4070,66480,1159.11,completed,online,2025-12-08,NO
1,13375,66731,1018.42,failed,online,2025-12-08,NO
2156,43624,67543,587.95,failed,online,2025-12-08,NO
1381,48242,68036,1970.61,failed,online,2025-12-08,NO
436,40116,68062,1063.61,failed,online,2025-12-08,NO
1445,32258,69793,1578.71,failed,online,2025-12-08,NO
2907,3859,74943,1413.39,completed,online,2025-12-08,NO
140,48100,76104,1089.88,completed,online,2025-12-08,NO
4206,43460,81302,1703.05,failed,online,2025-12-08,NO
4815,1213,81989,610.36,completed,online,2025-12-08,NO
2765,41727,86057,123.45,completed,online,2025-12-08,NO
528,10108,90981,1827.04,failed,online,2025-12-08,NO
1,13254,92108,1047.97,completed,online,2025-12-08,NO
1775,19283,92384,1124.83,completed,online,2025-12-08,NO
2757,36908,92911,148.76,failed,online,2025-12-08,NO
1,2261,94069,1151.95,failed,online,2025-12-08,NO
4740,29411,96034,294.89,failed,online,2025-12-08,NO
2042,6483,97099,65.81,failed,online,2025-12-08,NO
2809,31280,97394,221.91,completed,online,2025-12-08,NO
2163,34739,103400,794.54,failed,online,2025-12-08,NO
1236,37875,104330,274.2,completed,online,2025-12-08,NO
1,27564,105471,380.89,failed,online,2025-12-08,NO
1800,37459,110086,67.1,completed,online,2025-12-08,NO
1,47717,111819,1727.17,completed,online,2025-12-08,NO
1,18168,118569,1127.92,failed,online,2025-12-08,NO
1388,28877,119889,533.48,failed,online,2025-12-08,NO
1,3553,125012,1712.98,completed,online,2025-12-08,NO
1,27447,126346,1993.54,completed,online,2025-12-08,NO
1,31893,127752,1100.45,completed,online,2025-12-08,NO
3772,7333,130410,1098.78,completed,online,2025-12-08,NO
4069,47725,133138,1644.77,failed,online,2025-12-08,NO
1,37272,133627,1407.43,failed,online,2025-12-08,NO
4009,33611,133830,72.95,completed,online,2025-12-08,NO
1,16770,134131,1932.44,failed,online,2025-12-08,NO
2724,21038,134585,321.37,failed,online,2025-12-08,NO
1,14782,134815,1074.41,completed,online,2025-12-08,NO
1,24804,135124,247.28,failed,online,2025-12-08,NO
3972,1260,135521,264.96,completed,online,2025-12-08,NO
3525,18564,137756,1834.33,failed,online,2025-12-08,NO
1,49668,138980,231.19,completed,online,2025-12-08,NO
2340,3865,139782,923.67,completed,online,2025-12-08,NO
1,38302,140104,1069.01,failed,online,2025-12-08,NO
1363,44933,145237,866.79,completed,online,2025-12-08,NO
1,41012,145615,1032.91,failed,online,2025-12-08,NO
1604,46689,146721,1540.48,failed,online,2025-12-08,NO
119,17908,149367,1102.64,completed,online,2025-12-08,NO
2050,5402,2954,1212.38,failed,online,2025-07-19,NO
1,24171,5725,977.81,completed,online,2025-07-19,NO
2899,40076,6290,1356.12,completed,online,2025-07-19,NO
3130,13215,9526,1755.15,completed,online,2025-07-19,NO
3665,29679,11060,1278.79,completed,online,2025-07-19,NO
4992,27921,11071,544.59,completed,online,2025-07-19,NO
1,2561,11563,403.64,failed,online,2025-07-19,NO
1,34412,13592,1429.61,failed,online,2025-07-19,NO
1124,46647,14270,476.81,completed,online,2025-07-19,NO
4511,43722,14763,1412.69,completed,online,2025-07-19,NO
586,22649,16060,1524.54,failed,online,2025-07-19,NO
97,41394,16245,277.53,failed,online,2025-07-19,NO
1,6630,19525,1868.42,failed,online,2025-07-19,NO
4466,21609,21406,68.59,completed,online,2025-07-19,NO
1,48049,22450,262.08,failed,online,2025-07-19,NO
1240,27370,23287,960.34,failed,online,2025-07-19,NO
1,20018,24346,328.01,completed,online,2025-07-19,NO
4490,44857,25170,1343.67,failed,online,2025-07-19,NO
684,14517,31494,953.0,failed,online,2025-07-19,NO
3862,46358,35998,939.09,completed,online,2025-07-19,NO
2380,29526,42508,11.12,failed,online,2025-07-19,NO
1944,38389,42939,295.99,failed,online,2025-07-19,NO
1815,9698,44242,1001.27,failed,online,2025-07-19,NO
2839,44766,45617,182.61,failed,online,2025-07-19,NO
1,19708,48716,1648.27,completed,online,2025-07-19,NO
1054,5278,49871,1676.98,failed,online,2025-07-19,NO
4968,227,51030,1083.75,completed,online,2025-07-19,NO
1,44114,52736,1540.08,failed,online,2025-07-19,NO
4312,6804,53779,1543.23,completed,online,2025-07-19,NO
2335,39233,55041,519.91,failed,online,2025-07-19,NO
4370,42380,55191,254.59,completed,online,2025-07-19,NO
1,16172,61857,302.03,failed,online,2025-07-19,NO
4369,34263,66014,1371.78,completed,online,2025-07-19,NO
4324,4928,71563,1825.96,failed,online,2025-07-19,NO
4837,1338,73755,551.01,failed,online,2025-07-19,NO
325,31592,73978,1233.58,completed,online,2025-07-19,NO
1,17878,83050,300.77,failed,online,2025-07-19,NO
3662,25746,83480,82.45,failed,online,2025-07-19,NO
745,19564,83937,1036.5,completed,online,2025-07-19,NO
4535,47036,86611,155.84,failed,online,2025-07-19,NO
4811,32359,86916,289.55,completed,online,2025-07-19,NO
3314,28775,87051,150.78,completed,online,2025-07-19,NO
771,43413,89290,387.39,failed,online,2025-07-19,NO
3269,11338,92133,1434.51,completed,online,2025-07-19,NO
1196,4847,92798,1041.91,failed,online,2025-07-19,NO
518,48270,94907,1172.44,failed,online,2025-07-19,NO
2531,49577,98000,744.49,completed,online,2025-07-19,NO
3146,18881,99840,904.32,completed,online,2025-07-19,NO
450,47857,99865,1643.77,failed,online,2025-07-19,NO
1,1521,100588,1072.33,failed,online,2025-07-19,NO
1,47812,106180,1894.97,completed,online,2025-07-19,NO
3784,9605,106763,775.78,completed,online,2025-07-19,NO
1821,16112,107631,1891.84,completed,online,2025-07-19,NO
1342,18981,108398,1551.26,failed,online,2025-07-19,NO
425,17774,108470,1527.89,failed,online,2025-07-19,NO
228,49427,109203,1112.4,failed,online,2025-07-19,NO
4833,13408,115786,1180.8,failed,online,2025-07-19,NO
1149,11020,122486,1541.94,completed,online,2025-07-19,NO
4458,30,122732,1412.66,completed,online,2025-07-19,NO
1409,24343,124394,212.66,failed,online,2025-07-19,NO
3654,30605,125271,1616.51,completed,online,2025-07-19,NO
2998,6001,126209,337.47,completed,online,2025-07-19,NO
1107,29776,126585,1594.96,failed,UNKNOWN,2025-07-19,NO
3659,38322,127492,1413.47,failed,online,2025-07-19,NO
1,37216,129675,6267.316987940683,failed,online,2025-07-19,NO
1208,45984,130262,1113.8,failed,online,2025-07-19,NO
2203,7656,130378,976.46,failed,online,2025-07-19,NO
2503,18652,130950,1920.18,completed,online,2025-07-19,NO
2526,2692,131301,1661.02,completed,online,2025-07-19,NO
4621,45936,132514,180.75,completed,online,2025-07-19,NO
1,22659,135056,686.02,failed,online,2025-07-19,NO
2541,22885,137758,1549.49,failed,online,2025-07-19,NO
525,42196,138900,1222.76,completed,UNKNOWN,2025-07-19,NO
1818,27939,140443,1993.29,failed,online,2025-07-19,NO
1,5457,141519,806.27,failed,online,2025-07-19,NO
1,34432,142108,1210.37,failed,online,2025-07-19,NO
2731,4438,148147,81.37,failed,online,2025-07-19,NO
1,17102,149103,1952.85,failed,online,2025-07-19,NO
2866,37955,3432,67.26,failed,online,2025-07-15,NO
4903,41271,7017,1217.82,failed,online,2025-07-15,NO
478,31827,7512,1769.38,failed,online,2025-07-15,NO
116,5564,10971,1898.74,failed,online,2025-07-15,NO
1027,8090,13174,1799.35,failed,online,2025-07-15,NO
3486,38717,13999,599.7,completed,online,2025-07-15,NO
2685,27226,14612,632.83,failed,online,2025-07-15,NO
1,38297,15709,974.5,failed,online,2025-07-15,NO
1,18430,17411,441.9,failed,online,2025-07-15,NO
185,40361,18736,57.0,failed,online,2025-07-15,NO
1,37505,19083,1235.55,failed,online,2025-07-15,NO
940,19565,19543,1470.45,completed,online,2025-07-15,NO
289,33984,22163,1913.87,failed,online,2025-07-15,NO
4792,48161,24456,415.07,completed,online,2025-07-15,NO
813,14098,26127,870.84,failed,online,2025-07-15,NO
3784,5465,29042,1105.86,failed,online,2025-07-15,NO
4870,10593,37416,1650.81,completed,online,2025-07-15,NO
1422,48158,39722,820.06,completed,online,2025-07-15,NO
3053,41292,41588,1241.19,failed,online,2025-07-15,NO
3829,49114,47758,1389.66,completed,online,2025-07-15,NO
2357,4728,49798,495.39,completed,online,2025-07-15,NO
1258,10572,51189,1369.27,failed,online,2025-07-15,NO
4943,12707,55896,1989.96,failed,UNKNOWN,2025-07-15,NO
593,4612,56724,1167.63,completed,online,2025-07-15,NO
4377,28336,58139,759.41,completed,online,2025-07-15,NO
1,40884,60473,1206.66,failed,online,2025-07-15,NO
440,6485,61457,1490.29,failed,online,2025-07-15,NO
2015,40200,62170,1221.15,completed,online,2025-07-15,NO
816,27437,62364,356.6,completed,online,2025-07-15,NO
1850,9023,64085,445.3,failed,online,2025-07-15,NO
1550,35242,65987,1079.75,completed,online,2025-07-15,NO
494,23815,67275,578.89,failed,online,2025-07-15,NO
2521,17648,69440,9389.78003833248,failed,online,2025-07-15,NO
1713,47037,70430,1623.19,completed,online,2025-07-15,NO
60,15902,70691,1049.59,completed,online,2025-07-15,NO
3210,48083,72721,1587.27,completed,online,2025-07-15,NO
2582,26705,73400,1263.99,failed,online,2025-07-15,NO
1765,25080,74184,883.22,failed,online,2025-07-15,NO
459,622,74315,342.71,failed,online,2025-07-15,NO
3726,32228,74326,1044.59,failed,online,2025-07-15,NO
1,38637,75576,936.01,failed,online,2025-07-15,NO
2205,36538,75839,362.57,failed,online,2025-07-15,NO
1,31309,75892,1228.45,failed,online,2025-07-15,NO
1230,23498,80015,1912.99,completed,online,2025-07-15,NO
3970,777,81885,380.77,failed,online,2025-07-15,NO
1179,2166,81942,117.44,completed,online,2025-07-15,NO
1,29293,86989,187.47,completed,online,2025-07-15,NO
3215,12664,87698,108.13,completed,online,2025-07-15,NO
1884,18880,89962,223.04,failed,online,2025-07-15,NO
1,41982,91977,1970.4,failed,online,2025-07-15,NO
4197,35955,92304,1652.91,failed,online,2025-07-15,NO
4006,47929,94034,1295.8,failed,online,2025-07-15,NO
1,13349,94861,418.05,failed,online,2025-07-15,NO
2325,4181,95149,752.39,failed,online,2025-07-15,NO
2990,47592,97468,1628.32,completed,online,2025-07-15,NO
2725,43898,98029,838.05,failed,online,2025-07-15,NO
49,26979,106716,494.72,completed,UNKNOWN,2025-07-15,NO
1824,45546,106956,1292.52,failed,online,2025-07-15,NO
1780,17625,107448,1614.3,completed,online,2025-07-15,NO
2114,18987,109339,1888.99,completed,online,2025-07-15,NO
4256,46459,112016,921.98,failed,online,2025-07-15,NO
3606,49760,120471,1369.67,failed,online,2025-07-15,NO
1,36382,121288,1550.22,failed,online,2025-07-15,NO
2205,43032,123658,1663.08,completed,online,2025-07-15,NO
589,29681,124049,173.81,failed,online,2025-07-15,NO
1,42555,126666,1019.69,completed,online,2025-07-15,NO
681,49223,126724,1582.91,completed,online,2025-07-15,NO
3531,45733,128526,236.7,failed,online,2025-07-15,NO
4681,41252,129240,1367.63,completed,online,2025-07-15,NO
154,8464,130116,293.61,failed,online,2025-07-15,NO
3564,6614,134029,791.6,completed,online,2025-07-15,NO
4301,29119,134977,1197.8,completed,online,2025-07-15,NO
2431,34950,135258,1448.16,completed,online,2025-07-15,NO
1921,39328,136404,1440.21,failed,online,2025-07-15,NO
659,6571,136837,470.56,completed,online,2025-07-15,NO
363,31070,138297,265.73,failed,online,2025-07-15,NO
3356,39897,140932,321.9,completed,online,2025-07-15,NO
2913,46049,145240,631.46,completed,online,2025-07-15,NO
2187,37054,3930,1926.27,failed,online,2025-02-14,NO
1,49177,4692,513.8,failed,online,2025-02-14,NO
592,38427,7108,1027.64,completed,online,2025-02-14,NO
4426,30962,8034,1980.77,failed,online,2025-02-14,NO
4201,41239,10347,201.31,failed,online,2025-02-14,NO
3951,29644,11981,1015.98,failed,online,2025-02-14,NO
1,29961,12821,1246.92,failed,online,2025-02-14,NO
911,33654,13677,741.53,completed,online,2025-02-14,NO
2605,19152,14037,1415.32,failed,online,2025-02-14,NO
1840,34424,17691,573.56,failed,online,2025-02-14,NO
3532,20848,18326,1926.58,failed,online,2025-02-14,NO
1725,42043,19285,349.06,failed,online,2025-02-14,NO
4215,9525,20893,800.31,failed,online,2025-02-14,NO
4917,6561,25907,530.18,failed,online,2025-02-14,NO
583,247,28413,938.89,failed,online,2025-02-14,NO
1251,4619,28970,1466.29,completed,online,2025-02-14,NO
1,41082,29094,1738.72,failed,online,2025-02-14,NO
3463,3771,31359,1670.2,completed,online,2025-02-14,NO
761,4682,31651,1812.49,failed,online,2025-02-14,NO
4491,45608,34240,940.34,failed,online,2025-02-14,NO
1,44269,34452,538.24,completed,online,2025-02-14,NO
4659,15894,44225,1659.59,completed,online,2025-02-14,NO
3120,8235,44302,1764.08,failed,online,2025-02-14,NO
1,4027,44336,1890.88,completed,online,2025-02-14,NO
1525,35329,45609,770.21,failed,online,2025-02-14,NO
2296,39120,46697,1896.5,failed,online,2025-02-14,NO
1,21467,50145,1911.34,failed,online,2025-02-14,NO
4237,29433,50481,1549.9,completed,online,2025-02-14,NO
2070,47948,55424,367.89,failed,online,2025-02-14,NO
4610,33198,55584,1798.73,failed,online,2025-02-14,NO
1865,11642,60389,1349.15,failed,online,2025-02-14,NO
3266,41529,61538,1520.42,completed,online,2025-02-14,NO
1,34509,61619,1393.95,completed,online,2025-02-14,NO
4103,20504,61886,956.87,completed,online,2025-02-14,NO
1628,2693,61890,918.28,completed,online,2025-02-14,NO
1833,25829,62762,1588.09,failed,online,2025-02-14,NO
2456,24483,66889,1894.25,completed,online,2025-02-14,NO
2583,25626,68568,1336.3,failed,online,2025-02-14,NO
2213,15702,69129,1110.95,failed,online,2025-02-14,NO
1,8225,75374,1149.8,completed,online,2025-02-14,NO
2503,15988,76570,538.66,failed,online,2025-02-14,NO
1,14634,77801,1120.17,failed,online,2025-02-14,NO
675,28982,78534,830.94,completed,online,2025-02-14,NO
3471,13874,82075,813.12,failed,online,2025-02-14,NO
1,942,90978,1015.52,completed,online,2025-02-14,NO
2425,20057,93788,428.92,completed,online,2025-02-14,NO
4315,26802,94951,880.9,completed,online,2025-02-14,NO
3751,22373,97433,5842.1783270037495,failed,online,2025-02-14,NO
3345,11164,98068,1214.67,failed,online,2025-02-14,NO
4416,21729,100652,255.05,completed,online,2025-02-14,NO
2592,22897,101108,1178.95,failed,online,2025-02-14,NO
2928,13260,102604,1679.4,failed,online,2025-02-14,NO
641,19290,102702,1968.78,completed,online,2025-02-14,NO
2608,10660,105350,509.43,completed,online,2025-02-14,NO
2239,43890,106878,875.06,failed,online,2025-02-14,NO
3210,24226,109474,102.24,completed,online,2025-02-14,NO
4527,28903,110175,381.74,failed,online,2025-02-14,NO
66,18841,114019,489.01,completed,online,2025-02-14,NO
4359,41427,115864,132.82,failed,online,2025-02-14,NO
3771,43216,117238,42.9,failed,online,2025-02-14,NO
1,12966,118100,1182.93,completed,online,2025-02-14,NO
3025,42514,118261,697.32,completed,online,2025-02-14,NO
3273,32003,120143,744.77,completed,online,2025-02-14,NO
1,8208,121190,1455.79,failed,online,2025-02-14,NO
4135,47844,121995,773.7,completed,online,2025-02-14,NO
3973,49858,125158,469.59,completed,online,2025-02-14,NO
1074,42546,126625,13.34,failed,online,2025-02-14,NO
1776,26175,128511,98.01,failed,online,2025-02-14,NO
770,24862,129084,771.82,failed,online,2025-02-14,NO
485,10533,129842,489.65,failed,online,2025-02-14,NO
2946,49999,133302,278.6,completed,online,2025-02-14,NO
2254,29008,134573,400.88,completed,online,2025-02-14,NO
1,286,135567,277.49,failed,online,2025-02-14,NO
1461,17362,140224,706.58,failed,online,2025-02-14,NO
2315,4557,140746,1922.05,completed,online,2025-02-14,NO
3464,9468,143557,1283.83,failed,online,2025-02-14,NO
490,12033,148260,1556.81,failed,online,2025-02-14,NO
312,6854,149722,631.69,completed,online,2025-02-14,NO
1299,41669,18530,1162.23,completed,online,2025-11-10,NO
546,2583,19134,1507.79,failed,online,2025-11-10,NO
1471,10297,19175,1360.42,failed,online,2025-11-10,NO
1,5079,23289,164.63,failed,online,2025-11-10,NO
78,9488,24389,1473.34,failed,online,2025-11-10,NO
715,47805,24756,549.65,completed,online,2025-11-10,NO
4717,36853,25108,444.23,completed,online,2025-11-10,NO
1723,14270,25389,1788.11,failed,online,2025-11-10,NO
4299,4196,26156,1658.2,failed,online,2025-11-10,NO
1,43249,27440,1045.44,completed,online,2025-11-10,NO
3208,13303,28070,1522.51,completed,online,2025-11-10,NO
1,29878,29001,1944.58,failed,online,2025-11-10,NO
2776,42102,29236,1205.47,completed,online,2025-11-10,NO
1755,27015,32097,788.03,completed,online,2025-11-10,NO
1,33204,32343,784.13,failed,online,2025-11-10,NO
4530,35231,34486,530.42,failed,online,2025-11-10,NO
511,42028,38161,817.4,completed,online,2025-11-10,NO
2259,18216,42053,1777.75,completed,UNKNOWN,2025-11-10,NO
1,49995,42952,22.05,failed,online,2025-11-10,NO
1,37297,43228,560.03,failed,online,2025-11-10,NO
4754,12138,45689,730.67,completed,online,2025-11-10,NO
4604,4119,50564,511.11,failed,online,2025-11-10,NO
2955,43469,51721,1728.56,failed,online,2025-11-10,NO
2716,21299,55538,441.04,completed,online,2025-11-10,NO
1,26182,56295,402.75,failed,online,2025-11-10,NO
1,13246,58938,594.59,failed,online,2025-11-10,NO
34,21036,60386,1750.58,completed,online,2025-11-10,NO
2551,10049,61186,1741.1,failed,online,2025-11-10,NO
475,38159,64963,467.1,completed,online,2025-11-10,NO
3959,7843,65023,579.62,failed,online,2025-11-10,NO
3962,8992,65465,979.48,failed,online,2025-11-10,NO
1793,31571,65648,1019.09,failed,online,2025-11-10,NO
4035,49994,68643,808.67,completed,online,2025-11-10,NO
2621,4642,69160,1919.49,failed,online,2025-11-10,NO
2579,23365,71382,403.58,failed,online,2025-11-10,NO
285,22406,72570,1736.81,failed,online,2025-11-10,NO
2513,30798,73521,387.16,completed,online,2025-11-10,NO
1,31504,74407,236.08,completed,online,2025-11-10,NO
1354,7615,75006,1044.84,completed,online,2025-11-10,NO
1,32621,80051,431.17,completed,online,2025-11-10,NO
3497,41495,83100,1930.63,completed,online,2025-11-10,NO
3655,29532,83348,774.31,failed,online,2025-11-10,NO
1636,18810,84990,1038.96,failed,online,2025-11-10,NO
4031,31202,87519,1634.89,completed,online,2025-11-10,NO
864,45432,87533,1047.01,completed,online,2025-11-10,NO
4714,36744,87953,671.0,completed,online,2025-11-10,NO
598,19639,93003,348.39,completed,online,2025-11-10,NO
1,24254,93874,1150.61,failed,online,2025-11-10,NO
2263,34209,94919,1307.63,completed,online,2025-11-10,NO
3614,5036,99052,54.64,completed,online,2025-11-10,NO
2085,3967,99753,721.09,completed,online,2025-11-10,NO
1169,46489,102345,1861.84,failed,online,2025-11-10,NO
794,35922,104411,1779.51,failed,online,2025-11-10,NO
3405,19230,108842,255.18,failed,online,2025-11-10,NO
1,40306,110779,853.68,failed,online,2025-11-10,NO
4543,46017,110929,1877.52,completed,online,2025-11-10,NO
4702,34451,112465,1154.5,completed,online,2025-11-10,NO
3876,17255,112957,980.69,failed,online,2025-11-10,NO
1,1949,116682,442.72,failed,online,2025-11-10,NO
2254,43680,118042,668.84,completed,online,2025-11-10,NO
1681,47222,119412,1868.91,completed,online,2025-11-10,NO
1,31958,120070,1574.05,completed,online,2025-11-10,NO
1936,5435,121677,553.22,failed,online,2025-11-10,NO
1,6256,122739,19.77,failed,online,2025-11-10,NO
4657,42019,124239,929.65,failed,online,2025-11-10,NO
4857,6267,125709,1786.47,completed,online,2025-11-10,NO
1671,2571,128791,1132.6,failed,online,2025-11-10,NO
449,31121,131158,547.07,failed,online,2025-11-10,NO
3779,20823,139287,1814.71,completed,online,2025-11-10,NO
2317,24236,139686,915.89,failed,online,2025-11-10,NO
1,27464,141761,1124.53,failed,online,2025-11-10,NO
4624,11757,141995,1357.18,completed,online,2025-11-10,NO
4103,9806,142146,84.51,completed,online,2025-11-10,NO
969,20585,144110,340.21,completed,online,2025-11-10,NO
3128,164,144455,1239.57,completed,online,2025-11-10,NO
310,33079,149149,120.19,failed,online,2025-11-10,NO
4763,20499,149496,563.3,failed,online,2025-11-10,NO
1408,41634,149611,1744.88,completed,online,2025-11-10,NO
1,23580,839,1301.7,completed,online,2025-05-22,NO
552,11078,1146,1818.57,failed,online,2025-05-22,NO
2884,31158,6803,559.07,failed,online,2025-05-22,NO
1,45510,8546,1154.2,completed,online,2025-05-22,NO
2363,48932,9953,1327.98,completed,online,2025-05-22,NO
4423,6993,12481,1012.73,failed,online,2025-05-22,NO
1604,6544,14084,1446.3,completed,online,2025-05-22,NO
705,38604,15457,1562.03,failed,online,2025-05-22,NO
3371,6387,15648,1454.57,failed,online,2025-05-22,NO
3751,47197,16272,1769.44,failed,online,2025-05-22,NO
3964,29419,16393,946.52,completed,online,2025-05-22,NO
3652,24364,16728,1327.58,failed,online,2025-05-22,NO
3602,43094,19680,1021.39,completed,online,2025-05-22,NO
1243,36461,20650,1297.85,failed,online,2025-05-22,NO
1153,39042,21342,1769.35,failed,online,2025-05-22,NO
4354,32879,27259,177.13,failed,online,2025-05-22,NO
1,17986,28915,1400.81,completed,online,2025-05-22,NO
1,46018,30686,565.37,completed,online,2025-05-22,NO
3329,29749,32042,1580.44,failed,online,2025-05-22,NO
209,28882,33745,54.38,failed,online,2025-05-22,NO
3204,40494,34772,1483.28,failed,online,2025-05-22,NO
1,38459,35508,666.98,failed,online,2025-05-22,NO
1,34375,36910,1992.21,completed,online,2025-05-22,NO
4787,7814,39081,190.83,completed,online,2025-05-22,NO
1003,7614,39501,562.28,failed,online,2025-05-22,NO
1365,14753,46101,780.09,completed,online,2025-05-22,NO
4559,30325,48622,636.1,completed,online,2025-05-22,NO
4466,23289,54007,9728.841438189665,failed,online,2025-05-22,NO
2772,4723,56423,1028.82,completed,online,2025-05-22,NO
814,26068,59600,581.46,completed,online,2025-05-22,NO
2273,24761,60556,819.02,completed,online,2025-05-22,NO
1,40799,60572,403.91,failed,online,2025-05-22,NO
2583,20701,61464,453.09,completed,online,2025-05-22,NO
4941,13649,63999,32.36,completed,online,2025-05-22,NO
2963,43787,64889,436.01,failed,online,2025-05-22,NO
1,45348,65797,1149.9,failed,online,2025-05-22,NO
2440,8176,70375,400.38,failed,online,2025-05-22,NO
842,34383,70487,802.23,failed,online,2025-05-22,NO
4424,20223,73071,1073.9,completed,online,2025-05-22,NO
335,21326,74848,858.12,failed,online,2025-05-22,NO
145,2797,75801,380.75,completed,online,2025-05-22,NO
1,26342,81376,1532.39,failed,online,2025-05-22,NO
2915,1612,82458,1907.48,failed,online,2025-05-22,NO
4309,15331,85019,1336.03,failed,online,2025-05-22,NO
1,42938,90967,1903.19,completed,online,2025-05-22,NO
4116,18073,94462,332.63,completed,online,2025-05-22,NO
2192,7883,95521,273.56,completed,online,2025-05-22,NO
2802,48078,96585,623.06,completed,online,2025-05-22,NO
3938,23701,97148,1115.38,completed,online,2025-05-22,NO
1034,349,98544,1204.84,completed,online,2025-05-22,NO
2165,42911,98729,1603.7,completed,online,2025-05-22,NO
2647,18374,100197,590.84,completed,online,2025-05-22,NO
679,36687,101064,1580.65,completed,online,2025-05-22,NO
2085,41536,103213,402.34,completed,online,2025-05-22,NO
1,49163,104979,1200.68,completed,online,2025-05-22,NO
1978,44602,108130,812.28,completed,online,2025-05-22,NO
2095,15959,110575,967.91,completed,online,2025-05-22,NO
4221,19711,110690,258.58,failed,online,2025-05-22,NO
4406,42200,114770,367.57,completed,online,2025-05-22,NO
3175,19371,116271,389.04,completed,online,2025-05-22,NO
1,29007,117085,966.51,completed,online,2025-05-22,NO
4885,44452,121607,1150.71,completed,online,2025-05-22,NO
1,33108,121733,1392.89,failed,online,2025-05-22,NO
2135,47496,127472,128.92,completed,online,2025-05-22,NO
2138,11932,128238,1400.96,completed,online,2025-05-22,NO
1927,34792,129236,1525.2,failed,UNKNOWN,2025-05-22,NO
1371,7325,131051,991.61,completed,online,2025-05-22,NO
1,7673,132536,1111.59,failed,online,2025-05-22,NO
3785,11735,136642,164.02,completed,online,2025-05-22,NO
2304,13584,137460,519.31,completed,online,2025-05-22,NO
3410,37176,137647,886.78,failed,online,2025-05-22,NO
1677,6808,137813,250.53,completed,online,2025-05-22,NO
1670,14906,140477,1487.0,failed,online,2025-05-22,NO
3384,36440,143588,1834.15,failed,online,2025-05-22,NO
2034,26177,144166,1430.93,completed,online,2025-05-22,NO
253,41163,147432,1681.45,completed,online,2025-05-22,NO
1168,42669,148632,74.96,failed,online,2025-05-22,NO
3548,26531,145,43.75,completed,online,2025-04-07,NO
1,15003,2132,874.36,failed,online,2025-04-07,NO
668,13519,3868,266.81,completed,online,2025-04-07,NO
2590,27967,4827,1963.8,completed,online,2025-04-07,NO
2067,13052,5996,1958.72,failed,online,2025-04-07,NO
3580,5562,6702,1601.78,completed,online,2025-04-07,NO
1510,5268,6957,456.73,failed,online,2025-04-07,NO
1,31387,7027,1888.93,failed,online,2025-04-07,NO
920,6074,8711,251.83,completed,online,2025-04-07,NO
3394,14988,10696,16.91,failed,online,2025-04-07,NO
2687,5127,12825,791.52,completed,online,2025-04-07,NO
3697,14190,13252,1341.2,completed,online,2025-04-07,NO
3358,1105,15428,1344.15,completed,online,2025-04-07,NO
2383,43133,15677,1801.29,failed,online,2025-04-07,NO
50,45436,24490,1290.26,failed,online,2025-04-07,NO
1,6531,25554,1222.31,failed,online,2025-04-07,NO
328,28814,26117,259.65,completed,online,2025-04-07,NO
1,13759,26146,1445.38,failed,online,2025-04-07,NO
4936,22216,26463,1406.28,completed,online,2025-04-07,NO
2204,20566,38823,1662.16,failed,online,2025-04-07,NO
4321,33717,39911,121.14,completed,online,2025-04-07,NO
1,47688,43002,1771.73,completed,online,2025-04-07,NO
1,8347,45600,1354.81,completed,online,2025-04-07,NO
2339,26393,49508,1483.04,completed,online,2025-04-07,NO
1318,40191,52342,886.56,completed,online,2025-04-07,NO
1,18619,53559,517.31,failed,online,2025-04-07,NO
3814,18193,54814,1141.44,completed,online,2025-04-07,NO
4253,314,54998,889.51,failed,online,2025-04-07,NO
2389,28658,58210,732.29,failed,online,2025-04-07,NO
4033,35318,60933,847.23,completed,online,2025-04-07,NO
1,41624,62482,264.2,failed,UNKNOWN,2025-04-07,NO
1829,40470,70558,465.58,failed,online,2025-04-07,NO
1,46724,71691,1313.59,failed,online,2025-04-07,NO
1,47263,71762,19.31,failed,online,2025-04-07,NO
1,42107,74421,1925.87,completed,online,2025-04-07,NO
1,25398,74577,1696.51,completed,online,2025-04-07,NO
3609,28682,76348,783.92,failed,online,2025-04-07,NO
2897,38271,77490,1967.94,completed,online,2025-04-07,NO
2225,4722,81394,1900.94,completed,online,2025-04-07,NO
2489,30107,81732,1033.54,failed,online,2025-04-07,NO
4681,43353,84322,271.59,failed,online,2025-04-07,NO
1,24766,86126,632.3,failed,online,2025-04-07,NO
1,45294,87095,1528.44,completed,online,2025-04-07,NO
1548,40923,94629,814.18,failed,online,2025-04-07,NO
1196,33752,99136,287.88,failed,online,2025-04-07,NO
2160,24337,99781,966.4,completed,online,2025-04-07,NO
1,27051,102551,1457.96,completed,online,2025-04-07,NO
3347,48277,102945,1913.28,failed,online,2025-04-07,NO
741,8603,108088,648.4,failed,online,2025-04-07,NO
928,44416,108763,1084.68,failed,online,2025-04-07,NO
2573,38389,114597,28.33,failed,online,2025-04-07,NO
3555,9225,116452,520.41,completed,online,2025-04-07,NO
1790,48777,116915,859.91,completed,online,2025-04-07,NO
1569,6900,117157,1699.39,completed,online,2025-04-07,NO
2961,20861,117985,917.6,completed,online,2025-04-07,NO
529,2926,118721,919.98,failed,online,2025-04-07,NO
2189,6216,119563,570.26,completed,online,2025-04-07,NO
3885,15192,120751,1870.41,failed,online,2025-04-07,NO
1744,19820,124090,855.74,completed,online,2025-04-07,NO
2653,39101,124535,812.34,completed,online,2025-04-07,NO
766,49728,125538,1027.93,failed,online,2025-04-07,NO
1,49039,127563,1714.37,failed,online,2025-04-07,NO
444,20613,127587,984.41,completed,UNKNOWN,2025-04-07,NO
2866,32098,127965,901.76,completed,online,2025-04-07,NO
2614,15633,128934,1787.22,failed,online,2025-04-07,NO
4126,5368,129063,1617.33,completed,online,2025-04-07,NO
1823,16156,132802,743.08,failed,online,2025-04-07,NO
1,16414,133873,1157.94,failed,online,2025-04-07,NO
592,8512,138499,685.57,completed,online,2025-04-07,NO
4565,33502,140332,459.96,completed,online,2025-04-07,NO
1048,43280,142180,1965.27,failed,online,2025-04-07,NO
3041,47786,143499,708.74,failed,online,2025-04-07,NO
3860,24192,147778,245.39,completed,online,2025-04-07,NO
175,29249,148410,194.8,failed,online,2025-04-07,NO
4994,49403,148562,1600.7,completed,online,2025-04-07,NO
4763,44770,149456,313.0,completed,online,2025-04-07,NO
4380,15955,149583,1540.4,failed,online,2025-04-07,NO
4737,14470,149778,405.27,completed,online,2025-04-07,NO
476,10980,3640,454.73,completed,online,2025-09-23,NO
2952,18049,6535,666.13,completed,online,2025-09-23,NO
4605,37372,7486,1691.28,completed,online,2025-09-23,NO
3923,25347,8677,1423.59,completed,online,2025-09-23,NO
4363,6822,9633,770.83,failed,online,2025-09-23,NO
1595,37994,11872,933.64,failed,online,2025-09-23,NO
1459,32691,14259,1198.82,completed,online,2025-09-23,NO
1635,25669,16673,488.11,failed,online,2025-09-23,NO
3839,23666,16961,296.48,completed,online,2025-09-23,NO
1652,38608,19599,1009.08,failed,online,2025-09-23,NO
142,33324,21454,84.25,completed,online,2025-09-23,NO
2722,35838,24066,1994.22,completed,online,2025-09-23,NO
1,15279,25027,408.79,completed,online,2025-09-23,NO
1,25674,25568,369.7,completed,online,2025-09-23,NO
2133,24721,25800,1802.76,completed,online,2025-09-23,NO
1875,11588,28518,1518.98,failed,online,2025-09-23,NO
2206,48044,32091,90.14,completed,online,2025-09-23,NO
744,37969,33232,589.2,completed,online,2025-09-23,NO
694,33215,34936,1490.85,failed,online,2025-09-23,NO
3912,29023,36113,256.45,failed,online,2025-09-23,NO
2364,13316,37237,1156.76,completed,online,2025-09-23,NO
4603,40779,39443,1137.19,completed,online,2025-09-23,NO
1,45046,40251,998.17,completed,online,2025-09-23,NO
947,10790,41124,152.16,failed,online,2025-09-23,NO
3429,391,41450,686.22,failed,online,2025-09-23,NO
507,49074,41504,1364.04,failed,online,2025-09-23,NO
3111,6335,42586,1320.28,completed,online,2025-09-23,NO
2942,42320,47144,416.44,failed,online,2025-09-23,NO
1,4752,49690,453.86,failed,online,2025-09-23,NO
1098,5896,49734,27.58,completed,online,2025-09-23,NO
1084,13793,49786,1734.72,completed,online,2025-09-23,NO
1957,11789,51087,1027.39,failed,online,2025-09-23,NO
3600,34470,51781,1742.42,completed,online,2025-09-23,NO
1,1105,52217,1908.71,completed,online,2025-09-23,NO
3133,35313,57440,1619.95,failed,online,2025-09-23,NO
2470,4335,57963,139.45,failed,online,2025-09-23,NO
654,30280,64188,152.13,completed,online,2025-09-23,NO
3667,20596,66265,303.2,completed,online,2025-09-23,NO
2150,11222,66420,987.54,completed,online,2025-09-23,NO
4410,9327,71228,786.98,completed,online,2025-09-23,NO
1527,24593,75337,520.79,completed,online,2025-09-23,NO
209,3179,77477,1611.29,completed,online,2025-09-23,NO
3374,29281,79892,1370.58,failed,online,2025-09-23,NO
1,31606,81833,1712.78,failed,online,2025-09-23,NO
766,34334,85399,1900.5,completed,online,2025-09-23,NO
2120,34369,87443,118.11,completed,online,2025-09-23,NO
1092,23502,91493,535.59,failed,online,2025-09-23,NO
4948,24092,95394,1358.35,failed,online,2025-09-23,NO
4432,17638,95725,507.57,failed,online,2025-09-23,NO
258,12326,96425,670.37,failed,online,2025-09-23,NO
1777,13773,99234,1751.42,completed,online,2025-09-23,NO
3505,33012,99331,1629.99,completed,online,2025-09-23,NO
1914,9206,105634,910.85,failed,online,2025-09-23,NO
3035,37186,106482,285.89,completed,online,2025-09-23,NO
3818,15197,107610,1446.45,completed,online,2025-09-23,NO
1,21910,113730,782.65,failed,online,2025-09-23,NO
1,42277,113899,726.14,failed,online,2025-09-23,NO
1,34909,121056,1422.8,completed,online,2025-09-23,NO
3629,47166,121306,1312.19,completed,online,2025-09-23,NO
1,43272,123054,1443.44,completed,online,2025-09-23,NO
1599,6206,124961,1645.55,completed,online,2025-09-23,NO
3741,28973,125717,1732.27,failed,online,2025-09-23,NO
2382,41621,127389,394.2,completed,online,2025-09-23,NO
4526,21369,128705,1279.8,failed,online,2025-09-23,NO
553,27204,131058,1365.15,failed,online,2025-09-23,NO
4797,19765,133434,423.39,failed,UNKNOWN,2025-09-23,NO
532,37224,134982,1088.58,completed,online,2025-09-23,NO
1036,40361,136690,510.31,completed,online,2025-09-23,NO
4498,12729,138372,1922.91,completed,online,2025-09-23,NO
3727,272,138913,256.66,completed,online,2025-09-23,NO
2029,44758,139089,1162.41,completed,online,2025-09-23,NO
1731,27830,141025,345.2,failed,online,2025-09-23,NO
1,29086,143000,1304.38,failed,online,2025-09-23,NO
3119,43412,144924,438.54,completed,online,2025-09-23,NO
4781,16473,146331,1979.83,failed,online,2025-09-23,NO
4658,42411,147655,706.63,completed,online,2025-09-23,NO
813,18445,149993,1961.35,failed,online,2025-09-23,NO
3175,37494,740,1675.77,failed,online,2025-08-28,NO
1561,28947,793,1904.65,completed,online,2025-08-28,NO
4810,32292,2207,178.94,failed,online,2025-08-28,NO
3122,21493,2505,548.0,failed,online,2025-08-28,NO
4874,40842,3237,69.55,completed,online,2025-08-28,NO
3121,45731,3253,1824.08,failed,online,2025-08-28,NO
1,2733,3724,1276.41,completed,online,2025-08-28,NO
3742,44931,5089,1518.41,completed,online,2025-08-28,NO
3690,38332,6353,1986.75,completed,online,2025-08-28,NO
3744,1060,11055,708.49,completed,online,2025-08-28,NO
2729,19526,12171,1161.64,failed,online,2025-08-28,NO
159,26800,15020,124.75,failed,online,2025-08-28,NO
2700,28901,16397,526.25,failed,online,2025-08-28,NO
2444,11935,18306,1689.74,failed,online,2025-08-28,NO
3039,49999,18803,1094.25,completed,online,2025-08-28,NO
4082,27960,19855,188.35,completed,online,2025-08-28,NO
1,33255,20605,1338.32,completed,online,2025-08-28,NO
3641,11586,21254,103.36,completed,online,2025-08-28,NO
4462,8452,21297,1379.81,completed,online,2025-08-28,NO
2252,28501,22648,1607.84,completed,online,2025-08-28,NO
2571,6208,27450,1197.99,completed,online,2025-08-28,NO
1572,19455,28043,1335.71,failed,online,2025-08-28,NO
1947,49492,32688,1737.98,completed,online,2025-08-28,NO
2303,3616,35605,801.64,failed,online,2025-08-28,NO
1,34489,40269,1609.73,failed,online,2025-08-28,NO
1,7338,46700,1363.11,failed,online,2025-08-28,NO
1,457,49971,911.88,failed,online,2025-08-28,NO
1806,46025,53113,786.4,completed,online,2025-08-28,NO
2851,2913,56289,230.09,failed,online,2025-08-28,NO
1,43661,56833,1188.32,failed,online,2025-08-28,NO
564,39620,58441,1995.33,completed,online,2025-08-28,NO
4579,41898,59080,1282.03,completed,online,2025-08-28,NO
1,35430,62080,1516.33,completed,online,2025-08-28,NO
1,36999,62804,1353.42,failed,online,2025-08-28,NO
1,11833,63107,1546.43,completed,online,2025-08-28,NO
1935,31447,66223,962.76,completed,online,2025-08-28,NO
4413,21005,66675,412.6,completed,online,2025-08-28,NO
3768,30670,68145,103.21,failed,online,2025-08-28,NO
4323,17175,69824,1575.55,completed,online,2025-08-28,NO
4625,38630,70408,1367.9,completed,UNKNOWN,2025-08-28,NO
40,43234,72816,1355.93,completed,online,2025-08-28,NO
3837,31605,73204,371.74,failed,online,2025-08-28,NO
2259,12676,75885,1225.66,failed,online,2025-08-28,NO
1170,14743,76503,1682.14,completed,online,2025-08-28,NO
1311,8215,76900,1995.96,failed,online,2025-08-28,NO
2787,28218,77680,1019.94,completed,online,2025-08-28,NO
470,18524,87743,1163.54,completed,online,2025-08-28,NO
1602,29899,90308,1572.86,completed,online,2025-08-28,NO
1630,31909,90792,1657.53,completed,online,2025-08-28,NO
594,40471,93787,1605.01,completed,online,2025-08-28,NO
3195,41406,95670,1840.53,completed,online,2025-08-28,NO
23,12235,95944,1605.35,completed,online,2025-08-28,NO
1,6002,96381,997.41,completed,online,2025-08-28,NO
4001,19722,96639,1791.9,failed,online,2025-08-28,NO
603,17802,102317,644.89,completed,online,2025-08-28,NO
3136,32900,102723,184.64,failed,online,2025-08-28,NO
1,18396,103699,313.02,failed,online,2025-08-28,NO
2445,15087,106670,1021.74,failed,online,2025-08-28,NO
4277,28698,108777,541.23,completed,online,2025-08-28,NO
3847,909,109968,993.52,completed,online,2025-08-28,NO
2922,44035,110658,1603.56,failed,online,2025-08-28,NO
1,6419,111160,1220.76,completed,online,2025-08-28,NO
3336,32820,111352,1439.62,failed,online,2025-08-28,NO
4235,36831,111808,654.02,failed,online,2025-08-28,NO
1,11643,112210,1402.29,completed,online,2025-08-28,NO
1,34005,112372,1441.32,failed,online,2025-08-28,NO
1,37104,112418,1148.29,completed,online,2025-08-28,NO
1901,25342,116879,842.79,completed,online,2025-08-28,NO
3245,48189,117850,1624.95,completed,online,2025-08-28,NO
4520,20495,131718,774.88,completed,online,2025-08-28,NO
4378,2397,131801,1933.33,completed,online,2025-08-28,NO
2414,38611,135065,18.97,failed,online,2025-08-28,NO
504,38462,138443,1844.57,completed,online,2025-08-28,NO
769,28551,140840,347.43,completed,online,2025-08-28,NO
4389,5256,144529,1674.54,completed,online,2025-08-28,NO
4671,18300,147518,425.67,completed,online,2025-08-28,NO
1,34916,148784,425.72,completed,online,2025-08-28,NO
3751,14490,161,1745.55,failed,online,2025-02-03,NO
514,21120,1513,1345.92,completed,online,2025-02-03,NO
419,12361,4731,1949.17,completed,online,2025-02-03,NO
2044,48348,6360,859.77,failed,online,2025-02-03,NO
2558,47826,10607,1823.77,failed,online,2025-02-03,NO
1550,21285,12637,1132.63,failed,online,2025-02-03,NO
1428,16878,12934,265.87,completed,online,2025-02-03,NO
1621,39089,13230,8046.68242815039,completed,online,2025-02-03,NO
1451,20595,19150,1768.67,completed,online,2025-02-03,NO
2274,46963,19856,36.7,completed,online,2025-02-03,NO
3865,47236,22396,383.96,completed,online,2025-02-03,NO
550,13501,24063,873.56,failed,online,2025-02-03,NO
1,27274,24499,1670.81,completed,online,2025-02-03,NO
2440,14967,27649,1084.93,completed,online,2025-02-03,NO
542,21576,28572,102.06,completed,online,2025-02-03,NO
1,42393,29872,1709.06,completed,online,2025-02-03,NO
1,33117,33876,757.48,completed,online,2025-02-03,NO
4676,13403,35480,1952.38,completed,online,2025-02-03,NO
1594,13190,37055,526.44,failed,online,2025-02-03,NO
637,30668,37694,1968.33,completed,online,2025-02-03,NO
4817,32035,39732,974.25,failed,online,2025-02-03,NO
1950,47228,41017,1361.56,completed,online,2025-02-03,NO
3257,13810,45031,404.63,failed,online,2025-02-03,NO
3104,25894,45189,1082.18,failed,online,2025-02-03,NO
3846,20590,51227,468.39,completed,online,2025-02-03,NO
4400,5376,51534,294.53,failed,online,2025-02-03,NO
1,20065,51799,955.77,completed,online,2025-02-03,NO
1,44571,54156,1487.81,completed,online,2025-02-03,NO
2005,1089,56642,734.45,completed,online,2025-02-03,NO
2107,24442,56895,1904.82,completed,online,2025-02-03,NO
2596,1062,61199,885.3,failed,online,2025-02-03,NO
1,46087,70023,420.64,completed,online,2025-02-03,NO
4993,49552,73577,1782.14,completed,online,2025-02-03,NO
561,31275,74626,1040.61,failed,online,2025-02-03,NO
1,13859,75460,615.34,completed,online,2025-02-03,NO
4063,30992,79426,769.88,completed,online,2025-02-03,NO
2342,26639,79787,32.53,completed,online,2025-02-03,NO
1453,16727,83972,228.98,failed,online,2025-02-03,NO
2384,26782,85159,946.53,failed,online,2025-02-03,NO
1,43558,86294,285.86,completed,online,2025-02-03,NO
3931,43005,87350,1453.77,completed,online,2025-02-03,NO
1070,21188,88471,1837.23,completed,online,2025-02-03,NO
604,3305,92797,177.09,failed,online,2025-02-03,NO
1324,28278,93342,642.05,failed,online,2025-02-03,NO
1,9052,95702,1930.19,failed,online,2025-02-03,NO
553,3567,95813,1992.31,failed,online,2025-02-03,NO
3686,18301,98721,1686.19,completed,online,2025-02-03,NO
860,28641,100269,1137.09,completed,online,2025-02-03,NO
2503,38845,100635,1023.51,completed,online,2025-02-03,NO
1024,29975,101149,788.92,failed,online,2025-02-03,NO
1,43724,102226,943.09,failed,online,2025-02-03,NO
109,40511,105650,282.44,completed,online,2025-02-03,NO
2207,11754,107044,961.45,failed,UNKNOWN,2025-02-03,NO
757,13159,111829,148.57,failed,online,2025-02-03,NO
1,4380,113060,89.7,failed,online,2025-02-03,NO
1228,17277,113927,988.5,failed,online,2025-02-03,NO
3162,21237,115456,1299.26,completed,online,2025-02-03,NO
2340,41126,119708,30.0,completed,online,2025-02-03,NO
3284,33343,121132,848.78,completed,online,2025-02-03,NO
2618,1307,123634,1983.34,failed,online,2025-02-03,NO
1,24647,124269,1063.06,failed,online,2025-02-03,NO
3293,17026,124991,747.97,completed,online,2025-02-03,NO
1097,928,130280,64.92,failed,online,2025-02-03,NO
4955,43097,130439,498.34,completed,online,2025-02-03,NO
4282,21921,131228,239.43,completed,online,2025-02-03,NO
3097,26833,132504,1863.25,failed,online,2025-02-03,NO
4080,22408,133986,1270.06,failed,online,2025-02-03,NO
1668,36163,134942,63.74,failed,online,2025-02-03,NO
4022,3883,137507,1422.24,failed,online,2025-02-03,NO
2380,19710,138369,1141.37,completed,online,2025-02-03,NO
4857,33497,140705,613.66,completed,online,2025-02-03,NO
4399,6885,140764,885.43,completed,online,2025-02-03,NO
1,36090,144303,369.51,failed,online,2025-02-03,NO
797,12203,144931,608.53,completed,online,2025-02-03,NO
1041,22848,145573,1921.76,failed,online,2025-02-03,NO
878,24106,146084,1330.39,failed,online,2025-02-03,NO
3556,327,146227,1820.64,completed,online,2025-02-03,NO
1602,25178,322,33.15,completed,online,2025-04-02,NO
3590,34412,15740,13.68,completed,online,2025-04-02,NO
2077,6053,16129,719.65,completed,online,2025-04-02,NO
351,2726,18754,838.45,completed,online,2025-04-02,NO
1343,23245,19729,1898.31,failed,online,2025-04-02,NO
1091,3975,21373,973.97,completed,online,2025-04-02,NO
1,24588,26120,60.83,failed,online,2025-04-02,NO
2495,41001,30007,1629.24,failed,online,2025-04-02,NO
73,789,35450,959.42,failed,online,2025-04-02,NO
1,20203,36734,1339.07,failed,online,2025-04-02,NO
2511,9135,39146,889.16,completed,online,2025-04-02,NO
3165,12496,42068,28.02,failed,online,2025-04-02,NO
1,41433,44969,1216.9,completed,online,2025-04-02,NO
2761,39026,45046,1356.32,completed,online,2025-04-02,NO
1,48195,46280,1518.03,failed,online,2025-04-02,NO
2972,18965,47814,1440.85,failed,online,2025-04-02,NO
3776,10664,51266,1676.52,failed,online,2025-04-02,NO
301,38037,52829,1920.4,failed,online,2025-04-02,NO
3275,46016,53109,867.11,failed,online,2025-04-02,NO
2474,4738,54305,1113.45,completed,online,2025-04-02,NO
1,33177,57752,407.88,completed,online,2025-04-02,NO
1,49691,58751,1709.87,completed,online,2025-04-02,NO
1742,6104,59647,1628.62,failed,online,2025-04-02,NO
1,40563,61332,1009.09,failed,online,2025-04-02,NO
3288,17136,62611,1307.84,completed,online,2025-04-02,NO
50,44408,64848,1190.81,failed,UNKNOWN,2025-04-02,NO
2540,4938,67710,992.29,completed,online,2025-04-02,NO
1,43307,68569,321.06,completed,online,2025-04-02,NO
371,16289,68856,214.14,failed,online,2025-04-02,NO
744,21883,70086,1559.48,failed,online,2025-04-02,NO
3592,19871,72347,1402.44,failed,online,2025-04-02,NO
973,31424,74241,1576.52,completed,online,2025-04-02,NO
1942,20314,74604,1085.71,failed,online,2025-04-02,NO
208,45125,75579,851.66,failed,online,2025-04-02,NO
3314,45444,79262,178.86,completed,online,2025-04-02,NO
3225,28943,80332,183.49,completed,online,2025-04-02,NO
375,40732,82897,1090.14,completed,online,2025-04-02,NO
2670,39582,83986,1772.18,completed,online,2025-04-02,NO
1,28974,84773,107.72,completed,online,2025-04-02,NO
4338,48745,85052,594.02,completed,online,2025-04-02,NO
1,8539,86973,1179.21,failed,online,2025-04-02,NO
1155,22539,87595,899.76,failed,online,2025-04-02,NO
718,8921,87982,926.77,failed,online,2025-04-02,NO
60,29908,88369,951.64,completed,online,2025-04-02,NO
1697,17076,88420,491.27,completed,online,2025-04-02,NO
1108,18256,89863,1108.49,completed,online,2025-04-02,NO
3279,18534,91330,224.58,failed,online,2025-04-02,NO
1935,8161,94480,101.69,failed,online,2025-04-02,NO
1,16764,95594,1399.03,failed,online,2025-04-02,NO
2848,18733,96912,1045.67,completed,online,2025-04-02,NO
4990,19945,97993,866.47,completed,online,2025-04-02,NO
1,41873,99579,1811.46,failed,online,2025-04-02,NO
53,22615,101050,1670.58,failed,online,2025-04-02,NO
4986,39425,104475,8950.073271140966,failed,online,2025-04-02,NO
4466,14612,104825,838.09,completed,online,2025-04-02,NO
481,12890,105169,105.0,completed,online,2025-04-02,NO
4782,33668,110215,356.22,failed,online,2025-04-02,NO
1,17748,112101,1590.93,failed,online,2025-04-02,NO
1,20057,113041,15.71,completed,online,2025-04-02,NO
3618,8379,113460,414.45,failed,online,2025-04-02,NO
3016,31762,113695,187.09,failed,online,2025-04-02,NO
4218,7514,114886,1152.59,failed,online,2025-04-02,NO
2884,19496,115386,861.33,completed,online,2025-04-02,NO
2602,31546,116970,1034.14,failed,online,2025-04-02,NO
1,40498,118144,1784.67,completed,online,2025-04-02,NO
1,48422,121223,1824.86,failed,online,2025-04-02,NO
4559,27652,122637,760.14,failed,online,2025-04-02,NO
1,19846,129107,1265.95,failed,online,2025-04-02,NO
1303,5275,132052,680.19,completed,online,2025-04-02,NO
1,20300,134622,704.56,completed,online,2025-04-02,NO
2256,46510,136309,1862.5,completed,online,2025-04-02,NO
3259,44405,139181,1463.92,completed,online,2025-04-02,NO
1,46834,139967,1564.24,failed,online,2025-04-02,NO
304,20321,142561,399.06,failed,online,2025-04-02,NO
3895,43547,145396,1897.89,completed,online,2025-04-02,NO
3016,23640,147280,175.82,failed,online,2025-04-02,NO
1,28541,148442,482.77,completed,online,2025-04-02,NO
2244,22562,149490,1946.53,failed,online,2025-04-02,NO
2077,31880,1162,358.51,failed,online,2025-06-11,NO
3732,48540,5138,40.8,completed,online,2025-06-11,NO
1056,13523,5672,1923.12,completed,online,2025-06-11,NO
2834,19816,5821,646.59,completed,online,2025-06-11,NO
2132,2300,6812,465.19,failed,online,2025-06-11,NO
4062,8526,10440,224.3,failed,online,2025-06-11,NO
1,26259,10564,532.75,completed,online,2025-06-11,NO
1,795,12130,6702.251309366768,failed,online,2025-06-11,NO
1099,23896,12741,1789.16,completed,online,2025-06-11,NO
312,20098,15192,1346.39,failed,online,2025-06-11,NO
4466,29100,17559,688.59,failed,online,2025-06-11,NO
886,10737,19716,380.11,completed,online,2025-06-11,NO
500,31407,22306,1831.8,failed,online,2025-06-11,NO
1,15822,26019,1644.57,failed,online,2025-06-11,NO
414,41237,27204,1740.04,completed,online,2025-06-11,NO
1,45919,27773,1109.73,completed,online,2025-06-11,NO
4577,21505,27827,1745.65,completed,online,2025-06-11,NO
953,24435,30167,1515.31,completed,online,2025-06-11,NO
1,28814,32397,387.26,failed,online,2025-06-11,NO
4233,39463,35386,1365.5,completed,online,2025-06-11,NO
1466,46925,36462,1111.86,completed,online,2025-06-11,NO
4044,39598,40174,1900.76,failed,online,2025-06-11,NO
1,14141,42356,699.88,completed,online,2025-06-11,NO
4412,7483,42611,376.36,completed,online,2025-06-11,NO
1953,4540,45138,1863.17,completed,online,2025-06-11,NO
1003,21296,46002,269.5,completed,online,2025-06-11,NO
972,34668,46598,1126.97,completed,online,2025-06-11,NO
3798,43508,49282,1529.59,completed,online,2025-06-11,NO
381,8193,50390,1963.82,failed,online,2025-06-11,NO
3472,10240,51794,1616.91,failed,online,2025-06-11,NO
3705,21887,52386,645.3,failed,online,2025-06-11,NO
1198,15190,52543,115.0,completed,online,2025-06-11,NO
4138,12587,54594,1187.73,failed,online,2025-06-11,NO
4704,7033,54864,1993.14,failed,online,2025-06-11,NO
1,19059,57248,580.09,completed,online,2025-06-11,NO
597,28245,58562,663.98,failed,online,2025-06-11,NO
2763,10002,61213,1842.07,failed,online,2025-06-11,NO
1570,982,65272,1263.14,completed,online,2025-06-11,NO
2311,3560,65951,437.74,failed,online,2025-06-11,NO
689,28232,73357,1809.38,completed,online,2025-06-11,NO
3707,26824,73611,413.8,completed,online,2025-06-11,NO
247,12283,81358,339.41,failed,online,2025-06-11,NO
2123,23708,83055,144.79,failed,online,2025-06-11,NO
2355,320,84194,127.65,failed,online,2025-06-11,NO
504,12787,88515,742.43,completed,online,2025-06-11,NO
405,134,90620,751.6,failed,online,2025-06-11,NO
1091,29829,96914,312.32,completed,online,2025-06-11,NO
4822,11682,97611,1750.07,failed,online,2025-06-11,NO
278,36899,98656,609.16,completed,online,2025-06-11,NO
2707,24373,101182,852.33,completed,online,2025-06-11,NO
3551,8907,101578,885.66,failed,online,2025-06-11,NO
3334,47713,102138,152.96,failed,online,2025-06-11,NO
3732,6551,103331,790.72,failed,online,2025-06-11,NO
83,20474,104229,323.87,failed,online,2025-06-11,NO
1,11192,105043,1151.2,completed,online,2025-06-11,NO
1540,30605,106427,1312.51,completed,online,2025-06-11,NO
1674,9006,107425,6118.95326538532,completed,online,2025-06-11,NO
1245,26364,109547,1011.87,failed,online,2025-06-11,NO
1,36348,112043,1901.91,failed,online,2025-06-11,NO
3985,41081,112762,1780.39,completed,online,2025-06-11,NO
2911,25877,113089,1702.84,failed,online,2025-06-11,NO
2265,39274,114297,551.24,completed,online,2025-06-11,NO
715,47721,114962,1011.12,completed,online,2025-06-11,NO
148,9502,116350,1125.69,failed,online,2025-06-11,NO
1928,21214,124456,529.35,completed,online,2025-06-11,NO
763,43011,125720,945.01,failed,online,2025-06-11,NO
3740,19580,126690,1746.54,completed,online,2025-06-11,NO
1,26152,130855,1534.8,failed,online,2025-06-11,NO
2344,11199,131144,1946.02,completed,online,2025-06-11,NO
4179,31594,132564,1029.19,completed,online,2025-06-11,NO
1167,28867,133800,1134.36,completed,online,2025-06-11,NO
1351,23887,139178,1489.33,failed,online,2025-06-11,NO
294,39292,141869,354.03,failed,online,2025-06-11,NO
1505,14590,143343,1734.8,completed,online,2025-06-11,NO
163,28277,144119,1020.53,failed,online,2025-06-11,NO
1002,45942,145610,1288.56,completed,online,2025-06-11,NO
1647,45272,145690,822.37,failed,online,2025-06-11,NO
2334,45746,2406,1960.57,failed,online,2025-06-11,NO
4840,36339,7746,217.8,failed,online,2025-06-11,NO
4762,14901,13560,1439.52,completed,online,2025-06-11,NO
1,40044,14026,1486.3,failed,online,2025-06-11,NO
442,10323,16696,1239.33,completed,online,2025-06-11,NO
1,1689,20233,379.38,failed,online,2025-06-11,NO
3197,38641,29111,1755.31,completed,online,2025-06-11,NO
4003,47508,29226,1277.57,completed,online,2025-06-11,NO
4409,49421,31967,479.18,completed,online,2025-06-11,NO
1054,39121,32371,1300.57,completed,online,2025-06-11,NO
153,2549,32737,783.3,completed,online,2025-06-11,NO
3846,484,33490,413.05,failed,online,2025-06-11,NO
1,39649,37367,1749.11,failed,online,2025-06-11,NO
1,9444,39959,760.34,completed,online,2025-06-11,NO
1,15855,40449,1659.71,failed,online,2025-06-11,NO
1,38953,42199,20.06,completed,online,2025-06-11,NO
2288,29404,42236,940.87,failed,online,2025-06-11,NO
3653,40303,43696,1582.7,completed,online,2025-06-11,NO
530,28567,49467,1786.88,failed,online,2025-06-11,NO
3615,45058,54631,205.88,failed,online,2025-06-11,NO
2933,26614,56025,1898.29,failed,online,2025-06-11,NO
1,33645,56180,1069.48,failed,online,2025-06-11,NO
1,35702,58842,1324.84,failed,online,2025-06-11,NO
652,37780,59423,1702.01,failed,online,2025-06-11,NO
4352,28459,61505,482.73,failed,online,2025-06-11,NO
1,26319,63508,1360.97,failed,online,2025-06-11,NO
2924,39603,64990,1536.53,completed,online,2025-06-11,NO
1134,38792,65865,1947.32,completed,online,2025-06-11,NO
1,44046,67559,6558.575860723222,failed,online,2025-06-11,NO
1,18341,68499,1727.78,failed,online,2025-06-11,NO
4144,7802,68565,1895.41,failed,online,2025-06-11,NO
1,42150,70989,405.25,completed,online,2025-06-11,NO
2374,675,72002,581.02,completed,online,2025-06-11,NO
4892,2666,73061,134.89,completed,online,2025-06-11,NO
4070,13545,74381,150.91,failed,online,2025-06-11,NO
4084,20691,77104,1570.62,failed,online,2025-06-11,NO
4035,40974,78943,790.88,completed,online,2025-06-11,NO
2016,30404,80654,489.69,failed,online,2025-06-11,NO
1689,12039,82858,800.11,failed,online,2025-06-11,NO
4375,2678,84488,956.47,completed,online,2025-06-11,NO
2948,9656,89475,1871.67,failed,online,2025-06-11,NO
3312,45323,89950,1953.78,failed,online,2025-06-11,NO
1,44781,91182,1452.53,completed,online,2025-06-11,NO
1,21444,92082,1284.52,failed,online,2025-06-11,NO
711,25272,93446,457.8,failed,online,2025-06-11,NO
4719,31583,95088,1832.99,failed,online,2025-06-11,NO
3365,41317,99004,359.59,failed,online,2025-06-11,NO
259,8246,100304,925.49,failed,online,2025-06-11,NO
1898,20637,101160,927.32,failed,online,2025-06-11,NO
1440,35425,102080,405.78,failed,online,2025-06-11,NO
1,40405,103488,1261.86,failed,online,2025-06-11,NO
3769,5772,105493,248.11,completed,online,2025-06-11,NO
1,27170,107320,1715.01,completed,online,2025-06-11,NO
939,11600,108681,913.27,failed,online,2025-06-11,NO
3971,46541,109496,762.96,completed,online,2025-06-11,NO
1854,42150,110410,316.04,completed,online,2025-06-11,NO
2805,41547,111239,499.96,failed,online,2025-06-11,NO
1,22313,111424,1702.23,failed,online,2025-06-11,NO
3556,9714,113008,1375.15,failed,online,2025-06-11,NO
1294,39075,115477,1466.7,completed,online,2025-06-11,NO
2340,24712,118375,455.44,failed,online,2025-06-11,NO
4856,42737,119537,1195.25,failed,online,2025-06-11,NO
1510,2345,120344,930.64,failed,online,2025-06-11,NO
992,41075,120735,886.55,completed,online,2025-06-11,NO
495,43526,121149,207.1,completed,online,2025-06-11,NO
1951,47728,121293,813.54,completed,online,2025-06-11,NO
1533,10564,122066,1656.68,failed,online,2025-06-11,NO
1886,48779,123759,1226.73,completed,online,2025-06-11,NO
1,32688,127606,257.8,failed,online,2025-06-11,NO
4741,15221,127982,507.43,completed,online,2025-06-11,NO
4981,45425,129198,1398.44,failed,online,2025-06-11,NO
1,4278,131826,757.96,failed,online,2025-06-11,NO
3704,24560,132346,707.03,completed,online,2025-06-11,NO
1,6482,133580,1765.24,completed,online,2025-06-11,NO
1446,15299,140415,260.86,failed,online,2025-06-11,NO
3056,29873,141193,1723.12,completed,online,2025-06-11,NO
4042,11478,143819,1640.47,completed,online,2025-06-11,NO
1579,26077,146773,370.29,completed,online,2025-06-11,NO
4931,33424,13599,730.25,failed,online,2025-10-23,NO
1906,2480,13662,1926.53,completed,online,2025-10-23,NO
2436,16901,15078,1812.26,failed,online,2025-10-23,NO
1923,44207,17729,1410.47,failed,online,2025-10-23,NO
1,13654,19748,554.63,completed,online,2025-10-23,NO
1,19723,23354,1223.63,failed,online,2025-10-23,NO
4794,16486,24826,1653.66,completed,online,2025-10-23,NO
941,7718,25223,1298.84,failed,online,2025-10-23,NO
1725,9456,27288,1828.64,completed,online,2025-10-23,NO
4095,6449,28564,797.46,failed,online,2025-10-23,NO
1,24555,28786,1379.93,completed,online,2025-10-23,NO
1630,14327,29800,735.81,completed,online,2025-10-23,NO
3748,39244,29881,1808.64,failed,online,2025-10-23,NO
3588,41624,30643,892.83,completed,online,2025-10-23,NO
4047,16336,30943,1674.5,failed,online,2025-10-23,NO
555,43582,31163,580.8,failed,online,2025-10-23,NO
2572,36559,34310,315.4,failed,online,2025-10-23,NO
1676,32274,38118,1061.55,failed,online,2025-10-23,NO
2633,25431,39397,1649.95,failed,online,2025-10-23,NO
2317,5534,40774,1992.01,completed,online,2025-10-23,NO
4221,37618,45938,986.39,completed,online,2025-10-23,NO
1,18019,46770,1560.99,failed,online,2025-10-23,NO
482,12509,48867,323.99,failed,online,2025-10-23,NO
2928,33615,51092,1761.61,completed,online,2025-10-23,NO
2959,45532,51217,1067.73,completed,online,2025-10-23,NO
1170,40227,52014,1616.29,completed,online,2025-10-23,NO
414,1599,56846,658.89,completed,online,2025-10-23,NO
543,48980,62272,1868.17,completed,online,2025-10-23,NO
1172,6945,64734,280.94,failed,online,2025-10-23,NO
3458,36596,65845,753.67,failed,online,2025-10-23,NO
2197,20101,67671,869.25,completed,online,2025-10-23,NO
1,20612,67798,1948.92,completed,online,2025-10-23,NO
1799,34587,68913,1676.84,failed,online,2025-10-23,NO
1714,8559,72436,1462.29,completed,online,2025-10-23,NO
1,29173,75584,523.36,failed,online,2025-10-23,NO
246,45551,75827,1271.96,completed,online,2025-10-23,NO
3267,42453,77457,1098.76,failed,online,2025-10-23,NO
4999,7964,78838,733.96,completed,online,2025-10-23,NO
555,42185,79326,64.0,failed,UNKNOWN,2025-10-23,NO
835,15260,82280,821.17,completed,online,2025-10-23,NO
4348,35499,83000,201.91,completed,online,2025-10-23,NO
1,3745,83160,908.4,completed,online,2025-10-23,NO
2946,23878,84648,1279.77,failed,online,2025-10-23,NO
1,12398,86097,1848.5,completed,online,2025-10-23,NO
152,21734,87300,1224.9,failed,online,2025-10-23,NO
38,817,90529,189.26,failed,online,2025-10-23,NO
4530,38153,94542,1068.53,completed,online,2025-10-23,NO
2228,44936,95442,286.92,completed,online,2025-10-23,NO
1,33187,95930,1696.76,failed,online,2025-10-23,NO
2468,1173,96955,817.18,failed,online,2025-10-23,NO
4525,44014,98345,1834.95,completed,online,2025-10-23,NO
1,39738,98397,464.82,completed,online,2025-10-23,NO
227,3431,99184,1582.91,completed,online,2025-10-23,NO
1606,31918,101415,1215.97,completed,online,2025-10-23,NO
1,34404,103525,1094.55,completed,online,2025-10-23,NO
2256,2767,104660,673.84,completed,online,2025-10-23,NO
1,38905,110986,316.73,failed,online,2025-10-23,NO
620,9981,112324,1859.12,failed,online,2025-10-23,NO
1,42518,112764,835.59,failed,online,2025-10-23,NO
3208,49616,115023,545.19,failed,online,2025-10-23,NO
162,9098,115066,104.15,failed,online,2025-10-23,NO
1121,1439,118925,867.22,failed,online,2025-10-23,NO
4036,6922,119135,167.05,failed,online,2025-10-23,NO
4274,34529,119723,1265.93,completed,UNKNOWN,2025-10-23,NO
3783,36524,120272,372.69,failed,online,2025-10-23,NO
1,38655,120733,1782.73,completed,online,2025-10-23,NO
1,6714,123578,1722.19,failed,online,2025-10-23,NO
4039,37224,124791,1714.63,failed,online,2025-10-23,NO
3828,12170,128134,47.46,completed,online,2025-10-23,NO
4841,3063,130139,1434.86,completed,online,2025-10-23,NO
522,45511,138103,1765.31,completed,online,2025-10-23,NO
190,46185,138497,69.02,completed,online,2025-10-23,NO
1,29123,141084,1036.6,failed,online,2025-10-23,NO
4485,44357,142499,859.67,completed,online,2025-10-23,NO
1,48574,143685,913.7,failed,online,2025-10-23,NO
1,36813,145722,1153.01,failed,online,2025-10-23,NO
2320,49145,147340,280.66,completed,online,2025-10-23,NO
3154,7492,149539,1987.98,failed,online,2025-10-23,NO
1610,22190,533,1984.44,completed,online,2025-11-25,NO
1,7773,5509,688.24,failed,online,2025-11-25,NO
1,25469,5627,1104.54,completed,online,2025-11-25,NO
72,24355,8581,920.23,failed,online,2025-11-25,NO
4288,25282,8907,529.4,failed,online,2025-11-25,NO
4344,15506,9789,1145.62,completed,online,2025-11-25,NO
3322,23767,10660,1194.99,failed,online,2025-11-25,NO
2226,4365,11973,703.64,completed,online,2025-11-25,NO
1181,14311,12149,1999.76,completed,online,2025-11-25,NO
429,17468,17042,1424.33,completed,online,2025-11-25,NO
2233,22740,17174,1812.17,completed,online,2025-11-25,NO
1153,22801,18485,1280.73,failed,online,2025-11-25,NO
1234,25096,18723,1118.74,failed,online,2025-11-25,NO
2465,38603,21742,341.51,failed,online,2025-11-25,NO
4654,22822,24911,1685.39,completed,online,2025-11-25,NO
957,6098,24929,743.29,completed,online,2025-11-25,NO
1743,13522,26499,897.97,completed,online,2025-11-25,NO
1431,251,26772,133.22,completed,online,2025-11-25,NO
386,31731,27719,593.55,completed,online,2025-11-25,NO
635,37879,28011,1517.93,failed,online,2025-11-25,NO
613,19580,31327,446.86,completed,online,2025-11-25,NO
1461,25199,33259,1326.85,failed,online,2025-11-25,NO
1192,15837,34465,392.81,completed,online,2025-11-25,NO
1505,5964,34644,1223.39,failed,online,2025-11-25,NO
1,8788,40179,1453.04,failed,online,2025-11-25,NO
1,31777,40880,1553.88,completed,online,2025-11-25,NO
4632,8491,42775,729.53,failed,online,2025-11-25,NO
4287,42264,43896,1924.22,completed,online,2025-11-25,NO
5000,43695,45076,1659.29,failed,online,2025-11-25,NO
981,12078,45366,1740.14,completed,online,2025-11-25,NO
4173,25489,45504,1154.05,failed,online,2025-11-25,NO
685,16531,52169,1320.26,failed,online,2025-11-25,NO
1,24714,58482,1442.57,failed,online,2025-11-25,NO
3374,26326,61416,1189.64,failed,online,2025-11-25,NO
1195,11939,63008,1463.42,completed,online,2025-11-25,NO
2745,10814,63395,1788.47,completed,online,2025-11-25,NO
3576,21067,64841,1876.78,completed,online,2025-11-25,NO
478,3264,64997,770.93,completed,online,2025-11-25,NO
1,11359,66473,1082.33,failed,online,2025-11-25,NO
1,44037,68105,1006.36,completed,online,2025-11-25,NO
1160,26521,68586,1831.8,completed,online,2025-11-25,NO
2631,18290,68589,1482.82,completed,online,2025-11-25,NO
1778,11772,70147,398.1,completed,online,2025-11-25,NO
1980,26998,72063,1788.48,failed,online,2025-11-25,NO
4976,48011,72445,865.71,completed,online,2025-11-25,NO
1,43273,88392,1187.02,failed,online,2025-11-25,NO
4487,34309,89582,1968.37,failed,online,2025-11-25,NO
164,13895,90829,391.81,completed,online,2025-11-25,NO
1188,29041,92210,1035.84,failed,online,2025-11-25,NO
3046,41226,92568,669.19,completed,online,2025-11-25,NO
1781,22055,95349,1201.31,failed,online,2025-11-25,NO
1336,36704,95906,1772.63,failed,online,2025-11-25,NO
1,15024,99686,339.21,completed,online,2025-11-25,NO
4241,6041,101219,104.89,failed,online,2025-11-25,NO
2315,40101,104396,317.61,failed,online,2025-11-25,NO
1,8951,104464,1377.68,failed,online,2025-11-25,NO
2712,46688,105119,1443.81,completed,online,2025-11-25,NO
1972,19157,105445,673.99,failed,online,2025-11-25,NO
1,29437,105575,1477.01,completed,online,2025-11-25,NO
984,36074,106405,8325.190954828959,completed,online,2025-11-25,NO
1,48708,108124,463.89,failed,online,2025-11-25,NO
120,24713,109591,1641.85,failed,online,2025-11-25,NO
4482,31127,112730,1484.7,completed,UNKNOWN,2025-11-25,NO
4066,40914,124053,423.01,completed,online,2025-11-25,NO
2456,32900,124270,1744.82,completed,online,2025-11-25,NO
1,42498,126231,640.09,completed,online,2025-11-25,NO
1,133,129840,1894.58,failed,online,2025-11-25,NO
3584,46380,130542,968.72,failed,online,2025-11-25,NO
2794,17619,132977,670.69,failed,online,2025-11-25,NO
2562,43167,133613,1365.04,failed,online,2025-11-25,NO
802,33426,133718,1552.35,failed,online,2025-11-25,NO
2972,28194,134820,1399.11,completed,online,2025-11-25,NO
4843,30964,137433,1409.46,completed,online,2025-11-25,NO
1288,9325,138536,1832.17,completed,online,2025-11-25,NO
434,19497,141322,557.78,failed,online,2025-11-25,NO
2776,33468,142313,76.1,failed,online,2025-11-25,NO
4993,30756,142899,1308.18,completed,online,2025-11-25,NO
3977,1488,724,1102.65,completed,online,2025-01-23,NO
15,16124,4049,1074.94,failed,online,2025-01-23,NO
1452,32391,4063,791.1,completed,online,2025-01-23,NO
582,16919,7743,1565.93,failed,online,2025-01-23,NO
1200,17,8418,33.57,completed,online,2025-01-23,NO
1,12708,9682,975.12,completed,online,2025-01-23,NO
2136,30040,10400,24.05,failed,online,2025-01-23,NO
1,49310,11495,149.92,completed,online,2025-01-23,NO
1274,6967,12716,1444.84,failed,online,2025-01-23,NO
4164,27264,12764,1630.16,completed,online,2025-01-23,NO
3809,1569,13164,1147.07,failed,online,2025-01-23,NO
793,11628,15722,1783.57,completed,online,2025-01-23,NO
4693,31495,17601,269.78,failed,online,2025-01-23,NO
233,49036,26560,511.39,failed,online,2025-01-23,NO
2159,17310,33746,1897.96,completed,online,2025-01-23,NO
1,25817,34850,62.4,failed,online,2025-01-23,NO
2526,34533,36392,1330.51,failed,online,2025-01-23,NO
3572,48871,36917,1738.02,failed,online,2025-01-23,NO
378,36978,36938,189.48,failed,online,2025-01-23,NO
2508,35237,39380,324.82,completed,online,2025-01-23,NO
4504,3211,44180,1687.79,failed,online,2025-01-23,NO
1,39898,47981,1281.93,completed,online,2025-01-23,NO
3773,13850,48459,759.07,failed,online,2025-01-23,NO
4002,19792,52725,1524.86,failed,online,2025-01-23,NO
1523,3800,53359,1140.65,completed,online,2025-01-23,NO
1666,39102,56429,273.95,failed,online,2025-01-23,NO
2895,26501,58297,147.14,failed,online,2025-01-23,NO
1,12613,58737,334.98,failed,online,2025-01-23,NO
1385,48861,59621,316.25,completed,online,2025-01-23,NO
2136,3045,60017,1705.46,completed,online,2025-01-23,NO
3361,48253,62724,260.5,completed,online,2025-01-23,NO
96,9588,63169,203.51,completed,online,2025-01-23,NO
835,13003,64744,78.63,failed,online,2025-01-23,NO
4141,34726,64787,19.26,completed,online,2025-01-23,NO
1649,38254,67721,1590.14,completed,online,2025-01-23,NO
1,13088,68009,8677.746059708914,failed,online,2025-01-23,NO
896,7073,68441,246.28,completed,online,2025-01-23,NO
828,15670,69856,1229.17,completed,online,2025-01-23,NO
1,45128,76306,282.43,completed,online,2025-01-23,NO
1587,3330,76412,945.43,failed,online,2025-01-23,NO
934,49642,81881,1970.92,failed,online,2025-01-23,NO
1,31776,82173,334.21,completed,online,2025-01-23,NO
2606,37823,86980,348.24,failed,online,2025-01-23,NO
1968,10543,87765,378.37,completed,online,2025-01-23,NO
3178,40730,88584,328.53,failed,online,2025-01-23,NO
2694,57,88661,1078.97,failed,online,2025-01-23,NO
1626,48116,89779,868.81,failed,online,2025-01-23,NO
325,7120,90580,1435.91,completed,online,2025-01-23,NO
2938,48551,93857,819.6,completed,online,2025-01-23,NO
3970,16721,97708,1539.27,completed,online,2025-01-23,NO
2223,33431,102303,1993.23,completed,online,2025-01-23,NO
1,904,102784,1325.91,completed,online,2025-01-23,NO
4811,15934,103886,627.64,failed,online,2025-01-23,NO
2387,48690,105420,716.28,completed,online,2025-01-23,NO
3080,46044,106410,365.69,failed,UNKNOWN,2025-01-23,NO
4754,21715,107577,1684.73,failed,online,2025-01-23,NO
4728,15098,108615,943.48,failed,online,2025-01-23,NO
519,7592,113476,1022.62,failed,online,2025-01-23,NO
513,6165,116049,1422.17,failed,online,2025-01-23,NO
3418,16636,116966,329.07,failed,online,2025-01-23,NO
1147,16269,120185,1305.55,completed,online,2025-01-23,NO
1288,19193,123289,738.46,failed,online,2025-01-23,NO
3128,18505,124120,1181.48,completed,online,2025-01-23,NO
1,33296,124153,1448.06,failed,online,2025-01-23,NO
1,29245,127945,730.43,failed,online,2025-01-23,NO
1,24186,129519,1430.97,completed,online,2025-01-23,NO
1,5659,130132,1430.87,failed,online,2025-01-23,NO
2290,14354,130168,1419.84,failed,online,2025-01-23,NO
2029,41596,132365,1174.67,completed,online,2025-01-23,NO
1,31439,135877,1459.81,failed,online,2025-01-23,NO
1441,10183,137451,40.76,failed,online,2025-01-23,NO
3607,34595,138481,1633.14,failed,online,2025-01-23,NO
357,46978,140735,335.25,completed,online,2025-01-23,NO
2538,3620,143512,818.46,completed,online,2025-01-23,NO
4134,18257,143871,690.96,completed,online,2025-01-23,NO
1055,47176,144739,784.97,failed,online,2025-01-23,NO
4982,38039,146848,126.76,failed,online,2025-01-23,NO
1,37971,147675,856.19,failed,online,2025-01-23,NO
4359,23537,4952,1305.1,failed,online,2025-08-26,NO
1,11745,5265,1596.01,completed,online,2025-08-26,NO
1770,33825,9203,535.79,failed,online,2025-08-26,NO
1635,1921,13485,617.24,completed,online,2025-08-26,NO
731,10933,14010,1063.15,failed,online,2025-08-26,NO
2966,40253,17427,125.41,failed,online,2025-08-26,NO
503,14288,20635,635.93,failed,online,2025-08-26,NO
1,27380,25096,1347.23,failed,online,2025-08-26,NO
4945,1364,25253,1667.32,completed,online,2025-08-26,NO
2726,9784,25706,877.24,completed,online,2025-08-26,NO
4193,23905,25924,1740.98,failed,online,2025-08-26,NO
3077,30169,33193,1892.8,completed,online,2025-08-26,NO
2262,48008,33801,1299.08,failed,online,2025-08-26,NO
1136,2091,35889,935.48,completed,online,2025-08-26,NO
3700,27192,37222,1109.52,completed,online,2025-08-26,NO
1,36728,37384,1968.9,completed,online,2025-08-26,NO
1,49671,38678,1503.77,completed,online,2025-08-26,NO
3143,23544,40501,393.25,completed,online,2025-08-26,NO
2366,32872,41443,832.34,failed,online,2025-08-26,NO
911,19197,41811,1573.9,completed,online,2025-08-26,NO
1,28429,42995,1530.9,failed,online,2025-08-26,NO
1512,23591,43261,1611.23,completed,online,2025-08-26,NO
1841,2991,45363,541.5,failed,online,2025-08-26,NO
498,47512,47990,414.45,failed,UNKNOWN,2025-08-26,NO
1,48295,48756,649.28,completed,online,2025-08-26,NO
4044,48694,51069,1713.26,completed,online,2025-08-26,NO
1,26928,57064,484.64,failed,online,2025-08-26,NO
2951,29357,57072,513.86,failed,online,2025-08-26,NO
746,7560,57723,857.7,failed,online,2025-08-26,NO
4203,36162,61306,123.01,completed,online,2025-08-26,NO
2858,47498,61860,241.02,completed,online,2025-08-26,NO
1,26614,65304,1872.57,failed,online,2025-08-26,NO
1,25988,68591,1737.27,completed,online,2025-08-26,NO
1,44403,69757,307.17,completed,online,2025-08-26,NO
1450,32672,70954,485.38,completed,online,2025-08-26,NO
4582,38157,71116,1533.14,failed,online,2025-08-26,NO
3433,28201,72781,1530.05,failed,online,2025-08-26,NO
4495,25350,74699,1572.32,failed,online,2025-08-26,NO
4918,43904,74794,316.24,completed,online,2025-08-26,NO
1,7391,76857,1010.46,failed,online,2025-08-26,NO
1,12280,77061,887.62,completed,online,2025-08-26,NO
3379,21438,77599,1300.46,failed,online,2025-08-26,NO
160,1085,79399,1793.26,failed,online,2025-08-26,NO
1,7612,80879,1210.61,completed,online,2025-08-26,NO
1942,22078,82305,1906.58,failed,online,2025-08-26,NO
1994,24655,82340,850.4,failed,online,2025-08-26,NO
3909,27650,84093,1012.85,completed,online,2025-08-26,NO
1,28689,86612,482.79,failed,online,2025-08-26,NO
537,7951,93159,282.91,failed,online,2025-08-26,NO
1,43786,96119,1552.04,failed,online,2025-08-26,NO
1139,1581,98763,1755.82,failed,online,2025-08-26,NO
3542,10132,99364,806.69,failed,online,2025-08-26,NO
360,15993,101178,859.18,failed,online,2025-08-26,NO
623,31336,101357,1208.96,completed,online,2025-08-26,NO
1185,1176,103324,453.02,completed,online,2025-08-26,NO
2778,4269,104526,1813.65,completed,online,2025-08-26,NO
1778,42346,105551,928.39,completed,online,2025-08-26,NO
1331,35256,107808,1057.71,completed,online,2025-08-26,NO
488,20581,107916,1548.18,completed,online,2025-08-26,NO
1,845,109705,665.62,failed,online,2025-08-26,NO
3592,8619,109866,78.94,completed,online,2025-08-26,NO
628,30218,111726,976.92,failed,online,2025-08-26,NO
1,17686,112813,922.04,completed,online,2025-08-26,NO
4793,30264,114050,1026.32,failed,online,2025-08-26,NO
351,11984,114111,839.97,completed,online,2025-08-26,NO
3246,28625,114757,577.7,failed,online,2025-08-26,NO
4765,3360,119061,1420.63,failed,online,2025-08-26,NO
1,37985,123515,311.21,completed,online,2025-08-26,NO
3767,29310,125977,1298.59,failed,online,2025-08-26,NO
269,11604,127979,1490.4,completed,online,2025-08-26,NO
2654,6647,129068,823.56,failed,online,2025-08-26,NO
1,159,133218,297.41,completed,online,2025-08-26,NO
2192,11961,134376,1202.66,failed,online,2025-08-26,NO
2925,34756,135577,1148.38,completed,online,2025-08-26,NO
2460,3218,135990,1177.29,completed,online,2025-08-26,NO
4997,14399,142220,1548.13,failed,online,2025-08-26,NO
710,26702,145135,1629.19,completed,online,2025-08-26,NO
4701,14464,148724,1942.05,completed,online,2025-08-26,NO
4417,8521,1311,69.11,completed,online,2025-10-24,NO
3072,37467,3149,926.49,completed,online,2025-10-24,NO
568,12751,3495,711.53,completed,online,2025-10-24,NO
1241,328,4101,458.72,completed,online,2025-10-24,NO
4100,1276,6792,1857.14,completed,online,2025-10-24,NO
2824,38187,7788,44.22,failed,online,2025-10-24,NO
4707,24708,8803,1038.64,failed,online,2025-10-24,NO
4548,29519,10121,1905.93,completed,online,2025-10-24,NO
1,3978,10342,181.86,failed,online,2025-10-24,NO
3156,19034,12336,1413.89,completed,online,2025-10-24,NO
808,6563,15051,1621.71,completed,online,2025-10-24,NO
1462,11787,16533,610.93,completed,online,2025-10-24,NO
4295,40642,17859,1948.63,completed,online,2025-10-24,NO
2894,21023,23447,332.14,failed,online,2025-10-24,NO
2314,10232,26739,131.24,failed,online,2025-10-24,NO
2005,23365,26936,208.65,failed,online,2025-10-24,NO
3612,22370,27295,1797.39,completed,online,2025-10-24,NO
2134,24303,31305,262.5,completed,online,2025-10-24,NO
1972,39746,35391,60.59,failed,online,2025-10-24,NO
3643,43624,36935,162.45,completed,online,2025-10-24,NO
1835,21424,38402,1265.39,completed,online,2025-10-24,NO
2769,41241,38423,1191.18,completed,online,2025-10-24,NO
1883,34778,39040,1765.86,completed,online,2025-10-24,NO
3106,39449,39955,1638.19,completed,online,2025-10-24,NO
1,38322,43741,1006.44,failed,online,2025-10-24,NO
1,9353,46677,148.65,completed,online,2025-10-24,NO
592,34832,46870,58.29,failed,online,2025-10-24,NO
4094,42223,50393,1219.11,completed,online,2025-10-24,NO
1955,29829,51276,1421.79,completed,online,2025-10-24,NO
1,20550,53875,1627.07,failed,online,2025-10-24,NO
584,1664,59357,171.23,completed,online,2025-10-24,NO
3212,37040,63358,1557.46,failed,online,2025-10-24,NO
4270,7674,66280,222.09,completed,online,2025-10-24,NO
1,4436,68437,946.15,completed,online,2025-10-24,NO
2136,42831,70060,636.64,completed,online,2025-10-24,NO
1746,36831,70471,173.84,failed,online,2025-10-24,NO
1969,1920,71628,1857.25,completed,online,2025-10-24,NO
1009,41434,73386,1076.33,failed,online,2025-10-24,NO
1,25489,76401,1842.3,completed,online,2025-10-24,NO
747,3617,78040,473.83,completed,online,2025-10-24,NO
2111,48883,78494,1536.33,failed,online,2025-10-24,NO
1001,46400,79102,1009.9,failed,online,2025-10-24,NO
712,28775,81303,99.69,failed,online,2025-10-24,NO
3713,41332,83784,1501.29,completed,online,2025-10-24,NO
2616,3143,87210,1562.39,failed,online,2025-10-24,NO
3906,42879,92224,946.57,failed,online,2025-10-24,NO
865,48245,94950,735.81,failed,online,2025-10-24,NO
2423,8394,95523,1250.66,failed,online,2025-10-24,NO
3673,37969,97019,1657.01,completed,online,2025-10-24,NO
1377,48877,97580,1687.8,failed,online,2025-10-24,NO
1,558,97807,1679.77,completed,online,2025-10-24,NO
1,32401,99543,1337.85,completed,online,2025-10-24,NO
4506,1868,100642,741.63,failed,online,2025-10-24,NO
1,10836,101201,447.62,completed,online,2025-10-24,NO
1,39164,104574,45.37,completed,online,2025-10-24,NO
4725,28025,111880,145.24,failed,online,2025-10-24,NO
1,9579,113960,1571.81,completed,online,2025-10-24,NO
1,48921,116248,267.59,completed,online,2025-10-24,NO
4467,6523,117243,385.75,failed,online,2025-10-24,NO
3294,29304,118302,1768.59,failed,online,2025-10-24,NO
405,7945,121002,1399.84,completed,online,2025-10-24,NO
2067,44607,121486,51.67,completed,online,2025-10-24,NO
1,49277,124862,381.14,failed,online,2025-10-24,NO
34,42778,126396,1055.44,failed,online,2025-10-24,NO
3582,32117,126860,661.59,failed,online,2025-10-24,NO
3624,24885,126968,912.85,failed,online,2025-10-24,NO
1,6924,127085,1294.62,failed,online,2025-10-24,NO
3792,17180,127560,27.63,failed,online,2025-10-24,NO
2326,44813,132176,855.44,failed,online,2025-10-24,NO
1860,21717,134082,751.31,failed,online,2025-10-24,NO
4533,34296,134633,1535.01,failed,online,2025-10-24,NO
1315,23655,135137,197.6,failed,online,2025-10-24,NO
1276,43551,137628,527.74,failed,online,2025-10-24,NO
1,48370,137966,508.64,completed,online,2025-10-24,NO
1,18335,138258,45.26,completed,online,2025-10-24,NO
1672,36222,140976,1623.92,failed,online,2025-10-24,NO
1,34231,142906,783.96,failed,online,2025-10-24,NO
2203,40736,145673,1121.76,completed,online,2025-10-24,NO
3822,9414,536,1948.03,completed,online,2025-08-29,NO
4188,1895,2332,1917.55,failed,online,2025-08-29,NO
1,7119,2511,371.32,completed,online,2025-08-29,NO
1,7111,2518,899.83,failed,online,2025-08-29,NO
1,44446,3055,776.39,completed,online,2025-08-29,NO
2460,22216,11499,1492.22,completed,online,2025-08-29,NO
4736,21157,18878,552.4,completed,online,2025-08-29,NO
2222,20587,19234,1593.44,failed,online,2025-08-29,NO
1,18571,20295,787.38,failed,online,2025-08-29,NO
3430,1789,23970,1141.75,failed,online,2025-08-29,NO
1360,16757,29193,1285.6,failed,online,2025-08-29,NO
3731,10600,30611,33.59,completed,online,2025-08-29,NO
1,35976,36994,554.06,failed,online,2025-08-29,NO
2603,31587,37261,1432.46,failed,online,2025-08-29,NO
1288,31932,37427,73.62,failed,online,2025-08-29,NO
111,30341,38033,308.62,failed,online,2025-08-29,NO
1379,7837,39176,1001.15,failed,online,2025-08-29,NO
4674,4805,41707,393.82,completed,online,2025-08-29,NO
3950,37158,42410,622.18,failed,online,2025-08-29,NO
4196,7417,46512,637.66,completed,online,2025-08-29,NO
827,10190,48738,1015.57,failed,online,2025-08-29,NO
3033,15585,50958,511.49,completed,online,2025-08-29,NO
4886,24807,51274,1684.73,failed,online,2025-08-29,NO
3526,2535,53838,1637.51,failed,online,2025-08-29,NO
1364,10562,57757,257.66,completed,online,2025-08-29,NO
4030,47831,59335,1105.84,completed,online,2025-08-29,NO
4912,22208,61017,1810.59,failed,online,2025-08-29,NO
1114,41686,64830,1300.3,failed,online,2025-08-29,NO
3573,10040,71794,1301.76,completed,online,2025-08-29,NO
1275,65,72161,235.88,completed,online,2025-08-29,NO
3664,20733,76463,406.59,failed,online,2025-08-29,NO
882,46465,76715,264.28,failed,online,2025-08-29,NO
60,45617,77797,1178.32,failed,online,2025-08-29,NO
3899,280,78441,947.21,completed,online,2025-08-29,NO
2069,2721,80213,1775.85,failed,online,2025-08-29,NO
1,26039,83198,614.9,completed,online,2025-08-29,NO
1,5082,83231,190.4,completed,online,2025-08-29,NO
10,46653,84652,857.54,failed,online,2025-08-29,NO
1851,1688,84876,1085.33,completed,online,2025-08-29,NO
4,20174,86577,259.08,completed,online,2025-08-29,NO
180,13352,87183,1982.77,failed,online,2025-08-29,NO
4974,23528,87994,529.05,completed,online,2025-08-29,NO
2669,5261,88241,808.58,failed,online,2025-08-29,NO
1,46299,88485,1631.56,failed,online,2025-08-29,NO
2216,28260,90717,5575.885306835778,completed,online,2025-08-29,NO
4658,28440,90838,1495.18,completed,online,2025-08-29,NO
1842,8784,95862,604.52,completed,online,2025-08-29,NO
4962,13205,96831,1712.89,failed,online,2025-08-29,NO
2505,47521,97034,1031.99,failed,online,2025-08-29,NO
2887,43522,98493,1030.6,failed,online,2025-08-29,NO
950,38135,98952,747.53,failed,online,2025-08-29,NO
1,27555,105177,379.92,failed,online,2025-08-29,NO
4051,11645,107532,1264.97,failed,online,2025-08-29,NO
4341,33024,109278,361.95,failed,online,2025-08-29,NO
3889,36068,111049,1736.49,completed,online,2025-08-29,NO
2829,8737,111794,1922.17,completed,online,2025-08-29,NO
3664,49993,121144,1223.42,failed,online,2025-08-29,NO
1,467,127973,702.26,completed,online,2025-08-29,NO
1718,24003,129518,919.23,completed,online,2025-08-29,NO
4865,45622,131541,490.83,completed,online,2025-08-29,NO
4058,29552,132129,1197.02,failed,online,2025-08-29,NO
1989,29150,132790,1893.48,failed,online,2025-08-29,NO
1322,12925,133589,1735.52,failed,online,2025-08-29,NO
431,5574,133696,1466.47,failed,online,2025-08-29,NO
1,595,134465,393.63,failed,online,2025-08-29,NO
2503,44879,134539,1365.3,failed,online,2025-08-29,NO
2707,15885,135531,940.17,completed,online,2025-08-29,NO
1226,28055,135650,752.77,failed,online,2025-08-29,NO
3505,17019,139373,1495.28,failed,online,2025-08-29,NO
4337,7226,139907,219.43,failed,online,2025-08-29,NO
2266,13553,140485,560.47,completed,online,2025-08-29,NO
3923,21259,141151,1962.86,completed,online,2025-08-29,NO
1,46019,142683,1418.35,completed,online,2025-08-29,NO
1,14143,144093,1433.38,completed,online,2025-08-29,NO
3115,31205,145063,1261.8,completed,online,2025-08-29,NO
1,39697,146717,534.25,failed,online,2025-08-29,NO
1096,24536,147500,154.25,failed,online,2025-08-29,NO
4986,5408,148183,1309.18,failed,online,2025-08-29,NO
2113,34105,744,609.37,completed,online,2025-04-17,NO
4358,28995,4286,1230.84,failed,online,2025-04-17,NO
3630,128,7168,1714.77,completed,online,2025-04-17,NO
3504,13837,8150,1921.23,completed,online,2025-04-17,NO
4629,44921,11025,1730.9,completed,online,2025-04-17,NO
2131,8730,14588,1562.03,completed,online,2025-04-17,NO
1,2752,15846,9369.181669192722,completed,online,2025-04-17,NO
2175,20922,19189,779.66,failed,online,2025-04-17,NO
3468,33326,19949,1591.69,completed,online,2025-04-17,NO
3402,47865,22580,983.09,failed,online,2025-04-17,NO
3464,11914,25525,770.47,failed,online,2025-04-17,NO
4947,7610,30297,1919.32,completed,online,2025-04-17,NO
1,9468,36648,1056.33,failed,online,2025-04-17,NO
1,4515,38124,160.09,failed,online,2025-04-17,NO
3576,30079,38274,425.54,completed,online,2025-04-17,NO
198,38725,38738,624.94,failed,online,2025-04-17,NO
3984,17856,39626,1614.27,completed,online,2025-04-17,NO
4963,7297,40161,94.45,completed,online,2025-04-17,NO
1,12730,41508,116.93,failed,online,2025-04-17,NO
2398,13298,44195,990.19,completed,online,2025-04-17,NO
1137,2738,44913,457.78,completed,online,2025-04-17,NO
1,17046,46971,1985.37,failed,online,2025-04-17,NO
4885,3125,47710,1753.18,completed,online,2025-04-17,NO
802,26465,50228,1483.12,completed,online,2025-04-17,NO
1,44884,57276,391.28,completed,online,2025-04-17,NO
3803,19782,58234,1003.68,failed,online,2025-04-17,NO
1,15699,58694,1315.18,failed,online,2025-04-17,NO
526,32356,60751,535.72,failed,online,2025-04-17,NO
4309,48853,65300,1168.99,completed,online,2025-04-17,NO
45,48380,65587,1693.67,failed,online,2025-04-17,NO
1,47227,67346,1695.17,completed,online,2025-04-17,NO
2353,46166,67639,1271.18,failed,online,2025-04-17,NO
1,24213,67656,1586.57,failed,online,2025-04-17,NO
2475,4050,70479,978.2,completed,online,2025-04-17,NO
4672,36297,72698,436.13,completed,online,2025-04-17,NO
807,34978,75327,1622.16,completed,online,2025-04-17,NO
2603,39678,79234,823.89,completed,online,2025-04-17,NO
3836,25754,79752,33.36,completed,online,2025-04-17,NO
3780,25679,82839,581.64,failed,online,2025-04-17,NO
4244,42774,82872,787.57,completed,UNKNOWN,2025-04-17,NO
1,23853,84514,69.0,completed,online,2025-04-17,NO
4089,6459,86782,287.54,failed,online,2025-04-17,NO
223,43549,88919,1718.26,completed,online,2025-04-17,NO
3933,4103,89385,621.23,completed,online,2025-04-17,NO
1,26864,89706,1775.6,completed,online,2025-04-17,NO
1,28803,90190,328.92,failed,online,2025-04-17,NO
948,42552,91919,508.43,completed,online,2025-04-17,NO
4475,36295,92853,861.73,completed,online,2025-04-17,NO
1,13696,93150,1188.76,completed,online,2025-04-17,NO
944,14371,94009,860.98,failed,online,2025-04-17,NO
1,933,100536,359.71,completed,online,2025-04-17,NO
2612,32328,101659,1212.47,failed,online,2025-04-17,NO
4167,26969,102160,1037.78,completed,online,2025-04-17,NO
1105,39151,102935,1442.06,failed,online,2025-04-17,NO
2741,44470,103663,1744.66,completed,online,2025-04-17,NO
1,46136,106177,1610.72,failed,online,2025-04-17,NO
3824,11233,106902,1580.04,failed,online,2025-04-17,NO
1306,13196,108241,13.57,failed,online,2025-04-17,NO
2645,19130,111928,1884.28,failed,online,2025-04-17,NO
1,36484,114343,995.44,failed,online,2025-04-17,NO
1,19417,119561,1351.15,failed,online,2025-04-17,NO
4723,33960,123006,1193.3,completed,online,2025-04-17,NO
4506,44933,124483,1554.4,failed,online,2025-04-17,NO
2235,47695,124931,919.88,completed,UNKNOWN,2025-04-17,NO
2071,26187,127031,1364.51,completed,online,2025-04-17,NO
4974,33183,127895,1965.72,completed,online,2025-04-17,NO
3560,32010,132255,64.55,completed,online,2025-04-17,NO
3104,14996,132411,13.02,failed,online,2025-04-17,NO
3148,34602,133158,1490.25,completed,online,2025-04-17,NO
2986,22393,133527,858.57,failed,online,2025-04-17,NO
3000,17896,134158,1878.19,failed,online,2025-04-17,NO
1371,979,134907,1465.94,completed,online,2025-04-17,NO
180,13902,134979,1364.36,failed,online,2025-04-17,NO
4048,45614,139629,1466.96,failed,online,2025-04-17,NO
4655,4283,142186,173.13,completed,online,2025-04-17,NO
3825,6490,143264,1497.87,completed,online,2025-04-17,NO
3645,12509,145758,1338.02,completed,online,2025-04-17,NO
241,21702,979,611.51,failed,online,2025-10-26,NO
611,1663,2968,400.92,completed,online,2025-10-26,NO
1520,27215,3405,1816.66,completed,online,2025-10-26,NO
1,45773,3647,1470.42,failed,online,2025-10-26,NO
1530,6465,7377,414.78,completed,online,2025-10-26,NO
1,45240,10072,938.42,completed,UNKNOWN,2025-10-26,NO
1,2841,13234,1367.23,completed,online,2025-10-26,NO
3181,16110,14086,1716.91,completed,online,2025-10-26,NO
3551,48418,14734,710.08,failed,online,2025-10-26,NO
3403,36586,18387,1235.69,failed,online,2025-10-26,NO
4459,23624,18694,1077.72,failed,online,2025-10-26,NO
3776,9551,18914,1800.35,failed,online,2025-10-26,NO
578,39963,24833,1427.61,completed,online,2025-10-26,NO
675,9151,26345,1710.72,completed,online,2025-10-26,NO
2009,2628,27410,163.77,failed,online,2025-10-26,NO
2973,34150,27732,6557.174041467874,completed,online,2025-10-26,NO
321,45749,32506,35.19,failed,online,2025-10-26,NO
3951,25206,33158,104.14,failed,online,2025-10-26,NO
2147,47052,34220,1257.84,completed,online,2025-10-26,NO
239,5228,34431,751.98,failed,UNKNOWN,2025-10-26,NO
4031,17828,34714,1877.97,failed,online,2025-10-26,NO
4752,30135,35974,1853.57,completed,online,2025-10-26,NO
3428,8564,37418,1760.9,failed,online,2025-10-26,NO
76,16827,39710,771.73,completed,online,2025-10-26,NO
1473,24437,42528,1134.02,failed,online,2025-10-26,NO
4042,40724,43711,1628.66,failed,online,2025-10-26,NO
1,8264,44508,501.69,failed,online,2025-10-26,NO
3581,2178,48468,1862.88,failed,online,2025-10-26,NO
4757,29901,50167,1044.08,failed,online,2025-10-26,NO
1929,7198,50179,770.74,failed,online,2025-10-26,NO
3491,16436,50414,772.22,completed,online,2025-10-26,NO
1635,41455,51784,1656.8,failed,online,2025-10-26,NO
4057,27229,57208,737.39,completed,online,2025-10-26,NO
39,33517,58396,1459.44,completed,online,2025-10-26,NO
1,22476,64197,651.68,failed,online,2025-10-26,NO
1,42958,64329,204.24,failed,online,2025-10-26,NO
2671,26296,66784,1921.58,failed,online,2025-10-26,NO
306,24468,69838,1210.44,failed,online,2025-10-26,NO
1036,30461,71609,297.58,completed,online,2025-10-26,NO
4870,10502,72032,1533.35,completed,online,2025-10-26,NO
1,4589,73334,1227.36,failed,online,2025-10-26,NO
2433,43301,76056,1124.42,completed,online,2025-10-26,NO
2354,47923,76838,34.29,completed,online,2025-10-26,NO
1444,43763,84408,528.46,failed,online,2025-10-26,NO
4350,39176,84874,173.47,failed,online,2025-10-26,NO
2604,44712,85039,705.96,completed,online,2025-10-26,NO
1,3942,85328,1186.08,failed,online,2025-10-26,NO
2173,30178,85481,1570.75,failed,online,2025-10-26,NO
232,18596,88630,499.66,failed,online,2025-10-26,NO
495,10800,90537,1996.84,completed,online,2025-10-26,NO
1,4781,95455,418.0,completed,online,2025-10-26,NO
4345,47948,98092,1050.7,completed,online,2025-10-26,NO
779,11362,98989,295.17,completed,online,2025-10-26,NO
887,36125,99605,1998.8,failed,UNKNOWN,2025-10-26,NO
3447,649,102011,100.57,failed,online,2025-10-26,NO
836,4872,103009,1528.84,failed,online,2025-10-26,NO
1,22521,105006,1256.72,completed,online,2025-10-26,NO
3075,39491,105386,1496.55,completed,online,2025-10-26,NO
4945,41001,107309,1433.38,failed,online,2025-10-26,NO
1,22292,108475,1009.98,completed,online,2025-10-26,NO
447,38417,109850,652.75,failed,online,2025-10-26,NO
1,24458,112471,1128.95,failed,online,2025-10-26,NO
4782,19512,114071,1839.95,completed,online,2025-10-26,NO
2762,6587,114475,457.25,completed,online,2025-10-26,NO
1203,20245,118581,898.67,completed,online,2025-10-26,NO
1,30198,125949,1606.2,failed,online,2025-10-26,NO
4391,28862,127200,779.06,failed,online,2025-10-26,NO
1,17184,127451,122.67,failed,online,2025-10-26,NO
1,48208,128991,76.73,failed,online,2025-10-26,NO
4142,48356,129403,1765.32,completed,online,2025-10-26,NO
818,22638,132591,1772.82,failed,online,2025-10-26,NO
1705,7218,134285,25.96,completed,online,2025-10-26,NO
4121,7491,134377,734.06,failed,online,2025-10-26,NO
60,7383,137704,569.02,failed,online,2025-10-26,NO
1735,5934,141296,1493.25,failed,online,2025-10-26,NO
4110,8964,142718,1184.12,completed,online,2025-10-26,NO
3674,2985,146838,1680.0,completed,online,2025-10-26,NO
4654,41457,147998,1555.16,failed,online,2025-10-26,NO
125,41879,1149,143.12,completed,online,2025-11-28,NO
2353,32882,2503,731.53,completed,online,2025-11-28,NO
1,14276,2540,1469.16,completed,online,2025-11-28,NO
768,30859,6232,207.52,failed,online,2025-11-28,NO
1,49098,6749,1437.01,completed,online,2025-11-28,NO
4257,23606,7175,1554.07,failed,online,2025-11-28,NO
2507,30220,8397,138.44,failed,online,2025-11-28,NO
3368,9003,10453,1785.84,failed,online,2025-11-28,NO
1,45122,15872,950.77,failed,online,2025-11-28,NO
4248,39438,17520,1064.8,failed,online,2025-11-28,NO
2864,32069,20218,48.54,completed,online,2025-11-28,NO
1841,9491,20251,224.76,completed,online,2025-11-28,NO
1,25794,21202,1862.86,completed,online,2025-11-28,NO
3920,22638,21309,1087.4,completed,online,2025-11-28,NO
3657,41490,21775,1458.32,completed,online,2025-11-28,NO
4688,11499,22717,127.28,completed,online,2025-11-28,NO
2906,5702,24027,457.64,completed,online,2025-11-28,NO
3955,8687,24577,1152.9,failed,online,2025-11-28,NO
771,29246,25401,1948.72,completed,online,2025-11-28,NO
1,18601,25685,820.79,completed,online,2025-11-28,NO
4612,25860,26144,969.62,failed,online,2025-11-28,NO
1266,22461,26475,1915.11,failed,online,2025-11-28,NO
1,18285,26624,238.04,failed,online,2025-11-28,NO
1777,6734,28084,1161.42,completed,UNKNOWN,2025-11-28,NO
1,29533,31321,1729.09,failed,online,2025-11-28,NO
1,35938,33485,1351.42,failed,online,2025-11-28,NO
4256,17791,37248,1421.92,failed,UNKNOWN,2025-11-28,NO
467,26689,39849,1890.42,failed,online,2025-11-28,NO
3884,38316,42407,997.89,failed,UNKNOWN,2025-11-28,NO
1831,22961,43415,1303.55,failed,online,2025-11-28,NO
4649,8854,44163,667.41,completed,online,2025-11-28,NO
1,27178,46478,1008.84,failed,online,2025-11-28,NO
1048,9727,46765,1946.92,completed,online,2025-11-28,NO
4892,6510,48196,227.87,failed,online,2025-11-28,NO
1,11180,61524,61.86,completed,online,2025-11-28,NO
3240,10908,64557,1643.02,failed,online,2025-11-28,NO
1050,35565,67017,1843.04,failed,online,2025-11-28,NO
3322,41979,67850,144.7,completed,online,2025-11-28,NO
4951,10091,67914,921.61,failed,online,2025-11-28,NO
1,8891,70586,706.9,failed,online,2025-11-28,NO
1980,20287,75447,1102.25,failed,online,2025-11-28,NO
1,12808,79565,794.06,completed,online,2025-11-28,NO
4456,25290,81004,870.65,failed,online,2025-11-28,NO
1,45571,82713,1471.13,completed,online,2025-11-28,NO
2799,37184,82728,1370.0,failed,online,2025-11-28,NO
1,5975,84950,1355.06,completed,online,2025-11-28,NO
808,36713,85863,75.88,completed,online,2025-11-28,NO
1,16465,88873,1088.86,completed,online,2025-11-28,NO
53,4242,90554,1396.34,failed,online,2025-11-28,NO
2084,21294,95061,1348.5,completed,online,2025-11-28,NO
1463,44765,95456,1687.89,completed,online,2025-11-28,NO
4757,44546,99249,1591.63,failed,online,2025-11-28,NO
1515,16730,99718,1960.89,failed,online,2025-11-28,NO
3780,3400,101343,1635.41,failed,online,2025-11-28,NO
879,37958,108266,1001.54,failed,online,2025-11-28,NO
3989,42609,111361,785.06,failed,online,2025-11-28,NO
4560,37445,114925,1059.83,completed,online,2025-11-28,NO
1493,27805,115714,835.16,failed,online,2025-11-28,NO
2375,31230,118613,408.91,completed,online,2025-11-28,NO
1099,26546,120457,1149.25,completed,online,2025-11-28,NO
2498,21005,125748,1465.15,failed,online,2025-11-28,NO
1,10408,126653,724.68,completed,online,2025-11-28,NO
1357,1920,126909,1875.3,failed,online,2025-11-28,NO
1322,3541,127998,1252.05,failed,online,2025-11-28,NO
2163,46661,128978,1067.45,completed,online,2025-11-28,NO
1811,36216,134751,507.01,completed,online,2025-11-28,NO
2621,4717,138379,721.79,failed,online,2025-11-28,NO
1,46599,140373,812.48,completed,online,2025-11-28,NO
1976,25185,141103,11.28,failed,online,2025-11-28,NO
4300,39988,142053,1236.31,completed,online,2025-11-28,NO
1193,17548,142126,805.13,failed,online,2025-11-28,NO
3933,17758,143661,1893.19,completed,online,2025-11-28,NO
1,1656,145658,1469.22,completed,online,2025-11-28,NO
2235,25634,145674,1486.44,failed,online,2025-11-28,NO
1,31335,147797,1244.61,failed,online,2025-11-28,NO
2555,45149,148116,1510.76,failed,online,2025-11-28,NO
1506,5924,149012,1362.55,failed,online,2025-11-28,NO
1,14436,149376,1492.94,failed,online,2025-11-28,NO
