product_id,customer_id,transaction_id,amount,status,channel,transaction_date,fraud_flag
4105,47891,2678,468.7,completed,online,2025-08-09,NO
2302,25669,4061,1760.5,completed,online,2025-08-09,NO
1,8836,7847,1184.31,failed,online,2025-08-09,NO
2057,14267,9641,942.29,completed,online,2025-08-09,NO
1337,15006,16503,584.14,completed,online,2025-08-09,NO
4489,46084,19119,1361.44,failed,online,2025-08-09,NO
1,21984,19420,1047.33,completed,online,2025-08-09,NO
3237,49178,21584,1969.06,failed,online,2025-08-09,NO
1584,3618,25246,7134.471075413054,completed,online,2025-08-09,NO
4124,47452,25377,1761.28,failed,online,2025-08-09,NO
2815,29950,25810,517.07,failed,online,2025-08-09,NO
286,34041,25906,319.72,failed,online,2025-08-09,NO
2910,26540,26688,1519.44,completed,online,2025-08-09,NO
4018,5301,26769,189.74,failed,online,2025-08-09,NO
1018,34686,27493,1972.58,failed,online,2025-08-09,NO
1,17048,30006,1231.48,failed,online,2025-08-09,NO
1163,28449,39802,526.86,completed,online,2025-08-09,NO
4800,370,41554,468.74,completed,online,2025-08-09,NO
1,28144,41779,509.88,completed,online,2025-08-09,NO
441,4084,42803,987.54,completed,online,2025-08-09,NO
3498,27379,44029,1380.31,failed,online,2025-08-09,NO
1,30893,59667,79.86,completed,online,2025-08-09,NO
1,5477,60766,1791.42,completed,online,2025-08-09,NO
4535,24159,60844,619.39,completed,online,2025-08-09,NO
4014,41853,63216,511.05,completed,online,2025-08-09,NO
1028,28079,64590,1423.86,failed,online,2025-08-09,NO
746,44554,67293,447.19,failed,online,2025-08-09,NO
4744,40168,68946,1889.79,completed,online,2025-08-09,NO
3505,39570,69374,825.28,completed,online,2025-08-09,NO
3649,46175,69666,667.26,completed,online,2025-08-09,NO
566,15296,70660,1599.92,failed,online,2025-08-09,NO
1854,36951,70744,438.25,failed,online,2025-08-09,NO
1514,21363,72151,1435.55,failed,online,2025-08-09,NO
1,1029,72166,1459.16,completed,online,2025-08-09,NO
1635,4661,72251,561.84,failed,online,2025-08-09,NO
1,6007,73415,1608.08,completed,online,2025-08-09,NO
2318,19256,73589,376.7,failed,online,2025-08-09,NO
1,30764,76156,1521.7,completed,UNKNOWN,2025-08-09,NO
3540,26900,77741,1307.19,completed,online,2025-08-09,NO
4560,46061,78906,1248.67,completed,online,2025-08-09,NO
1688,47669,80795,1665.61,completed,online,2025-08-09,NO
4517,27894,80974,1687.85,completed,online,2025-08-09,NO
4228,33198,82391,1506.48,completed,online,2025-08-09,NO
4165,18511,83665,667.76,failed,online,2025-08-09,NO
528,49444,84121,1131.75,failed,online,2025-08-09,NO
1060,16423,85544,1560.72,completed,online,2025-08-09,NO
1,11772,87782,229.2,completed,online,2025-08-09,NO
2322,39912,91474,1928.57,failed,online,2025-08-09,NO
1,39281,93951,138.52,failed,online,2025-08-09,NO
1565,23411,95040,293.91,failed,online,2025-08-09,NO
2180,6387,97017,1086.76,failed,online,2025-08-09,NO
1706,10651,99374,406.46,completed,online,2025-08-09,NO
1,36606,100005,1784.27,failed,online,2025-08-09,NO
3821,32260,101652,1740.51,failed,online,2025-08-09,NO
1,15737,102855,834.23,failed,online,2025-08-09,NO
4677,18077,103467,1971.55,failed,online,2025-08-09,NO
3797,25755,107037,815.63,failed,online,2025-08-09,NO
223,3184,107323,670.87,failed,online,2025-08-09,NO
1,8699,107664,116.16,failed,online,2025-08-09,NO
3612,34503,110643,1706.63,failed,online,2025-08-09,NO
1,38264,111174,274.57,failed,online,2025-08-09,NO
3513,42950,111333,1726.17,failed,online,2025-08-09,NO
5,46124,112519,1551.35,completed,online,2025-08-09,NO
1,3794,112594,1287.44,completed,online,2025-08-09,NO
939,13828,112649,1043.75,failed,online,2025-08-09,NO
1,38542,113451,1688.83,failed,online,2025-08-09,NO
3535,45106,115853,1259.12,failed,online,2025-08-09,NO
1254,31204,118288,128.29,failed,online,2025-08-09,NO
386,8631,119999,1367.26,completed,online,2025-08-09,NO
3474,25457,120167,1887.75,failed,online,2025-08-09,NO
2070,16791,124055,1071.12,completed,UNKNOWN,2025-08-09,NO
4910,29299,126135,163.1,failed,online,2025-08-09,NO
4615,14309,128044,1991.95,failed,online,2025-08-09,NO
1181,25887,128479,1050.19,failed,online,2025-08-09,NO
1644,12909,132354,1002.83,failed,online,2025-08-09,NO
1806,14208,133039,1016.85,completed,online,2025-08-09,NO
1875,30269,136770,1240.7,completed,online,2025-08-09,NO
4482,4495,138090,961.92,completed,online,2025-08-09,NO
1,6427,142070,1965.48,failed,online,2025-08-09,NO
4112,5696,142418,589.33,completed,online,2025-08-09,NO
1870,40652,146670,532.83,failed,online,2025-08-09,NO
4638,30699,147530,1979.26,failed,online,2025-08-09,NO
738,27179,148269,1025.72,completed,online,2025-08-09,NO
1,30023,148817,29.66,completed,online,2025-08-09,NO
1,27064,3550,689.16,completed,online,2025-12-26,NO
4429,3132,9067,1321.93,completed,online,2025-12-26,NO
2364,12466,9266,1497.09,failed,online,2025-12-26,NO
1,30481,9438,53.96,completed,online,2025-12-26,NO
320,17953,12438,1361.68,completed,UNKNOWN,2025-12-26,NO
4623,32146,12588,85.6,completed,UNKNOWN,2025-12-26,NO
2072,46522,14926,824.09,completed,online,2025-12-26,NO
4136,41667,17521,1039.9,failed,online,2025-12-26,NO
4225,23716,20767,1799.97,completed,online,2025-12-26,NO
146,40145,22493,1638.12,failed,online,2025-12-26,NO
3294,43879,25756,352.04,failed,online,2025-12-26,NO
2414,16816,26074,1819.2,completed,online,2025-12-26,NO
3657,1133,29713,34.25,failed,online,2025-12-26,NO
1822,39221,31201,1310.33,completed,online,2025-12-26,NO
2426,22441,33307,103.58,failed,online,2025-12-26,NO
2269,9824,39808,393.81,completed,online,2025-12-26,NO
4549,28378,40811,85.98,failed,online,2025-12-26,NO
4086,5188,41323,1516.62,completed,online,2025-12-26,NO
899,41299,42439,470.62,failed,online,2025-12-26,NO
772,25851,43429,827.61,failed,online,2025-12-26,NO
1,21966,44587,517.66,failed,online,2025-12-26,NO
1781,20916,47474,1050.48,failed,online,2025-12-26,NO
3800,47592,53118,1916.02,failed,online,2025-12-26,NO
1838,35875,56060,1818.93,completed,online,2025-12-26,NO
1,41031,61134,46.39,completed,online,2025-12-26,NO
4665,38095,67905,360.22,completed,online,2025-12-26,NO
1442,26187,71103,252.59,failed,online,2025-12-26,NO
557,9686,71680,236.7,failed,online,2025-12-26,NO
3734,36506,72121,989.24,failed,online,2025-12-26,NO
3282,3329,72568,611.56,completed,online,2025-12-26,NO
453,15526,74079,556.93,completed,online,2025-12-26,NO
1203,30816,75572,1513.45,failed,online,2025-12-26,NO
1853,38717,75586,1037.8,failed,online,2025-12-26,NO
943,10218,75768,1138.12,failed,online,2025-12-26,NO
85,43143,77866,1206.45,failed,online,2025-12-26,NO
2868,17483,78363,1327.01,failed,online,2025-12-26,NO
456,20644,79118,1535.74,failed,online,2025-12-26,NO
4171,32957,83556,499.39,failed,online,2025-12-26,NO
3205,33944,83672,1085.56,completed,online,2025-12-26,NO
3133,40181,85346,1446.18,failed,online,2025-12-26,NO
1,27687,86534,1058.36,failed,online,2025-12-26,NO
1786,9880,89238,1529.33,failed,online,2025-12-26,NO
1,24798,93672,735.45,completed,online,2025-12-26,NO
985,6230,93832,1942.83,failed,online,2025-12-26,NO
1474,39340,96963,1162.34,completed,online,2025-12-26,NO
1394,43332,97862,330.58,failed,online,2025-12-26,NO
3871,11143,98556,207.42,completed,online,2025-12-26,NO
4604,35751,99048,951.1,failed,online,2025-12-26,NO
1217,24449,99367,454.25,completed,online,2025-12-26,NO
1,12088,104334,368.38,failed,online,2025-12-26,NO
3333,22427,107326,330.64,failed,online,2025-12-26,NO
248,29695,108320,1817.51,failed,online,2025-12-26,NO
1,47766,109229,369.05,failed,online,2025-12-26,NO
132,38980,114064,276.02,failed,online,2025-12-26,NO
3525,27816,117643,1362.24,failed,online,2025-12-26,NO
1472,1095,117810,1533.96,failed,online,2025-12-26,NO
3045,5506,120139,594.7,failed,online,2025-12-26,NO
1,39172,121358,515.65,failed,online,2025-12-26,NO
3647,48486,122156,997.05,completed,online,2025-12-26,NO
2319,20581,123598,611.9,failed,online,2025-12-26,NO
916,40132,123712,851.14,failed,online,2025-12-26,NO
1067,7261,123847,1617.32,completed,online,2025-12-26,NO
2137,40876,123979,1097.82,completed,online,2025-12-26,NO
4874,48590,125765,672.49,completed,online,2025-12-26,NO
3621,1093,126264,424.75,completed,online,2025-12-26,NO
1371,35069,126661,1991.83,failed,online,2025-12-26,NO
1,12058,129497,1232.5,failed,online,2025-12-26,NO
4064,5490,131498,1943.28,completed,online,2025-12-26,NO
1,25428,132017,55.41,completed,online,2025-12-26,NO
4747,11909,134936,155.19,failed,online,2025-12-26,NO
1,41586,135070,1579.82,completed,online,2025-12-26,NO
1,9648,136304,1439.3,completed,online,2025-12-26,NO
629,46828,137516,563.05,failed,online,2025-12-26,NO
1,7539,138324,1114.12,failed,online,2025-12-26,NO
2107,13616,138938,365.33,failed,online,2025-12-26,NO
1,25680,139344,1733.46,failed,online,2025-12-26,NO
3335,15701,139483,1486.63,failed,online,2025-12-26,NO
4634,15460,139703,1801.87,failed,online,2025-12-26,NO
1,36911,140321,317.97,failed,online,2025-12-26,NO
1716,46287,140988,641.05,completed,online,2025-12-26,NO
1,3810,142014,1411.0,failed,online,2025-12-26,NO
165,25140,143088,1698.15,failed,online,2025-12-26,NO
2929,24252,144901,472.81,failed,online,2025-12-26,NO
1414,25136,148279,1281.31,completed,online,2025-12-26,NO
1,25732,149058,183.35,completed,online,2025-12-26,NO
892,24428,216,508.41,failed,online,2025-12-28,NO
1863,45143,795,1530.79,failed,online,2025-12-28,NO
212,49705,1131,927.71,completed,online,2025-12-28,NO
1,43696,5113,1483.18,completed,online,2025-12-28,NO
4492,4573,9248,1131.75,completed,online,2025-12-28,NO
838,2373,12748,1360.31,completed,online,2025-12-28,NO
2328,44303,13664,1470.87,failed,online,2025-12-28,NO
2108,27636,14740,357.31,completed,online,2025-12-28,NO
1,40081,15542,1166.62,completed,online,2025-12-28,NO
4352,31121,17237,308.31,completed,online,2025-12-28,NO
2212,34203,22814,1067.49,completed,online,2025-12-28,NO
4010,10844,23448,329.16,completed,online,2025-12-28,NO
3140,49558,23981,1734.86,failed,online,2025-12-28,NO
2542,46430,25659,703.62,failed,online,2025-12-28,NO
1,15558,26010,1098.01,failed,online,2025-12-28,NO
4292,15335,27411,1554.87,failed,online,2025-12-28,NO
3327,9814,29612,874.01,failed,online,2025-12-28,NO
519,1979,30695,1015.78,completed,online,2025-12-28,NO
435,26182,34352,90.99,failed,online,2025-12-28,NO
814,21633,34447,555.87,completed,online,2025-12-28,NO
1,48260,35642,1320.07,completed,online,2025-12-28,NO
3702,33327,37440,40.86,failed,online,2025-12-28,NO
1728,44830,42477,438.09,completed,online,2025-12-28,NO
3424,12284,48019,943.35,failed,online,2025-12-28,NO
1896,29823,48718,1706.83,completed,online,2025-12-28,NO
4207,37451,50017,18.34,failed,online,2025-12-28,NO
993,19453,51479,274.75,failed,online,2025-12-28,NO
1495,1426,55992,781.43,completed,online,2025-12-28,NO
1829,38068,56442,1565.5,failed,online,2025-12-28,NO
3585,22440,56666,1370.3,completed,online,2025-12-28,NO
1,20920,60264,1760.91,failed,online,2025-12-28,NO
662,14803,61530,1065.91,failed,online,2025-12-28,NO
297,11546,63678,602.31,failed,online,2025-12-28,NO
820,4558,63938,949.28,completed,online,2025-12-28,NO
4642,19679,64041,1354.27,failed,online,2025-12-28,NO
1,35231,65638,1977.51,failed,online,2025-12-28,NO
1537,42183,65688,1778.08,failed,online,2025-12-28,NO
2397,14288,68691,1817.26,completed,online,2025-12-28,NO
1567,8041,71904,137.17,failed,UNKNOWN,2025-12-28,NO
214,9981,72231,1079.18,completed,UNKNOWN,2025-12-28,NO
1,27721,72817,453.09,failed,online,2025-12-28,NO
1,33942,72877,726.22,failed,online,2025-12-28,NO
1,40607,73902,923.9,failed,online,2025-12-28,NO
4459,31242,74106,352.5,completed,online,2025-12-28,NO
3887,49657,76264,583.39,failed,online,2025-12-28,NO
396,6857,76287,1957.05,failed,online,2025-12-28,NO
2157,33855,79185,1555.74,completed,online,2025-12-28,NO
4798,24055,81773,1673.44,completed,online,2025-12-28,NO
2250,41793,82021,1313.84,failed,online,2025-12-28,NO
2931,15564,84378,1122.02,completed,online,2025-12-28,NO
1,16754,86068,1655.01,completed,online,2025-12-28,NO
338,30609,92522,1222.04,completed,online,2025-12-28,NO
4477,32642,94601,946.15,failed,online,2025-12-28,NO
4621,10007,96116,522.39,failed,online,2025-12-28,NO
581,24288,96856,1120.39,failed,online,2025-12-28,NO
1,19226,97486,792.64,failed,online,2025-12-28,NO
3115,4367,98289,618.01,failed,online,2025-12-28,NO
1,48221,99380,1459.65,completed,online,2025-12-28,NO
1,48725,102573,11.15,failed,online,2025-12-28,NO
2859,31923,103168,1607.18,failed,online,2025-12-28,NO
3910,25174,103306,1364.69,failed,online,2025-12-28,NO
4686,48783,104006,997.29,failed,online,2025-12-28,NO
1,12616,104931,1581.1,completed,online,2025-12-28,NO
1,27202,107069,292.98,failed,online,2025-12-28,NO
3676,21096,108619,702.04,completed,online,2025-12-28,NO
184,38761,110059,1089.05,failed,online,2025-12-28,NO
1,45356,110646,127.44,completed,online,2025-12-28,NO
1,3449,110815,1615.47,completed,online,2025-12-28,NO
2551,21495,113232,671.19,failed,online,2025-12-28,NO
1,13589,118487,258.2,failed,online,2025-12-28,NO
102,8306,119920,252.58,failed,online,2025-12-28,NO
1,34864,120431,629.34,completed,online,2025-12-28,NO
1134,2343,120515,870.29,completed,online,2025-12-28,NO
1,1013,123883,1130.86,failed,online,2025-12-28,NO
3420,42967,126193,1700.0,completed,online,2025-12-28,NO
816,31412,127417,395.33,completed,online,2025-12-28,NO
1122,41451,128783,62.53,failed,online,2025-12-28,NO
4208,17893,128846,1674.08,failed,online,2025-12-28,NO
1,28665,129073,1553.11,completed,online,2025-12-28,NO
1824,42972,133068,1867.36,completed,online,2025-12-28,NO
4777,46111,145515,1220.33,completed,online,2025-12-28,NO
1,9084,148557,1685.56,completed,UNKNOWN,2025-12-28,NO
4519,37195,148693,1197.94,failed,online,2025-12-28,NO
1,11946,148827,1584.29,failed,online,2025-12-28,NO
37,41506,149242,469.47,completed,online,2025-12-28,NO
3636,15235,2871,799.66,completed,online,2025-09-23,NO
1,10278,3045,844.41,completed,online,2025-09-23,NO
3568,16347,4917,249.26,completed,online,2025-09-23,NO
3275,34885,5823,881.26,completed,online,2025-09-23,NO
3701,37993,7919,323.61,completed,online,2025-09-23,NO
2202,32797,8438,1548.62,failed,online,2025-09-23,NO
3734,14852,10366,162.52,failed,online,2025-09-23,NO
1255,11571,11234,401.91,completed,online,2025-09-23,NO
2911,34404,12431,1491.3,failed,online,2025-09-23,NO
1,40188,12854,1854.33,completed,online,2025-09-23,NO
4998,24652,13655,1741.79,failed,online,2025-09-23,NO
1,31196,15363,1149.13,failed,online,2025-09-23,NO
3074,49946,15563,1292.73,completed,online,2025-09-23,NO
4007,7542,17281,887.33,completed,online,2025-09-23,NO
3449,38024,18062,375.81,completed,online,2025-09-23,NO
1,38561,20763,1528.37,failed,online,2025-09-23,NO
1,44626,21859,508.11,completed,online,2025-09-23,NO
2066,13314,21923,1152.91,failed,online,2025-09-23,NO
1,7131,24263,1517.37,failed,online,2025-09-23,NO
1,4618,24596,1924.89,failed,online,2025-09-23,NO
2542,46478,26128,1068.18,completed,online,2025-09-23,NO
1491,44404,26528,1764.89,completed,online,2025-09-23,NO
1,14215,28836,315.96,completed,online,2025-09-23,NO
1,8603,37015,537.55,completed,online,2025-09-23,NO
1306,13159,38212,221.3,failed,online,2025-09-23,NO
2000,14375,39016,654.2,completed,online,2025-09-23,NO
4190,6422,39742,567.67,failed,online,2025-09-23,NO
4622,43835,40753,952.0,completed,online,2025-09-23,NO
3396,14146,41145,1751.48,completed,online,2025-09-23,NO
3207,920,42595,1865.94,completed,online,2025-09-23,NO
4468,20604,47501,1052.71,completed,online,2025-09-23,NO
3517,4415,47728,1646.38,failed,online,2025-09-23,NO
3839,7369,50876,442.27,failed,online,2025-09-23,NO
2460,18195,51914,105.58,completed,online,2025-09-23,NO
4765,45773,52797,1551.13,completed,online,2025-09-23,NO
1,8159,52933,1599.7,failed,online,2025-09-23,NO
1095,36588,60627,73.02,failed,online,2025-09-23,NO
3306,28617,61559,925.44,completed,online,2025-09-23,NO
1,45240,61953,1135.36,failed,online,2025-09-23,NO
1,40460,65330,45.07,failed,online,2025-09-23,NO
2345,18064,66226,1426.54,completed,online,2025-09-23,NO
2764,38341,66367,1095.35,failed,online,2025-09-23,NO
838,17056,66559,1135.74,failed,online,2025-09-23,NO
621,37103,69736,883.8,failed,online,2025-09-23,NO
1,34217,76411,243.62,failed,online,2025-09-23,NO
4091,35067,76983,1669.7,failed,online,2025-09-23,NO
1534,45916,78045,630.9,completed,online,2025-09-23,NO
4308,36119,78470,855.98,completed,online,2025-09-23,NO
299,12550,78727,899.57,completed,online,2025-09-23,NO
831,47525,81936,655.36,completed,online,2025-09-23,NO
3998,629,82347,343.52,completed,UNKNOWN,2025-09-23,NO
4284,99,82609,23.67,completed,online,2025-09-23,NO
3870,27633,84631,1418.56,completed,online,2025-09-23,NO
1294,11036,86237,1088.72,failed,online,2025-09-23,NO
2357,41026,88719,362.51,completed,online,2025-09-23,NO
232,19271,88814,1601.26,completed,online,2025-09-23,NO
1971,45605,88846,185.24,completed,online,2025-09-23,NO
2154,17286,91083,1100.53,completed,online,2025-09-23,NO
3232,9138,92250,469.21,failed,online,2025-09-23,NO
4016,22471,92956,1731.12,completed,online,2025-09-23,NO
1,13168,95198,279.23,completed,online,2025-09-23,NO
4646,10116,96866,725.81,failed,online,2025-09-23,NO
4545,16327,98521,1072.04,failed,online,2025-09-23,NO
2122,1376,98559,1802.21,failed,UNKNOWN,2025-09-23,NO
4466,20522,102554,431.13,failed,online,2025-09-23,NO
4960,23017,104698,299.23,completed,online,2025-09-23,NO
226,33263,105281,1886.0,completed,online,2025-09-23,NO
4142,23718,110427,1500.42,completed,online,2025-09-23,NO
328,46148,113478,1655.81,completed,online,2025-09-23,NO
721,31854,123593,1504.52,failed,online,2025-09-23,NO
1483,19264,123685,249.12,completed,online,2025-09-23,NO
2195,946,125656,1645.66,completed,online,2025-09-23,NO
1907,31909,128854,108.29,failed,online,2025-09-23,NO
4219,19681,129265,1556.55,completed,online,2025-09-23,NO
3474,608,130062,228.34,failed,online,2025-09-23,NO
3425,13208,130078,774.11,completed,online,2025-09-23,NO
905,8862,131482,123.36,failed,online,2025-09-23,NO
1,31508,131888,1447.18,failed,online,2025-09-23,NO
4455,17150,132379,1221.67,failed,online,2025-09-23,NO
1,9338,140405,1491.35,failed,online,2025-09-23,NO
4324,14413,143733,1223.22,completed,online,2025-09-23,NO
4696,401,146828,1827.25,completed,online,2025-09-23,NO
4809,21120,147572,191.18,completed,online,2025-09-23,NO
4229,48298,149679,1507.08,failed,online,2025-09-23,NO
978,40520,2660,1712.87,completed,online,2025-10-10,NO
1435,1485,5143,1751.79,completed,online,2025-10-10,NO
2996,21850,9326,1664.13,failed,online,2025-10-10,NO
368,16564,12017,20.57,completed,online,2025-10-10,NO
3519,39555,15135,542.53,completed,online,2025-10-10,NO
3091,43838,16095,1574.17,completed,online,2025-10-10,NO
3818,34381,17005,415.15,failed,UNKNOWN,2025-10-10,NO
4395,31518,17262,436.16,completed,online,2025-10-10,NO
3496,34510,17340,1084.74,failed,online,2025-10-10,NO
2856,2906,17376,30.6,completed,online,2025-10-10,NO
1,18558,17856,1027.06,completed,online,2025-10-10,NO
1248,13719,18984,1497.08,failed,online,2025-10-10,NO
2866,3364,21583,1482.43,completed,online,2025-10-10,NO
1,15335,26696,805.77,completed,online,2025-10-10,NO
1831,25442,29060,1118.12,failed,online,2025-10-10,NO
1379,17894,31606,1123.67,completed,online,2025-10-10,NO
3444,45488,31636,865.79,failed,online,2025-10-10,NO
1415,9309,31644,1515.7,completed,online,2025-10-10,NO
521,14732,32825,732.56,failed,online,2025-10-10,NO
4214,41288,37693,692.01,failed,online,2025-10-10,NO
1,17764,39282,1327.46,completed,online,2025-10-10,NO
4272,3493,47031,397.86,completed,online,2025-10-10,NO
4459,221,51626,879.2,completed,online,2025-10-10,NO
542,4430,51678,1118.25,completed,online,2025-10-10,NO
1602,34200,52661,699.6,failed,online,2025-10-10,NO
4253,31438,53201,1518.06,completed,online,2025-10-10,NO
2324,1264,53763,1119.12,failed,online,2025-10-10,NO
4311,26474,54287,1238.66,failed,online,2025-10-10,NO
4080,16004,57341,1387.95,completed,online,2025-10-10,NO
3685,26539,59980,1374.87,failed,online,2025-10-10,NO
4291,47906,60846,1406.91,failed,online,2025-10-10,NO
1,36196,62834,1437.87,failed,online,2025-10-10,NO
1664,20441,65216,1692.74,failed,online,2025-10-10,NO
1508,13715,67636,1334.92,failed,online,2025-10-10,NO
1916,6956,68326,1840.44,failed,online,2025-10-10,NO
2837,22589,69407,1322.3,failed,online,2025-10-10,NO
1,33467,72742,1039.74,completed,online,2025-10-10,NO
2157,26776,73599,1763.41,completed,online,2025-10-10,NO
2931,10270,74766,1059.72,failed,online,2025-10-10,NO
481,29666,76117,1947.58,completed,online,2025-10-10,NO
2828,26944,80119,789.06,completed,online,2025-10-10,NO
1,47062,81005,1882.6,failed,online,2025-10-10,NO
4761,4504,84193,1462.55,completed,online,2025-10-10,NO
17,12663,84219,1203.0,failed,online,2025-10-10,NO
1,16880,86376,121.65,completed,online,2025-10-10,NO
4636,38048,86744,1963.78,failed,online,2025-10-10,NO
3092,43051,87921,585.73,failed,online,2025-10-10,NO
1,41591,88706,1156.31,completed,online,2025-10-10,NO
3730,8770,90163,179.32,failed,online,2025-10-10,NO
216,4031,90583,1234.52,failed,online,2025-10-10,NO
1,12403,92743,857.71,completed,online,2025-10-10,NO
1,28575,95243,1553.88,completed,online,2025-10-10,NO
2943,28511,95257,941.08,failed,online,2025-10-10,NO
424,30695,95582,1244.28,failed,online,2025-10-10,NO
2912,13638,98976,554.61,failed,online,2025-10-10,NO
2029,2421,100655,1211.56,failed,online,2025-10-10,NO
2709,17766,104243,682.1,failed,online,2025-10-10,NO
588,9113,106268,253.48,completed,online,2025-10-10,NO
4624,20303,107463,74.01,completed,online,2025-10-10,NO
2423,43267,107846,170.88,completed,online,2025-10-10,NO
607,27352,109601,715.56,failed,online,2025-10-10,NO
274,12303,113213,1444.45,completed,online,2025-10-10,NO
4983,32832,115421,1415.34,failed,online,2025-10-10,NO
601,42526,121861,943.52,failed,online,2025-10-10,NO
3283,7444,124245,708.15,completed,online,2025-10-10,NO
2504,49982,124522,1026.15,failed,online,2025-10-10,NO
3295,32811,126640,1018.76,failed,online,2025-10-10,NO
1,30445,129874,1536.42,failed,online,2025-10-10,NO
1605,26257,132493,859.64,completed,online,2025-10-10,NO
2542,49325,133303,589.41,failed,online,2025-10-10,NO
1398,16694,133474,1300.4,completed,online,2025-10-10,NO
4039,28330,137933,1141.77,failed,online,2025-10-10,NO
587,28370,139182,158.15,failed,online,2025-10-10,NO
1,44960,141394,1835.44,completed,online,2025-10-10,NO
1,39978,141595,1944.26,completed,online,2025-10-10,NO
2767,41637,141722,77.2,failed,online,2025-10-10,NO
395,40830,142138,1795.68,completed,online,2025-10-10,NO
1,35598,142506,339.66,completed,online,2025-10-10,NO
4246,45328,143792,535.94,completed,online,2025-10-10,NO
4358,17446,145616,1831.91,failed,online,2025-10-10,NO
1438,1701,145633,1428.87,failed,online,2025-10-10,NO
1296,12388,148688,1326.88,failed,online,2025-10-10,NO
4732,37664,149885,41.02,completed,online,2025-10-10,NO
1453,40480,149930,845.57,failed,online,2025-10-10,NO
3386,35236,2704,1009.54,completed,online,2025-06-17,NO
3470,44583,3606,390.99,failed,online,2025-06-17,NO
3789,16222,4123,1517.49,failed,online,2025-06-17,NO
1042,39714,4254,529.31,failed,online,2025-06-17,NO
1,38307,5044,819.84,failed,online,2025-06-17,NO
298,47829,7761,767.59,failed,online,2025-06-17,NO
2864,7474,8066,773.4,completed,online,2025-06-17,NO
4962,8804,8529,5412.225413506552,completed,online,2025-06-17,NO
2605,34143,10531,423.97,completed,online,2025-06-17,NO
4570,26741,12261,1637.34,failed,online,2025-06-17,NO
1704,24744,12540,945.96,completed,online,2025-06-17,NO
4323,21631,16262,381.0,completed,online,2025-06-17,NO
1117,48049,17122,1264.79,failed,online,2025-06-17,NO
3600,47873,18194,1697.84,completed,online,2025-06-17,NO
3944,6800,19697,1067.53,completed,online,2025-06-17,NO
1182,23323,23157,1262.58,completed,online,2025-06-17,NO
1640,30524,23867,1246.49,completed,online,2025-06-17,NO
1,11663,24586,1894.7,completed,online,2025-06-17,NO
1052,47425,29524,378.85,completed,online,2025-06-17,NO
2638,47193,35194,1658.91,completed,online,2025-06-17,NO
3539,41248,37022,1647.24,completed,online,2025-06-17,NO
4426,33966,39474,1263.39,completed,online,2025-06-17,NO
4421,40905,41631,1396.55,failed,online,2025-06-17,NO
4377,26711,42230,1972.23,failed,online,2025-06-17,NO
1907,26307,43176,591.66,failed,online,2025-06-17,NO
1,25773,45411,1594.45,completed,online,2025-06-17,NO
485,31190,46118,548.68,failed,online,2025-06-17,NO
1,48098,46417,1223.2,failed,online,2025-06-17,NO
2273,48975,47827,1399.56,completed,online,2025-06-17,NO
4251,184,48110,8444.571204220378,failed,online,2025-06-17,NO
1084,37869,48215,1530.11,failed,online,2025-06-17,NO
1,21382,50273,1628.25,completed,online,2025-06-17,NO
1808,22163,50502,1803.17,completed,online,2025-06-17,NO
3360,34830,50593,712.79,completed,online,2025-06-17,NO
2621,28563,50652,154.57,failed,online,2025-06-17,NO
1719,27849,62189,1158.67,completed,online,2025-06-17,NO
1,11439,64155,33.86,completed,online,2025-06-17,NO
4727,48807,66625,1745.45,failed,online,2025-06-17,NO
3415,734,70945,1293.9,completed,online,2025-06-17,NO
4288,38560,73690,1613.36,completed,online,2025-06-17,NO
4652,30083,75612,432.39,failed,online,2025-06-17,NO
3514,14293,76954,368.05,completed,online,2025-06-17,NO
1,45095,77304,1074.76,failed,online,2025-06-17,NO
3516,17264,78799,1395.97,completed,online,2025-06-17,NO
323,34435,81762,1361.45,completed,online,2025-06-17,NO
433,14357,82101,1691.88,completed,online,2025-06-17,NO
1,1091,84417,1721.24,completed,online,2025-06-17,NO
640,41986,87763,969.15,failed,online,2025-06-17,NO
3957,38006,87784,1746.59,completed,online,2025-06-17,NO
43,28052,87875,1190.33,completed,online,2025-06-17,NO
288,486,88127,1957.53,failed,online,2025-06-17,NO
3746,46041,89440,109.83,failed,online,2025-06-17,NO
2700,31532,89691,1395.0,completed,online,2025-06-17,NO
327,32282,93504,308.87,completed,online,2025-06-17,NO
1,29472,93812,860.39,failed,online,2025-06-17,NO
1,2413,95916,410.03,failed,online,2025-06-17,NO
2078,5519,96682,1662.1,completed,online,2025-06-17,NO
4121,43739,97882,758.45,failed,UNKNOWN,2025-06-17,NO
4664,40467,102263,1929.46,completed,online,2025-06-17,NO
4166,19690,102806,1507.54,failed,online,2025-06-17,NO
1571,32112,103417,279.77,completed,online,2025-06-17,NO
990,44753,105597,1047.0,completed,online,2025-06-17,NO
2969,41910,107765,103.2,failed,online,2025-06-17,NO
3815,45970,108769,1472.58,completed,online,2025-06-17,NO
2772,7584,110400,256.31,failed,online,2025-06-17,NO
1,49612,110560,1582.88,completed,online,2025-06-17,NO
4716,16340,113754,374.92,failed,online,2025-06-17,NO
2441,27511,114203,550.84,completed,online,2025-06-17,NO
1,47752,115628,573.14,completed,online,2025-06-17,NO
2295,11109,117616,1711.41,failed,online,2025-06-17,NO
784,2157,119322,1720.22,failed,online,2025-06-17,NO
3738,39023,120245,874.95,completed,online,2025-06-17,NO
4499,6145,123470,928.7,failed,online,2025-06-17,NO
198,48054,128206,1070.12,completed,online,2025-06-17,NO
2174,14248,134896,501.05,failed,online,2025-06-17,NO
2831,46315,135228,1779.71,failed,online,2025-06-17,NO
3958,49409,136055,1265.42,failed,online,2025-06-17,NO
3272,16012,138761,815.54,completed,online,2025-06-17,NO
1772,14332,139063,1981.07,failed,online,2025-06-17,NO
522,12436,140522,482.94,completed,online,2025-06-17,NO
3635,46025,143999,528.3,failed,online,2025-06-17,NO
2598,7596,144280,752.89,completed,online,2025-06-17,NO
1,13977,148925,1370.37,completed,online,2025-06-17,NO
1,21640,1694,49.76,failed,online,2025-02-03,NO
301,22200,3859,1395.66,failed,online,2025-02-03,NO
1138,20203,6178,73.53,completed,online,2025-02-03,NO
4582,26009,7989,1095.06,failed,online,2025-02-03,NO
1,20669,17825,293.43,completed,online,2025-02-03,NO
4024,6095,21769,950.86,completed,online,2025-02-03,NO
2824,4866,22684,1697.05,completed,online,2025-02-03,NO
152,19463,23252,1949.76,completed,online,2025-02-03,NO
1,7262,23826,1252.26,completed,online,2025-02-03,NO
1750,25434,23898,497.86,completed,online,2025-02-03,NO
1227,21349,28343,72.28,failed,online,2025-02-03,NO
3063,26147,28392,1315.7,failed,online,2025-02-03,NO
1,5271,29888,1533.78,completed,online,2025-02-03,NO
3884,48988,30222,1563.94,failed,online,2025-02-03,NO
2500,11214,31033,1677.91,failed,online,2025-02-03,NO
2153,22049,32176,1935.68,failed,online,2025-02-03,NO
3821,40544,33602,678.66,completed,online,2025-02-03,NO
4780,33498,34118,1896.1,failed,online,2025-02-03,NO
4099,22522,35689,1366.72,failed,online,2025-02-03,NO
4555,31126,36475,401.81,completed,online,2025-02-03,NO
4222,17204,37438,1932.22,failed,online,2025-02-03,NO
1180,46884,37796,268.1,failed,online,2025-02-03,NO
2057,39653,39420,149.89,completed,online,2025-02-03,NO
1005,44738,40740,1376.4,failed,online,2025-02-03,NO
1054,28856,41095,600.75,failed,online,2025-02-03,NO
1,21232,41231,1762.3,failed,online,2025-02-03,NO
3320,32732,42868,905.61,failed,online,2025-02-03,NO
3328,7901,44074,1353.08,completed,online,2025-02-03,NO
1812,2216,46070,1277.27,failed,online,2025-02-03,NO
2654,48995,46615,413.39,failed,online,2025-02-03,NO
4803,19176,47177,10.24,completed,online,2025-02-03,NO
1935,42749,49293,1732.15,failed,online,2025-02-03,NO
1,6276,51746,102.04,completed,online,2025-02-03,NO
2103,44480,54523,246.45,completed,UNKNOWN,2025-02-03,NO
1,22653,57060,1739.41,completed,online,2025-02-03,NO
1,12118,60867,580.85,completed,online,2025-02-03,NO
3081,45322,63012,79.09,failed,online,2025-02-03,NO
1,34831,64660,808.63,failed,online,2025-02-03,NO
893,33263,65933,1067.74,completed,online,2025-02-03,NO
2638,26771,66607,1680.58,completed,online,2025-02-03,NO
440,15065,78172,538.33,failed,online,2025-02-03,NO
4445,17566,79237,1111.73,completed,online,2025-02-03,NO
1157,30073,79397,1364.65,completed,online,2025-02-03,NO
2933,30446,79764,1134.8,completed,online,2025-02-03,NO
2280,26240,82324,1064.99,completed,online,2025-02-03,NO
1,8353,86319,762.93,completed,online,2025-02-03,NO
165,36548,87056,159.5,completed,online,2025-02-03,NO
2566,17317,88692,1888.01,completed,online,2025-02-03,NO
4164,1498,89584,1936.34,completed,online,2025-02-03,NO
2147,4412,90319,208.0,completed,online,2025-02-03,NO
1,30433,90433,1983.16,completed,online,2025-02-03,NO
1977,4392,91639,866.08,failed,online,2025-02-03,NO
3301,10039,92045,684.4,completed,online,2025-02-03,NO
329,13100,93790,945.06,failed,online,2025-02-03,NO
1,29569,97127,1371.02,completed,online,2025-02-03,NO
1410,15961,100162,221.04,failed,online,2025-02-03,NO
2012,37122,100390,605.06,completed,online,2025-02-03,NO
3220,851,102951,458.67,failed,online,2025-02-03,NO
4469,24555,103030,1165.73,completed,online,2025-02-03,NO
4467,11528,104971,422.8,failed,online,2025-02-03,NO
848,5642,110471,1800.93,failed,online,2025-02-03,NO
3151,33494,113572,1762.83,completed,online,2025-02-03,NO
4823,22970,117476,694.33,completed,online,2025-02-03,NO
1756,42443,117553,1159.23,failed,online,2025-02-03,NO
1176,25319,118811,1745.03,failed,online,2025-02-03,NO
1,5216,124485,93.89,failed,online,2025-02-03,NO
2937,2208,124974,1147.23,completed,online,2025-02-03,NO
3202,34980,126288,1142.23,failed,online,2025-02-03,NO
2430,38850,127046,30.74,completed,online,2025-02-03,NO
4061,6205,127933,1284.83,failed,online,2025-02-03,NO
2861,36509,129147,378.46,failed,online,2025-02-03,NO
4353,22340,131265,1586.47,completed,online,2025-02-03,NO
23,24233,131576,162.35,completed,online,2025-02-03,NO
1,3040,131747,6098.912708275204,failed,online,2025-02-03,NO
508,20028,134592,383.27,failed,online,2025-02-03,NO
799,39745,136030,668.24,failed,online,2025-02-03,NO
1775,41988,136542,92.86,completed,online,2025-02-03,NO
1,34947,138509,1106.22,failed,online,2025-02-03,NO
2229,24332,139460,1458.45,completed,online,2025-02-03,NO
1241,33073,141561,441.99,failed,online,2025-02-03,NO
713,3675,142251,515.69,failed,online,2025-02-03,NO
1,14001,145008,1388.95,failed,online,2025-02-03,NO
1878,18367,146907,1479.82,completed,online,2025-02-03,NO
2242,21227,148599,315.1,failed,online,2025-02-03,NO
4325,11753,2139,120.93,completed,online,2025-11-05,NO
4631,12259,2453,298.33,completed,online,2025-11-05,NO
986,45516,8335,91.69,completed,online,2025-11-05,NO
1218,17786,8889,1039.73,failed,online,2025-11-05,NO
1,9050,12176,1698.8,failed,online,2025-11-05,NO
803,6189,12254,1383.44,completed,online,2025-11-05,NO
4571,41432,12389,1572.16,completed,online,2025-11-05,NO
3602,20933,15493,311.69,completed,online,2025-11-05,NO
4472,46470,16517,1543.23,completed,online,2025-11-05,NO
2601,10695,16737,1488.15,failed,online,2025-11-05,NO
1,7185,19225,537.39,completed,online,2025-11-05,NO
4123,1046,20745,1262.95,failed,online,2025-11-05,NO
1,6110,20812,1360.58,completed,online,2025-11-05,NO
3708,6738,22081,453.33,failed,online,2025-11-05,NO
104,20655,23536,1862.2,failed,online,2025-11-05,NO
2696,16032,24607,1311.7,completed,online,2025-11-05,NO
2982,30611,27082,1481.06,failed,online,2025-11-05,NO
750,4877,27234,559.65,completed,online,2025-11-05,NO
1,42059,28143,384.36,failed,online,2025-11-05,NO
4110,49123,28985,314.06,failed,online,2025-11-05,NO
1,35936,32526,1967.77,completed,UNKNOWN,2025-11-05,NO
1153,22319,36868,1176.42,completed,online,2025-11-05,NO
4837,23868,37841,1681.62,completed,online,2025-11-05,NO
1460,2884,40440,589.43,failed,online,2025-11-05,NO
4530,11241,43141,1075.17,completed,online,2025-11-05,NO
4128,36430,44310,1445.79,completed,online,2025-11-05,NO
3717,10218,44986,223.72,completed,online,2025-11-05,NO
1298,39434,45186,1195.69,failed,online,2025-11-05,NO
727,49752,52358,1725.83,failed,online,2025-11-05,NO
1984,46871,54099,1542.45,failed,online,2025-11-05,NO
747,16072,56290,1063.66,failed,online,2025-11-05,NO
228,9408,56320,1845.1,completed,online,2025-11-05,NO
4480,38628,56677,1300.71,failed,online,2025-11-05,NO
4,8260,57317,1167.17,failed,online,2025-11-05,NO
1415,45994,57374,1005.22,completed,online,2025-11-05,NO
4304,18729,60230,1121.7,completed,online,2025-11-05,NO
1,42293,61463,733.57,completed,online,2025-11-05,NO
3287,30950,62269,1288.61,failed,online,2025-11-05,NO
4005,32504,63206,79.76,completed,online,2025-11-05,NO
3493,49612,66230,1030.03,failed,online,2025-11-05,NO
503,31310,66923,241.78,completed,online,2025-11-05,NO
1,3538,68508,390.32,completed,online,2025-11-05,NO
1524,41508,70953,469.69,completed,UNKNOWN,2025-11-05,NO
1434,39555,72260,1787.11,failed,online,2025-11-05,NO
1,36934,72806,949.2,completed,online,2025-11-05,NO
2662,14337,72966,1724.06,completed,online,2025-11-05,NO
1123,31127,76985,211.0,completed,online,2025-11-05,NO
3564,43251,77759,1922.28,failed,online,2025-11-05,NO
1,48524,82416,1181.97,failed,online,2025-11-05,NO
4980,34202,83875,934.74,completed,online,2025-11-05,NO
1,30492,85035,1342.57,failed,online,2025-11-05,NO
1182,18584,86864,331.53,failed,online,2025-11-05,NO
528,25384,93282,1051.41,failed,online,2025-11-05,NO
1,16774,94018,331.61,failed,online,2025-11-05,NO
70,13892,95957,1244.6,completed,online,2025-11-05,NO
1,28472,97594,1532.4,failed,online,2025-11-05,NO
3934,43027,97999,1838.53,completed,online,2025-11-05,NO
4121,598,100278,452.51,failed,online,2025-11-05,NO
1461,689,102602,1591.18,failed,online,2025-11-05,NO
2250,6728,102715,794.54,completed,online,2025-11-05,NO
3545,43438,103742,1337.28,failed,online,2025-11-05,NO
1591,30317,104512,122.11,completed,online,2025-11-05,NO
3303,31767,106574,882.68,failed,online,2025-11-05,NO
2695,35121,109470,1846.95,completed,online,2025-11-05,NO
623,4615,109913,1719.07,completed,online,2025-11-05,NO
479,6278,117956,832.0,completed,online,2025-11-05,NO
1,11859,117963,1779.7,failed,online,2025-11-05,NO
4245,34113,118548,1740.63,completed,online,2025-11-05,NO
2715,7103,118599,177.64,failed,online,2025-11-05,NO
436,16323,118637,1737.49,failed,online,2025-11-05,NO
1210,46993,118806,1457.89,failed,online,2025-11-05,NO
2813,41014,118860,1167.76,completed,online,2025-11-05,NO
3282,4031,119374,1618.95,completed,online,2025-11-05,NO
3576,11427,122537,972.25,completed,online,2025-11-05,NO
2103,49773,122984,1669.6,failed,online,2025-11-05,NO
3518,10535,123933,1728.66,failed,online,2025-11-05,NO
381,4988,129797,718.4,completed,online,2025-11-05,NO
1,25136,136744,854.8,failed,online,2025-11-05,NO
1,43318,137265,12.55,failed,online,2025-11-05,NO
879,7643,140676,1766.65,completed,online,2025-11-05,NO
4350,14805,141797,1399.76,completed,online,2025-11-05,NO
3992,47706,143870,1804.53,completed,online,2025-11-05,NO
808,21661,144020,135.81,failed,online,2025-11-05,NO
4379,21968,146395,583.43,completed,online,2025-11-05,NO
1,22671,1328,1491.93,failed,online,2025-01-12,NO
4564,44940,6074,1404.96,completed,online,2025-01-12,NO
1,45651,7631,1063.44,completed,online,2025-01-12,NO
293,1357,7809,364.64,failed,online,2025-01-12,NO
2236,30784,8758,161.55,completed,online,2025-01-12,NO
3416,38605,9148,1887.82,completed,online,2025-01-12,NO
3663,22636,14655,901.56,completed,UNKNOWN,2025-01-12,NO
1668,17056,14810,739.42,completed,online,2025-01-12,NO
2736,4955,16058,1315.52,completed,online,2025-01-12,NO
1,48288,17210,1761.43,failed,online,2025-01-12,NO
1136,36484,18432,813.6,failed,online,2025-01-12,NO
1,16459,20158,1998.39,completed,online,2025-01-12,NO
3805,17881,21435,633.73,failed,UNKNOWN,2025-01-12,NO
1441,12577,22394,1993.52,failed,online,2025-01-12,NO
3117,34956,23520,524.47,completed,online,2025-01-12,NO
4089,39165,25429,873.04,completed,online,2025-01-12,NO
2881,39360,27192,390.9,completed,online,2025-01-12,NO
1,19453,27358,1664.75,failed,online,2025-01-12,NO
2460,16693,29996,1960.84,failed,online,2025-01-12,NO
1,20854,30817,1014.34,failed,online,2025-01-12,NO
866,12312,32352,1118.35,completed,online,2025-01-12,NO
1149,31355,33511,1279.73,completed,online,2025-01-12,NO
643,47814,38143,1685.38,completed,online,2025-01-12,NO
3766,1294,41618,1112.04,completed,UNKNOWN,2025-01-12,NO
102,5947,42487,1576.47,completed,online,2025-01-12,NO
1802,25376,46709,733.9,failed,online,2025-01-12,NO
3222,10436,47038,804.91,completed,online,2025-01-12,NO
737,33063,47114,17.73,completed,online,2025-01-12,NO
2118,20760,49768,1404.42,failed,online,2025-01-12,NO
2693,12112,50834,1009.86,completed,online,2025-01-12,NO
1,37618,51176,151.59,completed,online,2025-01-12,NO
4589,25286,51752,1393.15,failed,online,2025-01-12,NO
1073,18511,56135,1928.89,failed,online,2025-01-12,NO
2958,7953,58417,245.43,completed,online,2025-01-12,NO
2293,31122,60504,1796.34,failed,online,2025-01-12,NO
3159,37067,61819,1819.24,failed,online,2025-01-12,NO
3187,43323,63815,1872.91,failed,online,2025-01-12,NO
1,1179,64115,1538.51,failed,online,2025-01-12,NO
4040,25298,66062,1170.83,failed,online,2025-01-12,NO
757,39535,67953,850.39,failed,online,2025-01-12,NO
1,16780,69358,1975.28,completed,online,2025-01-12,NO
2468,48796,72606,622.08,failed,online,2025-01-12,NO
1,24120,72676,236.03,failed,online,2025-01-12,NO
2703,34529,75020,816.87,failed,online,2025-01-12,NO
1,13150,75833,790.94,failed,online,2025-01-12,NO
4609,21856,77796,1718.71,completed,online,2025-01-12,NO
3835,12291,77931,1667.87,completed,online,2025-01-12,NO
1401,1883,78926,1396.67,failed,online,2025-01-12,NO
4558,45239,79490,1301.38,failed,online,2025-01-12,NO
3355,21539,80638,90.96,completed,online,2025-01-12,NO
3436,42467,81790,1062.15,completed,online,2025-01-12,NO
4820,48995,82887,338.05,failed,online,2025-01-12,NO
1018,43008,84594,775.67,completed,online,2025-01-12,NO
1,4447,87600,1371.09,failed,UNKNOWN,2025-01-12,NO
4893,30309,88904,765.03,completed,online,2025-01-12,NO
1,7176,97193,1763.43,completed,online,2025-01-12,NO
2882,24410,98528,855.14,failed,online,2025-01-12,NO
3874,4567,99833,980.95,completed,online,2025-01-12,NO
1,12511,106978,1375.17,failed,online,2025-01-12,NO
1,16482,108005,1458.38,completed,online,2025-01-12,NO
3559,32667,109779,283.87,completed,online,2025-01-12,NO
1,19719,112429,1576.57,completed,online,2025-01-12,NO
1,6593,112904,1448.56,failed,online,2025-01-12,NO
1,9427,114728,1001.53,failed,online,2025-01-12,NO
436,19620,114774,1784.01,completed,online,2025-01-12,NO
1,6324,115080,1557.29,failed,online,2025-01-12,NO
4146,187,116328,1852.56,failed,online,2025-01-12,NO
4521,9056,120214,1634.08,failed,online,2025-01-12,NO
1,27546,120392,1651.95,failed,online,2025-01-12,NO
1,47379,121302,1706.03,failed,online,2025-01-12,NO
4593,3281,122997,1113.48,failed,UNKNOWN,2025-01-12,NO
13,29059,124017,50.67,completed,online,2025-01-12,NO
4599,34388,125934,180.62,completed,online,2025-01-12,NO
3297,41683,127635,1709.64,completed,online,2025-01-12,NO
4082,15470,135089,1512.47,completed,online,2025-01-12,NO
238,22282,136455,1188.17,completed,online,2025-01-12,NO
1460,5854,140175,767.04,failed,online,2025-01-12,NO
2103,29288,140462,1950.56,completed,online,2025-01-12,NO
1,17460,141152,791.05,completed,online,2025-01-12,NO
3933,8478,141198,603.35,completed,online,2025-01-12,NO
1982,41088,143147,1366.75,failed,online,2025-01-12,NO
4622,31874,143560,1822.98,failed,online,2025-01-12,NO
1120,22963,144617,934.92,completed,online,2025-01-12,NO
4456,4608,147789,1605.47,completed,online,2025-01-12,NO
3503,21121,1184,1715.5,failed,online,2025-11-12,NO
535,24620,2538,365.5,completed,online,2025-11-12,NO
2069,14021,3186,1846.42,completed,online,2025-11-12,NO
1662,31376,5041,504.02,completed,online,2025-11-12,NO
3970,26494,7801,907.21,failed,online,2025-11-12,NO
1485,16971,10793,531.61,failed,online,2025-11-12,NO
159,13073,11786,1142.36,failed,online,2025-11-12,NO
3823,16762,12649,915.23,completed,online,2025-11-12,NO
3057,5259,12911,1211.37,failed,online,2025-11-12,NO
4722,27228,14679,722.28,failed,online,2025-11-12,NO
33,17844,14727,1619.5,completed,online,2025-11-12,NO
3861,26737,18172,528.86,failed,online,2025-11-12,NO
1,36140,21830,294.57,failed,online,2025-11-12,NO
3916,14837,22793,1146.87,completed,online,2025-11-12,NO
1459,44976,25074,867.2,completed,online,2025-11-12,NO
4774,18617,27102,1756.81,failed,online,2025-11-12,NO
2613,45055,27612,1407.37,completed,online,2025-11-12,NO
1507,16075,36504,1996.03,failed,online,2025-11-12,NO
1,10839,37230,373.02,failed,online,2025-11-12,NO
2895,28856,39864,856.07,completed,online,2025-11-12,NO
1,8538,45608,1625.16,failed,online,2025-11-12,NO
1,4208,48924,91.9,failed,online,2025-11-12,NO
1318,5120,50537,233.69,completed,online,2025-11-12,NO
1276,27580,52783,1316.33,failed,online,2025-11-12,NO
4226,46606,55139,969.63,completed,online,2025-11-12,NO
3510,5926,56469,9072.638318136635,completed,online,2025-11-12,NO
2384,5173,57567,767.92,completed,online,2025-11-12,NO
1611,5030,60394,458.5,completed,online,2025-11-12,NO
2819,16942,60713,781.55,failed,online,2025-11-12,NO
4604,35481,61978,1654.27,failed,online,2025-11-12,NO
3124,26721,62314,446.82,failed,online,2025-11-12,NO
423,4712,67505,1140.47,failed,online,2025-11-12,NO
3351,48745,67686,1181.1,failed,online,2025-11-12,NO
3582,46340,68543,163.38,failed,online,2025-11-12,NO
1,3652,73317,29.59,completed,online,2025-11-12,NO
4655,47496,75014,1958.29,failed,online,2025-11-12,NO
1,12394,76618,213.05,failed,online,2025-11-12,NO
1046,24328,80541,1409.57,completed,online,2025-11-12,NO
4153,36313,81738,934.64,failed,online,2025-11-12,NO
1109,613,84516,750.19,completed,online,2025-11-12,NO
1,6579,85127,1203.77,failed,online,2025-11-12,NO
1798,2758,86170,739.6,failed,online,2025-11-12,NO
1408,10562,89179,1224.46,completed,online,2025-11-12,NO
2922,35331,90242,684.12,completed,online,2025-11-12,NO
407,26297,90532,493.76,failed,online,2025-11-12,NO
4704,5211,91062,72.82,completed,online,2025-11-12,NO
3716,9303,91942,1811.69,completed,online,2025-11-12,NO
2976,33324,95272,726.22,completed,online,2025-11-12,NO
2157,8002,96379,1396.5,completed,online,2025-11-12,NO
3791,2368,96629,1015.7,completed,online,2025-11-12,NO
2829,11430,96746,1020.72,failed,online,2025-11-12,NO
1834,10656,98339,132.37,completed,online,2025-11-12,NO
3425,4562,98417,806.66,failed,online,2025-11-12,NO
4464,22711,98526,1804.41,completed,online,2025-11-12,NO
3238,2896,99144,1624.88,completed,online,2025-11-12,NO
3634,39478,99410,379.95,failed,online,2025-11-12,NO
382,15639,104370,1235.84,failed,online,2025-11-12,NO
1,34439,104624,1148.86,completed,online,2025-11-12,NO
3314,40263,105243,740.36,completed,online,2025-11-12,NO
3338,6643,106164,1732.66,completed,online,2025-11-12,NO
1,23806,106293,297.21,failed,online,2025-11-12,NO
4141,16302,107945,717.35,completed,online,2025-11-12,NO
1262,9963,109002,386.92,completed,online,2025-11-12,NO
3688,42620,109090,1598.34,failed,online,2025-11-12,NO
3778,46156,112143,280.13,failed,online,2025-11-12,NO
776,7562,112333,943.64,failed,online,2025-11-12,NO
1533,25730,116535,102.39,failed,online,2025-11-12,NO
4267,15790,116823,1177.91,failed,online,2025-11-12,NO
1,15413,119633,1549.93,completed,online,2025-11-12,NO
1,25151,122406,1105.43,failed,online,2025-11-12,NO
4799,22510,129522,8282.806600598444,failed,online,2025-11-12,NO
3490,47607,132264,1194.49,failed,online,2025-11-12,NO
1,1966,135558,556.32,completed,online,2025-11-12,NO
4962,12999,136121,806.0,completed,online,2025-11-12,NO
3018,2269,136273,1797.08,completed,online,2025-11-12,NO
1493,4121,137555,444.74,failed,online,2025-11-12,NO
2498,35077,139202,70.07,failed,online,2025-11-12,NO
465,44985,140512,82.62,failed,online,2025-11-12,NO
253,39786,140919,1067.51,completed,online,2025-11-12,NO
736,520,142588,1908.25,failed,online,2025-11-12,NO
3359,49939,143771,1818.84,completed,online,2025-11-12,NO
1636,31677,144728,497.44,failed,UNKNOWN,2025-11-12,NO
380,38120,146690,826.21,failed,online,2025-11-12,NO
2259,38517,149712,64.71,completed,online,2025-11-12,NO
1636,40268,218,991.07,completed,online,2025-09-22,NO
3481,30276,1517,755.53,completed,UNKNOWN,2025-09-22,NO
2208,14239,1722,1363.16,failed,online,2025-09-22,NO
1365,22636,4244,1395.98,failed,online,2025-09-22,NO
4177,3162,9352,741.36,failed,online,2025-09-22,NO
1350,38414,10851,808.48,failed,online,2025-09-22,NO
1587,5718,11262,117.11,failed,online,2025-09-22,NO
4479,42000,11549,1412.39,failed,online,2025-09-22,NO
3578,17220,17120,948.16,failed,online,2025-09-22,NO
3056,4669,18464,324.32,failed,online,2025-09-22,NO
503,35177,18616,1615.26,completed,online,2025-09-22,NO
3435,43577,19174,500.4,completed,online,2025-09-22,NO
4207,845,20185,95.37,failed,online,2025-09-22,NO
1,25550,20410,793.92,failed,online,2025-09-22,NO
4833,29065,25562,569.53,completed,online,2025-09-22,NO
784,46701,26424,635.69,completed,online,2025-09-22,NO
4226,36641,29592,409.69,failed,online,2025-09-22,NO
1,1776,31657,860.96,failed,online,2025-09-22,NO
884,34704,32362,1098.04,completed,online,2025-09-22,NO
1961,36196,35310,114.56,failed,online,2025-09-22,NO
5,14337,36315,649.3,completed,online,2025-09-22,NO
1,19825,39023,1924.29,completed,online,2025-09-22,NO
4280,34042,40250,668.57,failed,online,2025-09-22,NO
4598,32249,41335,658.05,completed,online,2025-09-22,NO
4742,34053,41872,556.01,failed,online,2025-09-22,NO
2272,11386,43394,544.29,failed,online,2025-09-22,NO
1,23248,50071,711.51,failed,online,2025-09-22,NO
1378,30785,52318,1803.22,failed,online,2025-09-22,NO
1,3923,55472,975.21,failed,online,2025-09-22,NO
1443,13181,64505,536.72,completed,online,2025-09-22,NO
1277,31300,65036,28.03,failed,online,2025-09-22,NO
913,45945,65221,1657.8,completed,UNKNOWN,2025-09-22,NO
1,38777,66871,1620.48,failed,online,2025-09-22,NO
335,12266,69051,696.73,completed,online,2025-09-22,NO
4701,29979,75178,987.32,completed,online,2025-09-22,NO
2087,12159,75438,1177.19,failed,online,2025-09-22,NO
1475,24663,76711,1536.3,failed,online,2025-09-22,NO
500,7257,77626,1993.19,completed,online,2025-09-22,NO
1,35465,78182,1951.03,failed,online,2025-09-22,NO
2733,23295,78263,1889.66,completed,online,2025-09-22,NO
1,35176,80045,331.06,failed,online,2025-09-22,NO
1,31798,82844,92.6,failed,online,2025-09-22,NO
4605,7222,83949,437.66,completed,online,2025-09-22,NO
3858,31661,84534,792.19,completed,online,2025-09-22,NO
1,16321,89843,857.08,failed,online,2025-09-22,NO
2938,40115,90056,1342.58,failed,online,2025-09-22,NO
1,44998,93124,983.16,completed,online,2025-09-22,NO
4120,14456,94972,826.49,failed,online,2025-09-22,NO
1,28138,96924,666.76,failed,online,2025-09-22,NO
782,21843,98749,1356.81,completed,online,2025-09-22,NO
2283,36698,99316,23.48,failed,online,2025-09-22,NO
1330,28127,99332,709.32,completed,online,2025-09-22,NO
273,18047,99822,697.62,failed,online,2025-09-22,NO
1,38748,100302,173.29,completed,online,2025-09-22,NO
3285,25466,107936,1295.8,completed,online,2025-09-22,NO
3617,40266,108958,843.22,failed,online,2025-09-22,NO
4029,41152,111750,1390.7,completed,online,2025-09-22,NO
299,3444,113182,967.3,failed,online,2025-09-22,NO
3544,2656,116530,261.71,failed,online,2025-09-22,NO
2302,41751,119570,450.12,completed,online,2025-09-22,NO
150,22620,120586,359.65,failed,online,2025-09-22,NO
1481,40767,121096,186.04,failed,online,2025-09-22,NO
2608,15312,122698,650.75,failed,online,2025-09-22,NO
3128,5446,123073,225.71,completed,online,2025-09-22,NO
1,4081,123223,793.12,failed,online,2025-09-22,NO
4213,21672,124890,322.45,completed,online,2025-09-22,NO
3881,26473,130121,58.58,failed,online,2025-09-22,NO
1,8090,130892,1834.1,failed,online,2025-09-22,NO
1,9779,134047,869.67,completed,online,2025-09-22,NO
4521,36852,134747,1687.07,failed,online,2025-09-22,NO
3134,5057,135548,1693.1,completed,online,2025-09-22,NO
1,23256,135691,1965.72,failed,online,2025-09-22,NO
3478,550,137161,727.69,completed,online,2025-09-22,NO
1,28602,138835,1619.43,failed,online,2025-09-22,NO
1,40487,139147,1759.95,failed,online,2025-09-22,NO
3143,20493,140184,1419.75,completed,online,2025-09-22,NO
1,20524,140398,579.12,failed,online,2025-09-22,NO
1,46644,140900,1868.48,failed,online,2025-09-22,NO
4784,6510,142137,840.69,completed,online,2025-09-22,NO
3146,24782,143050,582.8,completed,online,2025-09-22,NO
2420,17423,144753,1295.41,completed,online,2025-09-22,NO
3263,47636,146674,593.32,failed,online,2025-09-22,NO
1273,22020,147449,1655.28,completed,online,2025-09-22,NO
2538,44533,147720,1630.75,completed,online,2025-09-22,NO
705,22447,147875,5217.998738016404,completed,online,2025-09-22,NO
2141,35907,3043,1065.31,completed,online,2025-07-24,NO
4664,17337,3689,979.46,failed,online,2025-07-24,NO
1,31202,4538,85.47,completed,online,2025-07-24,NO
1,16892,15096,1259.47,failed,online,2025-07-24,NO
1,38410,15702,632.8,failed,UNKNOWN,2025-07-24,NO
1,18156,19242,1640.65,failed,online,2025-07-24,NO
3864,6572,20828,1434.58,completed,online,2025-07-24,NO
2796,5202,21068,1386.09,failed,online,2025-07-24,NO
2947,7289,22354,798.65,completed,online,2025-07-24,NO
2471,11808,23334,1128.09,failed,online,2025-07-24,NO
1,20633,26945,1611.4,failed,online,2025-07-24,NO
1,10671,28315,87.36,completed,online,2025-07-24,NO
598,30397,30720,842.18,completed,online,2025-07-24,NO
4849,14200,30887,199.68,completed,online,2025-07-24,NO
1788,38438,31434,1196.22,failed,online,2025-07-24,NO
1883,22512,34103,1039.79,completed,online,2025-07-24,NO
3646,21753,35535,662.09,completed,online,2025-07-24,NO
2267,462,36175,64.64,completed,online,2025-07-24,NO
1802,15867,36206,1889.98,completed,online,2025-07-24,NO
4821,11301,36954,1710.93,failed,online,2025-07-24,NO
238,3451,38723,568.66,completed,online,2025-07-24,NO
1,29917,42082,116.66,completed,online,2025-07-24,NO
1577,15809,48440,536.13,failed,online,2025-07-24,NO
4981,47127,49530,1356.75,completed,online,2025-07-24,NO
4550,4825,51333,30.15,failed,online,2025-07-24,NO
1,938,56232,1894.17,completed,online,2025-07-24,NO
1502,15581,56324,1021.25,completed,online,2025-07-24,NO
2719,12025,56350,1383.03,completed,online,2025-07-24,NO
287,17509,56909,1468.39,completed,online,2025-07-24,NO
2571,27830,61245,728.21,failed,online,2025-07-24,NO
4126,24361,62812,1473.77,completed,online,2025-07-24,NO
2669,9622,65941,629.99,failed,online,2025-07-24,NO
782,37110,68327,1007.81,completed,online,2025-07-24,NO
3473,48097,68500,933.15,failed,online,2025-07-24,NO
2960,33503,69787,1039.22,completed,online,2025-07-24,NO
684,3163,73747,1248.64,failed,online,2025-07-24,NO
4962,14,74080,23.56,failed,online,2025-07-24,NO
1910,15210,74242,419.34,completed,online,2025-07-24,NO
3947,20471,75382,1803.11,completed,online,2025-07-24,NO
889,37502,78000,169.51,completed,online,2025-07-24,NO
3687,38483,78742,1058.62,failed,online,2025-07-24,NO
3336,27291,79442,822.32,failed,online,2025-07-24,NO
3781,32279,79955,808.95,failed,online,2025-07-24,NO
3302,6360,81492,860.53,failed,online,2025-07-24,NO
1311,21127,81979,1048.69,failed,online,2025-07-24,NO
4685,23854,88211,1331.72,completed,online,2025-07-24,NO
445,20863,88666,1193.7,failed,online,2025-07-24,NO
3419,14280,90107,589.12,failed,online,2025-07-24,NO
1511,14917,93910,1918.91,failed,online,2025-07-24,NO
239,13840,94083,17.81,completed,online,2025-07-24,NO
2343,19450,96839,293.4,completed,online,2025-07-24,NO
1,3892,98194,188.43,completed,online,2025-07-24,NO
2,1602,98425,1329.35,completed,online,2025-07-24,NO
3007,12220,99547,1741.38,completed,online,2025-07-24,NO
512,14982,100825,619.86,completed,online,2025-07-24,NO
1,33504,101378,330.32,completed,online,2025-07-24,NO
842,36352,104018,1750.46,completed,online,2025-07-24,NO
636,37242,105755,931.14,completed,online,2025-07-24,NO
1796,15919,106737,727.55,completed,online,2025-07-24,NO
638,4318,109602,614.83,completed,online,2025-07-24,NO
1400,17601,110313,1711.56,failed,online,2025-07-24,NO
1,32505,111381,1989.81,failed,online,2025-07-24,NO
3136,20001,114831,1975.22,failed,online,2025-07-24,NO
1,13356,116279,1108.57,completed,online,2025-07-24,NO
3957,42879,117485,1148.09,completed,online,2025-07-24,NO
1,2698,118006,1194.78,failed,online,2025-07-24,NO
3315,45193,118469,1000.13,failed,online,2025-07-24,NO
775,26235,120061,1928.58,failed,online,2025-07-24,NO
2153,46496,120941,1382.6,completed,online,2025-07-24,NO
1,23549,121535,1553.32,failed,online,2025-07-24,NO
4018,28713,122762,92.72,failed,online,2025-07-24,NO
754,31460,123954,1243.01,completed,online,2025-07-24,NO
2725,4920,128173,551.08,completed,online,2025-07-24,NO
2965,8929,129157,1796.42,completed,online,2025-07-24,NO
1,21078,129856,1597.02,completed,online,2025-07-24,NO
3366,17947,135957,348.69,completed,online,2025-07-24,NO
1024,18992,136442,221.22,failed,online,2025-07-24,NO
64,29759,136597,942.53,completed,online,2025-07-24,NO
2724,8693,138156,1949.3,failed,online,2025-07-24,NO
1,9661,138519,1504.83,completed,online,2025-07-24,NO
1,8669,143748,101.39,failed,online,2025-07-24,NO
2961,376,144979,589.06,completed,online,2025-07-24,NO
3268,47215,146287,1568.55,failed,online,2025-07-24,NO
1,42598,149008,1136.11,completed,online,2025-07-24,NO
3388,46996,165,802.71,completed,online,2025-04-17,NO
3857,32722,263,907.54,failed,online,2025-04-17,NO
4580,9881,290,650.33,completed,online,2025-04-17,NO
1,837,1180,1315.21,completed,online,2025-04-17,NO
2768,2606,2756,676.56,failed,online,2025-04-17,NO
331,30014,2918,1880.66,completed,online,2025-04-17,NO
4343,30844,3926,1744.2,failed,online,2025-04-17,NO
1352,18028,3933,478.82,failed,online,2025-04-17,NO
4761,33428,8446,1595.87,completed,online,2025-04-17,NO
4386,10884,12678,845.33,completed,online,2025-04-17,NO
2242,22702,15936,561.51,failed,online,2025-04-17,NO
3605,7310,20370,631.74,completed,UNKNOWN,2025-04-17,NO
3229,21047,23562,1361.02,failed,online,2025-04-17,NO
4824,30313,26702,1129.24,failed,online,2025-04-17,NO
1,13402,29241,1315.48,completed,online,2025-04-17,NO
3768,32305,31638,738.19,completed,online,2025-04-17,NO
4425,20040,38516,642.5,failed,online,2025-04-17,NO
4672,18167,39199,486.27,failed,online,2025-04-17,NO
4431,32953,40426,1722.45,failed,online,2025-04-17,NO
1780,3298,41914,1610.34,failed,online,2025-04-17,NO
163,33061,42394,1763.47,failed,online,2025-04-17,NO
4024,18726,44711,454.63,failed,online,2025-04-17,NO
1379,45951,46188,492.94,completed,online,2025-04-17,NO
1,16443,46673,484.35,completed,online,2025-04-17,NO
2990,38303,47034,1589.9,completed,online,2025-04-17,NO
2354,46160,47354,1693.53,completed,online,2025-04-17,NO
2760,21872,56431,1172.22,failed,online,2025-04-17,NO
4932,14818,57405,268.78,failed,online,2025-04-17,NO
340,34690,57547,1694.54,failed,online,2025-04-17,NO
860,27114,62358,767.16,failed,online,2025-04-17,NO
1,18413,62538,1328.21,completed,online,2025-04-17,NO
1,31188,63902,666.06,completed,online,2025-04-17,NO
152,30927,67450,576.22,completed,online,2025-04-17,NO
2154,33162,68696,615.89,failed,online,2025-04-17,NO
2488,6174,70410,475.35,completed,online,2025-04-17,NO
1,16778,72224,1866.52,failed,online,2025-04-17,NO
1,20325,73359,1927.0,completed,online,2025-04-17,NO
4800,17839,74188,648.7,completed,online,2025-04-17,NO
3197,39104,75183,164.61,failed,online,2025-04-17,NO
1,7814,75512,238.97,failed,online,2025-04-17,NO
89,2547,76712,1841.37,completed,online,2025-04-17,NO
218,12388,77249,446.07,failed,online,2025-04-17,NO
1863,47933,77282,1997.47,completed,online,2025-04-17,NO
2262,24078,77562,1730.21,failed,online,2025-04-17,NO
1614,29877,78777,1321.76,failed,online,2025-04-17,NO
695,180,79714,1924.96,completed,online,2025-04-17,NO
4897,17622,81875,279.42,failed,online,2025-04-17,NO
3350,17529,82050,1913.42,failed,online,2025-04-17,NO
143,38352,82831,297.86,failed,online,2025-04-17,NO
4355,4597,83548,156.66,completed,online,2025-04-17,NO
2419,7557,88691,1813.76,completed,online,2025-04-17,NO
4393,23449,89163,1727.97,completed,online,2025-04-17,NO
1979,10821,90514,1561.86,completed,online,2025-04-17,NO
2599,18140,91109,41.41,failed,online,2025-04-17,NO
2425,8901,93118,84.35,completed,online,2025-04-17,NO
1050,8605,93720,471.81,completed,online,2025-04-17,NO
3659,29122,94349,1323.47,failed,online,2025-04-17,NO
346,31852,96013,1279.24,failed,online,2025-04-17,NO
4177,20849,99892,640.86,completed,online,2025-04-17,NO
1935,24335,100203,6082.5523617363515,completed,online,2025-04-17,NO
1123,30676,100483,1149.16,completed,online,2025-04-17,NO
1226,101,102616,59.98,completed,online,2025-04-17,NO
227,41518,105769,1122.34,completed,online,2025-04-17,NO
2698,14980,105991,1337.98,completed,online,2025-04-17,NO
524,32529,108851,1191.15,failed,online,2025-04-17,NO
1,3420,112609,1993.62,failed,online,2025-04-17,NO
2419,33286,115140,1872.6,completed,online,2025-04-17,NO
2333,6280,118399,216.26,completed,online,2025-04-17,NO
1394,47527,118756,744.88,completed,online,2025-04-17,NO
1908,11598,118896,257.76,failed,online,2025-04-17,NO
2812,24939,119420,1483.79,failed,online,2025-04-17,NO
3258,5730,120113,1713.26,failed,online,2025-04-17,NO
3302,7412,123287,1451.24,completed,online,2025-04-17,NO
1,47756,125207,1124.84,failed,online,2025-04-17,NO
766,9935,127058,1617.46,failed,online,2025-04-17,NO
1296,8017,133866,220.95,completed,online,2025-04-17,NO
1,29728,135835,842.17,failed,online,2025-04-17,NO
1,35980,136099,976.29,failed,online,2025-04-17,NO
3864,5143,140544,1105.72,completed,online,2025-04-17,NO
1,731,140902,1551.61,completed,online,2025-04-17,NO
3048,24145,141442,1871.2,failed,online,2025-04-17,NO
1,10386,146720,438.01,failed,online,2025-04-17,NO
3026,340,147163,1775.03,completed,online,2025-04-17,NO
2914,39438,149550,1509.04,completed,online,2025-04-17,NO
4139,10887,1753,1466.1,failed,online,2025-11-11,NO
2362,39766,2001,1419.05,completed,online,2025-11-11,NO
2728,43204,3585,1728.68,completed,online,2025-11-11,NO
1578,28878,4218,190.92,failed,online,2025-11-11,NO
2758,42451,7502,1930.59,completed,online,2025-11-11,NO
1227,6223,9876,1286.88,completed,online,2025-11-11,NO
3630,29444,11324,1441.11,failed,online,2025-11-11,NO
1846,39121,13306,1747.68,completed,online,2025-11-11,NO
2648,6189,14921,660.54,failed,online,2025-11-11,NO
1775,763,16417,1649.84,completed,online,2025-11-11,NO
709,9390,17401,1774.59,failed,online,2025-11-11,NO
1227,36311,21025,490.35,completed,online,2025-11-11,NO
1,38777,22635,306.49,completed,online,2025-11-11,NO
4447,29489,26881,1288.55,failed,online,2025-11-11,NO
1,5432,28016,1100.56,completed,online,2025-11-11,NO
542,16684,31302,505.57,failed,online,2025-11-11,NO
2669,35069,33080,1714.21,completed,online,2025-11-11,NO
1,47543,33521,1302.19,completed,online,2025-11-11,NO
4128,40760,33947,149.56,failed,online,2025-11-11,NO
1323,30684,35566,1483.63,failed,online,2025-11-11,NO
2218,41953,35914,750.12,failed,online,2025-11-11,NO
1788,46875,36921,87.73,completed,online,2025-11-11,NO
4113,8156,37336,1459.59,completed,online,2025-11-11,NO
509,40373,40280,647.9,failed,online,2025-11-11,NO
247,13607,44417,944.35,completed,online,2025-11-11,NO
1076,42482,44649,565.43,failed,online,2025-11-11,NO
1,9320,48133,1551.03,failed,online,2025-11-11,NO
237,18640,48228,1228.03,failed,online,2025-11-11,NO
4182,4495,50563,755.95,completed,online,2025-11-11,NO
1399,9695,54299,1797.53,failed,UNKNOWN,2025-11-11,NO
1,3444,54961,1488.18,failed,online,2025-11-11,NO
69,12679,56162,1250.07,completed,online,2025-11-11,NO
1,23054,59334,1970.6,failed,online,2025-11-11,NO
1,32362,59607,502.22,completed,online,2025-11-11,NO
1,13557,65816,1430.09,failed,online,2025-11-11,NO
4784,6961,65829,559.1,completed,online,2025-11-11,NO
2577,9984,65928,1193.2,completed,online,2025-11-11,NO
1397,29687,67390,1901.13,completed,online,2025-11-11,NO
1,8759,67471,201.94,completed,online,2025-11-11,NO
4429,38628,68164,1049.35,completed,online,2025-11-11,NO
1,46956,69783,1466.16,failed,online,2025-11-11,NO
2255,14330,71455,1749.89,failed,online,2025-11-11,NO
2667,34328,76714,1277.07,failed,online,2025-11-11,NO
1149,47032,76964,1747.25,completed,online,2025-11-11,NO
1388,30530,78897,722.81,completed,online,2025-11-11,NO
4179,39146,80617,56.74,failed,online,2025-11-11,NO
1077,30051,82815,1306.76,failed,online,2025-11-11,NO
3755,26934,83153,877.63,completed,online,2025-11-11,NO
944,23166,83327,1644.11,failed,online,2025-11-11,NO
2482,16900,85548,710.59,completed,online,2025-11-11,NO
3716,34527,86175,671.97,completed,online,2025-11-11,NO
1124,32294,91504,37.82,completed,online,2025-11-11,NO
2830,33199,93481,413.76,failed,online,2025-11-11,NO
707,16952,93804,538.73,failed,UNKNOWN,2025-11-11,NO
1826,10176,93849,1189.58,failed,online,2025-11-11,NO
3873,12473,97275,1592.33,completed,online,2025-11-11,NO
1263,21086,97995,1684.06,completed,online,2025-11-11,NO
1,23093,98683,635.15,failed,online,2025-11-11,NO
1963,13498,99400,1035.52,failed,online,2025-11-11,NO
4151,8892,102867,1920.59,completed,online,2025-11-11,NO
1357,5880,103913,794.69,completed,online,2025-11-11,NO
4371,19354,104309,1972.65,completed,online,2025-11-11,NO
4378,20787,106457,548.76,failed,online,2025-11-11,NO
1,41385,106958,1244.94,completed,online,2025-11-11,NO
1894,5531,115920,1082.45,completed,online,2025-11-11,NO
37,16241,116511,1640.42,failed,online,2025-11-11,NO
1,17776,117343,1398.72,failed,online,2025-11-11,NO
1289,14952,117588,423.32,failed,online,2025-11-11,NO
3135,30241,121280,57.14,completed,online,2025-11-11,NO
3083,44676,124438,1855.09,failed,online,2025-11-11,NO
1,17527,124602,1362.01,completed,online,2025-11-11,NO
2772,24801,129486,136.97,failed,online,2025-11-11,NO
2137,7399,132054,872.81,completed,online,2025-11-11,NO
1,7622,133740,1227.26,completed,online,2025-11-11,NO
1,8547,134122,67.4,completed,online,2025-11-11,NO
1658,40050,135701,481.53,completed,online,2025-11-11,NO
351,9424,140061,854.96,failed,online,2025-11-11,NO
848,36041,140644,119.04,failed,online,2025-11-11,NO
966,25526,143333,1106.11,completed,UNKNOWN,2025-11-11,NO
1,9277,144090,607.97,failed,online,2025-11-11,NO
2115,33022,145103,899.26,failed,online,2025-11-11,NO
4432,25008,147888,1443.33,completed,online,2025-11-11,NO
1438,7351,148826,1386.83,completed,online,2025-11-11,NO
531,38691,149306,1819.6,completed,online,2025-11-11,NO
4160,16496,2486,1424.03,completed,UNKNOWN,2025-11-15,NO
2573,23772,5514,1333.27,failed,online,2025-11-15,NO
1979,12131,5833,657.04,failed,online,2025-11-15,NO
2525,14223,8724,1105.58,completed,online,2025-11-15,NO
2912,45591,14546,790.01,failed,UNKNOWN,2025-11-15,NO
3412,18616,16049,1947.35,completed,online,2025-11-15,NO
1681,47280,17587,514.64,completed,online,2025-11-15,NO
1,24795,21463,1156.48,failed,online,2025-11-15,NO
653,24931,23946,951.01,failed,online,2025-11-15,NO
1,28253,23958,1410.54,failed,online,2025-11-15,NO
1873,14831,24610,428.77,failed,online,2025-11-15,NO
1,45556,28904,1699.95,completed,online,2025-11-15,NO
1,61,30718,1710.8,failed,online,2025-11-15,NO
1,31478,32920,593.45,completed,online,2025-11-15,NO
1665,40747,33810,1990.9,failed,online,2025-11-15,NO
2963,41843,34373,1509.16,completed,online,2025-11-15,NO
3572,45030,38412,1406.6,completed,online,2025-11-15,NO
2098,18536,42483,1089.26,failed,online,2025-11-15,NO
1,17263,43188,835.27,failed,online,2025-11-15,NO
2343,32430,43745,865.82,failed,online,2025-11-15,NO
453,20994,43816,590.38,failed,online,2025-11-15,NO
444,38495,44184,5680.386385767154,completed,online,2025-11-15,NO
4,47255,46972,685.87,completed,online,2025-11-15,NO
1,6331,47464,809.09,completed,online,2025-11-15,NO
3254,4847,47476,1568.21,failed,online,2025-11-15,NO
1863,17109,51053,897.78,failed,online,2025-11-15,NO
2030,39392,52741,827.08,completed,online,2025-11-15,NO
1692,45118,52979,1467.97,completed,online,2025-11-15,NO
4804,36602,54064,815.37,failed,online,2025-11-15,NO
621,38272,56021,984.68,completed,online,2025-11-15,NO
3111,8842,56116,1546.73,failed,online,2025-11-15,NO
121,22210,56796,1770.62,completed,online,2025-11-15,NO
1,41023,64623,1627.34,failed,online,2025-11-15,NO
3474,896,66566,1145.48,failed,online,2025-11-15,NO
1591,21505,67353,1794.1,failed,online,2025-11-15,NO
4857,13254,67446,1703.13,failed,online,2025-11-15,NO
2963,11362,67504,766.47,completed,online,2025-11-15,NO
4610,45121,69590,1666.43,completed,online,2025-11-15,NO
3064,47649,69646,269.13,completed,online,2025-11-15,NO
4593,33336,71467,250.4,failed,online,2025-11-15,NO
1178,9460,72268,662.02,completed,online,2025-11-15,NO
3643,31405,72847,1589.72,failed,online,2025-11-15,NO
1655,27492,73180,472.39,completed,online,2025-11-15,NO
451,5625,76894,501.85,completed,online,2025-11-15,NO
3628,19891,78530,1600.72,failed,online,2025-11-15,NO
984,25982,80298,622.24,completed,online,2025-11-15,NO
3935,5751,80885,1238.99,completed,online,2025-11-15,NO
1,16855,80889,1769.18,failed,online,2025-11-15,NO
3350,35772,82645,395.97,completed,online,2025-11-15,NO
994,1268,82905,1271.53,completed,online,2025-11-15,NO
1,49027,84451,556.93,failed,online,2025-11-15,NO
1990,49208,85964,576.24,failed,online,2025-11-15,NO
1,49319,88294,1734.04,completed,online,2025-11-15,NO
4803,46062,92410,726.12,completed,online,2025-11-15,NO
1,4245,93714,1330.12,completed,online,2025-11-15,NO
1,35049,95318,1687.5,completed,online,2025-11-15,NO
4147,1625,95463,673.62,failed,online,2025-11-15,NO
4427,47953,96466,1638.84,completed,online,2025-11-15,NO
2231,16768,98802,1956.53,failed,online,2025-11-15,NO
1,21104,100228,1873.02,failed,online,2025-11-15,NO
1647,26285,103209,240.52,failed,online,2025-11-15,NO
724,46223,107566,1035.85,failed,online,2025-11-15,NO
1,1575,108513,1187.16,failed,online,2025-11-15,NO
1,45032,109486,465.61,completed,online,2025-11-15,NO
4495,27997,117156,1313.92,failed,online,2025-11-15,NO
2190,7422,120625,994.84,failed,online,2025-11-15,NO
274,26813,123935,1873.37,failed,online,2025-11-15,NO
4739,37096,125583,834.6,failed,online,2025-11-15,NO
2465,12406,130625,1989.78,completed,online,2025-11-15,NO
1,7800,131473,1738.95,failed,online,2025-11-15,NO
177,22664,131923,194.22,completed,online,2025-11-15,NO
1,6127,132401,507.11,completed,online,2025-11-15,NO
4829,25592,133409,1122.42,failed,online,2025-11-15,NO
3952,27,136108,1833.15,failed,online,2025-11-15,NO
4982,13589,137302,46.89,failed,online,2025-11-15,NO
3448,13835,137573,798.1,completed,online,2025-11-15,NO
1625,48055,138081,414.8,failed,online,2025-11-15,NO
1735,29305,142518,64.17,failed,online,2025-11-15,NO
2731,2942,142957,1661.89,failed,online,2025-11-15,NO
1776,14355,144784,836.62,completed,online,2025-11-15,NO
4943,18782,146274,1399.58,completed,online,2025-11-15,NO
4717,42898,146799,1944.97,completed,online,2025-11-15,NO
4413,49780,147973,7444.446605689701,completed,online,2025-11-15,NO
2765,9701,148284,1358.22,failed,online,2025-11-15,NO
4987,42455,191,1928.36,completed,online,2025-03-06,NO
4204,39071,959,730.41,completed,online,2025-03-06,NO
1045,43986,1048,700.56,completed,online,2025-03-06,NO
3432,35343,2755,1517.34,completed,online,2025-03-06,NO
3725,13299,4091,1353.92,completed,UNKNOWN,2025-03-06,NO
1,24403,6659,1796.37,failed,online,2025-03-06,NO
1,14094,7034,1226.49,completed,online,2025-03-06,NO
3617,43897,10378,1995.89,failed,online,2025-03-06,NO
4885,3764,10497,432.2,completed,online,2025-03-06,NO
1145,27323,17407,950.37,failed,online,2025-03-06,NO
268,38302,18401,846.99,failed,online,2025-03-06,NO
4897,3607,20883,1330.35,failed,online,2025-03-06,NO
1,49144,22808,1373.11,failed,online,2025-03-06,NO
175,36657,22991,115.58,completed,online,2025-03-06,NO
4112,36750,23829,1172.0,completed,online,2025-03-06,NO
1,47419,26241,578.85,completed,online,2025-03-06,NO
1337,49865,27917,921.63,failed,online,2025-03-06,NO
1390,20866,31684,379.46,completed,online,2025-03-06,NO
2666,44696,37398,1682.07,failed,online,2025-03-06,NO
1,38460,38969,1729.14,failed,online,2025-03-06,NO
2502,34846,41123,1135.9,failed,online,2025-03-06,NO
251,23859,42622,177.05,failed,online,2025-03-06,NO
3056,13267,44078,976.01,failed,online,2025-03-06,NO
2745,33260,44149,1886.85,failed,online,2025-03-06,NO
4756,37514,50965,234.3,failed,online,2025-03-06,NO
731,38283,53748,956.54,failed,online,2025-03-06,NO
1261,20318,55929,581.34,failed,UNKNOWN,2025-03-06,NO
1304,31322,58931,1354.45,completed,UNKNOWN,2025-03-06,NO
927,16501,59305,397.46,failed,online,2025-03-06,NO
4797,38595,60958,819.03,failed,online,2025-03-06,NO
3548,33180,62525,1580.82,completed,online,2025-03-06,NO
2239,22885,64713,1168.2,completed,online,2025-03-06,NO
2363,44774,65930,322.45,failed,online,2025-03-06,NO
488,15197,66552,1198.6,failed,online,2025-03-06,NO
1,45299,66912,1705.53,completed,online,2025-03-06,NO
4103,20165,73552,1896.82,completed,online,2025-03-06,NO
4130,9075,73570,1035.45,failed,online,2025-03-06,NO
1,30222,74307,1314.74,completed,online,2025-03-06,NO
3628,7163,82142,1829.87,completed,online,2025-03-06,NO
4086,48887,82714,917.37,failed,online,2025-03-06,NO
1342,6841,86629,609.21,failed,online,2025-03-06,NO
2854,22851,88741,1406.36,failed,online,2025-03-06,NO
2683,49795,91111,1330.29,completed,online,2025-03-06,NO
1,27422,91510,942.33,completed,online,2025-03-06,NO
530,26390,92758,1064.4,failed,online,2025-03-06,NO
1,12675,93805,1299.59,failed,online,2025-03-06,NO
511,31395,94213,356.12,completed,online,2025-03-06,NO
4509,19756,94889,49.98,failed,online,2025-03-06,NO
2929,18281,96216,810.91,failed,online,2025-03-06,NO
4497,22273,96814,1641.25,completed,online,2025-03-06,NO
3092,18578,99393,1994.09,completed,online,2025-03-06,NO
4161,3871,99443,527.54,completed,online,2025-03-06,NO
908,42526,102495,29.42,completed,online,2025-03-06,NO
1,5937,103195,1743.39,completed,online,2025-03-06,NO
2460,32496,104544,1047.36,failed,online,2025-03-06,NO
1,20152,105215,609.4,failed,online,2025-03-06,NO
3197,46882,105591,1718.26,completed,online,2025-03-06,NO
3142,27502,109067,111.44,completed,online,2025-03-06,NO
257,7464,109220,1800.64,failed,online,2025-03-06,NO
1,32977,109832,1235.47,completed,online,2025-03-06,NO
3646,43697,113381,1728.89,failed,online,2025-03-06,NO
3133,24660,114702,84.25,failed,online,2025-03-06,NO
10,44153,115385,1431.41,completed,online,2025-03-06,NO
1150,43521,116459,757.21,completed,online,2025-03-06,NO
2525,3290,121343,1958.31,failed,online,2025-03-06,NO
3363,35895,122282,1541.62,failed,online,2025-03-06,NO
3530,18921,126140,1456.0,failed,online,2025-03-06,NO
30,31744,127526,1488.38,failed,online,2025-03-06,NO
3414,20694,129474,472.15,failed,online,2025-03-06,NO
4081,48074,129513,1505.21,failed,online,2025-03-06,NO
1,30852,132154,746.12,failed,online,2025-03-06,NO
4193,22264,133013,286.24,failed,online,2025-03-06,NO
2430,23159,133256,439.46,completed,online,2025-03-06,NO
752,4476,133672,1569.96,completed,online,2025-03-06,NO
1153,6369,134884,214.01,failed,online,2025-03-06,NO
400,19481,136356,1139.12,failed,online,2025-03-06,NO
3560,34400,138395,1778.87,completed,online,2025-03-06,NO
3886,37250,140130,446.08,completed,online,2025-03-06,NO
2177,35637,141355,1890.56,failed,online,2025-03-06,NO
2409,21387,143912,514.38,completed,online,2025-03-06,NO
1157,44883,145061,1716.43,failed,online,2025-03-06,NO
1572,41139,145467,781.49,completed,online,2025-03-06,NO
2331,17931,148222,1870.2,failed,online,2025-03-06,NO
4997,21063,148977,1090.0,failed,online,2025-03-06,NO
900,24002,801,114.71,completed,online,2025-04-17,NO
210,42270,1327,421.38,failed,online,2025-04-17,NO
1319,8459,1439,854.04,failed,online,2025-04-17,NO
2371,25174,4753,1833.36,completed,online,2025-04-17,NO
2511,45402,5650,1248.48,completed,online,2025-04-17,NO
1632,1445,8858,1031.16,completed,online,2025-04-17,NO
1948,31452,9962,1008.27,completed,online,2025-04-17,NO
4034,36248,11245,1119.53,completed,online,2025-04-17,NO
3799,4116,11295,1761.99,failed,online,2025-04-17,NO
3701,7585,11366,1763.66,completed,online,2025-04-17,NO
4717,11578,12760,536.54,failed,online,2025-04-17,NO
2448,45374,18968,1107.86,completed,online,2025-04-17,NO
2337,29170,19781,1314.81,completed,online,2025-04-17,NO
827,15931,22680,355.35,completed,online,2025-04-17,NO
419,47341,24181,1504.17,failed,online,2025-04-17,NO
4140,34407,26102,136.24,completed,online,2025-04-17,NO
1320,14327,26132,1452.37,completed,online,2025-04-17,NO
1699,26674,27953,996.18,failed,online,2025-04-17,NO
1673,1552,28185,1752.87,completed,online,2025-04-17,NO
2428,34159,28534,374.4,failed,online,2025-04-17,NO
1812,4637,28728,1795.67,completed,online,2025-04-17,NO
2052,47759,29056,1638.36,failed,online,2025-04-17,NO
4252,46663,29105,471.59,completed,online,2025-04-17,NO
3809,34794,33826,1465.51,failed,online,2025-04-17,NO
4646,8340,34245,781.18,completed,online,2025-04-17,NO
1,399,38879,1121.35,failed,online,2025-04-17,NO
1,46314,39284,6025.804994834663,completed,online,2025-04-17,NO
688,10552,42684,75.58,completed,online,2025-04-17,NO
1,23638,43011,610.0,completed,online,2025-04-17,NO
3933,48459,45421,1964.5,completed,online,2025-04-17,NO
1,15740,45580,443.05,completed,online,2025-04-17,NO
1739,193,46746,1354.67,completed,online,2025-04-17,NO
1862,9669,52515,50.74,completed,online,2025-04-17,NO
1286,14410,54686,900.55,failed,online,2025-04-17,NO
4799,21230,56069,125.85,completed,online,2025-04-17,NO
1794,4428,56679,1659.73,completed,online,2025-04-17,NO
4182,18625,57597,1493.22,completed,online,2025-04-17,NO
2080,11397,59140,1966.85,completed,online,2025-04-17,NO
1,41900,59470,399.72,completed,online,2025-04-17,NO
408,34515,59841,140.41,completed,online,2025-04-17,NO
426,34352,63439,105.36,failed,online,2025-04-17,NO
304,32807,63872,1832.79,completed,online,2025-04-17,NO
4260,36752,64875,693.16,failed,online,2025-04-17,NO
1,25542,65582,817.42,failed,online,2025-04-17,NO
1910,26876,68553,1798.08,failed,online,2025-04-17,NO
1344,10652,71293,1911.05,completed,online,2025-04-17,NO
3129,28837,72631,766.28,failed,online,2025-04-17,NO
1977,36719,72687,1801.8,failed,online,2025-04-17,NO
1,38216,73176,1337.49,completed,online,2025-04-17,NO
2028,16854,75032,1856.17,completed,UNKNOWN,2025-04-17,NO
363,2349,80510,1194.85,failed,online,2025-04-17,NO
4637,8904,86518,1486.09,completed,online,2025-04-17,NO
2972,13537,88003,26.13,completed,online,2025-04-17,NO
3552,35656,88192,1111.71,completed,online,2025-04-17,NO
2067,36832,89418,365.32,failed,online,2025-04-17,NO
2439,26711,90262,1444.83,completed,online,2025-04-17,NO
4813,3989,91206,610.93,failed,UNKNOWN,2025-04-17,NO
1,367,93845,198.29,failed,online,2025-04-17,NO
2807,46015,94299,1701.83,failed,online,2025-04-17,NO
1,39383,100055,1811.63,completed,online,2025-04-17,NO
1004,31765,103972,1058.98,failed,online,2025-04-17,NO
3101,550,104900,537.33,completed,online,2025-04-17,NO
4187,10851,105818,1738.56,failed,online,2025-04-17,NO
1,42534,109473,1701.02,completed,online,2025-04-17,NO
612,6563,112774,676.54,completed,online,2025-04-17,NO
3832,43499,116673,1183.7,failed,online,2025-04-17,NO
1929,38909,117098,1256.2,completed,online,2025-04-17,NO
1995,27829,118169,1327.12,completed,online,2025-04-17,NO
1570,11638,119465,198.95,failed,online,2025-04-17,NO
640,13104,121869,522.78,failed,online,2025-04-17,NO
2032,24826,123133,1230.0,completed,online,2025-04-17,NO
2648,21143,124088,287.23,completed,online,2025-04-17,NO
912,44213,126211,992.73,failed,online,2025-04-17,NO
4925,40582,131758,1156.64,completed,online,2025-04-17,NO
4294,37772,132948,1939.08,completed,online,2025-04-17,NO
2826,40011,135217,30.88,completed,online,2025-04-17,NO
3257,25225,135365,1558.06,completed,online,2025-04-17,NO
4388,20082,137379,311.17,completed,online,2025-04-17,NO
1727,34790,138648,367.46,completed,online,2025-04-17,NO
1,2340,141269,540.64,failed,online,2025-04-17,NO
2802,45202,146222,287.87,failed,online,2025-04-17,NO
46,29966,148096,550.77,failed,online,2025-04-17,NO
1,26996,148264,318.57,failed,online,2025-04-17,NO
2273,44513,1351,790.94,failed,online,2025-04-15,NO
3069,15049,3090,1605.51,completed,online,2025-04-15,NO
2144,7618,5737,81.17,failed,online,2025-04-15,NO
751,35724,5797,1622.24,completed,online,2025-04-15,NO
1,6135,6672,921.48,completed,online,2025-04-15,NO
833,13252,7035,1280.37,failed,online,2025-04-15,NO
1,29932,7451,605.5,completed,online,2025-04-15,NO
4855,14689,9173,899.32,completed,online,2025-04-15,NO
4507,3979,10169,1364.1,completed,online,2025-04-15,NO
3697,14292,11115,1915.45,completed,online,2025-04-15,NO
4316,6280,12553,316.23,completed,online,2025-04-15,NO
2301,27211,14646,785.79,failed,online,2025-04-15,NO
3161,16083,17690,841.04,failed,online,2025-04-15,NO
2432,12277,17945,696.38,completed,online,2025-04-15,NO
1506,37709,18636,1418.97,failed,online,2025-04-15,NO
1283,42995,35364,981.51,failed,online,2025-04-15,NO
2590,37430,36235,1738.82,completed,online,2025-04-15,NO
1,40514,36602,469.0,failed,online,2025-04-15,NO
2096,25883,43531,230.81,failed,online,2025-04-15,NO
1568,25729,44202,1726.41,failed,online,2025-04-15,NO
1,9330,45396,365.34,completed,online,2025-04-15,NO
4809,9093,45574,638.02,completed,online,2025-04-15,NO
2615,38690,45683,1121.27,failed,online,2025-04-15,NO
4013,27912,47546,821.29,completed,online,2025-04-15,NO
2425,35951,50377,1214.01,completed,UNKNOWN,2025-04-15,NO
4629,13064,50941,807.59,completed,online,2025-04-15,NO
4747,47373,53082,1059.37,completed,online,2025-04-15,NO
2243,10787,53555,1568.58,failed,online,2025-04-15,NO
4808,11317,54280,1338.39,failed,online,2025-04-15,NO
1,7564,54994,855.13,failed,online,2025-04-15,NO
1,9548,55359,1000.88,completed,online,2025-04-15,NO
3580,48764,57758,864.17,failed,online,2025-04-15,NO
3351,16172,61506,1475.89,failed,online,2025-04-15,NO
4307,32255,68532,1729.4,failed,online,2025-04-15,NO
364,30765,70437,1627.43,failed,online,2025-04-15,NO
807,8097,71803,961.15,completed,online,2025-04-15,NO
1586,25257,72380,793.07,completed,online,2025-04-15,NO
190,28268,74825,1777.8,failed,online,2025-04-15,NO
2750,22063,74837,1711.76,failed,online,2025-04-15,NO
1,29843,77270,1975.08,completed,online,2025-04-15,NO
2859,45169,78245,198.79,completed,online,2025-04-15,NO
3334,8384,82492,760.58,failed,online,2025-04-15,NO
199,33352,84543,956.43,failed,online,2025-04-15,NO
3821,9559,84707,1265.4,completed,online,2025-04-15,NO
4833,18563,85852,1337.4,failed,online,2025-04-15,NO
657,18126,91149,1599.34,completed,online,2025-04-15,NO
1,22392,94662,1731.03,failed,online,2025-04-15,NO
1,40449,98159,46.24,failed,online,2025-04-15,NO
930,37883,100961,1340.31,failed,online,2025-04-15,NO
1,43297,101614,1279.22,completed,online,2025-04-15,NO
2916,26598,103581,513.88,completed,online,2025-04-15,NO
4461,19092,105488,382.97,completed,online,2025-04-15,NO
1,10763,106939,691.66,failed,online,2025-04-15,NO
4485,15723,107108,156.52,failed,online,2025-04-15,NO
3372,48905,109012,894.38,failed,online,2025-04-15,NO
1,18365,109513,1691.82,completed,online,2025-04-15,NO
1,15777,110236,1258.01,completed,online,2025-04-15,NO
3201,35391,111324,1534.72,failed,online,2025-04-15,NO
2177,41285,111911,823.74,completed,online,2025-04-15,NO
4788,43744,114396,87.38,failed,online,2025-04-15,NO
4165,10239,115669,864.74,completed,online,2025-04-15,NO
1,37895,115771,251.81,completed,online,2025-04-15,NO
3364,30599,117548,1789.39,completed,online,2025-04-15,NO
1,32065,119235,770.12,completed,online,2025-04-15,NO
1,34824,120156,1441.62,completed,online,2025-04-15,NO
3671,4513,120244,771.31,completed,online,2025-04-15,NO
1398,33562,123577,1496.21,completed,online,2025-04-15,NO
1844,47507,125078,1726.21,completed,online,2025-04-15,NO
4174,13843,125707,1960.17,completed,online,2025-04-15,NO
3400,7667,127977,1429.49,completed,online,2025-04-15,NO
3885,24627,130691,1642.76,completed,online,2025-04-15,NO
2272,12690,133200,1537.6,completed,online,2025-04-15,NO
671,2703,133416,5610.5031944390785,completed,online,2025-04-15,NO
1,37329,135570,1359.78,completed,online,2025-04-15,NO
4390,40170,141147,1354.26,failed,online,2025-04-15,NO
1,41738,142834,1623.69,failed,online,2025-04-15,NO
1,19131,143334,1290.56,completed,online,2025-04-15,NO
1805,35977,143697,9291.102736412944,failed,online,2025-04-15,NO
3964,42858,144774,800.38,failed,online,2025-04-15,NO
4684,7933,144992,1589.34,failed,online,2025-04-15,NO
2324,17583,145105,1771.9,completed,online,2025-04-15,NO
71,32736,147221,1060.79,completed,online,2025-04-15,NO
4519,5712,149409,1490.52,completed,online,2025-04-15,NO
574,5902,1217,1983.55,failed,online,2025-01-13,NO
1,33277,2028,1782.08,failed,online,2025-01-13,NO
1,18373,10857,924.33,failed,online,2025-01-13,NO
1300,6335,11570,1885.87,completed,online,2025-01-13,NO
1,27183,15411,1066.18,completed,online,2025-01-13,NO
3029,19494,15421,1532.53,completed,online,2025-01-13,NO
1,1563,16837,509.08,completed,online,2025-01-13,NO
1912,24074,18760,1281.81,completed,online,2025-01-13,NO
1057,22098,19804,1322.25,completed,online,2025-01-13,NO
2998,12239,20720,977.77,failed,online,2025-01-13,NO
1,30411,23300,1349.28,failed,online,2025-01-13,NO
1,9903,27249,1001.9,failed,online,2025-01-13,NO
4991,4557,32812,1776.71,failed,online,2025-01-13,NO
1,7535,34409,824.56,completed,online,2025-01-13,NO
1200,38240,35089,1568.24,failed,online,2025-01-13,NO
3262,26976,35784,1780.24,failed,online,2025-01-13,NO
4370,49521,36089,125.19,completed,online,2025-01-13,NO
940,15501,36612,222.03,completed,online,2025-01-13,NO
4941,15383,38037,950.55,completed,online,2025-01-13,NO
490,30003,39131,1494.76,failed,online,2025-01-13,NO
451,10681,40082,1803.18,failed,online,2025-01-13,NO
3302,40747,40313,1239.65,failed,online,2025-01-13,NO
1,24312,42372,948.38,completed,online,2025-01-13,NO
4365,4236,45834,942.59,failed,online,2025-01-13,NO
3356,45359,46904,677.2,failed,online,2025-01-13,NO
2798,9286,47454,397.5,failed,online,2025-01-13,NO
4670,15413,47650,45.24,failed,online,2025-01-13,NO
3004,26565,47765,803.55,completed,online,2025-01-13,NO
1,13467,49858,1944.14,completed,online,2025-01-13,NO
3941,41879,50964,1726.21,failed,online,2025-01-13,NO
1510,29760,55039,533.88,failed,online,2025-01-13,NO
1066,9237,57338,76.92,failed,online,2025-01-13,NO
4441,38314,58242,941.88,completed,online,2025-01-13,NO
652,11925,58668,1883.9,failed,online,2025-01-13,NO
3355,46928,59786,141.03,completed,online,2025-01-13,NO
4024,38693,60453,1013.74,failed,online,2025-01-13,NO
84,17078,64023,1902.24,failed,online,2025-01-13,NO
1,6743,67343,8739.10843140565,completed,online,2025-01-13,NO
4973,31474,67974,1708.77,failed,online,2025-01-13,NO
4051,1899,68407,100.39,failed,online,2025-01-13,NO
1522,19066,70826,537.12,completed,online,2025-01-13,NO
2200,32042,71655,144.54,completed,online,2025-01-13,NO
4414,18502,74438,1713.45,completed,online,2025-01-13,NO
74,48671,74753,502.26,failed,online,2025-01-13,NO
823,27283,74918,1199.9,failed,online,2025-01-13,NO
1,521,77990,408.59,completed,online,2025-01-13,NO
1,9568,82556,1647.91,completed,online,2025-01-13,NO
328,41470,85580,1740.19,failed,online,2025-01-13,NO
3732,21733,86726,1457.73,failed,online,2025-01-13,NO
328,44798,87139,884.43,failed,online,2025-01-13,NO
4125,43833,88763,752.2,failed,online,2025-01-13,NO
4133,26830,92263,562.94,completed,online,2025-01-13,NO
3551,16622,93320,1102.6,failed,online,2025-01-13,NO
4166,26700,96328,1452.69,completed,online,2025-01-13,NO
2059,33237,99032,1047.71,failed,online,2025-01-13,NO
1,2891,103332,1487.01,completed,online,2025-01-13,NO
4399,42732,105792,759.16,completed,online,2025-01-13,NO
2582,33856,105844,1197.09,completed,online,2025-01-13,NO
3716,7335,107465,450.76,completed,online,2025-01-13,NO
3625,24180,108982,1085.25,failed,online,2025-01-13,NO
1054,9866,109242,1945.97,completed,online,2025-01-13,NO
1266,44638,115143,881.47,completed,online,2025-01-13,NO
1,4523,116238,333.41,completed,online,2025-01-13,NO
1,1641,117131,91.88,failed,online,2025-01-13,NO
1648,40390,117961,230.79,completed,online,2025-01-13,NO
1451,12929,118823,799.09,completed,online,2025-01-13,NO
1977,22430,125076,808.55,failed,online,2025-01-13,NO
4459,1250,126557,1443.45,failed,online,2025-01-13,NO
4712,3474,130230,1490.5,completed,online,2025-01-13,NO
224,41472,132145,349.72,completed,online,2025-01-13,NO
1960,1873,133938,392.0,completed,online,2025-01-13,NO
2654,20192,134464,1713.22,completed,online,2025-01-13,NO
4588,22469,135750,513.48,failed,online,2025-01-13,NO
1,41150,137200,1846.15,completed,online,2025-01-13,NO
2293,25341,138886,1162.11,failed,online,2025-01-13,NO
79,48546,140186,1576.01,completed,online,2025-01-13,NO
635,49587,141080,1868.77,failed,online,2025-01-13,NO
2846,18761,141810,748.29,completed,online,2025-01-13,NO
972,34767,142826,74.26,completed,online,2025-01-13,NO
1705,37412,144059,1520.81,failed,online,2025-01-13,NO
4234,2722,144525,708.54,failed,online,2025-01-13,NO
4642,46395,145415,1625.96,failed,online,2025-01-13,NO
148,31592,145841,1966.23,completed,online,2025-01-13,NO
4444,11056,149723,1981.93,failed,online,2025-01-13,NO
2826,2184,2265,1708.16,failed,online,2025-12-07,NO
1775,21778,9243,825.77,completed,online,2025-12-07,NO
1533,20167,9770,984.56,failed,online,2025-12-07,NO
1778,103,11018,126.66,failed,online,2025-12-07,NO
2162,31754,13640,700.63,failed,online,2025-12-07,NO
1,3752,13645,1705.29,completed,online,2025-12-07,NO
4392,3386,15235,627.94,failed,online,2025-12-07,NO
1,17635,18591,1083.09,completed,online,2025-12-07,NO
1120,28197,24682,223.33,failed,online,2025-12-07,NO
990,36680,25794,1110.62,completed,online,2025-12-07,NO
3282,22690,26738,226.62,failed,online,2025-12-07,NO
3831,30398,29125,1180.31,failed,online,2025-12-07,NO
1,10997,31585,1592.29,completed,online,2025-12-07,NO
1523,33879,32450,1576.26,failed,online,2025-12-07,NO
55,20531,33461,1983.73,completed,online,2025-12-07,NO
2013,37878,34324,1319.76,failed,online,2025-12-07,NO
1900,29683,34578,948.7,completed,online,2025-12-07,NO
706,45218,35096,1545.81,completed,online,2025-12-07,NO
2599,20573,35719,505.22,completed,online,2025-12-07,NO
3875,14055,36101,1922.24,failed,online,2025-12-07,NO
2861,38226,36664,1355.52,failed,online,2025-12-07,NO
2521,549,36748,1297.34,failed,online,2025-12-07,NO
1787,35400,37958,961.8,failed,online,2025-12-07,NO
1494,46882,39592,976.55,completed,online,2025-12-07,NO
1916,47579,43444,922.98,completed,online,2025-12-07,NO
1158,28904,45302,26.09,failed,online,2025-12-07,NO
4427,22497,46657,774.97,completed,online,2025-12-07,NO
1,22059,47991,1635.99,completed,online,2025-12-07,NO
2344,12931,48483,463.11,failed,online,2025-12-07,NO
431,15261,63404,1821.29,failed,online,2025-12-07,NO
1,47352,64654,956.26,failed,online,2025-12-07,NO
1240,21435,65936,1608.57,completed,online,2025-12-07,NO
2312,43378,68212,618.76,completed,online,2025-12-07,NO
562,42252,72276,1930.6,failed,online,2025-12-07,NO
852,14965,73332,1620.4,failed,online,2025-12-07,NO
1,28374,77268,1551.18,completed,online,2025-12-07,NO
3962,33293,78236,590.79,failed,online,2025-12-07,NO
3675,43067,79024,1819.01,completed,online,2025-12-07,NO
1647,21621,79115,120.17,completed,online,2025-12-07,NO
1,26221,79384,1106.94,completed,online,2025-12-07,NO
2749,44217,80737,368.35,completed,online,2025-12-07,NO
3560,9560,84917,1344.54,failed,online,2025-12-07,NO
1,32775,89579,215.58,completed,online,2025-12-07,NO
2423,20558,90895,905.78,failed,online,2025-12-07,NO
535,15213,91210,1738.12,completed,online,2025-12-07,NO
183,46665,91664,834.95,failed,online,2025-12-07,NO
1236,26682,93924,1381.44,failed,online,2025-12-07,NO
3684,6310,95503,1094.41,completed,online,2025-12-07,NO
1651,10838,96501,1527.58,completed,online,2025-12-07,NO
3781,40260,97100,789.09,completed,online,2025-12-07,NO
3711,18241,97539,1034.03,completed,online,2025-12-07,NO
1083,45365,99020,1898.46,failed,online,2025-12-07,NO
1,28483,100187,771.63,failed,online,2025-12-07,NO
3419,43620,101167,1134.94,completed,online,2025-12-07,NO
1,9792,101867,624.25,failed,online,2025-12-07,NO
3815,8310,105156,801.24,failed,online,2025-12-07,NO
3106,974,105937,372.04,completed,online,2025-12-07,NO
1,44019,107393,1212.58,failed,online,2025-12-07,NO
2013,24265,108694,1954.88,failed,online,2025-12-07,NO
1,48450,109057,154.22,completed,online,2025-12-07,NO
857,33001,109802,467.14,completed,online,2025-12-07,NO
514,19299,113553,1033.68,completed,online,2025-12-07,NO
2568,37229,114066,1582.83,failed,online,2025-12-07,NO
1,2831,114112,1229.04,failed,online,2025-12-07,NO
1743,435,116936,1203.18,completed,online,2025-12-07,NO
1473,32982,118251,1613.93,completed,online,2025-12-07,NO
4796,31664,118897,1979.03,failed,online,2025-12-07,NO
1,48345,119392,797.52,failed,online,2025-12-07,NO
4715,49200,122855,1612.28,failed,online,2025-12-07,NO
1461,14870,123228,1791.22,failed,online,2025-12-07,NO
2336,42225,124216,1533.37,failed,online,2025-12-07,NO
1220,23243,125877,534.84,failed,online,2025-12-07,NO
1,14845,126043,1325.73,completed,online,2025-12-07,NO
57,14883,130796,1834.78,failed,online,2025-12-07,NO
1095,30765,131784,1187.13,completed,online,2025-12-07,NO
3009,49554,132127,1597.0,failed,online,2025-12-07,NO
179,3688,135317,284.9,failed,online,2025-12-07,NO
1406,4667,138963,85.03,completed,online,2025-12-07,NO
1,32316,139380,1597.67,failed,UNKNOWN,2025-12-07,NO
1,6154,143046,1541.94,failed,online,2025-12-07,NO
4340,27569,145496,1902.38,completed,online,2025-12-07,NO
3275,32887,147582,78.37,failed,online,2025-12-07,NO
1182,35922,148092,1636.27,completed,online,2025-12-07,NO
169,21398,149990,1366.37,failed,online,2025-12-07,NO
1,42692,1240,1775.81,completed,online,2025-07-10,NO
4080,1737,3430,1286.89,completed,online,2025-07-10,NO
3839,20134,8598,627.34,completed,online,2025-07-10,NO
1,37191,9267,1203.13,failed,online,2025-07-10,NO
4639,42518,10098,1668.35,failed,online,2025-07-10,NO
240,20398,11188,1841.08,completed,online,2025-07-10,NO
287,25207,13414,311.93,completed,online,2025-07-10,NO
2577,37335,16128,1469.3,failed,online,2025-07-10,NO
1975,46580,18586,1158.13,failed,online,2025-07-10,NO
1,32920,18841,174.17,failed,online,2025-07-10,NO
1,9104,20432,484.71,completed,online,2025-07-10,NO
1395,28829,21064,1369.82,completed,online,2025-07-10,NO
1,2628,21663,623.22,failed,online,2025-07-10,NO
288,29826,24942,1665.21,completed,online,2025-07-10,NO
465,23501,30711,556.63,failed,online,2025-07-10,NO
1268,6677,32092,1761.43,completed,online,2025-07-10,NO
1,8688,33955,351.05,completed,online,2025-07-10,NO
1,38309,34099,1781.87,completed,online,2025-07-10,NO
1,33871,37276,1328.89,completed,online,2025-07-10,NO
286,16662,39776,1914.45,failed,online,2025-07-10,NO
4259,18476,40362,402.68,completed,online,2025-07-10,NO
2940,20284,41923,426.62,completed,online,2025-07-10,NO
825,35398,42704,1583.69,failed,online,2025-07-10,NO
703,1950,43360,933.06,failed,online,2025-07-10,NO
1265,23036,45218,1900.91,failed,online,2025-07-10,NO
2254,1210,45792,828.94,failed,online,2025-07-10,NO
2067,8782,48407,1085.06,completed,online,2025-07-10,NO
1,28418,49216,529.91,completed,online,2025-07-10,NO
3178,6162,51574,871.96,completed,online,2025-07-10,NO
1,45439,53582,623.1,failed,online,2025-07-10,NO
1,35848,53822,837.18,completed,online,2025-07-10,NO
4633,14643,54978,350.99,failed,online,2025-07-10,NO
3822,43350,55073,400.79,failed,online,2025-07-10,NO
3119,44192,56188,1822.34,completed,online,2025-07-10,NO
2414,34044,56197,1082.49,completed,online,2025-07-10,NO
4222,33522,59635,1523.52,failed,online,2025-07-10,NO
1,9011,59911,921.48,failed,online,2025-07-10,NO
3299,8778,74211,876.85,completed,online,2025-07-10,NO
2509,12977,74416,50.64,failed,online,2025-07-10,NO
4283,15173,74892,1174.9,failed,online,2025-07-10,NO
1,18915,75435,1707.06,failed,online,2025-07-10,NO
1,19126,76363,660.43,failed,online,2025-07-10,NO
4018,34547,80169,822.9,failed,online,2025-07-10,NO
1,1274,81416,516.36,failed,online,2025-07-10,NO
1,10665,82078,1249.7,completed,online,2025-07-10,NO
725,27612,82331,504.29,failed,online,2025-07-10,NO
4713,43853,84310,1456.48,failed,online,2025-07-10,NO
4964,23313,84320,1756.31,failed,online,2025-07-10,NO
1151,4110,86129,1809.18,completed,online,2025-07-10,NO
2396,37808,87185,1298.68,completed,UNKNOWN,2025-07-10,NO
3971,32603,88624,661.04,completed,online,2025-07-10,NO
77,27941,90695,1237.39,failed,online,2025-07-10,NO
2873,47747,93996,91.99,completed,online,2025-07-10,NO
1,42877,95165,1909.1,completed,online,2025-07-10,NO
1192,41124,95615,936.03,completed,online,2025-07-10,NO
1,48778,95823,1115.56,completed,online,2025-07-10,NO
4810,32752,96661,667.93,failed,online,2025-07-10,NO
1702,21247,100448,989.53,completed,online,2025-07-10,NO
2400,38910,100814,1765.67,failed,online,2025-07-10,NO
4824,46050,102942,1560.81,completed,online,2025-07-10,NO
2726,27751,104888,241.27,completed,online,2025-07-10,NO
1,7002,105360,55.68,completed,online,2025-07-10,NO
4510,33256,105827,1733.46,completed,online,2025-07-10,NO
1638,37628,108340,787.27,failed,online,2025-07-10,NO
1014,7665,111366,823.07,failed,online,2025-07-10,NO
2083,6553,114785,822.95,failed,online,2025-07-10,NO
1017,8608,116624,1588.87,completed,online,2025-07-10,NO
4821,19786,121446,1749.09,completed,online,2025-07-10,NO
930,18223,122220,170.65,failed,online,2025-07-10,NO
3642,21754,124858,877.56,completed,online,2025-07-10,NO
5,45063,125600,1114.87,failed,online,2025-07-10,NO
642,4866,125987,1347.02,completed,online,2025-07-10,NO
3168,43931,127687,16.77,completed,online,2025-07-10,NO
243,46350,129512,1556.88,completed,online,2025-07-10,NO
1,3806,133127,1541.58,completed,online,2025-07-10,NO
2399,6134,133536,885.01,completed,online,2025-07-10,NO
4998,8942,133648,534.8,failed,online,2025-07-10,NO
4318,6287,134153,1163.28,completed,online,2025-07-10,NO
3789,12973,135422,19.74,failed,online,2025-07-10,NO
4665,2672,135928,665.04,completed,online,2025-07-10,NO
3809,19385,141779,771.77,completed,online,2025-07-10,NO
4778,14661,146601,1789.46,completed,online,2025-07-10,NO
2425,12942,147024,1142.21,completed,online,2025-07-10,NO
4798,29092,147302,633.73,completed,online,2025-07-10,NO
393,25625,3330,392.31,completed,online,2025-06-21,NO
2539,36912,3410,1955.8,failed,online,2025-06-21,NO
824,9798,8624,25.93,completed,online,2025-06-21,NO
1,42958,10863,1169.23,failed,online,2025-06-21,NO
1643,5356,12449,75.67,failed,online,2025-06-21,NO
3876,32156,14695,387.37,completed,online,2025-06-21,NO
2563,12290,14855,643.4,failed,online,2025-06-21,NO
1,20447,16710,407.95,completed,online,2025-06-21,NO
1235,48482,18669,368.32,completed,online,2025-06-21,NO
1193,18069,19379,419.97,failed,online,2025-06-21,NO
2059,45656,21999,1084.41,completed,online,2025-06-21,NO
4885,30207,22144,887.31,failed,online,2025-06-21,NO
4317,47586,22907,682.08,failed,online,2025-06-21,NO
3263,39692,23880,238.13,completed,online,2025-06-21,NO
3184,20629,26667,468.57,completed,online,2025-06-21,NO
1298,39283,28010,1429.01,completed,online,2025-06-21,NO
359,39196,28391,1764.38,failed,online,2025-06-21,NO
673,4517,28654,973.32,completed,online,2025-06-21,NO
1243,21132,31933,333.85,failed,online,2025-06-21,NO
3902,47041,33882,1897.37,failed,online,2025-06-21,NO
820,35784,34218,1499.46,completed,online,2025-06-21,NO
4668,22115,35178,1053.62,completed,online,2025-06-21,NO
4211,6183,40549,705.77,completed,online,2025-06-21,NO
4840,9917,40620,676.18,failed,online,2025-06-21,NO
4683,26137,41365,1672.65,failed,online,2025-06-21,NO
1,38491,47007,1795.18,completed,online,2025-06-21,NO
3798,19990,49964,1765.14,failed,online,2025-06-21,NO
1,12117,50741,1895.1,failed,online,2025-06-21,NO
3992,5265,52247,1020.54,completed,online,2025-06-21,NO
2451,17535,58165,806.15,failed,online,2025-06-21,NO
3822,41953,58233,914.27,failed,online,2025-06-21,NO
1620,28234,59495,442.62,failed,online,2025-06-21,NO
3641,17326,61690,1313.39,completed,online,2025-06-21,NO
869,8595,62448,1646.37,failed,online,2025-06-21,NO
1,46186,62632,1568.65,completed,online,2025-06-21,NO
1958,46148,62778,976.86,completed,online,2025-06-21,NO
1,3829,66678,436.42,failed,online,2025-06-21,NO
41,11366,69428,1670.25,failed,online,2025-06-21,NO
1441,5575,72935,1265.31,completed,online,2025-06-21,NO
1069,26180,73016,867.95,completed,online,2025-06-21,NO
2783,41856,75602,685.47,completed,online,2025-06-21,NO
2221,3529,76991,1218.27,failed,online,2025-06-21,NO
1183,39927,80043,1533.83,failed,online,2025-06-21,NO
3959,4372,83002,51.22,failed,online,2025-06-21,NO
2184,7528,85085,634.01,failed,online,2025-06-21,NO
4495,7750,87407,1000.89,failed,online,2025-06-21,NO
1,31389,94281,30.44,completed,online,2025-06-21,NO
2118,11914,94396,1603.28,failed,online,2025-06-21,NO
872,11505,94436,172.42,completed,online,2025-06-21,NO
493,18196,95390,553.61,failed,online,2025-06-21,NO
882,28944,97871,1231.81,completed,online,2025-06-21,NO
3102,753,97927,1707.15,completed,online,2025-06-21,NO
2171,16630,99151,401.26,completed,online,2025-06-21,NO
1,4464,101165,241.89,completed,online,2025-06-21,NO
3134,35030,101557,305.85,failed,online,2025-06-21,NO
1,6435,102134,1895.8,completed,online,2025-06-21,NO
4459,18023,105519,256.26,completed,online,2025-06-21,NO
1,40886,105643,1680.98,failed,online,2025-06-21,NO
4813,3319,108260,1814.21,failed,online,2025-06-21,NO
2199,45263,110670,88.91,completed,online,2025-06-21,NO
2247,32001,113075,1741.38,completed,online,2025-06-21,NO
758,46279,113244,839.29,completed,online,2025-06-21,NO
3501,47645,116140,1004.51,completed,online,2025-06-21,NO
2714,35841,116553,375.12,failed,online,2025-06-21,NO
1,15943,118128,940.55,failed,online,2025-06-21,NO
1,30643,118374,225.87,failed,online,2025-06-21,NO
1,3675,118943,668.8,failed,online,2025-06-21,NO
1750,32021,121039,438.23,completed,online,2025-06-21,NO
1,9143,128760,560.87,completed,online,2025-06-21,NO
311,34670,129677,983.41,failed,online,2025-06-21,NO
1706,49481,131719,634.99,completed,online,2025-06-21,NO
1533,47780,133412,1507.25,completed,online,2025-06-21,NO
1894,3235,133707,1948.74,failed,online,2025-06-21,NO
2502,24257,134743,232.16,completed,online,2025-06-21,NO
1,39369,136127,1770.32,completed,online,2025-06-21,NO
3245,2747,136945,1921.64,failed,online,2025-06-21,NO
4579,10846,138386,798.42,failed,online,2025-06-21,NO
4781,7852,140160,1103.77,completed,online,2025-06-21,NO
2491,25130,141905,36.7,failed,online,2025-06-21,NO
4294,16445,142229,1250.39,completed,online,2025-06-21,NO
2893,29580,143918,1087.94,completed,online,2025-06-21,NO
3771,25366,146566,245.28,failed,online,2025-06-21,NO
1,26967,147200,319.28,failed,online,2025-06-21,NO
1913,29567,148591,1004.24,completed,online,2025-06-21,NO
1,19408,569,358.34,failed,online,2025-11-19,NO
1,34625,5012,159.64,completed,online,2025-11-19,NO
1412,26868,6872,1714.37,failed,online,2025-11-19,NO
989,28528,9089,1861.58,completed,online,2025-11-19,NO
4916,8965,9280,200.93,failed,online,2025-11-19,NO
2870,20903,9506,1066.82,failed,online,2025-11-19,NO
4169,22672,11266,91.08,completed,online,2025-11-19,NO
3209,17626,12563,766.22,completed,online,2025-11-19,NO
1119,2109,12642,1133.1,failed,online,2025-11-19,NO
1,2725,18225,303.5,completed,online,2025-11-19,NO
4516,46650,20243,1876.95,failed,online,2025-11-19,NO
1227,17985,24907,502.57,completed,online,2025-11-19,NO
3491,43255,26173,285.16,completed,online,2025-11-19,NO
3753,12217,26486,1067.4,failed,online,2025-11-19,NO
259,36325,33330,42.26,completed,online,2025-11-19,NO
3915,30010,34211,1761.68,failed,online,2025-11-19,NO
1794,20131,34911,1870.2,completed,online,2025-11-19,NO
1,17403,36953,663.76,failed,online,2025-11-19,NO
3542,24914,37717,686.07,failed,online,2025-11-19,NO
4560,13511,39124,1716.96,completed,online,2025-11-19,NO
1057,35120,40152,553.44,completed,online,2025-11-19,NO
2227,40853,42482,1487.43,completed,online,2025-11-19,NO
3365,48957,45132,1939.8,failed,online,2025-11-19,NO
789,4307,48376,1824.71,failed,online,2025-11-19,NO
1534,23354,53646,1238.76,completed,online,2025-11-19,NO
4051,37956,58057,70.05,failed,online,2025-11-19,NO
3844,45492,59761,1812.92,failed,online,2025-11-19,NO
4995,35377,62748,835.07,failed,online,2025-11-19,NO
1434,2959,64008,1184.03,failed,online,2025-11-19,NO
1,35113,64209,804.33,completed,online,2025-11-19,NO
4894,17241,66575,308.49,completed,online,2025-11-19,NO
4642,41920,67381,389.58,failed,online,2025-11-19,NO
3778,37874,68948,1490.86,failed,online,2025-11-19,NO
2054,29543,69322,361.76,completed,online,2025-11-19,NO
1,16318,71285,64.9,completed,online,2025-11-19,NO
509,1448,71961,895.95,completed,online,2025-11-19,NO
4420,48343,74419,843.49,failed,UNKNOWN,2025-11-19,NO
1,2867,75033,1649.42,failed,online,2025-11-19,NO
410,46822,75213,1428.95,completed,online,2025-11-19,NO
3060,21551,75644,527.64,failed,online,2025-11-19,NO
2568,43457,76279,322.96,completed,online,2025-11-19,NO
1,10580,77096,1279.83,completed,online,2025-11-19,NO
424,19923,79020,1028.61,failed,online,2025-11-19,NO
4579,35038,80323,859.75,failed,online,2025-11-19,NO
106,1860,80507,1848.15,failed,online,2025-11-19,NO
2725,36349,84012,1500.29,failed,online,2025-11-19,NO
1,5803,84333,826.96,completed,online,2025-11-19,NO
1947,31466,90110,315.3,completed,online,2025-11-19,NO
3014,12236,91780,1786.3,failed,online,2025-11-19,NO
941,28497,93854,1370.24,failed,online,2025-11-19,NO
2904,36435,94150,1962.88,completed,online,2025-11-19,NO
1,4633,96256,1210.09,failed,online,2025-11-19,NO
3742,7754,96810,1718.66,failed,online,2025-11-19,NO
1546,31901,97589,160.57,completed,online,2025-11-19,NO
554,4879,98401,699.19,completed,online,2025-11-19,NO
1,28068,101694,654.04,completed,online,2025-11-19,NO
4452,25627,102603,1411.4,completed,online,2025-11-19,NO
1,1666,104752,1903.62,failed,online,2025-11-19,NO
2375,19662,105229,1235.23,failed,online,2025-11-19,NO
4536,20822,105347,557.02,failed,online,2025-11-19,NO
2755,20954,108303,873.64,failed,online,2025-11-19,NO
1,32113,109280,77.8,failed,online,2025-11-19,NO
1646,8256,111010,1147.25,completed,online,2025-11-19,NO
1,3941,111634,1209.77,completed,online,2025-11-19,NO
48,452,113688,282.72,failed,online,2025-11-19,NO
4067,47439,114586,1437.32,completed,online,2025-11-19,NO
1597,42228,116769,6181.394542672595,completed,online,2025-11-19,NO
2259,43178,117092,375.85,completed,online,2025-11-19,NO
2295,9439,120981,1575.23,failed,online,2025-11-19,NO
3973,17155,121315,296.94,completed,online,2025-11-19,NO
4476,22597,122501,609.42,failed,online,2025-11-19,NO
1,26588,125049,795.26,failed,online,2025-11-19,NO
3114,40187,125117,9791.119107134933,failed,online,2025-11-19,NO
2425,43408,125214,1402.33,failed,online,2025-11-19,NO
1885,30947,127151,27.81,failed,online,2025-11-19,NO
4888,21458,130791,1444.06,failed,online,2025-11-19,NO
4052,44358,134943,1797.9,failed,online,2025-11-19,NO
2500,4585,137510,1478.76,completed,online,2025-11-19,NO
2808,34447,137637,1296.47,completed,online,2025-11-19,NO
2222,24550,138973,838.19,failed,online,2025-11-19,NO
597,6008,146705,1652.07,failed,online,2025-11-19,NO
3202,25001,147248,284.27,failed,online,2025-11-19,NO
340,37368,148708,210.63,failed,online,2025-11-19,NO
821,10325,149232,1478.65,failed,online,2025-11-19,NO
1,40463,1250,385.41,failed,online,2025-11-16,NO
1,30096,5274,102.07,failed,online,2025-11-16,NO
1109,38267,5638,990.65,completed,online,2025-11-16,NO
4896,17386,10606,1543.47,failed,online,2025-11-16,NO
3933,46708,12702,73.59,completed,online,2025-11-16,NO
3631,22855,14548,588.46,failed,online,2025-11-16,NO
3004,9690,16420,1941.2,failed,online,2025-11-16,NO
3054,16394,17703,1313.91,completed,online,2025-11-16,NO
3841,24278,18608,809.97,failed,online,2025-11-16,NO
3799,1856,19479,71.65,failed,online,2025-11-16,NO
4154,45225,20237,1616.34,failed,online,2025-11-16,NO
209,9636,24113,1448.51,completed,online,2025-11-16,NO
126,20995,24324,1554.3,completed,online,2025-11-16,NO
3832,42652,27309,601.44,failed,online,2025-11-16,NO
2149,37221,28448,1605.85,failed,online,2025-11-16,NO
1,4852,29424,535.54,completed,online,2025-11-16,NO
1522,20991,31073,1345.58,completed,online,2025-11-16,NO
54,9409,33824,1352.66,completed,online,2025-11-16,NO
1198,49468,35319,1758.01,failed,online,2025-11-16,NO
2121,3280,44033,1307.68,failed,online,2025-11-16,NO
2543,24175,50054,746.86,failed,online,2025-11-16,NO
1086,46897,50274,1622.17,failed,online,2025-11-16,NO
3769,6911,51563,1037.96,failed,online,2025-11-16,NO
1378,15689,51829,322.27,failed,online,2025-11-16,NO
3381,711,51902,995.25,completed,online,2025-11-16,NO
1068,29337,52099,1931.69,completed,online,2025-11-16,NO
1,35189,52326,1568.15,failed,online,2025-11-16,NO
1,24469,55623,830.77,failed,online,2025-11-16,NO
1475,38263,57382,1013.46,failed,online,2025-11-16,NO
669,24697,57932,1766.91,failed,online,2025-11-16,NO
1,22210,63356,1599.79,completed,online,2025-11-16,NO
670,14812,64437,656.06,completed,online,2025-11-16,NO
4905,835,65798,62.55,failed,online,2025-11-16,NO
2532,5433,66422,1601.51,failed,online,2025-11-16,NO
411,25594,70599,533.38,completed,online,2025-11-16,NO
94,17845,70971,1201.17,completed,online,2025-11-16,NO
1032,37798,71493,1736.51,completed,online,2025-11-16,NO
1391,42026,72881,1668.29,completed,online,2025-11-16,NO
3716,3690,74140,777.46,failed,online,2025-11-16,NO
2189,22626,76034,1659.54,completed,online,2025-11-16,NO
4714,22037,79821,1903.95,failed,online,2025-11-16,NO
4965,28338,79898,1441.37,failed,online,2025-11-16,NO
2332,809,80712,431.78,completed,online,2025-11-16,NO
1057,14022,81626,452.0,completed,online,2025-11-16,NO
3077,43092,87382,1986.75,failed,online,2025-11-16,NO
3769,49216,91790,599.01,failed,online,2025-11-16,NO
4457,17416,92434,735.91,completed,online,2025-11-16,NO
3777,37321,92776,857.47,failed,online,2025-11-16,NO
3933,43917,97163,1986.75,failed,online,2025-11-16,NO
964,48739,98874,1392.96,completed,online,2025-11-16,NO
25,3531,100281,722.98,completed,online,2025-11-16,NO
1904,12144,102157,9611.360725012753,completed,online,2025-11-16,NO
667,17572,102581,393.47,completed,online,2025-11-16,NO
2699,45888,103832,1525.47,completed,online,2025-11-16,NO
1837,20970,105761,417.16,completed,online,2025-11-16,NO
2501,35324,106089,709.8,completed,online,2025-11-16,NO
3934,24243,108148,722.18,completed,online,2025-11-16,NO
3886,48917,109953,1972.87,failed,online,2025-11-16,NO
4599,1326,110742,1676.39,failed,online,2025-11-16,NO
4292,2621,111671,6130.798413904891,completed,online,2025-11-16,NO
3075,14876,112012,462.47,failed,online,2025-11-16,NO
4317,2064,113952,1866.52,completed,online,2025-11-16,NO
2996,14744,114433,680.81,failed,online,2025-11-16,NO
2882,20283,115233,1330.97,completed,online,2025-11-16,NO
460,23245,117198,21.14,failed,online,2025-11-16,NO
514,19944,117804,452.87,failed,online,2025-11-16,NO
1,23707,118546,926.17,completed,online,2025-11-16,NO
1,8877,118643,6824.472658944255,completed,online,2025-11-16,NO
1,42670,120574,1962.88,completed,online,2025-11-16,NO
1709,49199,121020,211.83,completed,online,2025-11-16,NO
1,44250,121254,1508.41,failed,online,2025-11-16,NO
2537,31431,121973,484.58,completed,online,2025-11-16,NO
610,2052,122208,1457.36,completed,online,2025-11-16,NO
1325,12056,123919,1851.21,failed,online,2025-11-16,NO
1500,31771,125918,507.07,failed,online,2025-11-16,NO
2041,23870,128880,785.08,failed,online,2025-11-16,NO
946,37338,132418,893.16,completed,online,2025-11-16,NO
1,7139,134194,637.08,failed,online,2025-11-16,NO
4288,48377,137335,504.58,completed,online,2025-11-16,NO
1,19310,137641,117.46,failed,online,2025-11-16,NO
1129,27389,145306,467.48,completed,online,2025-11-16,NO
2481,9849,147478,1425.87,failed,online,2025-11-16,NO
1583,1710,148447,427.25,failed,online,2025-11-16,NO
4131,23823,828,204.18,completed,online,2025-03-20,NO
1,38493,1150,1645.67,failed,online,2025-03-20,NO
470,10528,3510,1711.94,completed,online,2025-03-20,NO
4347,14641,4400,1429.76,completed,online,2025-03-20,NO
4560,47091,8028,355.01,failed,online,2025-03-20,NO
2969,38457,11922,1166.82,failed,online,2025-03-20,NO
1,35627,12810,1947.9,completed,online,2025-03-20,NO
1,16468,12928,1005.0,completed,online,2025-03-20,NO
1,7823,13986,1993.27,completed,online,2025-03-20,NO
1,4897,18353,25.03,completed,online,2025-03-20,NO
3844,20214,19568,1131.39,failed,online,2025-03-20,NO
2793,13253,25173,788.16,failed,online,2025-03-20,NO
1884,20450,25958,84.12,completed,online,2025-03-20,NO
3403,31090,29705,450.25,completed,online,2025-03-20,NO
3341,478,30190,1711.28,completed,online,2025-03-20,NO
2476,10779,33555,1112.5,completed,online,2025-03-20,NO
2562,35803,35036,879.23,failed,online,2025-03-20,NO
404,6500,36742,781.19,completed,online,2025-03-20,NO
4218,43218,37723,759.71,completed,online,2025-03-20,NO
372,48335,41794,255.9,failed,online,2025-03-20,NO
4556,11524,43378,1329.67,completed,online,2025-03-20,NO
2173,45464,44886,507.18,failed,online,2025-03-20,NO
3826,11108,45488,500.24,completed,online,2025-03-20,NO
1,47907,47066,298.09,completed,online,2025-03-20,NO
3466,45972,49028,1525.68,completed,online,2025-03-20,NO
3229,41241,50263,1767.3,completed,online,2025-03-20,NO
4932,34589,51972,8182.278526134654,failed,online,2025-03-20,NO
4845,20912,53272,335.58,failed,online,2025-03-20,NO
4702,47457,57001,963.54,failed,online,2025-03-20,NO
49,13152,57234,845.18,completed,online,2025-03-20,NO
2675,14196,60437,1089.23,failed,online,2025-03-20,NO
4604,11404,61279,398.63,failed,online,2025-03-20,NO
3432,40566,62228,214.86,failed,online,2025-03-20,NO
1,35417,62392,1435.05,failed,online,2025-03-20,NO
4132,18874,65990,1420.37,failed,online,2025-03-20,NO
415,45997,68390,507.25,completed,online,2025-03-20,NO
145,31779,73733,81.23,completed,online,2025-03-20,NO
1,6801,74234,564.23,completed,online,2025-03-20,NO
4258,21007,76548,1452.59,failed,online,2025-03-20,NO
3988,13084,76589,1908.6,completed,online,2025-03-20,NO
4287,26508,77359,1507.7,completed,online,2025-03-20,NO
910,17127,79616,1844.46,completed,online,2025-03-20,NO
2009,40131,81751,1822.61,failed,online,2025-03-20,NO
3437,6136,81842,719.04,completed,online,2025-03-20,NO
1,46409,82092,1833.65,failed,online,2025-03-20,NO
1,5936,84864,1653.99,failed,online,2025-03-20,NO
4055,37627,85724,792.12,completed,online,2025-03-20,NO
1981,29437,86103,1832.18,failed,online,2025-03-20,NO
47,15697,86618,1846.15,completed,online,2025-03-20,NO
600,44433,86754,133.88,completed,online,2025-03-20,NO
1,19603,87877,1049.39,failed,online,2025-03-20,NO
4700,27038,89978,1562.49,completed,online,2025-03-20,NO
3396,24663,90071,1253.95,failed,online,2025-03-20,NO
3358,13893,90403,1171.22,completed,online,2025-03-20,NO
1903,46988,93963,1848.18,failed,online,2025-03-20,NO
2080,6047,97420,1232.32,failed,online,2025-03-20,NO
541,39706,97962,909.07,completed,online,2025-03-20,NO
2020,43056,103853,1403.59,failed,online,2025-03-20,NO
411,24405,107838,1662.62,failed,online,2025-03-20,NO
2532,16434,116156,418.99,completed,online,2025-03-20,NO
570,13728,118220,97.81,completed,online,2025-03-20,NO
4744,34082,119965,1779.21,completed,online,2025-03-20,NO
4744,29724,121342,1839.12,completed,online,2025-03-20,NO
3248,19387,123558,1840.33,completed,online,2025-03-20,NO
4046,44715,123803,1251.49,completed,online,2025-03-20,NO
2333,27384,124774,1719.91,failed,online,2025-03-20,NO
1654,22033,126619,666.57,completed,online,2025-03-20,NO
2195,41757,129399,867.34,failed,online,2025-03-20,NO
3941,9031,130448,854.1,failed,online,2025-03-20,NO
3867,46866,130533,170.79,completed,online,2025-03-20,NO
3515,12001,131115,484.4,completed,online,2025-03-20,NO
819,12310,131273,720.13,failed,online,2025-03-20,NO
489,26447,132920,65.68,completed,online,2025-03-20,NO
987,2159,133213,133.56,completed,online,2025-03-20,NO
493,18322,133937,1925.35,failed,online,2025-03-20,NO
1,43315,134157,1012.59,completed,online,2025-03-20,NO
1982,3433,135018,917.01,completed,online,2025-03-20,NO
1803,45851,136802,48.32,completed,online,2025-03-20,NO
1031,5883,138804,1937.86,completed,online,2025-03-20,NO
2634,48067,138956,1144.17,failed,online,2025-03-20,NO
2448,47858,144737,1722.35,completed,online,2025-03-20,NO
1772,34768,145854,438.64,failed,online,2025-03-20,NO
1,29224,147121,813.98,completed,online,2025-03-20,NO
2203,20393,4613,1015.17,completed,online,2025-04-03,NO
3591,8929,5063,359.96,completed,online,2025-04-03,NO
1,43747,5799,1205.86,completed,online,2025-04-03,NO
2787,15696,7051,1995.99,failed,online,2025-04-03,NO
963,6966,8835,1102.78,completed,online,2025-04-03,NO
926,46084,11085,1097.69,failed,online,2025-04-03,NO
1996,3747,11749,1102.48,completed,online,2025-04-03,NO
703,11967,15890,1450.18,completed,online,2025-04-03,NO
4471,2786,17334,1012.93,failed,online,2025-04-03,NO
2449,18847,18653,1436.97,failed,online,2025-04-03,NO
2357,13304,18829,999.89,completed,online,2025-04-03,NO
1577,35907,19718,188.64,completed,online,2025-04-03,NO
445,27773,21961,1730.83,completed,online,2025-04-03,NO
1,44276,23131,1976.91,completed,online,2025-04-03,NO
4188,20219,23988,501.46,failed,online,2025-04-03,NO
4356,43134,26724,371.21,completed,online,2025-04-03,NO
1447,1016,26971,564.74,failed,online,2025-04-03,NO
2785,13269,27341,903.42,completed,online,2025-04-03,NO
3446,35921,27511,1619.34,failed,online,2025-04-03,NO
3510,769,34474,956.73,completed,online,2025-04-03,NO
1,49894,35379,467.18,failed,online,2025-04-03,NO
1,12002,35843,1101.34,completed,online,2025-04-03,NO
2233,35670,38223,1320.63,completed,online,2025-04-03,NO
822,47591,38335,1807.02,failed,online,2025-04-03,NO
3208,2889,41487,1863.66,failed,online,2025-04-03,NO
2822,11080,44031,1896.3,failed,online,2025-04-03,NO
1330,28679,45709,272.47,failed,online,2025-04-03,NO
3398,27564,46646,528.62,completed,online,2025-04-03,NO
2782,5462,51028,1096.09,failed,online,2025-04-03,NO
4356,34091,54035,188.67,failed,online,2025-04-03,NO
1,40294,54430,482.41,failed,online,2025-04-03,NO
2441,49536,54775,1136.61,completed,online,2025-04-03,NO
2136,26254,55157,378.08,completed,online,2025-04-03,NO
1,7521,56013,225.58,completed,online,2025-04-03,NO
545,13548,61263,450.77,failed,online,2025-04-03,NO
4661,14148,62214,1830.96,completed,online,2025-04-03,NO
2851,49483,66224,1775.61,failed,online,2025-04-03,NO
3435,10948,71829,715.3,failed,online,2025-04-03,NO
4103,42140,71870,1397.42,completed,online,2025-04-03,NO
2349,40889,75785,563.58,failed,online,2025-04-03,NO
1535,40344,77014,745.77,completed,online,2025-04-03,NO
1,468,78184,670.46,failed,online,2025-04-03,NO
1392,47137,82352,438.6,completed,online,2025-04-03,NO
3226,25125,85043,1991.71,failed,online,2025-04-03,NO
1144,38866,85388,456.21,failed,online,2025-04-03,NO
3660,25288,87342,1455.13,completed,online,2025-04-03,NO
2599,1147,87455,55.11,completed,online,2025-04-03,NO
2757,3545,88592,1379.71,failed,online,2025-04-03,NO
1,12546,89120,69.91,failed,online,2025-04-03,NO
4213,3535,89984,105.06,completed,online,2025-04-03,NO
1977,19281,90306,943.68,completed,online,2025-04-03,NO
3246,24691,91260,422.53,completed,online,2025-04-03,NO
1821,23523,96979,1868.22,failed,online,2025-04-03,NO
2500,28713,98796,1424.57,completed,online,2025-04-03,NO
2117,46863,98879,757.94,failed,online,2025-04-03,NO
2792,47823,98891,80.98,completed,online,2025-04-03,NO
1,435,98924,402.85,failed,online,2025-04-03,NO
1,14827,100246,1376.1,failed,online,2025-04-03,NO
4937,1201,100316,55.28,completed,online,2025-04-03,NO
1994,24102,103151,1638.09,completed,online,2025-04-03,NO
3776,34356,103633,454.89,completed,online,2025-04-03,NO
1,800,107260,139.06,completed,online,2025-04-03,NO
79,45766,111267,875.3,completed,online,2025-04-03,NO
2047,7433,114841,498.49,completed,online,2025-04-03,NO
1741,4278,114906,183.12,completed,online,2025-04-03,NO
4104,23823,115113,1095.48,completed,online,2025-04-03,NO
3532,31103,115154,973.16,failed,online,2025-04-03,NO
1264,8993,119478,898.86,failed,online,2025-04-03,NO
435,36328,119589,997.73,failed,online,2025-04-03,NO
1238,9311,120036,1559.09,failed,online,2025-04-03,NO
4914,28121,120464,180.55,failed,online,2025-04-03,NO
3852,11984,124637,1337.77,failed,online,2025-04-03,NO
3408,18413,125999,208.35,failed,online,2025-04-03,NO
4817,37763,126490,11.33,completed,online,2025-04-03,NO
1482,13765,134900,1762.73,failed,online,2025-04-03,NO
713,42380,137076,975.85,failed,online,2025-04-03,NO
473,37402,139780,55.46,failed,online,2025-04-03,NO
269,20217,140313,1065.79,failed,online,2025-04-03,NO
647,41741,141271,1594.49,failed,online,2025-04-03,NO
1580,48931,141340,769.43,failed,online,2025-04-03,NO
1,41751,143176,658.6,completed,online,2025-04-03,NO
1,20467,146804,1796.82,completed,online,2025-04-03,NO
829,21791,147727,1864.47,completed,online,2025-04-03,NO
3635,34521,148310,1150.89,failed,online,2025-04-03,NO
4732,42369,2086,565.97,failed,online,2025-08-22,NO
4482,13410,3596,1690.71,failed,online,2025-08-22,NO
3444,18128,4901,908.1,completed,online,2025-08-22,NO
2937,10362,6915,102.12,failed,online,2025-08-22,NO
3610,13209,12486,884.61,failed,online,2025-08-22,NO
782,3204,12503,579.2,completed,online,2025-08-22,NO
1,13285,13818,1966.3,failed,online,2025-08-22,NO
1,21210,16740,513.0,completed,online,2025-08-22,NO
3228,15510,17479,1113.24,failed,online,2025-08-22,NO
30,20726,20608,586.12,completed,online,2025-08-22,NO
1,15403,21441,217.51,failed,online,2025-08-22,NO
1,24716,22334,649.43,completed,online,2025-08-22,NO
1,34139,22407,1642.82,failed,online,2025-08-22,NO
1912,26831,22676,244.14,completed,online,2025-08-22,NO
1,33530,23225,441.63,completed,online,2025-08-22,NO
496,33599,24117,1977.72,completed,online,2025-08-22,NO
3959,44067,24886,220.81,failed,online,2025-08-22,NO
1,28005,25012,1486.0,completed,online,2025-08-22,NO
131,27057,26041,390.04,failed,online,2025-08-22,NO
624,19076,26234,62.09,completed,online,2025-08-22,NO
192,23949,27893,42.28,failed,online,2025-08-22,NO
2237,625,34262,1857.92,completed,online,2025-08-22,NO
3273,13591,35484,595.71,failed,online,2025-08-22,NO
1,26734,36227,274.61,failed,online,2025-08-22,NO
88,25073,36636,1565.0,completed,online,2025-08-22,NO
1,33064,37945,1798.36,completed,online,2025-08-22,NO
1,7912,38043,61.72,failed,online,2025-08-22,NO
2982,44362,38429,1790.12,failed,online,2025-08-22,NO
3204,37025,38618,1987.39,completed,online,2025-08-22,NO
497,24746,43850,383.63,failed,online,2025-08-22,NO
1872,9690,44191,1854.55,completed,online,2025-08-22,NO
3954,8336,44535,535.68,completed,online,2025-08-22,NO
1,40175,47437,878.19,completed,online,2025-08-22,NO
1898,33969,48709,439.64,failed,online,2025-08-22,NO
4420,2056,48877,483.51,completed,online,2025-08-22,NO
4894,1462,49199,1699.94,completed,online,2025-08-22,NO
3060,4235,49469,92.38,failed,online,2025-08-22,NO
517,30699,54903,1221.99,completed,online,2025-08-22,NO
2732,13464,60279,350.59,completed,online,2025-08-22,NO
2380,31073,62802,1681.26,completed,online,2025-08-22,NO
4123,28663,63326,1925.63,completed,online,2025-08-22,NO
1494,45401,65002,838.59,failed,online,2025-08-22,NO
1,19262,67202,250.11,failed,online,2025-08-22,NO
1213,8399,67923,1220.39,completed,online,2025-08-22,NO
1,33165,69025,915.29,failed,online,2025-08-22,NO
1,27489,70759,517.98,failed,online,2025-08-22,NO
1,35701,70796,525.15,completed,online,2025-08-22,NO
4304,43714,77718,921.52,failed,online,2025-08-22,NO
1188,42777,78123,6099.020896066555,completed,online,2025-08-22,NO
1,25796,78587,1263.37,completed,online,2025-08-22,NO
2082,17787,79651,526.06,failed,online,2025-08-22,NO
1,7756,80585,92.78,failed,online,2025-08-22,NO
1698,23075,85803,675.62,failed,online,2025-08-22,NO
4059,20294,86972,74.01,failed,online,2025-08-22,NO
270,12949,92054,800.94,failed,online,2025-08-22,NO
1467,19651,95299,1291.92,completed,UNKNOWN,2025-08-22,NO
1,22694,97000,218.8,completed,online,2025-08-22,NO
3117,1939,97716,1502.84,completed,online,2025-08-22,NO
2017,34980,99286,1660.89,failed,online,2025-08-22,NO
720,4822,99673,1273.38,completed,online,2025-08-22,NO
2922,46877,99855,459.81,completed,online,2025-08-22,NO
272,25328,101146,935.52,failed,online,2025-08-22,NO
4568,29016,101809,126.03,completed,online,2025-08-22,NO
1,7400,106143,584.97,failed,online,2025-08-22,NO
1251,20575,107226,440.63,failed,online,2025-08-22,NO
1,47427,107636,694.69,completed,online,2025-08-22,NO
52,14890,112685,662.18,failed,online,2025-08-22,NO
2767,17328,114329,14.79,completed,online,2025-08-22,NO
1235,20260,115128,942.37,completed,online,2025-08-22,NO
1,9599,118307,65.95,failed,online,2025-08-22,NO
4613,49844,118875,808.23,failed,online,2025-08-22,NO
317,17640,120152,430.94,completed,online,2025-08-22,NO
1,1907,124145,1872.25,failed,online,2025-08-22,NO
4222,21253,124958,1173.76,completed,online,2025-08-22,NO
1941,39718,126014,1882.77,failed,online,2025-08-22,NO
1,4865,127232,1880.47,failed,online,2025-08-22,NO
1616,16944,127330,286.39,failed,online,2025-08-22,NO
1,6913,129233,1680.41,failed,online,2025-08-22,NO
1483,42135,133001,1378.87,failed,online,2025-08-22,NO
2985,13099,135565,1230.51,completed,online,2025-08-22,NO
4351,17296,137639,366.78,completed,online,2025-08-22,NO
1,26840,138787,1960.6,completed,online,2025-08-22,NO
1935,15261,139455,1258.83,failed,online,2025-08-22,NO
1,12427,145769,1873.36,failed,online,2025-08-22,NO
1,29342,148546,815.56,completed,online,2025-08-22,NO
4057,41391,4709,1177.75,completed,online,2025-10-28,NO
1650,21241,5366,749.23,completed,UNKNOWN,2025-10-28,NO
1211,42677,10700,848.3,failed,online,2025-10-28,NO
1,5003,12739,499.16,completed,online,2025-10-28,NO
3011,37818,14121,459.75,completed,online,2025-10-28,NO
4376,15195,15181,1957.55,completed,online,2025-10-28,NO
551,25827,16479,924.59,failed,online,2025-10-28,NO
1948,18342,18928,1298.32,completed,online,2025-10-28,NO
204,46240,19342,1270.55,completed,online,2025-10-28,NO
2028,6193,21692,392.39,failed,online,2025-10-28,NO
2532,49002,24626,1708.29,completed,online,2025-10-28,NO
975,1635,24665,159.88,completed,online,2025-10-28,NO
513,47969,29227,1146.04,failed,online,2025-10-28,NO
4782,47776,29551,1819.36,failed,online,2025-10-28,NO
150,29840,30461,607.39,completed,online,2025-10-28,NO
2938,22880,30929,810.24,failed,online,2025-10-28,NO
823,46378,31584,1401.55,failed,online,2025-10-28,NO
3471,47715,34632,1083.03,completed,online,2025-10-28,NO
4804,40405,35157,937.6,completed,online,2025-10-28,NO
4342,7494,35372,730.34,completed,online,2025-10-28,NO
576,35197,35981,175.84,failed,online,2025-10-28,NO
2956,20690,36390,1894.21,failed,online,2025-10-28,NO
3163,7281,39024,1152.99,failed,online,2025-10-28,NO
3626,20164,41734,1286.38,failed,online,2025-10-28,NO
2053,40369,43207,1547.71,completed,online,2025-10-28,NO
552,1132,49750,1286.33,failed,online,2025-10-28,NO
728,1143,50148,1687.62,failed,online,2025-10-28,NO
1435,23823,52372,1118.8,failed,online,2025-10-28,NO
3305,15959,56040,1560.61,completed,online,2025-10-28,NO
1,3057,66072,1780.68,completed,online,2025-10-28,NO
1375,13166,67815,1673.61,failed,online,2025-10-28,NO
3123,5619,68841,329.76,failed,online,2025-10-28,NO
4056,3755,72462,750.57,failed,online,2025-10-28,NO
1,40287,72634,466.74,completed,online,2025-10-28,NO
2673,7313,72825,935.17,failed,online,2025-10-28,NO
910,30213,73563,785.41,completed,online,2025-10-28,NO
4945,6221,75443,518.92,completed,online,2025-10-28,NO
2049,23903,76670,1606.84,failed,online,2025-10-28,NO
1695,45290,77153,456.24,completed,online,2025-10-28,NO
2058,15377,78299,1218.54,completed,online,2025-10-28,NO
3764,31060,79295,1998.05,failed,online,2025-10-28,NO
3245,2857,79582,1262.07,failed,online,2025-10-28,NO
1931,13386,80262,1208.18,completed,online,2025-10-28,NO
1,20960,80724,611.4,completed,online,2025-10-28,NO
1,22020,89875,128.85,completed,online,2025-10-28,NO
4991,23937,93198,1930.31,failed,online,2025-10-28,NO
2279,15380,94305,404.72,failed,online,2025-10-28,NO
2178,12414,94363,1143.96,failed,online,2025-10-28,NO
1560,32302,96127,1197.37,failed,online,2025-10-28,NO
2015,6824,98630,714.54,failed,online,2025-10-28,NO
1,40051,100854,1163.76,completed,online,2025-10-28,NO
1510,34585,101886,1460.09,completed,online,2025-10-28,NO
4774,11978,105881,1517.49,failed,online,2025-10-28,NO
4769,39227,106136,1241.32,completed,online,2025-10-28,NO
3267,45307,113289,226.57,completed,online,2025-10-28,NO
4476,22657,115079,1311.47,failed,online,2025-10-28,NO
446,6071,115507,1414.98,completed,online,2025-10-28,NO
1,31857,117625,1058.82,completed,online,2025-10-28,NO
1485,28341,118452,800.85,failed,online,2025-10-28,NO
1,29988,119735,1683.75,completed,online,2025-10-28,NO
209,14589,120982,166.55,completed,UNKNOWN,2025-10-28,NO
4252,28841,121573,531.63,failed,online,2025-10-28,NO
1,48326,122621,578.22,failed,online,2025-10-28,NO
852,46008,124789,1196.74,failed,online,2025-10-28,NO
1,18200,124938,496.62,completed,online,2025-10-28,NO
867,47395,124945,1900.1,completed,online,2025-10-28,NO
4885,47223,126764,1981.19,completed,online,2025-10-28,NO
4488,18338,126853,1599.68,completed,online,2025-10-28,NO
4214,21361,132805,857.87,completed,online,2025-10-28,NO
3414,2941,133216,1078.89,failed,online,2025-10-28,NO
1063,42615,134091,1648.05,completed,online,2025-10-28,NO
4544,35863,135538,1075.53,failed,online,2025-10-28,NO
1871,46280,137886,490.19,failed,online,2025-10-28,NO
1542,16806,139372,1898.75,failed,online,2025-10-28,NO
470,14894,140099,906.96,completed,online,2025-10-28,NO
2250,16166,140111,1879.46,failed,online,2025-10-28,NO
2920,18656,141348,1245.16,failed,online,2025-10-28,NO
4485,27414,142050,923.06,completed,online,2025-10-28,NO
1,38256,143498,1722.82,completed,online,2025-10-28,NO
3630,12680,143839,456.2,completed,online,2025-10-28,NO
3675,11478,144464,330.74,completed,online,2025-10-28,NO
1,2136,146666,1658.04,failed,online,2025-10-28,NO
1532,41902,147261,684.92,failed,online,2025-10-28,NO
4792,19092,931,750.14,completed,online,2025-02-02,NO
4410,43089,4663,865.16,failed,online,2025-02-02,NO
1,31599,4766,1314.64,failed,online,2025-02-02,NO
3886,34974,8484,54.54,completed,online,2025-02-02,NO
4843,45960,9493,399.07,failed,online,2025-02-02,NO
1484,49722,10434,1948.69,completed,online,2025-02-02,NO
3554,24410,11568,1584.48,completed,online,2025-02-02,NO
3551,26639,13381,1077.0,failed,online,2025-02-02,NO
560,7498,13615,471.46,failed,online,2025-02-02,NO
4248,24174,14671,1477.43,failed,online,2025-02-02,NO
1,39529,16327,1839.12,completed,online,2025-02-02,NO
4263,5135,17535,1200.47,failed,online,2025-02-02,NO
3255,42271,20523,457.45,completed,online,2025-02-02,NO
2990,4699,21138,1273.16,failed,online,2025-02-02,NO
2867,511,21966,1614.0,completed,online,2025-02-02,NO
1,14663,22029,1280.85,completed,online,2025-02-02,NO
4567,7578,23940,86.71,failed,online,2025-02-02,NO
3741,28430,24662,937.59,failed,online,2025-02-02,NO
2837,43578,25861,123.27,completed,online,2025-02-02,NO
2560,14811,29812,1028.71,failed,online,2025-02-02,NO
2631,32900,32845,1877.53,completed,online,2025-02-02,NO
4296,3899,33505,1594.11,failed,online,2025-02-02,NO
4492,31367,36286,715.39,failed,online,2025-02-02,NO
4989,45720,37634,1357.19,failed,online,2025-02-02,NO
3651,24709,40577,936.24,completed,online,2025-02-02,NO
3133,49883,48423,1061.2,failed,online,2025-02-02,NO
3719,30144,49872,170.21,failed,online,2025-02-02,NO
2790,29825,50007,1671.14,failed,online,2025-02-02,NO
2006,41134,52641,888.71,completed,online,2025-02-02,NO
1,37535,53407,1122.49,completed,online,2025-02-02,NO
3383,40319,61803,1073.28,failed,online,2025-02-02,NO
279,395,62518,378.82,failed,online,2025-02-02,NO
1,29650,62764,908.98,completed,online,2025-02-02,NO
1388,40680,65316,1377.26,completed,online,2025-02-02,NO
3600,8356,67313,456.21,completed,online,2025-02-02,NO
287,6669,69136,1223.39,failed,online,2025-02-02,NO
1,24257,69379,1277.81,failed,online,2025-02-02,NO
1,27521,71263,332.6,failed,online,2025-02-02,NO
1,49532,73348,1954.65,completed,online,2025-02-02,NO
3066,29453,74974,1438.67,completed,online,2025-02-02,NO
1598,41561,76063,1152.55,completed,online,2025-02-02,NO
2733,11832,77126,1702.67,completed,online,2025-02-02,NO
4406,47170,77261,752.31,failed,online,2025-02-02,NO
449,49254,77504,108.11,completed,online,2025-02-02,NO
3510,44376,84583,126.2,failed,online,2025-02-02,NO
1,35919,85961,36.28,failed,online,2025-02-02,NO
4936,47483,87007,866.07,completed,online,2025-02-02,NO
1,4394,92641,1142.46,failed,online,2025-02-02,NO
3123,23222,92854,1084.21,completed,online,2025-02-02,NO
4555,29275,94559,36.21,completed,online,2025-02-02,NO
1613,38169,96286,642.32,completed,online,2025-02-02,NO
4976,1179,97002,1997.33,failed,online,2025-02-02,NO
1069,29648,97585,1212.31,failed,online,2025-02-02,NO
1,24538,103973,231.02,completed,online,2025-02-02,NO
2037,40328,104694,833.55,failed,online,2025-02-02,NO
3298,46253,106840,204.81,completed,online,2025-02-02,NO
1011,19007,110320,259.33,failed,online,2025-02-02,NO
1,29832,113675,840.69,failed,online,2025-02-02,NO
407,4153,113799,700.15,completed,online,2025-02-02,NO
4363,16882,114338,1868.45,failed,online,2025-02-02,NO
2530,36835,115742,1438.78,failed,online,2025-02-02,NO
3825,1302,116055,156.53,failed,online,2025-02-02,NO
1,47415,116498,1322.36,failed,online,2025-02-02,NO
4105,32289,118898,904.21,completed,online,2025-02-02,NO
1513,1210,122021,138.56,failed,online,2025-02-02,NO
4768,197,124613,1920.07,completed,online,2025-02-02,NO
1,5416,126483,1168.69,completed,online,2025-02-02,NO
963,1917,129463,410.88,completed,online,2025-02-02,NO
3071,47983,130130,1990.5,failed,online,2025-02-02,NO
3640,27215,130919,1596.38,failed,online,2025-02-02,NO
1,46052,131805,576.72,failed,online,2025-02-02,NO
1588,11343,132767,1474.44,completed,online,2025-02-02,NO
3836,7059,135968,1597.23,completed,online,2025-02-02,NO
3965,29862,136393,494.47,failed,online,2025-02-02,NO
3257,702,137539,814.13,failed,online,2025-02-02,NO
757,39975,137562,977.87,completed,online,2025-02-02,NO
1249,39980,139157,382.99,completed,online,2025-02-02,NO
1,44483,141274,1124.6,completed,online,2025-02-02,NO
1,30244,143364,1761.78,completed,online,2025-02-02,NO
2670,26306,143963,1844.42,failed,online,2025-02-02,NO
3174,15153,145653,1825.38,completed,online,2025-02-02,NO
3971,15125,145671,1746.43,completed,online,2025-02-02,NO
1,46357,146638,1746.42,completed,online,2025-02-02,NO
241,36280,147548,240.38,failed,online,2025-02-02,NO
1288,49667,95,961.3,completed,online,2025-01-03,NO
467,16266,2552,86.74,failed,online,2025-01-03,NO
1676,27136,3530,1397.57,completed,online,2025-01-03,NO
447,29256,5671,525.97,failed,online,2025-01-03,NO
1,28321,6858,893.3,failed,online,2025-01-03,NO
2789,23114,8180,1865.14,completed,online,2025-01-03,NO
1735,5163,9949,1364.81,failed,online,2025-01-03,NO
3616,34132,12133,461.77,completed,online,2025-01-03,NO
1,13495,12844,1946.18,failed,online,2025-01-03,NO
3407,32131,15611,1712.07,completed,online,2025-01-03,NO
115,23232,16579,1990.73,completed,online,2025-01-03,NO
697,38904,18602,1961.93,completed,online,2025-01-03,NO
3044,45557,19221,617.76,completed,online,2025-01-03,NO
3386,3647,19644,1731.53,failed,online,2025-01-03,NO
42,46947,20169,1701.58,completed,online,2025-01-03,NO
2535,14193,21526,1250.9,failed,online,2025-01-03,NO
808,47649,24261,830.57,failed,online,2025-01-03,NO
1,3668,25770,1957.49,completed,online,2025-01-03,NO
2591,29579,34319,35.75,failed,online,2025-01-03,NO
2526,25060,37708,528.6,completed,online,2025-01-03,NO
227,11731,37907,1721.29,failed,online,2025-01-03,NO
3327,17318,38023,1695.12,completed,online,2025-01-03,NO
160,24331,38560,1175.14,completed,online,2025-01-03,NO
3734,958,42299,315.31,completed,online,2025-01-03,NO
1924,7579,42521,759.76,completed,online,2025-01-03,NO
4484,35710,43560,1701.27,completed,online,2025-01-03,NO
2398,17282,44506,913.34,failed,online,2025-01-03,NO
4827,9909,45351,164.17,completed,online,2025-01-03,NO
2649,39972,45462,1093.45,failed,online,2025-01-03,NO
1,43284,48474,614.73,failed,online,2025-01-03,NO
4591,14273,49395,1557.69,failed,online,2025-01-03,NO
817,21639,52374,548.8,completed,online,2025-01-03,NO
2688,36560,52436,709.36,completed,online,2025-01-03,NO
2710,46742,60594,1785.19,completed,online,2025-01-03,NO
3560,15663,65801,1649.14,completed,online,2025-01-03,NO
4366,2645,69321,1571.37,completed,online,2025-01-03,NO
1,34259,70102,957.26,failed,online,2025-01-03,NO
1,5006,70217,685.66,failed,online,2025-01-03,NO
4562,36102,71494,1570.28,completed,online,2025-01-03,NO
1,45686,72672,1567.91,completed,online,2025-01-03,NO
1021,43472,79733,367.72,failed,online,2025-01-03,NO
1690,43867,80853,9746.637329340452,completed,online,2025-01-03,NO
1855,49534,80986,1731.63,completed,online,2025-01-03,NO
1190,2114,81503,546.59,completed,online,2025-01-03,NO
1,28427,82630,777.78,completed,online,2025-01-03,NO
705,38738,82729,1391.59,failed,online,2025-01-03,NO
1,49146,84030,1266.82,failed,online,2025-01-03,NO
937,17210,85629,1439.0,failed,online,2025-01-03,NO
3565,16046,89895,1107.86,failed,online,2025-01-03,NO
4750,13915,96048,1185.51,completed,online,2025-01-03,NO
1281,923,99728,446.0,completed,online,2025-01-03,NO
3038,36287,100893,417.78,completed,online,2025-01-03,NO
3229,1332,100896,1334.29,failed,online,2025-01-03,NO
3400,47877,101993,555.66,completed,online,2025-01-03,NO
3169,34569,103974,704.3,completed,online,2025-01-03,NO
1961,26792,104386,1472.64,completed,online,2025-01-03,NO
2798,20557,105104,1196.57,failed,online,2025-01-03,NO
548,7068,106882,953.05,completed,online,2025-01-03,NO
3468,8237,108288,1683.02,completed,online,2025-01-03,NO
1067,1409,109988,443.01,completed,online,2025-01-03,NO
3858,21941,113609,1781.61,failed,online,2025-01-03,NO
2029,7612,114443,354.19,failed,online,2025-01-03,NO
1062,21133,115979,921.98,failed,online,2025-01-03,NO
4512,35659,116190,818.66,completed,online,2025-01-03,NO
1820,3659,116212,295.31,completed,online,2025-01-03,NO
553,28222,119978,1633.65,completed,online,2025-01-03,NO
39,10424,120050,983.25,failed,online,2025-01-03,NO
1,42950,121612,125.31,completed,online,2025-01-03,NO
4136,20282,122059,1947.79,completed,online,2025-01-03,NO
2784,34737,123902,1841.34,failed,online,2025-01-03,NO
481,32314,125358,577.29,completed,online,2025-01-03,NO
4604,34778,126895,794.86,failed,online,2025-01-03,NO
2500,38311,128842,345.36,failed,online,2025-01-03,NO
3292,36214,130085,1000.71,completed,online,2025-01-03,NO
3152,19977,131304,548.73,completed,online,2025-01-03,NO
2213,48601,131745,976.75,failed,online,2025-01-03,NO
4362,27996,131958,1386.76,failed,online,2025-01-03,NO
439,12070,136191,360.84,failed,online,2025-01-03,NO
2567,31497,137416,1056.8,failed,online,2025-01-03,NO
1,34962,137888,1162.22,failed,online,2025-01-03,NO
1881,49239,138582,1974.42,completed,online,2025-01-03,NO
1336,35512,145436,1265.23,completed,online,2025-01-03,NO
1,34174,145607,161.23,failed,online,2025-01-03,NO
4721,43406,163,149.52,completed,online,2025-06-26,NO
2963,28853,1050,1784.86,failed,online,2025-06-26,NO
3663,9758,6436,968.23,completed,online,2025-06-26,NO
3545,15417,11771,570.73,completed,online,2025-06-26,NO
1,28779,17209,1879.47,failed,online,2025-06-26,NO
1,12781,21605,1677.7,completed,online,2025-06-26,NO
4803,30780,22472,19.6,completed,online,2025-06-26,NO
3469,13720,23466,1460.49,failed,online,2025-06-26,NO
4575,18465,26399,225.8,completed,online,2025-06-26,NO
2979,29327,27198,1685.23,completed,online,2025-06-26,NO
118,36524,29188,1585.06,failed,online,2025-06-26,NO
1,14565,30193,1269.97,failed,online,2025-06-26,NO
3111,37943,30637,363.81,completed,online,2025-06-26,NO
1702,4034,31137,1544.92,completed,online,2025-06-26,NO
3116,20777,35192,84.89,completed,online,2025-06-26,NO
3770,15111,35438,788.23,failed,online,2025-06-26,NO
2903,1097,36076,954.03,completed,online,2025-06-26,NO
3913,30813,39399,79.59,completed,online,2025-06-26,NO
4049,10538,40466,1901.44,completed,online,2025-06-26,NO
495,38227,40545,805.68,failed,online,2025-06-26,NO
1,38257,42092,313.14,completed,online,2025-06-26,NO
538,37385,44172,395.81,failed,online,2025-06-26,NO
4385,19943,48648,428.53,completed,online,2025-06-26,NO
3506,23972,51006,611.07,completed,online,2025-06-26,NO
2292,4213,52532,1742.9,completed,online,2025-06-26,NO
2323,39264,52540,1287.22,completed,online,2025-06-26,NO
33,44842,54565,726.43,failed,online,2025-06-26,NO
3265,47347,57057,137.54,failed,online,2025-06-26,NO
3416,33052,58399,311.08,completed,online,2025-06-26,NO
2679,49826,58421,1129.67,completed,online,2025-06-26,NO
890,2522,60377,1188.04,failed,online,2025-06-26,NO
4064,36643,62042,1236.6,failed,online,2025-06-26,NO
1,44621,62455,946.65,completed,online,2025-06-26,NO
3103,48961,62933,1142.61,completed,online,2025-06-26,NO
4577,24094,67219,1563.62,failed,online,2025-06-26,NO
1,25054,71123,1629.75,failed,online,2025-06-26,NO
1641,5904,71359,1492.22,failed,online,2025-06-26,NO
404,30441,71534,265.21,completed,online,2025-06-26,NO
4365,8542,75788,5598.551543459833,failed,online,2025-06-26,NO
1397,6288,79137,487.43,failed,online,2025-06-26,NO
3489,28290,79594,1937.07,completed,online,2025-06-26,NO
2505,4032,81343,293.47,failed,online,2025-06-26,NO
2954,795,82098,91.57,failed,online,2025-06-26,NO
872,16597,85003,1581.27,failed,online,2025-06-26,NO
2342,24904,86184,962.69,completed,online,2025-06-26,NO
2939,9534,86783,299.85,completed,online,2025-06-26,NO
1,3576,87037,1103.12,completed,online,2025-06-26,NO
686,7385,87268,967.46,failed,online,2025-06-26,NO
3764,48312,87802,622.57,completed,online,2025-06-26,NO
4805,35884,88168,544.54,failed,online,2025-06-26,NO
1,34186,89250,242.5,failed,online,2025-06-26,NO
3932,6977,95013,1348.03,failed,online,2025-06-26,NO
768,10949,97301,580.06,failed,online,2025-06-26,NO
1,14093,98421,1525.6,failed,online,2025-06-26,NO
1812,14790,99749,984.34,failed,online,2025-06-26,NO
85,43898,100844,931.23,completed,online,2025-06-26,NO
2036,17884,101491,439.0,failed,UNKNOWN,2025-06-26,NO
3032,40267,102095,79.64,failed,online,2025-06-26,NO
884,19202,103813,1173.57,completed,online,2025-06-26,NO
1208,26042,109485,1674.92,failed,online,2025-06-26,NO
3327,29166,112437,1900.35,failed,online,2025-06-26,NO
1703,43245,114122,1309.63,completed,online,2025-06-26,NO
4642,42527,114777,694.86,completed,online,2025-06-26,NO
1,36727,117212,537.5,failed,online,2025-06-26,NO
1,44512,117292,1801.43,completed,online,2025-06-26,NO
1,33065,117484,575.56,failed,online,2025-06-26,NO
2621,1053,119343,1806.22,completed,online,2025-06-26,NO
2184,17329,120972,59.81,failed,online,2025-06-26,NO
2027,38535,122049,1991.09,failed,online,2025-06-26,NO
1,35430,122285,900.55,failed,online,2025-06-26,NO
2704,35056,123881,208.1,completed,online,2025-06-26,NO
2930,8165,127711,769.63,failed,online,2025-06-26,NO
4864,40528,130104,1921.62,failed,online,2025-06-26,NO
2669,17645,131374,1112.49,failed,online,2025-06-26,NO
144,5744,132684,1416.27,completed,online,2025-06-26,NO
1,23607,137437,1989.91,failed,online,2025-06-26,NO
1,3523,137834,110.76,completed,online,2025-06-26,NO
2948,39701,139938,1278.69,failed,online,2025-06-26,NO
1,11096,140239,1767.29,failed,online,2025-06-26,NO
3678,18164,141647,1167.97,completed,online,2025-06-26,NO
734,18675,142955,1740.63,failed,online,2025-06-26,NO
1050,13563,145067,1278.26,failed,online,2025-06-26,NO
2548,15951,145187,766.5,completed,online,2025-06-26,NO
4011,17844,145798,1895.42,failed,online,2025-06-26,NO
4674,42414,2205,1725.82,completed,online,2025-10-05,NO
3960,4255,2272,1921.01,completed,online,2025-10-05,NO
687,38223,3129,1661.47,failed,online,2025-10-05,NO
2308,37329,4511,881.43,completed,online,2025-10-05,NO
3524,2200,4576,1346.26,failed,online,2025-10-05,NO
3711,45980,6389,829.23,failed,online,2025-10-05,NO
4775,58,6471,1137.05,failed,online,2025-10-05,NO
1987,7588,7750,857.36,completed,online,2025-10-05,NO
1,18942,9069,453.87,failed,online,2025-10-05,NO
2715,42336,9125,1998.33,completed,online,2025-10-05,NO
1536,4074,9604,689.66,completed,online,2025-10-05,NO
1,17361,10850,342.69,completed,online,2025-10-05,NO
2571,21735,11301,1665.88,completed,online,2025-10-05,NO
1880,45507,18709,671.12,completed,online,2025-10-05,NO
4712,32653,22008,1440.21,failed,online,2025-10-05,NO
1,38459,22611,78.18,failed,online,2025-10-05,NO
3130,40892,26535,1188.99,completed,online,2025-10-05,NO
4429,4552,27715,1633.95,failed,online,2025-10-05,NO
858,39037,28853,848.39,failed,online,2025-10-05,NO
3917,29387,30476,1372.09,failed,online,2025-10-05,NO
263,23491,32708,48.85,failed,online,2025-10-05,NO
4784,1009,33806,670.35,completed,online,2025-10-05,NO
1,48286,34520,1060.42,completed,online,2025-10-05,NO
4202,40917,35201,1720.67,completed,online,2025-10-05,NO
1657,16379,37058,1311.37,failed,online,2025-10-05,NO
3836,20020,37147,627.97,completed,online,2025-10-05,NO
3091,36506,40396,1286.12,completed,online,2025-10-05,NO
4647,31180,40942,254.59,completed,online,2025-10-05,NO
1,3449,43517,1814.38,failed,online,2025-10-05,NO
1,11957,44130,307.97,completed,online,2025-10-05,NO
1159,983,44826,66.95,failed,online,2025-10-05,NO
1,40617,46526,1029.62,failed,online,2025-10-05,NO
2947,24415,47191,1012.68,failed,online,2025-10-05,NO
1,12414,48851,1250.3,failed,online,2025-10-05,NO
1208,5827,49112,1596.16,completed,online,2025-10-05,NO
3230,47615,55513,177.41,completed,online,2025-10-05,NO
4591,15454,57592,469.79,completed,online,2025-10-05,NO
4730,29136,58291,151.95,failed,online,2025-10-05,NO
2842,13380,64318,1687.08,failed,online,2025-10-05,NO
4936,38501,65352,301.01,failed,online,2025-10-05,NO
4067,31690,68602,804.58,failed,online,2025-10-05,NO
3138,49955,68684,1463.74,completed,online,2025-10-05,NO
3645,2013,70610,857.32,completed,online,2025-10-05,NO
2369,39388,71191,1721.49,completed,online,2025-10-05,NO
1968,21550,71674,1115.67,failed,online,2025-10-05,NO
1,21848,73617,1029.41,completed,online,2025-10-05,NO
1001,23003,73659,1594.85,failed,online,2025-10-05,NO
97,30042,75536,1090.41,completed,online,2025-10-05,NO
1,8598,75547,1253.27,failed,online,2025-10-05,NO
4129,17804,77576,1836.17,failed,UNKNOWN,2025-10-05,NO
3512,47175,86964,1645.58,failed,online,2025-10-05,NO
3408,15660,88366,1679.92,failed,online,2025-10-05,NO
1549,36442,88525,1801.79,completed,online,2025-10-05,NO
2782,11599,89004,1189.42,failed,online,2025-10-05,NO
4311,41471,94179,1303.41,completed,online,2025-10-05,NO
2439,37381,96203,614.46,failed,online,2025-10-05,NO
3135,28490,96717,1060.37,completed,online,2025-10-05,NO
505,8681,97997,188.6,failed,online,2025-10-05,NO
1406,24403,98107,1886.99,completed,online,2025-10-05,NO
4610,5534,98783,1244.19,completed,online,2025-10-05,NO
1467,10222,99965,1718.44,failed,online,2025-10-05,NO
1,17021,102111,150.0,failed,online,2025-10-05,NO
1460,18579,103586,109.66,completed,online,2025-10-05,NO
2249,26219,106697,1336.3,failed,online,2025-10-05,NO
379,35816,108701,220.09,failed,online,2025-10-05,NO
1,19630,108832,943.24,failed,online,2025-10-05,NO
2947,30668,109559,1706.14,completed,online,2025-10-05,NO
1,4822,111433,1567.38,failed,online,2025-10-05,NO
2039,13645,116046,915.1,failed,online,2025-10-05,NO
1551,12000,120492,181.51,failed,online,2025-10-05,NO
2649,40615,122560,8395.798741435425,completed,online,2025-10-05,NO
3142,32827,123675,1969.37,failed,online,2025-10-05,NO
1,25542,127333,691.86,failed,online,2025-10-05,NO
3241,8322,131145,567.42,failed,online,2025-10-05,NO
2987,13531,136734,1204.88,completed,online,2025-10-05,NO
644,33214,137065,1456.02,failed,online,2025-10-05,NO
937,32480,138669,1773.9,failed,online,2025-10-05,NO
1,18600,139263,477.5,failed,online,2025-10-05,NO
926,17804,139701,240.46,failed,online,2025-10-05,NO
4346,17090,140227,29.52,completed,online,2025-10-05,NO
1,28788,140379,48.49,completed,online,2025-10-05,NO
2214,39180,141427,1421.02,failed,online,2025-10-05,NO
2967,43573,142234,744.53,completed,online,2025-10-05,NO
2476,49406,146910,1709.6,completed,online,2025-10-05,NO
