product_id,customer_id,transaction_id,amount,status,channel,transaction_date,fraud_flag
1,44829,1415,1692.71,failed,online,2025-05-09,NO
3459,41217,2044,593.37,completed,online,2025-05-09,NO
4159,40697,2607,1125.56,completed,online,2025-05-09,NO
2685,23403,2638,859.33,completed,online,2025-05-09,NO
3310,49824,3306,177.43,failed,online,2025-05-09,NO
1,11934,3488,1706.96,failed,online,2025-05-09,NO
2007,45502,4923,92.21,failed,online,2025-05-09,NO
1937,21383,5930,549.6,failed,online,2025-05-09,NO
4098,3662,6705,1804.87,completed,online,2025-05-09,NO
1,48430,7786,672.7,completed,online,2025-05-09,NO
320,36496,14598,1413.64,failed,online,2025-05-09,NO
3021,293,14647,946.37,completed,online,2025-05-09,NO
422,46493,16328,1811.61,completed,online,2025-05-09,NO
2764,15517,16971,1906.79,completed,online,2025-05-09,NO
4437,24658,17154,69.19,completed,online,2025-05-09,NO
1,19212,17895,1885.39,failed,online,2025-05-09,NO
1,10940,19929,1100.56,failed,online,2025-05-09,NO
1927,14779,25452,129.88,failed,online,2025-05-09,NO
3495,32234,27111,1257.37,failed,online,2025-05-09,NO
1033,714,27745,1506.03,completed,online,2025-05-09,NO
1,12491,29084,1254.57,failed,online,2025-05-09,NO
2886,34359,32074,761.3,completed,online,2025-05-09,NO
4624,44602,39819,487.95,completed,online,2025-05-09,NO
3070,33314,40991,959.2,completed,online,2025-05-09,NO
1,40538,43274,1703.63,failed,online,2025-05-09,NO
2047,20166,43831,1647.98,completed,online,2025-05-09,NO
3777,48514,44292,1545.95,failed,online,2025-05-09,NO
3094,20979,44679,1228.29,completed,online,2025-05-09,NO
459,16675,47179,1135.33,failed,online,2025-05-09,NO
2264,34545,47588,569.99,failed,online,2025-05-09,NO
2874,26666,48941,905.95,completed,online,2025-05-09,NO
1341,38206,49653,1934.29,failed,online,2025-05-09,NO
1,45351,50568,425.75,failed,online,2025-05-09,NO
713,22435,51123,968.28,completed,online,2025-05-09,NO
1926,47825,51454,1868.55,completed,online,2025-05-09,NO
2483,48737,52672,948.31,completed,online,2025-05-09,NO
1,9250,53417,826.63,failed,online,2025-05-09,NO
4433,33275,55141,45.81,completed,online,2025-05-09,NO
3138,13554,56451,476.04,completed,online,2025-05-09,NO
4349,38158,58559,699.27,failed,online,2025-05-09,NO
3294,23249,58564,1355.75,failed,online,2025-05-09,NO
1396,41513,59818,281.78,failed,online,2025-05-09,NO
1,48603,62086,245.61,failed,online,2025-05-09,NO
4368,14509,65038,386.93,completed,online,2025-05-09,NO
1,40748,66824,1285.45,failed,online,2025-05-09,NO
590,7363,68068,1827.13,failed,online,2025-05-09,NO
4851,27897,68310,596.88,failed,online,2025-05-09,NO
2429,35310,70797,1215.82,failed,online,2025-05-09,NO
3279,23613,72771,1687.88,completed,online,2025-05-09,NO
1450,38268,75149,708.78,failed,online,2025-05-09,NO
78,39183,75962,410.36,failed,online,2025-05-09,NO
4085,22135,76164,1075.64,failed,online,2025-05-09,NO
267,29478,80274,1826.24,completed,online,2025-05-09,NO
49,25180,81445,1213.61,failed,online,2025-05-09,NO
1,28113,83084,36.85,completed,online,2025-05-09,NO
3366,38633,83427,1457.91,completed,online,2025-05-09,NO
3186,41868,85408,902.72,failed,online,2025-05-09,NO
1210,9248,86913,994.91,completed,online,2025-05-09,NO
917,40938,94268,851.49,failed,online,2025-05-09,NO
1570,31102,95459,1848.4,completed,UNKNOWN,2025-05-09,NO
1,18119,96261,1546.23,completed,online,2025-05-09,NO
1780,1360,99231,114.13,completed,online,2025-05-09,NO
3119,20709,99996,1189.18,failed,online,2025-05-09,NO
1953,17963,100291,1121.77,completed,online,2025-05-09,NO
253,10310,102455,1368.54,completed,online,2025-05-09,NO
3472,8795,104292,425.91,failed,online,2025-05-09,NO
866,25576,106511,1619.14,completed,online,2025-05-09,NO
2120,12274,107095,1828.09,failed,online,2025-05-09,NO
2238,17346,108581,1498.75,failed,online,2025-05-09,NO
2473,31858,109317,222.07,failed,online,2025-05-09,NO
3142,22028,109983,1894.49,failed,online,2025-05-09,NO
3347,9955,112134,604.67,failed,online,2025-05-09,NO
1408,34322,112758,12.52,failed,online,2025-05-09,NO
1,23497,113473,417.63,completed,online,2025-05-09,NO
2980,3421,113591,825.23,completed,online,2025-05-09,NO
2270,23678,113939,1647.99,completed,online,2025-05-09,NO
1,49625,116659,32.95,completed,online,2025-05-09,NO
4183,6648,117168,984.44,failed,online,2025-05-09,NO
4431,609,118332,611.04,failed,online,2025-05-09,NO
3559,48775,119882,28.21,failed,online,2025-05-09,NO
1,38868,124258,1629.89,failed,online,2025-05-09,NO
3821,9293,124743,648.58,failed,online,2025-05-09,NO
2349,14579,126152,694.7,completed,online,2025-05-09,NO
3232,9583,132663,616.13,completed,online,2025-05-09,NO
2917,14433,134120,779.13,completed,online,2025-05-09,NO
893,22,134951,1743.42,failed,online,2025-05-09,NO
1,3644,136453,879.07,completed,online,2025-05-09,NO
2212,46105,136521,1767.03,completed,online,2025-05-09,NO
2513,49824,139073,1305.3,completed,online,2025-05-09,NO
1,21871,141165,979.58,completed,online,2025-05-09,NO
3544,21915,142671,98.07,failed,online,2025-05-09,NO
4986,15496,143189,1595.22,failed,online,2025-05-09,NO
3382,24108,146369,310.99,failed,online,2025-05-09,NO
2286,49866,149286,443.45,completed,online,2025-05-09,NO
1344,2409,2914,751.64,completed,online,2025-01-31,NO
3070,15556,8893,1168.37,completed,online,2025-01-31,NO
700,13022,9324,91.58,failed,online,2025-01-31,NO
2513,13570,14302,23.53,completed,online,2025-01-31,NO
3013,19407,16316,1445.69,failed,online,2025-01-31,NO
1,32807,17966,770.69,failed,online,2025-01-31,NO
3173,4872,18750,1229.87,failed,online,2025-01-31,NO
4313,46198,20268,1390.02,completed,online,2025-01-31,NO
3838,44138,28374,1017.1,completed,online,2025-01-31,NO
2345,17639,30379,330.39,completed,online,2025-01-31,NO
2348,33937,35861,1540.93,failed,online,2025-01-31,NO
1,41708,36507,610.78,completed,online,2025-01-31,NO
11,37267,36661,1866.69,failed,online,2025-01-31,NO
896,5093,37790,1884.95,failed,online,2025-01-31,NO
2960,9662,39550,1997.0,completed,online,2025-01-31,NO
1147,47227,42373,100.02,completed,online,2025-01-31,NO
1568,25824,47406,1536.41,failed,UNKNOWN,2025-01-31,NO
853,43379,48737,559.83,failed,online,2025-01-31,NO
4072,16673,51100,361.71,completed,online,2025-01-31,NO
4565,25203,60012,1140.72,completed,online,2025-01-31,NO
54,17409,60217,1127.35,completed,online,2025-01-31,NO
1,12323,60385,1865.26,failed,online,2025-01-31,NO
4505,5980,60835,1670.38,completed,online,2025-01-31,NO
1,26560,60891,99.63,completed,online,2025-01-31,NO
4744,48054,65321,964.85,failed,online,2025-01-31,NO
422,3554,66760,1855.41,failed,online,2025-01-31,NO
940,38603,67305,262.24,failed,online,2025-01-31,NO
4847,40242,67474,1160.12,completed,online,2025-01-31,NO
1411,8113,67527,1606.27,completed,online,2025-01-31,NO
3344,43329,68606,1190.79,failed,online,2025-01-31,NO
3322,46824,70100,743.3,completed,online,2025-01-31,NO
1,37162,71425,468.26,completed,online,2025-01-31,NO
2558,32650,72488,1544.23,completed,online,2025-01-31,NO
454,43366,72993,226.1,completed,online,2025-01-31,NO
1,31937,74176,1157.45,completed,online,2025-01-31,NO
2302,35712,75416,301.86,failed,UNKNOWN,2025-01-31,NO
794,40426,77639,1587.17,failed,online,2025-01-31,NO
1936,22700,78834,169.38,completed,online,2025-01-31,NO
2037,35134,80848,556.31,completed,online,2025-01-31,NO
3798,33141,81511,1913.52,failed,online,2025-01-31,NO
4909,6480,82301,1926.68,failed,online,2025-01-31,NO
4751,35169,83449,1160.13,completed,online,2025-01-31,NO
3789,18049,83860,1220.02,completed,online,2025-01-31,NO
2532,22646,84744,803.38,completed,online,2025-01-31,NO
1,9162,84812,841.64,completed,online,2025-01-31,NO
1,4754,86673,1873.76,completed,online,2025-01-31,NO
303,22225,87511,1884.05,failed,online,2025-01-31,NO
1,27690,91784,1144.19,completed,online,2025-01-31,NO
3004,6010,92828,794.03,completed,online,2025-01-31,NO
556,8679,96972,5161.371102281028,failed,online,2025-01-31,NO
4524,4589,98395,1453.82,failed,online,2025-01-31,NO
3697,10302,99896,280.94,failed,online,2025-01-31,NO
116,6991,100337,1797.7,completed,online,2025-01-31,NO
1,39344,102300,853.12,completed,online,2025-01-31,NO
719,26008,104244,1911.21,failed,online,2025-01-31,NO
4300,19122,104545,1002.05,completed,online,2025-01-31,NO
4563,15692,105336,1885.49,failed,online,2025-01-31,NO
216,25852,109735,526.85,failed,online,2025-01-31,NO
833,32200,110753,182.4,failed,online,2025-01-31,NO
3624,43990,111893,1360.78,completed,online,2025-01-31,NO
1053,36676,112093,1429.45,failed,online,2025-01-31,NO
4822,41479,112680,564.75,completed,online,2025-01-31,NO
1,29281,113384,854.42,completed,online,2025-01-31,NO
883,35763,117406,1808.0,completed,online,2025-01-31,NO
1055,35534,117798,1971.42,completed,online,2025-01-31,NO
4229,29610,119142,218.71,completed,online,2025-01-31,NO
3941,22404,121678,1859.06,completed,online,2025-01-31,NO
3051,10683,124584,1592.36,failed,UNKNOWN,2025-01-31,NO
686,37433,127511,280.25,completed,online,2025-01-31,NO
569,32013,128323,314.06,failed,online,2025-01-31,NO
284,16828,128626,513.35,completed,online,2025-01-31,NO
1621,16708,129496,1972.66,completed,online,2025-01-31,NO
1671,45804,130652,1770.36,failed,online,2025-01-31,NO
1,3129,131706,335.82,completed,online,2025-01-31,NO
2239,38592,132732,860.46,completed,online,2025-01-31,NO
4825,5513,134924,998.72,failed,online,2025-01-31,NO
1976,49640,135963,1142.43,failed,online,2025-01-31,NO
1,18910,136340,1831.5,completed,online,2025-01-31,NO
3016,11385,136550,1436.91,completed,online,2025-01-31,NO
3246,44083,138816,1046.5,completed,online,2025-01-31,NO
2379,17907,140833,808.33,completed,online,2025-01-31,NO
1,19106,141334,98.55,completed,online,2025-01-31,NO
4515,17558,144128,1771.13,failed,online,2025-01-31,NO
1102,34892,144519,40.68,failed,online,2025-01-31,NO
1307,31559,144758,1147.03,completed,online,2025-01-31,NO
4843,12369,145348,1605.18,completed,online,2025-01-31,NO
215,10785,146366,757.6,completed,online,2025-01-31,NO
1162,18508,146865,1820.41,failed,online,2025-01-31,NO
3999,40222,147865,1948.46,failed,online,2025-01-31,NO
2777,4873,148779,444.37,completed,online,2025-01-31,NO
2462,40498,149593,890.92,completed,online,2025-01-31,NO
2567,45405,149610,79.97,completed,online,2025-01-31,NO
1250,19516,2274,50.95,failed,online,2025-04-15,NO
4128,15137,2860,1801.08,completed,online,2025-04-15,NO
1,40245,3233,178.83,failed,online,2025-04-15,NO
4312,16341,6726,447.88,failed,online,2025-04-15,NO
301,27101,8384,1757.15,failed,online,2025-04-15,NO
1007,19648,8630,1061.36,completed,online,2025-04-15,NO
1,41883,11051,235.24,completed,online,2025-04-15,NO
161,19750,12124,81.53,completed,online,2025-04-15,NO
833,19344,15981,946.4,failed,online,2025-04-15,NO
1,11862,16174,1247.7,completed,online,2025-04-15,NO
2983,45977,20172,543.75,completed,online,2025-04-15,NO
2867,10804,21070,996.83,failed,online,2025-04-15,NO
1313,25543,21627,297.27,completed,online,2025-04-15,NO
1,30145,22088,662.95,failed,online,2025-04-15,NO
4009,19404,23404,456.58,failed,online,2025-04-15,NO
3552,47338,23717,732.09,completed,online,2025-04-15,NO
4913,26707,27855,379.93,failed,online,2025-04-15,NO
2342,30765,30893,1789.05,completed,online,2025-04-15,NO
3439,7660,31544,1055.31,failed,online,2025-04-15,NO
3572,24885,34268,967.71,failed,online,2025-04-15,NO
4579,48494,35787,251.92,completed,online,2025-04-15,NO
3770,4160,36065,852.45,completed,online,2025-04-15,NO
4496,44154,37057,712.13,completed,online,2025-04-15,NO
2158,39659,37419,1089.28,failed,online,2025-04-15,NO
1,1672,39114,1573.64,completed,online,2025-04-15,NO
1647,903,41629,1196.48,failed,online,2025-04-15,NO
3642,41983,44254,362.26,completed,online,2025-04-15,NO
2917,22626,44520,27.35,completed,online,2025-04-15,NO
2448,39204,45007,1889.02,completed,online,2025-04-15,NO
4023,37070,45824,1795.69,completed,online,2025-04-15,NO
1,39418,47980,378.98,completed,online,2025-04-15,NO
214,40053,48516,58.42,completed,online,2025-04-15,NO
4814,43625,49341,1281.4,completed,online,2025-04-15,NO
1267,42154,49615,791.5,failed,online,2025-04-15,NO
4674,2996,50688,1467.71,failed,online,2025-04-15,NO
1808,5604,53493,1372.18,completed,online,2025-04-15,NO
1580,23749,54925,470.69,completed,online,2025-04-15,NO
1512,39814,54967,1616.25,completed,online,2025-04-15,NO
2541,24385,55208,1693.01,failed,UNKNOWN,2025-04-15,NO
1438,4388,57336,294.68,completed,online,2025-04-15,NO
1,42645,59061,1839.56,completed,online,2025-04-15,NO
746,6687,62833,304.05,failed,online,2025-04-15,NO
3017,17754,64858,241.09,completed,online,2025-04-15,NO
1,42822,65208,1237.92,completed,online,2025-04-15,NO
1937,15113,66161,1766.16,failed,online,2025-04-15,NO
1649,47054,70238,1958.1,failed,online,2025-04-15,NO
1209,48160,70399,1309.01,completed,online,2025-04-15,NO
3682,49581,71991,660.35,failed,online,2025-04-15,NO
3742,5371,73608,807.21,failed,online,2025-04-15,NO
1,44687,74408,1607.3,completed,online,2025-04-15,NO
4494,10596,76009,53.05,completed,UNKNOWN,2025-04-15,NO
3869,36523,76361,14.12,failed,online,2025-04-15,NO
786,3996,77506,422.7,completed,online,2025-04-15,NO
1687,44240,79087,419.94,failed,online,2025-04-15,NO
264,23428,81990,443.09,failed,online,2025-04-15,NO
1393,48897,82550,795.04,failed,online,2025-04-15,NO
1,15521,86267,964.43,completed,online,2025-04-15,NO
2360,12440,86446,444.89,failed,online,2025-04-15,NO
339,39411,86666,645.19,completed,online,2025-04-15,NO
4656,42575,88968,243.04,completed,online,2025-04-15,NO
3074,26343,88996,1478.3,completed,online,2025-04-15,NO
1,23889,90341,1711.4,completed,online,2025-04-15,NO
1,6900,90683,1094.75,failed,online,2025-04-15,NO
659,42361,91996,1408.76,completed,online,2025-04-15,NO
2864,39961,94288,1204.68,completed,online,2025-04-15,NO
1,968,102549,1482.11,failed,online,2025-04-15,NO
164,20795,104674,1821.43,completed,online,2025-04-15,NO
1272,4865,106044,452.55,completed,online,2025-04-15,NO
2226,14126,109642,1525.16,completed,online,2025-04-15,NO
2169,34241,113545,29.25,completed,online,2025-04-15,NO
695,21064,113569,1741.59,failed,online,2025-04-15,NO
1,44795,113935,664.93,completed,online,2025-04-15,NO
109,47008,114088,1935.26,completed,online,2025-04-15,NO
1,46590,117289,1019.25,failed,online,2025-04-15,NO
3684,27182,119571,625.5,completed,online,2025-04-15,NO
3692,29232,119625,1360.08,failed,online,2025-04-15,NO
1,19731,119995,778.92,completed,online,2025-04-15,NO
703,45138,122314,1289.56,completed,online,2025-04-15,NO
3934,39155,122977,1082.89,failed,online,2025-04-15,NO
3876,41705,123076,1079.02,completed,online,2025-04-15,NO
2899,38546,125663,1660.41,failed,online,2025-04-15,NO
1197,42961,126926,319.93,failed,online,2025-04-15,NO
1,11810,129099,1552.35,completed,online,2025-04-15,NO
2488,23942,131653,1268.91,failed,online,2025-04-15,NO
3269,13283,135739,1366.19,completed,online,2025-04-15,NO
2165,8895,138360,443.76,completed,online,2025-04-15,NO
2990,33937,138884,106.02,completed,online,2025-04-15,NO
1,24955,139619,1852.51,completed,online,2025-04-15,NO
4291,11992,144660,1577.19,completed,online,2025-04-15,NO
24,22962,145073,346.69,failed,online,2025-04-15,NO
322,16799,145821,15.46,completed,online,2025-04-15,NO
3390,33787,149577,725.57,failed,online,2025-04-15,NO
1087,36098,149677,1071.28,failed,online,2025-04-15,NO
2363,6555,64,1678.34,completed,online,2025-02-11,NO
1,9288,674,1642.02,completed,online,2025-02-11,NO
4277,1463,1155,48.13,completed,online,2025-02-11,NO
1,27586,1807,234.12,failed,online,2025-02-11,NO
1103,36566,6098,1535.66,completed,online,2025-02-11,NO
3147,24186,7028,1145.53,completed,online,2025-02-11,NO
1551,47614,8870,345.29,completed,online,2025-02-11,NO
2260,366,8941,916.8,failed,online,2025-02-11,NO
2721,16092,12037,963.51,completed,online,2025-02-11,NO
3581,45988,12259,404.47,completed,online,2025-02-11,NO
625,23586,12880,1113.69,completed,online,2025-02-11,NO
1754,16536,13453,995.9,failed,online,2025-02-11,NO
4850,29308,16545,519.65,completed,online,2025-02-11,NO
1610,42390,17160,1445.02,completed,online,2025-02-11,NO
1,18614,17455,1507.64,failed,online,2025-02-11,NO
469,39193,17821,1230.33,completed,online,2025-02-11,NO
3381,30101,19029,770.48,completed,online,2025-02-11,NO
1,21351,24207,208.41,failed,online,2025-02-11,NO
1844,42427,24349,1985.99,completed,online,2025-02-11,NO
1,5464,25097,7432.123316046164,failed,online,2025-02-11,NO
2997,4490,25140,666.3,completed,online,2025-02-11,NO
2824,3253,26584,793.7,failed,online,2025-02-11,NO
132,7604,29413,1411.8,failed,UNKNOWN,2025-02-11,NO
3107,14076,29920,676.5,completed,online,2025-02-11,NO
4717,455,30694,557.88,completed,online,2025-02-11,NO
1,11714,32863,1492.93,failed,online,2025-02-11,NO
1,21975,34095,915.65,failed,online,2025-02-11,NO
2448,39638,35127,573.23,failed,online,2025-02-11,NO
4109,36790,35410,710.74,completed,online,2025-02-11,NO
600,46696,38261,653.37,completed,online,2025-02-11,NO
633,18583,39500,1694.36,failed,online,2025-02-11,NO
990,6833,43949,72.87,failed,online,2025-02-11,NO
3901,31039,44189,386.95,completed,online,2025-02-11,NO
1,39164,47976,603.47,failed,online,2025-02-11,NO
2626,33665,48155,634.93,failed,online,2025-02-11,NO
977,862,50452,1715.7,completed,online,2025-02-11,NO
2367,2900,51271,1495.71,completed,online,2025-02-11,NO
3747,4950,51485,1770.86,completed,online,2025-02-11,NO
2259,7625,51557,1939.98,completed,online,2025-02-11,NO
480,49226,52033,1630.97,failed,online,2025-02-11,NO
3858,26087,54530,978.31,completed,online,2025-02-11,NO
2831,39335,57056,246.29,failed,online,2025-02-11,NO
1195,38581,57880,992.56,completed,online,2025-02-11,NO
4559,40411,59276,701.6,completed,online,2025-02-11,NO
2470,17345,60953,9813.642235160583,failed,online,2025-02-11,NO
4757,18343,62786,1310.97,completed,online,2025-02-11,NO
1,14745,63115,1076.36,completed,online,2025-02-11,NO
4984,18400,63715,572.9,completed,online,2025-02-11,NO
1,30023,66686,1030.2,failed,online,2025-02-11,NO
2643,30489,68801,1467.66,completed,online,2025-02-11,NO
4631,11601,70215,773.1,failed,online,2025-02-11,NO
1878,31410,70227,1462.21,failed,online,2025-02-11,NO
183,17242,70923,50.8,failed,online,2025-02-11,NO
333,38716,72229,922.77,completed,online,2025-02-11,NO
2418,23677,72504,944.8,completed,online,2025-02-11,NO
2543,40135,73863,371.93,failed,online,2025-02-11,NO
3237,21400,74821,1480.54,failed,online,2025-02-11,NO
3153,29881,77337,1453.56,failed,online,2025-02-11,NO
599,409,79403,889.72,completed,online,2025-02-11,NO
3153,19899,85649,1767.86,failed,online,2025-02-11,NO
1812,24622,85965,589.73,failed,online,2025-02-11,NO
1,11690,86873,1982.66,failed,online,2025-02-11,NO
3742,37520,88845,641.38,completed,online,2025-02-11,NO
2531,14355,91064,28.39,failed,online,2025-02-11,NO
2079,28867,91488,1511.37,failed,online,2025-02-11,NO
1,32972,92278,434.79,failed,online,2025-02-11,NO
4637,15011,93919,605.6,completed,online,2025-02-11,NO
2516,6185,94131,1118.32,failed,online,2025-02-11,NO
4902,14997,97703,589.9,failed,online,2025-02-11,NO
3041,34275,99595,1863.08,completed,online,2025-02-11,NO
1684,34040,102026,717.85,completed,online,2025-02-11,NO
301,20852,103420,1544.7,completed,online,2025-02-11,NO
4318,47264,103966,1883.65,completed,online,2025-02-11,NO
2294,12652,106004,1634.62,failed,online,2025-02-11,NO
473,37025,108590,1509.52,failed,online,2025-02-11,NO
4630,19273,108614,1358.66,completed,online,2025-02-11,NO
1063,45573,110766,1565.3,completed,online,2025-02-11,NO
2207,24466,110865,1960.67,failed,online,2025-02-11,NO
448,26140,116184,1431.43,failed,online,2025-02-11,NO
1163,24450,117087,914.75,completed,online,2025-02-11,NO
1656,25734,119283,673.97,completed,online,2025-02-11,NO
4035,10105,123633,1118.99,completed,online,2025-02-11,NO
462,46848,135329,1959.91,failed,online,2025-02-11,NO
2947,1852,135837,1656.44,completed,online,2025-02-11,NO
1,45771,136173,391.35,completed,online,2025-02-11,NO
3001,45437,139012,1304.32,failed,online,2025-02-11,NO
3919,7123,139340,1400.24,failed,online,2025-02-11,NO
950,5617,141059,1657.03,failed,online,2025-02-11,NO
3179,47152,142862,1562.56,completed,online,2025-02-11,NO
3987,11986,147134,425.22,completed,online,2025-02-11,NO
1,2663,147467,1458.95,completed,online,2025-02-11,NO
1147,27574,149665,1762.42,failed,online,2025-02-11,NO
1,36180,149810,1374.7,completed,online,2025-02-11,NO
1,20243,1761,814.44,failed,online,2025-07-27,NO
4505,45854,1762,526.36,failed,online,2025-07-27,NO
4845,5235,4131,1987.61,completed,online,2025-07-27,NO
1889,3395,5570,477.48,failed,online,2025-07-27,NO
3661,1022,5901,1287.41,failed,online,2025-07-27,NO
1244,24110,7695,1411.76,failed,online,2025-07-27,NO
4521,34099,8103,660.79,completed,online,2025-07-27,NO
1,25202,10051,702.23,failed,online,2025-07-27,NO
1,2887,10588,637.58,failed,online,2025-07-27,NO
1978,24632,13519,1713.69,failed,online,2025-07-27,NO
4493,46325,14361,1343.76,completed,online,2025-07-27,NO
599,23139,14965,773.26,completed,online,2025-07-27,NO
502,7539,18823,282.8,completed,online,2025-07-27,NO
1,39506,19580,1844.43,completed,online,2025-07-27,NO
120,3581,21242,320.95,completed,online,2025-07-27,NO
4202,27384,21554,764.4,failed,online,2025-07-27,NO
2154,32855,21924,1108.94,completed,online,2025-07-27,NO
1,44499,22362,440.09,completed,online,2025-07-27,NO
646,34313,23613,934.45,completed,online,2025-07-27,NO
1,35088,23635,1144.3,failed,online,2025-07-27,NO
1,21577,24987,885.03,completed,online,2025-07-27,NO
3036,36147,26020,1676.38,completed,online,2025-07-27,NO
1,18285,33450,180.61,failed,online,2025-07-27,NO
1,4648,34396,674.91,completed,online,2025-07-27,NO
4009,7497,35140,1261.12,failed,online,2025-07-27,NO
2449,10487,38174,1562.46,completed,online,2025-07-27,NO
1687,41837,42271,38.28,completed,online,2025-07-27,NO
3036,11159,43708,900.11,failed,online,2025-07-27,NO
1,40093,50185,318.76,failed,online,2025-07-27,NO
3633,27198,51025,774.49,completed,online,2025-07-27,NO
3481,44125,54488,1702.79,completed,online,2025-07-27,NO
818,13250,57995,713.27,completed,online,2025-07-27,NO
2171,15172,60168,1623.66,failed,online,2025-07-27,NO
2469,14692,60593,268.38,completed,UNKNOWN,2025-07-27,NO
1278,19000,61191,1609.6,completed,online,2025-07-27,NO
1,1275,61899,1566.9,failed,online,2025-07-27,NO
4251,6312,63276,1014.45,failed,UNKNOWN,2025-07-27,NO
4492,8428,64168,332.19,failed,online,2025-07-27,NO
1031,1029,64339,1729.04,failed,online,2025-07-27,NO
1,10653,66254,1867.3,failed,online,2025-07-27,NO
4552,12744,67755,1036.51,failed,online,2025-07-27,NO
2348,21319,68895,1018.41,failed,online,2025-07-27,NO
1434,10963,71196,1656.74,completed,online,2025-07-27,NO
1254,48063,71727,386.63,completed,online,2025-07-27,NO
1,32543,73638,648.98,failed,online,2025-07-27,NO
233,31351,73808,1016.69,completed,online,2025-07-27,NO
1,10190,76557,330.37,completed,UNKNOWN,2025-07-27,NO
1553,2511,77232,640.46,completed,online,2025-07-27,NO
3628,28422,77889,1030.46,completed,online,2025-07-27,NO
3459,7400,79883,1810.2,completed,online,2025-07-27,NO
2494,8812,81764,1978.6,failed,online,2025-07-27,NO
4639,36574,82182,1572.58,failed,online,2025-07-27,NO
3142,17161,84251,236.89,completed,online,2025-07-27,NO
3552,34992,85348,1490.72,completed,online,2025-07-27,NO
3827,31403,90455,535.34,completed,online,2025-07-27,NO
3526,44739,94093,143.95,completed,online,2025-07-27,NO
892,14364,95121,252.37,failed,online,2025-07-27,NO
3182,25606,96854,293.31,failed,online,2025-07-27,NO
2877,31283,98018,1383.87,completed,online,2025-07-27,NO
3552,32140,98725,534.94,completed,online,2025-07-27,NO
2311,7604,101458,1429.87,failed,online,2025-07-27,NO
3195,25501,101647,754.58,completed,online,2025-07-27,NO
1856,10239,102766,632.78,failed,online,2025-07-27,NO
153,42057,103818,1779.19,failed,online,2025-07-27,NO
2350,11576,104903,1762.83,completed,online,2025-07-27,NO
1379,43785,109821,274.65,completed,online,2025-07-27,NO
1,45313,110107,1032.29,failed,online,2025-07-27,NO
4062,19009,114073,352.32,failed,online,2025-07-27,NO
1,15908,114368,424.21,failed,online,2025-07-27,NO
2054,35757,114537,87.73,completed,online,2025-07-27,NO
4339,20410,114683,1767.59,failed,online,2025-07-27,NO
3569,40644,114887,899.59,failed,online,2025-07-27,NO
3320,45737,114912,1934.77,completed,online,2025-07-27,NO
2815,48351,116766,118.14,failed,online,2025-07-27,NO
2809,11622,119673,808.81,failed,online,2025-07-27,NO
3136,2799,119746,491.58,failed,online,2025-07-27,NO
310,26241,121541,909.66,completed,online,2025-07-27,NO
1598,35805,123645,1791.72,completed,online,2025-07-27,NO
2966,48935,123738,1212.43,completed,online,2025-07-27,NO
793,29933,124137,1737.14,failed,online,2025-07-27,NO
2251,33053,124775,1381.34,completed,online,2025-07-27,NO
1551,31902,127544,709.75,completed,online,2025-07-27,NO
3408,24033,129882,1503.43,failed,online,2025-07-27,NO
1,32131,130560,1288.55,completed,online,2025-07-27,NO
4647,4772,130702,1655.54,completed,online,2025-07-27,NO
3386,29521,131001,13.72,failed,online,2025-07-27,NO
2230,24533,132946,1943.02,completed,online,2025-07-27,NO
3218,22647,133070,246.11,failed,online,2025-07-27,NO
2432,47318,139322,785.56,completed,online,2025-07-27,NO
4314,44999,141055,1419.27,failed,online,2025-07-27,NO
3820,26314,142583,1299.79,completed,online,2025-07-27,NO
4388,43461,145117,110.29,completed,online,2025-07-27,NO
1,29879,146758,734.04,failed,online,2025-07-27,NO
458,8133,5313,493.61,completed,online,2025-04-24,NO
209,30992,10662,1408.15,completed,online,2025-04-24,NO
1,18041,11592,717.44,completed,online,2025-04-24,NO
1,22246,11834,450.31,failed,online,2025-04-24,NO
1,13789,11843,1601.4,failed,online,2025-04-24,NO
279,24654,12051,901.86,completed,online,2025-04-24,NO
1,31814,13934,1087.83,completed,online,2025-04-24,NO
1,34854,14005,877.49,failed,online,2025-04-24,NO
2104,38273,17372,1931.27,completed,online,2025-04-24,NO
568,24346,19012,318.36,failed,online,2025-04-24,NO
2738,46911,20001,20.61,completed,online,2025-04-24,NO
701,10671,22531,362.12,completed,online,2025-04-24,NO
579,32784,23031,916.52,failed,online,2025-04-24,NO
1,30875,23637,1267.1,completed,online,2025-04-24,NO
1159,48094,24804,1343.08,completed,online,2025-04-24,NO
1174,41595,24831,1157.88,failed,online,2025-04-24,NO
621,20850,28120,481.57,completed,online,2025-04-24,NO
4129,36849,28139,1302.96,failed,online,2025-04-24,NO
178,44516,28245,1685.63,failed,online,2025-04-24,NO
1,18708,28624,1195.54,completed,online,2025-04-24,NO
3881,48743,30537,392.48,failed,online,2025-04-24,NO
368,2783,33570,762.04,completed,online,2025-04-24,NO
1,32502,39274,1514.55,completed,UNKNOWN,2025-04-24,NO
3194,45641,40425,961.83,failed,online,2025-04-24,NO
100,8380,43404,52.68,failed,online,2025-04-24,NO
1685,14613,44963,1648.0,failed,online,2025-04-24,NO
2717,38671,45174,927.23,failed,online,2025-04-24,NO
2475,23240,46398,1311.45,failed,online,2025-04-24,NO
2635,40182,49307,757.01,completed,online,2025-04-24,NO
4439,26195,52531,1684.96,failed,online,2025-04-24,NO
3077,8538,54557,579.53,completed,online,2025-04-24,NO
4528,10744,55699,1594.58,failed,online,2025-04-24,NO
1,20634,61731,1118.22,completed,online,2025-04-24,NO
4156,8885,63745,864.73,failed,online,2025-04-24,NO
3507,48547,64151,522.61,failed,online,2025-04-24,NO
1012,42110,66215,131.84,completed,online,2025-04-24,NO
3554,1203,67443,1238.52,failed,online,2025-04-24,NO
3693,37192,68813,1727.02,completed,online,2025-04-24,NO
1,18917,69113,510.44,completed,online,2025-04-24,NO
1,41488,72868,1236.97,completed,online,2025-04-24,NO
4897,24367,73238,895.97,completed,online,2025-04-24,NO
4431,610,74216,575.43,completed,online,2025-04-24,NO
3256,39366,75532,1579.54,completed,online,2025-04-24,NO
1542,6897,76446,997.46,failed,online,2025-04-24,NO
2981,23282,77250,531.85,failed,online,2025-04-24,NO
2791,30740,78896,929.84,failed,online,2025-04-24,NO
3560,9169,78997,485.09,completed,online,2025-04-24,NO
4290,21340,79693,1002.81,failed,online,2025-04-24,NO
224,38609,79872,1476.66,failed,online,2025-04-24,NO
3925,30736,82174,1687.11,completed,online,2025-04-24,NO
1,44790,83890,401.71,completed,online,2025-04-24,NO
3966,6151,85534,1202.92,failed,online,2025-04-24,NO
27,46637,89071,1752.03,failed,online,2025-04-24,NO
398,25077,89193,1360.92,completed,online,2025-04-24,NO
1,40082,93143,826.91,completed,online,2025-04-24,NO
4439,43976,93469,662.19,completed,online,2025-04-24,NO
1,27665,93688,1518.77,completed,online,2025-04-24,NO
2201,34628,94316,1266.58,failed,online,2025-04-24,NO
1323,8005,94831,441.77,failed,online,2025-04-24,NO
1,37457,97134,98.93,failed,online,2025-04-24,NO
4780,13769,101256,86.12,completed,online,2025-04-24,NO
1747,27344,103787,8392.586228066013,failed,online,2025-04-24,NO
1,9842,104429,938.93,completed,online,2025-04-24,NO
3120,25013,105138,1965.97,failed,online,2025-04-24,NO
475,18004,105322,314.83,failed,online,2025-04-24,NO
4953,2514,105441,1427.65,completed,online,2025-04-24,NO
102,48584,105850,337.91,failed,online,2025-04-24,NO
1774,3351,108278,578.69,failed,online,2025-04-24,NO
43,39325,115726,720.42,completed,online,2025-04-24,NO
701,31183,117154,1461.86,completed,online,2025-04-24,NO
3069,41396,118123,1084.39,completed,online,2025-04-24,NO
4880,22463,118642,373.98,completed,online,2025-04-24,NO
4984,45128,119640,752.88,failed,online,2025-04-24,NO
1857,8832,121975,1669.87,completed,online,2025-04-24,NO
3687,47428,124612,1916.48,completed,online,2025-04-24,NO
3635,9779,124820,992.27,completed,online,2025-04-24,NO
2988,14192,126697,1656.21,failed,UNKNOWN,2025-04-24,NO
1375,15336,128787,278.67,failed,online,2025-04-24,NO
3827,23758,129083,744.7,completed,online,2025-04-24,NO
4433,24335,132603,1176.32,completed,online,2025-04-24,NO
4559,35327,132690,16.21,failed,online,2025-04-24,NO
1784,46428,134686,97.7,failed,online,2025-04-24,NO
1,31136,134948,396.85,failed,online,2025-04-24,NO
4993,15148,137269,1258.71,failed,online,2025-04-24,NO
2632,33761,140657,740.34,failed,online,2025-04-24,NO
4643,33756,141304,194.26,failed,online,2025-04-24,NO
1,43,141317,6088.545065866268,completed,online,2025-04-24,NO
700,49176,144864,1003.43,completed,online,2025-04-24,NO
1,19117,145973,837.21,completed,online,2025-04-24,NO
286,28390,146463,1803.27,failed,online,2025-04-24,NO
1,25166,146954,225.84,completed,online,2025-04-24,NO
85,7703,147835,1787.46,completed,online,2025-04-24,NO
3515,35384,148609,680.12,failed,online,2025-04-24,NO
815,13653,3018,1350.58,failed,online,2025-10-16,NO
94,43289,3916,1401.4,completed,online,2025-10-16,NO
1067,30065,9461,1814.97,completed,online,2025-10-16,NO
3284,42194,9502,142.84,completed,online,2025-10-16,NO
4322,49064,12786,1665.4,completed,online,2025-10-16,NO
4979,46724,13486,1491.67,completed,online,2025-10-16,NO
1,27544,15397,1666.07,failed,online,2025-10-16,NO
1059,33532,16036,1752.43,failed,online,2025-10-16,NO
3443,24317,16450,784.64,completed,online,2025-10-16,NO
1607,32238,17752,1813.44,failed,online,2025-10-16,NO
3345,32616,18986,421.66,failed,online,2025-10-16,NO
3158,40682,19881,1836.94,completed,online,2025-10-16,NO
2823,36196,21767,993.83,failed,online,2025-10-16,NO
4346,39074,22548,1039.12,completed,online,2025-10-16,NO
1671,12678,26177,1101.99,completed,online,2025-10-16,NO
1,38054,26870,1848.75,completed,online,2025-10-16,NO
2301,7372,27367,1585.11,completed,online,2025-10-16,NO
1387,44614,28708,788.36,failed,online,2025-10-16,NO
3115,44452,32146,48.67,failed,online,2025-10-16,NO
1367,38796,32965,1295.7,failed,online,2025-10-16,NO
1916,5721,33926,1847.82,failed,online,2025-10-16,NO
1,35960,36087,343.53,completed,online,2025-10-16,NO
3431,2876,36294,1345.61,failed,online,2025-10-16,NO
3581,25547,36859,710.3,failed,online,2025-10-16,NO
1,40778,37992,228.96,completed,online,2025-10-16,NO
3850,30250,39412,92.24,failed,online,2025-10-16,NO
973,47761,40372,343.07,failed,online,2025-10-16,NO
3726,7351,41505,1803.72,failed,online,2025-10-16,NO
2892,31910,41823,1957.51,failed,online,2025-10-16,NO
2557,19640,43439,1695.26,failed,online,2025-10-16,NO
2759,26528,43945,1992.48,completed,online,2025-10-16,NO
4637,24126,44725,13.61,failed,online,2025-10-16,NO
1,16486,47922,1482.71,completed,online,2025-10-16,NO
1,28929,48053,139.53,failed,online,2025-10-16,NO
1,29005,49640,1495.15,completed,online,2025-10-16,NO
500,28587,49889,1182.72,completed,online,2025-10-16,NO
4465,23037,51795,1851.61,completed,online,2025-10-16,NO
1688,45812,56935,157.03,failed,online,2025-10-16,NO
1,40620,59017,750.71,completed,online,2025-10-16,NO
3752,21206,60410,554.07,completed,online,2025-10-16,NO
1,37161,60693,1273.34,failed,online,2025-10-16,NO
2835,4240,62187,1595.37,completed,online,2025-10-16,NO
4242,49958,67196,566.89,failed,online,2025-10-16,NO
1148,19993,70242,854.75,failed,online,2025-10-16,NO
3576,13304,75702,519.48,completed,online,2025-10-16,NO
1046,36439,76539,17.2,completed,online,2025-10-16,NO
2845,6609,81974,1563.12,failed,online,2025-10-16,NO
2510,20489,82796,1972.22,failed,online,2025-10-16,NO
4281,27351,83071,257.65,completed,online,2025-10-16,NO
3582,36412,86389,1706.48,failed,online,2025-10-16,NO
413,21869,86836,1192.95,failed,online,2025-10-16,NO
1364,33211,86897,586.02,failed,online,2025-10-16,NO
1,41446,87646,610.47,completed,online,2025-10-16,NO
4521,16048,88376,1632.45,failed,online,2025-10-16,NO
1,36683,89587,268.86,completed,online,2025-10-16,NO
4453,10537,90338,276.93,failed,online,2025-10-16,NO
2664,13969,91233,697.96,failed,online,2025-10-16,NO
1,37989,92325,1061.33,completed,online,2025-10-16,NO
2555,31984,93835,1630.26,completed,online,2025-10-16,NO
3273,45545,95084,183.85,completed,online,2025-10-16,NO
1,21983,95999,1542.63,completed,online,2025-10-16,NO
3554,41511,97799,500.62,completed,online,2025-10-16,NO
4218,22703,98056,266.89,completed,online,2025-10-16,NO
2389,32900,105918,468.58,completed,online,2025-10-16,NO
1,44990,107470,91.39,completed,online,2025-10-16,NO
1,47444,108018,1651.56,failed,online,2025-10-16,NO
2497,29275,108468,1375.31,completed,online,2025-10-16,NO
163,15310,109713,1554.66,completed,online,2025-10-16,NO
1588,21391,113864,893.75,completed,online,2025-10-16,NO
3940,24987,115127,1280.32,failed,online,2025-10-16,NO
3779,3661,116443,1354.65,completed,online,2025-10-16,NO
2283,33678,117521,350.65,failed,online,2025-10-16,NO
3738,38123,123277,1508.72,completed,online,2025-10-16,NO
423,42057,125849,1311.99,failed,online,2025-10-16,NO
2025,37997,128413,1191.22,failed,online,2025-10-16,NO
2565,30334,129023,1665.79,completed,online,2025-10-16,NO
209,26723,130185,1344.36,completed,online,2025-10-16,NO
2057,47432,130756,196.73,failed,UNKNOWN,2025-10-16,NO
1,22608,131695,1175.6,failed,online,2025-10-16,NO
2992,7539,132290,1361.01,failed,online,2025-10-16,NO
1,34437,133243,96.83,completed,online,2025-10-16,NO
3358,36392,133877,401.82,failed,online,2025-10-16,NO
867,31889,134541,77.12,failed,online,2025-10-16,NO
884,25175,134932,616.94,failed,online,2025-10-16,NO
1,14584,135491,87.53,failed,online,2025-10-16,NO
1377,8326,135575,488.6,failed,online,2025-10-16,NO
1,33785,138378,952.01,failed,online,2025-10-16,NO
4664,14935,143842,477.53,completed,online,2025-10-16,NO
3517,29543,145999,1397.03,completed,online,2025-10-16,NO
3511,20773,147238,464.78,completed,online,2025-10-16,NO
2231,47595,147520,1780.17,completed,online,2025-10-16,NO
4893,43024,148052,1550.3,completed,online,2025-10-16,NO
4482,34102,148436,576.05,failed,online,2025-10-16,NO
3602,13253,133,1638.95,completed,online,2025-03-11,NO
1,40456,436,1796.06,completed,online,2025-03-11,NO
1,33285,4047,1091.17,failed,online,2025-03-11,NO
3110,10326,6865,1353.08,failed,online,2025-03-11,NO
2299,17785,11469,869.52,failed,online,2025-03-11,NO
3414,6945,13958,1626.97,failed,online,2025-03-11,NO
1,21051,16104,1282.38,completed,online,2025-03-11,NO
1,47039,16544,108.94,completed,UNKNOWN,2025-03-11,NO
4760,35108,18932,972.66,failed,online,2025-03-11,NO
3409,38305,20147,1969.84,completed,online,2025-03-11,NO
2658,32289,21306,1602.66,completed,online,2025-03-11,NO
1,1503,21683,276.97,failed,online,2025-03-11,NO
2077,44769,21715,588.32,failed,online,2025-03-11,NO
2797,9942,22817,756.31,completed,online,2025-03-11,NO
1,8316,26383,203.66,failed,online,2025-03-11,NO
3078,24212,28947,1868.02,failed,online,2025-03-11,NO
1452,48893,30146,1655.84,completed,online,2025-03-11,NO
2883,12913,30903,1131.71,completed,online,2025-03-11,NO
1,10550,32891,1636.14,failed,online,2025-03-11,NO
4243,18323,33138,432.51,completed,online,2025-03-11,NO
933,21202,34587,555.63,failed,online,2025-03-11,NO
2001,37481,36069,875.75,completed,online,2025-03-11,NO
4093,22315,37285,1467.07,completed,online,2025-03-11,NO
971,24560,37903,8998.295222424116,failed,online,2025-03-11,NO
3493,33766,39766,293.33,failed,online,2025-03-11,NO
696,1690,40288,1739.0,completed,online,2025-03-11,NO
1041,7598,40578,1672.94,failed,online,2025-03-11,NO
2060,31178,43119,867.33,failed,online,2025-03-11,NO
4586,39680,45108,333.79,completed,online,2025-03-11,NO
225,1418,45573,1660.81,failed,online,2025-03-11,NO
3583,21770,46218,1657.49,completed,online,2025-03-11,NO
2476,45246,46274,945.22,failed,online,2025-03-11,NO
3191,44833,47013,295.57,completed,online,2025-03-11,NO
1,35008,47493,1541.37,failed,online,2025-03-11,NO
1304,49876,47579,665.67,completed,UNKNOWN,2025-03-11,NO
2470,17116,48174,717.3,completed,online,2025-03-11,NO
962,17840,48380,1382.99,completed,UNKNOWN,2025-03-11,NO
2322,45712,50326,1770.2,failed,online,2025-03-11,NO
1,23757,53872,1426.69,completed,online,2025-03-11,NO
1,20272,55168,551.74,completed,online,2025-03-11,NO
1998,48737,55547,1725.21,completed,online,2025-03-11,NO
3309,42297,56644,753.36,completed,online,2025-03-11,NO
3523,23667,58474,1504.41,completed,online,2025-03-11,NO
4746,13202,62794,934.78,completed,online,2025-03-11,NO
1258,42472,67781,1339.69,completed,online,2025-03-11,NO
1,23085,68775,236.32,completed,online,2025-03-11,NO
1,43534,69508,501.28,failed,UNKNOWN,2025-03-11,NO
403,1602,70867,1874.03,failed,online,2025-03-11,NO
1505,2966,72845,690.76,completed,online,2025-03-11,NO
2218,20782,72949,1998.92,completed,online,2025-03-11,NO
3707,44880,73155,807.42,failed,online,2025-03-11,NO
1340,32024,77588,265.86,failed,online,2025-03-11,NO
2753,40804,77591,116.57,failed,online,2025-03-11,NO
246,22040,80253,1360.62,completed,online,2025-03-11,NO
1,29236,81475,1779.67,failed,online,2025-03-11,NO
1,29943,85068,1587.0,completed,online,2025-03-11,NO
1,29415,85273,1757.94,failed,online,2025-03-11,NO
3584,42453,87075,1346.27,failed,online,2025-03-11,NO
186,8543,88612,750.89,failed,online,2025-03-11,NO
3524,17919,89009,1334.93,failed,online,2025-03-11,NO
4939,44301,89891,166.86,failed,online,2025-03-11,NO
4730,16072,90360,1019.92,failed,online,2025-03-11,NO
1,39110,92589,45.67,completed,online,2025-03-11,NO
1225,32190,92698,1748.39,failed,online,2025-03-11,NO
2858,40643,93452,342.32,completed,online,2025-03-11,NO
211,45946,98791,1445.13,failed,online,2025-03-11,NO
547,11280,100496,1515.37,completed,online,2025-03-11,NO
1,24106,102085,1654.9,completed,online,2025-03-11,NO
967,39129,104938,1251.26,failed,online,2025-03-11,NO
360,48588,105630,509.1,failed,online,2025-03-11,NO
1099,28790,108587,1854.93,failed,online,2025-03-11,NO
1552,18337,109126,936.08,completed,online,2025-03-11,NO
4381,861,111609,369.67,completed,UNKNOWN,2025-03-11,NO
4001,29304,114541,223.61,completed,online,2025-03-11,NO
2185,45741,117747,190.32,failed,online,2025-03-11,NO
192,9637,118757,641.88,completed,online,2025-03-11,NO
4813,16347,120541,786.93,failed,online,2025-03-11,NO
1,40022,120610,1248.34,completed,online,2025-03-11,NO
3403,7795,123975,586.4,failed,online,2025-03-11,NO
1,38106,124416,1556.41,failed,online,2025-03-11,NO
2966,9962,124722,1548.48,failed,online,2025-03-11,NO
2278,23554,125067,1642.93,completed,online,2025-03-11,NO
550,10933,125475,450.85,completed,online,2025-03-11,NO
4273,26703,126925,1634.98,completed,online,2025-03-11,NO
1,17607,127837,293.34,failed,online,2025-03-11,NO
1707,14257,128141,459.96,completed,online,2025-03-11,NO
1241,38911,132383,286.69,completed,online,2025-03-11,NO
3675,34891,134162,644.14,failed,online,2025-03-11,NO
295,41478,135320,90.52,failed,online,2025-03-11,NO
4028,48127,139240,1151.88,completed,online,2025-03-11,NO
1975,753,144268,1764.46,completed,online,2025-03-11,NO
1,13151,145369,1837.57,completed,online,2025-03-11,NO
1599,15187,147919,726.38,failed,online,2025-03-11,NO
1,21089,31,1089.65,completed,online,2025-03-27,NO
1780,38732,493,588.92,failed,online,2025-03-27,NO
3012,42651,1586,1340.29,completed,online,2025-03-27,NO
2017,7671,2237,494.8,completed,online,2025-03-27,NO
1,15776,2467,1863.87,completed,online,2025-03-27,NO
3846,44620,3666,1235.48,failed,online,2025-03-27,NO
3649,33566,8410,406.38,failed,online,2025-03-27,NO
655,32342,12207,1433.88,completed,online,2025-03-27,NO
2602,40396,12725,1749.65,failed,online,2025-03-27,NO
3607,42957,12998,1014.82,completed,online,2025-03-27,NO
3256,2481,13219,1265.81,failed,UNKNOWN,2025-03-27,NO
1,3967,16455,143.92,completed,online,2025-03-27,NO
3706,28736,18553,1796.51,failed,online,2025-03-27,NO
4456,33159,21706,800.81,completed,online,2025-03-27,NO
1,4431,21788,1745.8,completed,online,2025-03-27,NO
143,46030,21853,215.42,completed,online,2025-03-27,NO
1,43448,22629,1000.8,failed,online,2025-03-27,NO
2704,44796,24509,1207.73,completed,online,2025-03-27,NO
1844,42975,27118,888.06,failed,online,2025-03-27,NO
2574,47845,30745,454.05,completed,online,2025-03-27,NO
440,37036,31322,1701.75,failed,online,2025-03-27,NO
1,26254,32253,930.89,completed,online,2025-03-27,NO
4601,15466,32267,120.21,completed,online,2025-03-27,NO
1079,9276,38806,852.78,completed,online,2025-03-27,NO
2878,31027,39055,1025.32,failed,online,2025-03-27,NO
2304,3959,41061,420.17,failed,online,2025-03-27,NO
1,35911,45029,1886.29,completed,online,2025-03-27,NO
2866,18778,46722,1468.05,failed,online,2025-03-27,NO
980,13805,51140,1047.5,failed,online,2025-03-27,NO
2654,19473,54340,1748.52,completed,online,2025-03-27,NO
3151,36967,54773,1141.72,failed,online,2025-03-27,NO
1628,24711,54838,1551.98,completed,online,2025-03-27,NO
3971,36830,54993,1723.16,failed,online,2025-03-27,NO
1,40028,57891,1073.44,completed,online,2025-03-27,NO
1718,43353,58066,1038.79,completed,online,2025-03-27,NO
4782,24609,60460,1859.23,failed,online,2025-03-27,NO
1,14206,61573,499.65,completed,online,2025-03-27,NO
1638,23875,62673,196.11,completed,online,2025-03-27,NO
1,18240,62953,987.11,completed,online,2025-03-27,NO
2066,44695,63151,1972.55,failed,online,2025-03-27,NO
420,44251,65169,933.62,completed,online,2025-03-27,NO
2695,39181,67040,221.05,completed,online,2025-03-27,NO
1,20285,71603,726.66,failed,online,2025-03-27,NO
490,15115,74949,1331.08,completed,online,2025-03-27,NO
4017,22570,75412,303.68,completed,online,2025-03-27,NO
680,4848,76937,704.15,failed,online,2025-03-27,NO
4489,25439,78538,1532.61,completed,online,2025-03-27,NO
1,46966,80189,78.73,failed,online,2025-03-27,NO
1,1615,80663,1960.43,completed,online,2025-03-27,NO
1,347,82671,904.02,failed,online,2025-03-27,NO
3972,25995,83543,786.67,completed,online,2025-03-27,NO
4079,4130,84819,1964.65,failed,online,2025-03-27,NO
297,21954,85093,415.92,failed,online,2025-03-27,NO
1,8550,85347,957.36,completed,online,2025-03-27,NO
3322,46099,85487,1341.47,failed,online,2025-03-27,NO
1,32231,88201,1896.57,failed,online,2025-03-27,NO
1652,9885,88282,1313.13,failed,online,2025-03-27,NO
881,37184,92585,975.31,completed,online,2025-03-27,NO
1886,27238,94350,183.69,failed,online,2025-03-27,NO
4764,34307,94643,42.25,failed,online,2025-03-27,NO
1,20954,95608,1663.87,completed,online,2025-03-27,NO
1,41311,98115,946.35,failed,online,2025-03-27,NO
3734,14944,100865,1800.76,failed,online,2025-03-27,NO
3439,42596,103978,1213.88,failed,online,2025-03-27,NO
4940,33926,104449,389.77,completed,online,2025-03-27,NO
2676,22537,106223,1604.05,completed,online,2025-03-27,NO
1,12381,106376,457.8,completed,online,2025-03-27,NO
1,32099,110101,377.26,failed,online,2025-03-27,NO
516,9354,112094,1923.7,completed,online,2025-03-27,NO
1,27148,114128,529.75,completed,online,2025-03-27,NO
1,23776,114394,850.82,failed,online,2025-03-27,NO
4268,28128,116288,1456.19,completed,online,2025-03-27,NO
3842,27987,116457,1040.05,completed,online,2025-03-27,NO
1,4912,116619,1894.6,completed,online,2025-03-27,NO
3556,38170,117132,1887.43,completed,online,2025-03-27,NO
3258,4374,120225,1611.08,completed,online,2025-03-27,NO
1,5570,125946,1137.61,failed,online,2025-03-27,NO
2299,18579,128341,1718.03,completed,online,2025-03-27,NO
1,49664,130590,1619.97,completed,online,2025-03-27,NO
1,27301,135996,1543.97,failed,online,2025-03-27,NO
3126,15675,137997,1600.41,completed,online,2025-03-27,NO
4965,39621,139995,458.87,completed,online,2025-03-27,NO
1,29506,140453,51.45,completed,online,2025-03-27,NO
1,22091,141260,1080.32,completed,online,2025-03-27,NO
4710,21431,141988,1892.01,completed,online,2025-03-27,NO
2772,42708,144168,619.03,completed,online,2025-03-27,NO
768,7847,144256,9504.245264944988,completed,online,2025-03-27,NO
3069,26821,147580,1069.17,completed,online,2025-03-27,NO
1984,45518,149231,1955.18,completed,online,2025-03-27,NO
1,2354,149477,1963.44,completed,online,2025-03-27,NO
2281,10619,149552,338.3,completed,online,2025-03-27,NO
29,39503,149764,1876.02,completed,online,2025-03-27,NO
1,16973,149936,710.19,failed,online,2025-03-27,NO
1,26102,485,1148.91,failed,online,2025-01-05,NO
678,17410,903,1136.53,failed,online,2025-01-05,NO
1671,16697,1384,337.66,failed,online,2025-01-05,NO
1,3905,1898,1584.0,completed,online,2025-01-05,NO
2119,18486,4889,769.85,failed,UNKNOWN,2025-01-05,NO
3716,2102,6211,1763.58,completed,online,2025-01-05,NO
1394,5683,6657,353.67,failed,online,2025-01-05,NO
710,38900,13976,1875.83,completed,online,2025-01-05,NO
2997,42879,14186,1172.75,failed,online,2025-01-05,NO
84,8471,14494,300.49,failed,online,2025-01-05,NO
1880,8351,21095,852.62,completed,online,2025-01-05,NO
1551,18727,22269,1854.27,failed,online,2025-01-05,NO
1,32614,22552,1656.61,completed,online,2025-01-05,NO
1,37794,23170,761.83,completed,online,2025-01-05,NO
1,47578,27316,1402.8,completed,online,2025-01-05,NO
4321,8340,29319,1700.03,completed,online,2025-01-05,NO
4216,39152,30697,1918.21,completed,online,2025-01-05,NO
1,49399,30707,14.38,completed,online,2025-01-05,NO
1,46921,31674,1614.14,completed,online,2025-01-05,NO
972,15868,32028,639.3,completed,online,2025-01-05,NO
920,18018,33861,1470.26,completed,online,2025-01-05,NO
4792,38547,34475,258.91,failed,online,2025-01-05,NO
1198,1183,35957,530.18,failed,online,2025-01-05,NO
694,23222,37240,510.75,failed,online,2025-01-05,NO
359,28983,38595,1730.68,failed,online,2025-01-05,NO
45,16897,41660,1990.99,completed,online,2025-01-05,NO
2401,225,41985,1924.26,failed,online,2025-01-05,NO
4531,28428,44258,1697.08,failed,online,2025-01-05,NO
794,14793,47032,525.94,completed,online,2025-01-05,NO
4511,34932,48564,1767.38,failed,online,2025-01-05,NO
4086,44666,50959,1059.86,completed,online,2025-01-05,NO
1,37660,52353,200.56,completed,online,2025-01-05,NO
1120,33269,53061,649.32,completed,online,2025-01-05,NO
4231,13739,55037,1526.21,completed,online,2025-01-05,NO
2941,1004,55241,1657.21,failed,online,2025-01-05,NO
2424,49280,55384,417.5,completed,online,2025-01-05,NO
1361,42484,56720,1006.74,completed,online,2025-01-05,NO
919,2100,58699,683.41,completed,online,2025-01-05,NO
2787,12876,62925,1669.83,completed,online,2025-01-05,NO
1,492,63607,875.17,failed,online,2025-01-05,NO
757,28120,63860,395.91,failed,online,2025-01-05,NO
1044,39456,64265,915.16,completed,online,2025-01-05,NO
4737,18961,65741,1153.86,failed,online,2025-01-05,NO
3177,45040,67413,1483.34,completed,online,2025-01-05,NO
47,36790,74167,1396.73,failed,online,2025-01-05,NO
1074,31489,74301,1013.57,completed,online,2025-01-05,NO
3956,30282,77618,257.69,failed,online,2025-01-05,NO
4116,5135,78851,1149.76,completed,online,2025-01-05,NO
4507,4679,81561,774.68,failed,online,2025-01-05,NO
428,12803,82145,423.49,completed,UNKNOWN,2025-01-05,NO
2178,36866,84553,442.99,completed,online,2025-01-05,NO
4263,41971,84920,907.12,completed,online,2025-01-05,NO
91,41717,85265,1139.18,failed,online,2025-01-05,NO
2735,47134,86320,277.71,failed,online,2025-01-05,NO
3216,3008,87042,1383.39,failed,online,2025-01-05,NO
4633,32347,90467,659.43,completed,online,2025-01-05,NO
1,12106,91243,1223.54,completed,online,2025-01-05,NO
948,21538,91896,1421.91,completed,online,2025-01-05,NO
1088,14051,92751,1035.0,completed,online,2025-01-05,NO
1911,19178,96528,1985.05,completed,online,2025-01-05,NO
164,6716,97345,615.99,failed,online,2025-01-05,NO
3947,27791,102421,1755.11,completed,online,2025-01-05,NO
1,41473,103806,1418.99,failed,online,2025-01-05,NO
3769,46710,104014,1434.54,failed,online,2025-01-05,NO
526,39307,107913,1645.72,failed,online,2025-01-05,NO
1,22318,108554,1537.16,completed,online,2025-01-05,NO
1414,36467,108698,1899.03,completed,online,2025-01-05,NO
3503,26035,110508,1301.99,failed,online,2025-01-05,NO
867,25389,111958,1398.24,failed,online,2025-01-05,NO
4658,4683,113165,552.98,completed,online,2025-01-05,NO
2727,17975,114805,1927.33,completed,online,2025-01-05,NO
1860,48059,115054,411.74,failed,online,2025-01-05,NO
2718,29201,116602,1333.12,completed,online,2025-01-05,NO
1,31902,118741,771.49,failed,online,2025-01-05,NO
1641,1990,119154,560.91,completed,online,2025-01-05,NO
3832,741,120507,1901.27,completed,online,2025-01-05,NO
32,8161,121764,485.68,completed,online,2025-01-05,NO
1,7495,129108,639.39,failed,online,2025-01-05,NO
1556,5421,131984,1484.85,failed,online,2025-01-05,NO
33,11841,133822,1563.25,failed,online,2025-01-05,NO
3731,34206,135582,321.02,failed,online,2025-01-05,NO
4279,48453,135783,57.7,failed,online,2025-01-05,NO
4693,34964,135893,1715.31,failed,online,2025-01-05,NO
1363,33989,138590,1734.01,failed,online,2025-01-05,NO
1041,36707,138725,346.66,completed,online,2025-01-05,NO
3229,3686,140666,1516.53,completed,online,2025-01-05,NO
1582,44706,141112,1596.02,failed,online,2025-01-05,NO
1,3441,142082,953.56,completed,online,2025-01-05,NO
4361,14127,143095,1741.24,completed,online,2025-01-05,NO
4978,9765,143554,825.45,failed,online,2025-01-05,NO
2156,33542,146252,1678.2,completed,online,2025-01-05,NO
3324,36049,146416,888.01,completed,online,2025-01-05,NO
3711,24021,149079,630.91,completed,online,2025-01-05,NO
3771,20448,2644,1148.28,failed,online,2025-05-02,NO
48,28733,3239,409.68,failed,online,2025-05-02,NO
1,22139,4779,1790.08,completed,online,2025-05-02,NO
681,39073,6143,1747.74,failed,online,2025-05-02,NO
1,11506,7188,1544.47,failed,online,2025-05-02,NO
2006,40157,7758,432.86,completed,online,2025-05-02,NO
2125,30461,12580,1189.69,completed,online,2025-05-02,NO
1267,6857,12926,1586.72,failed,online,2025-05-02,NO
1690,7728,13745,1239.77,completed,online,2025-05-02,NO
2107,6279,20840,934.17,completed,online,2025-05-02,NO
2213,19591,23271,464.44,completed,online,2025-05-02,NO
1866,22210,23676,1114.01,failed,online,2025-05-02,NO
221,29900,25010,104.42,completed,online,2025-05-02,NO
3671,42937,25218,1306.04,completed,online,2025-05-02,NO
2618,13016,25871,1978.83,failed,online,2025-05-02,NO
1722,17740,27165,781.04,completed,online,2025-05-02,NO
3946,47820,28598,1044.62,completed,online,2025-05-02,NO
4780,42345,31079,1000.8,failed,online,2025-05-02,NO
1,15141,35162,1277.08,failed,online,2025-05-02,NO
4927,3232,35840,1378.82,failed,online,2025-05-02,NO
2833,22278,36131,1901.27,failed,online,2025-05-02,NO
2253,26257,36353,376.26,failed,online,2025-05-02,NO
1,41850,40708,468.37,failed,online,2025-05-02,NO
3571,39009,44090,58.93,failed,online,2025-05-02,NO
3306,18132,44134,1237.82,failed,online,2025-05-02,NO
2599,15992,44942,1905.98,failed,online,2025-05-02,NO
4237,30550,45475,626.91,failed,online,2025-05-02,NO
1245,18981,52140,110.53,completed,online,2025-05-02,NO
2211,1277,55870,85.33,completed,online,2025-05-02,NO
4518,11494,59187,841.14,failed,online,2025-05-02,NO
4617,30593,59772,1250.25,completed,online,2025-05-02,NO
4830,205,61594,399.98,completed,online,2025-05-02,NO
3995,45789,61788,1342.07,failed,online,2025-05-02,NO
1,48564,61982,6804.445642135854,failed,online,2025-05-02,NO
1,16440,63235,661.93,failed,online,2025-05-02,NO
4359,44371,65423,1833.74,failed,online,2025-05-02,NO
222,24712,69215,213.85,completed,online,2025-05-02,NO
3191,12231,69355,1385.17,failed,UNKNOWN,2025-05-02,NO
1,27025,70223,86.67,completed,online,2025-05-02,NO
1,30282,70592,1483.82,completed,online,2025-05-02,NO
1,33819,72578,1082.91,failed,online,2025-05-02,NO
594,32905,72630,1328.66,completed,online,2025-05-02,NO
1898,19055,73653,43.97,completed,online,2025-05-02,NO
4989,25955,81693,924.56,completed,online,2025-05-02,NO
4738,8723,82304,42.73,failed,online,2025-05-02,NO
4230,39719,83114,1809.59,failed,online,2025-05-02,NO
4574,21858,83298,1403.18,failed,online,2025-05-02,NO
1,49500,85742,423.2,completed,online,2025-05-02,NO
1,20432,88457,230.57,completed,online,2025-05-02,NO
4858,37542,88463,97.09,completed,online,2025-05-02,NO
1065,8088,89109,1853.22,failed,online,2025-05-02,NO
1,42714,90799,1283.99,failed,online,2025-05-02,NO
1,27868,94827,760.87,completed,online,2025-05-02,NO
126,25586,100631,630.53,completed,online,2025-05-02,NO
1,40720,100716,1413.76,completed,online,2025-05-02,NO
3929,13013,101133,1930.09,failed,online,2025-05-02,NO
1,24645,103254,686.23,completed,online,2025-05-02,NO
2391,45980,103715,1669.78,completed,online,2025-05-02,NO
1,28292,104138,975.41,failed,online,2025-05-02,NO
642,23938,104592,575.99,failed,online,2025-05-02,NO
722,29148,104794,1798.51,completed,online,2025-05-02,NO
1,9713,104874,1642.18,failed,online,2025-05-02,NO
3734,15707,105558,1026.87,failed,online,2025-05-02,NO
3169,36792,105757,1356.41,failed,online,2025-05-02,NO
2829,34547,105946,1103.21,failed,online,2025-05-02,NO
3908,17300,106439,215.89,failed,online,2025-05-02,NO
1,34831,110682,1065.9,completed,online,2025-05-02,NO
1,36184,111025,318.63,completed,online,2025-05-02,NO
1,22133,111035,314.45,completed,online,2025-05-02,NO
2980,21329,111535,5427.755035924479,failed,online,2025-05-02,NO
1,19723,114090,424.93,completed,online,2025-05-02,NO
4898,27592,114194,104.77,failed,online,2025-05-02,NO
2453,48635,115535,318.59,failed,online,2025-05-02,NO
1578,1962,115741,1888.11,failed,online,2025-05-02,NO
277,28587,118965,1888.99,failed,online,2025-05-02,NO
3872,34039,122139,1778.6,failed,online,2025-05-02,NO
2454,38995,122826,1124.98,failed,online,2025-05-02,NO
1624,48787,123749,1618.99,completed,online,2025-05-02,NO
1015,6285,124396,833.7,completed,online,2025-05-02,NO
465,29285,125843,1256.62,completed,online,2025-05-02,NO
3601,5546,128525,1220.56,failed,online,2025-05-02,NO
1,28126,128742,1958.26,failed,online,2025-05-02,NO
2869,5332,129286,711.68,completed,online,2025-05-02,NO
3753,14385,130324,59.91,completed,online,2025-05-02,NO
1970,1525,130629,1533.96,failed,online,2025-05-02,NO
2246,40807,131407,921.6,completed,online,2025-05-02,NO
2556,984,132856,1892.16,failed,online,2025-05-02,NO
1,26550,134510,898.53,failed,online,2025-05-02,NO
1209,11600,137846,1347.66,failed,online,2025-05-02,NO
4165,21571,144359,1127.71,completed,online,2025-05-02,NO
1,26249,147990,709.41,completed,online,2025-05-02,NO
2339,34934,148174,1615.92,failed,online,2025-05-02,NO
4250,27943,149022,1247.75,completed,online,2025-05-02,NO
807,19165,99,419.5,completed,online,2025-04-25,NO
1729,15451,1101,81.5,completed,online,2025-04-25,NO
120,44209,3455,1318.48,completed,online,2025-04-25,NO
2144,31784,9220,967.46,failed,online,2025-04-25,NO
1,13750,9261,1510.2,failed,online,2025-04-25,NO
1971,10755,9665,1259.92,failed,online,2025-04-25,NO
1223,46466,10725,591.32,failed,online,2025-04-25,NO
3,48512,12399,1967.74,completed,online,2025-04-25,NO
4577,12005,13144,1710.03,failed,online,2025-04-25,NO
239,9205,13576,867.55,failed,online,2025-04-25,NO
3226,20958,14194,1929.21,failed,online,2025-04-25,NO
3690,28523,15851,1511.75,completed,online,2025-04-25,NO
819,18952,18031,101.99,failed,online,2025-04-25,NO
2044,45109,19356,613.93,completed,online,2025-04-25,NO
1,2847,20061,506.67,completed,online,2025-04-25,NO
3725,24167,21229,654.5,completed,online,2025-04-25,NO
4302,36277,21465,1057.16,failed,online,2025-04-25,NO
1941,48595,25592,733.94,failed,online,2025-04-25,NO
3352,15100,25595,1775.01,completed,online,2025-04-25,NO
1,49540,28722,113.14,completed,online,2025-04-25,NO
3531,32492,28756,335.05,completed,online,2025-04-25,NO
2687,23247,30859,554.56,completed,online,2025-04-25,NO
1,28837,34502,1645.5,failed,online,2025-04-25,NO
3041,15958,35199,958.66,failed,online,2025-04-25,NO
1698,30235,36297,759.73,completed,online,2025-04-25,NO
4243,20448,38024,730.06,failed,online,2025-04-25,NO
1,16916,38511,1190.34,completed,online,2025-04-25,NO
3826,48963,40804,1140.2,failed,online,2025-04-25,NO
1,25907,44269,350.68,failed,online,2025-04-25,NO
1886,25836,44387,1513.4,failed,online,2025-04-25,NO
4113,31806,45355,1303.56,completed,online,2025-04-25,NO
3233,1346,48118,1481.24,failed,online,2025-04-25,NO
4062,38645,51120,1914.19,failed,online,2025-04-25,NO
1696,4401,51632,1064.57,failed,online,2025-04-25,NO
89,5488,54482,541.7,failed,online,2025-04-25,NO
499,6523,57500,516.83,failed,online,2025-04-25,NO
217,23871,58634,1490.83,completed,online,2025-04-25,NO
896,9891,58745,1063.21,completed,online,2025-04-25,NO
3323,19445,61166,1369.98,completed,online,2025-04-25,NO
3392,27225,61707,1480.47,completed,online,2025-04-25,NO
4340,45727,62854,1022.06,completed,online,2025-04-25,NO
1,47078,64675,1058.87,failed,online,2025-04-25,NO
1,7786,65245,1969.82,failed,online,2025-04-25,NO
1134,40578,66194,1383.54,completed,online,2025-04-25,NO
2949,36265,68639,1768.03,completed,online,2025-04-25,NO
4542,33090,71405,1771.89,completed,online,2025-04-25,NO
1,39455,73336,1815.24,failed,online,2025-04-25,NO
2652,18483,73813,775.65,failed,online,2025-04-25,NO
2813,46921,75269,1531.44,failed,online,2025-04-25,NO
1,9570,76442,490.57,completed,online,2025-04-25,NO
1,16608,90582,1644.73,completed,online,2025-04-25,NO
1,25693,91769,473.79,failed,online,2025-04-25,NO
1,12461,92525,1251.62,completed,online,2025-04-25,NO
3765,48738,93324,1310.34,completed,online,2025-04-25,NO
225,22115,93497,187.82,completed,online,2025-04-25,NO
529,4294,95676,956.54,completed,online,2025-04-25,NO
1777,25065,95887,1016.47,failed,online,2025-04-25,NO
4560,25049,100223,1328.17,completed,online,2025-04-25,NO
2687,9418,102154,1822.41,failed,online,2025-04-25,NO
436,45889,102348,1929.9,failed,online,2025-04-25,NO
3619,5622,102459,784.85,completed,online,2025-04-25,NO
628,43218,104189,1621.1,failed,online,2025-04-25,NO
3943,49404,105174,1291.8,failed,online,2025-04-25,NO
118,22688,105629,1773.13,completed,online,2025-04-25,NO
4347,2646,110530,717.22,completed,online,2025-04-25,NO
693,16111,110620,50.09,failed,online,2025-04-25,NO
506,33591,112644,687.89,completed,online,2025-04-25,NO
1357,33509,113240,715.96,completed,online,2025-04-25,NO
1,38351,115171,889.33,failed,online,2025-04-25,NO
4734,42512,115627,24.89,completed,online,2025-04-25,NO
1404,44029,116880,208.64,completed,online,2025-04-25,NO
4494,43551,117061,1094.52,completed,online,2025-04-25,NO
4069,17756,118289,1250.63,completed,online,2025-04-25,NO
1,3600,119858,1934.63,completed,online,2025-04-25,NO
3879,15514,121230,1956.38,completed,online,2025-04-25,NO
1,6014,123442,409.36,completed,online,2025-04-25,NO
1,40900,127244,1084.48,failed,online,2025-04-25,NO
1,11419,128113,82.29,completed,online,2025-04-25,NO
1,479,132123,773.55,completed,online,2025-04-25,NO
1,2772,132416,725.38,completed,UNKNOWN,2025-04-25,NO
115,29329,132992,1405.97,failed,online,2025-04-25,NO
898,49061,133040,1724.5,completed,online,2025-04-25,NO
992,33642,133641,771.84,failed,online,2025-04-25,NO
1252,39661,134462,549.07,completed,online,2025-04-25,NO
3643,16740,135435,1179.06,completed,online,2025-04-25,NO
1631,16167,135560,470.13,completed,online,2025-04-25,NO
2445,36954,136849,199.16,completed,online,2025-04-25,NO
1535,1170,138313,1536.44,completed,online,2025-04-25,NO
1046,30547,142652,227.37,failed,online,2025-04-25,NO
1,29055,143079,1601.66,completed,online,2025-04-25,NO
173,17271,144221,1374.3,completed,online,2025-04-25,NO
3994,42598,145334,1591.76,completed,online,2025-04-25,NO
2655,11461,148553,573.24,failed,online,2025-04-25,NO
248,42637,588,262.67,completed,online,2025-01-06,NO
4832,18376,1903,579.07,failed,online,2025-01-06,NO
1537,1749,3704,1175.04,completed,online,2025-01-06,NO
4659,44064,6737,718.08,completed,online,2025-01-06,NO
1,17520,8004,570.09,completed,online,2025-01-06,NO
4900,38219,8608,1674.61,failed,online,2025-01-06,NO
2828,47105,11615,176.32,completed,online,2025-01-06,NO
3436,31673,12436,1830.9,failed,online,2025-01-06,NO
677,2130,14977,1356.79,completed,online,2025-01-06,NO
4384,11646,15429,247.61,failed,online,2025-01-06,NO
2025,48012,21283,1281.76,failed,online,2025-01-06,NO
551,8284,23545,100.92,completed,online,2025-01-06,NO
924,43980,25254,1732.6,completed,online,2025-01-06,NO
1,27618,28541,6151.608465793839,completed,online,2025-01-06,NO
1810,19370,29312,1169.6,failed,online,2025-01-06,NO
947,19692,29960,912.24,completed,online,2025-01-06,NO
4971,42581,31415,1116.87,failed,online,2025-01-06,NO
1,22381,34494,1126.75,failed,online,2025-01-06,NO
226,20700,35901,1386.43,failed,online,2025-01-06,NO
4721,44145,35992,1372.6,failed,online,2025-01-06,NO
4377,30116,36464,494.79,completed,online,2025-01-06,NO
21,38629,37734,830.66,failed,online,2025-01-06,NO
1,13674,47471,1419.11,failed,online,2025-01-06,NO
1624,32171,54255,85.16,completed,online,2025-01-06,NO
984,12518,54346,353.17,completed,online,2025-01-06,NO
1,24716,54432,1667.09,completed,online,2025-01-06,NO
4720,11014,55647,1249.39,completed,online,2025-01-06,NO
4624,19979,55750,312.5,completed,online,2025-01-06,NO
1391,13146,56487,1716.37,completed,online,2025-01-06,NO
275,39122,56684,960.51,failed,online,2025-01-06,NO
75,44814,60926,54.99,failed,online,2025-01-06,NO
4439,20069,64524,1616.77,failed,online,2025-01-06,NO
1,28890,66508,76.57,completed,online,2025-01-06,NO
373,27930,66763,1705.43,failed,online,2025-01-06,NO
1004,1772,68802,1211.89,completed,online,2025-01-06,NO
2217,47374,69781,1968.4,failed,online,2025-01-06,NO
3400,46732,71239,535.76,failed,online,2025-01-06,NO
3287,35238,75120,290.81,failed,online,2025-01-06,NO
620,4350,76593,1365.67,failed,online,2025-01-06,NO
2526,30435,77888,1262.31,failed,online,2025-01-06,NO
3041,27374,78936,1743.1,failed,online,2025-01-06,NO
1837,12494,79530,1263.31,failed,online,2025-01-06,NO
4488,36465,80066,394.91,failed,online,2025-01-06,NO
1,37959,81118,1030.9,completed,online,2025-01-06,NO
4549,6910,83199,1477.75,failed,online,2025-01-06,NO
4013,4655,84307,349.01,failed,online,2025-01-06,NO
4640,10361,84512,1362.61,failed,online,2025-01-06,NO
135,33454,84728,1260.2,failed,UNKNOWN,2025-01-06,NO
664,8238,85453,1401.27,completed,online,2025-01-06,NO
1,39484,85687,1348.83,completed,online,2025-01-06,NO
1290,20275,86781,993.96,failed,online,2025-01-06,NO
894,9637,87260,592.23,failed,online,2025-01-06,NO
3380,32710,89373,1884.53,completed,online,2025-01-06,NO
1107,46626,91023,357.06,completed,online,2025-01-06,NO
978,4254,91831,454.6,failed,online,2025-01-06,NO
4331,30779,93203,807.32,failed,online,2025-01-06,NO
4707,12410,93762,432.37,completed,online,2025-01-06,NO
443,9610,94443,1646.17,completed,online,2025-01-06,NO
3021,39171,96829,86.25,failed,online,2025-01-06,NO
4483,3398,97174,1069.81,failed,online,2025-01-06,NO
742,24883,97299,1548.0,completed,online,2025-01-06,NO
944,7812,100209,476.21,completed,online,2025-01-06,NO
4263,18942,102933,150.46,completed,online,2025-01-06,NO
1047,38187,103713,1342.3,failed,online,2025-01-06,NO
4583,15505,105355,1526.27,completed,online,2025-01-06,NO
1773,38851,105841,641.64,completed,online,2025-01-06,NO
4511,14458,106024,1877.41,completed,online,2025-01-06,NO
1,33572,107441,1791.36,failed,online,2025-01-06,NO
145,7196,109357,328.39,completed,online,2025-01-06,NO
3992,22233,112241,1123.16,completed,online,2025-01-06,NO
1,42942,113234,944.15,failed,online,2025-01-06,NO
1,25654,114923,74.84,failed,online,2025-01-06,NO
1178,19416,115718,494.97,failed,online,2025-01-06,NO
1412,34757,116957,1043.71,failed,online,2025-01-06,NO
2333,31389,120612,1133.92,completed,online,2025-01-06,NO
3996,12615,120777,1454.92,failed,online,2025-01-06,NO
2946,32880,122204,1665.52,failed,online,2025-01-06,NO
1352,391,128871,510.29,failed,online,2025-01-06,NO
3886,33805,128935,208.17,failed,online,2025-01-06,NO
1102,2199,129013,695.63,failed,online,2025-01-06,NO
3011,26380,130816,1186.63,completed,online,2025-01-06,NO
1100,23967,131609,1404.53,failed,online,2025-01-06,NO
1,27847,131712,726.29,completed,online,2025-01-06,NO
2282,6413,132011,1197.98,completed,online,2025-01-06,NO
768,20952,132033,7456.712021198637,failed,online,2025-01-06,NO
3428,19378,134908,1785.72,completed,online,2025-01-06,NO
4740,44010,135273,1419.98,failed,online,2025-01-06,NO
1191,8369,135467,875.74,completed,online,2025-01-06,NO
1,31254,135652,921.92,failed,online,2025-01-06,NO
32,9500,143501,1292.36,failed,online,2025-01-06,NO
1,39131,143756,1764.59,completed,online,2025-01-06,NO
2027,2943,144906,1480.08,completed,online,2025-01-06,NO
2503,5376,145576,1479.06,failed,online,2025-01-06,NO
1,49873,438,1522.52,failed,online,2025-07-23,NO
2115,20432,3374,80.24,failed,online,2025-07-23,NO
560,923,5956,193.92,failed,online,2025-07-23,NO
4820,9408,6065,1671.02,completed,online,2025-07-23,NO
499,22520,6850,1056.27,failed,online,2025-07-23,NO
4242,20896,7382,1550.97,completed,online,2025-07-23,NO
1,32204,7972,674.4,completed,online,2025-07-23,NO
1,26950,10906,1800.43,failed,online,2025-07-23,NO
2582,34981,11554,26.3,completed,online,2025-07-23,NO
1795,25086,13957,1975.67,completed,online,2025-07-23,NO
1,10295,14021,1789.39,completed,online,2025-07-23,NO
300,47104,16020,1152.95,completed,online,2025-07-23,NO
1576,35748,16065,1458.1,completed,online,2025-07-23,NO
1,27730,16962,1571.9,failed,online,2025-07-23,NO
1623,30495,17381,1856.48,completed,online,2025-07-23,NO
861,47798,17467,551.43,failed,online,2025-07-23,NO
3933,39874,20051,559.15,failed,online,2025-07-23,NO
4916,40519,21641,1891.5,failed,online,2025-07-23,NO
1,17597,23085,649.76,completed,online,2025-07-23,NO
1941,39179,27909,1960.22,completed,online,2025-07-23,NO
4376,22980,30184,1707.48,failed,online,2025-07-23,NO
3077,38936,33667,1265.3,completed,online,2025-07-23,NO
661,47584,35853,553.72,failed,online,2025-07-23,NO
2288,18272,37079,405.3,failed,online,2025-07-23,NO
4327,34574,37093,785.65,failed,online,2025-07-23,NO
1208,45833,42554,103.59,failed,online,2025-07-23,NO
163,24230,43726,1523.24,failed,online,2025-07-23,NO
2906,35483,44125,745.89,failed,online,2025-07-23,NO
4635,10224,44507,913.09,completed,online,2025-07-23,NO
2081,45338,44580,1345.49,failed,online,2025-07-23,NO
1791,44433,45058,1901.58,completed,online,2025-07-23,NO
4146,44917,45979,781.7,completed,online,2025-07-23,NO
1,3015,48094,779.83,failed,online,2025-07-23,NO
4076,39984,48744,1369.25,failed,online,2025-07-23,NO
1,14311,50794,353.06,completed,online,2025-07-23,NO
3399,23071,51549,202.53,failed,online,2025-07-23,NO
1342,6337,56957,964.81,completed,online,2025-07-23,NO
2269,10904,57619,1537.27,completed,online,2025-07-23,NO
2492,41413,60067,1811.8,completed,online,2025-07-23,NO
1,35138,60709,13.85,failed,online,2025-07-23,NO
69,12070,61201,5910.445816002224,failed,online,2025-07-23,NO
2636,30403,62779,1120.54,completed,online,2025-07-23,NO
3269,26534,65399,572.1,failed,online,2025-07-23,NO
3571,26889,65758,1458.89,failed,online,2025-07-23,NO
3957,45790,66115,1308.42,completed,online,2025-07-23,NO
2284,25649,67522,1703.47,completed,online,2025-07-23,NO
1,36631,67938,527.12,completed,UNKNOWN,2025-07-23,NO
504,39796,74522,1340.07,completed,online,2025-07-23,NO
104,10494,74552,1831.62,failed,online,2025-07-23,NO
858,46134,75422,363.84,completed,online,2025-07-23,NO
3731,40566,75879,30.59,failed,online,2025-07-23,NO
3759,42089,76560,524.85,failed,online,2025-07-23,NO
3834,38191,76943,763.68,failed,online,2025-07-23,NO
1,41128,78474,429.51,failed,online,2025-07-23,NO
3624,46069,79289,942.92,failed,online,2025-07-23,NO
13,12281,79985,449.28,completed,online,2025-07-23,NO
4005,14497,81398,1533.78,completed,online,2025-07-23,NO
3601,13820,84589,1772.15,failed,online,2025-07-23,NO
2132,21567,84953,232.02,completed,online,2025-07-23,NO
3219,26632,85133,387.0,completed,online,2025-07-23,NO
4706,33853,85493,454.04,completed,online,2025-07-23,NO
3609,14035,85644,366.24,completed,online,2025-07-23,NO
1433,30424,86586,1780.13,failed,online,2025-07-23,NO
1026,23707,89758,690.93,failed,online,2025-07-23,NO
4791,11448,90982,1954.25,completed,online,2025-07-23,NO
1,31506,93519,901.56,completed,online,2025-07-23,NO
1212,43529,99926,1281.94,failed,online,2025-07-23,NO
3210,7967,101477,1257.16,failed,online,2025-07-23,NO
495,36598,104747,1048.26,completed,online,2025-07-23,NO
1,24379,104873,67.63,completed,online,2025-07-23,NO
4139,6790,106687,1698.71,failed,online,2025-07-23,NO
215,3519,111184,751.68,failed,online,2025-07-23,NO
1295,35336,112989,1184.21,failed,online,2025-07-23,NO
1,25949,114735,762.04,failed,online,2025-07-23,NO
1,22518,117110,575.69,completed,online,2025-07-23,NO
2566,29349,118092,870.29,failed,online,2025-07-23,NO
850,10274,121993,1297.84,completed,online,2025-07-23,NO
107,15400,122521,1659.57,failed,online,2025-07-23,NO
1230,24312,123734,1240.11,completed,online,2025-07-23,NO
3456,4517,123776,544.0,failed,online,2025-07-23,NO
4500,22404,127308,1426.08,completed,online,2025-07-23,NO
3919,20429,127515,1205.92,failed,online,2025-07-23,NO
1782,23757,138779,1251.44,completed,online,2025-07-23,NO
1,986,140780,1405.99,failed,online,2025-07-23,NO
3020,49577,142153,1982.89,failed,online,2025-07-23,NO
1659,20308,142529,229.82,completed,online,2025-07-23,NO
647,27034,143014,1821.75,completed,online,2025-07-23,NO
3137,20161,143223,1150.43,completed,online,2025-07-23,NO
4731,17247,144532,331.5,completed,online,2025-07-23,NO
3061,2201,144980,1104.24,failed,online,2025-07-23,NO
1167,48919,146583,974.33,completed,online,2025-07-23,NO
1,48241,148021,152.18,completed,online,2025-07-23,NO
2872,23998,148514,479.87,failed,online,2025-07-23,NO
3606,38305,3817,830.03,failed,online,2025-12-01,NO
1525,33815,5374,1802.96,completed,online,2025-12-01,NO
1456,2230,11531,1798.25,failed,online,2025-12-01,NO
974,13636,14274,1629.7,failed,online,2025-12-01,NO
621,15894,15388,260.08,failed,online,2025-12-01,NO
1862,11134,15781,1367.07,completed,online,2025-12-01,NO
99,16659,16505,612.66,completed,online,2025-12-01,NO
1,9951,16952,954.57,failed,online,2025-12-01,NO
1359,22021,19113,1007.57,failed,online,2025-12-01,NO
2361,1474,20316,966.47,failed,online,2025-12-01,NO
62,48837,21053,1587.02,failed,online,2025-12-01,NO
1,40445,22004,1994.24,failed,online,2025-12-01,NO
1914,39146,23491,1136.18,failed,online,2025-12-01,NO
1,17405,25671,1997.17,completed,online,2025-12-01,NO
1,24867,29292,1686.74,completed,online,2025-12-01,NO
4025,24854,31381,1483.33,completed,online,2025-12-01,NO
4416,36622,32383,1119.5,completed,online,2025-12-01,NO
2367,16188,36312,1986.68,failed,online,2025-12-01,NO
1414,13334,36687,1008.37,failed,online,2025-12-01,NO
97,7267,40261,269.71,failed,online,2025-12-01,NO
2109,39743,40973,715.88,failed,online,2025-12-01,NO
3403,44103,43680,1264.58,failed,online,2025-12-01,NO
1,15553,51607,675.65,failed,online,2025-12-01,NO
1115,29026,51777,21.5,failed,online,2025-12-01,NO
1708,4636,52109,572.39,completed,online,2025-12-01,NO
1,15134,57626,1186.76,failed,online,2025-12-01,NO
2463,40362,57786,1308.66,failed,online,2025-12-01,NO
1841,38601,58914,1598.35,failed,online,2025-12-01,NO
2363,25408,61536,221.64,failed,online,2025-12-01,NO
1043,21324,61581,725.63,failed,online,2025-12-01,NO
3200,46790,61924,1873.2,completed,online,2025-12-01,NO
1211,34689,62375,500.14,completed,online,2025-12-01,NO
4385,45753,62880,1469.42,completed,online,2025-12-01,NO
5,9865,66578,575.21,completed,online,2025-12-01,NO
2990,16004,69778,924.66,failed,online,2025-12-01,NO
2705,11284,69902,912.71,failed,online,2025-12-01,NO
197,6080,70346,24.81,completed,online,2025-12-01,NO
2498,15696,74318,909.26,failed,online,2025-12-01,NO
2639,7395,76221,1742.26,failed,online,2025-12-01,NO
354,10893,76480,1870.18,completed,online,2025-12-01,NO
2891,31886,78211,1522.62,completed,online,2025-12-01,NO
384,30220,79990,253.39,completed,online,2025-12-01,NO
1,19548,80172,1789.53,completed,online,2025-12-01,NO
1239,7817,81132,692.15,failed,online,2025-12-01,NO
4083,49456,82124,1064.06,failed,online,2025-12-01,NO
3620,32931,83272,561.57,completed,online,2025-12-01,NO
3477,35929,83901,742.37,failed,online,2025-12-01,NO
4729,34334,84472,1620.4,completed,online,2025-12-01,NO
4194,32711,85430,1970.59,completed,online,2025-12-01,NO
1,16135,85717,1962.45,failed,online,2025-12-01,NO
1,6230,86279,601.34,failed,online,2025-12-01,NO
4351,47310,86874,543.97,failed,online,2025-12-01,NO
2379,41660,87451,1638.85,failed,online,2025-12-01,NO
3908,43103,88150,264.41,failed,online,2025-12-01,NO
3004,45526,90974,397.84,failed,online,2025-12-01,NO
4287,26490,92378,486.46,completed,online,2025-12-01,NO
3904,7173,93145,721.27,completed,online,2025-12-01,NO
1,38688,93263,818.82,failed,online,2025-12-01,NO
1711,32982,95044,1721.44,completed,online,2025-12-01,NO
2322,25623,95715,1203.67,failed,online,2025-12-01,NO
2691,10653,95754,1095.65,completed,online,2025-12-01,NO
4685,18031,96169,519.83,failed,UNKNOWN,2025-12-01,NO
1117,37005,96595,1487.45,completed,online,2025-12-01,NO
228,2933,97305,685.39,completed,UNKNOWN,2025-12-01,NO
3249,5157,97358,745.16,completed,online,2025-12-01,NO
3880,33680,101971,1344.5,completed,online,2025-12-01,NO
1,29171,103274,1587.98,completed,online,2025-12-01,NO
2465,14275,105883,1688.56,completed,online,2025-12-01,NO
3247,25545,106463,1259.83,failed,online,2025-12-01,NO
4570,20152,106889,471.16,completed,online,2025-12-01,NO
1140,9849,110228,135.28,failed,online,2025-12-01,NO
2871,20377,112033,317.41,completed,online,2025-12-01,NO
1,32278,113020,842.66,failed,online,2025-12-01,NO
2580,23410,115977,1344.53,failed,online,2025-12-01,NO
3822,16813,116013,974.1,completed,online,2025-12-01,NO
4937,17111,118064,1481.3,failed,online,2025-12-01,NO
561,13313,121692,1361.05,completed,online,2025-12-01,NO
1846,30469,124234,1786.58,completed,online,2025-12-01,NO
4505,33703,128098,1331.65,completed,online,2025-12-01,NO
517,23650,129112,1187.63,completed,online,2025-12-01,NO
1978,19925,129966,668.18,failed,online,2025-12-01,NO
4301,34872,133655,151.13,failed,online,2025-12-01,NO
1,21075,133764,1320.18,failed,online,2025-12-01,NO
2452,12693,133801,454.26,completed,online,2025-12-01,NO
2291,49037,135049,102.93,completed,online,2025-12-01,NO
2375,9822,138734,1346.05,completed,online,2025-12-01,NO
1,1221,139892,789.34,completed,online,2025-12-01,NO
776,16484,141635,1960.63,failed,online,2025-12-01,NO
3965,42858,144365,1120.7,failed,online,2025-12-01,NO
4763,40104,146693,150.44,failed,online,2025-12-01,NO
5000,19778,148106,1766.45,failed,online,2025-12-01,NO
3006,16118,148495,848.01,completed,online,2025-12-01,NO
2709,6526,148662,1146.01,failed,online,2025-12-01,NO
2288,11938,193,470.14,completed,online,2025-08-03,NO
2626,28719,372,1110.19,completed,online,2025-08-03,NO
4209,28139,2724,1705.6,completed,online,2025-08-03,NO
3371,9607,3587,812.18,completed,online,2025-08-03,NO
2745,37209,5949,135.89,completed,online,2025-08-03,NO
3370,36066,8116,981.66,completed,online,2025-08-03,NO
1088,23555,8743,1173.09,failed,online,2025-08-03,NO
1,27116,8877,1771.95,completed,online,2025-08-03,NO
1,47962,9258,568.99,completed,online,2025-08-03,NO
3955,26648,9687,1457.94,completed,online,2025-08-03,NO
3674,6806,12575,1060.66,completed,online,2025-08-03,NO
3582,4703,13504,977.43,completed,online,2025-08-03,NO
1,32137,14193,825.18,completed,online,2025-08-03,NO
3976,22763,15050,1909.28,failed,online,2025-08-03,NO
931,25001,15543,1797.01,failed,online,2025-08-03,NO
4465,72,16580,1662.84,completed,online,2025-08-03,NO
4223,1986,17081,1077.51,completed,online,2025-08-03,NO
1426,13598,18296,1456.75,completed,online,2025-08-03,NO
3271,33891,20663,909.71,failed,online,2025-08-03,NO
1,16523,20930,206.83,completed,online,2025-08-03,NO
1616,37214,21058,905.14,completed,online,2025-08-03,NO
1,7222,21299,1158.98,failed,online,2025-08-03,NO
1,15069,25105,242.17,failed,online,2025-08-03,NO
4091,20422,26913,1298.23,failed,online,2025-08-03,NO
4273,22950,27472,1815.53,failed,online,2025-08-03,NO
2650,39539,31422,364.92,completed,online,2025-08-03,NO
4796,45673,36447,791.23,completed,online,2025-08-03,NO
389,30502,39674,1504.05,completed,online,2025-08-03,NO
2814,22746,43190,1879.83,completed,online,2025-08-03,NO
1845,14898,47211,1288.34,failed,online,2025-08-03,NO
1822,21209,47804,924.92,failed,online,2025-08-03,NO
2274,46013,47987,1010.89,completed,online,2025-08-03,NO
1,47993,50498,1008.94,failed,online,2025-08-03,NO
1865,14423,52128,1739.48,failed,online,2025-08-03,NO
4318,21570,53191,886.12,completed,online,2025-08-03,NO
2872,21743,55176,181.07,failed,online,2025-08-03,NO
2351,19302,55569,1705.23,failed,online,2025-08-03,NO
2182,618,55840,140.14,completed,online,2025-08-03,NO
2715,30903,57168,1520.56,completed,online,2025-08-03,NO
1283,16870,57637,48.72,failed,online,2025-08-03,NO
1,36371,59023,999.49,failed,online,2025-08-03,NO
2360,24808,59244,784.99,failed,online,2025-08-03,NO
1686,44779,59922,1664.22,completed,online,2025-08-03,NO
4494,18449,62961,1398.65,failed,online,2025-08-03,NO
3560,11959,65305,1434.31,failed,online,2025-08-03,NO
1931,6149,66338,76.89,completed,online,2025-08-03,NO
1219,42865,68738,1125.96,completed,online,2025-08-03,NO
1,15639,70996,1869.04,failed,online,2025-08-03,NO
296,42946,71171,1912.23,completed,online,2025-08-03,NO
4111,29105,75102,1052.83,completed,online,2025-08-03,NO
1861,9064,77875,1143.93,completed,online,2025-08-03,NO
2791,19231,79991,271.09,completed,online,2025-08-03,NO
69,36794,80446,188.58,completed,online,2025-08-03,NO
268,18636,80703,1022.41,failed,online,2025-08-03,NO
2858,13991,82233,1351.78,failed,online,2025-08-03,NO
1185,14556,83414,89.72,completed,online,2025-08-03,NO
649,1370,88414,186.59,failed,online,2025-08-03,NO
3005,46006,88664,679.41,completed,online,2025-08-03,NO
2800,40877,89570,1289.73,failed,online,2025-08-03,NO
4795,43138,93877,355.89,failed,online,2025-08-03,NO
4931,26537,98921,72.09,completed,online,2025-08-03,NO
883,14362,99796,82.75,failed,online,2025-08-03,NO
1,17306,99930,1792.46,failed,UNKNOWN,2025-08-03,NO
1,2541,100152,668.54,failed,online,2025-08-03,NO
999,40143,102061,80.67,completed,online,2025-08-03,NO
4318,37559,104383,1135.66,completed,online,2025-08-03,NO
65,46473,104770,259.01,completed,online,2025-08-03,NO
4356,12207,108929,1103.37,completed,online,2025-08-03,NO
1,3675,109484,998.03,completed,online,2025-08-03,NO
251,39972,110904,857.57,completed,online,2025-08-03,NO
567,14170,113676,492.36,completed,online,2025-08-03,NO
1432,22008,114366,1626.35,failed,online,2025-08-03,NO
575,40218,117570,1722.87,completed,online,2025-08-03,NO
1624,25139,118140,731.33,completed,online,2025-08-03,NO
1715,49409,118976,1040.03,completed,UNKNOWN,2025-08-03,NO
1,17619,126683,1251.72,completed,online,2025-08-03,NO
923,40579,127327,487.72,completed,online,2025-08-03,NO
1,14802,127591,1742.05,completed,online,2025-08-03,NO
1427,25622,130176,507.57,failed,online,2025-08-03,NO
2653,25541,130844,1106.06,completed,online,2025-08-03,NO
1,13754,131969,157.96,completed,online,2025-08-03,NO
1,16318,135309,1313.09,completed,online,2025-08-03,NO
2778,5984,137445,735.17,completed,online,2025-08-03,NO
2976,45870,139867,1897.11,completed,online,2025-08-03,NO
344,21700,140697,1610.98,completed,online,2025-08-03,NO
1,49675,144867,700.46,completed,online,2025-08-03,NO
4931,22670,145702,1055.85,completed,online,2025-08-03,NO
2571,23795,146056,320.27,failed,online,2025-08-03,NO
4024,14250,146327,1965.44,failed,online,2025-08-03,NO
1241,18998,148374,943.11,completed,online,2025-08-03,NO
836,27349,148384,856.61,completed,online,2025-08-03,NO
1,15918,148966,1025.16,completed,online,2025-08-03,NO
1108,44319,501,782.76,completed,online,2025-04-25,NO
3162,43932,5142,8907.267106231213,completed,online,2025-04-25,NO
3770,41632,6125,268.64,completed,online,2025-04-25,NO
4490,1883,7962,949.51,completed,online,2025-04-25,NO
2580,515,8500,1072.52,completed,online,2025-04-25,NO
1,41484,8619,1986.92,completed,online,2025-04-25,NO
4,46025,8646,129.16,completed,online,2025-04-25,NO
2423,24194,12366,1184.91,failed,online,2025-04-25,NO
2404,38418,12367,117.01,failed,online,2025-04-25,NO
1,11857,17398,43.34,completed,online,2025-04-25,NO
1777,39411,18123,1074.94,failed,online,2025-04-25,NO
4631,18064,19603,1535.22,completed,UNKNOWN,2025-04-25,NO
3945,33191,20052,190.96,completed,online,2025-04-25,NO
1618,10661,20827,1614.17,completed,online,2025-04-25,NO
1376,21420,24858,1711.35,failed,online,2025-04-25,NO
1,46609,25602,1035.04,failed,online,2025-04-25,NO
2718,37981,26898,1916.92,failed,online,2025-04-25,NO
4727,42354,29698,302.19,completed,online,2025-04-25,NO
3741,13527,31010,483.6,failed,online,2025-04-25,NO
2172,38336,31391,1536.32,failed,online,2025-04-25,NO
575,1298,35052,9665.404327639688,completed,online,2025-04-25,NO
1725,15739,36454,1269.67,failed,online,2025-04-25,NO
1455,8831,38395,1457.97,completed,online,2025-04-25,NO
117,8306,38980,1221.47,failed,online,2025-04-25,NO
1,8971,41012,1374.11,completed,online,2025-04-25,NO
3674,32435,45432,365.63,failed,online,2025-04-25,NO
1,40806,47302,1371.37,completed,online,2025-04-25,NO
1,21384,47618,1373.58,completed,online,2025-04-25,NO
2485,7275,47708,184.08,failed,online,2025-04-25,NO
3542,3309,49607,841.04,failed,online,2025-04-25,NO
2884,1190,52583,1257.93,completed,online,2025-04-25,NO
3198,5202,61265,729.75,failed,online,2025-04-25,NO
1,45383,61968,1362.99,failed,online,2025-04-25,NO
1350,1973,62502,1384.04,failed,online,2025-04-25,NO
4766,29251,64240,1559.96,failed,online,2025-04-25,NO
1007,39744,65985,9330.72862729822,completed,online,2025-04-25,NO
1,32225,67250,1713.83,failed,online,2025-04-25,NO
844,9585,69001,631.69,completed,online,2025-04-25,NO
1046,36275,69602,1058.28,completed,online,2025-04-25,NO
3707,35821,70170,1774.89,failed,online,2025-04-25,NO
4563,45723,74681,61.34,completed,online,2025-04-25,NO
530,30163,77145,214.15,completed,online,2025-04-25,NO
1,4220,82255,1359.95,completed,online,2025-04-25,NO
3495,13135,82322,675.03,completed,online,2025-04-25,NO
1923,35772,84145,491.67,completed,online,2025-04-25,NO
3228,8679,84706,1370.88,failed,online,2025-04-25,NO
4203,36939,87239,1443.54,completed,online,2025-04-25,NO
2753,41294,89296,915.14,failed,online,2025-04-25,NO
1,35487,93626,519.63,failed,online,2025-04-25,NO
972,4941,96454,1152.17,completed,online,2025-04-25,NO
205,33084,97430,1183.36,completed,online,2025-04-25,NO
2912,20135,100541,1052.49,completed,online,2025-04-25,NO
4964,40127,103268,1563.86,failed,online,2025-04-25,NO
2824,35849,103638,1130.56,completed,online,2025-04-25,NO
1,3432,105086,130.89,completed,online,2025-04-25,NO
1695,29493,106278,1533.88,completed,online,2025-04-25,NO
1,48456,107687,207.71,completed,online,2025-04-25,NO
1677,25378,108182,1242.59,failed,online,2025-04-25,NO
2906,41712,110452,985.14,failed,online,2025-04-25,NO
4704,43055,110632,161.57,failed,online,2025-04-25,NO
4029,10015,111093,1198.01,failed,online,2025-04-25,NO
1,22534,111203,965.95,completed,online,2025-04-25,NO
3053,9315,112011,115.26,completed,online,2025-04-25,NO
1641,33267,113868,72.58,failed,online,2025-04-25,NO
780,38552,115825,1398.73,failed,online,2025-04-25,NO
4220,41799,115959,248.14,failed,online,2025-04-25,NO
1,43172,116488,961.99,failed,online,2025-04-25,NO
770,14703,116822,273.54,completed,online,2025-04-25,NO
4701,26909,118435,759.26,failed,online,2025-04-25,NO
723,25839,119860,1125.41,completed,online,2025-04-25,NO
4972,31881,126739,591.86,failed,online,2025-04-25,NO
4751,28958,127341,975.11,failed,online,2025-04-25,NO
1,38806,131403,1393.46,failed,online,2025-04-25,NO
475,23406,132286,1571.48,failed,online,2025-04-25,NO
4269,13069,132876,1792.87,failed,online,2025-04-25,NO
4456,35570,133280,296.24,completed,UNKNOWN,2025-04-25,NO
2044,39420,133921,924.52,completed,online,2025-04-25,NO
3479,41200,133984,1339.12,failed,online,2025-04-25,NO
636,44638,134026,326.57,failed,online,2025-04-25,NO
4473,16016,135846,583.2,completed,online,2025-04-25,NO
287,2478,136264,1443.2,failed,online,2025-04-25,NO
3860,10213,137311,1977.41,failed,online,2025-04-25,NO
2311,32782,139695,937.13,failed,online,2025-04-25,NO
343,34690,141180,813.47,failed,online,2025-04-25,NO
540,19473,145283,960.29,failed,online,2025-04-25,NO
504,27153,145363,700.6,completed,online,2025-04-25,NO
668,32716,145460,379.04,failed,online,2025-04-25,NO
3901,39633,145657,1853.37,failed,online,2025-04-25,NO
706,44495,147657,1139.86,completed,online,2025-04-25,NO
77,20808,148839,1380.73,completed,online,2025-04-25,NO
1,2555,149544,837.49,failed,UNKNOWN,2025-04-25,NO
2672,33725,149816,1001.8,completed,online,2025-04-25,NO
2868,15246,2235,1388.11,failed,online,2025-10-13,NO
136,23284,2288,1985.52,completed,online,2025-10-13,NO
1183,18926,2439,1371.87,completed,online,2025-10-13,NO
103,3731,4181,644.98,completed,online,2025-10-13,NO
2856,21493,4482,1023.32,failed,online,2025-10-13,NO
3827,4283,5916,1274.28,completed,online,2025-10-13,NO
2078,23296,6832,62.41,failed,online,2025-10-13,NO
2883,11201,6855,1016.94,completed,online,2025-10-13,NO
2121,18966,8592,1138.55,failed,online,2025-10-13,NO
3102,22680,8751,985.02,completed,online,2025-10-13,NO
3145,39175,9677,1807.93,failed,online,2025-10-13,NO
3844,23141,10409,1719.51,failed,online,2025-10-13,NO
3710,23216,12940,910.2,failed,online,2025-10-13,NO
2917,38630,14455,251.67,failed,online,2025-10-13,NO
979,37296,16339,716.26,failed,online,2025-10-13,NO
905,29290,17029,873.86,failed,online,2025-10-13,NO
3525,10185,19021,483.16,completed,online,2025-10-13,NO
4016,47351,19969,917.61,completed,online,2025-10-13,NO
2866,25299,20712,1342.36,completed,online,2025-10-13,NO
1888,18779,20932,631.95,failed,online,2025-10-13,NO
3749,18560,21121,471.11,completed,online,2025-10-13,NO
1922,15742,22851,1712.5,failed,online,2025-10-13,NO
346,39,27556,995.98,failed,online,2025-10-13,NO
1,37501,28153,1405.95,failed,online,2025-10-13,NO
1,17423,30793,405.75,completed,online,2025-10-13,NO
1,232,31376,127.33,completed,online,2025-10-13,NO
4545,25553,32514,401.37,completed,online,2025-10-13,NO
1788,11892,32873,925.38,failed,online,2025-10-13,NO
497,28356,33972,1984.32,completed,online,2025-10-13,NO
4186,10295,34602,1117.93,failed,online,2025-10-13,NO
3113,26194,35169,806.78,completed,online,2025-10-13,NO
1,22599,40713,7186.104752682328,completed,online,2025-10-13,NO
1,41998,42204,1125.39,failed,online,2025-10-13,NO
516,5924,42833,1399.56,failed,online,2025-10-13,NO
1,37502,47101,1651.73,failed,online,2025-10-13,NO
2663,44140,47872,1179.14,failed,online,2025-10-13,NO
4159,25409,52987,441.91,failed,online,2025-10-13,NO
1,19481,55659,428.72,completed,online,2025-10-13,NO
834,29884,58118,1953.47,failed,online,2025-10-13,NO
2485,21942,59272,899.17,failed,online,2025-10-13,NO
3198,37615,59945,526.64,failed,online,2025-10-13,NO
2475,5090,61398,1817.51,failed,online,2025-10-13,NO
4507,7412,61672,238.93,completed,online,2025-10-13,NO
3346,48572,63724,1369.36,failed,online,2025-10-13,NO
1,45881,66049,420.4,failed,online,2025-10-13,NO
4344,21985,66840,850.24,completed,UNKNOWN,2025-10-13,NO
1982,28616,68087,1004.57,failed,online,2025-10-13,NO
2243,19293,69235,979.54,completed,online,2025-10-13,NO
1557,11206,70497,434.74,failed,UNKNOWN,2025-10-13,NO
667,10471,71946,403.1,failed,online,2025-10-13,NO
1523,46271,72500,161.94,completed,online,2025-10-13,NO
1,48862,73277,1452.91,failed,online,2025-10-13,NO
2282,44703,75271,1783.46,completed,online,2025-10-13,NO
1360,38612,77650,1486.81,completed,online,2025-10-13,NO
2884,34164,79730,1729.27,failed,online,2025-10-13,NO
3294,5216,81138,858.94,completed,online,2025-10-13,NO
3984,6524,85100,1825.29,failed,online,2025-10-13,NO
4777,22462,86206,1684.98,failed,online,2025-10-13,NO
3037,40071,86785,503.05,completed,online,2025-10-13,NO
2105,45495,88843,647.69,completed,online,2025-10-13,NO
3020,30863,89772,1505.51,completed,online,2025-10-13,NO
4815,27383,89789,28.86,completed,online,2025-10-13,NO
2922,42254,96922,1101.23,failed,online,2025-10-13,NO
1803,31204,98766,488.04,completed,online,2025-10-13,NO
1284,48287,100788,18.68,completed,online,2025-10-13,NO
1,19137,102023,575.32,failed,online,2025-10-13,NO
1,41576,105838,689.45,failed,online,2025-10-13,NO
830,1990,108065,1602.01,failed,online,2025-10-13,NO
1,26889,109529,1598.36,completed,online,2025-10-13,NO
4683,36523,109589,649.1,completed,online,2025-10-13,NO
762,27061,110125,449.74,completed,online,2025-10-13,NO
2551,13202,110512,504.56,completed,online,2025-10-13,NO
1,11068,112174,462.2,completed,online,2025-10-13,NO
3104,27113,114405,1606.42,failed,online,2025-10-13,NO
3276,13132,114486,1138.08,failed,online,2025-10-13,NO
1024,12542,114745,1010.32,failed,online,2025-10-13,NO
3742,11020,117665,703.58,failed,online,2025-10-13,NO
1,45338,120223,1317.59,failed,online,2025-10-13,NO
1143,49637,120249,416.08,failed,online,2025-10-13,NO
3342,43974,120706,913.12,failed,online,2025-10-13,NO
1616,17231,122464,1161.21,completed,online,2025-10-13,NO
743,20846,124681,739.7,failed,online,2025-10-13,NO
1390,14280,124755,975.33,failed,online,2025-10-13,NO
3870,22694,128785,410.91,completed,online,2025-10-13,NO
1410,34728,130654,601.41,failed,online,2025-10-13,NO
3119,47541,131396,1796.08,failed,online,2025-10-13,NO
4469,3091,131740,898.46,failed,online,2025-10-13,NO
1,33981,133273,137.06,completed,online,2025-10-13,NO
4409,45795,136695,630.81,completed,online,2025-10-13,NO
4234,38011,137045,1617.13,completed,online,2025-10-13,NO
3947,6206,139021,825.23,completed,online,2025-10-13,NO
645,11969,144935,131.03,completed,online,2025-10-13,NO
3974,45451,145218,106.2,failed,online,2025-10-13,NO
1132,46021,1002,1432.45,completed,online,2025-03-22,NO
1,16870,1843,760.38,failed,online,2025-03-22,NO
1977,18349,1934,513.35,completed,online,2025-03-22,NO
1442,34796,2158,1233.13,completed,online,2025-03-22,NO
2642,44264,3097,309.78,failed,online,2025-03-22,NO
3273,27339,4030,1260.43,failed,online,2025-03-22,NO
1,12223,4510,1485.88,completed,online,2025-03-22,NO
390,42351,6112,1229.74,completed,online,2025-03-22,NO
4110,4086,7070,980.91,completed,online,2025-03-22,NO
372,48993,7735,1682.31,completed,online,2025-03-22,NO
3911,16569,8912,838.66,completed,online,2025-03-22,NO
4859,15638,10633,1725.83,completed,online,2025-03-22,NO
476,36671,11242,250.07,failed,online,2025-03-22,NO
2577,38223,13407,783.32,completed,online,2025-03-22,NO
889,2687,14657,416.39,completed,online,2025-03-22,NO
1775,36576,19283,1794.73,completed,online,2025-03-22,NO
1,40773,19858,1881.93,completed,online,2025-03-22,NO
2286,37179,20391,453.67,completed,online,2025-03-22,NO
1544,27053,20710,1635.07,completed,online,2025-03-22,NO
3548,29399,25000,249.87,completed,online,2025-03-22,NO
1,29377,28509,812.95,failed,online,2025-03-22,NO
1196,35695,30329,1196.97,completed,online,2025-03-22,NO
4028,40564,30877,1256.78,failed,online,2025-03-22,NO
1,7319,32993,543.55,failed,online,2025-03-22,NO
2798,29789,33164,1556.07,completed,online,2025-03-22,NO
2346,43134,35240,832.57,failed,online,2025-03-22,NO
1,6292,36117,346.25,completed,online,2025-03-22,NO
4949,5762,44353,835.44,completed,online,2025-03-22,NO
1095,26941,45008,502.54,completed,online,2025-03-22,NO
3843,38012,46628,137.63,failed,online,2025-03-22,NO
4760,111,48241,503.95,failed,online,2025-03-22,NO
438,43486,49410,119.03,completed,online,2025-03-22,NO
1492,28475,50199,629.75,completed,online,2025-03-22,NO
2172,39321,57373,1124.95,completed,online,2025-03-22,NO
4006,8652,58532,716.47,completed,online,2025-03-22,NO
4844,28874,58974,472.11,failed,online,2025-03-22,NO
4707,8147,59369,335.27,completed,online,2025-03-22,NO
4364,39165,59932,1507.97,completed,online,2025-03-22,NO
2964,37737,61741,1432.51,completed,online,2025-03-22,NO
43,43397,62870,1420.49,failed,online,2025-03-22,NO
4254,265,63983,131.42,failed,online,2025-03-22,NO
445,10035,67866,1271.34,completed,online,2025-03-22,NO
4573,31836,68567,120.0,failed,online,2025-03-22,NO
1,16728,68732,1223.55,completed,online,2025-03-22,NO
3426,30042,69727,680.51,completed,online,2025-03-22,NO
2257,49385,74039,972.64,completed,online,2025-03-22,NO
1,43727,74779,479.98,completed,online,2025-03-22,NO
613,38527,77200,348.35,completed,online,2025-03-22,NO
2890,45354,77243,1220.86,completed,online,2025-03-22,NO
1767,45713,79221,110.0,completed,online,2025-03-22,NO
4819,31105,79860,384.26,failed,online,2025-03-22,NO
2744,49768,80635,1076.1,completed,online,2025-03-22,NO
150,40073,81441,877.42,completed,online,2025-03-22,NO
1,39155,82682,415.29,completed,online,2025-03-22,NO
1,16934,83312,608.35,failed,online,2025-03-22,NO
1,33950,83934,779.99,completed,online,2025-03-22,NO
2069,37444,84127,1701.03,completed,online,2025-03-22,NO
1,28509,85948,1328.7,failed,online,2025-03-22,NO
420,7666,86470,1551.31,completed,online,2025-03-22,NO
4632,36022,88841,521.89,completed,online,2025-03-22,NO
4575,34159,90229,1063.61,completed,online,2025-03-22,NO
4050,15347,91402,464.88,completed,online,2025-03-22,NO
443,13857,91817,552.22,completed,online,2025-03-22,NO
3077,34915,92231,1141.7,failed,online,2025-03-22,NO
1,38995,94877,1016.19,failed,online,2025-03-22,NO
1,775,95207,275.74,completed,online,2025-03-22,NO
2275,24812,96785,715.67,completed,online,2025-03-22,NO
2962,35793,97515,1883.93,completed,online,2025-03-22,NO
1704,44485,104664,844.22,completed,online,2025-03-22,NO
690,30431,105348,1502.61,completed,online,2025-03-22,NO
4807,4317,114007,657.76,completed,online,2025-03-22,NO
543,29141,114198,439.02,failed,online,2025-03-22,NO
3914,2226,116348,1197.42,failed,online,2025-03-22,NO
4666,913,118043,1865.08,failed,online,2025-03-22,NO
1,1465,118433,872.18,failed,online,2025-03-22,NO
3224,17982,118714,1159.58,completed,online,2025-03-22,NO
1500,27635,120299,17.64,completed,online,2025-03-22,NO
3018,17705,120830,1196.51,completed,online,2025-03-22,NO
2275,17451,123165,936.17,failed,online,2025-03-22,NO
1955,32100,123239,697.18,failed,online,2025-03-22,NO
3705,24302,130265,1351.92,failed,online,2025-03-22,NO
143,16302,131333,1167.66,failed,online,2025-03-22,NO
837,18884,131522,5393.539392208555,completed,online,2025-03-22,NO
4772,3144,132772,849.78,failed,online,2025-03-22,NO
499,45811,133632,1733.46,failed,online,2025-03-22,NO
76,48474,134835,1291.66,completed,online,2025-03-22,NO
4764,16913,135474,1867.51,failed,online,2025-03-22,NO
1555,20390,140164,1939.12,completed,online,2025-03-22,NO
1,13456,142066,1470.72,completed,online,2025-03-22,NO
1,41688,147534,1766.94,completed,online,2025-03-22,NO
1324,43961,149037,1188.46,failed,online,2025-03-22,NO
904,34186,149528,1189.44,failed,online,2025-03-22,NO
1,46267,1040,1259.12,completed,online,2025-12-01,NO
1,41112,1809,1737.81,failed,online,2025-12-01,NO
611,45679,4582,639.4,failed,online,2025-12-01,NO
4780,14335,5426,832.31,completed,online,2025-12-01,NO
3350,27735,8687,110.62,failed,online,2025-12-01,NO
366,45586,10080,591.18,failed,online,2025-12-01,NO
1,37740,10701,1061.2,completed,online,2025-12-01,NO
4902,18946,11383,728.65,failed,online,2025-12-01,NO
2766,2545,13546,1877.15,failed,online,2025-12-01,NO
1,1039,14199,1336.01,completed,online,2025-12-01,NO
1926,27385,14313,1777.82,failed,online,2025-12-01,NO
1,26782,15681,568.76,failed,online,2025-12-01,NO
1512,37250,16896,260.73,completed,online,2025-12-01,NO
65,29536,18179,378.33,completed,online,2025-12-01,NO
990,48958,19835,34.19,completed,online,2025-12-01,NO
1085,27447,20889,1305.81,failed,online,2025-12-01,NO
1483,14114,21391,730.11,failed,online,2025-12-01,NO
1,13279,22337,1234.19,failed,online,2025-12-01,NO
4249,21706,24617,1718.36,failed,online,2025-12-01,NO
1,6508,27641,1004.7,failed,online,2025-12-01,NO
3328,29450,29212,508.97,failed,online,2025-12-01,NO
2829,10680,29482,567.46,failed,online,2025-12-01,NO
2758,9431,30053,1149.5,failed,online,2025-12-01,NO
3262,47775,30160,777.53,completed,online,2025-12-01,NO
241,6329,32718,1234.44,completed,online,2025-12-01,NO
4972,10208,34387,1927.75,completed,online,2025-12-01,NO
2415,48646,39182,1916.63,completed,online,2025-12-01,NO
2168,42065,39326,1509.12,completed,online,2025-12-01,NO
3676,14157,39728,1022.09,completed,online,2025-12-01,NO
1,32225,42662,599.84,failed,online,2025-12-01,NO
303,11232,43296,1119.18,completed,online,2025-12-01,NO
4113,32317,43847,419.44,completed,online,2025-12-01,NO
1,15745,45724,1022.13,completed,online,2025-12-01,NO
811,34194,46426,287.94,failed,online,2025-12-01,NO
4954,22931,46559,1963.65,failed,online,2025-12-01,NO
2893,1245,48199,723.06,failed,online,2025-12-01,NO
1,43823,52516,1507.46,completed,online,2025-12-01,NO
3469,36892,53743,7046.918900162835,completed,online,2025-12-01,NO
1,9242,54060,1066.37,completed,online,2025-12-01,NO
1,32112,54359,1085.41,completed,online,2025-12-01,NO
1,25220,55940,7094.470316215876,completed,online,2025-12-01,NO
1596,14310,56658,770.4,completed,online,2025-12-01,NO
1,10617,59253,742.55,failed,online,2025-12-01,NO
4455,28235,59533,65.9,failed,online,2025-12-01,NO
2128,39142,60037,1525.86,completed,online,2025-12-01,NO
3885,4355,60169,993.97,completed,online,2025-12-01,NO
2240,649,60429,337.59,failed,online,2025-12-01,NO
4014,19720,60738,1998.17,failed,online,2025-12-01,NO
1,10400,62664,1437.23,failed,online,2025-12-01,NO
2621,4296,75074,1873.47,completed,online,2025-12-01,NO
3560,44006,75873,822.14,failed,online,2025-12-01,NO
761,32354,77572,1254.31,completed,online,2025-12-01,NO
3557,18202,79937,782.9,completed,online,2025-12-01,NO
2992,21863,80025,1412.0,failed,online,2025-12-01,NO
997,1744,82148,450.47,failed,online,2025-12-01,NO
1,32101,83647,595.62,failed,UNKNOWN,2025-12-01,NO
3544,9161,88773,488.03,failed,online,2025-12-01,NO
1146,24629,88935,1269.6,completed,online,2025-12-01,NO
1303,8463,89125,1398.06,completed,online,2025-12-01,NO
4904,39564,93015,1778.69,failed,online,2025-12-01,NO
1800,33033,94825,249.8,failed,online,2025-12-01,NO
3384,45837,95860,1365.97,completed,online,2025-12-01,NO
1705,46201,95911,921.9,completed,online,2025-12-01,NO
1516,46082,98238,1362.04,completed,online,2025-12-01,NO
901,26003,99062,234.45,failed,online,2025-12-01,NO
3713,43156,100406,1016.72,completed,online,2025-12-01,NO
1,23717,103013,1255.34,failed,online,2025-12-01,NO
4269,2075,104499,495.43,failed,online,2025-12-01,NO
4239,5341,108314,659.95,failed,online,2025-12-01,NO
1,19253,108964,1288.74,completed,online,2025-12-01,NO
1,13061,110911,1127.95,completed,online,2025-12-01,NO
776,303,115704,1838.73,failed,online,2025-12-01,NO
319,48042,116336,1208.49,failed,online,2025-12-01,NO
1524,3386,123642,349.52,failed,online,2025-12-01,NO
2024,9150,124218,1073.02,completed,online,2025-12-01,NO
784,3316,125922,1408.6,completed,online,2025-12-01,NO
2275,5761,126255,1718.08,failed,online,2025-12-01,NO
2761,8332,127035,749.47,completed,online,2025-12-01,NO
1913,32267,127548,1026.09,completed,online,2025-12-01,NO
3867,46623,128770,1932.89,failed,online,2025-12-01,NO
1,40828,132786,769.0,failed,online,2025-12-01,NO
2750,16313,133719,1917.58,completed,online,2025-12-01,NO
1,907,134788,1021.79,completed,online,2025-12-01,NO
3047,10976,135134,173.42,failed,online,2025-12-01,NO
4296,38495,137053,811.41,completed,online,2025-12-01,NO
1382,29059,137602,294.63,failed,online,2025-12-01,NO
1718,29540,140375,969.02,failed,online,2025-12-01,NO
4057,4519,142202,1204.25,completed,online,2025-12-01,NO
1691,20660,143234,1551.01,failed,online,2025-12-01,NO
3537,48774,146124,1219.57,failed,online,2025-12-01,NO
3489,24451,147250,985.52,completed,online,2025-12-01,NO
3516,3196,148840,1881.85,failed,online,2025-12-01,NO
4222,34548,149767,354.42,failed,online,2025-12-01,NO
436,19649,992,991.53,failed,online,2025-07-22,NO
335,16474,1616,1144.06,completed,online,2025-07-22,NO
1,22973,4506,1706.85,failed,online,2025-07-22,NO
868,4422,5817,365.84,completed,online,2025-07-22,NO
2546,31028,9481,1689.72,failed,online,2025-07-22,NO
4304,13846,9827,489.2,failed,online,2025-07-22,NO
300,22764,10915,1211.59,completed,UNKNOWN,2025-07-22,NO
238,13552,13260,872.1,completed,online,2025-07-22,NO
3485,5996,17564,1295.19,failed,online,2025-07-22,NO
4239,12776,18923,318.62,completed,online,2025-07-22,NO
1,7268,21604,299.91,failed,online,2025-07-22,NO
3488,13615,22129,1589.03,failed,online,2025-07-22,NO
1984,34111,22879,439.94,completed,online,2025-07-22,NO
3580,723,25107,483.25,completed,online,2025-07-22,NO
4237,24666,28361,594.63,completed,online,2025-07-22,NO
1,3109,28986,89.78,failed,online,2025-07-22,NO
3665,37540,30664,960.68,failed,online,2025-07-22,NO
1377,4330,32673,1063.33,completed,online,2025-07-22,NO
1,37173,34298,804.34,completed,online,2025-07-22,NO
666,35276,37377,1632.53,failed,online,2025-07-22,NO
697,15091,37582,1026.0,completed,online,2025-07-22,NO
4609,37360,39101,450.37,completed,online,2025-07-22,NO
2929,44153,41074,289.55,failed,online,2025-07-22,NO
3699,9816,41090,676.59,completed,online,2025-07-22,NO
1669,37425,41735,896.82,failed,online,2025-07-22,NO
2546,7555,42039,1515.66,failed,online,2025-07-22,NO
23,13721,43418,1141.96,failed,online,2025-07-22,NO
2269,36562,51262,1108.51,completed,online,2025-07-22,NO
1604,6434,56370,1034.87,failed,online,2025-07-22,NO
883,14481,60342,1838.55,completed,online,2025-07-22,NO
1102,43635,60792,1423.39,completed,online,2025-07-22,NO
1065,7243,61008,1439.41,completed,online,2025-07-22,NO
1727,14266,65868,1136.56,completed,UNKNOWN,2025-07-22,NO
22,34196,66141,1484.7,completed,online,2025-07-22,NO
1959,18261,66405,707.37,completed,online,2025-07-22,NO
469,17661,67282,1787.53,completed,online,2025-07-22,NO
1,25985,67541,1357.32,failed,online,2025-07-22,NO
4716,38159,67873,1236.41,completed,online,2025-07-22,NO
1179,21034,68880,1427.14,completed,online,2025-07-22,NO
3982,38937,72125,158.91,completed,online,2025-07-22,NO
1,37562,72202,387.37,completed,online,2025-07-22,NO
3447,20336,73639,1884.51,completed,online,2025-07-22,NO
1,34420,77332,1642.08,failed,online,2025-07-22,NO
4900,22687,77900,640.96,failed,online,2025-07-22,NO
1,12935,79192,584.31,completed,online,2025-07-22,NO
3759,20847,79377,8421.89940060316,completed,online,2025-07-22,NO
626,12369,80441,600.3,failed,online,2025-07-22,NO
1886,37393,82413,96.3,failed,online,2025-07-22,NO
1,9249,86663,1844.05,completed,online,2025-07-22,NO
1675,45866,87621,534.36,failed,online,2025-07-22,NO
1,459,91057,721.97,failed,online,2025-07-22,NO
2146,11894,91176,1334.63,failed,online,2025-07-22,NO
2180,17135,92443,1684.19,failed,online,2025-07-22,NO
4110,17296,96508,1888.1,completed,online,2025-07-22,NO
2753,28075,97629,1129.28,completed,online,2025-07-22,NO
3235,17960,99186,1158.13,failed,UNKNOWN,2025-07-22,NO
1,48077,102278,1139.66,completed,online,2025-07-22,NO
4790,19250,102392,1081.44,failed,online,2025-07-22,NO
3840,25450,105747,6812.214207901887,completed,online,2025-07-22,NO
3066,18427,107246,493.37,failed,online,2025-07-22,NO
140,19420,107388,1205.5,completed,online,2025-07-22,NO
2513,37331,110214,453.65,completed,online,2025-07-22,NO
1565,1251,111617,1003.13,completed,online,2025-07-22,NO
4343,37270,113919,540.11,failed,UNKNOWN,2025-07-22,NO
1,48543,115257,930.12,completed,online,2025-07-22,NO
2577,37434,115635,1121.48,failed,online,2025-07-22,NO
2956,19018,119765,229.86,failed,online,2025-07-22,NO
428,49330,119887,1013.34,failed,online,2025-07-22,NO
2685,15442,120357,1897.12,completed,online,2025-07-22,NO
3023,15480,122297,1425.71,completed,online,2025-07-22,NO
2381,6646,122958,1561.55,completed,online,2025-07-22,NO
1318,28602,123732,1000.45,failed,online,2025-07-22,NO
4834,36361,123952,945.67,failed,online,2025-07-22,NO
1,26008,125608,221.78,completed,online,2025-07-22,NO
2292,20313,126695,783.08,completed,online,2025-07-22,NO
1,17330,127067,18.88,completed,online,2025-07-22,NO
4741,21572,129371,876.03,completed,UNKNOWN,2025-07-22,NO
2265,33108,130279,1728.21,failed,online,2025-07-22,NO
2932,7491,131316,1700.14,failed,online,2025-07-22,NO
1,36874,134215,1381.66,completed,online,2025-07-22,NO
1216,42256,137137,1628.91,failed,online,2025-07-22,NO
1283,44678,137206,1234.87,failed,online,2025-07-22,NO
1,37374,137798,1109.96,completed,online,2025-07-22,NO
2084,43205,138218,195.45,failed,online,2025-07-22,NO
3546,11111,139507,574.74,failed,online,2025-07-22,NO
531,21772,140568,1484.13,failed,online,2025-07-22,NO
467,29452,143303,253.09,failed,online,2025-07-22,NO
1,40557,143711,1230.09,completed,online,2025-07-22,NO
3899,46146,146125,200.52,failed,online,2025-07-22,NO
1271,18595,146283,590.2,completed,online,2025-07-22,NO
1,26368,147260,159.92,completed,online,2025-07-22,NO
1,35151,149157,1559.47,failed,online,2025-07-22,NO
1,44995,1874,818.48,failed,online,2025-08-29,NO
1757,25054,4094,906.48,completed,online,2025-08-29,NO
368,24139,4615,1023.58,completed,online,2025-08-29,NO
185,22399,6050,1522.47,completed,online,2025-08-29,NO
2466,11888,7156,1092.81,failed,online,2025-08-29,NO
1,16067,7664,1466.43,completed,online,2025-08-29,NO
1,23722,9298,1115.32,failed,online,2025-08-29,NO
566,14621,10131,834.26,completed,online,2025-08-29,NO
1880,32440,10854,1863.73,completed,online,2025-08-29,NO
2656,7759,11573,123.03,failed,online,2025-08-29,NO
1223,49412,11648,388.61,failed,online,2025-08-29,NO
3173,26370,11661,1269.78,completed,online,2025-08-29,NO
4082,2583,12166,916.58,completed,online,2025-08-29,NO
1,35532,18508,439.66,failed,online,2025-08-29,NO
6,38244,18891,1329.56,failed,online,2025-08-29,NO
3990,1981,19052,1409.16,failed,online,2025-08-29,NO
786,19478,19456,1263.84,failed,online,2025-08-29,NO
3258,6920,21199,1175.42,completed,online,2025-08-29,NO
3256,27578,25104,301.59,completed,online,2025-08-29,NO
2529,46581,28357,92.57,failed,online,2025-08-29,NO
1,11878,30288,927.85,failed,online,2025-08-29,NO
4670,22027,32815,1480.12,completed,online,2025-08-29,NO
194,13855,33065,1309.89,completed,online,2025-08-29,NO
3248,36120,33247,560.4,completed,online,2025-08-29,NO
3793,22810,33280,1508.86,completed,online,2025-08-29,NO
1,25175,34188,1301.62,completed,online,2025-08-29,NO
1450,16020,37557,677.05,failed,online,2025-08-29,NO
1,119,40065,1555.63,completed,online,2025-08-29,NO
3374,23869,40750,311.19,failed,online,2025-08-29,NO
1,41692,41721,936.24,failed,online,2025-08-29,NO
1,26651,41974,1299.57,completed,online,2025-08-29,NO
3362,6897,45748,44.63,completed,online,2025-08-29,NO
3108,16952,46086,168.77,failed,online,2025-08-29,NO
741,39329,47481,1328.93,completed,online,2025-08-29,NO
2080,35980,47634,1169.88,completed,online,2025-08-29,NO
1859,29219,49150,1476.56,completed,online,2025-08-29,NO
158,8891,50923,1476.52,completed,online,2025-08-29,NO
1,9371,55786,1494.93,failed,online,2025-08-29,NO
3571,8394,58902,1706.91,completed,online,2025-08-29,NO
2660,22173,63279,665.21,failed,online,2025-08-29,NO
2361,39825,63709,1011.4,completed,online,2025-08-29,NO
3936,33740,66291,45.59,failed,online,2025-08-29,NO
1,5119,68088,1663.13,completed,online,2025-08-29,NO
703,28506,69672,1070.31,failed,online,2025-08-29,NO
1492,42325,70454,1152.18,failed,online,2025-08-29,NO
1,8693,70588,1202.8,failed,online,2025-08-29,NO
4980,16737,78018,1264.84,failed,online,2025-08-29,NO
181,38550,79782,776.35,completed,online,2025-08-29,NO
1698,39505,81380,32.67,failed,online,2025-08-29,NO
257,16464,81388,1884.51,failed,online,2025-08-29,NO
2266,26375,81452,1954.17,completed,online,2025-08-29,NO
3504,46197,81836,932.1,failed,online,2025-08-29,NO
3202,17718,84822,404.1,completed,online,2025-08-29,NO
3137,3869,84944,1550.75,failed,online,2025-08-29,NO
609,30318,86080,508.8,completed,online,2025-08-29,NO
424,48757,91392,278.01,failed,online,2025-08-29,NO
2162,29961,92052,1540.24,failed,online,2025-08-29,NO
2459,25025,94097,1736.09,completed,online,2025-08-29,NO
2180,26213,96510,1474.02,failed,online,2025-08-29,NO
1,20167,97342,735.47,failed,online,2025-08-29,NO
2481,15336,97614,116.79,failed,online,2025-08-29,NO
1,34871,97815,1928.9,failed,online,2025-08-29,NO
1,10774,102590,382.11,completed,online,2025-08-29,NO
2863,29223,102591,1050.77,completed,online,2025-08-29,NO
4489,12462,103866,1028.53,failed,online,2025-08-29,NO
1,49912,105565,152.1,failed,online,2025-08-29,NO
2302,46971,110627,885.64,failed,online,2025-08-29,NO
4735,42243,110991,1367.34,failed,online,2025-08-29,NO
1161,22728,111269,1974.67,failed,online,2025-08-29,NO
1733,27810,115867,463.02,failed,online,2025-08-29,NO
4141,18428,116677,1482.99,failed,online,2025-08-29,NO
3630,32245,117288,268.4,failed,online,2025-08-29,NO
2986,3467,118119,677.08,completed,online,2025-08-29,NO
1,46616,118671,444.24,completed,online,2025-08-29,NO
4902,13546,119344,1619.84,completed,online,2025-08-29,NO
1,7738,121962,1158.84,failed,online,2025-08-29,NO
2216,43119,122925,1081.91,failed,online,2025-08-29,NO
2204,27077,123477,1225.96,completed,online,2025-08-29,NO
1,14808,124039,978.41,completed,online,2025-08-29,NO
1,2093,125362,498.27,failed,online,2025-08-29,NO
980,4887,125699,110.06,failed,online,2025-08-29,NO
1,42505,125995,1587.76,completed,online,2025-08-29,NO
633,39257,127441,264.19,completed,online,2025-08-29,NO
2743,15410,133144,1593.56,completed,online,2025-08-29,NO
2698,39962,133191,282.08,completed,online,2025-08-29,NO
1553,34160,141126,1305.43,completed,online,2025-08-29,NO
1,26670,142821,1944.39,completed,online,2025-08-29,NO
3236,86,144493,933.06,completed,online,2025-08-29,NO
3374,41169,145017,1429.03,completed,online,2025-08-29,NO
1,26954,145944,1945.94,completed,online,2025-08-29,NO
1093,21644,146528,8683.970632308181,failed,online,2025-08-29,NO
1,35457,146629,1747.82,completed,online,2025-08-29,NO
1911,21493,149870,1798.11,failed,online,2025-08-29,NO
688,29019,815,1317.62,completed,online,2025-03-21,NO
2108,32134,1086,1953.97,failed,online,2025-03-21,NO
1,5097,1535,1555.53,failed,online,2025-03-21,NO
1,49112,3289,648.42,failed,online,2025-03-21,NO
1135,4994,4183,272.0,completed,online,2025-03-21,NO
4358,16796,4331,787.55,completed,online,2025-03-21,NO
2283,38063,4702,1611.12,failed,online,2025-03-21,NO
2800,27473,9382,481.69,completed,online,2025-03-21,NO
3970,18654,10711,1889.31,failed,online,2025-03-21,NO
1,18110,11122,724.32,completed,online,2025-03-21,NO
333,1821,14557,1128.84,failed,online,2025-03-21,NO
1,8697,16281,395.81,failed,online,2025-03-21,NO
3412,42086,16980,1847.89,failed,online,2025-03-21,NO
1851,5653,27824,1086.36,completed,online,2025-03-21,NO
1257,35578,31198,1942.08,completed,online,2025-03-21,NO
4890,17368,31634,315.77,completed,online,2025-03-21,NO
614,4332,31817,686.18,failed,online,2025-03-21,NO
4300,13988,33000,280.83,completed,online,2025-03-21,NO
2106,38755,33584,1749.06,failed,online,2025-03-21,NO
1,22705,34206,449.73,failed,online,2025-03-21,NO
2049,15862,35152,853.42,completed,online,2025-03-21,NO
288,1384,35325,678.66,failed,online,2025-03-21,NO
3919,42244,35447,1781.79,failed,online,2025-03-21,NO
2391,44986,36254,314.45,completed,online,2025-03-21,NO
1738,37275,36381,1279.77,failed,online,2025-03-21,NO
1586,30399,39512,1161.31,completed,online,2025-03-21,NO
1320,25887,41404,1585.75,completed,online,2025-03-21,NO
3700,4616,41818,864.98,failed,online,2025-03-21,NO
2961,4441,42907,139.39,completed,online,2025-03-21,NO
4089,48359,43335,1071.75,failed,online,2025-03-21,NO
4830,20540,44444,214.39,completed,online,2025-03-21,NO
2791,49609,44835,1376.17,completed,online,2025-03-21,NO
568,33628,45866,288.93,failed,online,2025-03-21,NO
1,40561,47487,1708.86,completed,online,2025-03-21,NO
1189,30494,48531,1924.63,completed,online,2025-03-21,NO
2612,24955,48624,775.35,completed,online,2025-03-21,NO
1,30399,49726,1231.75,failed,online,2025-03-21,NO
1,10000,50001,584.12,failed,online,2025-03-21,NO
1,7472,50180,321.23,completed,online,2025-03-21,NO
1086,23072,54527,1490.48,failed,online,2025-03-21,NO
788,23628,58416,1285.44,failed,online,2025-03-21,NO
4327,7458,60347,716.58,completed,online,2025-03-21,NO
765,43917,65032,1421.46,failed,online,2025-03-21,NO
4657,39160,65558,1352.23,failed,online,2025-03-21,NO
4223,11763,66683,294.48,failed,online,2025-03-21,NO
1,42831,67425,753.48,failed,online,2025-03-21,NO
1,40008,71298,1793.8,completed,online,2025-03-21,NO
2574,46887,71839,618.46,completed,online,2025-03-21,NO
1658,49477,72302,36.0,failed,online,2025-03-21,NO
1,14123,72418,417.89,completed,online,2025-03-21,NO
2875,47601,73035,1321.24,completed,online,2025-03-21,NO
3448,30184,73399,818.15,failed,online,2025-03-21,NO
1,23793,76925,695.88,failed,online,2025-03-21,NO
1,45228,83696,420.11,completed,online,2025-03-21,NO
1568,34133,85393,1990.13,failed,online,2025-03-21,NO
2552,10435,89200,1105.82,failed,online,2025-03-21,NO
3596,48376,91981,1868.28,completed,online,2025-03-21,NO
102,26568,92881,159.14,completed,online,2025-03-21,NO
2308,45242,96927,1785.56,failed,online,2025-03-21,NO
1,6552,103481,1281.9,completed,online,2025-03-21,NO
3619,38354,104300,800.38,failed,online,2025-03-21,NO
2237,45187,104369,1786.4,completed,online,2025-03-21,NO
2533,49057,105116,493.39,failed,online,2025-03-21,NO
3775,43702,108814,140.4,failed,online,2025-03-21,NO
4718,2928,108935,1120.26,completed,online,2025-03-21,NO
781,35103,110071,1788.01,failed,online,2025-03-21,NO
1,12581,110323,529.68,failed,online,2025-03-21,NO
1584,30159,111769,1729.16,failed,online,2025-03-21,NO
4800,37063,112314,643.62,completed,online,2025-03-21,NO
2763,45068,113038,695.03,completed,online,2025-03-21,NO
4651,14744,115188,311.44,failed,online,2025-03-21,NO
4034,27511,116480,396.18,failed,online,2025-03-21,NO
1998,11436,116873,805.53,completed,online,2025-03-21,NO
464,22223,117049,545.05,completed,online,2025-03-21,NO
3999,19948,119815,1039.81,completed,online,2025-03-21,NO
4778,49800,121564,193.27,completed,online,2025-03-21,NO
4464,35684,121963,851.11,completed,online,2025-03-21,NO
147,14543,126681,1395.05,failed,UNKNOWN,2025-03-21,NO
2593,31524,131570,1608.1,failed,online,2025-03-21,NO
231,36802,131802,1586.87,completed,online,2025-03-21,NO
2226,27462,133765,1383.81,failed,online,2025-03-21,NO
3663,12122,136235,71.38,failed,online,2025-03-21,NO
580,46302,136525,395.82,failed,online,2025-03-21,NO
3122,28949,137932,1428.17,failed,online,2025-03-21,NO
299,1717,139336,24.81,completed,online,2025-03-21,NO
2437,32390,140265,1323.13,failed,online,2025-03-21,NO
1,43891,141730,1078.55,failed,online,2025-03-21,NO
572,26352,142377,1232.22,completed,online,2025-03-21,NO
4792,10272,143675,138.65,failed,online,2025-03-21,NO
1487,27806,143749,1577.93,completed,online,2025-03-21,NO
4887,30014,143905,325.64,failed,online,2025-03-21,NO
1,2734,149574,1203.33,failed,online,2025-03-21,NO
3942,7200,149955,1409.93,completed,online,2025-03-21,NO
2965,40953,1508,122.54,completed,online,2025-12-21,NO
1028,36053,1652,94.33,completed,online,2025-12-21,NO
4967,11409,4128,1944.56,failed,online,2025-12-21,NO
1188,30206,5170,1959.69,completed,online,2025-12-21,NO
1,43725,12826,867.41,failed,online,2025-12-21,NO
3752,1371,16340,1432.43,completed,online,2025-12-21,NO
1602,46586,17390,1005.81,completed,online,2025-12-21,NO
1,31627,17631,1545.3,failed,online,2025-12-21,NO
1297,27875,18354,1672.59,failed,online,2025-12-21,NO
1,15279,19818,277.61,failed,online,2025-12-21,NO
586,24196,20245,1367.84,failed,online,2025-12-21,NO
690,29307,22172,950.02,failed,online,2025-12-21,NO
3047,37300,22745,692.51,failed,UNKNOWN,2025-12-21,NO
2825,49251,27086,237.23,completed,online,2025-12-21,NO
4505,25700,27945,1456.98,completed,online,2025-12-21,NO
4033,25,31104,1997.75,completed,online,2025-12-21,NO
1,37803,31269,1366.28,failed,online,2025-12-21,NO
1,20632,33681,1967.94,failed,online,2025-12-21,NO
214,47494,41166,1333.23,completed,online,2025-12-21,NO
1,15048,41657,862.64,failed,online,2025-12-21,NO
3243,21683,42840,1332.36,failed,online,2025-12-21,NO
2796,20488,44200,556.55,completed,online,2025-12-21,NO
1,12352,44816,433.18,completed,online,2025-12-21,NO
4626,22222,45368,468.06,failed,online,2025-12-21,NO
1859,44532,46036,488.17,failed,online,2025-12-21,NO
433,9003,46373,1946.87,completed,online,2025-12-21,NO
1,36173,46869,555.21,failed,online,2025-12-21,NO
1704,26952,50039,572.01,completed,online,2025-12-21,NO
2433,20346,50599,1264.98,failed,online,2025-12-21,NO
830,28632,52227,1336.74,completed,online,2025-12-21,NO
51,15978,52929,104.23,completed,online,2025-12-21,NO
2182,22349,53655,176.26,completed,online,2025-12-21,NO
1,5079,53819,189.29,failed,online,2025-12-21,NO
2288,44992,55593,1702.01,failed,online,2025-12-21,NO
157,30116,55705,1942.45,failed,online,2025-12-21,NO
2400,5501,57127,149.21,completed,online,2025-12-21,NO
103,16199,57525,613.35,completed,online,2025-12-21,NO
3682,44949,58672,1652.69,failed,online,2025-12-21,NO
4275,45030,61882,1016.98,completed,online,2025-12-21,NO
796,10689,63565,1937.67,failed,online,2025-12-21,NO
4818,9758,65217,394.72,completed,online,2025-12-21,NO
2563,38693,65533,331.96,failed,online,2025-12-21,NO
1,6062,67098,421.37,completed,online,2025-12-21,NO
4306,20355,67677,1891.01,failed,online,2025-12-21,NO
2703,6983,68492,1007.44,failed,online,2025-12-21,NO
1,35502,69598,1177.8,completed,online,2025-12-21,NO
3615,16062,70363,1995.46,failed,online,2025-12-21,NO
937,16472,71369,157.18,completed,online,2025-12-21,NO
2955,15378,72633,885.47,failed,online,2025-12-21,NO
4167,29065,72983,445.94,failed,online,2025-12-21,NO
1,20505,73170,1270.77,failed,online,2025-12-21,NO
1582,18271,75643,321.15,completed,online,2025-12-21,NO
4212,11658,79811,814.86,completed,UNKNOWN,2025-12-21,NO
368,7210,81857,1046.21,failed,online,2025-12-21,NO
1,21580,83251,372.75,failed,online,2025-12-21,NO
3419,43010,84103,669.97,completed,online,2025-12-21,NO
2815,23004,84916,781.96,failed,online,2025-12-21,NO
1,26773,85674,1294.62,failed,online,2025-12-21,NO
3433,26779,86059,497.94,completed,online,2025-12-21,NO
249,3375,86471,303.03,completed,online,2025-12-21,NO
3454,18788,87593,1069.51,completed,online,2025-12-21,NO
2472,34086,89720,183.02,failed,online,2025-12-21,NO
3747,40992,90902,550.77,completed,online,2025-12-21,NO
4142,32261,95314,807.86,completed,online,2025-12-21,NO
1,18428,95680,957.58,completed,online,2025-12-21,NO
37,32317,100682,1631.88,failed,online,2025-12-21,NO
858,24409,101368,5602.662995136878,completed,online,2025-12-21,NO
1990,13665,101576,165.24,failed,online,2025-12-21,NO
1520,1803,105898,519.44,completed,online,2025-12-21,NO
2756,13226,107176,1325.82,completed,online,2025-12-21,NO
243,42618,111325,872.69,completed,online,2025-12-21,NO
1885,36199,111351,1325.23,completed,online,2025-12-21,NO
618,32322,115436,1577.35,completed,online,2025-12-21,NO
3349,36659,116961,993.09,completed,online,2025-12-21,NO
1,13865,120520,1476.32,failed,online,2025-12-21,NO
4416,19314,120692,1245.5,completed,online,2025-12-21,NO
3124,42544,122883,1839.07,failed,online,2025-12-21,NO
2310,22123,124740,1112.53,completed,online,2025-12-21,NO
1412,6978,128744,455.88,completed,UNKNOWN,2025-12-21,NO
4042,45372,133164,672.86,completed,online,2025-12-21,NO
1,12214,133599,1456.59,completed,online,2025-12-21,NO
1,41940,133879,754.74,completed,online,2025-12-21,NO
3251,10611,135953,455.53,failed,online,2025-12-21,NO
2273,45641,137725,1671.05,completed,online,2025-12-21,NO
1,27281,140659,1219.49,failed,online,2025-12-21,NO
1232,40472,142416,1823.0,failed,online,2025-12-21,NO
1832,9800,144096,1405.76,failed,UNKNOWN,2025-12-21,NO
3802,16069,147191,1040.81,completed,online,2025-12-21,NO
2922,14911,147314,1888.05,completed,online,2025-12-21,NO
3922,18588,147942,7651.125298629986,completed,online,2025-12-21,NO
985,24395,149315,1374.01,completed,online,2025-12-21,NO
1,6268,149494,450.89,failed,online,2025-12-21,NO
4838,3362,128,692.06,completed,online,2025-03-04,NO
3537,11706,236,438.45,completed,online,2025-03-04,NO
3205,10465,3008,1172.74,completed,online,2025-03-04,NO
3517,43148,3986,1557.52,failed,online,2025-03-04,NO
497,18601,4642,1116.47,completed,online,2025-03-04,NO
2453,38324,7001,1432.19,failed,online,2025-03-04,NO
1420,29794,8312,419.47,failed,online,2025-03-04,NO
1223,37946,10177,169.23,failed,online,2025-03-04,NO
2133,42020,10276,108.78,failed,online,2025-03-04,NO
1,27379,11441,1295.9,failed,online,2025-03-04,NO
1,43260,11707,53.23,failed,online,2025-03-04,NO
3300,8894,15365,1161.64,completed,online,2025-03-04,NO
3911,42749,19211,436.15,failed,online,2025-03-04,NO
3431,1817,19936,856.06,completed,online,2025-03-04,NO
1801,48024,23428,375.2,failed,online,2025-03-04,NO
4806,12585,23803,591.72,failed,online,2025-03-04,NO
1877,37023,25038,526.19,failed,online,2025-03-04,NO
2578,48082,25968,1416.16,completed,online,2025-03-04,NO
3136,36822,27378,1481.15,failed,online,2025-03-04,NO
1,13804,30316,1571.41,failed,online,2025-03-04,NO
3550,25934,30603,502.73,completed,online,2025-03-04,NO
4218,19833,33542,520.78,failed,online,2025-03-04,NO
2228,11958,34248,102.63,failed,online,2025-03-04,NO
2351,22896,36192,48.65,failed,online,2025-03-04,NO
1440,17490,38142,940.12,completed,online,2025-03-04,NO
1,15711,43898,1654.61,failed,online,2025-03-04,NO
3390,45430,45019,712.1,completed,online,2025-03-04,NO
1888,26355,48644,1801.95,failed,online,2025-03-04,NO
2709,18586,50077,740.75,completed,online,2025-03-04,NO
3609,41708,50125,1492.92,completed,online,2025-03-04,NO
3731,41948,50279,246.4,completed,online,2025-03-04,NO
704,6219,50483,1858.62,failed,online,2025-03-04,NO
3632,1501,50950,787.96,completed,online,2025-03-04,NO
1,14622,51984,1449.47,completed,online,2025-03-04,NO
4067,34529,53172,1593.47,completed,online,2025-03-04,NO
4528,26653,54844,1398.26,failed,online,2025-03-04,NO
3534,33741,56041,8107.184282065856,completed,online,2025-03-04,NO
2354,46825,56641,758.53,completed,online,2025-03-04,NO
3296,2174,58494,1820.15,failed,online,2025-03-04,NO
1,26988,60383,1710.96,completed,online,2025-03-04,NO
1,1839,60683,1202.01,failed,online,2025-03-04,NO
4609,11907,60788,835.86,completed,online,2025-03-04,NO
4302,41023,63994,438.68,failed,online,2025-03-04,NO
1886,28775,64536,1329.51,completed,online,2025-03-04,NO
1752,7639,65368,1528.62,failed,online,2025-03-04,NO
1484,49346,65374,966.15,failed,online,2025-03-04,NO
4404,45986,66304,1253.18,completed,online,2025-03-04,NO
1,39237,70569,1346.54,completed,online,2025-03-04,NO
1532,15473,72232,1724.04,failed,online,2025-03-04,NO
3404,390,74109,940.1,failed,online,2025-03-04,NO
1,14008,75241,25.39,failed,online,2025-03-04,NO
1,46025,75305,1120.06,completed,online,2025-03-04,NO
3538,33603,77315,453.03,failed,online,2025-03-04,NO
4832,47155,80513,727.98,completed,online,2025-03-04,NO
334,38454,80776,1606.63,completed,online,2025-03-04,NO
2970,27087,82373,665.37,completed,online,2025-03-04,NO
4037,18560,85258,1068.46,completed,online,2025-03-04,NO
3557,48190,86194,188.73,completed,online,2025-03-04,NO
1,25586,88811,252.56,failed,online,2025-03-04,NO
963,40598,89369,201.54,completed,online,2025-03-04,NO
4979,16572,90082,1228.56,completed,online,2025-03-04,NO
1,35706,91294,1095.41,failed,online,2025-03-04,NO
403,12006,95896,871.63,completed,online,2025-03-04,NO
4150,39961,98474,114.64,failed,online,2025-03-04,NO
925,17992,99238,1147.5,completed,online,2025-03-04,NO
4509,30201,99413,711.05,completed,online,2025-03-04,NO
3359,6646,99807,710.48,failed,online,2025-03-04,NO
1,11202,100349,1887.46,completed,online,2025-03-04,NO
3982,28756,101945,1954.31,completed,online,2025-03-04,NO
3367,31145,102835,1235.14,completed,online,2025-03-04,NO
1,35209,103510,55.95,completed,online,2025-03-04,NO
541,32886,106319,1866.61,completed,online,2025-03-04,NO
1,40148,108202,1671.06,completed,online,2025-03-04,NO
4807,33379,109622,1930.07,completed,online,2025-03-04,NO
1085,20875,110191,886.01,completed,online,2025-03-04,NO
3169,14792,111947,898.03,completed,online,2025-03-04,NO
1526,32696,112661,1098.72,completed,online,2025-03-04,NO
531,8696,116778,1064.6,failed,online,2025-03-04,NO
2324,32075,119172,1082.47,completed,online,2025-03-04,NO
4412,28080,119881,1616.54,completed,online,2025-03-04,NO
1178,30737,125540,1445.6,completed,online,2025-03-04,NO
1,4843,126589,1422.26,completed,online,2025-03-04,NO
2856,47783,128291,1293.72,failed,online,2025-03-04,NO
1,22784,128397,1882.76,completed,online,2025-03-04,NO
2572,28843,129645,846.03,failed,online,2025-03-04,NO
1,27226,131345,1991.57,completed,UNKNOWN,2025-03-04,NO
3755,36541,137893,1387.14,failed,online,2025-03-04,NO
4133,365,140937,1071.98,failed,online,2025-03-04,NO
2286,38342,141231,686.06,completed,online,2025-03-04,NO
1,26934,146598,597.87,completed,online,2025-03-04,NO
3037,13971,148641,1803.03,completed,online,2025-03-04,NO
1465,38160,149910,941.95,failed,online,2025-03-04,NO
1,49495,877,1366.21,completed,online,2025-06-25,NO
4232,18769,2665,856.31,completed,online,2025-06-25,NO
135,25694,3141,88.31,completed,online,2025-06-25,NO
3001,32726,5532,725.99,failed,online,2025-06-25,NO
70,40349,6418,1311.75,completed,online,2025-06-25,NO
2096,17316,9114,898.85,failed,online,2025-06-25,NO
1,34235,11778,132.64,completed,online,2025-06-25,NO
3367,27599,12131,735.85,failed,online,2025-06-25,NO
2257,47442,17779,1278.18,completed,online,2025-06-25,NO
4332,12810,18025,1963.65,failed,online,2025-06-25,NO
2867,6934,19392,1228.74,failed,online,2025-06-25,NO
445,12444,20728,1364.82,completed,online,2025-06-25,NO
2044,29238,21768,882.9,completed,online,2025-06-25,NO
4917,2488,21838,441.29,completed,online,2025-06-25,NO
1,21894,23887,502.29,completed,online,2025-06-25,NO
4465,30845,27289,1061.21,failed,online,2025-06-25,NO
4980,19125,27975,1494.97,completed,online,2025-06-25,NO
1,37709,28233,337.76,failed,online,2025-06-25,NO
1,31967,28665,1059.61,failed,online,2025-06-25,NO
3467,35713,32010,694.5,completed,online,2025-06-25,NO
1040,46656,34661,1390.73,completed,online,2025-06-25,NO
2836,38459,35328,865.54,completed,online,2025-06-25,NO
36,41574,37089,122.62,completed,online,2025-06-25,NO
4077,35813,37990,541.08,completed,online,2025-06-25,NO
2446,1414,39644,683.34,failed,online,2025-06-25,NO
1719,44937,41128,83.02,completed,UNKNOWN,2025-06-25,NO
4550,9950,41597,385.23,failed,UNKNOWN,2025-06-25,NO
1110,29649,42930,1305.67,completed,online,2025-06-25,NO
1421,27769,44732,1501.1,failed,online,2025-06-25,NO
1805,21023,44947,1625.23,completed,online,2025-06-25,NO
446,34317,45616,158.98,failed,online,2025-06-25,NO
4622,21045,45791,381.88,completed,online,2025-06-25,NO
4237,13110,50361,49.81,failed,online,2025-06-25,NO
415,43789,53933,1682.84,failed,online,2025-06-25,NO
4609,8983,54363,1857.22,failed,online,2025-06-25,NO
4500,5120,55174,511.26,completed,online,2025-06-25,NO
802,45723,55741,1508.65,completed,online,2025-06-25,NO
4846,23280,56355,611.65,failed,online,2025-06-25,NO
1,18906,56960,502.92,completed,online,2025-06-25,NO
995,138,57379,464.17,completed,online,2025-06-25,NO
2559,49174,60130,1654.69,completed,online,2025-06-25,NO
3409,12425,63538,1636.84,failed,online,2025-06-25,NO
4051,23776,63744,184.04,failed,online,2025-06-25,NO
3925,8533,69527,494.54,completed,online,2025-06-25,NO
2463,17799,70805,1253.35,failed,online,2025-06-25,NO
2099,43507,72419,1715.24,completed,online,2025-06-25,NO
2481,14054,73434,414.03,completed,online,2025-06-25,NO
4368,40082,74541,1184.14,failed,online,2025-06-25,NO
2708,965,75533,1610.54,failed,UNKNOWN,2025-06-25,NO
4760,8977,77172,792.82,failed,online,2025-06-25,NO
1,7731,78738,937.97,completed,online,2025-06-25,NO
2457,44230,81070,1944.37,failed,online,2025-06-25,NO
279,24305,84279,1568.83,completed,online,2025-06-25,NO
507,10843,84643,1200.88,completed,online,2025-06-25,NO
430,12026,88502,1660.15,failed,online,2025-06-25,NO
4107,9934,90774,816.69,completed,online,2025-06-25,NO
3434,35494,91415,1022.26,completed,online,2025-06-25,NO
1055,819,92896,585.44,completed,online,2025-06-25,NO
4535,5894,93779,1725.57,completed,online,2025-06-25,NO
4749,14416,94192,1772.17,failed,online,2025-06-25,NO
1489,42104,95286,1265.98,completed,online,2025-06-25,NO
424,22519,96550,732.55,completed,online,2025-06-25,NO
1,452,96726,379.47,failed,online,2025-06-25,NO
411,26953,97388,989.31,completed,online,2025-06-25,NO
1,43452,100258,529.81,completed,online,2025-06-25,NO
1744,14881,101824,1926.59,failed,online,2025-06-25,NO
1129,8059,103721,895.39,completed,online,2025-06-25,NO
3879,10045,106910,1214.71,failed,online,2025-06-25,NO
4084,43221,108341,153.01,failed,online,2025-06-25,NO
1297,32409,115101,205.67,completed,online,2025-06-25,NO
2118,1552,123100,1811.42,completed,online,2025-06-25,NO
1,2832,125233,643.72,failed,online,2025-06-25,NO
1,26539,125291,1160.71,failed,online,2025-06-25,NO
1629,20713,126382,48.34,completed,online,2025-06-25,NO
2727,47414,126929,1163.33,completed,online,2025-06-25,NO
1,9683,127192,1754.8,completed,online,2025-06-25,NO
1030,2462,127309,1928.82,completed,online,2025-06-25,NO
3423,39406,127390,859.11,completed,online,2025-06-25,NO
2721,44682,128287,202.06,completed,online,2025-06-25,NO
1393,46020,132900,42.93,failed,online,2025-06-25,NO
253,41018,133514,576.64,completed,online,2025-06-25,NO
300,6895,136594,1153.34,completed,online,2025-06-25,NO
2936,31975,137091,1031.68,failed,online,2025-06-25,NO
523,24982,137971,186.81,completed,online,2025-06-25,NO
277,16472,139228,1056.43,completed,online,2025-06-25,NO
4014,6557,140822,1258.69,failed,online,2025-06-25,NO
1666,15833,141798,269.31,completed,online,2025-06-25,NO
3306,2381,141937,1819.35,failed,online,2025-06-25,NO
2594,28791,143549,1147.9,completed,online,2025-06-25,NO
956,6621,146824,398.33,completed,online,2025-06-25,NO
61,13175,147344,1249.94,completed,online,2025-06-25,NO
4466,43057,148061,72.25,completed,online,2025-06-25,NO
1,6318,643,979.05,completed,online,2025-12-09,NO
4498,47909,913,375.07,completed,online,2025-12-09,NO
3906,43095,1867,1671.2,completed,online,2025-12-09,NO
3487,45758,2730,1940.31,failed,online,2025-12-09,NO
4666,1410,4004,571.06,failed,online,2025-12-09,NO
1906,2349,7557,1920.75,failed,online,2025-12-09,NO
1,25796,7635,240.53,failed,online,2025-12-09,NO
2268,915,11629,913.82,failed,online,2025-12-09,NO
1113,29257,13823,1760.68,failed,online,2025-12-09,NO
2327,42677,14320,1328.47,completed,online,2025-12-09,NO
890,3390,18318,294.24,failed,online,2025-12-09,NO
1,12766,19434,434.76,failed,online,2025-12-09,NO
4218,18784,21957,1599.38,failed,online,2025-12-09,NO
938,39766,26326,209.49,failed,online,2025-12-09,NO
2968,959,28026,219.83,completed,online,2025-12-09,NO
1,49172,29636,156.79,failed,online,2025-12-09,NO
2561,30580,31097,700.0,failed,online,2025-12-09,NO
3124,36147,31260,1460.38,completed,online,2025-12-09,NO
1869,45371,31696,703.33,completed,online,2025-12-09,NO
1020,7511,31975,1386.17,failed,online,2025-12-09,NO
4320,33571,34451,1297.06,failed,online,2025-12-09,NO
2686,38448,38312,872.18,failed,online,2025-12-09,NO
2908,26998,40012,1297.51,completed,online,2025-12-09,NO
1984,49161,40723,1734.34,completed,online,2025-12-09,NO
657,32808,41837,1790.72,completed,online,2025-12-09,NO
4035,43067,42486,1860.58,completed,online,2025-12-09,NO
3155,23592,45762,1054.89,failed,online,2025-12-09,NO
1,27652,47215,1657.59,completed,online,2025-12-09,NO
3415,3191,47770,1950.49,completed,online,2025-12-09,NO
1029,24062,53024,360.14,completed,online,2025-12-09,NO
4141,37709,56537,929.29,completed,online,2025-12-09,NO
4945,40438,56951,1326.94,completed,online,2025-12-09,NO
967,28850,57945,1410.19,failed,online,2025-12-09,NO
1,42647,60670,1559.66,failed,online,2025-12-09,NO
203,4550,62811,363.46,completed,online,2025-12-09,NO
1685,26916,63056,458.4,completed,online,2025-12-09,NO
4581,23026,63608,134.72,failed,online,2025-12-09,NO
775,23303,63890,785.52,failed,online,2025-12-09,NO
1255,569,64049,681.04,failed,online,2025-12-09,NO
3902,25953,68301,1406.39,completed,online,2025-12-09,NO
750,23746,68618,1444.86,completed,online,2025-12-09,NO
486,32755,69775,1885.87,failed,online,2025-12-09,NO
4235,41786,70002,624.85,completed,online,2025-12-09,NO
1,12063,77318,191.75,failed,online,2025-12-09,NO
4813,37509,77788,1276.86,completed,online,2025-12-09,NO
1217,9613,78027,924.59,failed,online,2025-12-09,NO
3326,2108,79772,907.96,failed,online,2025-12-09,NO
1123,47971,80250,698.76,failed,online,2025-12-09,NO
3751,10124,82474,1459.59,completed,online,2025-12-09,NO
4395,3149,86654,107.96,failed,online,2025-12-09,NO
2235,21634,88202,1489.8,failed,online,2025-12-09,NO
4290,32826,88206,1771.63,failed,online,2025-12-09,NO
3295,27046,88969,395.61,completed,online,2025-12-09,NO
726,28322,89065,392.91,completed,online,2025-12-09,NO
3969,894,92414,1762.96,failed,online,2025-12-09,NO
2079,29832,98818,1980.89,failed,online,2025-12-09,NO
3334,30569,99964,736.52,completed,online,2025-12-09,NO
1778,20681,100651,1693.44,failed,online,2025-12-09,NO
1,25655,103329,1914.97,completed,online,2025-12-09,NO
1,25105,104143,1323.89,completed,online,2025-12-09,NO
3478,45460,104806,735.52,failed,online,2025-12-09,NO
1894,18832,106161,1719.28,completed,online,2025-12-09,NO
3041,16485,108298,374.53,completed,online,2025-12-09,NO
1,25012,113365,1765.7,failed,online,2025-12-09,NO
2050,11608,115372,1366.7,failed,online,2025-12-09,NO
1,10651,115524,1434.47,failed,online,2025-12-09,NO
4482,1268,116506,1574.34,failed,online,2025-12-09,NO
4515,40452,118782,1551.53,failed,online,2025-12-09,NO
3938,26122,118900,100.56,failed,online,2025-12-09,NO
1261,2894,122183,507.28,completed,online,2025-12-09,NO
455,9779,125490,662.7,failed,online,2025-12-09,NO
1025,27265,126686,232.24,failed,online,2025-12-09,NO
3899,2413,126769,1142.67,failed,online,2025-12-09,NO
4749,1132,127029,184.12,failed,online,2025-12-09,NO
595,26674,127458,1991.19,failed,online,2025-12-09,NO
3592,44195,128218,1294.95,completed,online,2025-12-09,NO
1077,20740,129532,1569.75,failed,online,2025-12-09,NO
2121,7359,130424,643.29,failed,online,2025-12-09,NO
4019,3241,132350,1293.98,failed,online,2025-12-09,NO
760,8619,133952,76.51,completed,online,2025-12-09,NO
2008,17614,134889,870.77,completed,online,2025-12-09,NO
450,8535,136297,516.89,completed,online,2025-12-09,NO
4281,18053,136988,1274.83,failed,online,2025-12-09,NO
1021,26795,137289,1505.73,failed,online,2025-12-09,NO
78,42154,137304,975.29,failed,online,2025-12-09,NO
1765,2986,137308,328.59,failed,online,2025-12-09,NO
620,46659,138470,1089.75,completed,online,2025-12-09,NO
212,41121,138715,1827.39,failed,online,2025-12-09,NO
1988,36583,140535,1057.45,failed,online,2025-12-09,NO
1,38194,144199,827.91,completed,online,2025-12-09,NO
2725,16689,145850,552.68,completed,online,2025-12-09,NO
2262,14540,146334,411.88,failed,online,2025-12-09,NO
3360,5652,146754,1406.1,completed,online,2025-12-09,NO
2307,35225,1564,1374.63,completed,online,2025-06-29,NO
1,21863,1583,1020.61,failed,online,2025-06-29,NO
2134,13373,3104,372.23,failed,online,2025-06-29,NO
2883,2444,3741,847.47,failed,online,2025-06-29,NO
2477,25653,5895,172.16,failed,online,2025-06-29,NO
825,24857,8184,685.91,failed,online,2025-06-29,NO
1945,43073,13951,1692.96,completed,online,2025-06-29,NO
1,19998,15462,896.19,failed,online,2025-06-29,NO
1059,35426,15634,1990.48,failed,online,2025-06-29,NO
4827,6336,16543,587.87,failed,online,2025-06-29,NO
4041,36613,17382,728.06,completed,online,2025-06-29,NO
528,46736,20578,1537.85,failed,online,2025-06-29,NO
121,18760,21022,501.7,completed,online,2025-06-29,NO
570,44733,21661,601.37,completed,online,2025-06-29,NO
1,5832,22364,18.21,completed,online,2025-06-29,NO
1167,9676,22659,144.79,failed,online,2025-06-29,NO
2045,14552,25284,1963.97,failed,online,2025-06-29,NO
2307,1868,25627,700.93,failed,online,2025-06-29,NO
1320,16860,26555,673.5,completed,online,2025-06-29,NO
758,12939,27775,1370.69,completed,online,2025-06-29,NO
1710,23717,28047,679.75,completed,online,2025-06-29,NO
180,1710,29472,985.43,completed,online,2025-06-29,NO
2586,42276,30755,7704.153779319893,completed,online,2025-06-29,NO
4300,18163,33255,775.48,failed,online,2025-06-29,NO
2619,22639,33378,356.3,failed,online,2025-06-29,NO
3674,4178,33420,1068.45,failed,online,2025-06-29,NO
1,39243,35235,1633.51,completed,online,2025-06-29,NO
83,809,36677,1245.76,completed,online,2025-06-29,NO
2071,14750,37847,822.32,failed,online,2025-06-29,NO
3512,27038,38098,1996.75,completed,online,2025-06-29,NO
725,42296,38562,643.81,failed,online,2025-06-29,NO
1,4422,38776,1627.91,completed,online,2025-06-29,NO
1837,7862,41780,1904.88,failed,online,2025-06-29,NO
1574,47979,42434,865.48,completed,online,2025-06-29,NO
4280,155,45182,801.97,failed,online,2025-06-29,NO
2095,15434,45265,1492.55,failed,online,2025-06-29,NO
1,47486,46186,1361.11,completed,online,2025-06-29,NO
4794,42499,47367,884.03,completed,online,2025-06-29,NO
1,27760,48373,1708.78,completed,online,2025-06-29,NO
1,36053,49888,1337.92,completed,online,2025-06-29,NO
3958,46062,52447,1115.54,completed,online,2025-06-29,NO
3127,21648,53658,1870.0,completed,online,2025-06-29,NO
794,26362,59207,173.17,completed,online,2025-06-29,NO
2315,40569,60642,1232.1,failed,online,2025-06-29,NO
1,1185,61992,950.65,failed,online,2025-06-29,NO
1476,13736,62348,1927.29,failed,online,2025-06-29,NO
1188,17952,62660,1188.58,completed,online,2025-06-29,NO
4672,13310,63929,433.72,failed,online,2025-06-29,NO
4616,11221,65974,1226.05,completed,online,2025-06-29,NO
1,14856,66369,1638.11,completed,online,2025-06-29,NO
1,19884,66998,1986.58,failed,online,2025-06-29,NO
2202,40142,68774,41.4,failed,online,2025-06-29,NO
4028,6976,69165,227.88,failed,online,2025-06-29,NO
2329,19074,69258,245.31,completed,online,2025-06-29,NO
1924,30367,72197,1670.52,failed,online,2025-06-29,NO
1060,26784,75606,1667.9,failed,online,2025-06-29,NO
1744,1931,79301,62.58,completed,online,2025-06-29,NO
519,40300,79775,896.69,failed,online,2025-06-29,NO
964,32222,80294,1521.89,completed,online,2025-06-29,NO
2634,35866,81949,1866.74,failed,online,2025-06-29,NO
482,39385,82970,318.67,failed,online,2025-06-29,NO
4790,26176,83477,659.27,completed,online,2025-06-29,NO
396,11437,85210,1820.78,failed,online,2025-06-29,NO
1,36738,88643,180.3,failed,online,2025-06-29,NO
569,27828,90727,463.86,completed,online,2025-06-29,NO
4388,27076,94729,1582.17,failed,online,2025-06-29,NO
2070,12420,98965,1701.91,completed,online,2025-06-29,NO
2781,48541,99750,946.82,completed,online,2025-06-29,NO
4216,8388,101531,1284.03,failed,online,2025-06-29,NO
2890,46470,103784,356.64,failed,online,2025-06-29,NO
2070,2452,108926,435.64,completed,online,2025-06-29,NO
1,43807,111300,1671.17,failed,online,2025-06-29,NO
4054,31578,115290,1672.06,completed,online,2025-06-29,NO
1105,30763,116999,1368.87,completed,online,2025-06-29,NO
2456,12765,120305,171.28,failed,online,2025-06-29,NO
1773,10168,121684,1765.94,failed,online,2025-06-29,NO
1228,37208,125489,200.33,failed,UNKNOWN,2025-06-29,NO
682,42602,126167,1750.21,completed,online,2025-06-29,NO
4993,37869,128289,322.16,completed,online,2025-06-29,NO
1,46742,129235,1964.1,failed,online,2025-06-29,NO
1659,36399,129239,1435.25,failed,online,2025-06-29,NO
1431,49757,131271,142.61,completed,online,2025-06-29,NO
1,2556,131979,1353.39,failed,online,2025-06-29,NO
1579,30236,134124,1890.5,failed,online,2025-06-29,NO
1,26040,135140,596.49,completed,online,2025-06-29,NO
4364,10615,136576,1330.71,failed,online,2025-06-29,NO
4037,3824,141422,1223.38,completed,online,2025-06-29,NO
1,31086,141732,942.52,completed,online,2025-06-29,NO
1,27527,141985,1068.05,failed,online,2025-06-29,NO
352,3405,143618,579.36,completed,online,2025-06-29,NO
2142,4216,145180,224.36,failed,online,2025-06-29,NO
1,3431,145543,1426.45,failed,UNKNOWN,2025-06-29,NO
1933,28354,146323,294.89,completed,online,2025-06-29,NO
1001,42519,94,97.82,failed,online,2025-06-07,NO
3279,18650,268,1483.71,completed,online,2025-06-07,NO
4261,49436,1321,1024.48,completed,online,2025-06-07,NO
3543,32214,4534,909.9,completed,online,2025-06-07,NO
4860,25495,4631,293.26,failed,online,2025-06-07,NO
2977,13163,6318,197.96,failed,online,2025-06-07,NO
3831,30632,6718,1779.26,completed,online,2025-06-07,NO
1,26891,6978,234.65,failed,online,2025-06-07,NO
4254,4982,7102,26.45,completed,online,2025-06-07,NO
752,44378,8588,1829.16,failed,online,2025-06-07,NO
1062,1954,8992,1979.17,failed,online,2025-06-07,NO
1695,936,9335,1673.29,completed,online,2025-06-07,NO
2236,42845,13106,1439.9,completed,online,2025-06-07,NO
1,40746,13168,741.94,failed,online,2025-06-07,NO
3780,27345,17104,9864.883242037835,completed,online,2025-06-07,NO
1188,14593,19319,1153.08,failed,UNKNOWN,2025-06-07,NO
3055,49204,20036,557.85,failed,online,2025-06-07,NO
1118,44653,20553,741.2,failed,online,2025-06-07,NO
1928,23002,25145,1547.56,failed,online,2025-06-07,NO
3456,4928,25405,108.82,failed,online,2025-06-07,NO
2929,31943,25688,119.29,completed,online,2025-06-07,NO
1,3428,27908,721.01,failed,online,2025-06-07,NO
1,1306,30209,852.21,failed,online,2025-06-07,NO
315,41581,32274,170.05,completed,online,2025-06-07,NO
4651,24456,35007,891.95,failed,online,2025-06-07,NO
614,47347,35265,701.24,completed,online,2025-06-07,NO
6,17980,35543,208.94,completed,online,2025-06-07,NO
1217,9729,43116,1862.01,completed,online,2025-06-07,NO
4141,1324,43611,839.32,completed,online,2025-06-07,NO
384,28711,45654,234.83,failed,online,2025-06-07,NO
3634,6955,48430,964.45,failed,UNKNOWN,2025-06-07,NO
15,36482,51045,1699.25,failed,online,2025-06-07,NO
3614,4120,51216,1812.23,failed,online,2025-06-07,NO
953,49198,51440,618.5,failed,online,2025-06-07,NO
1,18063,59349,235.06,completed,online,2025-06-07,NO
4453,24072,60503,1780.16,completed,online,2025-06-07,NO
1211,6568,61218,804.13,completed,online,2025-06-07,NO
166,43279,61511,1860.33,failed,online,2025-06-07,NO
1289,16013,62998,649.78,failed,online,2025-06-07,NO
1,35649,63631,276.19,completed,online,2025-06-07,NO
2587,46804,64301,1886.0,failed,online,2025-06-07,NO
2897,26965,65072,1771.76,completed,online,2025-06-07,NO
1353,3133,66311,488.03,failed,online,2025-06-07,NO
2653,39148,66920,606.39,failed,online,2025-06-07,NO
4588,7055,71442,1605.69,failed,online,2025-06-07,NO
4339,19447,73555,245.28,completed,online,2025-06-07,NO
4519,45823,74886,851.54,failed,online,2025-06-07,NO
214,27379,75174,381.01,completed,online,2025-06-07,NO
1,22937,76281,850.99,failed,online,2025-06-07,NO
1076,49676,76417,1742.82,failed,online,2025-06-07,NO
4640,48049,78247,1301.78,completed,UNKNOWN,2025-06-07,NO
3355,34418,84894,1148.59,failed,online,2025-06-07,NO
1,8452,85191,714.98,failed,online,2025-06-07,NO
1,1793,86345,373.96,failed,online,2025-06-07,NO
1165,3109,86549,233.91,failed,online,2025-06-07,NO
1137,11826,86735,501.63,completed,online,2025-06-07,NO
2899,35378,87441,357.45,failed,online,2025-06-07,NO
4360,5380,95092,1770.09,completed,online,2025-06-07,NO
4061,23912,95468,345.47,failed,online,2025-06-07,NO
1074,11883,98876,1479.31,failed,online,2025-06-07,NO
610,2186,99432,1760.35,failed,online,2025-06-07,NO
1,38583,100432,456.35,failed,online,2025-06-07,NO
730,29538,100869,910.37,completed,online,2025-06-07,NO
4280,12275,101709,426.79,completed,online,2025-06-07,NO
1035,41213,102169,1951.62,completed,online,2025-06-07,NO
1,48102,104009,402.94,failed,online,2025-06-07,NO
4056,17619,104373,1119.99,failed,online,2025-06-07,NO
1610,7458,107825,1148.67,completed,UNKNOWN,2025-06-07,NO
4952,25357,109721,1738.09,completed,online,2025-06-07,NO
2927,3857,111955,798.69,failed,online,2025-06-07,NO
3124,9607,112242,1497.3,failed,online,2025-06-07,NO
2369,22208,115383,1937.95,failed,online,2025-06-07,NO
4628,3675,115629,1479.75,failed,online,2025-06-07,NO
3308,4442,117067,1006.18,completed,online,2025-06-07,NO
1,13680,117974,87.7,completed,online,2025-06-07,NO
1131,4484,118286,1609.44,failed,online,2025-06-07,NO
1949,43877,120915,315.52,completed,online,2025-06-07,NO
3322,12774,121047,838.15,completed,online,2025-06-07,NO
3210,31220,121634,736.41,failed,online,2025-06-07,NO
1812,38327,125830,1530.19,completed,online,2025-06-07,NO
2784,46150,126664,1675.44,completed,online,2025-06-07,NO
2265,16476,128092,1098.31,completed,online,2025-06-07,NO
4770,41279,128860,1911.91,failed,online,2025-06-07,NO
2187,5110,131656,59.17,failed,online,2025-06-07,NO
1,6231,135479,1984.5,failed,online,2025-06-07,NO
4337,46098,139627,634.05,failed,online,2025-06-07,NO
3108,40290,140448,1292.94,failed,online,2025-06-07,NO
248,35681,141892,1287.38,completed,online,2025-06-07,NO
1,21579,142390,1465.59,failed,online,2025-06-07,NO
1,10075,143667,400.28,failed,online,2025-06-07,NO
579,4863,145861,6126.328952061927,failed,online,2025-06-07,NO
2319,41352,146072,1290.49,completed,online,2025-06-07,NO
670,37484,149351,1405.03,completed,online,2025-06-07,NO
3633,4144,667,672.37,failed,online,2025-05-27,NO
1,48103,1331,510.94,failed,online,2025-05-27,NO
1421,32517,4994,753.46,failed,online,2025-05-27,NO
4693,12657,5322,191.98,completed,online,2025-05-27,NO
3817,48608,6108,1112.98,completed,online,2025-05-27,NO
410,44822,7398,965.54,completed,online,2025-05-27,NO
1,2854,7404,1737.19,completed,online,2025-05-27,NO
2685,14113,8036,1101.4,completed,online,2025-05-27,NO
655,5216,8132,944.63,completed,online,2025-05-27,NO
90,38458,9522,544.08,failed,online,2025-05-27,NO
3665,34881,10994,1110.56,completed,online,2025-05-27,NO
1316,6232,11444,1905.92,completed,online,2025-05-27,NO
3960,1407,15029,1894.7,completed,online,2025-05-27,NO
3211,1985,16467,751.31,completed,online,2025-05-27,NO
1,19546,20931,957.9,completed,online,2025-05-27,NO
4067,41103,21284,1169.74,completed,online,2025-05-27,NO
1,45984,21753,1958.0,completed,online,2025-05-27,NO
3147,3415,21946,1366.87,completed,online,2025-05-27,NO
3729,33008,24676,888.19,failed,online,2025-05-27,NO
1845,22522,26529,1190.01,completed,online,2025-05-27,NO
4593,33327,27184,879.17,failed,online,2025-05-27,NO
752,44687,27494,472.16,failed,online,2025-05-27,NO
1,45150,29827,1414.52,completed,online,2025-05-27,NO
3362,49157,30311,1018.06,failed,online,2025-05-27,NO
303,31939,32469,763.31,completed,online,2025-05-27,NO
4446,23214,32860,1426.95,completed,online,2025-05-27,NO
3218,3901,33654,1066.43,completed,online,2025-05-27,NO
436,21920,35928,857.57,failed,online,2025-05-27,NO
2652,25658,36903,114.11,completed,online,2025-05-27,NO
3650,37855,37472,1649.27,completed,online,2025-05-27,NO
3629,17423,42782,448.33,completed,online,2025-05-27,NO
4338,39359,45350,1638.22,failed,UNKNOWN,2025-05-27,NO
1,31969,46439,157.11,failed,online,2025-05-27,NO
4908,25071,46840,658.72,failed,online,2025-05-27,NO
3046,637,48077,1259.71,completed,online,2025-05-27,NO
1,27155,53062,53.14,failed,online,2025-05-27,NO
668,12369,53212,195.73,failed,online,2025-05-27,NO
1385,49627,55576,1752.15,completed,online,2025-05-27,NO
1,27773,57367,1464.32,failed,online,2025-05-27,NO
787,24684,58113,1439.54,completed,online,2025-05-27,NO
4813,44839,58422,9924.993706007997,failed,online,2025-05-27,NO
1,8701,58436,715.53,failed,online,2025-05-27,NO
3469,2994,59951,1424.23,failed,online,2025-05-27,NO
1281,20158,61003,717.93,completed,online,2025-05-27,NO
3637,7916,63097,1006.85,completed,online,2025-05-27,NO
554,8724,64957,244.51,completed,online,2025-05-27,NO
1,36544,68544,1785.92,completed,online,2025-05-27,NO
4026,15426,68769,1464.76,completed,online,2025-05-27,NO
1,17178,72963,1232.58,failed,online,2025-05-27,NO
3117,25798,77267,1197.37,completed,online,2025-05-27,NO
888,11593,78478,1234.41,failed,online,2025-05-27,NO
2802,8069,81562,1834.04,failed,online,2025-05-27,NO
1445,11256,83150,807.69,completed,online,2025-05-27,NO
3491,21900,85450,1768.57,completed,online,2025-05-27,NO
95,5055,87502,723.12,failed,online,2025-05-27,NO
3835,9231,87759,1524.72,completed,online,2025-05-27,NO
1,39692,87814,1670.97,completed,online,2025-05-27,NO
3841,18002,88476,833.97,completed,online,2025-05-27,NO
2366,45692,93096,1943.31,failed,online,2025-05-27,NO
4169,13276,95182,1949.66,completed,online,2025-05-27,NO
4788,32582,100142,1449.15,completed,online,2025-05-27,NO
1,35521,102186,831.43,completed,online,2025-05-27,NO
2115,27798,104787,1204.9,completed,online,2025-05-27,NO
3175,36993,106122,1709.85,failed,online,2025-05-27,NO
2628,32119,109241,1022.91,failed,online,2025-05-27,NO
365,47792,109883,1963.63,failed,online,2025-05-27,NO
4266,16145,110829,1916.05,completed,online,2025-05-27,NO
2650,28224,114465,55.42,failed,online,2025-05-27,NO
3311,34191,117453,947.35,completed,online,2025-05-27,NO
1,11339,117629,657.98,failed,online,2025-05-27,NO
3184,6721,118211,1955.52,failed,online,2025-05-27,NO
2026,32804,120027,1802.36,failed,online,2025-05-27,NO
3208,31552,120633,1537.36,completed,online,2025-05-27,NO
1,12258,123414,808.83,failed,online,2025-05-27,NO
1695,4102,124021,501.91,failed,online,2025-05-27,NO
3863,2419,124450,686.4,completed,online,2025-05-27,NO
4065,42548,124915,1246.56,failed,online,2025-05-27,NO
916,25953,124966,488.12,completed,online,2025-05-27,NO
589,34555,125350,1428.2,failed,online,2025-05-27,NO
1,39156,127212,1193.93,failed,UNKNOWN,2025-05-27,NO
1,25801,127807,5145.855256880471,failed,online,2025-05-27,NO
1809,39961,129011,758.84,completed,online,2025-05-27,NO
2191,40464,130415,1615.06,failed,online,2025-05-27,NO
1,46888,133202,1148.55,completed,online,2025-05-27,NO
1,6626,135249,748.68,completed,UNKNOWN,2025-05-27,NO
1,29445,136133,1809.94,completed,online,2025-05-27,NO
202,34744,141251,1148.5,completed,online,2025-05-27,NO
1219,15307,143490,918.06,failed,online,2025-05-27,NO
1692,42360,144111,1838.73,completed,online,2025-05-27,NO
1,15776,146408,145.25,failed,online,2025-05-27,NO
1,13391,146965,1344.8,completed,online,2025-05-27,NO
253,25623,147063,1735.33,failed,online,2025-05-27,NO
2960,25389,747,1701.4,failed,online,2025-05-25,NO
579,11444,2625,30.35,completed,online,2025-05-25,NO
2649,13686,3144,1450.89,failed,online,2025-05-25,NO
1,44782,3287,1880.06,failed,online,2025-05-25,NO
3847,14244,3811,672.93,failed,online,2025-05-25,NO
1043,11510,4512,1095.03,completed,online,2025-05-25,NO
1,21510,5571,699.94,completed,online,2025-05-25,NO
3425,25371,6337,788.37,failed,online,2025-05-25,NO
1417,8141,8419,294.17,failed,online,2025-05-25,NO
1,42161,8622,1986.08,completed,online,2025-05-25,NO
1,44560,8654,415.69,completed,online,2025-05-25,NO
2998,15231,11327,498.92,failed,online,2025-05-25,NO
2675,49868,17720,260.0,failed,online,2025-05-25,NO
4419,14601,17915,292.74,failed,online,2025-05-25,NO
1,22006,18240,1161.51,completed,online,2025-05-25,NO
4772,2071,19215,1025.52,completed,online,2025-05-25,NO
4712,45397,22652,1564.26,completed,online,2025-05-25,NO
4118,38512,24690,1615.57,failed,online,2025-05-25,NO
2328,33437,25596,215.56,completed,online,2025-05-25,NO
1,1372,25763,212.6,failed,online,2025-05-25,NO
350,30521,28157,1316.96,completed,online,2025-05-25,NO
1032,42014,28248,1034.19,failed,online,2025-05-25,NO
1119,44405,28952,1365.73,completed,online,2025-05-25,NO
2276,20027,29932,1102.19,failed,online,2025-05-25,NO
1,45575,30623,971.89,failed,online,2025-05-25,NO
2221,21756,31008,1026.24,completed,online,2025-05-25,NO
2347,21092,32264,1034.52,failed,online,2025-05-25,NO
2280,37765,32941,1860.85,completed,online,2025-05-25,NO
3447,10172,37663,1226.38,completed,online,2025-05-25,NO
2769,2958,38199,709.53,failed,online,2025-05-25,NO
1,44494,42391,1467.07,failed,online,2025-05-25,NO
1923,30314,44534,385.22,failed,online,2025-05-25,NO
1754,4930,44545,48.07,completed,online,2025-05-25,NO
2801,44099,45030,1846.52,completed,online,2025-05-25,NO
2131,40022,47848,625.32,failed,online,2025-05-25,NO
4964,46628,48481,881.01,failed,online,2025-05-25,NO
1304,45421,49386,1093.17,failed,online,2025-05-25,NO
3483,44879,51218,509.74,completed,online,2025-05-25,NO
507,28152,51582,1393.53,failed,online,2025-05-25,NO
2983,20690,52380,1436.98,completed,online,2025-05-25,NO
4949,23341,52841,107.47,completed,online,2025-05-25,NO
3163,1299,53691,616.2,failed,online,2025-05-25,NO
1301,44823,56979,711.01,failed,online,2025-05-25,NO
1911,7833,57933,1235.76,completed,online,2025-05-25,NO
3923,42885,60060,1168.04,completed,online,2025-05-25,NO
1,44827,60658,1602.38,failed,online,2025-05-25,NO
3431,6574,65111,847.34,failed,online,2025-05-25,NO
2407,20976,71582,1020.8,completed,online,2025-05-25,NO
427,5430,71642,1602.47,completed,online,2025-05-25,NO
1313,3380,74913,212.48,completed,online,2025-05-25,NO
1188,28624,79532,1620.87,completed,online,2025-05-25,NO
3580,32826,80523,104.56,failed,online,2025-05-25,NO
1554,1803,82835,1454.94,completed,online,2025-05-25,NO
414,48727,86003,1676.34,failed,online,2025-05-25,NO
2883,42521,88299,1118.89,completed,online,2025-05-25,NO
1,39478,88747,564.48,completed,online,2025-05-25,NO
1271,14097,90372,1209.37,failed,online,2025-05-25,NO
1,44129,90709,500.44,failed,online,2025-05-25,NO
1,28327,91675,946.78,completed,online,2025-05-25,NO
4498,5878,94477,1383.2,failed,online,2025-05-25,NO
90,2378,94959,1060.27,failed,online,2025-05-25,NO
1137,38360,96028,1742.3,completed,online,2025-05-25,NO
3573,3469,100339,1546.72,completed,online,2025-05-25,NO
4259,38594,105653,1512.55,failed,UNKNOWN,2025-05-25,NO
4532,17546,108089,917.35,completed,online,2025-05-25,NO
782,2374,108491,1023.13,failed,online,2025-05-25,NO
1,42945,108987,7932.425074297875,completed,online,2025-05-25,NO
1959,951,109418,480.87,failed,online,2025-05-25,NO
396,15785,110619,1228.82,failed,online,2025-05-25,NO
169,38012,112996,951.98,completed,online,2025-05-25,NO
2723,48598,113402,1465.09,completed,online,2025-05-25,NO
2151,44395,118641,1477.91,completed,online,2025-05-25,NO
334,22077,122006,1921.53,failed,online,2025-05-25,NO
1307,25405,124079,1188.4,completed,online,2025-05-25,NO
4761,48578,127593,1666.84,completed,online,2025-05-25,NO
3439,19695,131065,1168.54,completed,online,2025-05-25,NO
1,7980,131371,838.04,completed,online,2025-05-25,NO
844,42393,132390,1840.32,failed,online,2025-05-25,NO
1,48258,133524,397.21,failed,online,2025-05-25,NO
2116,31341,135186,819.53,failed,online,2025-05-25,NO
1,698,135199,953.26,failed,online,2025-05-25,NO
2253,31112,136317,1129.66,completed,online,2025-05-25,NO
4914,1613,137956,1907.79,completed,online,2025-05-25,NO
330,1071,141711,5544.776768368076,completed,online,2025-05-25,NO
359,39099,143804,1891.45,completed,online,2025-05-25,NO
1,28812,143962,1069.96,completed,online,2025-05-25,NO
4833,7092,144211,1480.78,completed,online,2025-05-25,NO
3937,49936,145316,1938.04,completed,online,2025-05-25,NO
2105,36933,146641,515.95,completed,online,2025-05-25,NO
328,1082,148370,78.35,completed,online,2025-05-25,NO
4695,35795,149582,1023.58,failed,online,2025-05-25,NO
2135,4783,149844,745.1,failed,online,2025-05-25,NO
568,43860,48,1250.07,failed,online,2025-07-25,NO
1,31877,2040,222.91,failed,online,2025-07-25,NO
1316,19868,7214,1153.12,completed,online,2025-07-25,NO
518,4019,8165,20.73,failed,online,2025-07-25,NO
4472,30335,8591,626.26,failed,online,2025-07-25,NO
336,16249,9858,620.12,completed,online,2025-07-25,NO
1104,25977,13696,684.56,completed,online,2025-07-25,NO
308,1347,13805,84.06,failed,online,2025-07-25,NO
2990,41579,16377,107.05,completed,online,2025-07-25,NO
2680,37827,16840,738.64,failed,online,2025-07-25,NO
3636,18005,19259,1131.44,failed,online,2025-07-25,NO
3245,10372,19362,1131.6,completed,online,2025-07-25,NO
2289,48998,19402,1072.64,completed,online,2025-07-25,NO
2438,45365,22631,1419.53,failed,online,2025-07-25,NO
1,24429,24739,140.85,failed,online,2025-07-25,NO
4954,44515,24872,1927.38,completed,online,2025-07-25,NO
4569,32528,25545,580.94,completed,online,2025-07-25,NO
1908,31245,26681,778.18,completed,online,2025-07-25,NO
3936,28849,26939,1626.63,failed,online,2025-07-25,NO
443,42722,30918,1510.45,failed,online,2025-07-25,NO
2502,25776,37250,275.99,completed,online,2025-07-25,NO
2868,45506,38578,853.34,completed,online,2025-07-25,NO
189,37280,38843,1177.19,failed,online,2025-07-25,NO
1,10496,41053,921.97,completed,online,2025-07-25,NO
3624,24702,42792,1166.44,failed,online,2025-07-25,NO
1,25436,44861,475.26,failed,online,2025-07-25,NO
3816,43868,45966,686.46,failed,online,2025-07-25,NO
4609,44812,46003,1381.35,completed,online,2025-07-25,NO
948,19895,48677,416.23,failed,online,2025-07-25,NO
3803,11457,49289,1417.01,failed,online,2025-07-25,NO
1063,39419,50029,1805.76,failed,online,2025-07-25,NO
1,20445,51986,41.53,failed,online,2025-07-25,NO
3760,30032,52564,608.85,completed,online,2025-07-25,NO
1,21134,57886,1862.15,completed,online,2025-07-25,NO
3365,39577,60523,1838.64,completed,online,2025-07-25,NO
991,5537,64158,448.4,failed,online,2025-07-25,NO
3224,21848,64540,286.04,failed,online,2025-07-25,NO
3246,36625,65923,872.43,failed,online,2025-07-25,NO
2457,22772,69287,1974.89,failed,online,2025-07-25,NO
1,18609,70461,1989.17,failed,online,2025-07-25,NO
1088,9697,70547,597.76,completed,online,2025-07-25,NO
2172,12827,71465,1777.13,failed,online,2025-07-25,NO
4918,25115,77436,1519.6,completed,online,2025-07-25,NO
4462,41884,77628,1262.15,failed,online,2025-07-25,NO
3122,26085,77676,1270.92,completed,online,2025-07-25,NO
1674,7374,79380,526.93,failed,online,2025-07-25,NO
1719,43502,79702,526.39,failed,online,2025-07-25,NO
3146,26565,82139,34.83,failed,online,2025-07-25,NO
2963,48465,82581,317.81,completed,online,2025-07-25,NO
2963,9857,83400,377.18,failed,online,2025-07-25,NO
4923,14775,85221,373.89,failed,online,2025-07-25,NO
1,25383,85274,210.85,failed,online,2025-07-25,NO
320,11807,87431,724.55,failed,online,2025-07-25,NO
747,31339,88715,199.15,failed,online,2025-07-25,NO
1123,17586,88718,1119.23,completed,online,2025-07-25,NO
4846,29211,91965,248.0,failed,online,2025-07-25,NO
1330,30370,93746,359.87,completed,online,2025-07-25,NO
3593,36625,95110,877.52,completed,online,2025-07-25,NO
3190,41244,96371,299.15,failed,online,2025-07-25,NO
282,33671,97709,163.89,failed,online,2025-07-25,NO
2812,43408,99709,1580.16,completed,online,2025-07-25,NO
4402,24755,100639,1014.34,failed,online,2025-07-25,NO
1,47911,100813,780.5,failed,online,2025-07-25,NO
1413,47741,105370,1601.5,completed,online,2025-07-25,NO
1,4741,105503,1703.83,completed,online,2025-07-25,NO
4207,12672,106773,1923.22,failed,online,2025-07-25,NO
292,17847,107015,1289.96,failed,online,2025-07-25,NO
2681,42106,108861,22.09,failed,online,2025-07-25,NO
2126,28261,109561,1366.86,failed,online,2025-07-25,NO
1311,24457,111044,1961.05,failed,online,2025-07-25,NO
2122,37639,111751,693.67,failed,online,2025-07-25,NO
351,43354,112610,387.53,failed,online,2025-07-25,NO
4597,37026,116052,1668.93,completed,online,2025-07-25,NO
839,25263,116946,1163.11,failed,online,2025-07-25,NO
4590,20264,117497,659.94,failed,online,2025-07-25,NO
4169,29032,117518,823.9,completed,online,2025-07-25,NO
3512,28737,118076,1396.41,completed,online,2025-07-25,NO
925,10004,121734,1570.73,completed,online,2025-07-25,NO
3130,36266,123064,772.44,failed,online,2025-07-25,NO
1850,45712,123974,313.52,failed,online,2025-07-25,NO
1,46912,125559,1116.85,failed,online,2025-07-25,NO
4276,48874,125686,1649.52,failed,online,2025-07-25,NO
2031,45659,126992,1176.6,completed,online,2025-07-25,NO
1,13876,127165,1450.03,completed,online,2025-07-25,NO
2857,17621,129454,507.62,completed,online,2025-07-25,NO
1690,16350,134887,1337.85,failed,online,2025-07-25,NO
4152,1916,136134,1592.83,failed,online,2025-07-25,NO
843,33702,141973,1588.78,completed,online,2025-07-25,NO
2956,36217,142213,580.12,failed,online,2025-07-25,NO
1,7293,144574,711.82,completed,online,2025-07-25,NO
1,11744,145915,959.09,completed,online,2025-07-25,NO
1,9838,146326,132.91,failed,online,2025-07-25,NO
4840,44111,149925,1350.39,completed,online,2025-07-25,NO
