product_id,customer_id,transaction_id,amount,status,channel,transaction_date,fraud_flag
2695,39948,267,1926.5,completed,online,2025-02-07,NO
3992,40556,3177,5446.880096314158,completed,online,2025-02-07,NO
4713,35420,3230,978.95,failed,online,2025-02-07,NO
3622,21152,3318,690.94,completed,online,2025-02-07,NO
1305,45236,6517,1439.02,completed,online,2025-02-07,NO
3395,39784,10509,1652.66,completed,online,2025-02-07,NO
4485,15164,11285,1893.27,completed,online,2025-02-07,NO
1,5999,12811,662.47,failed,online,2025-02-07,NO
4842,49263,19072,1669.94,completed,online,2025-02-07,NO
2640,30833,24211,782.57,completed,online,2025-02-07,NO
1,11768,24851,721.82,failed,online,2025-02-07,NO
3896,45563,25225,1855.54,failed,online,2025-02-07,NO
759,3920,26161,1122.46,completed,online,2025-02-07,NO
30,25113,33026,135.89,completed,online,2025-02-07,NO
2982,36654,33502,1420.07,completed,online,2025-02-07,NO
1130,6278,33626,1609.94,completed,online,2025-02-07,NO
1840,45005,40461,1701.69,failed,online,2025-02-07,NO
1511,24505,44634,1768.37,failed,online,2025-02-07,NO
1555,15330,45930,1384.02,failed,online,2025-02-07,NO
124,26163,46134,1234.47,failed,online,2025-02-07,NO
1,8970,47891,726.26,failed,online,2025-02-07,NO
1983,11617,49685,1448.76,failed,online,2025-02-07,NO
1,43250,52283,826.95,completed,online,2025-02-07,NO
377,25347,54417,1018.96,completed,online,2025-02-07,NO
1961,2989,55543,701.48,failed,UNKNOWN,2025-02-07,NO
160,32920,57480,209.69,failed,online,2025-02-07,NO
3795,6671,58029,845.75,failed,online,2025-02-07,NO
3527,15247,59371,1323.14,completed,online,2025-02-07,NO
4755,9780,60319,1794.26,failed,online,2025-02-07,NO
1,42905,60393,1959.94,failed,online,2025-02-07,NO
2784,25163,60912,1055.18,failed,online,2025-02-07,NO
947,17144,66140,1015.56,failed,online,2025-02-07,NO
260,30013,70536,889.99,completed,online,2025-02-07,NO
1,33977,70748,836.62,failed,online,2025-02-07,NO
1,19996,71403,944.9,completed,online,2025-02-07,NO
1810,14996,74138,1075.13,completed,online,2025-02-07,NO
3076,9976,74174,188.84,failed,online,2025-02-07,NO
1,10924,74774,1890.51,failed,UNKNOWN,2025-02-07,NO
3399,39470,78429,527.56,failed,online,2025-02-07,NO
3531,24409,79486,1834.22,failed,online,2025-02-07,NO
1,38562,84387,512.24,completed,online,2025-02-07,NO
3151,35537,87292,671.57,failed,online,2025-02-07,NO
2671,38513,88357,1436.6,failed,online,2025-02-07,NO
2268,34056,88607,428.0,failed,online,2025-02-07,NO
4674,17066,89183,663.51,completed,online,2025-02-07,NO
948,49194,89299,1107.47,failed,online,2025-02-07,NO
845,38635,91073,17.92,completed,online,2025-02-07,NO
4541,43083,92726,571.62,failed,online,2025-02-07,NO
2521,9682,93498,202.94,failed,online,2025-02-07,NO
2066,27505,94765,1038.83,completed,online,2025-02-07,NO
1,4181,94934,624.4,failed,online,2025-02-07,NO
1161,27340,96675,1073.87,failed,online,2025-02-07,NO
1,38604,97875,1644.49,completed,online,2025-02-07,NO
2,45587,98124,834.67,completed,online,2025-02-07,NO
4066,34194,101995,1156.55,failed,online,2025-02-07,NO
2311,20358,106092,1608.36,failed,online,2025-02-07,NO
275,53,107440,517.22,failed,online,2025-02-07,NO
1393,49120,109394,204.43,completed,online,2025-02-07,NO
1512,13546,112951,1557.28,failed,online,2025-02-07,NO
457,44364,114958,1699.63,failed,online,2025-02-07,NO
3483,9870,115525,1796.7,failed,online,2025-02-07,NO
1125,25878,117681,508.37,failed,online,2025-02-07,NO
3442,39983,121156,626.96,failed,online,2025-02-07,NO
4573,14852,124150,1467.57,failed,online,2025-02-07,NO
898,34139,125215,159.68,failed,online,2025-02-07,NO
1,25738,130386,1251.55,failed,online,2025-02-07,NO
2106,3713,130398,1110.42,failed,online,2025-02-07,NO
4573,24263,132099,132.2,completed,online,2025-02-07,NO
1,15906,135685,1275.11,completed,online,2025-02-07,NO
905,40132,136987,485.64,failed,online,2025-02-07,NO
3790,48449,137278,1148.22,failed,online,2025-02-07,NO
1,34544,140361,1617.99,failed,online,2025-02-07,NO
3877,30193,1045,981.8,failed,online,2025-01-23,NO
2840,34874,3659,1404.56,completed,online,2025-01-23,NO
286,22011,4927,1591.68,completed,online,2025-01-23,NO
1085,36875,5203,1296.34,completed,online,2025-01-23,NO
558,22634,10572,1467.19,failed,online,2025-01-23,NO
1,37974,16305,1565.26,completed,online,2025-01-23,NO
4606,45491,27023,406.07,completed,online,2025-01-23,NO
1,19234,27746,1521.64,completed,online,2025-01-23,NO
1,10096,28425,418.7,failed,online,2025-01-23,NO
1,13761,28677,35.28,failed,online,2025-01-23,NO
2336,47127,29899,1212.04,failed,online,2025-01-23,NO
1789,46407,30492,45.09,failed,online,2025-01-23,NO
4190,3432,31354,340.86,completed,online,2025-01-23,NO
1,20777,33774,1463.87,failed,online,2025-01-23,NO
3208,44904,37000,1290.11,failed,online,2025-01-23,NO
3227,19473,37145,860.42,completed,online,2025-01-23,NO
760,45370,43347,441.11,failed,online,2025-01-23,NO
4999,26897,44320,1497.05,completed,online,2025-01-23,NO
4960,39003,44496,1769.77,completed,online,2025-01-23,NO
3588,29884,46396,133.29,failed,online,2025-01-23,NO
4293,21624,46561,929.76,completed,online,2025-01-23,NO
868,14106,53007,812.23,completed,online,2025-01-23,NO
1684,33610,53697,385.75,completed,online,2025-01-23,NO
3865,17995,54710,692.44,failed,online,2025-01-23,NO
3346,2421,55162,1177.6,failed,online,2025-01-23,NO
1585,29763,56800,1807.99,completed,online,2025-01-23,NO
1,17680,65470,905.59,completed,online,2025-01-23,NO
2542,28691,67602,23.41,completed,online,2025-01-23,NO
1,10248,69734,1527.2,completed,online,2025-01-23,NO
3957,25677,71618,1367.68,completed,online,2025-01-23,NO
4437,27364,75248,1516.6,completed,online,2025-01-23,NO
67,7171,77483,1320.71,completed,online,2025-01-23,NO
2667,985,77484,1112.04,completed,online,2025-01-23,NO
3043,29021,77502,1003.06,failed,online,2025-01-23,NO
3316,33269,78240,172.88,failed,online,2025-01-23,NO
3345,29807,79784,1536.8,completed,online,2025-01-23,NO
3984,33222,83380,8389.698872842073,failed,online,2025-01-23,NO
3631,46316,83782,1798.23,completed,online,2025-01-23,NO
4308,21487,85514,1577.44,completed,online,2025-01-23,NO
2867,21551,86496,400.2,failed,online,2025-01-23,NO
1,7574,86912,429.86,completed,online,2025-01-23,NO
4405,9857,88804,355.46,completed,online,2025-01-23,NO
1128,37285,91620,491.61,failed,online,2025-01-23,NO
794,14339,92061,884.45,failed,online,2025-01-23,NO
1,29890,95159,107.97,completed,online,2025-01-23,NO
4703,12057,97718,767.46,failed,online,2025-01-23,NO
3442,34822,99667,661.51,failed,online,2025-01-23,NO
885,484,100195,1717.1,failed,online,2025-01-23,NO
2321,16364,100939,1327.07,failed,UNKNOWN,2025-01-23,NO
1018,1165,101079,703.18,failed,online,2025-01-23,NO
4101,19898,101325,951.45,completed,online,2025-01-23,NO
2998,40513,101404,950.98,failed,online,2025-01-23,NO
4259,41837,102185,366.34,completed,online,2025-01-23,NO
4442,34336,103021,659.67,failed,online,2025-01-23,NO
181,26389,106988,1785.42,failed,online,2025-01-23,NO
1,22507,107385,1123.99,failed,online,2025-01-23,NO
930,3215,110031,710.66,failed,online,2025-01-23,NO
4452,5877,114445,1759.43,failed,online,2025-01-23,NO
1963,8857,114581,1694.07,failed,online,2025-01-23,NO
2028,48926,114940,1749.6,failed,online,2025-01-23,NO
4045,26623,123374,1852.63,failed,online,2025-01-23,NO
3136,9658,127063,1168.61,failed,online,2025-01-23,NO
410,13609,130001,257.28,completed,online,2025-01-23,NO
1,32263,130540,1942.43,completed,online,2025-01-23,NO
3704,37097,132488,1303.59,failed,UNKNOWN,2025-01-23,NO
2081,20190,134260,303.17,completed,online,2025-01-23,NO
4298,36595,135907,1946.72,failed,online,2025-01-23,NO
2231,34890,140179,1369.83,failed,online,2025-01-23,NO
2563,10114,141110,1832.14,completed,online,2025-01-23,NO
1549,12407,141253,381.87,failed,online,2025-01-23,NO
3222,42540,147053,1660.29,failed,online,2025-01-23,NO
1879,932,3777,1748.01,completed,online,2025-09-17,NO
2551,38322,5531,1547.8,completed,online,2025-09-17,NO
4454,25981,10163,961.03,completed,online,2025-09-17,NO
4699,32600,10560,761.02,failed,online,2025-09-17,NO
3346,8413,11959,212.97,failed,online,2025-09-17,NO
3376,48676,15671,40.72,completed,online,2025-09-17,NO
1,34794,15949,124.81,failed,online,2025-09-17,NO
2664,12025,17591,739.06,failed,online,2025-09-17,NO
1610,45000,19291,8656.375168786133,completed,online,2025-09-17,NO
1,22939,19713,187.73,failed,online,2025-09-17,NO
1,35262,19746,1293.81,completed,online,2025-09-17,NO
2451,46280,21205,1676.66,completed,online,2025-09-17,NO
2272,19109,35397,543.53,completed,online,2025-09-17,NO
1222,12056,37766,1070.23,failed,online,2025-09-17,NO
1,7826,40693,1949.97,completed,online,2025-09-17,NO
2645,38026,40920,361.14,completed,online,2025-09-17,NO
1,29342,43189,639.38,failed,online,2025-09-17,NO
1,39463,44458,1622.58,completed,online,2025-09-17,NO
1,19094,46027,972.08,failed,online,2025-09-17,NO
2007,34828,47200,100.95,failed,online,2025-09-17,NO
2637,47432,47783,1998.66,failed,online,2025-09-17,NO
2311,26161,49542,811.07,completed,online,2025-09-17,NO
3118,9557,52521,327.67,completed,online,2025-09-17,NO
2664,4570,53729,896.48,completed,online,2025-09-17,NO
2982,44787,58626,831.82,completed,online,2025-09-17,NO
1626,8460,58918,777.32,failed,online,2025-09-17,NO
1241,8461,62083,1148.06,completed,online,2025-09-17,NO
4796,33951,62137,917.64,failed,online,2025-09-17,NO
344,792,62427,1674.99,failed,online,2025-09-17,NO
1,25808,62838,770.05,failed,online,2025-09-17,NO
174,11874,66724,438.13,completed,online,2025-09-17,NO
1000,48246,68229,886.66,completed,online,2025-09-17,NO
1,28363,72370,1001.13,completed,online,2025-09-17,NO
2246,16395,72373,468.01,failed,UNKNOWN,2025-09-17,NO
1,42116,74640,563.13,completed,online,2025-09-17,NO
2195,46208,78991,1608.6,completed,online,2025-09-17,NO
173,14781,79822,1059.29,completed,online,2025-09-17,NO
1381,35351,84262,700.72,completed,online,2025-09-17,NO
2238,26192,85878,1255.76,completed,online,2025-09-17,NO
4327,40803,86758,1690.97,failed,online,2025-09-17,NO
2605,22047,88506,1517.91,failed,online,2025-09-17,NO
1123,34998,93110,1018.48,completed,online,2025-09-17,NO
1700,24252,96426,31.51,completed,online,2025-09-17,NO
2098,5762,96727,1581.7,failed,online,2025-09-17,NO
1,37249,97364,885.97,completed,online,2025-09-17,NO
3937,48690,99978,1930.5,failed,online,2025-09-17,NO
2398,34229,101542,981.2,failed,online,2025-09-17,NO
604,16320,103954,1527.51,completed,online,2025-09-17,NO
1,27541,107585,292.15,completed,online,2025-09-17,NO
1,43164,109189,344.71,completed,online,2025-09-17,NO
1,19072,111766,874.36,failed,online,2025-09-17,NO
1147,36303,113856,1944.79,completed,online,2025-09-17,NO
1,24128,114993,820.55,failed,online,2025-09-17,NO
1257,12022,117618,1507.8,completed,online,2025-09-17,NO
1,40170,117988,1289.2,failed,online,2025-09-17,NO
1,27560,120870,1102.39,completed,online,2025-09-17,NO
3524,39185,122802,141.12,completed,online,2025-09-17,NO
2502,24359,124148,62.65,completed,online,2025-09-17,NO
334,34497,124279,880.74,completed,online,2025-09-17,NO
1,1042,131830,855.58,completed,online,2025-09-17,NO
3994,21394,132244,953.17,failed,online,2025-09-17,NO
2193,29592,133345,1155.1,failed,online,2025-09-17,NO
4839,25686,134870,688.31,completed,online,2025-09-17,NO
1,38040,134877,100.91,completed,online,2025-09-17,NO
2518,13724,137853,1943.19,failed,online,2025-09-17,NO
631,25870,140009,397.25,failed,online,2025-09-17,NO
3995,13532,140357,750.11,completed,online,2025-09-17,NO
3406,47793,144173,1997.92,failed,online,2025-09-17,NO
3127,7435,148555,311.51,failed,online,2025-09-17,NO
3703,39134,149512,1097.2,failed,online,2025-09-17,NO
3773,28937,149634,181.29,completed,online,2025-09-17,NO
2179,10571,5857,361.71,failed,online,2025-04-14,NO
1028,33923,12266,306.59,failed,online,2025-04-14,NO
4303,38963,13002,1833.75,failed,online,2025-04-14,NO
1,48352,15687,519.3,failed,online,2025-04-14,NO
633,47425,17822,362.87,failed,online,2025-04-14,NO
495,26973,18846,589.34,failed,UNKNOWN,2025-04-14,NO
1,42793,21849,278.43,failed,online,2025-04-14,NO
1847,11273,24007,1511.89,completed,online,2025-04-14,NO
609,39665,27478,974.2,completed,online,2025-04-14,NO
1462,40597,35251,867.32,completed,online,2025-04-14,NO
4773,34234,35298,196.04,failed,online,2025-04-14,NO
680,40230,41209,1160.47,completed,online,2025-04-14,NO
2561,43196,41633,751.58,completed,online,2025-04-14,NO
3094,3418,42159,932.13,completed,online,2025-04-14,NO
1073,33844,47938,1566.38,failed,online,2025-04-14,NO
1,10801,48454,1256.54,failed,UNKNOWN,2025-04-14,NO
3999,7862,48691,659.91,failed,online,2025-04-14,NO
1,34808,49172,1558.35,failed,online,2025-04-14,NO
1666,33431,51494,1352.5,completed,online,2025-04-14,NO
1700,17540,52420,681.31,completed,online,2025-04-14,NO
1,14127,53256,1230.11,completed,online,2025-04-14,NO
1858,28132,53841,34.18,completed,online,2025-04-14,NO
990,8339,54003,1342.09,failed,online,2025-04-14,NO
2319,24360,58392,147.45,failed,online,2025-04-14,NO
1,12663,59027,1936.74,completed,online,2025-04-14,NO
4387,41742,62509,1420.59,completed,online,2025-04-14,NO
4255,5779,64756,957.88,failed,online,2025-04-14,NO
1,49157,65046,1947.34,failed,online,2025-04-14,NO
3821,319,65090,780.74,completed,online,2025-04-14,NO
2937,21345,66350,1567.84,failed,online,2025-04-14,NO
1855,40366,67147,1776.51,completed,online,2025-04-14,NO
1224,21498,71614,1984.71,failed,online,2025-04-14,NO
1002,18991,72204,1048.47,failed,online,2025-04-14,NO
1,18624,72838,1478.64,failed,online,2025-04-14,NO
938,24070,74153,49.8,completed,online,2025-04-14,NO
4493,45021,79695,769.79,completed,online,2025-04-14,NO
4381,47526,83266,918.12,completed,online,2025-04-14,NO
412,49836,89137,1052.54,failed,online,2025-04-14,NO
2191,20928,89848,613.91,completed,online,2025-04-14,NO
2870,40892,92199,1261.49,failed,online,2025-04-14,NO
4535,25190,92323,526.62,failed,online,2025-04-14,NO
1594,8323,98511,486.68,failed,online,2025-04-14,NO
3620,37162,100087,114.01,failed,online,2025-04-14,NO
2479,26986,101539,1357.76,failed,online,2025-04-14,NO
2561,39035,102153,980.03,completed,online,2025-04-14,NO
1,18989,104403,1349.04,completed,online,2025-04-14,NO
4163,29041,105427,1908.29,completed,online,2025-04-14,NO
3495,29199,106513,500.86,completed,online,2025-04-14,NO
158,28624,107888,633.18,completed,online,2025-04-14,NO
1761,851,109947,837.24,completed,online,2025-04-14,NO
255,37586,110567,60.32,completed,online,2025-04-14,NO
2546,21825,111440,1019.43,failed,online,2025-04-14,NO
2140,8582,111488,1383.88,failed,online,2025-04-14,NO
1,21254,112532,1892.81,completed,online,2025-04-14,NO
2838,43646,113189,1864.23,completed,online,2025-04-14,NO
1,38548,114715,1419.18,completed,online,2025-04-14,NO
3815,26176,115217,460.6,completed,online,2025-04-14,NO
1,28851,118162,607.81,completed,online,2025-04-14,NO
4597,20824,120776,48.05,completed,online,2025-04-14,NO
1093,37682,128147,479.48,failed,online,2025-04-14,NO
1,45830,130099,1159.89,failed,online,2025-04-14,NO
1,21932,131030,500.03,completed,online,2025-04-14,NO
4092,38423,133598,1884.0,failed,online,2025-04-14,NO
4664,16465,135722,1948.01,completed,online,2025-04-14,NO
4087,35552,137915,688.71,completed,online,2025-04-14,NO
1,39562,141738,285.63,failed,online,2025-04-14,NO
346,37445,143730,1470.67,completed,online,2025-04-14,NO
1,30392,145150,1765.13,completed,online,2025-04-14,NO
1,29734,145577,196.29,completed,online,2025-04-14,NO
1609,41270,146471,737.71,completed,online,2025-04-14,NO
1,40442,147441,1899.52,completed,online,2025-04-14,NO
3937,36023,860,1607.78,failed,online,2025-08-26,NO
3584,30912,2212,1401.92,completed,online,2025-08-26,NO
2319,32885,5040,442.51,completed,online,2025-08-26,NO
4833,21995,7005,292.18,completed,online,2025-08-26,NO
2873,25623,7890,141.93,completed,online,2025-08-26,NO
4253,27751,9439,194.98,failed,online,2025-08-26,NO
1,36332,10210,1131.81,failed,online,2025-08-26,NO
757,26652,12607,1440.42,completed,online,2025-08-26,NO
4229,44015,13426,1805.69,completed,online,2025-08-26,NO
1753,26622,16134,1794.79,failed,online,2025-08-26,NO
1866,11834,18381,87.18,completed,online,2025-08-26,NO
1,47170,20134,525.62,completed,online,2025-08-26,NO
1677,22530,21700,1515.92,failed,online,2025-08-26,NO
419,48208,23222,1659.73,failed,online,2025-08-26,NO
1612,10034,23365,425.92,failed,online,2025-08-26,NO
3802,9692,25179,667.14,completed,online,2025-08-26,NO
1,20543,25507,1617.29,completed,online,2025-08-26,NO
1999,36400,26996,862.11,failed,online,2025-08-26,NO
4160,45172,28115,459.73,failed,online,2025-08-26,NO
2849,27429,29780,757.96,completed,UNKNOWN,2025-08-26,NO
1,4936,30121,1753.94,failed,online,2025-08-26,NO
4995,5254,35399,372.48,failed,online,2025-08-26,NO
926,35491,35527,562.53,completed,online,2025-08-26,NO
4959,21035,38003,1052.05,completed,online,2025-08-26,NO
1,44590,42385,1627.33,completed,online,2025-08-26,NO
4749,36459,42644,92.92,failed,online,2025-08-26,NO
1884,17574,48144,706.78,failed,online,2025-08-26,NO
678,42679,56121,1222.3,completed,online,2025-08-26,NO
1569,1687,63934,1944.48,failed,online,2025-08-26,NO
2579,30487,63944,179.55,failed,online,2025-08-26,NO
937,33864,68892,969.75,completed,online,2025-08-26,NO
1,48283,72385,14.2,failed,online,2025-08-26,NO
387,48304,74235,1758.45,completed,online,2025-08-26,NO
2741,44286,78818,269.89,completed,online,2025-08-26,NO
623,49490,80033,209.66,failed,online,2025-08-26,NO
2756,40465,80052,1732.51,failed,online,2025-08-26,NO
107,24850,81577,643.72,completed,online,2025-08-26,NO
1,10351,88739,1113.96,completed,online,2025-08-26,NO
3977,2277,93553,1502.58,failed,online,2025-08-26,NO
667,38147,93639,1766.07,completed,online,2025-08-26,NO
3372,14386,95721,1570.33,completed,online,2025-08-26,NO
4900,34982,96223,982.31,failed,online,2025-08-26,NO
3942,31992,98077,685.5,completed,online,2025-08-26,NO
2388,43651,100612,670.05,completed,online,2025-08-26,NO
2852,31095,101910,1392.94,completed,UNKNOWN,2025-08-26,NO
1805,591,105935,287.78,completed,online,2025-08-26,NO
2481,3857,112073,819.58,failed,online,2025-08-26,NO
1436,17123,114932,635.9,completed,online,2025-08-26,NO
1,6075,118871,1777.27,completed,online,2025-08-26,NO
1894,33187,119662,496.13,failed,online,2025-08-26,NO
1,17632,119817,809.33,completed,online,2025-08-26,NO
161,42056,120668,307.52,completed,online,2025-08-26,NO
4377,42195,121207,926.37,failed,online,2025-08-26,NO
1,30817,121384,1695.58,completed,online,2025-08-26,NO
1,40774,123457,517.64,completed,online,2025-08-26,NO
4436,375,124365,47.05,failed,online,2025-08-26,NO
707,19300,124949,1564.81,failed,online,2025-08-26,NO
1171,44457,129010,229.08,completed,online,2025-08-26,NO
489,24333,131195,1507.43,failed,online,2025-08-26,NO
435,46458,131692,1578.56,completed,online,2025-08-26,NO
4093,37539,133802,1054.37,completed,online,2025-08-26,NO
4400,38092,134394,1147.71,completed,online,2025-08-26,NO
4232,26664,136066,1027.96,failed,online,2025-08-26,NO
1765,20038,136299,1441.59,completed,online,2025-08-26,NO
1,12392,139142,312.17,failed,online,2025-08-26,NO
1,1884,140442,722.88,completed,online,2025-08-26,NO
4049,32465,141252,282.71,completed,online,2025-08-26,NO
473,13118,143640,851.28,failed,online,2025-08-26,NO
3343,30470,143684,1600.15,completed,online,2025-08-26,NO
1,42506,148997,1108.95,failed,online,2025-08-26,NO
697,3821,149215,22.33,failed,online,2025-08-26,NO
1344,17696,1829,818.69,completed,online,2025-04-20,NO
1,46161,2606,130.54,completed,online,2025-04-20,NO
1,44782,10267,1202.11,failed,online,2025-04-20,NO
1,15198,13623,1556.67,failed,online,2025-04-20,NO
508,38554,14531,1540.82,completed,online,2025-04-20,NO
571,18738,20097,470.17,completed,online,2025-04-20,NO
1,26620,20102,1663.86,completed,online,2025-04-20,NO
3183,30926,20195,1266.5,failed,online,2025-04-20,NO
1166,31871,20331,1527.2,completed,online,2025-04-20,NO
501,18052,21049,968.53,completed,online,2025-04-20,NO
1890,12377,22350,1082.25,failed,online,2025-04-20,NO
4047,39076,22844,117.56,completed,online,2025-04-20,NO
3637,13645,24253,1974.41,failed,online,2025-04-20,NO
1315,6658,25081,386.23,completed,online,2025-04-20,NO
1,47395,30751,220.8,failed,online,2025-04-20,NO
4043,18376,32260,450.64,completed,online,2025-04-20,NO
691,29523,32313,1546.91,failed,online,2025-04-20,NO
2651,18610,34345,1911.67,failed,online,2025-04-20,NO
801,17776,34789,152.69,failed,online,2025-04-20,NO
1127,30986,37404,992.5,completed,online,2025-04-20,NO
3957,36311,38978,1794.58,failed,online,2025-04-20,NO
1,13205,39355,1901.99,failed,online,2025-04-20,NO
2642,34916,41902,1645.4,completed,online,2025-04-20,NO
4325,20438,44064,113.98,failed,online,2025-04-20,NO
1439,10391,46880,926.01,failed,online,2025-04-20,NO
1,5504,47507,1883.91,failed,online,2025-04-20,NO
2735,11157,50090,1503.48,completed,online,2025-04-20,NO
1031,17122,50749,457.26,completed,online,2025-04-20,NO
4096,36156,58305,1853.08,completed,online,2025-04-20,NO
1,26521,66770,1948.29,completed,online,2025-04-20,NO
4209,38360,67500,218.58,completed,UNKNOWN,2025-04-20,NO
1,38466,68906,1162.08,completed,online,2025-04-20,NO
3692,45147,68953,1258.69,completed,online,2025-04-20,NO
1,12716,69192,1826.36,completed,online,2025-04-20,NO
4315,20582,69271,1480.1,completed,online,2025-04-20,NO
4518,28898,69395,138.13,failed,online,2025-04-20,NO
3601,20007,70854,96.38,completed,online,2025-04-20,NO
1,36879,71939,1815.38,completed,online,2025-04-20,NO
3630,12092,76828,1811.74,completed,online,2025-04-20,NO
1035,48918,82925,1280.45,completed,online,2025-04-20,NO
1131,23522,91755,1224.25,completed,online,2025-04-20,NO
669,45206,94901,1676.95,completed,online,2025-04-20,NO
3712,36183,97879,383.87,completed,online,2025-04-20,NO
1,37064,98441,23.82,failed,online,2025-04-20,NO
2308,41,100787,1940.97,completed,online,2025-04-20,NO
3589,5961,104554,1276.49,failed,online,2025-04-20,NO
1,37940,107533,1023.75,failed,online,2025-04-20,NO
2540,23482,107758,1448.78,failed,online,2025-04-20,NO
2208,19191,108025,1896.5,failed,online,2025-04-20,NO
1906,11524,108469,943.07,completed,online,2025-04-20,NO
1,390,111378,118.12,completed,online,2025-04-20,NO
4629,17238,111691,635.17,failed,online,2025-04-20,NO
2411,9573,112803,927.39,completed,online,2025-04-20,NO
4213,25514,114244,1930.68,completed,UNKNOWN,2025-04-20,NO
2785,29698,114432,1821.08,completed,online,2025-04-20,NO
4890,46030,115057,1002.34,failed,online,2025-04-20,NO
82,19533,115641,866.17,failed,online,2025-04-20,NO
4963,36157,117418,127.32,completed,online,2025-04-20,NO
3674,25436,117491,1022.97,completed,online,2025-04-20,NO
1,17886,125853,727.32,failed,online,2025-04-20,NO
498,23142,127444,927.39,failed,online,2025-04-20,NO
1,494,129548,823.94,failed,online,2025-04-20,NO
1,26890,132483,567.4,failed,online,2025-04-20,NO
3491,11389,132728,549.79,failed,online,2025-04-20,NO
3456,1791,138894,1992.53,completed,online,2025-04-20,NO
4387,13947,138923,1051.85,failed,online,2025-04-20,NO
3522,39202,141833,121.07,completed,online,2025-04-20,NO
1,19596,142423,1449.9,completed,online,2025-04-20,NO
628,15317,143070,1312.53,failed,online,2025-04-20,NO
994,4846,144392,172.8,completed,online,2025-04-20,NO
451,45509,147226,447.49,failed,online,2025-04-20,NO
67,23296,654,980.53,completed,online,2025-04-24,NO
1,45658,725,134.96,failed,online,2025-04-24,NO
1934,28363,1265,1028.04,failed,online,2025-04-24,NO
3664,17045,9053,222.86,failed,online,2025-04-24,NO
4073,37440,10898,1793.04,completed,online,2025-04-24,NO
1082,44347,18193,639.44,failed,online,2025-04-24,NO
303,31977,18564,1703.92,failed,online,2025-04-24,NO
4838,46263,18973,1905.67,failed,online,2025-04-24,NO
291,43026,19526,42.07,completed,online,2025-04-24,NO
3123,38920,22594,1458.0,completed,online,2025-04-24,NO
3795,47886,23479,60.74,completed,online,2025-04-24,NO
2527,13220,24466,1218.92,failed,online,2025-04-24,NO
2295,39039,25695,473.06,failed,online,2025-04-24,NO
3070,44808,25791,1690.31,failed,online,2025-04-24,NO
4248,41581,30465,1496.36,completed,online,2025-04-24,NO
2212,2626,31143,338.12,failed,online,2025-04-24,NO
3303,5487,35478,207.14,failed,online,2025-04-24,NO
4915,42727,39525,730.67,failed,online,2025-04-24,NO
3369,2316,43834,1828.35,completed,online,2025-04-24,NO
1430,20746,43852,54.77,completed,online,2025-04-24,NO
3539,6843,44229,1560.9,completed,online,2025-04-24,NO
2091,19952,45894,1462.27,completed,online,2025-04-24,NO
1149,19924,47508,479.61,completed,online,2025-04-24,NO
2817,44800,48195,72.86,completed,online,2025-04-24,NO
1093,3401,50839,1157.2,completed,online,2025-04-24,NO
3555,8791,51590,1667.52,completed,online,2025-04-24,NO
4481,19737,53552,108.35,failed,online,2025-04-24,NO
2927,14853,55883,1102.45,failed,online,2025-04-24,NO
3373,1666,57969,1497.04,failed,online,2025-04-24,NO
1531,44534,58859,1062.14,completed,online,2025-04-24,NO
75,26523,59036,871.71,completed,online,2025-04-24,NO
2375,40900,59100,1260.25,completed,online,2025-04-24,NO
2860,39683,63111,1411.04,failed,online,2025-04-24,NO
1171,192,63458,766.03,failed,online,2025-04-24,NO
1006,30387,66353,355.25,completed,online,2025-04-24,NO
1888,32406,70218,1749.16,completed,online,2025-04-24,NO
2632,16381,71854,1838.68,failed,online,2025-04-24,NO
1,27093,73036,939.17,failed,online,2025-04-24,NO
841,9753,73289,975.51,completed,online,2025-04-24,NO
3689,42151,74388,398.97,failed,online,2025-04-24,NO
1,6764,78121,763.04,failed,online,2025-04-24,NO
1860,39359,81333,192.67,failed,online,2025-04-24,NO
3513,9273,88224,827.15,failed,online,2025-04-24,NO
2468,45572,92601,1110.33,completed,online,2025-04-24,NO
1374,27383,95097,1816.47,failed,online,2025-04-24,NO
3448,20893,95738,1614.18,failed,online,2025-04-24,NO
3746,21343,97084,1416.06,failed,online,2025-04-24,NO
1,21431,97858,494.0,failed,online,2025-04-24,NO
774,9391,102679,1577.19,completed,online,2025-04-24,NO
3649,46789,105186,247.97,failed,online,2025-04-24,NO
539,4140,105955,1219.36,completed,online,2025-04-24,NO
3063,29524,106783,628.6,failed,online,2025-04-24,NO
2974,24325,108704,1227.98,failed,online,2025-04-24,NO
512,46130,110068,196.36,completed,online,2025-04-24,NO
3960,9326,113288,1425.76,completed,online,2025-04-24,NO
2921,40657,115117,1645.64,failed,online,2025-04-24,NO
1127,35198,117367,465.97,completed,online,2025-04-24,NO
1750,26934,117609,1107.69,failed,online,2025-04-24,NO
4219,27293,118120,573.6,failed,online,2025-04-24,NO
3808,35468,120484,1476.1,failed,online,2025-04-24,NO
1,45536,120569,999.66,completed,online,2025-04-24,NO
3545,27481,122736,1884.2,completed,online,2025-04-24,NO
2955,1592,125776,228.64,completed,online,2025-04-24,NO
4424,6847,129163,455.51,completed,online,2025-04-24,NO
4733,44186,129545,1083.11,completed,online,2025-04-24,NO
1572,23522,135136,220.79,failed,online,2025-04-24,NO
2370,48752,136937,1433.23,failed,online,2025-04-24,NO
1856,33597,140390,1778.94,failed,online,2025-04-24,NO
4825,22043,140487,35.29,completed,online,2025-04-24,NO
4157,9053,141230,59.51,completed,online,2025-04-24,NO
4989,35629,146277,1843.0,failed,online,2025-04-24,NO
2681,35523,1731,1561.48,failed,online,2025-01-22,NO
1752,20885,4364,315.54,failed,UNKNOWN,2025-01-22,NO
1,49346,6740,1446.37,completed,online,2025-01-22,NO
2958,2561,7266,586.04,failed,online,2025-01-22,NO
989,45389,8006,1740.47,completed,online,2025-01-22,NO
826,9251,12777,1366.94,failed,online,2025-01-22,NO
2202,7953,16043,31.88,failed,online,2025-01-22,NO
4303,16902,16400,732.0,failed,online,2025-01-22,NO
947,26541,17044,269.43,completed,online,2025-01-22,NO
3110,46186,17809,109.9,completed,online,2025-01-22,NO
1,16223,18166,371.96,completed,online,2025-01-22,NO
1,13756,21086,681.42,failed,online,2025-01-22,NO
1656,31462,21612,1319.56,failed,online,2025-01-22,NO
2650,32879,31279,9578.572979688874,failed,online,2025-01-22,NO
3827,19601,31873,334.18,completed,online,2025-01-22,NO
4089,37843,33614,971.82,completed,online,2025-01-22,NO
4620,41361,34866,1103.52,completed,online,2025-01-22,NO
1,42617,35285,1306.96,failed,online,2025-01-22,NO
22,1646,35381,1764.97,completed,online,2025-01-22,NO
3226,6506,36430,8464.298720638722,completed,online,2025-01-22,NO
2932,36559,37893,1861.03,completed,online,2025-01-22,NO
1997,37537,37971,237.17,completed,online,2025-01-22,NO
3112,47102,40649,1425.8,completed,online,2025-01-22,NO
4261,2203,45323,224.88,failed,online,2025-01-22,NO
3501,6273,59724,1867.12,failed,online,2025-01-22,NO
2478,39426,61344,873.54,completed,online,2025-01-22,NO
4982,8913,62299,178.17,failed,online,2025-01-22,NO
607,15804,63850,509.37,failed,online,2025-01-22,NO
3360,32672,65486,318.86,failed,online,2025-01-22,NO
1936,10614,65904,858.07,completed,online,2025-01-22,NO
2883,23321,69114,1663.97,completed,online,2025-01-22,NO
1443,37543,69422,661.72,failed,online,2025-01-22,NO
3354,10708,70615,369.7,failed,online,2025-01-22,NO
3801,43806,71427,1606.74,completed,online,2025-01-22,NO
529,21552,73157,1506.18,completed,online,2025-01-22,NO
3478,6064,74422,591.89,failed,online,2025-01-22,NO
1,39381,76222,666.85,failed,online,2025-01-22,NO
4400,26292,80090,27.92,failed,online,2025-01-22,NO
3728,1146,83197,663.54,failed,online,2025-01-22,NO
4960,31034,87482,648.45,completed,online,2025-01-22,NO
4107,37247,87958,478.77,failed,online,2025-01-22,NO
1948,47249,88862,1925.84,failed,online,2025-01-22,NO
1,46506,93630,115.69,completed,online,2025-01-22,NO
808,28390,97042,1927.45,completed,online,2025-01-22,NO
2005,48478,97166,1423.33,failed,online,2025-01-22,NO
1,43126,99871,1764.25,completed,online,2025-01-22,NO
1,10484,103980,1085.04,failed,online,2025-01-22,NO
1,30886,104427,1062.92,completed,online,2025-01-22,NO
968,4406,105080,931.27,completed,online,2025-01-22,NO
1,17517,107008,968.8,failed,online,2025-01-22,NO
2760,24953,107480,965.6,failed,online,2025-01-22,NO
1,4500,107607,864.0,failed,online,2025-01-22,NO
1139,17485,109230,214.02,failed,online,2025-01-22,NO
4689,43500,113537,239.9,failed,online,2025-01-22,NO
4443,43636,114417,1277.6,failed,online,2025-01-22,NO
3222,16615,118894,1194.88,failed,online,2025-01-22,NO
1,13362,121417,484.04,completed,online,2025-01-22,NO
1862,29384,124732,1187.24,completed,online,2025-01-22,NO
1754,41397,125634,149.43,completed,online,2025-01-22,NO
1830,41343,127374,1333.66,failed,online,2025-01-22,NO
2955,27409,130403,709.01,completed,online,2025-01-22,NO
4194,3988,132024,770.17,failed,online,2025-01-22,NO
4217,28851,133462,1275.06,completed,online,2025-01-22,NO
1,37872,139140,67.54,failed,online,2025-01-22,NO
2179,4038,143768,1186.63,completed,online,2025-01-22,NO
1,5853,143935,1387.01,completed,online,2025-01-22,NO
3274,789,146119,1863.33,failed,online,2025-01-22,NO
4224,13102,146301,389.44,failed,online,2025-01-22,NO
1,27651,146810,942.17,failed,online,2025-01-22,NO
2032,4066,148692,9689.323349384842,failed,online,2025-01-22,NO
522,30680,149541,784.47,completed,online,2025-01-22,NO
2846,18171,265,121.86,completed,online,2025-02-22,NO
1,45479,1926,597.38,failed,online,2025-02-22,NO
721,22708,2986,1524.18,failed,online,2025-02-22,NO
4608,25089,4410,1134.4,failed,online,2025-02-22,NO
1271,14903,5027,7471.794014015594,completed,online,2025-02-22,NO
1175,39232,5454,550.87,completed,online,2025-02-22,NO
1,27061,6372,327.73,failed,online,2025-02-22,NO
4428,5517,7282,1653.35,completed,online,2025-02-22,NO
3621,26689,8021,1115.92,failed,online,2025-02-22,NO
1,36694,8819,375.01,completed,online,2025-02-22,NO
4224,7605,9751,1281.32,failed,online,2025-02-22,NO
3191,18800,10322,1905.96,failed,online,2025-02-22,NO
1167,16169,16335,326.54,failed,online,2025-02-22,NO
2290,11704,18427,945.63,failed,online,2025-02-22,NO
3578,39274,21489,887.71,completed,online,2025-02-22,NO
1034,19025,24424,552.85,completed,online,2025-02-22,NO
3443,35407,25693,974.84,completed,online,2025-02-22,NO
2505,1207,28004,1975.0,failed,online,2025-02-22,NO
4782,41282,29294,412.96,completed,online,2025-02-22,NO
66,32748,31246,548.09,failed,online,2025-02-22,NO
3280,2617,33345,252.75,failed,online,2025-02-22,NO
1625,14602,34808,812.31,failed,online,2025-02-22,NO
895,4402,39547,886.61,completed,online,2025-02-22,NO
3236,38039,43299,590.51,failed,online,2025-02-22,NO
1,30928,47255,1481.35,completed,online,2025-02-22,NO
102,13910,47647,1761.87,completed,online,2025-02-22,NO
3234,2641,52123,1142.65,failed,online,2025-02-22,NO
1,33718,52606,186.69,failed,online,2025-02-22,NO
1,37045,55308,1025.62,failed,online,2025-02-22,NO
1646,23996,56773,1261.06,completed,online,2025-02-22,NO
429,17913,58684,1731.08,completed,online,2025-02-22,NO
3231,6775,63179,367.84,failed,online,2025-02-22,NO
3924,20440,66588,165.38,failed,online,2025-02-22,NO
4199,30137,69932,749.04,failed,online,2025-02-22,NO
1901,9129,72539,778.8,failed,online,2025-02-22,NO
1,29932,73137,1971.03,failed,online,2025-02-22,NO
4504,41236,75981,409.21,failed,online,2025-02-22,NO
1,43931,77092,28.05,completed,online,2025-02-22,NO
1650,27654,78467,1680.59,failed,online,2025-02-22,NO
3127,39367,78981,1976.33,completed,online,2025-02-22,NO
861,48992,79943,1419.16,completed,online,2025-02-22,NO
1544,45510,80313,1610.73,completed,online,2025-02-22,NO
2750,3863,82024,1544.43,completed,online,2025-02-22,NO
1,23766,83200,833.23,failed,online,2025-02-22,NO
1,1843,88242,664.81,failed,online,2025-02-22,NO
1336,26435,91413,349.91,completed,online,2025-02-22,NO
470,39567,92065,1678.71,failed,online,2025-02-22,NO
775,36930,92221,448.34,failed,online,2025-02-22,NO
2320,43802,94217,1331.66,failed,online,2025-02-22,NO
1213,27356,94550,7820.095481016613,failed,online,2025-02-22,NO
1423,17655,95539,1227.16,failed,online,2025-02-22,NO
2817,12926,95882,795.99,completed,online,2025-02-22,NO
1,9148,96915,1363.08,completed,online,2025-02-22,NO
902,49639,104017,1721.9,completed,online,2025-02-22,NO
4162,46144,105965,990.57,failed,online,2025-02-22,NO
1864,49955,110950,655.62,failed,online,2025-02-22,NO
1212,46474,113498,45.28,completed,online,2025-02-22,NO
4615,5904,116227,1732.88,completed,online,2025-02-22,NO
4484,10999,117103,1223.28,completed,online,2025-02-22,NO
2459,49063,117258,718.79,failed,online,2025-02-22,NO
3345,25293,118153,1511.21,completed,online,2025-02-22,NO
625,12729,120705,934.3,failed,online,2025-02-22,NO
572,39203,120820,702.61,failed,online,2025-02-22,NO
3125,41470,121876,808.74,completed,online,2025-02-22,NO
2682,24368,122326,826.7,completed,online,2025-02-22,NO
4336,39878,123305,1644.02,failed,online,2025-02-22,NO
4327,6948,136857,515.99,completed,online,2025-02-22,NO
3511,48022,139452,51.25,completed,online,2025-02-22,NO
4934,1603,142568,378.05,completed,online,2025-02-22,NO
4285,2491,146759,1764.14,completed,online,2025-02-22,NO
1980,5324,148325,878.91,completed,online,2025-02-22,NO
2580,35463,224,1631.13,failed,online,2025-05-13,NO
2252,45966,1675,9035.540333363231,completed,online,2025-05-13,NO
1343,3027,2888,1548.18,completed,online,2025-05-13,NO
4512,31833,3502,1196.5,completed,online,2025-05-13,NO
672,1127,5287,815.59,failed,online,2025-05-13,NO
1,1883,5442,1466.38,failed,online,2025-05-13,NO
718,40884,8822,264.85,failed,online,2025-05-13,NO
1655,8877,11483,719.35,failed,online,2025-05-13,NO
2091,20443,11491,10.13,completed,online,2025-05-13,NO
1,34384,17130,1334.72,completed,online,2025-05-13,NO
4436,39891,19103,520.6,completed,online,2025-05-13,NO
2094,39179,19531,869.4,failed,online,2025-05-13,NO
4116,30999,21829,60.16,completed,online,2025-05-13,NO
2860,16313,23619,275.01,failed,online,2025-05-13,NO
1804,17610,23882,1833.65,completed,online,2025-05-13,NO
4003,8159,24268,875.64,completed,online,2025-05-13,NO
1390,20035,27078,1872.69,failed,online,2025-05-13,NO
4131,19293,29049,1829.45,failed,online,2025-05-13,NO
3470,44436,39067,1698.94,completed,online,2025-05-13,NO
2349,26697,41559,1571.67,completed,online,2025-05-13,NO
3363,24287,41689,481.17,failed,online,2025-05-13,NO
294,19446,43103,103.67,completed,online,2025-05-13,NO
1627,18183,43259,58.88,failed,online,2025-05-13,NO
1,46771,44268,853.18,completed,online,2025-05-13,NO
1,38512,44822,475.39,failed,online,2025-05-13,NO
282,7500,47555,1036.64,failed,online,2025-05-13,NO
3454,24157,50462,12.62,completed,online,2025-05-13,NO
2611,6532,52435,764.31,failed,online,2025-05-13,NO
3937,13947,57171,1992.89,completed,online,2025-05-13,NO
4640,34709,58125,1902.15,completed,online,2025-05-13,NO
2486,6513,58130,243.34,completed,online,2025-05-13,NO
3838,10887,63726,1838.52,failed,online,2025-05-13,NO
1563,41879,67263,339.92,failed,online,2025-05-13,NO
4683,780,68715,1947.28,completed,online,2025-05-13,NO
1,25336,77669,1119.87,failed,online,2025-05-13,NO
1,10957,77860,733.09,failed,online,2025-05-13,NO
935,11299,79387,1926.35,failed,online,2025-05-13,NO
1822,1320,82749,812.73,completed,online,2025-05-13,NO
1,42767,84445,223.11,failed,online,2025-05-13,NO
4173,9160,85017,1696.61,completed,online,2025-05-13,NO
1248,35410,86994,1323.19,failed,online,2025-05-13,NO
3140,2865,90228,206.89,completed,online,2025-05-13,NO
1109,30814,91000,1266.61,failed,online,2025-05-13,NO
2062,1664,95612,1998.59,completed,online,2025-05-13,NO
1803,14129,97340,1197.92,completed,online,2025-05-13,NO
1215,4883,97419,28.87,completed,online,2025-05-13,NO
293,28780,99725,1492.32,completed,online,2025-05-13,NO
2690,37760,102619,1324.49,failed,online,2025-05-13,NO
3642,1346,102790,632.57,failed,online,2025-05-13,NO
618,24999,105979,1313.41,failed,online,2025-05-13,NO
3858,18445,107418,649.41,failed,online,2025-05-13,NO
1232,33443,109209,577.91,failed,online,2025-05-13,NO
3208,23304,113826,615.71,failed,online,2025-05-13,NO
1,46220,116635,671.06,failed,online,2025-05-13,NO
1997,13141,116922,1288.16,completed,online,2025-05-13,NO
4639,567,117321,1578.7,completed,online,2025-05-13,NO
1,45031,117994,1182.83,completed,online,2025-05-13,NO
286,3357,118605,758.28,failed,online,2025-05-13,NO
1,37885,122519,1468.05,failed,online,2025-05-13,NO
1,9966,130444,983.5,completed,online,2025-05-13,NO
2365,37678,131797,1430.87,completed,online,2025-05-13,NO
1,15563,132810,556.67,completed,online,2025-05-13,NO
3516,43074,134710,446.01,completed,online,2025-05-13,NO
3953,11819,138974,1523.66,completed,UNKNOWN,2025-05-13,NO
954,15488,139159,297.51,completed,online,2025-05-13,NO
349,329,143365,923.39,completed,online,2025-05-13,NO
1389,15035,145159,1865.8,failed,UNKNOWN,2025-05-13,NO
4744,48134,146193,292.54,failed,online,2025-05-13,NO
1,30901,146783,1237.11,completed,online,2025-05-13,NO
1455,28712,147387,928.61,completed,online,2025-05-13,NO
496,5149,149750,424.23,failed,online,2025-05-13,NO
1901,11089,1500,603.07,failed,online,2025-07-03,NO
1,34024,3370,821.81,completed,online,2025-07-03,NO
1,38943,10227,1297.15,failed,online,2025-07-03,NO
3553,2915,12057,1468.03,completed,online,2025-07-03,NO
2943,17050,15267,1579.57,completed,online,2025-07-03,NO
1677,7922,16671,1669.47,failed,online,2025-07-03,NO
187,12106,19219,1529.78,completed,online,2025-07-03,NO
1,42827,20425,152.93,completed,online,2025-07-03,NO
2909,33095,22917,1433.85,failed,online,2025-07-03,NO
1,16914,22994,1519.17,failed,online,2025-07-03,NO
4055,44743,23667,1691.49,failed,online,2025-07-03,NO
4781,22669,26928,856.81,failed,online,2025-07-03,NO
1,35358,26958,1570.89,completed,online,2025-07-03,NO
4428,47145,31407,822.38,completed,online,2025-07-03,NO
1,30816,32867,1659.19,completed,online,2025-07-03,NO
2487,27731,32892,883.8,failed,online,2025-07-03,NO
4276,14867,34712,805.15,failed,online,2025-07-03,NO
224,13432,36257,793.93,completed,online,2025-07-03,NO
1,16438,36525,168.53,completed,online,2025-07-03,NO
4060,33553,37004,668.56,failed,online,2025-07-03,NO
3943,6985,37872,1893.68,completed,online,2025-07-03,NO
373,26995,41751,1267.61,completed,online,2025-07-03,NO
1227,34856,45566,1683.63,completed,online,2025-07-03,NO
1941,11400,48599,492.28,failed,online,2025-07-03,NO
630,23986,52880,789.65,failed,online,2025-07-03,NO
3299,43766,54159,1654.49,failed,online,2025-07-03,NO
521,21514,56348,1852.4,completed,online,2025-07-03,NO
1,38784,56813,975.91,failed,online,2025-07-03,NO
2583,37675,60463,1483.4,completed,online,2025-07-03,NO
291,19005,62403,1624.47,completed,online,2025-07-03,NO
1,23738,66486,1502.24,failed,online,2025-07-03,NO
204,28862,73135,926.43,completed,online,2025-07-03,NO
2729,27274,74144,1691.77,completed,online,2025-07-03,NO
1,17045,78556,1236.72,failed,online,2025-07-03,NO
1984,22978,80493,1199.04,failed,online,2025-07-03,NO
2595,14098,82722,455.52,failed,online,2025-07-03,NO
2405,23831,86658,1237.08,failed,online,2025-07-03,NO
1,715,86739,701.57,failed,online,2025-07-03,NO
3915,41445,87177,1632.69,failed,online,2025-07-03,NO
1,12968,90304,1118.39,failed,online,2025-07-03,NO
2210,38519,91581,270.89,completed,online,2025-07-03,NO
1786,12955,94506,1537.61,completed,online,2025-07-03,NO
3143,40600,95739,1328.9,completed,online,2025-07-03,NO
3039,24752,98531,170.48,failed,online,2025-07-03,NO
1516,18594,100797,67.94,completed,online,2025-07-03,NO
4840,10228,101627,896.65,completed,online,2025-07-03,NO
2430,46517,104805,1049.9,completed,online,2025-07-03,NO
4034,31106,104939,1485.06,completed,online,2025-07-03,NO
98,15812,107401,1365.0,failed,online,2025-07-03,NO
1768,32565,110967,611.62,completed,UNKNOWN,2025-07-03,NO
1391,35780,114307,306.5,completed,online,2025-07-03,NO
1347,38899,115461,592.93,completed,online,2025-07-03,NO
1710,6308,118070,983.62,completed,online,2025-07-03,NO
212,13375,119155,1222.26,completed,online,2025-07-03,NO
473,5584,121637,1192.48,failed,online,2025-07-03,NO
1,22107,121984,1153.54,failed,online,2025-07-03,NO
2935,16975,123790,372.68,failed,online,2025-07-03,NO
2552,43499,124474,774.71,failed,online,2025-07-03,NO
1,46110,125723,621.58,failed,online,2025-07-03,NO
1,7602,126358,1574.34,completed,UNKNOWN,2025-07-03,NO
2424,16843,129384,226.3,completed,online,2025-07-03,NO
1,38598,129836,120.13,completed,online,2025-07-03,NO
7,5638,136422,1285.93,failed,online,2025-07-03,NO
1277,17568,137173,1016.41,completed,online,2025-07-03,NO
2415,48082,137287,320.02,completed,online,2025-07-03,NO
1539,13275,142937,722.68,failed,online,2025-07-03,NO
1776,5509,144835,955.54,completed,online,2025-07-03,NO
1445,33522,145417,995.32,failed,online,2025-07-03,NO
1269,32890,147575,693.75,completed,online,2025-07-03,NO
1,8685,148516,590.1,failed,online,2025-07-03,NO
2533,29642,148852,1776.26,failed,online,2025-07-03,NO
1,25779,2161,1476.13,failed,online,2025-01-26,NO
1,6519,3983,729.03,failed,online,2025-01-26,NO
1,4044,4629,1031.58,completed,online,2025-01-26,NO
4812,34653,4757,163.0,completed,online,2025-01-26,NO
1757,7052,4765,1025.93,failed,online,2025-01-26,NO
1123,44732,6328,361.96,failed,online,2025-01-26,NO
2344,37445,8237,1335.9,failed,online,2025-01-26,NO
1146,38642,11310,517.37,completed,online,2025-01-26,NO
1,39428,12591,230.82,completed,online,2025-01-26,NO
4299,45011,12904,1087.75,failed,online,2025-01-26,NO
1744,25757,13264,159.13,failed,online,2025-01-26,NO
3395,34438,14854,160.45,failed,online,2025-01-26,NO
1,13160,20278,691.29,failed,online,2025-01-26,NO
3196,24187,22002,1452.35,failed,online,2025-01-26,NO
1,30086,25917,1831.09,completed,online,2025-01-26,NO
1,34163,27652,1493.31,completed,online,2025-01-26,NO
2870,14880,27998,1761.91,completed,online,2025-01-26,NO
1971,34084,32209,1800.39,completed,online,2025-01-26,NO
1209,11372,33098,31.56,completed,online,2025-01-26,NO
1,43270,33951,1656.14,failed,online,2025-01-26,NO
1455,3637,34059,770.87,completed,online,2025-01-26,NO
1,34936,34561,1468.61,completed,online,2025-01-26,NO
4499,22478,34634,595.07,completed,online,2025-01-26,NO
2368,6805,35415,1702.9,failed,online,2025-01-26,NO
1,27453,37686,1869.66,completed,online,2025-01-26,NO
2416,9205,40454,662.72,completed,online,2025-01-26,NO
1432,20194,43004,923.17,completed,online,2025-01-26,NO
3210,44261,44003,1955.34,completed,online,2025-01-26,NO
3235,48792,45220,789.14,completed,online,2025-01-26,NO
3144,31933,48966,241.43,completed,online,2025-01-26,NO
1520,49925,52113,593.22,completed,online,2025-01-26,NO
2667,29978,54085,1695.39,completed,online,2025-01-26,NO
2461,41823,57294,171.59,completed,online,2025-01-26,NO
3085,13408,57459,1786.87,completed,online,2025-01-26,NO
3274,25793,58406,1107.22,failed,online,2025-01-26,NO
1285,47458,63109,1948.61,completed,online,2025-01-26,NO
1,30993,64599,925.35,completed,online,2025-01-26,NO
1837,31520,64636,455.25,failed,online,2025-01-26,NO
4413,7134,65318,779.25,failed,online,2025-01-26,NO
2314,15247,70261,1057.79,completed,online,2025-01-26,NO
2920,45345,73912,295.37,completed,online,2025-01-26,NO
1,27277,75983,211.6,completed,online,2025-01-26,NO
190,31398,76693,638.2,completed,online,2025-01-26,NO
2771,37721,78871,460.02,completed,online,2025-01-26,NO
1336,17895,81617,663.24,failed,online,2025-01-26,NO
1,12667,83290,70.06,failed,online,2025-01-26,NO
4372,36203,83655,340.51,completed,online,2025-01-26,NO
1,46488,85147,587.49,completed,online,2025-01-26,NO
1414,30760,88391,1686.22,failed,online,2025-01-26,NO
4077,8651,89364,1308.44,failed,online,2025-01-26,NO
2495,38854,97175,1266.03,completed,online,2025-01-26,NO
1882,1563,98518,1798.76,completed,online,2025-01-26,NO
1,42705,102389,782.54,completed,online,2025-01-26,NO
4854,46183,103878,1031.26,completed,online,2025-01-26,NO
4520,6607,104744,1472.22,failed,online,2025-01-26,NO
3814,11787,106578,1485.78,failed,online,2025-01-26,NO
431,5874,110088,1956.22,failed,online,2025-01-26,NO
83,20771,111046,250.04,failed,online,2025-01-26,NO
2124,4563,113191,1935.15,failed,online,2025-01-26,NO
3379,15228,116615,708.91,completed,online,2025-01-26,NO
3917,4655,117471,1246.68,failed,online,2025-01-26,NO
1,11775,120259,778.61,failed,online,2025-01-26,NO
4549,4284,128967,1220.32,failed,online,2025-01-26,NO
2189,4326,130222,5358.145591829342,failed,online,2025-01-26,NO
1,32434,131790,1596.65,failed,online,2025-01-26,NO
1,41357,132476,91.86,completed,online,2025-01-26,NO
3120,22583,132664,1671.74,failed,online,2025-01-26,NO
3443,42747,133015,122.52,failed,online,2025-01-26,NO
3768,12581,140688,474.47,failed,online,2025-01-26,NO
3808,26251,146537,72.41,failed,online,2025-01-26,NO
1930,42613,146957,150.47,completed,online,2025-01-26,NO
3642,32276,2884,1418.39,completed,online,2025-06-22,NO
1441,31065,3999,1901.24,completed,online,2025-06-22,NO
4155,40371,5146,657.39,failed,UNKNOWN,2025-06-22,NO
4763,41140,5437,49.55,completed,online,2025-06-22,NO
4433,27395,9406,1516.4,completed,online,2025-06-22,NO
670,24858,10690,1709.77,completed,online,2025-06-22,NO
4402,41454,11193,1626.16,failed,online,2025-06-22,NO
1920,44811,17750,1889.64,completed,online,2025-06-22,NO
2146,35067,20652,871.89,completed,online,2025-06-22,NO
4457,25552,20816,175.25,failed,online,2025-06-22,NO
2920,35201,21737,808.9,failed,online,2025-06-22,NO
4404,3143,24766,93.08,completed,online,2025-06-22,NO
994,37425,26785,1350.55,completed,online,2025-06-22,NO
1086,11275,28041,1247.86,failed,online,2025-06-22,NO
1,38888,39947,66.26,completed,online,2025-06-22,NO
4345,18354,40748,405.25,completed,online,2025-06-22,NO
409,34643,44479,912.49,completed,online,2025-06-22,NO
4005,40460,44667,1261.83,failed,online,2025-06-22,NO
1240,9125,48354,917.9,failed,online,2025-06-22,NO
377,28702,48452,1313.95,completed,online,2025-06-22,NO
3148,19997,51955,1618.98,completed,online,2025-06-22,NO
711,16128,53891,763.33,failed,online,2025-06-22,NO
4511,43884,55626,1443.69,completed,online,2025-06-22,NO
897,11289,55798,1983.59,completed,online,2025-06-22,NO
861,8091,60575,1577.72,failed,online,2025-06-22,NO
1,42383,66758,660.07,completed,online,2025-06-22,NO
216,38800,67270,654.37,completed,UNKNOWN,2025-06-22,NO
776,19157,67890,790.54,completed,UNKNOWN,2025-06-22,NO
2323,17009,71666,124.86,failed,online,2025-06-22,NO
1425,42586,72261,1097.96,completed,online,2025-06-22,NO
1,839,72988,121.03,failed,online,2025-06-22,NO
1,33466,74248,1780.0,failed,online,2025-06-22,NO
1305,20121,79996,1570.44,failed,online,2025-06-22,NO
39,37436,84109,1067.91,completed,online,2025-06-22,NO
4049,44843,85565,1748.3,failed,online,2025-06-22,NO
1,43210,87702,936.95,completed,online,2025-06-22,NO
1,43344,88887,1145.33,failed,online,2025-06-22,NO
105,37075,89592,1661.04,failed,online,2025-06-22,NO
1309,4102,93681,729.14,completed,online,2025-06-22,NO
1197,4204,95141,1283.51,completed,online,2025-06-22,NO
3296,31740,95786,1269.5,failed,online,2025-06-22,NO
1672,34462,97523,1961.46,completed,online,2025-06-22,NO
1,36119,99085,1981.72,completed,online,2025-06-22,NO
1171,6598,99572,1651.34,failed,online,2025-06-22,NO
1,38910,100823,1797.74,failed,online,2025-06-22,NO
61,4022,102530,180.41,failed,online,2025-06-22,NO
2668,3068,103746,431.99,failed,online,2025-06-22,NO
4675,4361,103956,26.91,completed,online,2025-06-22,NO
822,5733,108490,177.99,completed,online,2025-06-22,NO
3514,15799,108970,718.64,failed,online,2025-06-22,NO
1,29444,112184,1594.74,failed,online,2025-06-22,NO
1,9189,113567,221.98,completed,online,2025-06-22,NO
1796,38375,119862,1172.81,failed,online,2025-06-22,NO
752,31887,121643,530.55,completed,online,2025-06-22,NO
2004,20234,123213,1427.89,completed,online,2025-06-22,NO
455,16497,127094,1164.66,failed,online,2025-06-22,NO
1,31065,127993,1577.54,completed,online,2025-06-22,NO
1,31979,128022,920.04,failed,online,2025-06-22,NO
1260,37896,128534,202.52,completed,online,2025-06-22,NO
449,33806,129869,1857.72,completed,online,2025-06-22,NO
1437,7321,130792,1411.37,completed,online,2025-06-22,NO
1,25575,135103,263.74,failed,online,2025-06-22,NO
1,36716,136588,1438.45,completed,online,2025-06-22,NO
1,18046,137100,1656.7,completed,online,2025-06-22,NO
2750,24657,140060,871.21,failed,online,2025-06-22,NO
2676,29868,143985,1061.69,failed,online,2025-06-22,NO
1750,6599,143996,212.47,completed,online,2025-06-22,NO
1,29882,144538,65.82,completed,online,2025-06-22,NO
1811,24648,145280,1249.06,failed,online,2025-06-22,NO
1,34632,146251,1129.89,failed,online,2025-06-22,NO
3142,31556,149471,449.82,failed,online,2025-06-22,NO
3171,34178,2432,869.48,failed,online,2025-05-18,NO
2299,25563,2839,1057.01,completed,online,2025-05-18,NO
1,44680,4003,135.09,failed,online,2025-05-18,NO
1957,18838,9412,371.45,failed,online,2025-05-18,NO
4805,16724,13475,1143.03,completed,online,2025-05-18,NO
1,17296,14519,481.54,completed,online,2025-05-18,NO
2090,8758,16976,1031.68,failed,online,2025-05-18,NO
3654,32585,18039,1015.64,failed,online,2025-05-18,NO
4071,4968,19151,784.05,completed,online,2025-05-18,NO
1408,36015,19196,263.38,completed,online,2025-05-18,NO
1,18241,19417,1605.74,completed,online,2025-05-18,NO
1,29353,19802,10.17,completed,online,2025-05-18,NO
1,40241,21100,649.21,failed,online,2025-05-18,NO
361,41064,21714,843.94,completed,online,2025-05-18,NO
9,39317,22577,1550.6,completed,online,2025-05-18,NO
4657,46345,24721,1687.08,failed,online,2025-05-18,NO
4788,570,25564,1804.04,failed,online,2025-05-18,NO
561,44656,34734,1252.04,completed,online,2025-05-18,NO
1,21760,35956,1592.09,failed,online,2025-05-18,NO
1898,24045,37159,1024.43,failed,online,2025-05-18,NO
1411,10125,40041,1390.94,completed,online,2025-05-18,NO
199,24758,43397,1111.99,failed,online,2025-05-18,NO
455,49883,44157,1326.36,completed,online,2025-05-18,NO
1885,30157,45282,1559.81,completed,online,2025-05-18,NO
1291,37547,47961,1274.89,completed,online,2025-05-18,NO
4023,2355,49099,1103.35,failed,online,2025-05-18,NO
3093,22844,49587,267.24,completed,online,2025-05-18,NO
1788,903,50508,659.07,completed,online,2025-05-18,NO
4,26696,50869,951.29,failed,online,2025-05-18,NO
968,6492,51686,1194.95,failed,online,2025-05-18,NO
2878,38059,52689,794.03,completed,online,2025-05-18,NO
2893,3395,56170,1499.15,completed,online,2025-05-18,NO
457,28517,58059,886.42,completed,online,2025-05-18,NO
1,34886,59637,1019.43,failed,online,2025-05-18,NO
2144,7647,61896,1867.47,completed,online,2025-05-18,NO
732,22530,63401,345.91,failed,online,2025-05-18,NO
1623,36855,63691,1074.22,failed,online,2025-05-18,NO
62,25562,66252,1832.03,completed,online,2025-05-18,NO
1833,38546,66417,754.84,failed,online,2025-05-18,NO
1,49752,67913,1540.08,completed,online,2025-05-18,NO
796,16686,69447,1538.73,failed,online,2025-05-18,NO
1325,7569,74288,43.03,failed,online,2025-05-18,NO
1,21264,75496,948.32,completed,online,2025-05-18,NO
1567,30686,79335,898.48,completed,online,2025-05-18,NO
4307,47911,80014,1190.05,failed,online,2025-05-18,NO
387,23716,81812,293.56,completed,online,2025-05-18,NO
815,4507,83820,350.7,failed,online,2025-05-18,NO
1819,36418,84551,629.47,completed,online,2025-05-18,NO
1988,13633,86284,1234.46,failed,online,2025-05-18,NO
1,20460,86543,830.35,completed,online,2025-05-18,NO
3916,28691,98773,1395.12,failed,online,2025-05-18,NO
4647,22014,99059,1669.77,completed,online,2025-05-18,NO
1384,9488,102032,1344.59,failed,online,2025-05-18,NO
4523,25597,102103,1961.48,completed,online,2025-05-18,NO
1,40811,103174,572.51,completed,online,2025-05-18,NO
1898,48051,107265,1849.02,failed,UNKNOWN,2025-05-18,NO
2280,15816,108904,595.03,failed,online,2025-05-18,NO
2165,28796,112879,548.29,completed,online,2025-05-18,NO
1,41746,113490,276.71,completed,online,2025-05-18,NO
3718,92,114309,542.41,failed,online,2025-05-18,NO
2170,8132,116207,88.18,failed,online,2025-05-18,NO
4325,14275,119883,671.98,completed,online,2025-05-18,NO
1296,6563,120736,1694.65,completed,online,2025-05-18,NO
661,15974,127100,153.79,completed,online,2025-05-18,NO
2923,30565,129359,366.56,failed,online,2025-05-18,NO
844,40784,133773,314.78,completed,online,2025-05-18,NO
3762,20764,134886,1371.42,failed,online,2025-05-18,NO
3357,47296,139978,1479.92,failed,online,2025-05-18,NO
1364,25656,144036,421.39,failed,UNKNOWN,2025-05-18,NO
1,22997,145519,711.55,completed,online,2025-05-18,NO
4763,24147,146885,585.34,completed,online,2025-05-18,NO
307,49729,1006,1678.84,completed,online,2025-12-02,NO
3466,22253,2732,560.49,failed,online,2025-12-02,NO
3633,36209,3773,1274.36,failed,online,2025-12-02,NO
2909,9712,6385,1927.5,completed,online,2025-12-02,NO
3790,45904,7753,105.21,failed,online,2025-12-02,NO
1848,13046,9643,1675.03,failed,online,2025-12-02,NO
1404,41175,9766,710.23,failed,online,2025-12-02,NO
1,26817,11110,885.92,failed,online,2025-12-02,NO
1,45936,11825,1770.34,failed,online,2025-12-02,NO
3067,16476,12420,1613.82,completed,online,2025-12-02,NO
1158,32407,12539,354.51,failed,online,2025-12-02,NO
951,49838,12918,831.29,failed,online,2025-12-02,NO
2006,36195,13845,752.28,failed,online,2025-12-02,NO
4748,14795,16399,252.53,failed,online,2025-12-02,NO
1,43957,21616,837.84,completed,online,2025-12-02,NO
676,26726,23806,758.12,failed,online,2025-12-02,NO
1,13190,27276,1783.19,completed,online,2025-12-02,NO
1715,5538,27976,262.98,completed,online,2025-12-02,NO
1596,35532,29430,447.88,failed,online,2025-12-02,NO
1238,26133,32331,1521.26,completed,online,2025-12-02,NO
1,21916,38096,939.73,failed,online,2025-12-02,NO
2942,40259,38613,1114.32,failed,online,2025-12-02,NO
1,36994,40352,1500.25,completed,online,2025-12-02,NO
223,42977,44461,739.66,failed,online,2025-12-02,NO
47,22325,48188,1680.61,failed,online,2025-12-02,NO
1,23541,51506,241.03,failed,online,2025-12-02,NO
721,39179,51520,619.26,completed,online,2025-12-02,NO
1,44062,53751,1696.3,failed,online,2025-12-02,NO
2034,2559,57189,986.41,completed,online,2025-12-02,NO
1,49800,57629,805.47,failed,online,2025-12-02,NO
4383,32747,60673,1753.41,completed,online,2025-12-02,NO
1473,8040,62165,811.89,failed,online,2025-12-02,NO
1269,32510,63507,444.37,completed,online,2025-12-02,NO
1992,28894,63599,963.86,failed,online,2025-12-02,NO
1,16376,64225,1552.41,failed,online,2025-12-02,NO
382,28394,64653,602.15,completed,online,2025-12-02,NO
4430,16500,73032,1094.38,completed,online,2025-12-02,NO
1914,43938,74629,741.91,failed,online,2025-12-02,NO
1,31715,77116,426.82,failed,online,2025-12-02,NO
1,7204,81389,1320.79,completed,online,2025-12-02,NO
1,49171,84342,1431.26,failed,online,2025-12-02,NO
1694,201,85490,1761.91,failed,online,2025-12-02,NO
514,38658,89516,551.69,failed,online,2025-12-02,NO
4880,1499,90022,323.52,completed,online,2025-12-02,NO
3676,39480,90943,508.21,failed,online,2025-12-02,NO
1,28633,92405,1217.41,failed,online,2025-12-02,NO
4608,5997,94796,53.58,failed,online,2025-12-02,NO
984,45487,97899,1526.14,failed,online,2025-12-02,NO
1,43655,98280,905.08,failed,online,2025-12-02,NO
3823,12987,99126,1712.02,failed,online,2025-12-02,NO
671,12480,99425,955.56,completed,online,2025-12-02,NO
1787,40878,99885,1773.79,completed,online,2025-12-02,NO
1,1882,100780,596.28,completed,online,2025-12-02,NO
2181,12107,102492,669.05,failed,online,2025-12-02,NO
258,6934,103043,974.15,completed,online,2025-12-02,NO
4662,4748,103241,685.79,failed,online,2025-12-02,NO
344,25688,103697,1884.84,failed,online,2025-12-02,NO
72,1384,104434,1465.22,completed,online,2025-12-02,NO
4354,24293,117812,1131.16,completed,online,2025-12-02,NO
535,24493,120553,836.88,failed,online,2025-12-02,NO
3620,49970,122010,1627.95,completed,online,2025-12-02,NO
1,24659,124415,962.95,failed,online,2025-12-02,NO
803,10252,125519,1776.03,completed,online,2025-12-02,NO
1921,29981,126725,1548.46,completed,online,2025-12-02,NO
1559,27327,134482,1248.49,completed,online,2025-12-02,NO
852,1721,136954,1507.61,failed,online,2025-12-02,NO
4728,25068,138182,1089.34,completed,online,2025-12-02,NO
1,36631,140217,1514.8,completed,online,2025-12-02,NO
4197,35853,143943,1150.86,failed,online,2025-12-02,NO
4826,702,144700,1434.23,failed,online,2025-12-02,NO
3546,14338,146276,648.02,completed,online,2025-12-02,NO
1,32323,146513,1792.65,completed,online,2025-12-02,NO
1,22179,1593,1916.45,completed,online,2025-12-02,NO
3698,1935,1941,1102.16,failed,online,2025-12-02,NO
725,24073,2899,1033.08,completed,online,2025-12-02,NO
1,21830,3322,1792.07,failed,online,2025-12-02,NO
3081,17210,3569,1700.43,completed,online,2025-12-02,NO
1,32636,5762,1811.46,failed,online,2025-12-02,NO
1,3820,8804,1058.97,failed,online,2025-12-02,NO
933,6808,10125,1127.44,failed,online,2025-12-02,NO
1146,7197,11515,232.2,failed,online,2025-12-02,NO
2750,19630,11691,312.88,failed,online,2025-12-02,NO
1,6034,13103,1556.11,completed,online,2025-12-02,NO
1,39494,15554,190.02,failed,online,2025-12-02,NO
1,29539,15726,1712.18,completed,online,2025-12-02,NO
1,23274,16783,1770.86,completed,online,2025-12-02,NO
4180,13632,18132,1132.24,completed,online,2025-12-02,NO
2991,38637,21808,93.38,failed,online,2025-12-02,NO
2898,42937,21933,1736.12,failed,online,2025-12-02,NO
3992,29554,27231,347.63,completed,UNKNOWN,2025-12-02,NO
1,49249,27610,1993.01,completed,online,2025-12-02,NO
1,32737,33067,1410.4,completed,online,2025-12-02,NO
1,12390,37445,1435.14,failed,online,2025-12-02,NO
2788,41159,38662,1751.59,failed,online,2025-12-02,NO
4430,5987,41309,77.4,completed,online,2025-12-02,NO
1629,38624,43501,1887.02,failed,online,2025-12-02,NO
1868,24940,46322,1787.11,completed,online,2025-12-02,NO
2431,5888,46901,938.17,failed,online,2025-12-02,NO
4576,2437,47523,1272.96,failed,online,2025-12-02,NO
1896,14353,47718,611.94,failed,online,2025-12-02,NO
975,30604,51291,1703.3,failed,online,2025-12-02,NO
2212,35709,52147,1708.39,failed,online,2025-12-02,NO
2001,16069,52525,1003.48,failed,online,2025-12-02,NO
542,15020,52678,1684.98,failed,online,2025-12-02,NO
2535,5140,52726,907.83,completed,online,2025-12-02,NO
294,45225,57411,1766.81,completed,online,2025-12-02,NO
4854,45659,64676,1909.86,completed,online,2025-12-02,NO
1,42715,66660,1103.53,failed,online,2025-12-02,NO
4107,21046,67391,938.46,failed,online,2025-12-02,NO
4500,38458,70564,1314.01,failed,online,2025-12-02,NO
1740,44520,71172,1713.67,failed,online,2025-12-02,NO
2319,18457,72372,1381.75,failed,online,2025-12-02,NO
1,24491,75189,1436.95,failed,online,2025-12-02,NO
3202,43269,80231,1192.8,completed,online,2025-12-02,NO
1575,45315,80794,1586.36,completed,online,2025-12-02,NO
3763,41122,81961,42.33,completed,online,2025-12-02,NO
96,8695,85979,135.65,failed,online,2025-12-02,NO
119,32471,94220,1789.5,failed,online,2025-12-02,NO
1,43163,95697,5624.297877868716,failed,online,2025-12-02,NO
4301,1391,97035,1017.23,completed,online,2025-12-02,NO
4024,20197,97176,730.69,completed,online,2025-12-02,NO
2085,49161,97633,1008.34,failed,online,2025-12-02,NO
1634,46579,99042,72.91,completed,online,2025-12-02,NO
2454,38907,105315,1547.51,completed,online,2025-12-02,NO
1507,10618,105710,562.03,completed,online,2025-12-02,NO
4159,11630,105936,748.98,completed,online,2025-12-02,NO
800,43974,107243,1572.33,failed,online,2025-12-02,NO
83,6259,109722,1235.18,failed,online,2025-12-02,NO
4276,1836,116333,686.62,completed,online,2025-12-02,NO
23,13615,116734,650.92,failed,online,2025-12-02,NO
1,17311,121586,736.38,completed,online,2025-12-02,NO
68,26841,123728,1951.98,completed,online,2025-12-02,NO
2507,18869,124296,1670.58,completed,online,2025-12-02,NO
1352,47603,127076,120.94,completed,online,2025-12-02,NO
1504,17462,127498,253.39,completed,online,2025-12-02,NO
1701,672,127842,17.58,completed,online,2025-12-02,NO
1822,48751,132682,85.84,completed,online,2025-12-02,NO
1,11364,133813,1373.18,completed,online,2025-12-02,NO
789,31274,136681,432.65,completed,online,2025-12-02,NO
4775,27002,137722,381.02,completed,online,2025-12-02,NO
1,16758,140182,964.86,completed,UNKNOWN,2025-12-02,NO
2350,44673,140338,1096.2,failed,online,2025-12-02,NO
2723,44822,144428,1199.2,failed,online,2025-12-02,NO
4649,40226,1737,376.17,completed,online,2025-05-16,NO
3585,3664,3161,287.43,completed,online,2025-05-16,NO
1,13737,3779,188.6,completed,online,2025-05-16,NO
1,41081,4329,728.0,failed,online,2025-05-16,NO
3444,47058,5342,1261.02,completed,online,2025-05-16,NO
892,45066,7836,1141.24,failed,online,2025-05-16,NO
4792,49852,9023,1946.78,failed,online,2025-05-16,NO
3058,6221,11091,1040.41,completed,online,2025-05-16,NO
1,4814,12318,849.74,failed,online,2025-05-16,NO
3605,29506,15859,148.49,failed,online,2025-05-16,NO
2076,4453,18343,1529.72,completed,online,2025-05-16,NO
4072,10718,19360,1711.9,failed,online,2025-05-16,NO
2245,22537,27347,338.89,completed,online,2025-05-16,NO
696,30221,27368,1218.38,completed,online,2025-05-16,NO
249,37682,28337,787.45,completed,online,2025-05-16,NO
1515,4194,35937,1986.44,completed,online,2025-05-16,NO
4194,47566,37191,1868.23,failed,online,2025-05-16,NO
1,36005,38930,1150.97,failed,online,2025-05-16,NO
3443,23665,41117,1066.2,completed,online,2025-05-16,NO
534,39157,43041,72.69,failed,online,2025-05-16,NO
1,46812,48935,1131.61,completed,online,2025-05-16,NO
4634,626,51256,271.92,completed,online,2025-05-16,NO
4455,38737,54147,788.63,completed,online,2025-05-16,NO
1,3482,55389,52.02,failed,online,2025-05-16,NO
333,43209,55614,645.0,failed,online,2025-05-16,NO
1,26099,59871,1342.75,completed,online,2025-05-16,NO
1697,23461,62167,523.81,completed,online,2025-05-16,NO
245,48797,62336,987.79,failed,online,2025-05-16,NO
647,41523,65431,607.47,failed,online,2025-05-16,NO
3078,18356,71536,1774.93,completed,online,2025-05-16,NO
1639,38855,72726,63.02,failed,online,2025-05-16,NO
2161,30515,74690,814.42,failed,online,2025-05-16,NO
1,22486,76304,317.83,failed,online,2025-05-16,NO
2394,10384,76454,318.71,completed,online,2025-05-16,NO
1640,48709,81526,174.03,failed,online,2025-05-16,NO
3298,25998,82232,867.35,failed,online,2025-05-16,NO
1821,49609,82354,1042.49,failed,online,2025-05-16,NO
2120,32166,84817,1663.54,completed,online,2025-05-16,NO
4442,46962,84848,942.43,failed,online,2025-05-16,NO
1,20800,84870,1583.31,completed,online,2025-05-16,NO
2346,37012,88221,1372.23,completed,online,2025-05-16,NO
1029,671,88258,1782.17,completed,online,2025-05-16,NO
493,4531,89223,770.83,failed,online,2025-05-16,NO
1703,37278,92689,129.83,completed,online,2025-05-16,NO
799,14724,94960,1679.31,failed,online,2025-05-16,NO
1402,14925,95512,176.55,failed,online,2025-05-16,NO
1,18170,95559,1800.39,failed,online,2025-05-16,NO
1374,44813,95574,323.26,failed,online,2025-05-16,NO
3071,30405,97645,377.49,completed,online,2025-05-16,NO
3200,3602,97771,139.89,failed,online,2025-05-16,NO
4687,13149,98622,1227.07,failed,online,2025-05-16,NO
1199,43013,110211,5403.941916100559,failed,online,2025-05-16,NO
1425,48612,113441,983.65,failed,online,2025-05-16,NO
2008,28881,116532,506.76,failed,online,2025-05-16,NO
1,8314,117504,1541.95,failed,online,2025-05-16,NO
1,40858,122186,118.89,failed,online,2025-05-16,NO
3190,13903,122368,1653.88,failed,online,2025-05-16,NO
2355,27827,124477,312.42,completed,online,2025-05-16,NO
1283,6464,128373,818.17,completed,online,2025-05-16,NO
4353,41138,129886,283.83,completed,online,2025-05-16,NO
1,33908,130534,732.81,failed,online,2025-05-16,NO
4688,46151,130843,703.45,failed,online,2025-05-16,NO
4678,11625,136445,247.76,completed,online,2025-05-16,NO
2881,6812,137638,1201.54,failed,online,2025-05-16,NO
4035,47420,137686,232.11,failed,online,2025-05-16,NO
3059,35953,138403,1388.22,failed,online,2025-05-16,NO
2932,1874,142894,1690.6,failed,online,2025-05-16,NO
4224,17637,144147,6219.27496437753,completed,online,2025-05-16,NO
3955,4743,144288,1396.56,completed,online,2025-05-16,NO
1906,4512,145472,384.9,completed,online,2025-05-16,NO
2731,36611,148423,746.61,completed,online,2025-05-16,NO
1,6796,1394,51.58,completed,online,2025-12-07,NO
2044,11757,2950,1840.51,completed,online,2025-12-07,NO
4767,10143,3327,231.22,completed,online,2025-12-07,NO
741,45768,3861,1782.4,failed,online,2025-12-07,NO
1,10314,5311,96.46,completed,online,2025-12-07,NO
836,7897,5315,1534.45,completed,online,2025-12-07,NO
138,4151,5545,549.77,completed,online,2025-12-07,NO
1301,22531,6786,728.15,completed,online,2025-12-07,NO
3716,5991,8161,1986.86,completed,online,2025-12-07,NO
2039,40733,10461,1234.72,failed,online,2025-12-07,NO
4895,17620,11996,558.58,completed,online,2025-12-07,NO
1788,6273,15889,311.23,failed,online,2025-12-07,NO
4762,30046,16666,498.9,completed,online,2025-12-07,NO
2917,1140,18487,1929.87,completed,online,2025-12-07,NO
1246,23988,20843,644.15,failed,online,2025-12-07,NO
262,6349,21216,642.62,failed,online,2025-12-07,NO
3417,15775,21907,236.81,failed,online,2025-12-07,NO
1,24377,23106,1826.48,completed,online,2025-12-07,NO
1021,33269,25147,685.25,completed,online,2025-12-07,NO
4984,38263,26549,581.01,completed,online,2025-12-07,NO
1,18553,30821,295.79,completed,online,2025-12-07,NO
940,46426,34791,1090.06,completed,online,2025-12-07,NO
3888,48839,35031,1771.64,failed,online,2025-12-07,NO
3278,9778,38483,511.82,failed,online,2025-12-07,NO
3377,29683,41756,762.33,completed,online,2025-12-07,NO
576,32053,44006,1796.75,completed,online,2025-12-07,NO
3853,12552,45312,461.23,completed,online,2025-12-07,NO
572,16234,46212,537.85,completed,online,2025-12-07,NO
812,21788,47139,1511.89,completed,online,2025-12-07,NO
3597,44536,49140,1720.61,failed,online,2025-12-07,NO
2858,15936,50727,53.17,failed,online,2025-12-07,NO
2509,39359,52832,812.95,completed,online,2025-12-07,NO
736,29831,57861,798.71,completed,online,2025-12-07,NO
1519,35027,59009,368.62,failed,online,2025-12-07,NO
1,39181,62185,1227.96,failed,online,2025-12-07,NO
374,40751,66307,1400.65,completed,online,2025-12-07,NO
2748,34640,67590,1972.96,failed,online,2025-12-07,NO
4275,40376,68666,948.37,completed,online,2025-12-07,NO
1,15950,73760,865.36,failed,online,2025-12-07,NO
2969,29364,76196,362.38,failed,online,2025-12-07,NO
1,21752,86481,1899.69,failed,online,2025-12-07,NO
1766,5505,87701,1331.99,failed,online,2025-12-07,NO
1,22721,87846,1247.25,failed,online,2025-12-07,NO
604,43497,93272,1845.27,failed,online,2025-12-07,NO
4799,319,95099,1973.88,completed,online,2025-12-07,NO
1,29313,96453,1872.28,completed,online,2025-12-07,NO
2526,13826,97164,232.92,failed,online,2025-12-07,NO
1213,3506,103407,1517.2,failed,online,2025-12-07,NO
3132,6256,105646,1286.67,completed,online,2025-12-07,NO
2014,30887,106252,1988.0,failed,online,2025-12-07,NO
3556,15080,108978,1388.4,completed,online,2025-12-07,NO
42,40704,113331,1654.23,completed,online,2025-12-07,NO
1,47619,114062,1962.03,failed,online,2025-12-07,NO
2552,17810,115788,1209.59,completed,online,2025-12-07,NO
1,687,123238,1003.52,completed,online,2025-12-07,NO
3718,46807,124390,1281.9,failed,online,2025-12-07,NO
1223,11483,127873,1194.24,completed,online,2025-12-07,NO
1,17817,130211,1826.66,completed,online,2025-12-07,NO
1585,18878,130383,963.79,completed,online,2025-12-07,NO
2557,43858,130498,1399.12,completed,online,2025-12-07,NO
1,8876,132776,500.6,completed,online,2025-12-07,NO
854,39275,136984,1244.17,failed,online,2025-12-07,NO
884,5009,141087,660.96,failed,online,2025-12-07,NO
1,46499,141430,473.31,completed,online,2025-12-07,NO
4740,42957,142533,441.05,failed,online,2025-12-07,NO
1,30309,146069,612.32,failed,online,2025-12-07,NO
1019,951,147206,446.78,completed,online,2025-12-07,NO
1,37417,147282,724.13,failed,online,2025-12-07,NO
345,32309,149599,1795.05,completed,online,2025-12-07,NO
2760,34378,149916,805.75,completed,online,2025-12-07,NO
1387,37,149970,1525.89,completed,online,2025-12-07,NO
2457,22046,661,1532.33,failed,online,2025-01-27,NO
1,22351,1575,181.31,completed,online,2025-01-27,NO
1,30624,4133,464.25,completed,online,2025-01-27,NO
4382,31761,4520,838.44,failed,online,2025-01-27,NO
4331,32630,7099,197.61,completed,online,2025-01-27,NO
1471,27825,7483,837.71,completed,online,2025-01-27,NO
2510,49181,9668,367.46,failed,online,2025-01-27,NO
4726,38635,10990,834.16,completed,UNKNOWN,2025-01-27,NO
1,11521,18931,448.03,failed,online,2025-01-27,NO
546,28529,21413,340.67,completed,online,2025-01-27,NO
4041,28385,21729,1317.76,failed,online,2025-01-27,NO
1108,42962,22048,1611.02,completed,online,2025-01-27,NO
1,45042,22807,1358.16,completed,online,2025-01-27,NO
2301,4182,25395,1461.52,completed,online,2025-01-27,NO
3623,46774,28432,342.65,completed,online,2025-01-27,NO
1510,39434,28789,1903.93,completed,online,2025-01-27,NO
1273,152,29642,202.56,completed,online,2025-01-27,NO
2345,48099,29941,729.69,completed,online,2025-01-27,NO
1,27336,31115,692.74,completed,online,2025-01-27,NO
1669,32264,31304,238.56,failed,online,2025-01-27,NO
1082,12349,31401,938.71,failed,online,2025-01-27,NO
3485,3946,36228,1918.73,completed,online,2025-01-27,NO
3627,47011,40080,732.17,failed,online,2025-01-27,NO
1131,7051,40377,1029.42,completed,online,2025-01-27,NO
1,23072,42014,741.24,completed,online,2025-01-27,NO
1,49437,45909,689.48,completed,online,2025-01-27,NO
345,49817,48326,86.55,completed,online,2025-01-27,NO
4957,49964,53271,1358.97,completed,online,2025-01-27,NO
1,28137,53711,213.78,failed,online,2025-01-27,NO
3249,48101,53746,1694.24,failed,online,2025-01-27,NO
2168,42331,56086,1716.65,completed,online,2025-01-27,NO
1,2324,59501,1965.4,failed,online,2025-01-27,NO
1,34151,60691,153.24,failed,UNKNOWN,2025-01-27,NO
2886,44004,62911,1432.96,completed,online,2025-01-27,NO
2121,21264,65187,819.92,failed,online,2025-01-27,NO
1,31755,68108,1979.35,completed,online,2025-01-27,NO
714,6556,69658,205.96,completed,online,2025-01-27,NO
1432,7669,71632,221.03,completed,online,2025-01-27,NO
163,14312,72240,1421.23,failed,online,2025-01-27,NO
752,1164,74469,1078.43,completed,online,2025-01-27,NO
2996,6306,76112,1002.72,failed,online,2025-01-27,NO
3697,32170,81522,1145.93,completed,online,2025-01-27,NO
304,1581,83555,1886.19,completed,online,2025-01-27,NO
3672,43099,84717,885.23,failed,online,2025-01-27,NO
4533,19137,86990,379.54,completed,online,2025-01-27,NO
3150,9606,88122,83.83,completed,online,2025-01-27,NO
1823,43294,88614,747.4,failed,online,2025-01-27,NO
4967,46613,88900,1961.07,completed,online,2025-01-27,NO
35,4451,90471,1589.78,completed,online,2025-01-27,NO
287,43612,90496,14.57,failed,online,2025-01-27,NO
733,14909,93579,1634.74,completed,online,2025-01-27,NO
1,8224,93926,1841.11,completed,online,2025-01-27,NO
1,20309,97578,456.06,failed,online,2025-01-27,NO
227,12482,99656,768.11,failed,online,2025-01-27,NO
3835,46276,108888,1139.94,failed,online,2025-01-27,NO
1,4933,108925,1889.03,completed,online,2025-01-27,NO
4920,21521,111915,879.02,failed,online,2025-01-27,NO
2688,44813,112122,658.46,completed,online,2025-01-27,NO
1961,45785,115779,1781.64,completed,online,2025-01-27,NO
1,19847,117918,1218.82,failed,online,2025-01-27,NO
4021,4831,118527,1089.83,completed,online,2025-01-27,NO
1645,39247,119043,1393.45,failed,online,2025-01-27,NO
1,17000,120473,1251.47,completed,online,2025-01-27,NO
2761,14474,123595,482.6,completed,online,2025-01-27,NO
1450,29023,123960,1523.91,failed,online,2025-01-27,NO
2792,1395,127181,1777.28,completed,online,2025-01-27,NO
4308,240,131616,528.64,failed,online,2025-01-27,NO
1,6418,137239,650.32,completed,online,2025-01-27,NO
4158,12525,139664,1420.65,failed,online,2025-01-27,NO
2687,6180,142615,91.93,completed,online,2025-01-27,NO
1118,9755,147095,985.0,failed,online,2025-01-27,NO
2628,21806,7556,1050.12,completed,online,2025-01-19,NO
1388,20849,11026,128.26,failed,online,2025-01-19,NO
2479,37519,12564,740.58,completed,online,2025-01-19,NO
1,21276,14596,54.58,completed,online,2025-01-19,NO
765,49560,15228,1954.96,failed,online,2025-01-19,NO
4805,28918,20381,1367.93,completed,online,2025-01-19,NO
3522,41769,21174,78.8,failed,online,2025-01-19,NO
141,2432,25182,1456.46,completed,online,2025-01-19,NO
649,4518,25190,1732.38,completed,online,2025-01-19,NO
1662,3017,25867,405.99,completed,online,2025-01-19,NO
1,44478,28363,580.37,failed,online,2025-01-19,NO
1229,39596,28372,377.78,completed,online,2025-01-19,NO
1,24973,36063,448.47,completed,online,2025-01-19,NO
4333,28920,38250,480.8,completed,online,2025-01-19,NO
1051,21134,38523,968.35,completed,online,2025-01-19,NO
2963,16077,41594,734.69,completed,online,2025-01-19,NO
4896,14416,47716,960.25,completed,online,2025-01-19,NO
2405,3650,49268,1217.06,completed,online,2025-01-19,NO
4609,45524,53334,1052.35,completed,online,2025-01-19,NO
1864,11836,54770,1279.54,completed,online,2025-01-19,NO
805,43224,60004,1471.37,failed,online,2025-01-19,NO
4011,32816,62102,1634.17,failed,online,2025-01-19,NO
1718,30759,63318,1110.17,completed,online,2025-01-19,NO
1,46114,64205,228.71,failed,online,2025-01-19,NO
4917,22929,66656,841.73,failed,online,2025-01-19,NO
4330,27040,69212,629.85,completed,online,2025-01-19,NO
1377,34506,72785,1322.38,completed,online,2025-01-19,NO
2028,17027,73613,1255.51,completed,online,2025-01-19,NO
821,29992,76479,753.99,completed,online,2025-01-19,NO
4671,46327,77995,1638.51,failed,online,2025-01-19,NO
2579,34433,79337,1110.21,completed,online,2025-01-19,NO
3739,48260,79338,1320.19,failed,online,2025-01-19,NO
3368,39357,79791,1216.92,completed,online,2025-01-19,NO
4626,19303,84396,1461.19,failed,online,2025-01-19,NO
641,33677,85547,269.97,completed,online,2025-01-19,NO
1,39860,90776,1073.21,failed,online,2025-01-19,NO
1,40483,92291,751.0,completed,online,2025-01-19,NO
4857,37656,92800,116.14,failed,online,2025-01-19,NO
1291,4642,93399,951.46,failed,online,2025-01-19,NO
2700,4830,99594,610.87,failed,online,2025-01-19,NO
2181,32867,99638,453.28,failed,online,2025-01-19,NO
1548,43369,102362,980.47,completed,online,2025-01-19,NO
4042,33042,102648,1323.55,failed,online,2025-01-19,NO
3963,31000,102678,1698.02,failed,online,2025-01-19,NO
1,26027,103428,19.2,failed,online,2025-01-19,NO
1,30782,106347,1186.04,failed,online,2025-01-19,NO
1238,1644,107616,1607.78,completed,online,2025-01-19,NO
674,21157,107799,909.18,completed,online,2025-01-19,NO
3876,19307,109054,1485.3,failed,online,2025-01-19,NO
4565,38222,111461,670.07,failed,online,2025-01-19,NO
3706,24917,113415,1994.31,completed,online,2025-01-19,NO
3387,13945,114416,513.65,completed,online,2025-01-19,NO
4531,6607,115271,1386.01,failed,online,2025-01-19,NO
2214,39698,117465,1643.57,failed,online,2025-01-19,NO
1230,30163,118205,477.09,completed,online,2025-01-19,NO
2739,37066,121767,1730.86,failed,online,2025-01-19,NO
4055,23332,128217,398.44,completed,online,2025-01-19,NO
2142,39806,128997,744.07,failed,online,2025-01-19,NO
4803,6806,131476,296.92,failed,online,2025-01-19,NO
4418,37273,132925,1190.21,failed,online,2025-01-19,NO
1570,1605,136631,194.12,failed,online,2025-01-19,NO
2794,41285,138019,671.3,completed,online,2025-01-19,NO
2066,25747,138566,737.16,failed,online,2025-01-19,NO
3374,42755,138698,932.86,completed,online,2025-01-19,NO
4080,9706,140139,76.31,completed,online,2025-01-19,NO
4601,40863,141564,168.34,completed,online,2025-01-19,NO
530,42150,145020,1605.9,failed,online,2025-01-19,NO
1,33705,145732,1345.59,completed,online,2025-01-19,NO
2601,38066,148836,955.43,completed,online,2025-01-19,NO
2724,33639,148898,743.79,completed,online,2025-01-19,NO
4426,23469,223,1778.94,failed,online,2025-06-27,NO
2530,2504,3698,1222.15,completed,online,2025-06-27,NO
3116,11716,4190,1190.85,failed,online,2025-06-27,NO
4049,17662,10264,895.5,completed,online,2025-06-27,NO
3687,41425,15792,605.45,failed,online,2025-06-27,NO
3069,44313,18652,1192.88,failed,online,2025-06-27,NO
1222,15724,22953,128.26,failed,online,2025-06-27,NO
4788,6007,26950,507.05,completed,online,2025-06-27,NO
3190,41878,28892,427.5,completed,online,2025-06-27,NO
1,17971,29772,750.51,failed,online,2025-06-27,NO
137,41924,29957,414.13,completed,online,2025-06-27,NO
4431,20248,30219,298.53,completed,online,2025-06-27,NO
1,22578,32546,1646.52,completed,online,2025-06-27,NO
3019,47758,33222,563.27,completed,online,2025-06-27,NO
3814,11384,33384,885.55,completed,online,2025-06-27,NO
1879,13780,35019,992.37,failed,online,2025-06-27,NO
1,26934,37593,619.27,completed,online,2025-06-27,NO
533,44214,44379,769.5,failed,online,2025-06-27,NO
673,31064,45232,747.87,failed,online,2025-06-27,NO
1,37155,45946,1605.14,failed,online,2025-06-27,NO
4695,18402,46355,467.53,completed,online,2025-06-27,NO
3333,46330,46909,1243.28,completed,UNKNOWN,2025-06-27,NO
1143,6586,49553,1940.26,failed,online,2025-06-27,NO
1,15479,54229,494.62,completed,online,2025-06-27,NO
3411,34777,55259,817.22,failed,online,2025-06-27,NO
1341,42111,55313,538.27,failed,online,2025-06-27,NO
3416,2221,56277,1070.17,failed,online,2025-06-27,NO
1,28304,59218,1060.19,completed,online,2025-06-27,NO
1,40670,62484,114.45,completed,online,2025-06-27,NO
2794,24328,63597,1928.73,completed,online,2025-06-27,NO
2772,11125,63768,1716.64,completed,online,2025-06-27,NO
1093,35921,63900,265.86,completed,online,2025-06-27,NO
1195,45525,64731,1930.28,failed,online,2025-06-27,NO
143,42637,67855,21.5,failed,online,2025-06-27,NO
107,9336,73994,1854.45,completed,online,2025-06-27,NO
2987,43733,74166,1751.39,completed,online,2025-06-27,NO
4527,1918,74592,682.12,failed,online,2025-06-27,NO
703,49417,75223,170.88,completed,online,2025-06-27,NO
1,14233,76366,782.43,failed,online,2025-06-27,NO
130,43007,78766,650.82,failed,online,2025-06-27,NO
4991,45723,79357,1326.71,failed,online,2025-06-27,NO
1,32235,79467,1021.99,completed,online,2025-06-27,NO
3885,33705,81888,63.22,failed,online,2025-06-27,NO
296,9081,82528,1260.65,failed,online,2025-06-27,NO
1,35525,84904,1025.91,failed,online,2025-06-27,NO
1586,36332,85309,767.87,completed,online,2025-06-27,NO
2827,34410,85600,1987.76,failed,online,2025-06-27,NO
2864,39559,90568,669.17,completed,online,2025-06-27,NO
1,18940,99222,918.3,completed,online,2025-06-27,NO
3263,38622,99876,1731.68,failed,online,2025-06-27,NO
1,47126,102499,982.61,failed,online,2025-06-27,NO
1112,42814,103313,1353.25,failed,online,2025-06-27,NO
3904,3930,108464,225.24,completed,online,2025-06-27,NO
284,33690,119196,1801.89,completed,online,2025-06-27,NO
1,42328,120995,1425.78,failed,online,2025-06-27,NO
377,35453,122007,684.89,completed,online,2025-06-27,NO
1,29489,122145,1120.12,failed,online,2025-06-27,NO
2867,29511,125739,926.27,completed,online,2025-06-27,NO
1376,18146,126618,952.23,failed,online,2025-06-27,NO
1,12338,128672,1931.26,failed,online,2025-06-27,NO
163,22116,131363,5064.465533819359,completed,online,2025-06-27,NO
1592,3833,131433,182.04,completed,online,2025-06-27,NO
1,8997,131896,599.88,failed,online,2025-06-27,NO
3756,11750,132904,418.62,completed,online,2025-06-27,NO
4728,5456,132971,159.61,completed,online,2025-06-27,NO
1,45344,133960,1728.73,failed,online,2025-06-27,NO
4080,30333,136737,1953.84,failed,online,2025-06-27,NO
4764,25310,137788,1246.25,completed,online,2025-06-27,NO
2044,45477,146701,857.85,failed,online,2025-06-27,NO
2480,19148,147858,937.17,failed,online,2025-06-27,NO
1,31478,149277,1610.72,failed,online,2025-06-27,NO
120,23938,1085,1248.76,failed,online,2025-04-26,NO
1522,13516,2835,1157.31,failed,online,2025-04-26,NO
4850,18418,4389,512.12,completed,online,2025-04-26,NO
297,10273,4935,1390.3,failed,UNKNOWN,2025-04-26,NO
1,1030,8568,98.6,completed,online,2025-04-26,NO
1619,35523,11057,1834.79,failed,online,2025-04-26,NO
1464,5543,14564,234.61,completed,online,2025-04-26,NO
955,20098,15405,1242.87,completed,online,2025-04-26,NO
1,30774,17147,1406.65,failed,online,2025-04-26,NO
265,43019,21569,372.57,failed,online,2025-04-26,NO
1028,8763,22643,825.59,failed,online,2025-04-26,NO
1,5527,25270,1834.19,completed,online,2025-04-26,NO
1393,24501,28513,1775.53,completed,online,2025-04-26,NO
4941,5160,36547,194.94,failed,online,2025-04-26,NO
1,36594,36946,820.4,completed,online,2025-04-26,NO
828,669,38897,204.09,completed,online,2025-04-26,NO
1,25033,38915,467.62,completed,online,2025-04-26,NO
969,37162,38926,168.07,completed,online,2025-04-26,NO
4285,39368,52729,570.28,failed,online,2025-04-26,NO
1,26833,52806,1025.61,completed,online,2025-04-26,NO
3384,39588,54768,741.23,completed,online,2025-04-26,NO
1968,32942,56031,1685.22,failed,online,2025-04-26,NO
331,45528,56551,1564.53,failed,online,2025-04-26,NO
1704,36542,57412,382.72,failed,online,2025-04-26,NO
3438,2712,58652,1439.8,failed,online,2025-04-26,NO
2794,39806,60985,1916.9,failed,online,2025-04-26,NO
1136,1066,64354,1270.47,failed,online,2025-04-26,NO
4623,19075,65117,1959.66,failed,online,2025-04-26,NO
188,40834,67142,829.97,completed,online,2025-04-26,NO
4985,14873,69915,672.43,failed,online,2025-04-26,NO
4863,27543,70828,1357.14,failed,online,2025-04-26,NO
1,22946,71508,392.74,failed,online,2025-04-26,NO
1757,16216,71555,778.58,completed,online,2025-04-26,NO
3760,29215,72145,1012.59,completed,online,2025-04-26,NO
3957,14559,74682,752.81,failed,online,2025-04-26,NO
1043,22508,77471,228.68,completed,online,2025-04-26,NO
1,30890,80491,444.46,completed,online,2025-04-26,NO
84,8564,80987,117.2,completed,online,2025-04-26,NO
1102,42429,80999,1140.63,completed,online,2025-04-26,NO
1,4675,81155,1479.51,failed,online,2025-04-26,NO
1914,15971,82094,297.33,failed,online,2025-04-26,NO
2640,28088,82496,1977.24,completed,online,2025-04-26,NO
4247,3910,82732,1427.7,completed,online,2025-04-26,NO
1977,9071,83354,172.21,completed,online,2025-04-26,NO
1,46001,84354,960.9,failed,online,2025-04-26,NO
1,38405,84381,691.31,failed,online,2025-04-26,NO
2059,37156,87199,893.54,failed,online,2025-04-26,NO
3002,12302,89175,1688.46,completed,online,2025-04-26,NO
3773,46910,89476,293.48,failed,online,2025-04-26,NO
3020,9663,89937,1469.09,completed,online,2025-04-26,NO
3613,11439,90661,508.84,completed,online,2025-04-26,NO
3647,37226,93229,1741.14,failed,online,2025-04-26,NO
1859,37703,99817,226.24,failed,online,2025-04-26,NO
1323,20647,104704,479.43,completed,online,2025-04-26,NO
1617,4372,107599,1079.16,completed,online,2025-04-26,NO
488,3170,108399,1487.2,failed,online,2025-04-26,NO
3272,29002,111190,474.65,completed,online,2025-04-26,NO
3134,24016,115052,810.22,failed,online,2025-04-26,NO
4628,44537,117869,1509.04,failed,online,2025-04-26,NO
806,33335,121297,807.21,completed,online,2025-04-26,NO
225,12493,126109,1550.98,failed,online,2025-04-26,NO
238,37624,126785,1973.64,failed,online,2025-04-26,NO
2707,18257,128243,1653.29,completed,online,2025-04-26,NO
1,6063,134133,612.36,completed,online,2025-04-26,NO
4159,49481,137909,1427.86,completed,online,2025-04-26,NO
4002,17587,138762,1345.5,completed,online,2025-04-26,NO
1904,21589,140392,381.94,completed,online,2025-04-26,NO
3030,49164,140802,695.97,failed,online,2025-04-26,NO
3199,33788,142141,675.39,completed,online,2025-04-26,NO
3345,32496,148228,75.05,failed,online,2025-04-26,NO
3708,12193,149436,548.59,completed,online,2025-04-26,NO
1,49451,482,1013.19,completed,online,2025-07-10,NO
2595,1937,921,1582.2,failed,online,2025-07-10,NO
1105,42245,3354,723.68,failed,online,2025-07-10,NO
1,34762,10170,1191.81,failed,online,2025-07-10,NO
1,45749,12674,1592.38,completed,UNKNOWN,2025-07-10,NO
1533,2361,16659,1493.13,failed,online,2025-07-10,NO
3028,30100,17661,840.37,completed,online,2025-07-10,NO
3902,46432,17795,1649.75,failed,online,2025-07-10,NO
1,38446,24594,472.73,completed,online,2025-07-10,NO
1114,43335,24713,1184.78,failed,online,2025-07-10,NO
4051,10574,26542,1467.85,completed,online,2025-07-10,NO
1394,28355,26798,1058.49,failed,online,2025-07-10,NO
4866,2728,28663,870.32,failed,online,2025-07-10,NO
1080,19580,31440,483.54,failed,online,2025-07-10,NO
4313,35674,32620,756.72,completed,online,2025-07-10,NO
1,47748,33950,412.72,failed,UNKNOWN,2025-07-10,NO
3537,42410,36630,19.98,failed,online,2025-07-10,NO
1,13626,40468,1636.6,completed,UNKNOWN,2025-07-10,NO
2417,18974,41027,982.19,failed,online,2025-07-10,NO
4568,29198,41113,1680.42,completed,online,2025-07-10,NO
1,44121,42752,1632.24,completed,online,2025-07-10,NO
3579,28940,45610,1043.77,failed,online,2025-07-10,NO
529,13611,45945,1565.5,failed,online,2025-07-10,NO
51,43177,47216,237.11,failed,online,2025-07-10,NO
4342,49449,51101,692.19,failed,online,2025-07-10,NO
1020,27034,57151,1939.76,completed,online,2025-07-10,NO
246,10080,58852,1985.63,completed,online,2025-07-10,NO
1400,20338,62251,1085.23,failed,online,2025-07-10,NO
4510,3985,64235,599.46,failed,online,2025-07-10,NO
4736,37771,65081,52.71,completed,online,2025-07-10,NO
2153,22483,67424,1458.76,failed,online,2025-07-10,NO
3803,35880,68656,95.99,failed,online,2025-07-10,NO
334,15404,68986,1929.67,failed,online,2025-07-10,NO
4764,412,69286,1924.64,failed,online,2025-07-10,NO
3143,6412,69726,1499.0,completed,online,2025-07-10,NO
1140,29522,70464,246.13,failed,online,2025-07-10,NO
1968,12167,73389,197.77,completed,online,2025-07-10,NO
1,18116,74765,1050.66,failed,online,2025-07-10,NO
3828,11201,78452,1729.98,completed,online,2025-07-10,NO
2358,24367,81871,879.51,failed,online,2025-07-10,NO
4950,13545,84459,740.78,failed,online,2025-07-10,NO
4105,22455,84766,1510.45,failed,online,2025-07-10,NO
832,44431,84821,1257.17,completed,online,2025-07-10,NO
4765,21656,85827,140.4,failed,online,2025-07-10,NO
734,15562,94094,1669.12,completed,online,2025-07-10,NO
3372,21839,99604,1069.76,completed,online,2025-07-10,NO
1,40226,100058,136.87,completed,online,2025-07-10,NO
4332,9458,100104,377.94,failed,online,2025-07-10,NO
4286,22078,100770,1051.87,failed,online,2025-07-10,NO
1,9708,102327,356.74,completed,online,2025-07-10,NO
3397,11606,102516,1620.91,completed,online,2025-07-10,NO
4135,39908,103901,1713.02,failed,online,2025-07-10,NO
743,8906,104435,269.95,completed,online,2025-07-10,NO
3824,514,107925,576.89,completed,online,2025-07-10,NO
1,29606,111986,426.55,failed,online,2025-07-10,NO
4287,25054,113363,564.72,failed,online,2025-07-10,NO
4402,38539,114223,494.91,failed,online,2025-07-10,NO
1,45676,118472,1891.08,failed,online,2025-07-10,NO
4229,41587,120881,670.86,completed,online,2025-07-10,NO
2580,20198,123409,385.32,completed,online,2025-07-10,NO
1,37741,127989,1956.08,completed,online,2025-07-10,NO
3,36693,128371,1123.32,completed,online,2025-07-10,NO
4881,27211,131221,1613.79,failed,online,2025-07-10,NO
2172,24174,136014,536.71,completed,online,2025-07-10,NO
337,6104,139494,662.1,failed,online,2025-07-10,NO
6,20287,141690,1268.51,failed,online,2025-07-10,NO
1323,34265,141794,1457.62,completed,online,2025-07-10,NO
4099,49054,142359,336.82,failed,online,2025-07-10,NO
4528,36318,145131,1006.48,failed,online,2025-07-10,NO
353,36227,147075,1109.33,failed,online,2025-07-10,NO
2975,20366,148233,208.45,completed,online,2025-07-10,NO
1,49627,362,1160.88,completed,online,2025-10-19,NO
2649,20492,613,330.99,completed,online,2025-10-19,NO
3033,464,2907,1168.9,completed,online,2025-10-19,NO
4090,30446,3711,564.84,completed,online,2025-10-19,NO
1436,40700,12962,1144.85,completed,online,2025-10-19,NO
67,832,15549,1805.37,completed,online,2025-10-19,NO
1011,40722,17067,1153.83,failed,online,2025-10-19,NO
1759,21904,19094,1350.78,completed,online,2025-10-19,NO
1,2685,20154,1951.12,failed,online,2025-10-19,NO
74,47528,20461,1540.25,completed,online,2025-10-19,NO
2654,43732,20884,1507.62,completed,online,2025-10-19,NO
1232,11801,23162,1685.72,completed,online,2025-10-19,NO
1888,29795,24512,1607.66,completed,online,2025-10-19,NO
1,824,24542,941.47,completed,online,2025-10-19,NO
3127,822,29124,1712.43,failed,online,2025-10-19,NO
4196,33690,29426,143.27,completed,online,2025-10-19,NO
3126,33297,30211,469.72,completed,online,2025-10-19,NO
4919,39836,30940,1797.46,failed,online,2025-10-19,NO
2557,45071,32525,1791.6,completed,online,2025-10-19,NO
4962,7923,32572,713.02,completed,online,2025-10-19,NO
3910,8181,33875,798.61,failed,online,2025-10-19,NO
2522,30394,34815,1396.82,failed,online,2025-10-19,NO
495,22120,37175,1466.43,completed,online,2025-10-19,NO
1250,15780,38849,1395.55,failed,online,2025-10-19,NO
762,17537,40008,381.05,failed,online,2025-10-19,NO
802,42759,41972,328.0,completed,online,2025-10-19,NO
4621,12626,51589,106.64,completed,online,2025-10-19,NO
2635,37221,53811,1238.15,failed,online,2025-10-19,NO
2819,49517,53976,1492.78,failed,online,2025-10-19,NO
4757,42069,63937,1438.58,completed,online,2025-10-19,NO
2677,9359,64983,1316.17,failed,online,2025-10-19,NO
4959,34296,65958,451.76,completed,online,2025-10-19,NO
1,1643,66082,768.42,failed,online,2025-10-19,NO
4071,18419,70005,83.76,failed,online,2025-10-19,NO
3921,18650,70111,1036.48,completed,online,2025-10-19,NO
670,32842,77548,1801.58,completed,online,2025-10-19,NO
3533,40801,78700,926.51,failed,online,2025-10-19,NO
2016,27664,79065,70.98,completed,online,2025-10-19,NO
1,19463,81559,1560.01,completed,online,2025-10-19,NO
1,48732,81900,189.61,failed,online,2025-10-19,NO
853,13578,83693,1331.3,completed,online,2025-10-19,NO
3135,49766,85568,1052.98,completed,online,2025-10-19,NO
1,7244,86872,1589.14,completed,online,2025-10-19,NO
3670,14385,88827,1199.79,completed,online,2025-10-19,NO
3953,32922,93286,419.17,completed,online,2025-10-19,NO
3015,24404,98271,1745.62,completed,online,2025-10-19,NO
1,12324,102652,434.15,failed,online,2025-10-19,NO
2373,44321,104397,216.99,completed,online,2025-10-19,NO
1857,36209,104841,1380.46,failed,online,2025-10-19,NO
1641,20665,108396,1569.04,failed,online,2025-10-19,NO
4995,4955,110811,944.14,completed,online,2025-10-19,NO
1,12358,112965,488.08,completed,online,2025-10-19,NO
421,4737,115448,1032.78,completed,online,2025-10-19,NO
1,24690,118752,513.49,completed,online,2025-10-19,NO
3894,20158,122455,1730.73,failed,online,2025-10-19,NO
2729,9829,125389,1850.73,completed,online,2025-10-19,NO
572,10317,125708,994.05,completed,online,2025-10-19,NO
720,2237,129698,309.43,completed,online,2025-10-19,NO
3863,33227,134607,1481.37,completed,online,2025-10-19,NO
1,42191,135711,1630.36,completed,online,2025-10-19,NO
4769,36810,136715,1956.08,failed,online,2025-10-19,NO
1,32324,137673,286.84,completed,online,2025-10-19,NO
211,30247,138465,434.32,completed,online,2025-10-19,NO
1,6740,138745,473.55,failed,online,2025-10-19,NO
297,22944,139648,1066.37,failed,online,2025-10-19,NO
777,17185,139805,1791.96,completed,online,2025-10-19,NO
4052,1607,142915,1130.35,failed,online,2025-10-19,NO
4421,8797,147658,545.42,completed,online,2025-10-19,NO
1,49580,148047,1912.9,completed,online,2025-10-19,NO
531,31453,148335,1975.4,failed,online,2025-10-19,NO
2152,12002,2501,1488.98,failed,online,2025-12-31,NO
573,4001,2557,1164.35,failed,online,2025-12-31,NO
1852,34282,9129,1021.19,completed,online,2025-12-31,NO
1877,16134,13269,1566.08,failed,online,2025-12-31,NO
1896,14499,14622,949.41,completed,online,2025-12-31,NO
2927,19382,20661,829.63,completed,online,2025-12-31,NO
3539,45374,20754,1219.13,completed,online,2025-12-31,NO
3644,13972,21495,1303.52,failed,online,2025-12-31,NO
881,29944,24672,859.2,completed,online,2025-12-31,NO
559,19591,24771,641.73,completed,online,2025-12-31,NO
1,31068,25252,1407.92,completed,online,2025-12-31,NO
147,12794,25642,1990.01,completed,online,2025-12-31,NO
4547,43684,26078,944.83,failed,online,2025-12-31,NO
1,42828,27436,1355.12,failed,online,2025-12-31,NO
864,28655,36826,308.55,failed,online,2025-12-31,NO
3099,39737,37924,1517.38,failed,online,2025-12-31,NO
1491,2799,38267,1190.0,completed,online,2025-12-31,NO
3326,5696,38892,542.53,completed,online,2025-12-31,NO
576,43776,43453,858.51,failed,online,2025-12-31,NO
2358,10290,44313,1194.89,completed,online,2025-12-31,NO
4951,19374,46444,1090.63,completed,online,2025-12-31,NO
4321,34172,48899,251.99,completed,online,2025-12-31,NO
510,15920,51146,11.82,failed,online,2025-12-31,NO
2326,10497,51813,1428.79,completed,online,2025-12-31,NO
4257,29372,53411,1603.63,completed,online,2025-12-31,NO
3204,38703,54121,1268.4,completed,online,2025-12-31,NO
3507,23952,54452,1114.59,failed,online,2025-12-31,NO
722,27226,56485,982.77,completed,online,2025-12-31,NO
2043,10506,58818,458.58,completed,online,2025-12-31,NO
2554,6200,59856,1722.26,failed,online,2025-12-31,NO
1,23844,60501,327.48,completed,online,2025-12-31,NO
1,46742,65616,184.66,completed,online,2025-12-31,NO
840,33659,67697,890.25,completed,online,2025-12-31,NO
2072,11232,68663,1754.23,failed,online,2025-12-31,NO
2470,27507,72226,1046.41,failed,online,2025-12-31,NO
1810,16359,72920,914.37,completed,online,2025-12-31,NO
2532,17145,77752,845.79,failed,online,2025-12-31,NO
2507,11854,82708,1297.38,completed,online,2025-12-31,NO
1283,15330,84558,1989.04,failed,online,2025-12-31,NO
1394,3049,88262,828.6,failed,online,2025-12-31,NO
4877,2976,88405,784.34,completed,online,2025-12-31,NO
3464,12396,96049,1425.1,failed,online,2025-12-31,NO
4460,49248,96366,1824.07,failed,online,2025-12-31,NO
4343,7213,97376,1976.71,failed,online,2025-12-31,NO
103,15312,98433,1552.58,completed,online,2025-12-31,NO
1,9061,101906,302.82,completed,online,2025-12-31,NO
1961,48787,103206,683.69,completed,online,2025-12-31,NO
3620,20159,108132,1820.88,completed,online,2025-12-31,NO
159,10916,108571,382.58,failed,online,2025-12-31,NO
3648,1837,111593,1848.5,completed,online,2025-12-31,NO
4602,14231,113012,930.32,failed,online,2025-12-31,NO
3079,7720,113649,1071.78,completed,online,2025-12-31,NO
686,36011,115099,130.96,failed,online,2025-12-31,NO
2520,35662,118765,800.94,failed,online,2025-12-31,NO
1,1787,120897,461.7,completed,UNKNOWN,2025-12-31,NO
1,13753,127637,337.24,failed,online,2025-12-31,NO
1825,18632,128272,1799.9,completed,online,2025-12-31,NO
1320,32901,129205,1676.25,failed,online,2025-12-31,NO
1181,47211,131674,984.22,failed,online,2025-12-31,NO
761,15578,133747,42.04,failed,online,2025-12-31,NO
3484,37126,134742,279.33,failed,online,2025-12-31,NO
2598,34728,137303,876.33,failed,online,2025-12-31,NO
4336,26922,137785,1271.76,completed,online,2025-12-31,NO
1,21904,138115,1662.21,completed,online,2025-12-31,NO
1573,5894,138846,1631.25,completed,online,2025-12-31,NO
2398,58,140409,1046.77,completed,online,2025-12-31,NO
2219,23812,142769,41.99,completed,online,2025-12-31,NO
1,9507,143909,1665.18,completed,online,2025-12-31,NO
1733,49224,146929,1306.99,failed,online,2025-12-31,NO
3146,22991,148952,909.16,completed,online,2025-12-31,NO
588,24081,1547,1719.53,failed,online,2025-02-20,NO
1,47678,4689,793.16,failed,online,2025-02-20,NO
4458,17260,5784,100.45,completed,online,2025-02-20,NO
1,27407,12263,1130.55,completed,online,2025-02-20,NO
2996,6533,12778,867.47,completed,online,2025-02-20,NO
3243,20592,14268,453.22,completed,online,2025-02-20,NO
4355,38984,14446,1533.83,completed,online,2025-02-20,NO
4246,1995,14761,1890.85,failed,online,2025-02-20,NO
1,36368,15697,45.02,failed,online,2025-02-20,NO
1,49823,16154,459.43,failed,online,2025-02-20,NO
2526,22157,16492,654.53,completed,online,2025-02-20,NO
1118,45167,22843,1897.31,failed,online,2025-02-20,NO
1,45036,23045,1970.04,failed,online,2025-02-20,NO
3244,22772,24959,816.14,failed,online,2025-02-20,NO
4608,30302,27607,502.72,completed,online,2025-02-20,NO
2979,47687,28378,1893.84,failed,online,2025-02-20,NO
1,49109,29112,965.8,failed,online,2025-02-20,NO
2525,29579,33848,1051.68,failed,online,2025-02-20,NO
465,42962,34204,1838.44,completed,online,2025-02-20,NO
875,44786,35165,971.65,failed,online,2025-02-20,NO
1,30183,37244,696.31,completed,online,2025-02-20,NO
4029,10662,39838,832.32,failed,online,2025-02-20,NO
2453,15892,46741,1454.73,failed,online,2025-02-20,NO
3310,15292,47105,759.24,completed,online,2025-02-20,NO
4548,27501,47267,1434.74,completed,online,2025-02-20,NO
1,18170,47789,1287.78,failed,online,2025-02-20,NO
1047,15143,48186,1963.55,failed,online,2025-02-20,NO
1950,39986,49058,1853.56,completed,online,2025-02-20,NO
1558,13764,49526,897.28,completed,online,2025-02-20,NO
1762,7258,51818,1228.15,failed,online,2025-02-20,NO
3091,14315,53181,624.67,completed,online,2025-02-20,NO
255,47924,53670,907.04,completed,UNKNOWN,2025-02-20,NO
4616,32517,53769,1466.29,failed,online,2025-02-20,NO
1566,47505,58523,1583.5,completed,online,2025-02-20,NO
4718,20787,59852,713.56,failed,online,2025-02-20,NO
788,17446,60300,1386.86,completed,online,2025-02-20,NO
4588,48084,60828,995.42,completed,online,2025-02-20,NO
3267,39129,61209,1007.75,failed,online,2025-02-20,NO
1978,31850,71145,1564.96,failed,online,2025-02-20,NO
1649,30390,72573,1297.24,failed,online,2025-02-20,NO
1,45130,75088,323.1,failed,online,2025-02-20,NO
4355,35491,78062,179.74,failed,online,2025-02-20,NO
2541,36280,78430,545.96,completed,online,2025-02-20,NO
481,23374,81969,1713.24,completed,online,2025-02-20,NO
63,4601,86875,1794.44,completed,online,2025-02-20,NO
2734,6067,88628,619.08,completed,online,2025-02-20,NO
4770,23166,91150,116.99,failed,online,2025-02-20,NO
2124,18251,93264,972.84,completed,online,2025-02-20,NO
1,18928,93701,1485.43,completed,online,2025-02-20,NO
1150,8880,93962,89.79,completed,online,2025-02-20,NO
1,43212,94207,1891.18,failed,online,2025-02-20,NO
1,9892,96187,1433.54,failed,online,2025-02-20,NO
4051,30967,97437,1577.81,completed,online,2025-02-20,NO
823,46947,101645,452.84,completed,online,2025-02-20,NO
4957,22699,102521,97.75,completed,online,2025-02-20,NO
1545,30257,105206,1613.8,failed,online,2025-02-20,NO
1,4907,113544,1095.01,completed,online,2025-02-20,NO
1437,3282,115374,1980.92,completed,online,2025-02-20,NO
4151,35682,117676,95.88,failed,online,2025-02-20,NO
381,40103,120472,876.32,completed,online,2025-02-20,NO
1746,31008,127470,904.15,failed,online,2025-02-20,NO
1,37668,128759,1453.18,failed,online,2025-02-20,NO
1,1760,130902,812.27,failed,online,2025-02-20,NO
2068,17517,132592,1498.53,failed,online,2025-02-20,NO
2510,33015,132888,1651.14,completed,UNKNOWN,2025-02-20,NO
810,1982,134997,938.14,failed,online,2025-02-20,NO
1,18760,138510,68.0,failed,online,2025-02-20,NO
3885,11519,140037,1170.38,completed,online,2025-02-20,NO
3993,40137,140649,1034.6,failed,online,2025-02-20,NO
1453,39325,144382,1793.91,failed,online,2025-02-20,NO
4646,13583,145756,868.06,failed,online,2025-02-20,NO
1,16654,1822,1692.75,failed,online,2025-04-05,NO
1728,3587,3613,415.17,failed,online,2025-04-05,NO
4716,35859,4312,6029.302883031724,completed,online,2025-04-05,NO
2961,37859,13213,677.71,failed,online,2025-04-05,NO
2187,540,13690,407.88,completed,online,2025-04-05,NO
1614,7171,13794,596.95,failed,online,2025-04-05,NO
387,16403,15735,370.81,failed,online,2025-04-05,NO
3243,48472,17851,1346.69,completed,online,2025-04-05,NO
4814,19052,19240,832.23,failed,online,2025-04-05,NO
1,28153,20544,1419.25,completed,online,2025-04-05,NO
2386,26864,21041,1533.37,completed,online,2025-04-05,NO
216,19364,24404,1815.46,failed,online,2025-04-05,NO
530,30363,24533,1162.6,completed,online,2025-04-05,NO
3754,35460,26701,1791.81,failed,online,2025-04-05,NO
647,49615,28243,16.07,completed,online,2025-04-05,NO
3783,858,34744,671.68,completed,online,2025-04-05,NO
1636,26854,34955,1326.44,completed,online,2025-04-05,NO
3134,30414,35171,621.97,failed,online,2025-04-05,NO
95,36843,35767,1363.1,completed,online,2025-04-05,NO
1052,34347,36750,588.14,failed,online,2025-04-05,NO
3179,44999,37395,1655.12,completed,online,2025-04-05,NO
1,9191,37765,1718.48,failed,online,2025-04-05,NO
1836,43230,38102,562.03,completed,online,2025-04-05,NO
982,42479,40408,13.2,completed,online,2025-04-05,NO
1,48436,41786,802.16,failed,online,2025-04-05,NO
964,28935,43574,1487.58,failed,online,2025-04-05,NO
1,13983,44420,1143.24,failed,online,2025-04-05,NO
4913,40416,44456,918.78,completed,online,2025-04-05,NO
1917,41375,49343,1112.34,failed,online,2025-04-05,NO
1,36094,51888,1679.43,completed,online,2025-04-05,NO
1,34324,53509,1843.07,failed,online,2025-04-05,NO
4275,39913,60733,1906.06,failed,online,2025-04-05,NO
3765,22194,65751,331.66,completed,online,2025-04-05,NO
2091,22635,69835,1446.16,failed,online,2025-04-05,NO
1649,708,70505,856.64,completed,online,2025-04-05,NO
4794,17755,71622,1502.84,completed,online,2025-04-05,NO
3095,39590,73556,1167.03,completed,online,2025-04-05,NO
4785,46196,73859,1085.73,completed,online,2025-04-05,NO
2549,38065,77221,1050.51,completed,online,2025-04-05,NO
1,11822,82525,705.53,failed,online,2025-04-05,NO
4634,47918,86358,1524.64,completed,online,2025-04-05,NO
4351,32041,86702,5127.4921442996965,failed,online,2025-04-05,NO
1531,46875,89343,821.37,completed,online,2025-04-05,NO
1,11990,90376,321.52,completed,online,2025-04-05,NO
4656,48256,90392,358.65,failed,online,2025-04-05,NO
1,21257,93423,1508.44,completed,online,2025-04-05,NO
1,21583,97750,580.82,completed,online,2025-04-05,NO
3348,32783,98088,1224.03,failed,online,2025-04-05,NO
3918,36399,98261,1914.37,completed,online,2025-04-05,NO
1,45669,99248,898.98,completed,online,2025-04-05,NO
4598,3016,101535,506.11,failed,online,2025-04-05,NO
4720,47495,104272,108.05,failed,online,2025-04-05,NO
1369,26269,105338,223.8,failed,online,2025-04-05,NO
4010,41504,105773,58.29,failed,online,2025-04-05,NO
4311,35254,105962,1166.65,failed,online,2025-04-05,NO
3952,8853,106078,1016.59,failed,online,2025-04-05,NO
619,19691,109623,1187.33,completed,online,2025-04-05,NO
1122,10068,109877,1412.47,failed,online,2025-04-05,NO
4677,4871,114588,827.44,completed,online,2025-04-05,NO
1353,18227,115915,1193.61,failed,online,2025-04-05,NO
2252,30965,119230,1262.56,completed,online,2025-04-05,NO
4132,41924,123402,407.86,failed,online,2025-04-05,NO
3594,33348,123690,1311.86,failed,online,2025-04-05,NO
2678,8662,123787,1822.88,failed,online,2025-04-05,NO
1,43700,125213,1214.1,completed,online,2025-04-05,NO
1179,2012,126938,334.36,completed,online,2025-04-05,NO
1,35176,128792,571.7,completed,online,2025-04-05,NO
2913,48326,131907,1757.91,completed,online,2025-04-05,NO
4259,19165,133990,1645.67,failed,online,2025-04-05,NO
3020,769,136232,822.41,completed,online,2025-04-05,NO
1,37217,96,1059.95,failed,online,2025-07-13,NO
656,2306,867,1886.87,failed,online,2025-07-13,NO
3866,5194,1186,1224.19,failed,online,2025-07-13,NO
1,29660,3522,158.21,completed,online,2025-07-13,NO
3464,35532,4043,1598.4,completed,online,2025-07-13,NO
995,44796,5039,1200.5,failed,online,2025-07-13,NO
4592,40873,5097,568.89,completed,online,2025-07-13,NO
1,7390,5520,487.05,completed,online,2025-07-13,NO
1710,49029,6032,1567.13,completed,online,2025-07-13,NO
1,30072,7215,1368.89,failed,online,2025-07-13,NO
67,11782,7667,1804.98,failed,online,2025-07-13,NO
2701,39224,13452,1519.0,failed,online,2025-07-13,NO
982,14578,13478,1700.8,failed,online,2025-07-13,NO
4025,39934,14757,650.03,completed,online,2025-07-13,NO
2616,43916,16452,726.32,failed,online,2025-07-13,NO
1,40735,17889,509.34,completed,online,2025-07-13,NO
2774,28091,18431,1331.77,failed,online,2025-07-13,NO
1137,16964,19289,604.21,completed,online,2025-07-13,NO
1,30022,21450,180.84,failed,online,2025-07-13,NO
939,26683,32849,310.87,failed,online,2025-07-13,NO
3233,32204,33021,821.26,completed,online,2025-07-13,NO
1,2643,33604,908.34,failed,online,2025-07-13,NO
2503,42557,37681,1155.07,failed,online,2025-07-13,NO
2128,48608,40994,1130.93,completed,online,2025-07-13,NO
1012,35109,47955,1624.39,failed,online,2025-07-13,NO
2850,46597,49792,850.35,failed,online,2025-07-13,NO
3126,46861,52335,1195.22,failed,online,2025-07-13,NO
1364,20147,54053,92.22,completed,online,2025-07-13,NO
4246,30615,54590,1765.77,completed,online,2025-07-13,NO
1109,48294,54776,1575.64,completed,online,2025-07-13,NO
960,29689,58743,1586.43,failed,online,2025-07-13,NO
3082,48052,62675,384.73,failed,online,2025-07-13,NO
2897,27232,63272,577.09,failed,online,2025-07-13,NO
1,13232,64998,560.89,completed,online,2025-07-13,NO
4211,8078,65965,757.01,failed,online,2025-07-13,NO
4518,2513,67309,663.53,failed,online,2025-07-13,NO
1774,16553,68233,273.21,failed,online,2025-07-13,NO
1195,23852,71654,1451.48,completed,online,2025-07-13,NO
1,21595,74587,344.35,failed,online,2025-07-13,NO
2197,2826,77138,1387.56,completed,online,2025-07-13,NO
1089,24168,77573,7608.432146207155,failed,online,2025-07-13,NO
3507,18830,78775,426.38,completed,online,2025-07-13,NO
4985,32393,80004,68.48,failed,online,2025-07-13,NO
4486,14729,80079,329.84,completed,online,2025-07-13,NO
4507,46087,80195,1373.55,completed,online,2025-07-13,NO
3168,16328,80292,1282.39,completed,online,2025-07-13,NO
822,25223,83016,514.92,failed,online,2025-07-13,NO
214,15618,83844,894.01,failed,online,2025-07-13,NO
4152,21304,87377,1790.8,failed,UNKNOWN,2025-07-13,NO
3814,29949,87739,1125.25,failed,online,2025-07-13,NO
2061,31380,88955,453.81,completed,online,2025-07-13,NO
3680,39726,90779,759.53,failed,online,2025-07-13,NO
4485,1691,96836,159.29,failed,online,2025-07-13,NO
1,44708,99063,1570.22,failed,online,2025-07-13,NO
1,9473,104328,1783.59,completed,online,2025-07-13,NO
780,25604,106208,360.8,completed,online,2025-07-13,NO
172,30338,107902,754.86,completed,online,2025-07-13,NO
1,10248,111141,339.44,completed,online,2025-07-13,NO
2075,16303,113743,1740.1,completed,online,2025-07-13,NO
1,3741,117241,1654.15,failed,online,2025-07-13,NO
1,33399,125366,500.27,completed,online,2025-07-13,NO
1718,42900,126914,775.5,completed,online,2025-07-13,NO
1,25654,129206,1082.32,completed,online,2025-07-13,NO
1015,41747,134669,1959.52,completed,online,2025-07-13,NO
2111,36616,135999,946.16,completed,online,2025-07-13,NO
1,27338,138646,1674.8,failed,online,2025-07-13,NO
2014,30263,138882,1751.75,failed,online,2025-07-13,NO
4214,46810,139707,1718.41,completed,online,2025-07-13,NO
2203,45853,143360,490.12,completed,online,2025-07-13,NO
1,15881,143559,748.04,failed,online,2025-07-13,NO
4691,14655,145518,1070.34,completed,online,2025-07-13,NO
1771,38608,678,302.14,failed,online,2025-05-30,NO
1222,24314,5410,1085.39,completed,online,2025-05-30,NO
3197,7731,5464,5719.425499856076,completed,online,2025-05-30,NO
1288,7829,6364,421.19,completed,online,2025-05-30,NO
950,19403,6486,1265.51,completed,online,2025-05-30,NO
1322,46986,10997,296.77,failed,online,2025-05-30,NO
2413,46063,12247,926.26,failed,online,2025-05-30,NO
3787,46402,13578,104.65,failed,online,2025-05-30,NO
2717,41116,18131,730.92,failed,online,2025-05-30,NO
1,43359,18305,1981.38,failed,online,2025-05-30,NO
3349,16194,20371,349.71,completed,online,2025-05-30,NO
3573,47109,21080,453.75,completed,online,2025-05-30,NO
3407,47661,22801,225.29,failed,online,2025-05-30,NO
1,38449,23276,1981.76,failed,online,2025-05-30,NO
2201,20473,26249,589.76,failed,online,2025-05-30,NO
4381,21333,28474,1278.65,failed,online,2025-05-30,NO
4877,17397,32542,330.76,completed,online,2025-05-30,NO
6,34407,32744,75.3,completed,online,2025-05-30,NO
765,26508,34755,1547.78,completed,online,2025-05-30,NO
1596,18409,37981,540.19,failed,online,2025-05-30,NO
2984,40098,38596,566.45,failed,online,2025-05-30,NO
2066,6332,39850,1220.68,completed,online,2025-05-30,NO
1,17380,40887,659.06,failed,online,2025-05-30,NO
1208,26066,41350,1607.56,completed,online,2025-05-30,NO
2047,20207,44850,1046.44,failed,online,2025-05-30,NO
4772,16699,49524,945.34,completed,online,2025-05-30,NO
1702,37636,49560,1997.25,failed,UNKNOWN,2025-05-30,NO
4045,18363,50961,141.91,completed,online,2025-05-30,NO
297,49077,51617,846.58,completed,online,2025-05-30,NO
1252,22259,56036,1309.07,failed,online,2025-05-30,NO
1,36796,57997,337.38,completed,online,2025-05-30,NO
595,29183,59722,423.71,completed,online,2025-05-30,NO
4064,6379,76903,1209.78,completed,online,2025-05-30,NO
1406,22400,77822,1851.32,failed,online,2025-05-30,NO
1,33966,82037,309.28,failed,online,2025-05-30,NO
3765,37977,82390,1786.72,failed,online,2025-05-30,NO
836,21883,85473,560.66,failed,online,2025-05-30,NO
4000,16131,88697,1685.24,completed,online,2025-05-30,NO
1,36629,90178,1325.06,failed,online,2025-05-30,NO
1645,25429,91140,584.53,completed,online,2025-05-30,NO
4399,7077,96108,206.52,failed,online,2025-05-30,NO
4758,13430,99078,168.43,completed,online,2025-05-30,NO
1,14931,102683,1801.03,completed,online,2025-05-30,NO
2613,748,103464,1284.03,failed,online,2025-05-30,NO
3969,36680,106995,1063.19,completed,online,2025-05-30,NO
3105,22377,108567,93.47,failed,online,2025-05-30,NO
2343,15066,108921,932.7,completed,online,2025-05-30,NO
3177,33994,110276,1341.53,completed,online,2025-05-30,NO
1515,13070,112494,338.81,completed,online,2025-05-30,NO
4382,815,115564,174.13,completed,online,2025-05-30,NO
1754,24543,116847,1412.0,completed,online,2025-05-30,NO
2818,43594,117750,1357.91,failed,online,2025-05-30,NO
4411,41884,118952,596.01,failed,online,2025-05-30,NO
675,28428,121311,1025.8,failed,online,2025-05-30,NO
1,6451,124323,1475.92,failed,online,2025-05-30,NO
690,11846,125164,1367.39,completed,online,2025-05-30,NO
1079,6122,125476,1130.59,completed,online,2025-05-30,NO
2135,1633,125680,1873.32,completed,online,2025-05-30,NO
1,47941,128743,107.74,completed,online,2025-05-30,NO
1,14080,133214,1354.62,failed,online,2025-05-30,NO
94,7003,136693,919.49,completed,online,2025-05-30,NO
1548,3541,139918,1879.2,completed,online,2025-05-30,NO
4981,47157,144662,262.92,completed,online,2025-05-30,NO
1,5572,146732,1880.54,failed,online,2025-05-30,NO
4965,24139,147363,963.47,completed,online,2025-05-30,NO
298,19554,147506,563.29,completed,online,2025-05-30,NO
4724,22513,147607,936.6,failed,online,2025-05-30,NO
1,44058,147750,1207.86,failed,online,2025-05-30,NO
3239,17398,148673,543.49,completed,online,2025-05-30,NO
1277,48999,149355,710.24,completed,online,2025-05-30,NO
3727,25801,1536,821.68,completed,online,2025-11-07,NO
526,45051,2030,988.95,completed,online,2025-11-07,NO
978,42264,4592,791.26,completed,UNKNOWN,2025-11-07,NO
2826,9775,5261,150.87,failed,online,2025-11-07,NO
1492,19657,5421,582.9,failed,online,2025-11-07,NO
184,4646,5885,1721.21,completed,online,2025-11-07,NO
4538,27896,9985,1898.16,completed,online,2025-11-07,NO
644,8049,10983,195.45,failed,online,2025-11-07,NO
3644,28047,11199,454.28,failed,online,2025-11-07,NO
1,28741,12110,423.9,completed,online,2025-11-07,NO
1891,20343,16569,312.6,failed,online,2025-11-07,NO
2904,3892,17085,807.6,failed,online,2025-11-07,NO
3651,20307,17624,468.25,completed,online,2025-11-07,NO
1627,19521,19739,365.03,failed,online,2025-11-07,NO
4308,31125,22600,1875.6,failed,online,2025-11-07,NO
326,4543,24641,1953.36,failed,online,2025-11-07,NO
1,35234,27754,1201.95,completed,online,2025-11-07,NO
1242,7543,29726,1419.93,failed,online,2025-11-07,NO
199,39739,31196,157.87,failed,online,2025-11-07,NO
3490,40689,32463,1123.99,failed,online,2025-11-07,NO
1533,22082,34581,1850.38,failed,online,2025-11-07,NO
2033,48578,37880,1094.83,completed,online,2025-11-07,NO
734,20636,38752,577.27,failed,online,2025-11-07,NO
1878,23309,39319,38.68,completed,online,2025-11-07,NO
3627,30459,44025,1578.47,failed,online,2025-11-07,NO
1197,44826,44904,190.48,completed,online,2025-11-07,NO
821,5051,45662,1674.25,completed,online,2025-11-07,NO
2378,3204,48207,880.51,completed,online,2025-11-07,NO
2761,15813,55165,1842.43,failed,online,2025-11-07,NO
612,40508,55845,591.29,completed,online,2025-11-07,NO
1,44873,57584,322.22,completed,online,2025-11-07,NO
1,41795,57857,888.59,completed,online,2025-11-07,NO
1,37605,66530,21.26,failed,online,2025-11-07,NO
1911,10418,67737,904.8,completed,online,2025-11-07,NO
3195,16727,73021,397.87,failed,online,2025-11-07,NO
1423,6607,75246,124.97,completed,online,2025-11-07,NO
3492,15445,75623,244.61,completed,online,2025-11-07,NO
311,21386,75804,904.75,failed,online,2025-11-07,NO
1690,43364,76022,1707.76,failed,online,2025-11-07,NO
4686,35104,76173,604.74,failed,online,2025-11-07,NO
457,28052,81531,1305.22,completed,online,2025-11-07,NO
224,27008,86264,1570.78,failed,online,2025-11-07,NO
2276,43077,88123,507.64,completed,online,2025-11-07,NO
4997,6385,88566,1118.6,completed,online,2025-11-07,NO
1951,19376,90255,1553.06,completed,online,2025-11-07,NO
1,15852,91044,1936.19,failed,online,2025-11-07,NO
1,30075,92756,1282.66,failed,online,2025-11-07,NO
1,42829,94824,76.19,failed,online,2025-11-07,NO
4257,40728,96078,946.71,completed,online,2025-11-07,NO
3587,33672,98363,1834.92,failed,online,2025-11-07,NO
378,41419,102625,1967.05,completed,online,2025-11-07,NO
1,21933,104883,326.18,completed,online,2025-11-07,NO
4204,34790,105909,1523.16,completed,online,2025-11-07,NO
1060,36294,110421,1070.54,completed,online,2025-11-07,NO
2366,4788,112240,1174.33,completed,online,2025-11-07,NO
1,35339,112340,546.47,failed,online,2025-11-07,NO
1803,19107,112606,1075.7,completed,online,2025-11-07,NO
2379,49865,115686,1953.7,completed,online,2025-11-07,NO
287,26235,121263,1266.49,failed,online,2025-11-07,NO
2847,41116,121785,1531.12,failed,online,2025-11-07,NO
2844,40243,123754,465.43,failed,online,2025-11-07,NO
1,21133,128917,1462.77,failed,online,2025-11-07,NO
4709,31244,130697,92.52,completed,online,2025-11-07,NO
765,41096,130984,1718.12,completed,online,2025-11-07,NO
3811,40493,131194,567.87,failed,online,2025-11-07,NO
1,3984,132916,989.3,completed,online,2025-11-07,NO
4467,49061,133410,467.8,completed,online,2025-11-07,NO
3729,45127,137912,1361.3,failed,online,2025-11-07,NO
1,1075,139990,1497.12,completed,online,2025-11-07,NO
2271,9406,141183,1600.86,failed,online,2025-11-07,NO
1,6057,146121,199.61,failed,online,2025-11-07,NO
4777,24302,3150,1660.6,completed,online,2025-12-15,NO
1,11352,3699,1770.79,failed,online,2025-12-15,NO
4297,11670,7286,1779.32,failed,online,2025-12-15,NO
1192,28683,7855,1674.51,failed,online,2025-12-15,NO
3281,3293,8208,777.52,failed,online,2025-12-15,NO
2748,31357,9176,122.03,failed,online,2025-12-15,NO
2250,48084,12120,1547.23,failed,online,2025-12-15,NO
4637,2814,13008,801.84,completed,online,2025-12-15,NO
2532,33287,14165,918.05,failed,online,2025-12-15,NO
628,41478,15947,1955.7,completed,online,2025-12-15,NO
3141,31916,17385,1502.39,failed,online,2025-12-15,NO
391,12645,17982,756.74,completed,online,2025-12-15,NO
2734,9414,21832,1213.69,failed,online,2025-12-15,NO
1116,30027,22141,1204.75,completed,online,2025-12-15,NO
2443,14450,22214,1458.39,completed,online,2025-12-15,NO
1,1220,22341,930.4,failed,online,2025-12-15,NO
2934,27119,25341,1337.1,failed,online,2025-12-15,NO
1715,30106,25570,827.37,failed,online,2025-12-15,NO
4675,41846,26448,1544.87,completed,online,2025-12-15,NO
3840,30257,29095,862.72,completed,online,2025-12-15,NO
1245,32700,32881,1697.17,failed,online,2025-12-15,NO
1,41316,34058,1019.71,failed,online,2025-12-15,NO
3883,48685,35182,692.96,completed,online,2025-12-15,NO
4326,25435,35291,417.24,completed,online,2025-12-15,NO
1,26623,35467,867.25,completed,online,2025-12-15,NO
350,25825,38445,803.95,completed,online,2025-12-15,NO
607,4461,38739,1844.6,completed,online,2025-12-15,NO
821,42230,41189,302.98,failed,online,2025-12-15,NO
4310,35258,41862,71.85,failed,online,2025-12-15,NO
3927,31888,43134,1823.09,completed,online,2025-12-15,NO
1,20428,44063,422.44,completed,online,2025-12-15,NO
122,25101,45023,527.96,completed,online,2025-12-15,NO
4377,42855,45772,1171.48,failed,online,2025-12-15,NO
3955,34542,46620,827.42,failed,online,2025-12-15,NO
3392,330,49174,637.67,completed,online,2025-12-15,NO
1,43275,51909,456.61,failed,online,2025-12-15,NO
1,40489,53764,751.31,completed,online,2025-12-15,NO
4591,28483,55649,1934.79,completed,online,2025-12-15,NO
4104,27988,57170,407.96,completed,online,2025-12-15,NO
1,30757,57540,15.01,failed,online,2025-12-15,NO
834,49655,61410,1820.27,completed,online,2025-12-15,NO
4866,23017,66126,508.46,completed,online,2025-12-15,NO
4860,45357,66633,1316.35,failed,online,2025-12-15,NO
4781,20242,70076,340.86,completed,online,2025-12-15,NO
2547,38358,80641,1650.98,failed,online,2025-12-15,NO
1720,21061,81101,492.13,completed,online,2025-12-15,NO
866,17550,81332,1725.31,failed,online,2025-12-15,NO
4159,12809,83544,1919.45,failed,online,2025-12-15,NO
110,35008,87716,1433.3,failed,online,2025-12-15,NO
4860,3763,88838,1649.77,failed,online,2025-12-15,NO
1,35685,89835,1395.23,failed,online,2025-12-15,NO
604,1292,96775,1526.94,failed,online,2025-12-15,NO
2722,8238,99189,660.72,failed,online,2025-12-15,NO
2369,634,103647,1129.19,failed,online,2025-12-15,NO
1166,22017,104441,1128.95,failed,online,2025-12-15,NO
1189,48580,108585,1693.68,completed,online,2025-12-15,NO
879,42074,108848,91.41,failed,online,2025-12-15,NO
4943,10002,111825,1816.16,failed,online,2025-12-15,NO
1,24660,120652,1128.49,completed,online,2025-12-15,NO
1424,39050,121355,1025.29,failed,online,2025-12-15,NO
1,17915,122715,400.72,completed,online,2025-12-15,NO
4304,17139,127519,1185.81,completed,online,2025-12-15,NO
1932,803,127664,965.35,completed,online,2025-12-15,NO
406,26999,130127,470.72,failed,online,2025-12-15,NO
2787,42834,130980,955.3,completed,online,2025-12-15,NO
4859,15035,132115,656.78,failed,online,2025-12-15,NO
4948,24699,136801,1877.67,failed,online,2025-12-15,NO
1,24178,139591,770.01,failed,online,2025-12-15,NO
1413,6018,140611,1711.84,completed,online,2025-12-15,NO
1,2821,141206,359.45,failed,online,2025-12-15,NO
2480,44337,145731,571.95,completed,online,2025-12-15,NO
3556,2272,1157,550.05,completed,online,2025-12-23,NO
1226,21225,1826,1738.8,completed,online,2025-12-23,NO
3349,42565,2522,305.26,completed,online,2025-12-23,NO
3926,6303,5771,1689.74,failed,online,2025-12-23,NO
3684,28803,5909,1986.5,completed,online,2025-12-23,NO
1793,38583,12046,924.02,completed,online,2025-12-23,NO
639,24377,14801,1852.99,failed,online,2025-12-23,NO
1745,10870,16882,811.55,failed,online,2025-12-23,NO
1887,30889,20087,692.57,failed,online,2025-12-23,NO
4255,44600,20159,1108.05,completed,online,2025-12-23,NO
1910,38135,20622,155.91,failed,online,2025-12-23,NO
1,42794,22502,1753.28,failed,online,2025-12-23,NO
1328,8463,27154,1239.87,failed,online,2025-12-23,NO
2367,34248,30249,354.14,completed,online,2025-12-23,NO
1050,21664,33936,286.59,failed,online,2025-12-23,NO
1334,23922,34097,1972.94,failed,online,2025-12-23,NO
2950,9184,36616,1883.13,failed,online,2025-12-23,NO
633,13064,37148,1710.94,failed,online,2025-12-23,NO
1464,4638,38425,959.46,completed,online,2025-12-23,NO
4928,1688,39191,1877.26,failed,online,2025-12-23,NO
1317,962,39821,1802.63,completed,online,2025-12-23,NO
3790,31471,40417,956.97,failed,online,2025-12-23,NO
3316,2035,42760,825.89,failed,online,2025-12-23,NO
53,48312,45633,850.21,completed,online,2025-12-23,NO
1,2023,45767,1514.6,failed,online,2025-12-23,NO
3205,25722,54208,536.91,completed,online,2025-12-23,NO
442,26061,55670,925.91,failed,online,2025-12-23,NO
3736,8343,57865,19.98,failed,online,2025-12-23,NO
1,1249,59573,1610.36,failed,online,2025-12-23,NO
4944,12468,62125,964.6,failed,online,2025-12-23,NO
4902,40248,63870,865.05,completed,online,2025-12-23,NO
651,16971,64170,848.67,completed,online,2025-12-23,NO
2944,15510,64363,1275.5,failed,online,2025-12-23,NO
3556,23956,65082,1039.95,completed,online,2025-12-23,NO
4315,48157,65269,1286.68,completed,online,2025-12-23,NO
2363,14170,67523,405.12,completed,online,2025-12-23,NO
2379,9324,68785,662.3,completed,online,2025-12-23,NO
1,35242,69439,356.99,completed,online,2025-12-23,NO
4756,7554,70508,695.8,failed,online,2025-12-23,NO
588,21198,72034,1098.5,completed,online,2025-12-23,NO
4032,8867,74073,885.17,completed,online,2025-12-23,NO
295,30928,74126,1149.39,completed,online,2025-12-23,NO
988,7144,75001,1957.06,failed,online,2025-12-23,NO
1,5234,80483,282.85,completed,online,2025-12-23,NO
4810,38693,81326,376.63,failed,online,2025-12-23,NO
1,1074,83626,1547.53,failed,online,2025-12-23,NO
1,23856,85153,838.12,completed,online,2025-12-23,NO
1,1914,85286,1099.69,failed,online,2025-12-23,NO
1550,22982,87274,1163.66,failed,online,2025-12-23,NO
4982,26882,89011,1444.95,failed,online,2025-12-23,NO
43,1112,89993,1026.91,failed,online,2025-12-23,NO
352,36995,91132,1445.38,completed,online,2025-12-23,NO
4757,14855,94115,230.42,failed,online,2025-12-23,NO
4638,33598,96199,1527.53,failed,online,2025-12-23,NO
1368,41213,104639,240.72,failed,online,2025-12-23,NO
652,10501,109236,527.83,failed,online,2025-12-23,NO
3855,32553,112298,510.86,failed,online,2025-12-23,NO
3626,47494,119518,38.56,completed,online,2025-12-23,NO
2032,40280,122417,1323.35,completed,online,2025-12-23,NO
1627,19464,122466,948.64,completed,online,2025-12-23,NO
1422,6073,124773,1495.71,completed,online,2025-12-23,NO
997,30541,126393,1658.03,completed,online,2025-12-23,NO
2099,10504,128633,923.57,completed,online,2025-12-23,NO
1,13557,128899,320.76,failed,online,2025-12-23,NO
1470,38573,130039,1941.28,completed,online,2025-12-23,NO
1,38432,130224,407.04,failed,online,2025-12-23,NO
3822,4886,135131,537.86,failed,online,2025-12-23,NO
4598,35256,137469,1757.12,failed,online,2025-12-23,NO
4412,10017,142594,999.01,failed,online,2025-12-23,NO
163,22285,145660,165.58,completed,online,2025-12-23,NO
1763,36614,147843,945.02,completed,online,2025-12-23,NO
