product_id,customer_id,transaction_id,amount,status,channel,transaction_date,fraud_flag
914,30583,1562,943.39,completed,online,2025-04-02,NO
4556,31747,6909,1284.22,failed,online,2025-04-02,NO
1483,32374,9054,97.27,completed,online,2025-04-02,NO
456,27561,9214,779.39,failed,UNKNOWN,2025-04-02,NO
921,41339,11852,938.41,completed,online,2025-04-02,NO
4431,41012,13055,1207.66,completed,online,2025-04-02,NO
800,27127,17131,1918.92,completed,online,2025-04-02,NO
4545,321,18577,994.73,completed,online,2025-04-02,NO
348,74,20297,642.3,completed,online,2025-04-02,NO
1371,42255,21539,520.32,failed,online,2025-04-02,NO
2627,148,22254,228.01,completed,online,2025-04-02,NO
364,922,23804,761.22,completed,online,2025-04-02,NO
1,5061,34783,767.89,completed,online,2025-04-02,NO
1,24482,36050,366.08,failed,online,2025-04-02,NO
853,3843,41991,287.5,completed,online,2025-04-02,NO
1,9383,43471,1959.5,completed,online,2025-04-02,NO
3645,11603,44265,1159.09,failed,UNKNOWN,2025-04-02,NO
49,13224,46463,1977.97,failed,online,2025-04-02,NO
1125,10601,46948,1229.45,failed,online,2025-04-02,NO
1623,45640,48387,357.99,completed,online,2025-04-02,NO
1,40409,50863,906.89,completed,online,2025-04-02,NO
1912,9155,52345,451.08,completed,online,2025-04-02,NO
3400,25112,54700,1904.06,failed,online,2025-04-02,NO
4999,27077,59257,753.9,completed,online,2025-04-02,NO
409,12153,62126,1974.18,failed,online,2025-04-02,NO
4993,40305,62166,365.97,failed,online,2025-04-02,NO
3948,49678,64977,315.74,failed,online,2025-04-02,NO
1093,34694,68692,640.73,completed,online,2025-04-02,NO
3757,5625,70134,667.78,completed,online,2025-04-02,NO
1,41340,71043,1268.29,completed,online,2025-04-02,NO
3223,22240,75501,1681.75,failed,online,2025-04-02,NO
2004,20317,78570,870.15,failed,online,2025-04-02,NO
1,16460,79904,566.98,failed,online,2025-04-02,NO
1694,25326,82934,374.76,completed,online,2025-04-02,NO
2674,17633,84332,248.51,failed,online,2025-04-02,NO
3217,28068,84783,1718.19,completed,online,2025-04-02,NO
4324,37912,86219,1743.32,completed,online,2025-04-02,NO
1761,39795,87256,228.76,completed,online,2025-04-02,NO
4574,31047,87449,472.48,completed,online,2025-04-02,NO
205,13565,94260,621.64,completed,online,2025-04-02,NO
1,29335,96772,1196.81,completed,online,2025-04-02,NO
1,8077,101560,1927.0,failed,online,2025-04-02,NO
481,5853,101776,918.04,failed,online,2025-04-02,NO
4761,39086,102281,1892.66,completed,online,2025-04-02,NO
4081,7273,103102,401.89,failed,online,2025-04-02,NO
1,20518,106404,871.29,completed,online,2025-04-02,NO
1,1557,108262,1556.47,failed,online,2025-04-02,NO
240,224,108414,165.23,failed,online,2025-04-02,NO
3548,43601,108459,111.56,completed,online,2025-04-02,NO
2337,12531,108710,251.35,failed,online,2025-04-02,NO
1752,12511,111283,1666.85,failed,online,2025-04-02,NO
1633,47344,111396,518.89,failed,online,2025-04-02,NO
1999,29630,115821,313.44,failed,online,2025-04-02,NO
1,23211,116410,1035.82,failed,online,2025-04-02,NO
1,29192,118659,1169.29,completed,online,2025-04-02,NO
1,15776,119409,759.71,completed,online,2025-04-02,NO
3381,19585,120200,107.15,completed,online,2025-04-02,NO
2761,23076,121374,1192.61,failed,online,2025-04-02,NO
2484,5152,124086,1179.62,completed,online,2025-04-02,NO
1307,24980,125648,1005.45,completed,online,2025-04-02,NO
1618,30763,129816,52.99,completed,online,2025-04-02,NO
4390,47581,130479,1386.08,failed,online,2025-04-02,NO
2706,11021,130941,772.76,failed,online,2025-04-02,NO
3412,21234,132215,844.32,failed,online,2025-04-02,NO
670,13835,133918,1115.42,failed,online,2025-04-02,NO
1892,3121,137880,1509.51,completed,online,2025-04-02,NO
225,45893,138145,390.96,completed,online,2025-04-02,NO
3354,44009,140067,1837.0,failed,online,2025-04-02,NO
551,41774,143751,1405.98,completed,UNKNOWN,2025-04-02,NO
4401,42158,2605,802.83,completed,online,2025-11-03,NO
288,3680,4817,1694.76,completed,online,2025-11-03,NO
2624,9624,8168,1704.26,failed,online,2025-11-03,NO
4301,44761,9124,627.12,failed,online,2025-11-03,NO
4922,43180,9421,1082.61,completed,online,2025-11-03,NO
1246,19324,9683,1550.46,completed,online,2025-11-03,NO
1,34418,22809,1877.57,failed,online,2025-11-03,NO
2153,38038,24105,1506.01,failed,online,2025-11-03,NO
1546,13678,24723,256.32,failed,online,2025-11-03,NO
3615,25185,27496,816.51,failed,online,2025-11-03,NO
3954,21776,38251,1829.09,completed,online,2025-11-03,NO
3682,26580,38543,1516.14,completed,online,2025-11-03,NO
4893,31350,41455,444.97,failed,online,2025-11-03,NO
1411,37878,41624,1544.05,completed,online,2025-11-03,NO
821,28208,50213,1053.83,failed,online,2025-11-03,NO
4801,7367,51530,1389.87,failed,online,2025-11-03,NO
1,16761,51960,1058.36,failed,online,2025-11-03,NO
421,45813,52422,722.57,failed,online,2025-11-03,NO
1758,30891,53033,185.4,failed,online,2025-11-03,NO
380,49213,53758,1211.31,failed,online,2025-11-03,NO
1481,14223,54628,1629.36,completed,online,2025-11-03,NO
2097,16783,55877,1102.92,failed,online,2025-11-03,NO
3501,2902,55880,259.27,completed,online,2025-11-03,NO
4692,45283,56574,617.57,failed,online,2025-11-03,NO
3071,24557,57803,1807.9,completed,online,2025-11-03,NO
1,44095,59882,468.43,failed,online,2025-11-03,NO
1,34540,64428,1925.28,failed,online,2025-11-03,NO
1280,17981,65122,735.92,failed,online,2025-11-03,NO
1,21903,66551,721.55,completed,online,2025-11-03,NO
664,28800,72456,57.82,failed,online,2025-11-03,NO
1630,3465,79435,1485.99,completed,online,2025-11-03,NO
3352,5554,79887,1322.66,failed,online,2025-11-03,NO
524,8799,80370,1640.68,completed,online,2025-11-03,NO
2559,26265,82995,1971.26,completed,online,2025-11-03,NO
223,28985,83859,1966.04,completed,online,2025-11-03,NO
723,20212,84775,1200.99,failed,online,2025-11-03,NO
1,21001,85047,1917.43,completed,online,2025-11-03,NO
1,45324,88132,1584.02,completed,online,2025-11-03,NO
1,19802,88270,335.05,completed,online,2025-11-03,NO
4504,39192,92787,1934.48,failed,online,2025-11-03,NO
4721,14310,94871,415.57,completed,online,2025-11-03,NO
1,10522,95773,1876.52,completed,online,2025-11-03,NO
739,25343,96919,904.89,completed,online,2025-11-03,NO
1280,26928,97441,208.3,completed,online,2025-11-03,NO
2748,39353,100221,407.35,failed,online,2025-11-03,NO
4960,2877,100431,1513.83,completed,online,2025-11-03,NO
3671,4272,101451,101.49,completed,online,2025-11-03,NO
3031,46549,106356,1239.23,failed,online,2025-11-03,NO
3185,16970,108357,1582.45,completed,online,2025-11-03,NO
1008,10699,108400,352.56,failed,online,2025-11-03,NO
4383,33879,108907,1466.22,failed,online,2025-11-03,NO
373,14981,110878,888.82,completed,online,2025-11-03,NO
1,4744,111320,703.06,completed,online,2025-11-03,NO
1134,49599,114725,953.15,failed,online,2025-11-03,NO
1,6967,115972,324.08,completed,online,2025-11-03,NO
262,35176,117426,1937.72,failed,online,2025-11-03,NO
3750,37311,117969,852.86,failed,online,2025-11-03,NO
1515,13280,118081,1135.79,failed,online,2025-11-03,NO
1114,33412,120094,1697.46,failed,online,2025-11-03,NO
998,27967,123167,1744.1,completed,online,2025-11-03,NO
1279,5122,125745,310.66,completed,online,2025-11-03,NO
316,35249,128598,1918.08,completed,online,2025-11-03,NO
1,9258,131114,394.4,failed,online,2025-11-03,NO
1,2476,135528,1461.94,failed,online,2025-11-03,NO
3795,36046,137376,1746.65,completed,online,2025-11-03,NO
1,5466,139621,155.39,completed,online,2025-11-03,NO
166,7771,143186,1585.56,failed,online,2025-11-03,NO
2541,555,147348,335.13,completed,online,2025-11-03,NO
2808,42895,147732,1128.46,completed,online,2025-11-03,NO
4147,29254,1530,598.21,completed,online,2025-10-01,NO
1364,22365,7517,656.55,failed,online,2025-10-01,NO
2158,30879,7798,1930.84,failed,online,2025-10-01,NO
1,41762,7894,1644.2,completed,online,2025-10-01,NO
4733,5175,9603,239.27,completed,online,2025-10-01,NO
4773,3115,9932,386.96,failed,online,2025-10-01,NO
535,36863,14941,361.19,failed,online,2025-10-01,NO
3431,37746,15501,1709.43,failed,online,2025-10-01,NO
2117,13734,18227,1871.51,failed,online,2025-10-01,NO
1092,39852,19026,1299.67,completed,online,2025-10-01,NO
1494,25310,19101,1001.66,completed,online,2025-10-01,NO
2884,45814,19442,182.34,completed,online,2025-10-01,NO
1479,33871,19655,1960.45,completed,online,2025-10-01,NO
1,49686,20140,1128.78,completed,online,2025-10-01,NO
1,13348,24454,942.08,failed,online,2025-10-01,NO
599,14824,29949,1078.81,failed,online,2025-10-01,NO
1,47964,30765,1607.48,failed,online,2025-10-01,NO
2718,46435,34964,1742.93,completed,online,2025-10-01,NO
1,28474,35827,1465.94,completed,online,2025-10-01,NO
1,21231,36787,365.71,failed,online,2025-10-01,NO
4788,10489,39116,890.44,completed,online,2025-10-01,NO
3975,8321,39381,1235.78,failed,online,2025-10-01,NO
91,35748,43153,1368.33,failed,online,2025-10-01,NO
1,5458,63970,524.71,failed,online,2025-10-01,NO
1,32755,66181,609.58,failed,online,2025-10-01,NO
1,33082,66519,686.6,completed,online,2025-10-01,NO
1,14696,68451,1302.61,failed,online,2025-10-01,NO
124,20941,69369,361.13,completed,online,2025-10-01,NO
3646,25515,71379,1177.26,completed,online,2025-10-01,NO
1,49059,72736,741.32,completed,online,2025-10-01,NO
2995,22978,73068,759.49,failed,online,2025-10-01,NO
3952,3341,73457,860.31,completed,online,2025-10-01,NO
1,11222,73534,95.15,failed,online,2025-10-01,NO
1,37082,73837,782.68,completed,online,2025-10-01,NO
2725,10138,75565,1774.01,failed,online,2025-10-01,NO
3421,25854,77345,1144.69,completed,online,2025-10-01,NO
2429,30266,77902,921.0,completed,online,2025-10-01,NO
957,14859,82031,1888.3,failed,online,2025-10-01,NO
368,15040,82384,1104.83,completed,online,2025-10-01,NO
1461,21837,87585,185.76,completed,online,2025-10-01,NO
3682,44575,88310,607.07,completed,online,2025-10-01,NO
277,46039,88569,877.51,failed,online,2025-10-01,NO
312,27491,88626,1114.56,failed,online,2025-10-01,NO
1049,45037,93904,733.39,failed,online,2025-10-01,NO
3015,31646,94711,1212.51,failed,online,2025-10-01,NO
88,16043,95154,503.34,failed,online,2025-10-01,NO
3572,27349,103653,693.06,failed,online,2025-10-01,NO
1,25855,104068,1701.73,completed,online,2025-10-01,NO
1610,26085,109531,1640.96,completed,online,2025-10-01,NO
660,49874,110012,1064.42,completed,online,2025-10-01,NO
906,19974,111459,1091.83,completed,online,2025-10-01,NO
2941,42687,115750,1046.48,completed,online,2025-10-01,NO
1760,45705,117724,1830.22,failed,online,2025-10-01,NO
1,46034,117938,1741.34,completed,online,2025-10-01,NO
4286,33837,119259,1300.42,failed,online,2025-10-01,NO
3165,2193,122022,844.39,completed,online,2025-10-01,NO
4453,33396,126247,1130.03,completed,online,2025-10-01,NO
4763,27591,126822,1387.0,failed,online,2025-10-01,NO
1960,46343,132623,820.79,failed,online,2025-10-01,NO
2432,711,133964,785.44,completed,online,2025-10-01,NO
559,4426,137241,744.89,completed,online,2025-10-01,NO
2408,12742,138245,150.06,completed,online,2025-10-01,NO
1490,24097,141263,1020.83,completed,online,2025-10-01,NO
1,13336,141464,681.88,failed,online,2025-10-01,NO
3377,20195,145018,616.31,completed,online,2025-10-01,NO
4619,20775,145789,860.46,failed,online,2025-10-01,NO
4414,14097,146254,1886.77,completed,online,2025-10-01,NO
1621,47677,146908,34.07,failed,online,2025-10-01,NO
3431,27878,148223,696.58,failed,online,2025-10-01,NO
1,47647,262,26.4,completed,online,2025-04-23,NO
1,45600,3612,1853.87,completed,online,2025-04-23,NO
2977,3795,5890,272.64,completed,online,2025-04-23,NO
3214,18929,5940,1383.21,completed,online,2025-04-23,NO
2205,15821,7641,1483.21,completed,online,2025-04-23,NO
1043,44702,10247,777.25,completed,online,2025-04-23,NO
4765,26398,12706,754.46,failed,online,2025-04-23,NO
1637,5701,12863,925.19,completed,online,2025-04-23,NO
3337,46823,15607,1962.33,completed,online,2025-04-23,NO
499,22985,16541,1714.34,completed,online,2025-04-23,NO
511,23044,16979,1331.7,completed,online,2025-04-23,NO
2675,26063,19035,1314.69,failed,online,2025-04-23,NO
1089,40553,20177,602.92,completed,online,2025-04-23,NO
1,48705,20414,1872.89,completed,online,2025-04-23,NO
801,3505,24423,1168.8,failed,online,2025-04-23,NO
1084,45420,27035,1678.83,completed,online,2025-04-23,NO
220,10663,33931,157.61,failed,online,2025-04-23,NO
2539,1786,33973,1393.63,failed,online,2025-04-23,NO
1268,21112,34479,1224.39,completed,online,2025-04-23,NO
1,15254,47230,1493.92,completed,online,2025-04-23,NO
2863,41374,51370,934.64,failed,UNKNOWN,2025-04-23,NO
3081,37459,51391,1057.19,completed,online,2025-04-23,NO
3281,10977,52632,510.44,completed,online,2025-04-23,NO
2713,39679,54325,1291.32,failed,online,2025-04-23,NO
1888,29902,54603,1935.42,failed,online,2025-04-23,NO
1918,8067,62282,1772.78,completed,online,2025-04-23,NO
1445,22281,63061,1021.13,failed,online,2025-04-23,NO
1530,11314,63367,1319.08,failed,online,2025-04-23,NO
673,21109,68594,1695.83,completed,online,2025-04-23,NO
1528,897,69318,1661.89,failed,online,2025-04-23,NO
982,22407,72293,1049.19,completed,online,2025-04-23,NO
1,21578,76534,1599.78,failed,online,2025-04-23,NO
1,25255,76644,1913.36,failed,online,2025-04-23,NO
1943,17117,77964,1926.14,failed,online,2025-04-23,NO
1,31269,82452,1173.7,failed,online,2025-04-23,NO
622,48158,83254,1012.11,failed,online,2025-04-23,NO
2839,34633,84090,62.97,completed,online,2025-04-23,NO
2325,48444,85032,1209.0,failed,online,2025-04-23,NO
2683,46784,87891,170.17,failed,online,2025-04-23,NO
1,43174,89643,1019.5,completed,online,2025-04-23,NO
1671,36267,92691,931.67,failed,online,2025-04-23,NO
1073,37248,93882,61.99,failed,online,2025-04-23,NO
3918,486,94598,928.14,failed,online,2025-04-23,NO
3572,48122,100876,1455.67,completed,online,2025-04-23,NO
3517,46770,101258,1790.78,failed,online,2025-04-23,NO
1,43141,103359,1199.58,completed,online,2025-04-23,NO
905,25868,103930,1471.16,completed,online,2025-04-23,NO
3764,35519,106397,55.42,failed,online,2025-04-23,NO
3030,15954,107907,1053.71,failed,online,2025-04-23,NO
314,23966,109004,1476.41,failed,online,2025-04-23,NO
3647,37350,111274,366.09,completed,online,2025-04-23,NO
4496,24303,112546,686.25,completed,online,2025-04-23,NO
2664,45415,112992,914.62,completed,online,2025-04-23,NO
2101,31485,113866,147.9,completed,online,2025-04-23,NO
264,2307,114031,1773.48,failed,online,2025-04-23,NO
1,2850,114317,1031.73,failed,online,2025-04-23,NO
1,581,123079,651.15,completed,online,2025-04-23,NO
1987,49989,123394,1187.01,failed,UNKNOWN,2025-04-23,NO
3653,44680,125775,36.73,completed,online,2025-04-23,NO
4298,40986,129448,214.17,failed,online,2025-04-23,NO
1,10839,131166,1060.85,completed,online,2025-04-23,NO
3544,7345,133556,1845.7,failed,online,2025-04-23,NO
1036,44007,139464,1207.3,failed,online,2025-04-23,NO
1,36484,140949,41.52,failed,online,2025-04-23,NO
3292,40365,142636,1843.19,failed,online,2025-04-23,NO
434,18835,145793,182.13,failed,online,2025-04-23,NO
1,15105,145799,105.04,failed,online,2025-04-23,NO
715,35935,147236,286.1,completed,online,2025-04-23,NO
4461,33496,148185,1543.12,failed,online,2025-04-23,NO
3382,1764,162,87.65,failed,online,2025-08-09,NO
4215,29286,6295,664.06,failed,online,2025-08-09,NO
1,18756,11689,1863.69,completed,online,2025-08-09,NO
4079,3043,13819,463.46,failed,online,2025-08-09,NO
253,13644,15005,75.18,completed,online,2025-08-09,NO
3267,17913,16318,505.39,failed,online,2025-08-09,NO
1494,18538,16418,1743.88,failed,online,2025-08-09,NO
1245,18234,16864,1456.88,failed,online,2025-08-09,NO
2329,31550,17796,445.33,completed,online,2025-08-09,NO
1963,46195,22043,515.3,completed,online,2025-08-09,NO
1400,27274,26438,674.5,completed,online,2025-08-09,NO
1089,34755,32154,1027.96,completed,online,2025-08-09,NO
1774,33793,33034,1731.05,completed,online,2025-08-09,NO
1,24616,38591,1316.94,completed,online,2025-08-09,NO
2232,40395,38847,275.8,failed,online,2025-08-09,NO
1100,24096,39251,1719.13,completed,online,2025-08-09,NO
4851,49396,39483,1449.62,failed,online,2025-08-09,NO
1602,36463,43554,1792.66,failed,online,2025-08-09,NO
894,14535,45113,624.49,completed,online,2025-08-09,NO
4080,48283,46552,1795.47,completed,online,2025-08-09,NO
2908,46546,50583,1001.03,completed,online,2025-08-09,NO
4723,28052,50626,1357.18,completed,online,2025-08-09,NO
1,33415,51891,935.72,completed,online,2025-08-09,NO
2841,7707,53802,1902.66,failed,online,2025-08-09,NO
682,42310,54149,1067.32,completed,online,2025-08-09,NO
1,36625,58015,227.55,failed,online,2025-08-09,NO
1,47845,63688,325.91,completed,online,2025-08-09,NO
266,41407,66060,213.46,failed,online,2025-08-09,NO
1240,4831,66478,907.01,completed,online,2025-08-09,NO
4024,48424,66705,59.43,completed,online,2025-08-09,NO
1,41728,67123,9384.966413930098,failed,online,2025-08-09,NO
4836,10217,70798,1019.22,failed,online,2025-08-09,NO
3492,43532,73680,1776.17,completed,online,2025-08-09,NO
836,38864,74955,672.09,completed,online,2025-08-09,NO
3487,20281,75080,524.54,completed,online,2025-08-09,NO
3489,19963,79511,661.92,completed,online,2025-08-09,NO
2346,29937,81190,1286.75,failed,online,2025-08-09,NO
1,9582,81272,167.32,completed,online,2025-08-09,NO
3795,19508,82150,1433.62,completed,online,2025-08-09,NO
1,34513,88334,789.14,completed,online,2025-08-09,NO
897,32917,88578,288.03,completed,online,2025-08-09,NO
4385,34562,89077,150.05,completed,online,2025-08-09,NO
516,40918,89533,1937.42,completed,online,2025-08-09,NO
886,27734,90536,276.23,completed,online,2025-08-09,NO
3411,17919,93186,1553.08,failed,online,2025-08-09,NO
4764,23431,94320,1749.67,completed,online,2025-08-09,NO
2644,38391,94937,905.65,failed,online,2025-08-09,NO
3033,8951,96871,651.12,failed,online,2025-08-09,NO
1699,44122,98716,264.82,completed,online,2025-08-09,NO
3808,41064,105470,1233.11,completed,online,2025-08-09,NO
1471,24628,105681,336.0,completed,online,2025-08-09,NO
4860,16406,106389,266.86,failed,online,2025-08-09,NO
980,43837,111935,837.81,failed,online,2025-08-09,NO
4430,28211,112600,501.45,failed,online,2025-08-09,NO
1866,10506,116051,532.64,failed,online,2025-08-09,NO
317,25474,117592,1009.37,failed,online,2025-08-09,NO
4175,2804,119442,436.39,failed,online,2025-08-09,NO
3021,45015,123174,1139.14,completed,online,2025-08-09,NO
434,41608,124360,109.89,completed,online,2025-08-09,NO
3686,45532,124375,1770.92,failed,online,2025-08-09,NO
1315,17733,125757,1944.12,completed,online,2025-08-09,NO
1,20066,125861,1684.84,completed,online,2025-08-09,NO
1,11829,130539,721.47,completed,online,2025-08-09,NO
3497,23867,131234,1119.92,failed,online,2025-08-09,NO
4819,12144,134494,193.97,failed,online,2025-08-09,NO
1,27758,138915,887.39,failed,online,2025-08-09,NO
3961,41426,139651,329.56,completed,online,2025-08-09,NO
4001,31295,140046,1245.87,completed,online,2025-08-09,NO
3720,26981,2777,281.43,failed,online,2025-08-27,NO
4718,43991,3273,592.19,failed,online,2025-08-27,NO
4601,41437,7487,1687.98,completed,online,2025-08-27,NO
1,42849,9287,1358.28,failed,online,2025-08-27,NO
1895,26663,11309,1822.54,failed,online,2025-08-27,NO
1,25605,11509,1576.44,completed,online,2025-08-27,NO
1,16397,12625,1886.38,completed,online,2025-08-27,NO
21,6440,13940,746.96,completed,online,2025-08-27,NO
1790,33851,14665,1267.53,failed,online,2025-08-27,NO
2605,16696,16298,1558.59,completed,online,2025-08-27,NO
406,1525,16486,455.14,failed,online,2025-08-27,NO
1197,17233,17664,899.66,failed,online,2025-08-27,NO
4077,26459,27206,1299.03,completed,online,2025-08-27,NO
4059,33955,27807,1304.95,completed,online,2025-08-27,NO
2238,11550,28770,1447.29,failed,online,2025-08-27,NO
341,9448,29385,1770.89,completed,online,2025-08-27,NO
4335,25023,32578,123.64,failed,online,2025-08-27,NO
1793,9497,35572,1138.12,failed,online,2025-08-27,NO
2105,31228,37158,1705.42,failed,UNKNOWN,2025-08-27,NO
890,8429,37211,687.83,completed,online,2025-08-27,NO
1466,14556,44989,1668.24,completed,online,2025-08-27,NO
370,2540,47331,1314.29,completed,online,2025-08-27,NO
1,18234,47516,281.35,completed,online,2025-08-27,NO
1004,31311,55360,1498.84,completed,online,2025-08-27,NO
4127,21776,56174,1024.39,completed,online,2025-08-27,NO
1,21605,56215,308.39,completed,online,2025-08-27,NO
1998,2649,56606,463.24,failed,online,2025-08-27,NO
1,23558,57612,432.58,completed,online,2025-08-27,NO
1,16043,62135,389.61,failed,online,2025-08-27,NO
3832,8706,63417,47.85,failed,online,2025-08-27,NO
915,13296,63611,1846.36,completed,online,2025-08-27,NO
2798,45392,65351,1829.47,failed,online,2025-08-27,NO
1315,49797,65903,1401.76,completed,online,2025-08-27,NO
4522,21555,68379,702.77,completed,online,2025-08-27,NO
4921,12399,70792,879.05,completed,online,2025-08-27,NO
3948,42927,73980,1541.45,completed,UNKNOWN,2025-08-27,NO
4343,15801,78021,177.95,completed,online,2025-08-27,NO
676,28380,80605,1257.03,completed,online,2025-08-27,NO
1,37333,82016,1921.04,failed,online,2025-08-27,NO
2786,2750,83115,1953.56,failed,online,2025-08-27,NO
922,42887,87607,686.06,failed,online,2025-08-27,NO
4961,48596,92024,7089.194863558291,failed,online,2025-08-27,NO
1514,12064,94925,784.36,failed,online,2025-08-27,NO
2177,21066,98154,425.54,failed,online,2025-08-27,NO
1,27341,98770,1051.77,failed,online,2025-08-27,NO
4740,8101,102077,82.35,failed,online,2025-08-27,NO
1481,35551,102665,349.89,failed,online,2025-08-27,NO
531,4373,102704,1144.42,completed,online,2025-08-27,NO
1670,34190,104914,1477.9,completed,online,2025-08-27,NO
1,23188,104960,1303.98,completed,online,2025-08-27,NO
3413,20610,107632,309.21,completed,online,2025-08-27,NO
1,41777,107682,5547.772593285835,completed,online,2025-08-27,NO
1499,48884,114029,1696.53,failed,online,2025-08-27,NO
1,40463,115241,156.95,completed,online,2025-08-27,NO
4995,3543,116370,1973.82,failed,online,2025-08-27,NO
2297,42762,118556,1037.49,failed,online,2025-08-27,NO
64,18741,119675,555.56,completed,online,2025-08-27,NO
3735,6010,123766,1660.72,failed,online,2025-08-27,NO
1306,14702,124070,323.44,failed,UNKNOWN,2025-08-27,NO
3612,7436,126084,943.09,completed,online,2025-08-27,NO
186,20985,126912,1424.72,failed,online,2025-08-27,NO
3550,12730,127489,1235.29,completed,online,2025-08-27,NO
1,12141,128601,1354.23,failed,online,2025-08-27,NO
2014,8542,133669,689.14,completed,online,2025-08-27,NO
137,28247,142573,1541.58,completed,online,2025-08-27,NO
3296,42852,144956,1759.4,failed,online,2025-08-27,NO
1274,24229,148738,1316.69,completed,online,2025-08-27,NO
574,17961,149626,465.89,completed,online,2025-08-27,NO
963,43758,2817,62.1,completed,online,2025-03-10,NO
4320,28010,3254,341.25,failed,online,2025-03-10,NO
963,49368,6203,1023.96,failed,online,2025-03-10,NO
1,48967,7437,1658.4,failed,online,2025-03-10,NO
4588,45393,10870,157.41,completed,online,2025-03-10,NO
3176,46407,11929,1872.95,failed,online,2025-03-10,NO
3965,42590,17060,608.16,completed,online,2025-03-10,NO
1,19709,17473,1203.75,failed,online,2025-03-10,NO
4026,12769,19437,438.04,completed,online,2025-03-10,NO
4834,31376,20321,1558.76,completed,online,2025-03-10,NO
2795,35851,21458,803.46,failed,online,2025-03-10,NO
135,28907,22056,1889.36,completed,online,2025-03-10,NO
2908,15211,22856,1735.57,completed,online,2025-03-10,NO
1448,27932,25538,62.52,completed,online,2025-03-10,NO
409,21119,27186,1525.01,completed,online,2025-03-10,NO
2628,13580,28546,1417.83,failed,online,2025-03-10,NO
956,24685,34438,862.44,failed,online,2025-03-10,NO
1603,8438,39138,1462.44,failed,online,2025-03-10,NO
4875,19154,43581,1276.45,completed,online,2025-03-10,NO
1,6532,44217,1072.61,completed,online,2025-03-10,NO
1,20883,44821,1743.46,failed,online,2025-03-10,NO
2402,37181,46115,704.48,failed,online,2025-03-10,NO
1040,36603,49006,225.48,completed,online,2025-03-10,NO
4067,23059,53946,1250.91,failed,online,2025-03-10,NO
4789,10950,55351,694.29,failed,online,2025-03-10,NO
2641,47428,56865,30.25,failed,online,2025-03-10,NO
1,14425,57900,1307.82,completed,online,2025-03-10,NO
2660,2472,58722,682.18,completed,online,2025-03-10,NO
1175,22402,59226,1500.83,failed,online,2025-03-10,NO
2080,39720,61861,666.37,completed,online,2025-03-10,NO
2769,7887,64346,1293.86,failed,online,2025-03-10,NO
1,26273,65103,1019.75,failed,online,2025-03-10,NO
1976,45608,70296,483.92,completed,online,2025-03-10,NO
3247,43230,71044,1326.0,failed,online,2025-03-10,NO
1450,16015,71909,23.67,completed,online,2025-03-10,NO
1683,34676,73684,311.55,completed,online,2025-03-10,NO
1117,6783,76088,256.68,failed,online,2025-03-10,NO
4409,38471,78785,235.38,failed,online,2025-03-10,NO
2944,31970,84064,125.35,failed,online,2025-03-10,NO
3411,8846,85993,322.86,completed,online,2025-03-10,NO
1,12029,87371,867.03,completed,online,2025-03-10,NO
4453,41061,89791,400.3,completed,online,2025-03-10,NO
3207,14619,89899,1083.26,failed,UNKNOWN,2025-03-10,NO
1521,3589,90649,1414.03,failed,online,2025-03-10,NO
1452,20520,92703,126.88,failed,online,2025-03-10,NO
1,24626,95816,827.32,failed,online,2025-03-10,NO
4300,24398,95854,1673.57,failed,online,2025-03-10,NO
1,6745,97618,1426.32,failed,online,2025-03-10,NO
1,14467,97712,868.79,completed,online,2025-03-10,NO
2441,5427,100159,327.81,failed,online,2025-03-10,NO
4681,35399,106355,1121.04,failed,online,2025-03-10,NO
778,38296,110451,527.99,failed,online,2025-03-10,NO
3347,38981,110541,915.9,completed,online,2025-03-10,NO
1787,36109,110905,476.47,failed,online,2025-03-10,NO
2499,2368,111355,1367.9,completed,online,2025-03-10,NO
81,6837,111454,611.1,completed,online,2025-03-10,NO
1801,49784,113306,436.5,failed,online,2025-03-10,NO
1,24696,114023,791.36,failed,online,2025-03-10,NO
3319,26275,116759,1434.52,completed,online,2025-03-10,NO
3605,34895,118079,119.87,completed,online,2025-03-10,NO
747,16466,120354,881.85,failed,online,2025-03-10,NO
2400,22109,121445,478.15,failed,online,2025-03-10,NO
1,1650,123253,1449.45,completed,online,2025-03-10,NO
442,48874,123512,1509.75,completed,online,2025-03-10,NO
3602,43416,127684,560.2,completed,online,2025-03-10,NO
1,43522,140630,13.76,completed,online,2025-03-10,NO
4473,49000,146117,659.39,completed,online,2025-03-10,NO
1327,4060,146634,407.83,completed,online,2025-03-10,NO
2950,3386,148742,6382.574999677496,failed,online,2025-03-10,NO
1,23336,4872,1734.2,completed,online,2025-04-15,NO
4249,36673,5584,1597.04,completed,UNKNOWN,2025-04-15,NO
3412,5531,7577,1760.8,failed,online,2025-04-15,NO
17,4660,10123,330.99,failed,online,2025-04-15,NO
2194,40418,10192,43.56,completed,online,2025-04-15,NO
1,12330,11229,694.13,completed,online,2025-04-15,NO
3755,23155,11916,1395.06,completed,online,2025-04-15,NO
2829,41403,12274,1855.48,failed,online,2025-04-15,NO
2675,17540,14712,596.45,failed,online,2025-04-15,NO
779,3900,15134,527.2,completed,online,2025-04-15,NO
1038,28027,17704,348.89,failed,online,2025-04-15,NO
3447,39110,19850,1041.14,failed,online,2025-04-15,NO
118,6129,20309,546.9,failed,online,2025-04-15,NO
2543,29675,27257,1227.2,failed,online,2025-04-15,NO
4856,14512,31101,1181.38,failed,online,2025-04-15,NO
2237,15851,34326,1964.64,failed,online,2025-04-15,NO
594,11528,39233,1051.91,completed,online,2025-04-15,NO
1692,20140,41691,368.91,failed,online,2025-04-15,NO
2536,13042,43240,419.51,completed,online,2025-04-15,NO
1,11336,43329,205.9,completed,online,2025-04-15,NO
1106,39575,45663,343.22,failed,online,2025-04-15,NO
1,49740,47746,1810.01,completed,online,2025-04-15,NO
3702,31573,49879,1555.94,failed,online,2025-04-15,NO
3262,2936,52027,628.22,failed,online,2025-04-15,NO
1691,13188,52957,1968.58,completed,online,2025-04-15,NO
4938,22330,53457,1462.49,completed,online,2025-04-15,NO
4424,11712,54783,1349.9,failed,online,2025-04-15,NO
1,36287,57812,1218.11,completed,online,2025-04-15,NO
285,46844,64470,426.99,completed,online,2025-04-15,NO
1,5903,64510,1606.12,failed,online,2025-04-15,NO
84,5697,64515,322.69,completed,online,2025-04-15,NO
1687,6117,65507,1951.46,failed,online,2025-04-15,NO
1706,14325,69640,445.76,failed,online,2025-04-15,NO
2238,15363,69944,337.06,failed,online,2025-04-15,NO
1,14901,73693,252.18,failed,online,2025-04-15,NO
164,43060,79015,61.71,failed,online,2025-04-15,NO
1,15500,80237,45.38,failed,online,2025-04-15,NO
2168,6223,82315,1387.48,completed,online,2025-04-15,NO
2137,18831,83683,471.31,completed,online,2025-04-15,NO
1,32178,83733,1313.7,completed,online,2025-04-15,NO
3277,43012,85167,1344.23,failed,online,2025-04-15,NO
1924,43422,90937,1444.34,completed,online,2025-04-15,NO
829,44674,91455,1473.25,completed,online,2025-04-15,NO
140,17580,104270,1641.37,failed,online,2025-04-15,NO
2438,12501,105916,1657.42,failed,online,2025-04-15,NO
1796,45988,113217,578.71,completed,online,2025-04-15,NO
15,25267,113536,1417.51,completed,online,2025-04-15,NO
1,1686,115358,693.51,failed,online,2025-04-15,NO
1686,35005,116357,1490.44,failed,online,2025-04-15,NO
2832,14050,117696,1253.88,completed,online,2025-04-15,NO
1,19004,119551,1343.89,failed,online,2025-04-15,NO
1768,39889,119741,1596.79,completed,online,2025-04-15,NO
4274,45406,120158,1807.02,failed,online,2025-04-15,NO
1,12715,120719,1932.86,completed,online,2025-04-15,NO
2469,29854,121202,193.62,failed,online,2025-04-15,NO
1,22237,121825,934.24,completed,online,2025-04-15,NO
1002,36546,121938,1662.49,completed,online,2025-04-15,NO
3447,33998,126253,44.77,failed,online,2025-04-15,NO
1,25251,127141,609.15,failed,online,2025-04-15,NO
1,29765,128541,166.62,completed,online,2025-04-15,NO
3044,23873,132049,1186.13,completed,online,2025-04-15,NO
393,48758,132064,648.54,completed,online,2025-04-15,NO
1638,34484,133656,1558.07,completed,online,2025-04-15,NO
3980,32686,137794,1855.28,completed,online,2025-04-15,NO
1837,33187,140799,421.3,failed,online,2025-04-15,NO
1485,48128,141881,368.79,completed,online,2025-04-15,NO
489,8477,144042,1532.73,completed,online,2025-04-15,NO
2467,1999,144130,764.5,completed,online,2025-04-15,NO
1,14709,145197,956.11,failed,online,2025-04-15,NO
2022,18858,618,539.88,completed,UNKNOWN,2025-09-27,NO
1702,12376,1507,993.48,failed,online,2025-09-27,NO
1024,11176,2711,422.93,failed,online,2025-09-27,NO
3311,32706,4263,764.79,completed,online,2025-09-27,NO
3888,19755,8220,795.07,failed,online,2025-09-27,NO
2870,25071,8352,1535.32,completed,online,2025-09-27,NO
1,44199,8845,1818.37,failed,online,2025-09-27,NO
3409,15408,9516,1461.85,failed,online,2025-09-27,NO
647,38858,9558,875.4,failed,online,2025-09-27,NO
2606,30174,16473,557.92,failed,online,2025-09-27,NO
1258,33979,18864,648.22,failed,online,2025-09-27,NO
2243,6156,20798,64.57,failed,online,2025-09-27,NO
4846,15132,24763,1855.8,completed,online,2025-09-27,NO
1282,30008,25024,1350.33,completed,online,2025-09-27,NO
2697,2025,25540,973.27,completed,online,2025-09-27,NO
1,27484,26375,1303.88,failed,online,2025-09-27,NO
615,17090,27938,622.58,failed,online,2025-09-27,NO
2450,930,29277,746.91,failed,online,2025-09-27,NO
496,8498,30552,1308.29,failed,online,2025-09-27,NO
3377,42997,30786,1689.38,failed,online,2025-09-27,NO
1,25103,34270,149.14,failed,online,2025-09-27,NO
996,25764,37956,50.33,failed,online,2025-09-27,NO
1462,37128,38920,1576.94,failed,online,2025-09-27,NO
2563,10981,40469,1737.81,completed,online,2025-09-27,NO
1222,42987,41560,719.05,failed,online,2025-09-27,NO
4891,30723,42516,394.56,completed,online,2025-09-27,NO
607,3484,42873,266.83,completed,online,2025-09-27,NO
3126,12129,46590,1442.75,failed,online,2025-09-27,NO
3899,48787,47480,1074.14,completed,online,2025-09-27,NO
355,21605,53338,1498.64,failed,online,2025-09-27,NO
4078,23043,58376,1530.92,failed,online,2025-09-27,NO
4885,26001,59355,54.09,failed,online,2025-09-27,NO
4733,3960,61223,1909.04,completed,online,2025-09-27,NO
4087,571,62352,1731.14,failed,online,2025-09-27,NO
4980,10303,64838,1531.42,failed,online,2025-09-27,NO
1,26635,67160,270.51,completed,online,2025-09-27,NO
1,14631,70239,1348.66,failed,online,2025-09-27,NO
4559,27572,73952,1062.34,failed,online,2025-09-27,NO
4143,19386,75909,1141.75,completed,online,2025-09-27,NO
919,45279,76234,1615.09,completed,online,2025-09-27,NO
879,16506,78955,738.16,completed,online,2025-09-27,NO
3537,814,82963,1304.35,failed,online,2025-09-27,NO
1632,38849,83214,344.03,completed,online,2025-09-27,NO
1,13512,93319,1888.6,failed,online,2025-09-27,NO
1240,15347,94007,470.8,completed,online,2025-09-27,NO
3563,20985,95227,243.73,completed,online,2025-09-27,NO
4470,3354,95386,1536.03,failed,online,2025-09-27,NO
594,48016,98833,234.23,completed,online,2025-09-27,NO
4477,13141,100771,961.23,completed,online,2025-09-27,NO
1380,49704,106929,190.13,completed,online,2025-09-27,NO
1965,11662,107072,1628.18,completed,online,2025-09-27,NO
3553,43832,108077,306.19,completed,online,2025-09-27,NO
2036,3848,111155,1870.68,completed,online,2025-09-27,NO
1,29950,112114,1592.56,completed,online,2025-09-27,NO
1998,42799,113413,1893.31,completed,online,2025-09-27,NO
2109,896,116898,1914.28,completed,online,2025-09-27,NO
2933,18747,116939,1764.1,completed,online,2025-09-27,NO
2093,36068,119582,1613.34,completed,online,2025-09-27,NO
1,49783,120391,1499.47,completed,UNKNOWN,2025-09-27,NO
1,23653,122791,1941.79,failed,online,2025-09-27,NO
1389,4998,122846,411.21,failed,online,2025-09-27,NO
1,21795,127442,365.89,failed,online,2025-09-27,NO
1,44508,127789,427.71,failed,online,2025-09-27,NO
1,31946,131085,705.47,completed,online,2025-09-27,NO
993,36043,132331,1985.82,failed,online,2025-09-27,NO
1,20507,133620,1052.51,failed,online,2025-09-27,NO
3752,577,135870,1847.45,completed,online,2025-09-27,NO
4672,43377,141465,1397.8,completed,online,2025-09-27,NO
1705,30530,145567,1198.57,completed,online,2025-09-27,NO
3702,15004,349,231.39,failed,online,2025-11-04,NO
200,48336,3921,1240.84,completed,online,2025-11-04,NO
4545,34086,5707,1606.69,failed,online,2025-11-04,NO
961,11377,6338,1196.91,failed,online,2025-11-04,NO
2060,44585,7179,1077.94,completed,online,2025-11-04,NO
1652,21512,7913,1555.11,completed,online,2025-11-04,NO
1,33255,7950,1765.47,failed,online,2025-11-04,NO
4730,44173,9030,1854.49,completed,online,2025-11-04,NO
3641,12504,14002,1431.47,completed,online,2025-11-04,NO
557,40840,19533,1561.81,failed,online,2025-11-04,NO
3943,35586,24233,394.81,failed,online,2025-11-04,NO
4577,42124,24242,1363.28,failed,online,2025-11-04,NO
3017,34343,27366,21.32,failed,online,2025-11-04,NO
1,21256,29183,1812.06,failed,online,2025-11-04,NO
2045,14918,32404,1169.61,failed,online,2025-11-04,NO
2538,31885,33962,1568.24,failed,online,2025-11-04,NO
3067,6988,34897,123.52,completed,online,2025-11-04,NO
4120,40702,37169,923.61,failed,online,2025-11-04,NO
1,5394,37855,1341.53,failed,online,2025-11-04,NO
3752,29923,38747,1033.31,failed,online,2025-11-04,NO
477,16743,39600,1562.96,failed,online,2025-11-04,NO
4166,7187,39937,736.64,completed,online,2025-11-04,NO
1,11741,41013,546.93,failed,online,2025-11-04,NO
1,7147,42867,1204.83,failed,online,2025-11-04,NO
1,36274,46180,957.67,failed,online,2025-11-04,NO
1,15278,49850,257.66,completed,online,2025-11-04,NO
3163,44996,55063,1077.27,failed,online,2025-11-04,NO
4910,23167,56876,180.47,failed,online,2025-11-04,NO
4738,36257,58997,154.51,failed,online,2025-11-04,NO
4444,13551,64262,6302.1748886710475,failed,online,2025-11-04,NO
1389,10652,65682,1282.98,failed,online,2025-11-04,NO
217,15187,66101,1159.56,completed,online,2025-11-04,NO
2554,10522,68297,1859.36,failed,online,2025-11-04,NO
1949,29225,68583,1444.01,failed,online,2025-11-04,NO
1599,21521,72924,1434.04,completed,online,2025-11-04,NO
4931,4177,73322,892.94,completed,online,2025-11-04,NO
1,8545,73823,172.98,completed,online,2025-11-04,NO
1,42957,74207,1752.23,completed,online,2025-11-04,NO
3847,22986,75349,584.46,completed,online,2025-11-04,NO
435,16053,75939,1921.19,completed,online,2025-11-04,NO
497,4498,76675,417.93,completed,online,2025-11-04,NO
2139,42305,83976,625.29,failed,online,2025-11-04,NO
2473,1385,85839,1041.27,failed,online,2025-11-04,NO
2890,19252,91369,426.68,completed,online,2025-11-04,NO
115,13807,97591,12.43,failed,online,2025-11-04,NO
4267,9225,97996,921.22,failed,online,2025-11-04,NO
4560,28726,100889,748.44,completed,online,2025-11-04,NO
909,13298,106333,679.24,completed,online,2025-11-04,NO
1,8007,111503,384.74,failed,online,2025-11-04,NO
1,3939,111804,1201.44,failed,online,2025-11-04,NO
3376,5421,112046,267.85,completed,online,2025-11-04,NO
1,45051,115981,288.44,completed,online,2025-11-04,NO
2673,34487,120459,1038.26,failed,online,2025-11-04,NO
4573,17730,121129,1711.3,failed,online,2025-11-04,NO
1,48557,121805,1835.07,failed,online,2025-11-04,NO
3587,45198,123580,1213.17,failed,online,2025-11-04,NO
3405,37192,128738,1974.57,failed,online,2025-11-04,NO
380,48020,132364,801.4,failed,online,2025-11-04,NO
4434,43272,133261,113.13,completed,online,2025-11-04,NO
2701,49930,134863,1247.27,completed,online,2025-11-04,NO
1949,25846,136493,261.37,failed,online,2025-11-04,NO
3872,42483,136812,325.18,completed,online,2025-11-04,NO
1304,49601,137969,353.11,completed,online,2025-11-04,NO
4692,45967,138028,1593.07,failed,online,2025-11-04,NO
1394,37215,138637,249.52,failed,online,2025-11-04,NO
1681,8638,140116,1919.31,failed,online,2025-11-04,NO
3041,36443,140135,530.87,completed,online,2025-11-04,NO
4591,5288,141951,1580.64,completed,online,2025-11-04,NO
1,17279,146472,1816.31,completed,online,2025-11-04,NO
2342,24571,6206,239.57,failed,online,2025-11-08,NO
4659,31988,7958,1072.91,completed,online,2025-11-08,NO
1,9808,11140,1247.47,completed,online,2025-11-08,NO
927,29247,11546,535.12,completed,online,2025-11-08,NO
1489,35577,13338,1383.9,completed,online,2025-11-08,NO
1316,46860,13602,1213.6,completed,online,2025-11-08,NO
3502,23454,18016,941.39,completed,online,2025-11-08,NO
3971,37963,20641,1880.08,failed,online,2025-11-08,NO
3341,21013,21169,1108.64,completed,online,2025-11-08,NO
4767,13153,22291,1698.23,completed,online,2025-11-08,NO
1,5278,23195,1530.34,completed,online,2025-11-08,NO
4499,46633,25433,1812.92,completed,online,2025-11-08,NO
1,45565,27045,426.75,completed,online,2025-11-08,NO
1,10856,28861,1851.51,completed,online,2025-11-08,NO
740,32514,28959,1118.91,completed,online,2025-11-08,NO
2004,22881,29409,1165.61,completed,online,2025-11-08,NO
4472,6897,31507,1554.49,completed,online,2025-11-08,NO
4485,12117,34524,443.57,completed,online,2025-11-08,NO
4613,42681,34684,1938.12,completed,online,2025-11-08,NO
141,13058,37039,126.52,failed,online,2025-11-08,NO
3504,48453,39563,1589.26,failed,online,2025-11-08,NO
629,21111,40757,1287.29,completed,online,2025-11-08,NO
1,1415,41611,1024.87,completed,online,2025-11-08,NO
1904,30955,43407,1845.16,failed,online,2025-11-08,NO
1,1428,48820,1096.55,completed,online,2025-11-08,NO
706,41996,49931,173.28,completed,online,2025-11-08,NO
2874,38197,55323,1184.38,completed,online,2025-11-08,NO
3801,1501,58178,145.18,completed,online,2025-11-08,NO
1044,29019,58697,1920.68,failed,online,2025-11-08,NO
1,21532,70034,1582.18,completed,online,2025-11-08,NO
1,13658,71810,1178.9,completed,online,2025-11-08,NO
3579,37131,74817,552.25,failed,online,2025-11-08,NO
2675,29669,78112,1546.63,failed,online,2025-11-08,NO
1558,7043,78873,1085.77,failed,online,2025-11-08,NO
3400,47642,79330,1470.15,completed,online,2025-11-08,NO
1430,15951,79391,783.33,completed,online,2025-11-08,NO
1,29385,79513,208.41,completed,online,2025-11-08,NO
892,18056,84427,1185.51,failed,online,2025-11-08,NO
1,4935,85725,169.61,completed,online,2025-11-08,NO
337,7835,86346,96.82,completed,online,2025-11-08,NO
1457,39015,88857,1584.54,failed,online,2025-11-08,NO
507,4993,89482,1431.07,failed,online,2025-11-08,NO
147,41714,90195,189.73,failed,online,2025-11-08,NO
737,43487,92074,1630.95,failed,UNKNOWN,2025-11-08,NO
1,12921,93135,1246.28,failed,online,2025-11-08,NO
108,15694,93162,7777.945985231561,completed,online,2025-11-08,NO
795,7600,95104,1304.88,completed,online,2025-11-08,NO
2665,40898,95414,1678.56,completed,online,2025-11-08,NO
2582,12159,96957,1832.33,completed,online,2025-11-08,NO
3784,3951,98119,338.73,failed,online,2025-11-08,NO
616,38173,108984,421.98,completed,UNKNOWN,2025-11-08,NO
2021,43611,109518,1458.45,completed,online,2025-11-08,NO
1,42911,111934,322.56,failed,online,2025-11-08,NO
1,43022,115287,428.59,failed,online,2025-11-08,NO
1,41750,118038,1609.94,failed,online,2025-11-08,NO
4481,16144,119140,936.24,failed,online,2025-11-08,NO
3506,18755,125644,457.84,completed,online,2025-11-08,NO
1,534,126323,590.07,failed,online,2025-11-08,NO
957,37184,126971,332.22,completed,online,2025-11-08,NO
3752,46011,128296,525.56,completed,online,2025-11-08,NO
3059,15171,129861,1976.14,completed,online,2025-11-08,NO
4127,4941,138233,91.89,completed,UNKNOWN,2025-11-08,NO
1100,31746,139356,193.26,completed,online,2025-11-08,NO
3868,23303,142776,774.14,failed,online,2025-11-08,NO
1,47408,144271,852.84,failed,online,2025-11-08,NO
2587,5901,145259,871.01,failed,online,2025-11-08,NO
426,13028,147702,807.68,completed,online,2025-11-08,NO
1186,46089,148333,904.45,completed,online,2025-11-08,NO
4585,37463,1551,446.69,completed,online,2025-05-06,NO
563,42263,1626,1169.08,failed,online,2025-05-06,NO
2621,32924,2296,612.64,failed,online,2025-05-06,NO
1798,48594,4570,1819.55,completed,online,2025-05-06,NO
1,44257,7408,1755.79,completed,online,2025-05-06,NO
731,22306,9309,406.04,completed,online,2025-05-06,NO
2229,4209,10550,205.06,failed,online,2025-05-06,NO
1,21831,11134,1133.13,failed,online,2025-05-06,NO
3057,8012,13711,599.85,completed,online,2025-05-06,NO
3573,13500,18265,1687.07,failed,online,2025-05-06,NO
1,23365,20358,1304.93,completed,online,2025-05-06,NO
404,38288,23188,1834.76,completed,online,2025-05-06,NO
3487,26612,26305,1083.15,failed,online,2025-05-06,NO
1,47481,27740,1505.46,completed,online,2025-05-06,NO
4623,14981,28232,16.57,failed,online,2025-05-06,NO
4292,16831,29262,1237.31,failed,online,2025-05-06,NO
4034,1499,36824,1942.17,completed,online,2025-05-06,NO
510,21655,37688,1954.99,failed,online,2025-05-06,NO
942,31497,38185,833.79,completed,online,2025-05-06,NO
2847,21103,39021,163.73,completed,online,2025-05-06,NO
418,31622,43999,909.16,completed,online,2025-05-06,NO
4264,33998,47368,1568.08,completed,online,2025-05-06,NO
1132,32949,50197,1656.88,failed,online,2025-05-06,NO
1,447,54365,905.05,completed,online,2025-05-06,NO
1,45431,55901,646.0,failed,online,2025-05-06,NO
753,42320,59707,1437.64,completed,online,2025-05-06,NO
4368,11614,65906,150.88,completed,online,2025-05-06,NO
56,48223,66092,1956.25,completed,online,2025-05-06,NO
1317,15474,68411,812.27,completed,online,2025-05-06,NO
1539,15953,69469,1697.02,completed,online,2025-05-06,NO
823,29352,71843,1192.61,failed,online,2025-05-06,NO
4251,17736,73542,656.76,completed,online,2025-05-06,NO
2208,35772,78862,1283.28,failed,online,2025-05-06,NO
1,32435,80603,491.37,failed,online,2025-05-06,NO
239,15697,85865,1245.93,failed,online,2025-05-06,NO
4442,10148,94471,1095.86,failed,online,2025-05-06,NO
1518,15595,96755,221.64,completed,online,2025-05-06,NO
4940,29089,97108,1151.79,completed,online,2025-05-06,NO
2938,29492,98992,258.15,completed,online,2025-05-06,NO
4570,30650,99107,542.52,failed,online,2025-05-06,NO
866,37435,101730,1151.75,failed,online,2025-05-06,NO
2255,29076,102757,1693.5,completed,online,2025-05-06,NO
4570,39762,104337,1218.41,completed,online,2025-05-06,NO
2891,39366,105270,1443.67,completed,online,2025-05-06,NO
2413,25162,110610,891.18,completed,online,2025-05-06,NO
1396,31755,115776,510.09,failed,online,2025-05-06,NO
1194,37382,116147,1569.97,completed,online,2025-05-06,NO
4790,22111,117231,1912.86,completed,online,2025-05-06,NO
1,15341,118217,275.36,completed,online,2025-05-06,NO
2056,25639,120028,875.85,completed,online,2025-05-06,NO
3865,38069,121301,1477.1,failed,online,2025-05-06,NO
4014,19594,123992,1524.17,completed,online,2025-05-06,NO
1291,24768,124454,1427.27,completed,online,2025-05-06,NO
1,27072,126530,977.11,completed,online,2025-05-06,NO
1821,11972,128047,237.21,failed,online,2025-05-06,NO
1,6750,128277,19.81,completed,online,2025-05-06,NO
2074,33405,129986,318.5,completed,online,2025-05-06,NO
3898,3302,130367,1115.78,failed,online,2025-05-06,NO
1499,44624,130620,1219.04,completed,online,2025-05-06,NO
1,38647,133491,1089.18,completed,online,2025-05-06,NO
1,27198,134287,364.86,completed,online,2025-05-06,NO
1704,18636,135318,635.92,failed,online,2025-05-06,NO
1519,13990,136192,218.55,failed,online,2025-05-06,NO
2526,18188,139922,1377.48,failed,online,2025-05-06,NO
2862,41009,142244,582.95,completed,online,2025-05-06,NO
898,12056,146067,747.69,completed,online,2025-05-06,NO
2370,18519,146160,74.77,failed,online,2025-05-06,NO
1,31486,149882,1496.01,failed,online,2025-05-06,NO
513,15852,1995,1067.64,completed,online,2025-05-05,NO
1,26410,4792,1262.71,failed,online,2025-05-05,NO
3807,8790,6576,861.28,failed,UNKNOWN,2025-05-05,NO
1994,26975,8060,503.94,completed,online,2025-05-05,NO
215,38384,13796,1074.25,completed,online,2025-05-05,NO
3933,31745,15706,411.33,completed,online,2025-05-05,NO
1,36858,15788,1194.82,completed,online,2025-05-05,NO
3006,47140,17797,854.8,completed,online,2025-05-05,NO
3768,22670,19629,1543.27,completed,online,2025-05-05,NO
3411,45179,20851,1608.11,completed,online,2025-05-05,NO
1039,14670,22505,611.85,failed,online,2025-05-05,NO
1,431,25819,200.19,failed,online,2025-05-05,NO
3825,43069,28251,605.64,completed,online,2025-05-05,NO
4321,7177,31128,1279.59,completed,online,2025-05-05,NO
1,36942,35602,71.66,completed,online,2025-05-05,NO
847,44041,42698,1996.47,failed,online,2025-05-05,NO
3894,13654,45584,1313.73,completed,online,2025-05-05,NO
1104,11140,46411,1611.87,completed,online,2025-05-05,NO
2823,7701,47558,551.98,failed,online,2025-05-05,NO
625,18111,48043,787.34,completed,online,2025-05-05,NO
1158,8505,49192,1683.73,completed,online,2025-05-05,NO
2094,3595,51305,276.84,failed,online,2025-05-05,NO
35,41194,53579,333.23,failed,online,2025-05-05,NO
2857,21200,53804,368.2,completed,online,2025-05-05,NO
1,21407,56332,1864.98,failed,online,2025-05-05,NO
1052,16368,58326,1734.28,completed,online,2025-05-05,NO
334,48365,59909,197.82,completed,online,2025-05-05,NO
2738,6932,61669,94.54,completed,online,2025-05-05,NO
1,12624,62007,1954.28,completed,online,2025-05-05,NO
1894,34199,64130,1522.07,failed,online,2025-05-05,NO
1,11133,65394,481.78,failed,online,2025-05-05,NO
2867,37659,65681,1192.87,failed,online,2025-05-05,NO
3111,17835,70157,477.33,failed,online,2025-05-05,NO
2940,16399,70671,925.2,failed,online,2025-05-05,NO
1988,47431,75480,739.38,failed,online,2025-05-05,NO
2470,43227,78279,837.49,failed,online,2025-05-05,NO
698,38649,78498,401.42,completed,online,2025-05-05,NO
1412,8765,83905,794.13,failed,online,2025-05-05,NO
1,17563,86633,20.57,completed,online,2025-05-05,NO
1088,18688,89025,884.98,failed,UNKNOWN,2025-05-05,NO
4460,47991,89747,9940.096421198898,completed,online,2025-05-05,NO
2421,2443,91342,1527.76,failed,online,2025-05-05,NO
4673,49976,91751,991.75,failed,online,2025-05-05,NO
1,40799,94981,1332.17,completed,online,2025-05-05,NO
1,4582,95986,136.82,failed,online,2025-05-05,NO
4619,34238,100582,1168.63,failed,online,2025-05-05,NO
1,19264,100981,1076.43,completed,online,2025-05-05,NO
586,33219,102097,1779.58,failed,online,2025-05-05,NO
1,22318,104549,698.9,completed,online,2025-05-05,NO
131,4496,107635,1008.85,failed,online,2025-05-05,NO
796,6180,108058,818.3,completed,online,2025-05-05,NO
4676,36422,108184,354.67,completed,online,2025-05-05,NO
1,23948,113823,1837.85,failed,online,2025-05-05,NO
1104,35387,114402,882.93,failed,online,2025-05-05,NO
4827,6189,117542,371.73,failed,online,2025-05-05,NO
4841,46513,119057,1668.48,failed,online,2025-05-05,NO
3963,47228,119295,33.33,failed,online,2025-05-05,NO
4273,32788,122373,131.45,completed,online,2025-05-05,NO
1,28993,123120,579.62,completed,online,2025-05-05,NO
3354,14091,124628,258.45,failed,online,2025-05-05,NO
1,39249,125612,510.59,completed,online,2025-05-05,NO
418,22863,129636,1582.58,completed,online,2025-05-05,NO
1055,46191,129978,932.33,failed,online,2025-05-05,NO
267,45525,131005,99.79,completed,online,2025-05-05,NO
154,3054,134517,392.89,completed,online,2025-05-05,NO
405,30696,139871,770.32,completed,online,2025-05-05,NO
634,3891,140140,254.39,failed,online,2025-05-05,NO
1,23443,142385,1366.5,completed,online,2025-05-05,NO
2861,3128,149004,1697.3,failed,online,2025-05-05,NO
1,19572,4541,57.49,completed,online,2025-11-24,NO
4155,15139,6192,1956.54,failed,online,2025-11-24,NO
4209,9999,7457,1054.53,failed,online,2025-11-24,NO
1,48685,8710,1329.74,completed,online,2025-11-24,NO
3730,46109,9509,1044.21,completed,online,2025-11-24,NO
1095,2618,10548,1508.48,failed,online,2025-11-24,NO
4151,37752,11434,1024.84,completed,online,2025-11-24,NO
624,41443,12204,1317.7,completed,online,2025-11-24,NO
1,20112,12372,817.3,completed,online,2025-11-24,NO
525,10364,13434,990.24,failed,online,2025-11-24,NO
1,24583,13771,490.15,completed,online,2025-11-24,NO
1,23845,14258,156.45,failed,online,2025-11-24,NO
4624,39897,14691,1356.32,failed,online,2025-11-24,NO
4393,6042,15225,295.49,completed,online,2025-11-24,NO
2298,30068,16453,1773.92,completed,online,2025-11-24,NO
3900,14818,20039,265.54,completed,online,2025-11-24,NO
1,26502,24002,1619.96,failed,online,2025-11-24,NO
4557,30544,26366,1286.75,completed,online,2025-11-24,NO
305,34095,27833,9904.88100240541,failed,online,2025-11-24,NO
1865,48359,30163,743.5,completed,online,2025-11-24,NO
2538,37057,33938,40.12,completed,online,2025-11-24,NO
3435,49960,37574,1389.99,failed,online,2025-11-24,NO
1,15925,43781,19.98,completed,online,2025-11-24,NO
1,18551,45426,279.44,failed,online,2025-11-24,NO
1,357,46631,1889.99,completed,online,2025-11-24,NO
812,33116,47030,1854.68,completed,online,2025-11-24,NO
3335,26653,47383,371.29,failed,online,2025-11-24,NO
242,22185,47628,267.5,completed,online,2025-11-24,NO
1066,18594,53947,1600.22,completed,online,2025-11-24,NO
3717,24167,56984,1078.76,failed,online,2025-11-24,NO
685,3196,57112,718.8,failed,online,2025-11-24,NO
401,16615,58162,874.04,completed,online,2025-11-24,NO
3951,34166,58723,1955.57,completed,online,2025-11-24,NO
650,5363,60684,1633.5,failed,online,2025-11-24,NO
1,38186,63560,628.04,failed,online,2025-11-24,NO
2395,45890,67072,1485.69,failed,online,2025-11-24,NO
2112,27337,67302,777.32,completed,online,2025-11-24,NO
4294,24628,67614,843.37,completed,online,2025-11-24,NO
1715,4088,68385,1479.42,failed,online,2025-11-24,NO
242,19196,70801,1199.22,completed,online,2025-11-24,NO
4015,6975,71825,400.51,failed,online,2025-11-24,NO
2374,1485,76067,407.58,completed,online,2025-11-24,NO
2351,23796,81067,1345.83,completed,online,2025-11-24,NO
2569,2772,81851,74.16,completed,online,2025-11-24,NO
355,26014,86617,1859.47,completed,online,2025-11-24,NO
870,47150,97269,566.46,failed,online,2025-11-24,NO
1,6143,97473,30.26,failed,online,2025-11-24,NO
3373,34959,99522,317.4,completed,online,2025-11-24,NO
3085,35588,101181,1110.02,completed,online,2025-11-24,NO
1640,15989,103412,1336.84,completed,online,2025-11-24,NO
3393,33871,105585,1472.95,failed,online,2025-11-24,NO
4693,2470,106295,467.31,failed,online,2025-11-24,NO
65,5567,108865,1443.76,failed,online,2025-11-24,NO
1525,16873,111717,1396.7,completed,online,2025-11-24,NO
1,33610,113991,647.19,failed,online,2025-11-24,NO
407,6287,117281,1394.03,failed,online,2025-11-24,NO
4735,19106,122530,1966.03,failed,online,2025-11-24,NO
4274,34395,123194,1430.1,failed,online,2025-11-24,NO
3268,48924,124170,1791.17,failed,online,2025-11-24,NO
2617,3512,126301,508.16,completed,online,2025-11-24,NO
1792,29104,128123,1637.6,failed,online,2025-11-24,NO
1,39411,135102,679.64,failed,online,2025-11-24,NO
4255,39960,135731,412.15,failed,online,2025-11-24,NO
1,14867,136372,1790.87,failed,online,2025-11-24,NO
1,19422,140288,1194.89,failed,online,2025-11-24,NO
4824,26297,141646,1391.22,failed,online,2025-11-24,NO
3650,33584,145494,1423.91,completed,online,2025-11-24,NO
4692,44944,146170,843.95,failed,online,2025-11-24,NO
286,36231,146585,1567.98,completed,online,2025-11-24,NO
2946,29832,7816,834.22,failed,online,2025-11-23,NO
2890,20527,10822,9085.842971238853,failed,online,2025-11-23,NO
4400,39122,10917,293.52,failed,online,2025-11-23,NO
3412,43483,11523,705.6,failed,online,2025-11-23,NO
1515,6604,11548,1504.26,completed,online,2025-11-23,NO
4537,16510,12479,807.96,completed,online,2025-11-23,NO
2179,42062,14928,473.65,failed,online,2025-11-23,NO
1670,47908,16957,162.42,failed,online,2025-11-23,NO
1,38948,18329,1429.44,failed,online,2025-11-23,NO
1,7417,23429,868.63,completed,online,2025-11-23,NO
3439,43097,23659,1617.48,failed,online,2025-11-23,NO
1,22985,27876,637.33,completed,online,2025-11-23,NO
3159,94,29665,1620.78,failed,online,2025-11-23,NO
1,36658,31702,1965.12,completed,online,2025-11-23,NO
1454,49625,32390,1428.58,completed,online,2025-11-23,NO
1945,35308,32597,1005.17,failed,online,2025-11-23,NO
1045,41640,36138,199.37,failed,online,2025-11-23,NO
3174,36534,36637,1667.07,failed,online,2025-11-23,NO
4703,34438,37319,402.14,completed,online,2025-11-23,NO
2922,33654,37876,1205.36,failed,online,2025-11-23,NO
1638,14455,43520,1119.25,failed,online,2025-11-23,NO
3092,9332,44608,1750.57,completed,online,2025-11-23,NO
4255,11386,47984,1527.57,failed,online,2025-11-23,NO
4191,31044,52450,1957.56,completed,online,2025-11-23,NO
3774,15581,56526,588.09,failed,online,2025-11-23,NO
2669,7230,57172,226.62,failed,online,2025-11-23,NO
531,30319,60166,1256.57,completed,online,2025-11-23,NO
3499,40444,63517,599.04,failed,online,2025-11-23,NO
658,13391,65679,1174.14,completed,online,2025-11-23,NO
1,21675,65977,1180.24,completed,online,2025-11-23,NO
13,6058,66245,722.49,completed,online,2025-11-23,NO
2382,49098,69425,1711.73,completed,online,2025-11-23,NO
2332,1756,70022,1442.94,completed,online,2025-11-23,NO
2782,47835,71539,1176.99,completed,online,2025-11-23,NO
4405,47943,72092,96.36,failed,online,2025-11-23,NO
4509,28203,75477,1735.66,completed,online,2025-11-23,NO
2346,8318,79884,159.28,completed,online,2025-11-23,NO
4593,21395,79896,1895.14,failed,online,2025-11-23,NO
475,35842,85853,579.69,failed,online,2025-11-23,NO
3749,10880,87768,837.03,failed,online,2025-11-23,NO
3865,7388,93607,795.16,failed,online,2025-11-23,NO
2581,34211,94228,258.59,completed,online,2025-11-23,NO
1024,29930,95336,386.83,failed,online,2025-11-23,NO
3957,45702,95648,1509.47,failed,online,2025-11-23,NO
2252,802,95800,1555.29,completed,online,2025-11-23,NO
196,20679,97122,1950.56,completed,online,2025-11-23,NO
1928,18249,98741,1303.02,failed,online,2025-11-23,NO
1430,9272,100259,214.2,completed,online,2025-11-23,NO
1769,16109,101279,1071.94,failed,online,2025-11-23,NO
1,2230,102313,1815.1,completed,online,2025-11-23,NO
2931,12501,105865,1655.59,failed,online,2025-11-23,NO
146,33973,109636,466.99,completed,online,2025-11-23,NO
3712,12000,109908,1028.19,failed,online,2025-11-23,NO
624,20968,113212,1708.14,completed,online,2025-11-23,NO
865,40653,113256,1160.15,failed,online,2025-11-23,NO
1668,26097,114861,1459.93,failed,online,2025-11-23,NO
4657,41212,115360,900.08,completed,online,2025-11-23,NO
2494,1106,116127,279.6,failed,online,2025-11-23,NO
3999,13036,122125,244.12,completed,online,2025-11-23,NO
2759,35793,125288,315.3,completed,online,2025-11-23,NO
2083,21452,128485,1498.22,completed,online,2025-11-23,NO
4374,16743,132472,1465.12,completed,online,2025-11-23,NO
1895,44756,140720,1493.77,completed,online,2025-11-23,NO
2867,6463,142580,656.1,failed,online,2025-11-23,NO
1,45902,143081,275.76,completed,online,2025-11-23,NO
1,13407,143641,1602.08,completed,online,2025-11-23,NO
1783,45144,145090,293.57,failed,online,2025-11-23,NO
1137,13585,146980,697.89,completed,online,2025-11-23,NO
1,36158,5921,1574.77,failed,UNKNOWN,2025-05-02,NO
3004,24286,9830,1433.11,completed,online,2025-05-02,NO
2473,3849,14569,1181.35,failed,online,2025-05-02,NO
2086,45186,20202,880.08,completed,online,2025-05-02,NO
1936,42817,22523,1867.0,failed,online,2025-05-02,NO
1710,16383,25202,1299.6,failed,online,2025-05-02,NO
1932,26681,29410,803.45,failed,online,2025-05-02,NO
1255,41536,29486,1965.46,completed,online,2025-05-02,NO
1,2189,30262,418.38,failed,online,2025-05-02,NO
2486,19786,30556,397.44,completed,online,2025-05-02,NO
1,18345,30910,635.81,failed,online,2025-05-02,NO
74,24591,31803,161.0,failed,online,2025-05-02,NO
951,26269,32472,736.94,completed,online,2025-05-02,NO
2314,13823,32675,1632.14,failed,online,2025-05-02,NO
1,26166,33464,109.7,completed,online,2025-05-02,NO
2613,41279,34814,436.05,failed,online,2025-05-02,NO
111,31764,40523,1733.96,failed,online,2025-05-02,NO
1189,9772,41719,647.08,failed,online,2025-05-02,NO
579,36773,48431,1757.72,completed,online,2025-05-02,NO
4632,46123,48681,353.08,completed,online,2025-05-02,NO
1302,40977,48790,87.34,completed,online,2025-05-02,NO
4671,29290,48973,1383.0,completed,online,2025-05-02,NO
1386,30027,50164,1748.46,failed,online,2025-05-02,NO
3120,14928,50398,1141.73,failed,online,2025-05-02,NO
1962,7623,51081,464.7,completed,online,2025-05-02,NO
1,32327,54247,1613.55,failed,online,2025-05-02,NO
1774,32206,55348,1127.29,completed,online,2025-05-02,NO
1,1557,55894,156.99,completed,online,2025-05-02,NO
1802,8596,61137,1207.33,failed,UNKNOWN,2025-05-02,NO
4515,3763,62278,1349.83,failed,online,2025-05-02,NO
3280,32287,62797,1100.75,completed,online,2025-05-02,NO
294,12899,64360,1025.25,failed,online,2025-05-02,NO
3303,27093,71315,801.75,failed,online,2025-05-02,NO
2237,38945,73218,1531.9,failed,online,2025-05-02,NO
3243,25270,73622,907.82,failed,online,2025-05-02,NO
1749,21873,74400,1711.38,completed,online,2025-05-02,NO
3572,22537,75036,109.74,failed,online,2025-05-02,NO
3310,3240,75351,836.53,completed,online,2025-05-02,NO
3291,6735,76821,286.38,completed,online,2025-05-02,NO
2342,14609,79510,656.89,failed,UNKNOWN,2025-05-02,NO
4290,44890,82723,1624.43,failed,online,2025-05-02,NO
1193,34634,84721,655.24,completed,online,2025-05-02,NO
1,48423,84806,1879.69,completed,online,2025-05-02,NO
1,27878,85645,1223.84,completed,online,2025-05-02,NO
824,46899,87076,655.84,failed,online,2025-05-02,NO
1,42779,87481,1828.18,failed,online,2025-05-02,NO
4249,15590,88050,717.67,failed,online,2025-05-02,NO
1965,19652,89548,862.04,failed,online,2025-05-02,NO
1651,6956,91104,449.61,completed,online,2025-05-02,NO
533,8223,95306,374.22,completed,online,2025-05-02,NO
4609,17667,96674,1654.36,completed,online,2025-05-02,NO
701,1389,97173,1411.1,failed,online,2025-05-02,NO
1182,16202,107527,266.95,completed,online,2025-05-02,NO
1,25382,108212,1514.89,failed,online,2025-05-02,NO
623,8670,109986,1471.82,failed,online,2025-05-02,NO
4953,17723,111862,1715.67,failed,online,2025-05-02,NO
1,12232,121326,997.98,failed,online,2025-05-02,NO
1,30419,124369,1822.74,failed,online,2025-05-02,NO
1,32676,124448,1007.1,completed,online,2025-05-02,NO
3564,1228,124863,1911.96,failed,UNKNOWN,2025-05-02,NO
2512,15419,126990,1261.44,failed,online,2025-05-02,NO
306,35398,127798,793.87,completed,online,2025-05-02,NO
1854,21091,136387,1540.65,completed,online,2025-05-02,NO
4650,8752,137780,252.16,completed,online,2025-05-02,NO
4709,20688,139543,578.16,failed,online,2025-05-02,NO
2347,20832,140570,1729.39,completed,online,2025-05-02,NO
1,13577,141026,543.78,completed,online,2025-05-02,NO
2263,44931,146201,278.19,completed,online,2025-05-02,NO
3954,47024,146716,105.74,completed,online,2025-05-02,NO
1380,20881,5894,1118.77,completed,online,2025-02-05,NO
3196,26236,6807,156.77,completed,online,2025-02-05,NO
1503,13081,7067,601.17,completed,online,2025-02-05,NO
1,8845,9684,322.99,failed,online,2025-02-05,NO
2052,45464,11079,446.35,completed,online,2025-02-05,NO
758,22691,13352,1802.57,failed,online,2025-02-05,NO
1664,39483,13741,769.2,failed,online,2025-02-05,NO
1,19065,14184,1256.43,failed,online,2025-02-05,NO
1,24073,14899,1975.35,failed,online,2025-02-05,NO
4828,3611,17734,1502.33,completed,online,2025-02-05,NO
1075,28962,19514,602.48,failed,online,2025-02-05,NO
1518,24989,19896,198.34,completed,online,2025-02-05,NO
4615,32128,20214,598.07,completed,online,2025-02-05,NO
969,21988,26105,1413.01,failed,online,2025-02-05,NO
3121,6278,27761,574.27,completed,online,2025-02-05,NO
1,44339,28600,1007.58,failed,online,2025-02-05,NO
4080,21875,33608,757.84,completed,online,2025-02-05,NO
2558,43134,35561,1718.31,completed,online,2025-02-05,NO
1,47006,39874,174.9,failed,online,2025-02-05,NO
2193,43209,40247,1751.3,failed,online,2025-02-05,NO
1430,32261,42264,1108.23,failed,online,2025-02-05,NO
2458,36663,45660,1183.87,completed,online,2025-02-05,NO
845,45357,49499,482.34,completed,online,2025-02-05,NO
1,10803,50295,1168.59,failed,online,2025-02-05,NO
357,15771,53144,333.16,failed,online,2025-02-05,NO
1418,47599,53238,490.39,failed,online,2025-02-05,NO
3519,38540,55942,592.68,completed,online,2025-02-05,NO
2786,16802,60481,1082.43,failed,online,2025-02-05,NO
2486,31878,60899,516.88,completed,online,2025-02-05,NO
445,9191,62235,91.6,completed,online,2025-02-05,NO
1,39664,62798,544.44,failed,online,2025-02-05,NO
2890,29632,64210,744.7,failed,online,2025-02-05,NO
4393,44826,64556,1899.37,failed,online,2025-02-05,NO
1,24515,65007,186.57,completed,online,2025-02-05,NO
3129,32134,68483,1589.08,failed,online,2025-02-05,NO
4517,16433,71341,1450.66,completed,online,2025-02-05,NO
3284,13870,71898,281.83,completed,online,2025-02-05,NO
1421,40145,73826,1690.8,completed,online,2025-02-05,NO
4400,21390,75537,924.18,completed,online,2025-02-05,NO
569,4905,78545,842.22,completed,online,2025-02-05,NO
1059,806,82810,1520.77,completed,online,2025-02-05,NO
2082,7470,83888,1734.34,failed,online,2025-02-05,NO
1,46073,87173,651.28,failed,online,2025-02-05,NO
4271,17590,90621,1442.98,completed,online,2025-02-05,NO
3725,31104,93047,1019.3,failed,online,2025-02-05,NO
4493,49862,94508,919.98,completed,online,2025-02-05,NO
2065,28104,95014,702.6,completed,online,2025-02-05,NO
2796,12860,95119,590.5,completed,UNKNOWN,2025-02-05,NO
3088,38559,97745,1295.56,completed,online,2025-02-05,NO
4801,16977,98487,9353.159690151042,failed,online,2025-02-05,NO
1015,32304,98533,443.95,failed,online,2025-02-05,NO
2771,32847,98886,259.58,failed,online,2025-02-05,NO
1872,5148,99262,1354.4,failed,online,2025-02-05,NO
3258,4794,101897,137.98,failed,online,2025-02-05,NO
3510,17222,104548,497.04,completed,online,2025-02-05,NO
3733,45863,104927,413.03,completed,online,2025-02-05,NO
2339,45917,108680,1071.21,failed,online,2025-02-05,NO
180,34470,109974,691.67,completed,online,2025-02-05,NO
3310,34719,115048,571.11,completed,online,2025-02-05,NO
2815,42591,115566,829.9,failed,online,2025-02-05,NO
4224,33043,124252,961.62,failed,online,2025-02-05,NO
2816,26469,133378,5286.3170980691075,failed,online,2025-02-05,NO
538,3277,135283,169.54,completed,online,2025-02-05,NO
577,8300,135339,1502.45,completed,online,2025-02-05,NO
3251,37793,138608,1168.62,failed,online,2025-02-05,NO
3339,10722,140353,111.23,completed,online,2025-02-05,NO
3578,44495,147130,1771.69,completed,online,2025-02-05,NO
3335,20756,148091,1435.87,completed,online,2025-02-05,NO
4605,23645,457,1327.47,failed,online,2025-05-22,NO
4987,46043,3014,1501.26,failed,online,2025-05-22,NO
1476,21917,7626,725.13,completed,UNKNOWN,2025-05-22,NO
3260,28572,9521,1739.31,completed,online,2025-05-22,NO
4957,24781,12417,814.93,failed,online,2025-05-22,NO
2892,21138,20536,1732.21,failed,online,2025-05-22,NO
436,15793,21127,1741.2,failed,online,2025-05-22,NO
1,43011,24180,1312.76,completed,online,2025-05-22,NO
2829,30946,32221,1395.85,failed,online,2025-05-22,NO
3024,49989,41331,650.1,completed,UNKNOWN,2025-05-22,NO
2364,42243,44382,696.28,completed,online,2025-05-22,NO
1300,18483,49400,1533.1,failed,online,2025-05-22,NO
1001,20259,50112,1735.61,completed,online,2025-05-22,NO
3137,38503,51395,453.27,completed,online,2025-05-22,NO
4833,23747,51538,1154.73,completed,online,2025-05-22,NO
4128,46571,55694,29.0,completed,online,2025-05-22,NO
1091,9787,56310,1293.35,completed,online,2025-05-22,NO
1,31624,56383,1352.56,completed,online,2025-05-22,NO
3945,22934,57983,775.16,completed,online,2025-05-22,NO
1,36262,58226,644.07,failed,online,2025-05-22,NO
4805,8589,61702,1566.42,completed,online,2025-05-22,NO
268,35551,61732,797.84,failed,online,2025-05-22,NO
1,1431,62716,760.03,failed,online,2025-05-22,NO
1,8631,64482,1224.51,failed,online,2025-05-22,NO
2913,19109,64670,7892.656356410759,failed,online,2025-05-22,NO
1637,45683,65724,1374.75,completed,online,2025-05-22,NO
2832,37747,66002,420.31,completed,online,2025-05-22,NO
4940,46532,72858,934.58,completed,online,2025-05-22,NO
4276,41692,75180,739.85,completed,online,2025-05-22,NO
921,46850,80573,836.33,completed,online,2025-05-22,NO
4639,37103,84159,1545.93,failed,online,2025-05-22,NO
1221,14458,84455,1219.65,failed,online,2025-05-22,NO
4758,3995,84719,1016.41,completed,online,2025-05-22,NO
865,12564,87406,1437.41,failed,online,2025-05-22,NO
715,29408,90310,1608.55,failed,online,2025-05-22,NO
2797,6559,91672,1943.97,completed,online,2025-05-22,NO
1,13433,93559,1474.03,completed,online,2025-05-22,NO
3449,30031,95323,1107.66,failed,online,2025-05-22,NO
3445,18717,99969,218.19,failed,UNKNOWN,2025-05-22,NO
3964,14885,100175,411.73,completed,online,2025-05-22,NO
1,23799,101345,1807.99,completed,UNKNOWN,2025-05-22,NO
4913,8864,105097,277.81,failed,online,2025-05-22,NO
4198,47328,105321,933.8,failed,online,2025-05-22,NO
3629,26962,108465,367.88,failed,online,2025-05-22,NO
1,31356,109065,582.43,failed,online,2025-05-22,NO
1,11,110636,1255.87,failed,online,2025-05-22,NO
4385,34082,111623,23.61,completed,online,2025-05-22,NO
3539,11489,113239,143.31,completed,online,2025-05-22,NO
3939,45479,115026,1863.27,failed,online,2025-05-22,NO
2254,22509,116668,597.58,failed,online,2025-05-22,NO
1533,39670,118797,537.51,completed,online,2025-05-22,NO
4254,9681,118934,1338.41,failed,online,2025-05-22,NO
3598,25255,122390,579.5,completed,online,2025-05-22,NO
1705,20507,123494,1966.37,failed,online,2025-05-22,NO
303,38487,123613,84.33,completed,online,2025-05-22,NO
2023,45241,123629,1282.99,completed,online,2025-05-22,NO
1994,12089,127156,930.76,failed,online,2025-05-22,NO
1,8376,129891,993.85,failed,online,2025-05-22,NO
1,9036,132347,282.37,failed,online,2025-05-22,NO
4300,45639,132901,1184.02,completed,online,2025-05-22,NO
3392,8907,134789,1665.21,completed,online,2025-05-22,NO
1,47166,135351,1085.2,completed,online,2025-05-22,NO
1,42191,138523,1589.94,completed,online,2025-05-22,NO
1009,38485,142001,843.34,completed,online,2025-05-22,NO
3564,8520,142882,1081.32,completed,online,2025-05-22,NO
3773,24683,147825,110.75,completed,online,2025-05-22,NO
2489,23379,148473,1598.21,failed,online,2025-05-22,NO
1,33650,149707,1314.21,failed,online,2025-05-22,NO
1200,38803,3614,637.34,failed,online,2025-08-13,NO
259,22071,3641,427.91,failed,online,2025-08-13,NO
2401,12998,7049,1999.96,failed,online,2025-08-13,NO
1,36860,7851,1774.88,failed,online,2025-08-13,NO
2669,46442,10474,1746.63,failed,online,2025-08-13,NO
1971,9895,12218,218.85,completed,online,2025-08-13,NO
1121,5135,14421,1234.35,completed,online,2025-08-13,NO
2603,48307,15341,330.04,completed,online,2025-08-13,NO
1418,22867,18610,1934.54,failed,online,2025-08-13,NO
454,33816,23275,544.07,completed,online,2025-08-13,NO
4368,12135,27398,564.39,completed,online,2025-08-13,NO
4478,39986,28535,1162.25,failed,online,2025-08-13,NO
1147,38805,28612,1738.32,failed,online,2025-08-13,NO
1,11857,28747,1031.49,completed,online,2025-08-13,NO
3787,31634,31843,1802.96,failed,online,2025-08-13,NO
542,46763,35362,1871.6,failed,online,2025-08-13,NO
4212,30534,40046,149.68,failed,online,2025-08-13,NO
3410,24874,44996,1265.09,failed,online,2025-08-13,NO
1908,30192,45604,1367.89,failed,online,2025-08-13,NO
1,5264,46496,1233.99,completed,online,2025-08-13,NO
3573,1292,46648,1047.65,failed,online,2025-08-13,NO
4886,42608,50682,1659.7,completed,online,2025-08-13,NO
329,22896,50917,735.69,failed,online,2025-08-13,NO
1565,44732,52401,1921.25,failed,online,2025-08-13,NO
4835,1907,53292,832.86,completed,online,2025-08-13,NO
4351,32549,55004,995.32,completed,online,2025-08-13,NO
2687,47735,57364,439.09,completed,online,2025-08-13,NO
25,21816,57789,1589.27,failed,online,2025-08-13,NO
3354,16271,59520,1590.04,completed,online,2025-08-13,NO
1,11761,59625,205.68,completed,online,2025-08-13,NO
3404,23306,63213,1067.19,failed,online,2025-08-13,NO
1374,13301,66114,1686.4,failed,online,2025-08-13,NO
1396,24892,67586,1841.31,failed,online,2025-08-13,NO
881,22817,68182,1434.99,completed,online,2025-08-13,NO
1,9689,77279,703.62,failed,online,2025-08-13,NO
3929,39824,77458,399.85,completed,online,2025-08-13,NO
2936,9417,78376,1304.12,failed,online,2025-08-13,NO
2921,16794,81473,1671.1,failed,online,2025-08-13,NO
4480,18880,84580,42.69,failed,online,2025-08-13,NO
2945,34492,87544,981.81,completed,online,2025-08-13,NO
4837,11168,88975,683.92,failed,online,2025-08-13,NO
2328,15850,91263,1293.71,completed,online,2025-08-13,NO
1,11547,95649,732.37,failed,online,2025-08-13,NO
4993,16459,95886,251.5,failed,online,2025-08-13,NO
2311,12455,96403,866.78,failed,online,2025-08-13,NO
4068,46450,102152,1489.74,completed,online,2025-08-13,NO
1272,49746,102571,457.78,completed,online,2025-08-13,NO
4731,1987,102938,1331.59,failed,online,2025-08-13,NO
3018,3509,103028,1744.69,failed,online,2025-08-13,NO
84,3641,107670,350.86,failed,online,2025-08-13,NO
1,32187,109704,1197.24,failed,online,2025-08-13,NO
1201,42905,112915,810.63,failed,online,2025-08-13,NO
52,9770,113818,842.49,failed,online,2025-08-13,NO
2967,43161,114563,1360.07,failed,online,2025-08-13,NO
4193,43840,114903,24.08,completed,online,2025-08-13,NO
804,38520,118181,1132.16,failed,online,2025-08-13,NO
1,33474,125092,1160.11,failed,online,2025-08-13,NO
2854,2677,125669,1683.35,completed,online,2025-08-13,NO
4200,4485,126151,1546.78,completed,online,2025-08-13,NO
4542,29673,126306,369.22,completed,online,2025-08-13,NO
3014,14752,126849,706.45,failed,UNKNOWN,2025-08-13,NO
379,42420,128187,880.12,failed,online,2025-08-13,NO
4471,31627,129282,1744.83,completed,online,2025-08-13,NO
1910,47100,132748,418.22,failed,online,2025-08-13,NO
3347,45276,135421,1761.62,failed,online,2025-08-13,NO
1212,14614,142431,724.36,failed,online,2025-08-13,NO
879,26294,142549,994.99,failed,online,2025-08-13,NO
1,5752,144552,1909.99,completed,online,2025-08-13,NO
3489,19301,145485,69.68,failed,online,2025-08-13,NO
2276,11735,16,979.35,completed,online,2025-04-02,NO
2326,32654,2786,508.93,completed,online,2025-04-02,NO
4235,10056,3181,448.35,failed,online,2025-04-02,NO
609,36370,4320,996.46,failed,online,2025-04-02,NO
2057,6504,5507,1859.23,completed,online,2025-04-02,NO
1,42451,5770,237.43,failed,online,2025-04-02,NO
4640,20622,9624,1584.59,failed,online,2025-04-02,NO
115,15402,9763,669.65,completed,online,2025-04-02,NO
1440,27728,13326,608.42,failed,online,2025-04-02,NO
1,7446,14246,463.04,completed,online,2025-04-02,NO
1744,20244,15338,1123.0,completed,online,2025-04-02,NO
4168,40956,20352,1903.1,failed,online,2025-04-02,NO
1026,13375,24882,782.54,failed,online,2025-04-02,NO
2929,15305,27991,684.1,completed,online,2025-04-02,NO
2854,34938,29119,457.21,failed,online,2025-04-02,NO
1,23881,29724,594.51,completed,online,2025-04-02,NO
2217,33333,29918,1978.06,completed,UNKNOWN,2025-04-02,NO
2423,37827,32204,1247.77,failed,online,2025-04-02,NO
1,16896,33014,1253.25,failed,online,2025-04-02,NO
646,34347,35185,1746.92,failed,online,2025-04-02,NO
1091,573,38633,1958.91,failed,online,2025-04-02,NO
1250,29554,42526,253.65,failed,online,2025-04-02,NO
3384,1588,42712,555.41,failed,online,2025-04-02,NO
4159,4453,45645,794.73,completed,online,2025-04-02,NO
4316,5577,48785,566.74,completed,online,2025-04-02,NO
1,7886,51768,1098.83,failed,online,2025-04-02,NO
3170,19958,52208,852.31,completed,online,2025-04-02,NO
4426,27711,53843,1979.29,failed,online,2025-04-02,NO
171,1456,56970,531.05,completed,online,2025-04-02,NO
1901,5797,57360,707.01,failed,online,2025-04-02,NO
3342,8828,63339,685.21,completed,online,2025-04-02,NO
1,16721,64576,1097.92,completed,online,2025-04-02,NO
1,19935,70546,315.13,completed,online,2025-04-02,NO
295,23156,71945,1364.53,failed,online,2025-04-02,NO
3201,11915,72728,1215.19,completed,online,2025-04-02,NO
3345,2529,84206,705.47,failed,online,2025-04-02,NO
1,48961,85037,1718.16,completed,online,2025-04-02,NO
2889,9536,89529,777.04,failed,online,2025-04-02,NO
4364,37252,98128,1275.12,completed,online,2025-04-02,NO
2515,6547,98287,1753.42,completed,online,2025-04-02,NO
1505,35033,98361,844.64,completed,online,2025-04-02,NO
1985,29411,98481,559.16,completed,online,2025-04-02,NO
711,14963,98574,1950.65,completed,online,2025-04-02,NO
384,21225,99929,493.09,failed,online,2025-04-02,NO
1488,48746,100494,974.19,completed,online,2025-04-02,NO
3903,21355,101785,1812.3,failed,online,2025-04-02,NO
3869,9233,101949,564.77,completed,online,2025-04-02,NO
3719,28041,106534,1791.4,failed,online,2025-04-02,NO
1300,6673,107355,1884.03,completed,online,2025-04-02,NO
2027,41977,112563,84.83,failed,online,2025-04-02,NO
4780,5736,114170,940.04,completed,online,2025-04-02,NO
1794,1767,115074,1639.47,completed,online,2025-04-02,NO
2111,47352,117623,1400.91,failed,online,2025-04-02,NO
4974,42937,121457,1640.9,completed,online,2025-04-02,NO
2813,33554,127491,1408.01,completed,online,2025-04-02,NO
3972,8863,128618,1258.01,failed,online,2025-04-02,NO
3129,104,130422,211.71,failed,online,2025-04-02,NO
1,3539,131454,271.07,failed,online,2025-04-02,NO
1,10320,133057,1478.08,failed,online,2025-04-02,NO
3982,32469,133622,915.09,completed,online,2025-04-02,NO
1,30336,133700,1077.47,failed,online,2025-04-02,NO
411,46760,134495,518.16,failed,online,2025-04-02,NO
3549,12705,136799,661.91,failed,online,2025-04-02,NO
178,951,139245,673.37,completed,online,2025-04-02,NO
3064,4971,139740,1330.55,failed,online,2025-04-02,NO
1328,18965,141856,1313.64,failed,online,2025-04-02,NO
1,18024,142257,939.62,failed,online,2025-04-02,NO
1,48289,142565,756.27,completed,online,2025-04-02,NO
1676,15565,147139,291.34,completed,online,2025-04-02,NO
4457,24441,587,1196.34,completed,online,2025-10-08,NO
3632,639,874,1618.87,completed,online,2025-10-08,NO
1409,6645,4481,1470.02,completed,online,2025-10-08,NO
4008,19804,12980,690.25,failed,online,2025-10-08,NO
3112,4314,14139,626.33,completed,UNKNOWN,2025-10-08,NO
1,38573,17077,600.9,failed,online,2025-10-08,NO
3649,44799,23137,776.77,completed,online,2025-10-08,NO
1460,20390,23493,813.06,completed,online,2025-10-08,NO
1341,21857,24310,1867.29,completed,online,2025-10-08,NO
2990,26450,28298,1574.69,completed,online,2025-10-08,NO
4834,20780,31900,915.94,failed,online,2025-10-08,NO
1270,21648,35669,1389.22,completed,online,2025-10-08,NO
1181,8147,37624,1862.56,failed,online,2025-10-08,NO
4969,35210,37965,1238.69,completed,online,2025-10-08,NO
3058,47283,41285,1107.35,completed,online,2025-10-08,NO
1,45480,41556,1871.32,failed,online,2025-10-08,NO
3637,41082,43948,1117.28,failed,online,2025-10-08,NO
2634,35322,45069,595.42,failed,online,2025-10-08,NO
1,10981,46159,260.91,completed,online,2025-10-08,NO
1858,48999,48555,1374.61,completed,online,2025-10-08,NO
1,25722,51390,1296.31,failed,online,2025-10-08,NO
2470,45352,53038,1110.02,completed,online,2025-10-08,NO
1,41370,54764,823.58,completed,online,2025-10-08,NO
3468,43635,57176,1457.82,completed,online,2025-10-08,NO
1063,32202,58486,300.03,completed,online,2025-10-08,NO
1665,45349,58718,651.9,failed,online,2025-10-08,NO
3130,14495,59075,41.79,completed,online,2025-10-08,NO
750,5848,60527,1481.24,completed,online,2025-10-08,NO
284,40892,61880,1097.73,failed,online,2025-10-08,NO
3032,39329,62154,1639.52,completed,online,2025-10-08,NO
2563,25139,63262,123.97,failed,online,2025-10-08,NO
431,47323,63829,466.21,failed,online,2025-10-08,NO
374,34995,67089,1158.27,failed,UNKNOWN,2025-10-08,NO
2313,41039,70073,237.71,failed,online,2025-10-08,NO
388,4946,71923,646.77,completed,online,2025-10-08,NO
1,6874,77088,1437.49,failed,UNKNOWN,2025-10-08,NO
1,22309,77530,1002.07,failed,online,2025-10-08,NO
1,44467,78079,1945.68,completed,online,2025-10-08,NO
1,19344,79117,1369.27,completed,online,2025-10-08,NO
2332,6145,82804,255.0,failed,online,2025-10-08,NO
2397,1403,84177,1657.06,completed,online,2025-10-08,NO
3618,26086,85088,1806.2,failed,online,2025-10-08,NO
1,5561,85653,1910.41,completed,online,2025-10-08,NO
889,5811,91963,1502.64,completed,online,2025-10-08,NO
731,28462,91990,799.67,completed,online,2025-10-08,NO
1,25662,93098,1009.73,completed,online,2025-10-08,NO
1,47834,95533,589.41,completed,online,2025-10-08,NO
1570,3725,96427,1788.91,completed,online,2025-10-08,NO
3029,5992,101895,194.41,completed,online,2025-10-08,NO
3188,28945,102740,1637.51,completed,online,2025-10-08,NO
1,7140,104102,265.36,completed,online,2025-10-08,NO
3916,9241,106334,1767.69,failed,online,2025-10-08,NO
163,42983,106417,597.29,failed,online,2025-10-08,NO
1584,21154,107014,824.61,completed,online,2025-10-08,NO
4680,21391,109386,1803.98,failed,online,2025-10-08,NO
452,32090,115213,1598.67,completed,online,2025-10-08,NO
416,3962,122315,165.35,completed,online,2025-10-08,NO
4931,144,123745,1004.73,completed,online,2025-10-08,NO
3980,26206,126144,1951.32,failed,online,2025-10-08,NO
632,1467,129500,999.88,failed,online,2025-10-08,NO
3726,40652,129627,1887.3,failed,online,2025-10-08,NO
1,31852,132479,168.65,completed,online,2025-10-08,NO
2533,4898,134441,890.11,failed,UNKNOWN,2025-10-08,NO
3273,20828,142912,247.65,completed,online,2025-10-08,NO
4769,7482,142930,317.23,failed,online,2025-10-08,NO
4222,13459,143778,751.42,completed,online,2025-10-08,NO
2809,30415,145766,1648.26,completed,online,2025-10-08,NO
3558,9741,147507,1605.87,completed,online,2025-10-08,NO
491,34102,1568,285.92,completed,online,2025-03-26,NO
1041,11707,2696,843.41,failed,online,2025-03-26,NO
1,18021,6180,1058.93,failed,UNKNOWN,2025-03-26,NO
4177,11780,7021,857.45,completed,UNKNOWN,2025-03-26,NO
1991,18276,7863,431.72,failed,online,2025-03-26,NO
476,45833,11157,322.62,completed,online,2025-03-26,NO
1323,28886,14323,1558.64,failed,online,2025-03-26,NO
2669,3524,14693,1495.07,failed,online,2025-03-26,NO
4272,6760,14992,1671.7,completed,online,2025-03-26,NO
3446,21817,17078,128.01,failed,online,2025-03-26,NO
3864,724,17302,1491.81,completed,online,2025-03-26,NO
3156,48814,18397,1959.28,failed,online,2025-03-26,NO
1,9963,20121,1317.37,completed,online,2025-03-26,NO
3910,39883,22705,1270.43,failed,online,2025-03-26,NO
862,3469,23657,1334.6,failed,online,2025-03-26,NO
3960,11011,27174,450.63,failed,UNKNOWN,2025-03-26,NO
2221,31635,28571,1088.02,completed,online,2025-03-26,NO
190,44022,28690,853.1,failed,online,2025-03-26,NO
3669,2778,32949,1834.18,failed,online,2025-03-26,NO
4627,43606,33984,894.49,failed,online,2025-03-26,NO
1,36399,35477,260.83,completed,online,2025-03-26,NO
1937,6008,37887,1449.46,completed,online,2025-03-26,NO
3481,44105,39767,869.24,completed,online,2025-03-26,NO
3178,24272,44085,990.43,completed,online,2025-03-26,NO
906,15406,45254,423.8,failed,online,2025-03-26,NO
2902,39523,45648,322.86,failed,online,2025-03-26,NO
1,36021,46557,1771.88,failed,online,2025-03-26,NO
1,27199,50809,1234.2,completed,online,2025-03-26,NO
2384,8274,50838,872.42,completed,online,2025-03-26,NO
430,22524,62412,389.4,failed,online,2025-03-26,NO
1,35057,64571,1088.75,failed,online,2025-03-26,NO
3824,47543,65498,1095.47,completed,online,2025-03-26,NO
3674,28521,68883,108.7,failed,online,2025-03-26,NO
1098,20609,70440,1706.55,completed,online,2025-03-26,NO
1,38836,71013,1586.57,completed,online,2025-03-26,NO
2866,12640,80540,1824.6,failed,online,2025-03-26,NO
471,42794,82103,368.57,completed,online,2025-03-26,NO
1,13432,85562,1602.11,completed,online,2025-03-26,NO
4931,3470,86877,1596.22,failed,online,2025-03-26,NO
1383,25562,87182,1491.52,completed,online,2025-03-26,NO
1,10370,87398,1212.2,failed,online,2025-03-26,NO
3461,22054,87803,1772.65,failed,online,2025-03-26,NO
2938,49284,89735,476.43,failed,online,2025-03-26,NO
3747,26462,95037,1766.35,completed,online,2025-03-26,NO
1,6982,97722,867.66,failed,online,2025-03-26,NO
409,45316,99841,1115.05,completed,online,2025-03-26,NO
3109,12633,100809,1442.81,failed,online,2025-03-26,NO
1,24982,105581,816.21,failed,online,2025-03-26,NO
2750,36793,107813,142.87,failed,online,2025-03-26,NO
1173,24419,116166,1579.21,completed,online,2025-03-26,NO
49,48235,116836,577.56,failed,online,2025-03-26,NO
1,32282,119143,309.19,failed,online,2025-03-26,NO
1,7098,123747,1498.42,completed,online,2025-03-26,NO
714,13739,124116,1025.97,failed,online,2025-03-26,NO
1,14739,126464,1909.77,failed,online,2025-03-26,NO
4328,20642,127344,1829.13,completed,online,2025-03-26,NO
1,44563,127946,649.69,failed,online,2025-03-26,NO
3732,41953,128395,1385.03,completed,online,2025-03-26,NO
2277,20312,129684,1148.53,failed,online,2025-03-26,NO
3882,23066,135118,1455.22,failed,online,2025-03-26,NO
58,674,136135,1085.36,completed,online,2025-03-26,NO
972,15621,139653,558.14,completed,online,2025-03-26,NO
1,49589,141620,855.62,completed,online,2025-03-26,NO
536,3665,142076,461.35,completed,online,2025-03-26,NO
1614,29205,143516,1558.76,completed,online,2025-03-26,NO
606,40583,144242,602.1,failed,online,2025-03-26,NO
490,10424,144586,1250.01,completed,online,2025-03-26,NO
1481,1404,146380,416.36,failed,online,2025-03-26,NO
1,27234,147144,1503.2,completed,online,2025-03-26,NO
546,13398,2833,1993.97,failed,online,2025-01-11,NO
3757,2586,4828,414.69,completed,online,2025-01-11,NO
1,10470,6100,174.1,failed,online,2025-01-11,NO
1272,34475,6606,1410.58,completed,online,2025-01-11,NO
1,28638,11146,864.36,failed,online,2025-01-11,NO
4546,47737,19385,738.67,completed,online,2025-01-11,NO
1461,32860,20032,536.35,failed,online,2025-01-11,NO
3312,30106,21420,1768.52,completed,online,2025-01-11,NO
3137,8210,24093,1364.48,completed,UNKNOWN,2025-01-11,NO
1626,38121,24759,1914.39,completed,online,2025-01-11,NO
4755,14111,27145,531.65,completed,online,2025-01-11,NO
4553,35393,28712,1503.53,completed,online,2025-01-11,NO
2969,22209,30666,1360.39,completed,online,2025-01-11,NO
46,25487,33554,1309.79,failed,online,2025-01-11,NO
1887,27662,34234,81.61,failed,online,2025-01-11,NO
653,30706,35509,1432.55,failed,online,2025-01-11,NO
4187,11748,36783,1091.39,completed,online,2025-01-11,NO
3944,29469,37372,1520.36,completed,online,2025-01-11,NO
2020,3075,40638,194.44,completed,online,2025-01-11,NO
909,10781,42360,983.91,completed,online,2025-01-11,NO
2670,38418,43256,435.19,completed,online,2025-01-11,NO
1092,34225,43763,911.24,completed,online,2025-01-11,NO
709,39886,48751,1601.58,completed,online,2025-01-11,NO
1185,23571,50546,1719.49,failed,online,2025-01-11,NO
631,42992,56768,1797.15,failed,online,2025-01-11,NO
2541,26777,71050,140.35,failed,online,2025-01-11,NO
984,42002,72725,1506.21,completed,online,2025-01-11,NO
4665,14488,78732,278.57,completed,online,2025-01-11,NO
3324,18460,81157,543.24,completed,online,2025-01-11,NO
4900,14714,85185,1491.51,completed,online,2025-01-11,NO
4157,34246,87936,387.71,completed,online,2025-01-11,NO
704,26485,88879,1608.22,failed,online,2025-01-11,NO
1442,29014,92043,1454.49,completed,online,2025-01-11,NO
176,31217,95122,569.31,failed,online,2025-01-11,NO
1404,2475,97333,1273.28,completed,online,2025-01-11,NO
4547,38704,97573,1862.48,completed,online,2025-01-11,NO
1,45213,100399,709.31,completed,UNKNOWN,2025-01-11,NO
1,9101,100884,419.28,failed,online,2025-01-11,NO
1312,35843,107569,316.87,failed,online,2025-01-11,NO
2169,19166,107781,753.14,failed,online,2025-01-11,NO
4574,47338,107948,1067.32,completed,online,2025-01-11,NO
266,49060,108082,1320.18,completed,online,2025-01-11,NO
1,4158,108669,395.64,failed,online,2025-01-11,NO
3226,3227,108744,284.35,completed,online,2025-01-11,NO
1,21025,109869,1321.85,failed,online,2025-01-11,NO
1,13102,111084,96.74,completed,online,2025-01-11,NO
1,47965,118524,1468.35,completed,online,2025-01-11,NO
1203,11252,118824,1997.51,failed,online,2025-01-11,NO
4200,3297,119016,694.01,completed,online,2025-01-11,NO
1403,42417,121340,296.13,failed,online,2025-01-11,NO
2915,20421,127633,1069.24,failed,online,2025-01-11,NO
1864,25271,128185,1755.15,completed,online,2025-01-11,NO
2496,20120,129345,582.91,completed,online,2025-01-11,NO
163,19770,130719,143.27,completed,online,2025-01-11,NO
1,9640,131430,760.49,completed,online,2025-01-11,NO
3329,34098,133311,227.08,failed,online,2025-01-11,NO
1,22472,133515,119.02,completed,online,2025-01-11,NO
508,28753,134085,1413.37,completed,online,2025-01-11,NO
1,28591,136418,689.9,failed,online,2025-01-11,NO
4977,21774,138966,1764.85,completed,online,2025-01-11,NO
4253,33543,139551,973.53,failed,online,2025-01-11,NO
2280,7334,140141,1550.07,completed,online,2025-01-11,NO
1347,28027,141375,514.34,completed,online,2025-01-11,NO
1453,26220,141528,1356.18,failed,online,2025-01-11,NO
82,19121,145349,1645.66,completed,online,2025-01-11,NO
1239,27057,148610,1776.67,failed,online,2025-01-11,NO
3352,18606,149192,9237.220859104298,completed,online,2025-01-11,NO
2764,46535,3668,418.28,completed,online,2025-02-11,NO
2804,19280,4207,1217.59,failed,online,2025-02-11,NO
328,27991,10784,1888.69,completed,online,2025-02-11,NO
1,43585,12144,1320.35,completed,online,2025-02-11,NO
2685,6478,14463,1313.09,completed,online,2025-02-11,NO
1,44556,14966,416.99,completed,online,2025-02-11,NO
3970,37498,15274,1672.16,completed,online,2025-02-11,NO
322,16463,16987,1524.85,failed,online,2025-02-11,NO
4033,30403,18198,29.13,failed,online,2025-02-11,NO
2409,15918,19824,1345.07,failed,online,2025-02-11,NO
1877,33443,20312,553.47,completed,online,2025-02-11,NO
2445,21939,22773,841.47,completed,online,2025-02-11,NO
1,35131,25317,55.52,completed,online,2025-02-11,NO
4410,30138,25872,990.56,failed,online,2025-02-11,NO
3003,31495,27343,1990.29,completed,online,2025-02-11,NO
4985,10341,28194,1400.69,failed,online,2025-02-11,NO
2893,24306,28275,1412.84,completed,online,2025-02-11,NO
3988,22992,30494,1338.96,completed,online,2025-02-11,NO
3825,11261,32050,757.76,failed,online,2025-02-11,NO
891,29417,32925,974.88,failed,online,2025-02-11,NO
2338,28209,35966,289.89,failed,online,2025-02-11,NO
2193,18847,41750,99.06,failed,online,2025-02-11,NO
213,46184,44187,788.72,completed,online,2025-02-11,NO
2865,41166,45306,788.2,completed,online,2025-02-11,NO
3001,19733,47483,1459.7,completed,online,2025-02-11,NO
4445,17923,50721,102.09,completed,online,2025-02-11,NO
4518,25148,51244,78.52,completed,online,2025-02-11,NO
4247,21005,54278,1919.54,completed,online,2025-02-11,NO
3936,20974,56422,544.95,completed,online,2025-02-11,NO
4717,21128,57304,866.32,failed,online,2025-02-11,NO
4524,34755,60259,998.24,failed,online,2025-02-11,NO
1,34520,63865,662.82,completed,online,2025-02-11,NO
4390,15646,66047,990.79,completed,online,2025-02-11,NO
1840,38542,66131,105.28,failed,online,2025-02-11,NO
3037,36885,68754,1091.27,failed,online,2025-02-11,NO
499,32760,69578,913.48,failed,online,2025-02-11,NO
4179,38610,73228,444.13,failed,online,2025-02-11,NO
1388,36377,73946,891.19,completed,online,2025-02-11,NO
3450,19403,78244,1893.96,failed,online,2025-02-11,NO
1,25123,81256,1596.69,completed,online,2025-02-11,NO
1,45388,85056,515.83,completed,online,2025-02-11,NO
3795,40987,86585,1664.7,failed,online,2025-02-11,NO
1339,4522,88953,1059.54,failed,online,2025-02-11,NO
2603,8043,90149,218.97,completed,online,2025-02-11,NO
3214,4699,91547,924.63,failed,online,2025-02-11,NO
1,10316,94046,571.12,failed,online,2025-02-11,NO
778,42230,94577,877.21,completed,online,2025-02-11,NO
3006,9429,96177,1412.51,failed,online,2025-02-11,NO
1241,25688,96278,1407.77,failed,online,2025-02-11,NO
195,29048,96405,999.17,failed,online,2025-02-11,NO
4195,34356,100358,114.28,completed,online,2025-02-11,NO
3749,9890,103397,1422.11,completed,online,2025-02-11,NO
2752,12038,106353,1578.56,completed,online,2025-02-11,NO
3059,13523,110697,411.04,failed,online,2025-02-11,NO
3519,5004,112646,1924.79,completed,online,2025-02-11,NO
4533,23848,113059,1937.36,failed,online,2025-02-11,NO
1,27578,113155,1801.83,failed,online,2025-02-11,NO
4394,40018,116841,436.1,failed,online,2025-02-11,NO
3583,25605,117262,683.88,failed,online,2025-02-11,NO
4094,49071,117441,803.79,failed,online,2025-02-11,NO
3089,44037,119834,1237.06,failed,online,2025-02-11,NO
3200,33457,122289,372.08,completed,online,2025-02-11,NO
1,295,124777,199.94,completed,online,2025-02-11,NO
360,26939,131414,283.94,failed,online,2025-02-11,NO
2601,20996,144997,803.58,completed,online,2025-02-11,NO
2881,13116,147938,1226.19,failed,UNKNOWN,2025-02-11,NO
3115,7875,149442,312.93,completed,online,2025-02-11,NO
4359,17715,149923,730.81,completed,online,2025-02-11,NO
1,34966,3120,241.94,completed,online,2025-05-11,NO
4806,13641,9117,242.67,completed,online,2025-05-11,NO
1,5265,16920,540.93,completed,online,2025-05-11,NO
1,6508,17669,992.99,completed,online,2025-05-11,NO
1,23883,21338,498.4,completed,online,2025-05-11,NO
3548,14800,22587,1059.51,completed,online,2025-05-11,NO
3632,26324,23205,775.79,failed,online,2025-05-11,NO
484,46084,24989,718.17,completed,online,2025-05-11,NO
1,32755,26649,36.75,failed,online,2025-05-11,NO
1064,43362,29147,1886.19,failed,online,2025-05-11,NO
3296,3246,29287,1058.21,completed,online,2025-05-11,NO
3789,9506,33791,742.86,completed,online,2025-05-11,NO
478,49189,38215,1831.58,completed,online,2025-05-11,NO
4362,25450,41651,1319.6,failed,online,2025-05-11,NO
4074,11718,51797,1086.41,failed,online,2025-05-11,NO
4263,16693,52085,487.39,completed,online,2025-05-11,NO
2720,36853,52753,1160.51,failed,online,2025-05-11,NO
852,26896,53161,714.35,completed,online,2025-05-11,NO
4833,29323,54320,259.7,failed,online,2025-05-11,NO
1,15170,54577,226.5,failed,online,2025-05-11,NO
2044,49700,55127,622.89,failed,online,2025-05-11,NO
1066,20886,58669,1101.24,completed,online,2025-05-11,NO
1034,39958,61685,690.25,failed,online,2025-05-11,NO
1,24520,63596,33.86,failed,online,2025-05-11,NO
2100,27078,65777,289.75,failed,online,2025-05-11,NO
2586,38292,66118,1211.6,completed,online,2025-05-11,NO
2759,5440,67880,693.76,completed,online,2025-05-11,NO
1427,17516,70286,1545.94,completed,online,2025-05-11,NO
169,33524,72329,1726.9,failed,online,2025-05-11,NO
4710,15618,74715,1805.69,completed,online,2025-05-11,NO
3235,5111,74860,1057.91,failed,online,2025-05-11,NO
1107,4047,75758,1302.74,failed,online,2025-05-11,NO
4536,49724,82493,91.16,completed,online,2025-05-11,NO
4933,27971,84537,202.99,completed,online,2025-05-11,NO
344,45297,87576,80.91,failed,online,2025-05-11,NO
2378,25572,88222,851.07,completed,online,2025-05-11,NO
2040,10825,88540,1090.49,failed,online,2025-05-11,NO
4026,31877,88966,569.0,failed,online,2025-05-11,NO
2515,471,89159,754.89,completed,online,2025-05-11,NO
893,30524,90153,1580.79,completed,online,2025-05-11,NO
1,30736,90299,1854.77,completed,online,2025-05-11,NO
2555,14283,92840,1337.82,completed,online,2025-05-11,NO
1,5029,93013,670.99,completed,online,2025-05-11,NO
3436,10119,93442,1790.21,completed,online,2025-05-11,NO
4796,4065,95217,806.73,completed,online,2025-05-11,NO
3292,15757,97393,1089.78,completed,online,2025-05-11,NO
948,37524,97442,1738.1,completed,online,2025-05-11,NO
3899,26506,98805,69.98,completed,online,2025-05-11,NO
4992,47482,103919,1013.36,completed,online,2025-05-11,NO
1709,42376,105708,203.51,completed,online,2025-05-11,NO
1,22715,109895,714.18,completed,online,2025-05-11,NO
3041,16278,111385,1031.82,completed,online,2025-05-11,NO
637,36178,112781,1714.07,failed,online,2025-05-11,NO
1244,49004,119003,521.14,failed,online,2025-05-11,NO
3155,35958,125980,9525.442299294613,completed,online,2025-05-11,NO
724,24994,131004,136.33,completed,online,2025-05-11,NO
3027,3253,131019,547.09,completed,online,2025-05-11,NO
976,8185,132464,964.13,failed,online,2025-05-11,NO
4818,13493,132640,1858.1,failed,online,2025-05-11,NO
3172,28095,133344,24.18,failed,online,2025-05-11,NO
2449,39,135170,1861.16,completed,online,2025-05-11,NO
1681,49072,136481,392.97,completed,online,2025-05-11,NO
1,879,143263,660.79,completed,online,2025-05-11,NO
1,15529,143275,1497.38,completed,online,2025-05-11,NO
1,30075,143552,368.31,failed,online,2025-05-11,NO
457,3194,147054,586.48,failed,online,2025-05-11,NO
1,9485,148861,1714.27,completed,online,2025-05-11,NO
3012,14459,149266,625.18,failed,online,2025-05-11,NO
2179,27880,631,1931.78,completed,online,2025-02-20,NO
2968,21138,936,1810.34,completed,online,2025-02-20,NO
1,4163,1128,1002.64,completed,online,2025-02-20,NO
4308,14283,3073,268.5,completed,online,2025-02-20,NO
414,2406,3285,1554.95,failed,online,2025-02-20,NO
1,34697,3458,1816.99,failed,online,2025-02-20,NO
1846,46103,3996,199.64,completed,online,2025-02-20,NO
2810,33993,4111,1023.14,failed,online,2025-02-20,NO
3742,44275,5398,792.58,failed,online,2025-02-20,NO
3904,8131,6745,1642.75,failed,online,2025-02-20,NO
1,1573,8390,1100.69,completed,online,2025-02-20,NO
1166,26810,9628,41.52,failed,online,2025-02-20,NO
1596,43048,12667,737.32,failed,online,2025-02-20,NO
4700,13972,18481,363.53,failed,online,2025-02-20,NO
1718,23323,19786,587.68,failed,online,2025-02-20,NO
901,26201,28873,521.43,completed,online,2025-02-20,NO
1843,15407,31678,1984.31,failed,online,2025-02-20,NO
2289,18984,36941,1992.79,completed,online,2025-02-20,NO
2983,42641,38649,1758.64,completed,online,2025-02-20,NO
2660,39618,40938,763.54,completed,online,2025-02-20,NO
1,49171,41398,1011.14,completed,online,2025-02-20,NO
1,22662,41551,1369.48,failed,online,2025-02-20,NO
1,46894,43653,164.0,completed,online,2025-02-20,NO
2665,9979,48572,149.59,failed,online,2025-02-20,NO
3557,48743,51288,1331.11,completed,online,2025-02-20,NO
3899,26722,54604,1250.27,completed,UNKNOWN,2025-02-20,NO
1,24480,54637,1022.45,failed,online,2025-02-20,NO
1826,8730,56055,1105.49,failed,online,2025-02-20,NO
706,4682,57015,630.42,failed,online,2025-02-20,NO
2732,30681,62697,198.34,completed,online,2025-02-20,NO
3975,6273,67140,1084.44,completed,online,2025-02-20,NO
3520,34047,67853,1112.69,completed,online,2025-02-20,NO
1580,4260,69963,1287.91,completed,online,2025-02-20,NO
1,17650,70717,1068.21,failed,online,2025-02-20,NO
1,23090,75306,1119.86,completed,online,2025-02-20,NO
3835,48290,75922,884.64,completed,online,2025-02-20,NO
1,32901,76072,1992.27,failed,online,2025-02-20,NO
1,19478,77792,798.56,failed,online,2025-02-20,NO
2975,17239,78257,1994.76,failed,online,2025-02-20,NO
1,49401,79502,140.94,failed,online,2025-02-20,NO
596,46963,85608,1327.77,failed,online,2025-02-20,NO
4121,33641,86817,556.32,completed,online,2025-02-20,NO
358,35399,89902,298.13,failed,online,2025-02-20,NO
3572,11433,94313,958.37,failed,online,2025-02-20,NO
1,11885,99110,1967.11,completed,online,2025-02-20,NO
2670,14,99676,694.0,completed,online,2025-02-20,NO
894,1629,102328,1993.79,completed,online,2025-02-20,NO
542,42377,103720,1421.54,failed,online,2025-02-20,NO
868,28841,104399,1719.5,failed,online,2025-02-20,NO
1372,26192,110502,880.86,completed,online,2025-02-20,NO
1424,23741,110570,1079.83,failed,online,2025-02-20,NO
1,20051,114520,1148.71,completed,online,2025-02-20,NO
4277,3661,117442,1097.59,failed,online,2025-02-20,NO
1211,20197,119356,677.06,failed,online,2025-02-20,NO
1097,29240,120317,843.05,failed,online,2025-02-20,NO
1,39046,127401,197.42,completed,online,2025-02-20,NO
2346,40760,128579,69.45,failed,online,2025-02-20,NO
1,22840,130199,1469.67,completed,online,2025-02-20,NO
1,45005,131358,770.76,completed,online,2025-02-20,NO
2449,18296,134334,1135.6,completed,online,2025-02-20,NO
1,2530,134891,60.21,completed,UNKNOWN,2025-02-20,NO
931,45519,136707,662.66,completed,online,2025-02-20,NO
4275,35470,140725,921.94,failed,online,2025-02-20,NO
933,48142,142482,521.71,failed,online,2025-02-20,NO
2465,25271,143251,209.84,completed,online,2025-02-20,NO
1,1391,144080,835.4,completed,online,2025-02-20,NO
3489,6099,144680,1259.36,failed,online,2025-02-20,NO
3478,29888,145981,748.24,failed,online,2025-02-20,NO
2952,43703,146993,486.38,failed,online,2025-02-20,NO
1005,41109,8429,472.07,completed,online,2025-07-10,NO
4940,34309,10082,1414.33,failed,online,2025-07-10,NO
4167,24225,11120,886.54,completed,online,2025-07-10,NO
1,43697,12937,1060.2,failed,online,2025-07-10,NO
2023,12309,13734,184.07,completed,online,2025-07-10,NO
1,18816,14370,49.84,failed,online,2025-07-10,NO
1,2647,16985,1819.93,failed,online,2025-07-10,NO
862,27541,21222,1822.38,completed,online,2025-07-10,NO
3913,17492,23499,17.04,completed,online,2025-07-10,NO
3088,5760,24197,216.49,completed,online,2025-07-10,NO
1258,27084,24248,1241.2,completed,online,2025-07-10,NO
4455,40185,28932,473.27,failed,online,2025-07-10,NO
1,37015,29842,1922.17,completed,online,2025-07-10,NO
2462,10061,31599,86.93,failed,online,2025-07-10,NO
243,2785,33480,1733.64,completed,online,2025-07-10,NO
3276,45583,36736,1094.32,failed,online,2025-07-10,NO
1,13894,38551,1697.44,failed,online,2025-07-10,NO
1205,1713,39628,1172.26,completed,online,2025-07-10,NO
48,34196,40383,1835.16,completed,online,2025-07-10,NO
2244,30109,43821,1105.28,completed,online,2025-07-10,NO
4727,44615,45927,1906.02,failed,online,2025-07-10,NO
2931,46194,50106,595.09,completed,online,2025-07-10,NO
3988,988,50288,1835.48,failed,online,2025-07-10,NO
3040,3160,50847,70.72,completed,online,2025-07-10,NO
3340,15478,52116,396.07,completed,online,2025-07-10,NO
1,41108,55170,321.56,completed,online,2025-07-10,NO
4747,11664,60665,23.24,completed,online,2025-07-10,NO
66,25918,61562,104.69,failed,online,2025-07-10,NO
4893,48204,65353,1687.72,failed,online,2025-07-10,NO
1,1786,66279,458.58,completed,online,2025-07-10,NO
4821,19346,67171,1513.01,failed,online,2025-07-10,NO
943,14522,69621,607.15,completed,online,2025-07-10,NO
1142,25657,70283,1043.22,failed,online,2025-07-10,NO
2080,26417,75404,979.36,failed,UNKNOWN,2025-07-10,NO
4731,29511,76414,829.73,completed,online,2025-07-10,NO
2393,17234,83648,1470.21,completed,online,2025-07-10,NO
4797,17854,84348,416.02,completed,online,2025-07-10,NO
1187,2884,88883,249.71,completed,online,2025-07-10,NO
4638,9312,89578,454.02,failed,online,2025-07-10,NO
1,19092,93663,935.79,completed,online,2025-07-10,NO
4786,14289,94495,1371.46,completed,online,2025-07-10,NO
1,8635,96050,941.35,completed,online,2025-07-10,NO
1,35620,96591,665.48,failed,UNKNOWN,2025-07-10,NO
2509,44323,98520,1513.13,completed,online,2025-07-10,NO
1639,39612,99326,1988.66,failed,online,2025-07-10,NO
2415,16901,100728,157.08,completed,online,2025-07-10,NO
4939,28166,101678,1614.13,completed,online,2025-07-10,NO
186,11503,102109,791.39,failed,online,2025-07-10,NO
1,6114,102743,792.56,failed,online,2025-07-10,NO
1,17738,105985,1322.68,completed,online,2025-07-10,NO
2134,8988,107221,1184.5,failed,online,2025-07-10,NO
1314,43691,110304,1596.04,completed,online,2025-07-10,NO
1,41230,111456,390.84,completed,online,2025-07-10,NO
1,33974,111905,1934.98,completed,online,2025-07-10,NO
1,47360,114249,61.82,completed,online,2025-07-10,NO
3604,43968,115838,1799.28,failed,online,2025-07-10,NO
3670,42433,117651,1410.52,completed,online,2025-07-10,NO
1,23510,122575,871.3,completed,online,2025-07-10,NO
1,45152,123641,680.35,completed,online,2025-07-10,NO
3751,18559,123940,1969.19,completed,online,2025-07-10,NO
4278,40232,129901,370.39,completed,online,2025-07-10,NO
240,30056,133278,1975.7,completed,online,2025-07-10,NO
2221,34808,135062,1909.97,failed,online,2025-07-10,NO
4323,37512,136008,1615.48,failed,online,2025-07-10,NO
940,49507,139879,806.24,failed,online,2025-07-10,NO
866,21990,140399,1042.02,completed,online,2025-07-10,NO
69,30175,141447,406.27,failed,online,2025-07-10,NO
1409,47680,148149,1999.53,failed,online,2025-07-10,NO
388,32951,3336,816.94,completed,online,2025-10-06,NO
2950,28549,5155,1749.86,failed,online,2025-10-06,NO
1821,31610,5417,218.09,completed,online,2025-10-06,NO
396,36806,6437,1032.73,completed,online,2025-10-06,NO
1362,25470,8029,1115.98,completed,online,2025-10-06,NO
670,33660,8239,113.24,completed,online,2025-10-06,NO
633,32493,8924,1670.49,failed,online,2025-10-06,NO
1428,37043,11374,1760.08,failed,online,2025-10-06,NO
1,39349,15188,1075.49,failed,online,2025-10-06,NO
2117,46219,16027,63.35,failed,online,2025-10-06,NO
3001,41049,16491,83.77,completed,online,2025-10-06,NO
66,36302,17869,905.96,completed,online,2025-10-06,NO
696,41135,20132,1781.57,failed,online,2025-10-06,NO
1,30273,24125,1860.52,completed,online,2025-10-06,NO
1,17888,25155,1708.13,failed,online,2025-10-06,NO
1,18437,26480,1365.84,failed,online,2025-10-06,NO
2302,17037,26824,1507.6,completed,online,2025-10-06,NO
3782,44770,27633,916.45,completed,online,2025-10-06,NO
25,35692,29861,1191.44,completed,online,2025-10-06,NO
2681,35121,35823,1215.21,failed,online,2025-10-06,NO
2842,14455,36411,1896.94,completed,online,2025-10-06,NO
1968,45198,37998,454.63,completed,online,2025-10-06,NO
3104,48671,40359,1410.65,failed,online,2025-10-06,NO
3647,1369,42754,837.31,failed,online,2025-10-06,NO
2782,23817,43997,155.77,failed,online,2025-10-06,NO
1339,42486,46919,569.34,completed,online,2025-10-06,NO
4682,1400,47694,848.27,failed,online,2025-10-06,NO
1589,22226,51459,1246.91,completed,online,2025-10-06,NO
1,32084,52083,773.12,failed,online,2025-10-06,NO
472,21895,55109,1142.2,completed,online,2025-10-06,NO
3512,15412,60182,6320.163719222373,completed,online,2025-10-06,NO
1219,7812,64349,297.6,completed,online,2025-10-06,NO
2665,29651,66288,1627.32,failed,online,2025-10-06,NO
1438,26542,71091,1853.39,completed,online,2025-10-06,NO
1,9142,71413,354.37,failed,UNKNOWN,2025-10-06,NO
740,45283,71426,1840.15,failed,online,2025-10-06,NO
825,8502,74898,762.1,completed,online,2025-10-06,NO
4012,30022,79072,257.73,completed,online,2025-10-06,NO
3079,40835,84319,992.56,completed,online,2025-10-06,NO
1809,959,86505,1443.95,completed,online,2025-10-06,NO
4326,42756,86796,1183.3,completed,online,2025-10-06,NO
1,4104,94404,1129.48,completed,online,2025-10-06,NO
3967,13118,95841,21.68,completed,online,2025-10-06,NO
1,41277,96495,1329.72,failed,online,2025-10-06,NO
2812,24856,96683,393.89,completed,online,2025-10-06,NO
2736,7563,102236,1525.25,completed,online,2025-10-06,NO
1,41759,106631,294.37,failed,online,2025-10-06,NO
1,28603,106885,12.58,completed,online,2025-10-06,NO
2643,21499,113242,781.8,completed,online,2025-10-06,NO
2060,29327,113254,1673.56,completed,online,2025-10-06,NO
4985,5634,113629,1619.71,failed,online,2025-10-06,NO
1212,43464,114218,414.88,failed,online,2025-10-06,NO
1,12345,116565,1948.69,failed,online,2025-10-06,NO
1493,43091,120564,1332.52,completed,online,2025-10-06,NO
189,49761,123791,587.17,failed,online,2025-10-06,NO
1,4398,126795,1612.37,failed,online,2025-10-06,NO
4010,30627,131548,1874.65,failed,online,2025-10-06,NO
4352,26050,134212,1686.41,failed,online,2025-10-06,NO
2621,42746,136228,1311.58,failed,online,2025-10-06,NO
4501,9591,137037,1638.72,failed,online,2025-10-06,NO
2863,28926,137479,289.52,failed,online,2025-10-06,NO
1,36799,138206,528.85,completed,online,2025-10-06,NO
1298,32811,140329,1398.28,failed,online,2025-10-06,NO
3551,25916,143037,1670.35,failed,online,2025-10-06,NO
1545,43864,145039,11.5,failed,online,2025-10-06,NO
4994,41996,145661,1883.12,completed,online,2025-10-06,NO
1,1434,146911,1899.61,failed,online,2025-10-06,NO
3590,15518,148099,601.98,completed,online,2025-10-06,NO
2740,47002,173,960.07,failed,online,2025-06-11,NO
4244,40808,648,728.0,completed,online,2025-06-11,NO
1,46111,5408,654.79,completed,online,2025-06-11,NO
3911,36725,7416,1453.73,failed,online,2025-06-11,NO
51,32136,7867,84.06,failed,online,2025-06-11,NO
4457,36924,10653,126.6,failed,online,2025-06-11,NO
2042,13305,13194,1877.58,completed,online,2025-06-11,NO
707,26351,14792,1000.42,failed,online,2025-06-11,NO
1,43718,20594,827.49,completed,online,2025-06-11,NO
1,33008,31924,970.16,failed,online,2025-06-11,NO
1890,49562,32365,761.62,completed,online,2025-06-11,NO
573,23209,40539,114.85,failed,online,2025-06-11,NO
840,3074,41967,110.83,failed,online,2025-06-11,NO
638,17457,42052,1053.73,completed,online,2025-06-11,NO
2964,33910,43629,955.9,failed,online,2025-06-11,NO
2640,31676,45246,107.84,failed,online,2025-06-11,NO
4922,28917,46292,565.17,failed,online,2025-06-11,NO
1,17474,48931,1565.11,failed,online,2025-06-11,NO
1560,38770,52947,1487.73,completed,online,2025-06-11,NO
4123,45829,55678,485.47,failed,online,2025-06-11,NO
1459,6092,56839,7156.141503908263,failed,online,2025-06-11,NO
2964,32762,57892,738.3,completed,UNKNOWN,2025-06-11,NO
1,9142,60797,1305.44,completed,online,2025-06-11,NO
1038,30555,62629,9114.638827217048,completed,online,2025-06-11,NO
155,22742,62824,1558.74,completed,online,2025-06-11,NO
3339,40649,67012,519.54,completed,online,2025-06-11,NO
3206,29731,68876,1213.63,failed,online,2025-06-11,NO
4787,2736,74474,554.99,failed,online,2025-06-11,NO
1,4474,75895,790.97,completed,online,2025-06-11,NO
949,21856,80539,1902.57,completed,online,2025-06-11,NO
1,40319,81530,1517.93,failed,online,2025-06-11,NO
772,17672,84105,1772.01,completed,online,2025-06-11,NO
1809,30323,85111,598.83,failed,online,2025-06-11,NO
3371,38116,85907,1893.69,failed,online,2025-06-11,NO
1,47006,86261,1089.71,failed,online,2025-06-11,NO
2208,36295,87681,1668.77,completed,online,2025-06-11,NO
1051,7880,87740,1656.86,failed,online,2025-06-11,NO
4970,11506,88347,489.96,failed,online,2025-06-11,NO
62,31271,92801,825.18,completed,online,2025-06-11,NO
3772,37056,94509,678.73,failed,online,2025-06-11,NO
1791,26924,99252,816.82,failed,online,2025-06-11,NO
3023,49262,100174,637.04,failed,online,2025-06-11,NO
1592,13267,101335,1374.09,failed,online,2025-06-11,NO
3604,4796,109097,724.7,failed,online,2025-06-11,NO
1189,39592,110026,1041.24,completed,online,2025-06-11,NO
3392,37157,115199,1374.36,completed,online,2025-06-11,NO
1,32432,116366,304.28,completed,online,2025-06-11,NO
3812,23262,116577,164.19,completed,online,2025-06-11,NO
1505,32010,116608,1451.42,failed,online,2025-06-11,NO
2961,19291,116866,1313.38,failed,online,2025-06-11,NO
1994,49004,117622,876.5,completed,online,2025-06-11,NO
3798,22652,118321,1678.5,failed,online,2025-06-11,NO
1265,41584,119509,804.39,failed,online,2025-06-11,NO
2957,21333,122062,1635.24,completed,online,2025-06-11,NO
3383,38673,123147,472.54,completed,online,2025-06-11,NO
2296,11808,123518,1128.8,completed,online,2025-06-11,NO
1,27580,128931,315.62,completed,online,2025-06-11,NO
1358,33421,132644,539.56,completed,online,2025-06-11,NO
2220,7507,132836,215.04,completed,online,2025-06-11,NO
1,3800,133983,1181.31,failed,online,2025-06-11,NO
4549,26516,136731,1906.85,failed,online,2025-06-11,NO
783,19279,138910,196.62,completed,online,2025-06-11,NO
12,10831,143508,281.79,failed,online,2025-06-11,NO
3013,48097,144137,791.43,failed,online,2025-06-11,NO
507,1087,144701,901.18,failed,online,2025-06-11,NO
2075,655,147462,400.75,failed,online,2025-06-11,NO
3645,6072,148739,151.82,failed,online,2025-06-11,NO
959,49070,149167,1842.64,completed,online,2025-06-11,NO
3885,20977,616,643.36,completed,online,2025-03-27,NO
4435,16627,1285,1872.47,failed,online,2025-03-27,NO
1963,48829,1390,737.83,completed,online,2025-03-27,NO
4444,24849,3780,108.99,failed,online,2025-03-27,NO
1,10181,8187,1926.96,completed,online,2025-03-27,NO
1,28661,8358,80.89,failed,online,2025-03-27,NO
1,43796,9863,1660.74,completed,online,2025-03-27,NO
3115,28718,12070,520.71,failed,online,2025-03-27,NO
114,49759,13360,396.66,failed,online,2025-03-27,NO
1061,33813,18697,1159.67,failed,online,2025-03-27,NO
1679,20997,25505,1877.5,failed,online,2025-03-27,NO
583,48045,25976,305.21,completed,online,2025-03-27,NO
4446,33293,26021,589.81,completed,online,2025-03-27,NO
3857,44960,26406,850.94,failed,online,2025-03-27,NO
365,19954,27616,1713.82,failed,online,2025-03-27,NO
1981,30945,29821,535.58,failed,online,2025-03-27,NO
2713,23657,29937,1553.7,completed,online,2025-03-27,NO
700,15833,30199,471.96,completed,online,2025-03-27,NO
587,47820,30424,1292.41,failed,online,2025-03-27,NO
375,16538,32408,1125.71,failed,online,2025-03-27,NO
367,44611,33541,194.81,completed,online,2025-03-27,NO
3772,26652,34251,1783.15,failed,online,2025-03-27,NO
55,46905,34367,100.76,failed,online,2025-03-27,NO
4592,24912,38360,945.08,completed,online,2025-03-27,NO
2730,15135,39086,269.44,failed,online,2025-03-27,NO
3073,49148,41400,1032.72,failed,online,2025-03-27,NO
3790,12803,45399,280.66,completed,online,2025-03-27,NO
2150,18408,46386,350.03,completed,online,2025-03-27,NO
3371,33342,49003,412.94,failed,online,2025-03-27,NO
4321,23370,51591,766.37,completed,online,2025-03-27,NO
2982,44767,51841,1148.35,failed,online,2025-03-27,NO
1014,30510,52248,1641.86,completed,online,2025-03-27,NO
1038,47334,53096,1267.14,completed,online,2025-03-27,NO
3385,44576,55532,1766.42,failed,online,2025-03-27,NO
589,2336,55745,1684.76,failed,online,2025-03-27,NO
2004,44578,57665,878.18,failed,online,2025-03-27,NO
1,25958,63567,1680.15,completed,online,2025-03-27,NO
1317,6667,64255,1976.59,failed,online,2025-03-27,NO
3406,24394,64419,1964.13,failed,online,2025-03-27,NO
885,39433,70706,7148.677950803385,completed,online,2025-03-27,NO
240,26470,71558,1741.15,completed,online,2025-03-27,NO
3745,10161,74978,1491.39,failed,online,2025-03-27,NO
1861,18484,75735,1922.17,failed,online,2025-03-27,NO
1,14410,84188,1146.54,failed,online,2025-03-27,NO
673,22953,86799,865.7,completed,online,2025-03-27,NO
747,18812,97429,1557.15,completed,online,2025-03-27,NO
4048,806,97653,300.08,completed,online,2025-03-27,NO
2060,7340,98443,734.27,failed,online,2025-03-27,NO
105,41537,101025,1198.03,failed,online,2025-03-27,NO
3893,29948,103500,1373.65,failed,online,2025-03-27,NO
1848,31138,105718,1083.92,completed,online,2025-03-27,NO
1,35390,108335,171.36,failed,online,2025-03-27,NO
2748,18436,108938,1382.22,completed,online,2025-03-27,NO
2295,24891,109902,1800.41,completed,online,2025-03-27,NO
681,45987,110225,720.94,failed,online,2025-03-27,NO
4898,1318,115152,181.4,failed,online,2025-03-27,NO
3852,44468,119408,595.07,failed,online,2025-03-27,NO
1,28492,122772,1740.37,completed,online,2025-03-27,NO
3943,18571,126030,698.98,failed,online,2025-03-27,NO
775,17629,128777,935.81,failed,online,2025-03-27,NO
4076,23810,129347,86.81,completed,online,2025-03-27,NO
3640,36510,132314,637.01,completed,UNKNOWN,2025-03-27,NO
3908,38772,137984,1518.68,completed,online,2025-03-27,NO
3484,572,139300,367.17,failed,online,2025-03-27,NO
4485,46093,144283,363.14,completed,online,2025-03-27,NO
1028,35753,147269,52.23,completed,online,2025-03-27,NO
47,27462,147879,342.85,failed,online,2025-03-27,NO
313,621,148393,685.46,failed,UNKNOWN,2025-03-27,NO
1,36515,6890,594.7,completed,online,2025-09-03,NO
2921,3598,12799,875.86,failed,online,2025-09-03,NO
3173,38382,12895,774.67,failed,online,2025-09-03,NO
1472,44858,15557,711.08,failed,online,2025-09-03,NO
3299,19460,17584,1510.31,completed,online,2025-09-03,NO
1617,11385,19833,392.12,failed,online,2025-09-03,NO
527,46304,21884,541.57,completed,online,2025-09-03,NO
3277,35788,22352,501.88,failed,online,2025-09-03,NO
656,4494,23871,404.26,failed,online,2025-09-03,NO
3076,42525,23924,1890.8,failed,online,2025-09-03,NO
707,20232,26219,1768.48,completed,online,2025-09-03,NO
935,3785,26269,1547.32,failed,online,2025-09-03,NO
2288,41608,27862,476.52,failed,online,2025-09-03,NO
3073,29913,29000,1592.2,failed,UNKNOWN,2025-09-03,NO
1,204,32837,729.3,completed,online,2025-09-03,NO
3529,21775,33615,228.91,failed,online,2025-09-03,NO
1599,46310,36694,1348.08,failed,online,2025-09-03,NO
3178,1820,39145,998.3,completed,online,2025-09-03,NO
2065,4562,40238,1945.11,failed,online,2025-09-03,NO
1031,42323,42107,532.01,completed,online,2025-09-03,NO
409,43041,43140,1633.5,failed,online,2025-09-03,NO
1594,27043,45829,589.74,completed,online,2025-09-03,NO
971,39871,46448,1594.62,completed,online,2025-09-03,NO
2227,43556,46521,1743.32,completed,online,2025-09-03,NO
1,24310,48853,567.13,completed,online,2025-09-03,NO
3756,4924,50675,355.21,failed,online,2025-09-03,NO
1,32142,51844,1036.11,failed,online,2025-09-03,NO
1712,47656,52038,1839.14,failed,online,2025-09-03,NO
1,9739,54949,480.94,completed,online,2025-09-03,NO
618,8342,58442,1238.68,failed,online,2025-09-03,NO
1,25567,62291,519.64,completed,online,2025-09-03,NO
2115,35717,62682,1048.79,completed,online,2025-09-03,NO
1930,49306,63110,1509.9,failed,online,2025-09-03,NO
4833,31874,68719,1941.87,completed,online,2025-09-03,NO
154,31989,71416,1220.54,failed,online,2025-09-03,NO
1197,9396,77939,189.3,failed,online,2025-09-03,NO
869,23154,82424,1738.83,completed,online,2025-09-03,NO
2431,15365,88081,562.13,completed,online,2025-09-03,NO
1604,44364,90485,866.1,failed,online,2025-09-03,NO
683,30305,91215,465.4,failed,online,2025-09-03,NO
3641,46748,96869,1466.33,completed,online,2025-09-03,NO
1636,26893,97801,228.54,failed,online,2025-09-03,NO
1428,4464,101759,755.8,completed,online,2025-09-03,NO
4666,13091,102677,1830.48,failed,online,2025-09-03,NO
158,730,103652,42.76,failed,online,2025-09-03,NO
1887,43798,105523,1804.98,completed,online,2025-09-03,NO
2568,19567,105895,1567.74,completed,online,2025-09-03,NO
1,47677,107561,1355.63,failed,online,2025-09-03,NO
2750,28474,108238,542.64,completed,online,2025-09-03,NO
228,9095,112834,1405.03,failed,online,2025-09-03,NO
4455,5928,115878,491.25,completed,online,2025-09-03,NO
1,7856,123075,1726.68,completed,online,2025-09-03,NO
2777,46351,124700,458.95,failed,online,2025-09-03,NO
1,45101,129270,916.3,failed,online,2025-09-03,NO
233,15983,130537,581.2,completed,online,2025-09-03,NO
1781,3770,135027,487.41,completed,online,2025-09-03,NO
1,9108,135279,665.85,completed,online,2025-09-03,NO
1027,17699,135523,1780.62,completed,online,2025-09-03,NO
3889,24106,136943,7520.874898700299,completed,online,2025-09-03,NO
2285,11335,137138,975.37,completed,online,2025-09-03,NO
4878,41692,137928,1851.0,completed,online,2025-09-03,NO
3026,14517,138020,1928.12,failed,online,2025-09-03,NO
2913,46535,140226,1512.35,completed,online,2025-09-03,NO
1,31384,144995,894.38,completed,online,2025-09-03,NO
415,20387,145885,164.93,completed,online,2025-09-03,NO
1,38741,146770,620.07,completed,online,2025-09-03,NO
2112,1743,148320,1512.21,failed,online,2025-09-03,NO
4429,10553,149276,1385.66,failed,online,2025-09-03,NO
2348,29981,4269,982.96,completed,online,2025-09-18,NO
2863,49106,6530,1736.4,failed,online,2025-09-18,NO
952,11756,7573,113.92,failed,online,2025-09-18,NO
1,17758,8316,447.16,failed,online,2025-09-18,NO
3163,31108,9541,701.87,completed,online,2025-09-18,NO
1975,20352,10042,837.56,completed,online,2025-09-18,NO
1528,39250,10175,1433.42,completed,online,2025-09-18,NO
2350,36141,15271,889.86,failed,online,2025-09-18,NO
2029,31583,18681,579.78,failed,online,2025-09-18,NO
4474,12352,21494,892.16,completed,online,2025-09-18,NO
163,46171,23603,1089.59,failed,online,2025-09-18,NO
2483,3278,24849,1886.88,completed,online,2025-09-18,NO
2530,34779,25998,1006.4,completed,online,2025-09-18,NO
3918,9302,29690,719.6,completed,online,2025-09-18,NO
2156,32357,33543,1704.94,completed,online,2025-09-18,NO
1246,45166,33715,944.91,failed,online,2025-09-18,NO
2746,5156,43204,1781.56,completed,online,2025-09-18,NO
529,48200,44517,1271.31,failed,online,2025-09-18,NO
3295,9102,44661,686.53,failed,online,2025-09-18,NO
4978,17581,45852,1321.24,failed,online,2025-09-18,NO
3422,5184,47517,526.01,completed,online,2025-09-18,NO
22,37124,47954,586.05,completed,online,2025-09-18,NO
2153,19995,48550,918.11,failed,online,2025-09-18,NO
4829,43496,49617,1061.85,failed,online,2025-09-18,NO
1,14691,62139,198.07,completed,online,2025-09-18,NO
1,48506,63052,480.67,completed,online,2025-09-18,NO
653,40519,64330,216.64,completed,online,2025-09-18,NO
3473,16033,71095,709.17,failed,online,2025-09-18,NO
523,48482,72248,366.69,failed,online,2025-09-18,NO
1186,22104,72859,757.19,failed,online,2025-09-18,NO
618,28416,76423,1764.16,completed,online,2025-09-18,NO
1938,8411,77156,840.84,failed,online,2025-09-18,NO
2738,49015,78137,543.21,completed,online,2025-09-18,NO
1124,43354,78990,1017.1,completed,online,2025-09-18,NO
2920,32647,79864,1020.86,completed,online,2025-09-18,NO
4107,49705,83913,1787.63,failed,online,2025-09-18,NO
3800,20648,84232,556.57,failed,online,2025-09-18,NO
2982,24472,85524,1640.78,failed,online,2025-09-18,NO
4789,5703,85789,1807.82,failed,online,2025-09-18,NO
4757,29756,85814,1708.22,completed,online,2025-09-18,NO
3572,46825,86224,167.43,failed,online,2025-09-18,NO
2491,22848,87247,1147.66,failed,online,2025-09-18,NO
786,49021,90277,504.43,failed,online,2025-09-18,NO
2791,23462,91572,1828.85,failed,online,2025-09-18,NO
1,21727,91940,527.59,completed,online,2025-09-18,NO
4227,42873,94543,332.53,failed,online,2025-09-18,NO
2265,33764,96068,1204.02,failed,online,2025-09-18,NO
4183,21463,99696,1069.61,completed,online,2025-09-18,NO
1,32642,101661,1764.81,failed,online,2025-09-18,NO
4478,23768,101799,471.42,completed,online,2025-09-18,NO
1,26596,104256,890.69,completed,online,2025-09-18,NO
3665,5521,108280,1858.83,completed,UNKNOWN,2025-09-18,NO
1,6139,110521,1030.37,completed,online,2025-09-18,NO
451,41266,113878,1305.95,completed,online,2025-09-18,NO
3508,26231,116638,1616.35,failed,online,2025-09-18,NO
4619,30371,117223,671.06,completed,online,2025-09-18,NO
2882,33514,121878,126.2,completed,online,2025-09-18,NO
547,35599,123248,48.81,completed,online,2025-09-18,NO
276,39759,125781,1334.85,completed,online,2025-09-18,NO
1,46363,126158,1472.46,failed,online,2025-09-18,NO
2904,26314,127252,365.41,completed,online,2025-09-18,NO
4480,27195,132324,741.04,failed,online,2025-09-18,NO
1,18462,133981,343.64,failed,online,2025-09-18,NO
1371,8355,139851,34.66,completed,online,2025-09-18,NO
4790,49566,140254,83.77,completed,online,2025-09-18,NO
1,9939,140295,1093.83,completed,online,2025-09-18,NO
1,14537,141222,1714.13,completed,online,2025-09-18,NO
1,29007,146272,197.84,failed,online,2025-09-18,NO
