product_id,customer_id,transaction_id,amount,status,channel,transaction_date,fraud_flag
4059,42928,1350,1704.02,completed,online,2025-06-13,NO
2422,33886,2031,1762.44,completed,online,2025-06-13,NO
1772,40148,2284,515.07,failed,online,2025-06-13,NO
3511,37780,2521,314.08,completed,online,2025-06-13,NO
1476,33651,3028,1482.19,completed,online,2025-06-13,NO
2433,36166,3654,1161.32,completed,online,2025-06-13,NO
39,30725,3749,1381.44,failed,online,2025-06-13,NO
1155,19932,4040,1619.55,completed,online,2025-06-13,NO
3385,49674,4784,1057.43,failed,online,2025-06-13,NO
3215,40228,5344,707.12,completed,online,2025-06-13,NO
4733,17233,5500,927.38,failed,online,2025-06-13,NO
2209,11750,7257,227.32,completed,online,2025-06-13,NO
1,11058,10728,400.33,failed,online,2025-06-13,NO
1920,10736,14507,463.84,failed,online,2025-06-13,NO
485,8669,14638,506.82,completed,online,2025-06-13,NO
4252,19614,18911,369.06,completed,online,2025-06-13,NO
4187,48571,20199,1008.71,failed,online,2025-06-13,NO
2621,28869,22983,356.68,failed,online,2025-06-13,NO
1,8375,23099,1986.69,completed,online,2025-06-13,NO
2536,35794,28359,1145.37,failed,online,2025-06-13,NO
3284,2098,29350,1945.34,completed,online,2025-06-13,NO
3336,41834,30106,371.17,completed,online,2025-06-13,NO
4010,3382,32254,1385.96,failed,online,2025-06-13,NO
4552,21314,34148,1664.26,completed,online,2025-06-13,NO
4380,44777,34461,422.51,completed,online,2025-06-13,NO
1,24048,37207,1108.86,failed,online,2025-06-13,NO
1350,17021,38022,1097.47,completed,online,2025-06-13,NO
3636,6721,38451,53.68,failed,online,2025-06-13,NO
2937,48645,48111,1709.65,failed,online,2025-06-13,NO
1008,45706,54448,742.37,failed,online,2025-06-13,NO
1095,47195,56840,1568.18,completed,online,2025-06-13,NO
2336,28255,56868,1765.54,failed,online,2025-06-13,NO
2186,8902,57771,443.83,completed,online,2025-06-13,NO
3172,23848,60625,68.86,completed,online,2025-06-13,NO
4347,9763,63007,27.5,completed,UNKNOWN,2025-06-13,NO
931,3033,63203,762.5,completed,online,2025-06-13,NO
2457,8866,63505,1146.96,completed,online,2025-06-13,NO
1771,8383,63578,871.87,failed,online,2025-06-13,NO
1,37164,64185,95.87,completed,online,2025-06-13,NO
3652,10033,66469,881.04,failed,online,2025-06-13,NO
3806,39989,75781,503.06,completed,online,2025-06-13,NO
4006,14236,77430,289.75,completed,online,2025-06-13,NO
2467,28979,81708,1384.93,failed,online,2025-06-13,NO
2233,18552,81726,1421.12,failed,online,2025-06-13,NO
4310,9979,87281,950.64,completed,online,2025-06-13,NO
1261,31053,89809,87.03,failed,online,2025-06-13,NO
2261,30645,93083,1127.75,failed,online,2025-06-13,NO
3897,4966,93640,1995.47,failed,online,2025-06-13,NO
1,20742,94714,690.55,failed,online,2025-06-13,NO
1,45321,95435,543.59,failed,online,2025-06-13,NO
2033,7067,96226,240.1,completed,online,2025-06-13,NO
839,22265,98503,1732.7,completed,online,2025-06-13,NO
4838,38377,99603,731.1,failed,online,2025-06-13,NO
3290,48279,100881,272.18,completed,online,2025-06-13,NO
3623,32121,102113,1347.65,failed,online,2025-06-13,NO
1557,35575,103839,448.42,completed,online,2025-06-13,NO
1,11910,105733,1747.71,failed,online,2025-06-13,NO
1,37368,105735,126.12,failed,online,2025-06-13,NO
1,42995,106064,1662.5,completed,online,2025-06-13,NO
3507,33929,107208,780.68,failed,online,2025-06-13,NO
4122,23180,107869,563.93,completed,online,2025-06-13,NO
384,38750,109432,76.25,failed,online,2025-06-13,NO
1,28297,112640,843.91,failed,online,2025-06-13,NO
2230,46924,114621,1985.12,completed,online,2025-06-13,NO
499,36774,115716,1130.09,failed,online,2025-06-13,NO
461,31028,115919,1389.9,failed,online,2025-06-13,NO
1391,25507,119681,1130.79,failed,online,2025-06-13,NO
123,40275,120837,561.8,completed,online,2025-06-13,NO
4927,141,121687,284.22,failed,online,2025-06-13,NO
2912,10230,125768,1697.34,completed,online,2025-06-13,NO
1,808,127529,1199.83,failed,online,2025-06-13,NO
1,39968,127924,1789.19,failed,online,2025-06-13,NO
1701,43039,129638,699.33,completed,online,2025-06-13,NO
1,9982,129650,1219.51,failed,online,2025-06-13,NO
1433,37701,129781,5409.403696028199,failed,online,2025-06-13,NO
3630,24446,130774,1601.74,failed,online,2025-06-13,NO
3642,1453,133347,1545.54,completed,online,2025-06-13,NO
2253,18219,134228,1930.79,completed,online,2025-06-13,NO
3118,42990,137760,933.34,completed,online,2025-06-13,NO
3546,32652,142720,1359.56,failed,online,2025-06-13,NO
1,35185,143452,1421.21,failed,online,2025-06-13,NO
4419,32526,144094,683.5,completed,online,2025-06-13,NO
365,13790,145849,1343.93,failed,online,2025-06-13,NO
3929,18284,146834,740.77,failed,online,2025-06-13,NO
1,1258,146996,979.99,failed,online,2025-06-13,NO
1,31541,148065,647.49,completed,online,2025-06-13,NO
2385,2161,148440,1313.0,failed,online,2025-06-13,NO
1194,1983,148939,1743.07,failed,online,2025-06-13,NO
2013,26180,149416,810.74,completed,online,2025-06-13,NO
1,18986,149878,1202.14,failed,online,2025-06-13,NO
1877,16291,885,778.57,failed,online,2025-11-01,NO
3290,47262,1913,385.12,failed,online,2025-11-01,NO
1,299,2495,163.91,completed,online,2025-11-01,NO
655,46485,3451,702.46,failed,online,2025-11-01,NO
1,12118,5560,789.96,failed,online,2025-11-01,NO
4189,4359,7665,1135.21,completed,online,2025-11-01,NO
1,8957,17908,805.32,failed,online,2025-11-01,NO
1,6387,18297,1795.7,completed,online,2025-11-01,NO
1,25967,18964,910.82,completed,online,2025-11-01,NO
1972,40214,19154,288.14,completed,online,2025-11-01,NO
1,29950,21625,1575.87,failed,online,2025-11-01,NO
3786,49827,24368,1028.99,completed,online,2025-11-01,NO
4737,22380,24531,1247.15,completed,online,2025-11-01,NO
703,9824,25303,917.95,completed,online,2025-11-01,NO
1,4173,25333,1193.94,failed,online,2025-11-01,NO
837,25414,25448,879.03,completed,online,2025-11-01,NO
3701,2217,26098,23.68,failed,online,2025-11-01,NO
4388,18941,26289,1128.93,completed,online,2025-11-01,NO
3184,19235,30545,1143.75,failed,online,2025-11-01,NO
1,26752,31661,1279.95,completed,online,2025-11-01,NO
1083,10997,32089,100.22,failed,online,2025-11-01,NO
2363,38314,33379,1279.92,completed,UNKNOWN,2025-11-01,NO
1611,5812,34751,113.1,completed,online,2025-11-01,NO
1,1194,35065,489.27,failed,online,2025-11-01,NO
1,29572,39720,903.22,completed,online,2025-11-01,NO
3880,41553,40196,1361.53,failed,online,2025-11-01,NO
4995,11466,42340,717.21,failed,online,2025-11-01,NO
2350,20538,43187,1843.95,completed,online,2025-11-01,NO
3146,36113,44236,1309.78,completed,online,2025-11-01,NO
4382,22711,45253,1318.86,failed,online,2025-11-01,NO
2025,38605,46684,1476.02,completed,online,2025-11-01,NO
2602,24844,48033,658.15,completed,online,2025-11-01,NO
537,49689,48085,181.16,completed,online,2025-11-01,NO
1,16931,50078,825.6,completed,online,2025-11-01,NO
3099,17537,53253,1204.62,completed,online,2025-11-01,NO
855,9318,53424,1294.55,completed,online,2025-11-01,NO
1354,42070,55052,137.75,completed,online,2025-11-01,NO
1,12508,58221,910.24,failed,online,2025-11-01,NO
4428,8828,58271,346.28,completed,online,2025-11-01,NO
2322,1210,65938,1259.84,failed,online,2025-11-01,NO
2358,15449,66129,1094.12,failed,online,2025-11-01,NO
1,28422,66956,870.96,completed,online,2025-11-01,NO
1459,48993,68161,1457.82,completed,online,2025-11-01,NO
3757,12882,71948,139.76,failed,online,2025-11-01,NO
3766,29604,75910,370.91,completed,online,2025-11-01,NO
1016,39176,77886,1226.08,failed,online,2025-11-01,NO
1038,11226,79748,543.53,completed,online,2025-11-01,NO
2513,27605,80388,1162.26,completed,online,2025-11-01,NO
3784,15637,82880,1787.95,completed,online,2025-11-01,NO
588,32673,87389,21.98,completed,online,2025-11-01,NO
226,49082,88252,1724.23,completed,online,2025-11-01,NO
3481,40535,89266,92.4,failed,online,2025-11-01,NO
4122,44291,90145,405.26,completed,online,2025-11-01,NO
1,19732,91405,1249.42,failed,online,2025-11-01,NO
4063,2284,94848,1266.2,failed,online,2025-11-01,NO
1344,34163,95074,1022.76,completed,online,2025-11-01,NO
1,2629,96023,1709.39,failed,online,2025-11-01,NO
1140,38720,98188,866.05,completed,online,2025-11-01,NO
4553,12734,101300,267.17,failed,online,2025-11-01,NO
3528,12616,102270,363.99,failed,online,2025-11-01,NO
305,41652,102802,639.93,completed,online,2025-11-01,NO
4103,45169,103077,812.4,failed,online,2025-11-01,NO
3410,49772,103684,363.66,failed,online,2025-11-01,NO
3915,37783,103985,853.39,failed,online,2025-11-01,NO
2830,24188,105831,237.28,completed,online,2025-11-01,NO
1,40034,105877,1286.07,failed,online,2025-11-01,NO
1213,49802,108006,1647.39,completed,online,2025-11-01,NO
2392,9583,108471,1523.78,failed,online,2025-11-01,NO
3994,10184,110879,405.96,failed,online,2025-11-01,NO
4476,8088,111312,1773.51,completed,online,2025-11-01,NO
4877,3255,112962,1395.25,failed,online,2025-11-01,NO
1681,31242,113203,169.0,failed,online,2025-11-01,NO
218,48834,113400,1507.91,completed,online,2025-11-01,NO
1582,13581,113491,634.73,completed,online,2025-11-01,NO
4005,43917,113958,615.98,failed,online,2025-11-01,NO
1,49836,116564,132.43,failed,online,2025-11-01,NO
3774,17105,117585,1596.6,completed,online,2025-11-01,NO
1873,10760,118407,423.85,failed,online,2025-11-01,NO
3913,8332,120261,1477.88,completed,online,2025-11-01,NO
393,6076,120773,1674.86,failed,online,2025-11-01,NO
2727,15417,124379,1807.8,completed,online,2025-11-01,NO
1,10954,126786,1140.19,completed,online,2025-11-01,NO
4984,39323,127728,1639.65,failed,online,2025-11-01,NO
939,19092,132278,1189.93,completed,online,2025-11-01,NO
1466,12802,133300,174.48,completed,online,2025-11-01,NO
2385,11317,134336,631.32,failed,online,2025-11-01,NO
527,26981,138662,764.57,completed,online,2025-11-01,NO
1,2925,139074,795.56,failed,online,2025-11-01,NO
754,1698,139261,205.82,failed,online,2025-11-01,NO
2602,9994,143595,1666.35,failed,online,2025-11-01,NO
1,34119,781,1930.81,failed,online,2025-08-17,NO
4676,42047,1202,258.01,failed,online,2025-08-17,NO
2402,46150,2124,1326.48,failed,online,2025-08-17,NO
2828,20272,4871,267.72,completed,online,2025-08-17,NO
18,40983,9849,1170.56,failed,online,2025-08-17,NO
990,17231,11926,1792.65,failed,online,2025-08-17,NO
3581,36957,13127,609.06,completed,online,2025-08-17,NO
1,31464,14688,674.77,completed,online,2025-08-17,NO
1,2287,16388,269.06,completed,online,2025-08-17,NO
454,39991,16997,848.6,failed,online,2025-08-17,NO
2624,28965,17788,875.28,failed,online,2025-08-17,NO
1,36875,18994,765.31,completed,online,2025-08-17,NO
2816,27576,19056,1638.96,failed,online,2025-08-17,NO
3234,33111,21740,1025.81,completed,online,2025-08-17,NO
385,11173,22072,1260.92,completed,online,2025-08-17,NO
3686,20313,22914,1818.79,failed,UNKNOWN,2025-08-17,NO
2755,10406,23090,1817.85,failed,online,2025-08-17,NO
332,6480,23616,765.47,failed,online,2025-08-17,NO
1,37411,24155,1553.19,failed,online,2025-08-17,NO
3283,34393,24629,159.76,completed,online,2025-08-17,NO
345,44789,27706,161.11,completed,online,2025-08-17,NO
1,42836,28666,942.08,failed,online,2025-08-17,NO
4003,26507,29450,136.1,completed,online,2025-08-17,NO
275,2842,30224,1742.73,failed,online,2025-08-17,NO
2037,14742,30265,426.43,completed,online,2025-08-17,NO
1,17902,30396,1773.72,failed,online,2025-08-17,NO
699,39893,31730,768.02,completed,online,2025-08-17,NO
484,266,31942,1586.79,failed,online,2025-08-17,NO
3649,45040,32656,918.43,completed,online,2025-08-17,NO
4911,6476,34134,960.79,completed,online,2025-08-17,NO
979,5493,34977,1068.86,completed,online,2025-08-17,NO
2716,24587,36927,445.75,failed,online,2025-08-17,NO
3914,45881,37644,1135.15,completed,online,2025-08-17,NO
593,35989,39718,1705.88,completed,online,2025-08-17,NO
4360,16630,39948,1000.9,completed,online,2025-08-17,NO
3937,9733,41677,1696.49,failed,online,2025-08-17,NO
1,34238,47322,560.0,failed,online,2025-08-17,NO
4461,22610,49849,1931.59,completed,online,2025-08-17,NO
1,22782,50004,1353.47,completed,online,2025-08-17,NO
1476,31107,51236,732.04,completed,online,2025-08-17,NO
1,43673,51739,1477.44,failed,online,2025-08-17,NO
587,41138,56793,544.76,failed,online,2025-08-17,NO
1,41542,57047,1324.31,completed,online,2025-08-17,NO
134,4817,57139,816.48,completed,online,2025-08-17,NO
1,28076,62435,1737.89,failed,online,2025-08-17,NO
1,26944,63215,1792.4,failed,online,2025-08-17,NO
4421,3311,63418,549.9,completed,online,2025-08-17,NO
1834,923,67695,526.7,failed,online,2025-08-17,NO
2094,6085,68340,1346.64,completed,online,2025-08-17,NO
2161,27194,71735,1429.44,completed,online,2025-08-17,NO
1,28964,73163,980.49,completed,online,2025-08-17,NO
2320,28395,74092,1528.57,completed,online,2025-08-17,NO
11,1105,77251,1624.32,failed,online,2025-08-17,NO
4335,14440,78387,1485.8,completed,online,2025-08-17,NO
4843,35185,80173,1730.55,completed,UNKNOWN,2025-08-17,NO
4384,40811,80316,298.42,completed,online,2025-08-17,NO
437,39077,80438,621.35,completed,online,2025-08-17,NO
3169,38202,83505,265.34,completed,online,2025-08-17,NO
1957,42968,83978,187.93,failed,online,2025-08-17,NO
1,22722,87710,829.91,failed,online,2025-08-17,NO
1740,40830,90106,1978.79,failed,online,2025-08-17,NO
834,7263,91208,42.58,failed,online,2025-08-17,NO
4122,42340,91329,778.01,failed,online,2025-08-17,NO
1,44408,91582,1595.37,failed,online,2025-08-17,NO
1836,8244,94817,1220.59,failed,online,2025-08-17,NO
4115,46670,95744,1285.82,completed,online,2025-08-17,NO
4809,22433,96229,794.91,completed,online,2025-08-17,NO
1395,39946,102582,1083.93,completed,online,2025-08-17,NO
2609,41395,105203,357.37,completed,online,2025-08-17,NO
4004,22550,106548,8224.060602547399,completed,online,2025-08-17,NO
3536,6589,107175,818.14,failed,online,2025-08-17,NO
1,34735,107392,413.53,completed,online,2025-08-17,NO
4152,30248,107783,1070.04,completed,online,2025-08-17,NO
1422,5891,108505,1866.72,completed,online,2025-08-17,NO
1741,29193,109019,280.32,failed,online,2025-08-17,NO
562,36800,111341,591.63,failed,online,2025-08-17,NO
2718,37386,112913,200.41,failed,online,2025-08-17,NO
1,1388,113574,465.13,completed,online,2025-08-17,NO
771,49685,113697,1633.68,failed,online,2025-08-17,NO
2436,39886,116623,1453.7,failed,online,2025-08-17,NO
1123,46522,119459,1914.52,completed,online,2025-08-17,NO
1803,10412,120047,229.9,failed,online,2025-08-17,NO
2326,32294,124804,1682.06,completed,online,2025-08-17,NO
1046,12415,126300,781.14,failed,online,2025-08-17,NO
1764,28726,129925,625.5,completed,online,2025-08-17,NO
3284,45020,135138,1945.0,completed,online,2025-08-17,NO
3540,525,135686,1889.76,completed,online,2025-08-17,NO
1,42062,140461,1591.3,failed,online,2025-08-17,NO
1648,25177,145139,219.57,completed,online,2025-08-17,NO
3253,8040,147809,1571.75,failed,online,2025-08-17,NO
3979,43024,1412,885.13,failed,online,2025-12-23,NO
3296,38395,1735,1340.04,failed,online,2025-12-23,NO
2272,29901,2338,1908.92,completed,online,2025-12-23,NO
1,26765,2654,32.97,failed,online,2025-12-23,NO
1,7272,4930,841.45,failed,online,2025-12-23,NO
2057,7823,11590,706.71,completed,online,2025-12-23,NO
3956,23531,15166,162.17,failed,online,2025-12-23,NO
2130,24556,15213,784.18,failed,online,2025-12-23,NO
1,27164,17405,1880.9,completed,online,2025-12-23,NO
4848,13786,18995,1825.12,completed,online,2025-12-23,NO
4140,2769,20222,1244.23,failed,online,2025-12-23,NO
1391,42874,21102,597.04,completed,online,2025-12-23,NO
1983,392,22324,1611.74,completed,online,2025-12-23,NO
1695,28007,22931,1160.59,failed,UNKNOWN,2025-12-23,NO
1,14565,24373,656.8,completed,online,2025-12-23,NO
3643,14962,29565,1469.37,failed,online,2025-12-23,NO
1,42861,30352,1890.09,failed,online,2025-12-23,NO
3665,39901,32099,1658.13,failed,online,2025-12-23,NO
69,32544,32807,110.25,completed,online,2025-12-23,NO
1,12577,35562,627.77,completed,online,2025-12-23,NO
2380,18055,35676,1741.29,failed,online,2025-12-23,NO
1,38651,35743,1503.75,completed,online,2025-12-23,NO
4197,46502,36798,1259.1,failed,online,2025-12-23,NO
1642,48114,38807,819.8,completed,online,2025-12-23,NO
3116,29976,39922,1417.7,completed,online,2025-12-23,NO
1819,49510,44393,1216.05,failed,online,2025-12-23,NO
2925,44868,46225,977.25,failed,online,2025-12-23,NO
632,34658,46807,1325.57,failed,online,2025-12-23,NO
1,36014,49985,1287.78,completed,online,2025-12-23,NO
2727,30674,51886,862.87,completed,online,2025-12-23,NO
4539,48104,52146,1809.1,completed,online,2025-12-23,NO
840,21128,54142,335.35,failed,online,2025-12-23,NO
1462,20008,55525,560.69,completed,online,2025-12-23,NO
3785,37663,55946,1402.11,completed,online,2025-12-23,NO
609,31921,59052,512.8,failed,online,2025-12-23,NO
4526,23862,59514,1028.65,failed,online,2025-12-23,NO
2878,4948,60098,352.58,failed,online,2025-12-23,NO
804,44666,63544,1414.3,failed,online,2025-12-23,NO
4597,7183,67264,1929.76,failed,online,2025-12-23,NO
3767,4151,69298,333.34,completed,online,2025-12-23,NO
3015,34873,69495,1839.1,failed,online,2025-12-23,NO
3112,7559,70415,1512.49,failed,online,2025-12-23,NO
2334,4740,72442,508.81,completed,online,2025-12-23,NO
837,22407,72478,1032.35,completed,online,2025-12-23,NO
919,15263,75165,1640.01,failed,online,2025-12-23,NO
1153,28424,76163,637.48,completed,online,2025-12-23,NO
2214,8854,81469,1962.71,failed,online,2025-12-23,NO
55,7973,82208,1574.41,completed,online,2025-12-23,NO
2781,46096,82736,239.62,completed,online,2025-12-23,NO
110,41862,84891,895.39,failed,online,2025-12-23,NO
3682,48008,86341,159.01,completed,online,2025-12-23,NO
1,39207,86592,372.56,completed,online,2025-12-23,NO
4208,5346,86721,535.34,completed,online,2025-12-23,NO
3044,22803,91377,1506.77,completed,online,2025-12-23,NO
1,26602,91599,415.42,failed,online,2025-12-23,NO
2821,5513,91723,758.05,failed,online,2025-12-23,NO
4928,27676,93335,1037.15,failed,online,2025-12-23,NO
74,2826,93892,992.86,completed,online,2025-12-23,NO
2770,15332,95220,1540.53,failed,online,2025-12-23,NO
304,32595,96834,452.98,completed,online,2025-12-23,NO
617,19793,99073,654.24,failed,online,2025-12-23,NO
957,11662,101705,1208.41,completed,online,2025-12-23,NO
2681,24525,102467,529.05,completed,online,2025-12-23,NO
785,14305,102693,673.53,failed,online,2025-12-23,NO
1268,43094,108584,9496.122586974283,completed,online,2025-12-23,NO
4328,10147,109668,888.07,completed,online,2025-12-23,NO
3212,13595,109687,1941.55,failed,online,2025-12-23,NO
2275,14968,110384,1917.48,failed,online,2025-12-23,NO
3322,47212,110577,502.43,completed,online,2025-12-23,NO
1269,31951,116842,973.34,failed,online,2025-12-23,NO
1,97,117269,802.2,completed,online,2025-12-23,NO
2128,27860,118676,1014.86,failed,online,2025-12-23,NO
1,36913,121003,1898.58,failed,online,2025-12-23,NO
3371,22246,121990,96.08,failed,online,2025-12-23,NO
4079,15785,123069,1680.31,completed,online,2025-12-23,NO
2953,34324,123555,1781.09,failed,online,2025-12-23,NO
4056,21337,124889,563.37,failed,online,2025-12-23,NO
3569,18775,124970,346.06,failed,online,2025-12-23,NO
1,26810,129955,1635.4,completed,online,2025-12-23,NO
2491,18710,131968,966.96,failed,online,2025-12-23,NO
2623,20221,132135,515.36,failed,online,2025-12-23,NO
908,12510,133621,142.36,failed,online,2025-12-23,NO
2571,8363,134496,1952.59,completed,online,2025-12-23,NO
3337,31760,135023,255.84,failed,online,2025-12-23,NO
1,48977,136028,1225.75,completed,online,2025-12-23,NO
47,28542,136279,169.66,failed,online,2025-12-23,NO
1792,40414,138359,110.1,completed,online,2025-12-23,NO
1,11750,142178,17.89,failed,online,2025-12-23,NO
3226,32609,147175,281.07,completed,online,2025-12-23,NO
2658,24405,149420,1371.64,completed,online,2025-12-23,NO
3218,10134,1883,950.92,failed,online,2025-12-26,NO
2654,41458,3945,1907.74,completed,online,2025-12-26,NO
1083,6747,7357,840.5,completed,online,2025-12-26,NO
3247,7519,9804,1502.57,completed,online,2025-12-26,NO
1,30078,10178,674.8,completed,online,2025-12-26,NO
4294,35439,20264,1533.15,completed,online,2025-12-26,NO
1150,42097,22861,1653.75,failed,online,2025-12-26,NO
4533,15590,23357,1001.11,completed,online,2025-12-26,NO
903,2134,25424,49.21,failed,online,2025-12-26,NO
1,3450,27431,1259.55,completed,online,2025-12-26,NO
3436,31608,32208,1346.78,failed,online,2025-12-26,NO
2684,23068,33227,862.21,completed,online,2025-12-26,NO
2080,122,33587,1744.34,completed,online,2025-12-26,NO
1773,42963,33737,1536.56,completed,online,2025-12-26,NO
1,12182,34631,951.6,completed,online,2025-12-26,NO
931,31180,35006,1846.09,completed,online,2025-12-26,NO
595,46842,38195,1331.03,failed,online,2025-12-26,NO
1468,11355,38705,1386.31,failed,online,2025-12-26,NO
1,42067,41546,1304.47,failed,online,2025-12-26,NO
4563,7840,43254,1012.9,failed,online,2025-12-26,NO
4288,14103,47544,1551.59,failed,online,2025-12-26,NO
4761,16615,47755,1091.24,failed,online,2025-12-26,NO
1904,8818,50040,1897.85,failed,UNKNOWN,2025-12-26,NO
1,30217,50399,897.96,completed,online,2025-12-26,NO
920,18822,51267,1722.68,failed,online,2025-12-26,NO
273,42616,53719,1915.01,failed,online,2025-12-26,NO
3841,4371,53737,1915.53,failed,online,2025-12-26,NO
3864,20808,55016,18.12,completed,online,2025-12-26,NO
4403,7934,55758,76.54,failed,online,2025-12-26,NO
1,33236,56436,990.97,completed,online,2025-12-26,NO
1011,22152,61055,1539.2,completed,online,2025-12-26,NO
1,46461,61098,563.92,failed,online,2025-12-26,NO
2629,35346,64543,928.19,completed,online,2025-12-26,NO
218,20592,65541,678.36,failed,online,2025-12-26,NO
3140,32876,69050,188.97,completed,online,2025-12-26,NO
323,37322,69072,1767.3,failed,online,2025-12-26,NO
1,47551,69230,788.72,failed,online,2025-12-26,NO
4843,25432,69546,1375.47,completed,online,2025-12-26,NO
391,49582,69566,685.97,completed,online,2025-12-26,NO
3376,17513,71862,272.45,completed,online,2025-12-26,NO
1,32437,72730,897.69,completed,online,2025-12-26,NO
1995,24365,74024,201.78,failed,online,2025-12-26,NO
1578,5206,74685,613.77,failed,online,2025-12-26,NO
2408,45204,77970,557.35,failed,online,2025-12-26,NO
1091,17949,78210,54.4,failed,online,2025-12-26,NO
440,18408,78356,1021.88,failed,online,2025-12-26,NO
1,15144,78755,1429.06,completed,online,2025-12-26,NO
82,43674,80870,1273.01,completed,online,2025-12-26,NO
2490,42874,82916,1636.55,completed,online,2025-12-26,NO
352,2164,83591,984.33,completed,online,2025-12-26,NO
4384,4555,84286,1277.67,completed,online,2025-12-26,NO
1326,8565,84971,517.92,completed,online,2025-12-26,NO
747,23715,86215,726.7,failed,online,2025-12-26,NO
35,19197,87588,1848.47,completed,online,2025-12-26,NO
1494,43382,89590,1052.49,failed,online,2025-12-26,NO
789,31025,89838,1238.94,completed,online,2025-12-26,NO
1,33668,91894,421.27,failed,online,2025-12-26,NO
2606,39387,92945,1292.98,failed,UNKNOWN,2025-12-26,NO
1,30586,97565,1585.92,failed,online,2025-12-26,NO
2379,29083,99422,808.64,completed,online,2025-12-26,NO
1,116,100796,1348.97,failed,online,2025-12-26,NO
1,17451,102846,649.56,failed,online,2025-12-26,NO
3087,19282,106903,1031.15,completed,online,2025-12-26,NO
4376,42845,109884,1835.9,failed,online,2025-12-26,NO
3032,17189,112066,1383.12,failed,online,2025-12-26,NO
1790,25025,112373,638.67,completed,online,2025-12-26,NO
898,46923,112642,321.31,completed,online,2025-12-26,NO
3069,24220,115700,869.05,failed,online,2025-12-26,NO
3015,31667,116162,696.32,failed,online,2025-12-26,NO
718,44723,116835,872.03,failed,online,2025-12-26,NO
3243,19488,119415,634.68,completed,online,2025-12-26,NO
1,29295,120035,1264.31,completed,online,2025-12-26,NO
813,17236,121354,1694.37,failed,online,2025-12-26,NO
1539,40614,123041,182.14,failed,online,2025-12-26,NO
1972,41948,124735,286.35,completed,online,2025-12-26,NO
2815,21748,125239,1496.52,completed,online,2025-12-26,NO
1913,31540,126646,1703.17,failed,online,2025-12-26,NO
2458,46209,132547,599.2,failed,online,2025-12-26,NO
4185,18634,133119,1304.33,failed,online,2025-12-26,NO
3276,29318,135699,1951.5,completed,online,2025-12-26,NO
2704,43129,137620,115.55,completed,online,2025-12-26,NO
39,27222,141795,1241.19,failed,online,2025-12-26,NO
3430,45892,142031,1076.16,failed,online,2025-12-26,NO
1748,6128,145191,334.17,completed,online,2025-12-26,NO
1888,12491,145342,868.89,failed,online,2025-12-26,NO
2109,5155,145409,501.21,failed,online,2025-12-26,NO
551,39609,146733,750.6,completed,online,2025-12-26,NO
3061,5624,148508,261.15,completed,online,2025-12-26,NO
2516,15142,149241,234.42,completed,online,2025-12-26,NO
4782,12482,149350,1404.67,failed,online,2025-12-26,NO
1,40731,2559,1329.71,failed,online,2025-12-15,NO
1,5798,6480,1598.98,completed,online,2025-12-15,NO
2087,49349,10371,128.95,failed,online,2025-12-15,NO
1243,15231,12227,177.26,completed,online,2025-12-15,NO
3340,16229,12542,127.46,failed,online,2025-12-15,NO
1,38930,13301,949.21,failed,online,2025-12-15,NO
3562,39589,14556,1894.18,completed,online,2025-12-15,NO
3625,5683,15330,1788.19,completed,online,2025-12-15,NO
3328,30159,15546,1022.8,failed,online,2025-12-15,NO
1,40647,16608,1701.52,completed,online,2025-12-15,NO
4982,10617,17969,1745.4,failed,online,2025-12-15,NO
788,22864,18816,1066.72,completed,online,2025-12-15,NO
3196,24933,18969,1654.05,failed,online,2025-12-15,NO
700,8564,19925,1289.28,completed,online,2025-12-15,NO
1804,46525,26423,889.97,failed,online,2025-12-15,NO
4470,17680,29387,524.26,completed,online,2025-12-15,NO
1,5110,29653,1157.14,completed,online,2025-12-15,NO
1,1977,30626,82.74,failed,online,2025-12-15,NO
2052,18784,32431,1918.31,completed,online,2025-12-15,NO
4559,18988,33873,557.14,failed,online,2025-12-15,NO
4435,22408,34718,1987.22,completed,online,2025-12-15,NO
4055,3461,35805,683.5,completed,online,2025-12-15,NO
1,10962,37339,201.11,failed,online,2025-12-15,NO
3928,3210,40199,1974.13,failed,online,2025-12-15,NO
2237,49689,40762,73.08,completed,online,2025-12-15,NO
986,4318,41682,37.71,completed,online,2025-12-15,NO
2510,6303,42259,1241.55,completed,online,2025-12-15,NO
1,6113,43208,1046.16,completed,online,2025-12-15,NO
2374,29781,47438,433.21,completed,online,2025-12-15,NO
3163,39565,48653,1402.7,failed,online,2025-12-15,NO
534,49879,49316,560.26,failed,online,2025-12-15,NO
1,24237,51803,1219.98,failed,online,2025-12-15,NO
1,36938,56742,114.3,failed,online,2025-12-15,NO
1067,3092,58371,197.32,failed,online,2025-12-15,NO
3863,849,61842,804.02,completed,online,2025-12-15,NO
3189,28979,61951,697.6,completed,online,2025-12-15,NO
3355,6421,62002,24.03,failed,online,2025-12-15,NO
1245,42672,65714,1315.4,completed,online,2025-12-15,NO
32,49189,66036,1021.82,completed,online,2025-12-15,NO
3573,12398,67076,638.87,completed,online,2025-12-15,NO
319,37074,72057,164.08,completed,online,2025-12-15,NO
2962,26265,72907,424.69,failed,online,2025-12-15,NO
3170,46878,74768,1494.05,completed,online,2025-12-15,NO
4376,14068,77019,1921.84,failed,online,2025-12-15,NO
4867,33985,77865,87.44,failed,online,2025-12-15,NO
1,6557,79287,1885.58,failed,online,2025-12-15,NO
1015,11286,80465,772.89,failed,online,2025-12-15,NO
2780,38234,81400,1775.06,completed,online,2025-12-15,NO
2981,6296,83719,424.2,completed,online,2025-12-15,NO
3002,23730,85112,1455.74,completed,online,2025-12-15,NO
3858,2472,85662,248.91,completed,online,2025-12-15,NO
4481,31816,87824,769.79,failed,online,2025-12-15,NO
1,35665,89497,505.54,completed,online,2025-12-15,NO
3947,34744,90130,1953.63,completed,online,2025-12-15,NO
2040,15271,92066,1572.37,completed,UNKNOWN,2025-12-15,NO
1,44621,92664,1747.0,completed,online,2025-12-15,NO
3377,19397,92888,1128.22,completed,online,2025-12-15,NO
1016,36122,93376,1471.15,failed,online,2025-12-15,NO
1618,43568,93543,392.79,failed,online,2025-12-15,NO
4314,36427,95189,703.51,completed,online,2025-12-15,NO
1,2681,96441,1857.58,failed,online,2025-12-15,NO
3080,42980,96551,1697.41,completed,online,2025-12-15,NO
1728,20482,98005,1050.2,failed,online,2025-12-15,NO
1,5450,98215,1433.82,failed,online,2025-12-15,NO
4598,36328,105076,1151.92,failed,online,2025-12-15,NO
4054,45308,110168,1586.22,completed,online,2025-12-15,NO
2143,26573,111566,1436.96,completed,online,2025-12-15,NO
1,34719,113767,8583.984541394639,completed,online,2025-12-15,NO
2302,27591,115312,687.45,completed,online,2025-12-15,NO
4492,5780,116481,1370.58,failed,online,2025-12-15,NO
1,6593,117692,397.86,completed,online,2025-12-15,NO
1580,8510,121696,456.51,failed,online,2025-12-15,NO
1,27969,123427,302.71,completed,online,2025-12-15,NO
1,881,123529,1538.08,completed,online,2025-12-15,NO
1,26334,123605,1933.21,completed,online,2025-12-15,NO
4440,7970,126448,144.6,completed,online,2025-12-15,NO
4546,27628,127932,200.31,completed,online,2025-12-15,NO
1634,41170,129456,1693.85,failed,online,2025-12-15,NO
1,30737,131728,1937.89,failed,online,2025-12-15,NO
3993,13888,131854,280.04,completed,online,2025-12-15,NO
709,18413,132078,214.4,completed,online,2025-12-15,NO
1,11767,132236,675.74,failed,online,2025-12-15,NO
2232,343,132406,1486.24,failed,online,2025-12-15,NO
3234,46465,132711,581.49,failed,online,2025-12-15,NO
1760,43246,133012,608.78,failed,online,2025-12-15,NO
2511,8469,133850,17.88,failed,online,2025-12-15,NO
491,36943,133870,1084.35,completed,online,2025-12-15,NO
1,30408,137414,1000.7,failed,online,2025-12-15,NO
3041,32276,139884,168.44,failed,online,2025-12-15,NO
4344,41668,142902,1356.29,completed,online,2025-12-15,NO
657,29716,2348,1054.26,failed,online,2025-05-31,NO
4950,48023,2997,1685.97,completed,online,2025-05-31,NO
4290,3694,3371,1907.65,failed,online,2025-05-31,NO
2846,39874,6297,1320.62,completed,online,2025-05-31,NO
532,48273,6830,1948.61,completed,online,2025-05-31,NO
517,30064,7756,368.95,completed,online,2025-05-31,NO
1830,30787,7934,722.69,completed,online,2025-05-31,NO
4750,4161,11312,794.98,completed,online,2025-05-31,NO
519,1937,11733,855.3,failed,online,2025-05-31,NO
1,25555,13335,1555.48,failed,online,2025-05-31,NO
4333,19136,13841,689.64,completed,online,2025-05-31,NO
1,12081,15148,1990.98,failed,online,2025-05-31,NO
3116,5920,15383,1509.29,completed,online,2025-05-31,NO
1067,28198,19807,908.63,failed,online,2025-05-31,NO
4305,16874,20978,33.98,failed,online,2025-05-31,NO
4460,45,23237,334.23,completed,online,2025-05-31,NO
177,12617,31998,1200.65,failed,online,2025-05-31,NO
213,45130,32105,1928.19,failed,online,2025-05-31,NO
1,43215,33103,1170.32,completed,online,2025-05-31,NO
653,32372,34091,242.45,completed,online,2025-05-31,NO
1,18569,37084,298.92,completed,online,2025-05-31,NO
1,38076,37677,1647.29,completed,online,2025-05-31,NO
1,31195,43392,1540.97,failed,online,2025-05-31,NO
1,36205,45830,382.34,completed,online,2025-05-31,NO
2239,48953,47443,1145.32,completed,online,2025-05-31,NO
4954,5870,57726,646.05,completed,online,2025-05-31,NO
1954,40678,59794,439.4,failed,online,2025-05-31,NO
2967,46718,62927,311.28,failed,online,2025-05-31,NO
2496,26513,64418,1880.38,completed,online,2025-05-31,NO
74,48156,64720,1320.05,completed,online,2025-05-31,NO
2362,26616,65132,1257.31,completed,online,2025-05-31,NO
1,31984,66452,632.89,completed,online,2025-05-31,NO
2065,15704,68701,207.26,completed,online,2025-05-31,NO
1530,6354,69522,294.62,completed,online,2025-05-31,NO
1,10759,75046,1630.9,failed,online,2025-05-31,NO
1,23030,78946,1064.23,completed,online,2025-05-31,NO
4185,24726,79073,1263.01,failed,online,2025-05-31,NO
1,2961,79164,561.59,completed,online,2025-05-31,NO
2834,9558,82691,1462.97,completed,online,2025-05-31,NO
2217,19985,83805,1033.87,completed,online,2025-05-31,NO
2823,22795,83981,1745.69,completed,online,2025-05-31,NO
1598,42528,86413,1913.22,completed,online,2025-05-31,NO
139,19848,87732,972.09,completed,online,2025-05-31,NO
1124,23150,87966,70.27,failed,online,2025-05-31,NO
4035,21857,88911,82.75,completed,online,2025-05-31,NO
2316,23777,90141,1109.46,failed,online,2025-05-31,NO
1664,30316,92847,775.84,completed,online,2025-05-31,NO
4702,1655,93686,426.95,completed,online,2025-05-31,NO
187,9266,93693,937.42,failed,online,2025-05-31,NO
1508,25024,95215,1310.63,completed,online,2025-05-31,NO
368,604,96263,1949.07,failed,online,2025-05-31,NO
67,43232,99139,357.54,completed,online,2025-05-31,NO
110,20985,99177,1295.63,failed,online,2025-05-31,NO
1,45659,99531,1917.42,failed,online,2025-05-31,NO
4492,5763,101611,664.58,failed,online,2025-05-31,NO
1041,46701,104117,1264.17,completed,online,2025-05-31,NO
3126,17054,105730,1406.38,completed,online,2025-05-31,NO
1,21420,106748,79.6,completed,online,2025-05-31,NO
230,41494,107931,361.23,failed,online,2025-05-31,NO
1,23541,110803,1312.88,failed,online,2025-05-31,NO
1,6068,110992,1239.25,failed,online,2025-05-31,NO
3000,3752,112258,1436.06,completed,online,2025-05-31,NO
1102,9338,113077,989.09,completed,online,2025-05-31,NO
1,12127,115036,792.71,completed,online,2025-05-31,NO
1,44288,116733,644.77,failed,online,2025-05-31,NO
2202,46811,118304,861.7,failed,online,2025-05-31,NO
1449,31223,121838,833.0,failed,online,2025-05-31,NO
3475,2253,122316,364.78,completed,online,2025-05-31,NO
4630,31273,124064,1743.32,failed,online,2025-05-31,NO
4349,48388,124271,780.88,completed,online,2025-05-31,NO
1325,30320,126890,1805.84,completed,online,2025-05-31,NO
1,23477,129172,1297.43,completed,UNKNOWN,2025-05-31,NO
2405,4696,130395,500.33,completed,online,2025-05-31,NO
366,18928,130668,1344.51,failed,online,2025-05-31,NO
2689,15866,130885,1745.97,completed,online,2025-05-31,NO
1353,656,135494,523.97,failed,online,2025-05-31,NO
1,31706,135609,435.94,failed,online,2025-05-31,NO
2851,1413,138104,800.92,completed,online,2025-05-31,NO
1,34795,138942,1304.45,completed,online,2025-05-31,NO
1,26076,141327,1875.85,failed,online,2025-05-31,NO
2985,38074,141839,571.34,completed,online,2025-05-31,NO
293,14689,142209,679.5,failed,online,2025-05-31,NO
1,29555,142822,1162.6,failed,online,2025-05-31,NO
1230,1829,143029,427.22,completed,online,2025-05-31,NO
4234,39135,143064,195.31,completed,online,2025-05-31,NO
3690,26600,143335,447.68,failed,online,2025-05-31,NO
4087,9625,144570,799.29,failed,online,2025-05-31,NO
277,33125,145696,727.01,failed,online,2025-05-31,NO
305,38886,146801,540.17,failed,online,2025-05-31,NO
4331,20670,147830,897.51,completed,online,2025-05-31,NO
10,41438,869,1955.95,failed,online,2025-01-10,NO
4624,47971,1000,1320.62,failed,online,2025-01-10,NO
479,15042,1810,790.32,completed,online,2025-01-10,NO
742,16149,3517,545.49,completed,online,2025-01-10,NO
1,12223,3832,934.01,completed,online,2025-01-10,NO
2693,4111,4567,763.66,completed,online,2025-01-10,NO
4855,1660,4658,1841.7,completed,online,2025-01-10,NO
1,42340,5943,451.72,failed,online,2025-01-10,NO
4587,36021,8441,449.74,failed,online,2025-01-10,NO
235,9492,9857,1714.77,failed,online,2025-01-10,NO
1,42282,12343,83.23,failed,online,2025-01-10,NO
1,38933,12585,841.22,failed,online,2025-01-10,NO
63,8067,13432,1607.24,completed,online,2025-01-10,NO
1,10986,15414,1909.89,completed,online,2025-01-10,NO
1506,41182,18538,737.78,failed,online,2025-01-10,NO
760,37268,19648,967.33,completed,online,2025-01-10,NO
3021,43148,19937,122.32,failed,online,2025-01-10,NO
332,32939,25803,453.95,failed,online,2025-01-10,NO
1422,46338,26011,1011.27,failed,online,2025-01-10,NO
2735,24878,26931,1875.3,completed,online,2025-01-10,NO
4424,26612,27927,35.16,completed,online,2025-01-10,NO
1,9011,27962,1070.54,completed,online,2025-01-10,NO
1247,49638,29302,556.8,failed,online,2025-01-10,NO
3752,33312,29316,719.24,failed,online,2025-01-10,NO
1,14261,36191,1018.07,completed,online,2025-01-10,NO
3647,23880,36675,687.52,failed,online,2025-01-10,NO
4996,24409,36696,1181.27,failed,online,2025-01-10,NO
1651,44255,37664,268.83,failed,online,2025-01-10,NO
2724,4708,39237,349.39,failed,online,2025-01-10,NO
1393,17276,40048,359.14,failed,online,2025-01-10,NO
1,35117,42141,664.32,completed,online,2025-01-10,NO
2068,961,42910,1958.19,completed,online,2025-01-10,NO
202,35662,47356,983.15,completed,online,2025-01-10,NO
1864,13946,49254,1660.04,completed,online,2025-01-10,NO
498,40249,50558,842.58,completed,online,2025-01-10,NO
4734,38626,51444,843.29,failed,online,2025-01-10,NO
3298,22788,52210,1277.31,completed,online,2025-01-10,NO
1,1791,52299,167.66,failed,online,2025-01-10,NO
1687,26074,55223,1421.39,failed,online,2025-01-10,NO
1940,2153,56052,499.3,completed,online,2025-01-10,NO
4360,2860,56311,1649.85,completed,online,2025-01-10,NO
1423,38596,59050,609.43,completed,online,2025-01-10,NO
1870,23566,59230,297.29,failed,online,2025-01-10,NO
1,16056,60234,680.17,completed,online,2025-01-10,NO
2417,36007,62246,1862.76,failed,online,2025-01-10,NO
3008,28841,62463,539.67,failed,online,2025-01-10,NO
2099,23932,66160,210.26,completed,online,2025-01-10,NO
4085,36364,68155,1025.97,completed,online,2025-01-10,NO
323,41533,68502,1120.18,completed,online,2025-01-10,NO
3762,6773,70544,37.98,completed,online,2025-01-10,NO
2514,40159,70955,1219.53,failed,online,2025-01-10,NO
4723,43784,77290,356.27,failed,online,2025-01-10,NO
1,13570,78085,1981.53,completed,online,2025-01-10,NO
1432,3958,78163,878.94,completed,online,2025-01-10,NO
2654,11495,78573,1136.92,failed,online,2025-01-10,NO
1,25908,81026,506.4,failed,online,2025-01-10,NO
1,12980,81345,1384.67,completed,online,2025-01-10,NO
1,21169,84303,1083.54,failed,online,2025-01-10,NO
1,2182,96747,1718.12,completed,online,2025-01-10,NO
1,31519,98174,1453.25,failed,online,2025-01-10,NO
4205,48217,102067,114.81,failed,online,2025-01-10,NO
1414,13437,102983,657.65,completed,online,2025-01-10,NO
617,12724,104669,17.55,completed,online,2025-01-10,NO
1059,18243,104889,1292.88,failed,online,2025-01-10,NO
2094,4687,104984,1624.45,completed,online,2025-01-10,NO
4905,3397,105205,713.42,completed,online,2025-01-10,NO
1,12681,106429,845.77,failed,online,2025-01-10,NO
4497,28229,111836,251.9,failed,online,2025-01-10,NO
522,47556,115037,509.34,failed,online,2025-01-10,NO
2547,3723,117564,901.39,completed,online,2025-01-10,NO
1,18122,118634,194.53,completed,online,2025-01-10,NO
1,17429,119021,1831.16,completed,online,2025-01-10,NO
4078,6839,120191,688.03,completed,online,2025-01-10,NO
1,43841,120947,1821.43,failed,online,2025-01-10,NO
698,4896,121009,908.52,completed,online,2025-01-10,NO
2587,31280,122955,1321.84,failed,online,2025-01-10,NO
4440,44226,131359,1334.44,failed,online,2025-01-10,NO
2202,22778,133125,1294.33,completed,online,2025-01-10,NO
1,22173,133725,611.55,failed,online,2025-01-10,NO
1,41489,133839,150.37,failed,online,2025-01-10,NO
3122,38340,134560,163.05,failed,online,2025-01-10,NO
2770,17358,135448,1976.48,completed,online,2025-01-10,NO
1,4263,136294,1538.92,completed,online,2025-01-10,NO
3859,14269,137395,1539.13,completed,online,2025-01-10,NO
2066,5824,138656,1519.28,failed,online,2025-01-10,NO
570,46248,139447,1980.22,completed,online,2025-01-10,NO
1,15616,140499,921.76,failed,online,2025-01-10,NO
469,14148,141608,1491.63,failed,online,2025-01-10,NO
1,7082,143660,717.43,failed,online,2025-01-10,NO
907,3379,143777,64.27,failed,online,2025-01-10,NO
1180,32711,145945,288.06,failed,online,2025-01-10,NO
993,603,336,1881.64,completed,online,2025-03-08,NO
1,38119,2209,763.57,completed,online,2025-03-08,NO
1,28107,3346,249.96,failed,online,2025-03-08,NO
1431,48478,3814,1883.39,completed,online,2025-03-08,NO
1,49558,4097,741.03,completed,online,2025-03-08,NO
1,48274,4958,1196.62,failed,online,2025-03-08,NO
3231,46489,5524,1474.01,completed,online,2025-03-08,NO
1247,11419,5785,1967.37,failed,online,2025-03-08,NO
1,38742,5953,283.2,failed,online,2025-03-08,NO
4265,19911,10257,918.77,failed,online,2025-03-08,NO
3615,14638,17438,524.64,completed,online,2025-03-08,NO
2279,24035,18756,7461.106986051985,completed,online,2025-03-08,NO
2436,12337,19039,385.25,completed,online,2025-03-08,NO
3875,4676,19284,1534.12,completed,online,2025-03-08,NO
4325,38771,20313,1205.53,failed,online,2025-03-08,NO
1,33251,22692,292.65,completed,online,2025-03-08,NO
2829,33830,23514,1889.76,failed,online,2025-03-08,NO
1,28882,24816,1316.34,failed,online,2025-03-08,NO
969,15828,25292,1307.64,completed,online,2025-03-08,NO
1214,45780,27055,1436.01,failed,online,2025-03-08,NO
2380,48032,28686,1744.47,completed,online,2025-03-08,NO
110,28352,29315,811.76,failed,online,2025-03-08,NO
652,559,29714,1634.1,completed,online,2025-03-08,NO
1,23240,29979,1549.8,failed,online,2025-03-08,NO
2205,20007,33717,842.46,failed,online,2025-03-08,NO
4344,30941,34732,946.99,failed,online,2025-03-08,NO
4800,22801,36984,1937.32,completed,online,2025-03-08,NO
4671,13357,37400,442.33,completed,online,2025-03-08,NO
492,1809,47140,576.52,failed,online,2025-03-08,NO
1,19458,49924,455.87,completed,online,2025-03-08,NO
556,11005,50158,378.06,failed,online,2025-03-08,NO
674,1880,52311,843.37,failed,online,2025-03-08,NO
153,11264,55356,990.19,failed,online,2025-03-08,NO
1,32212,55622,450.17,completed,online,2025-03-08,NO
1182,17148,56512,396.0,failed,online,2025-03-08,NO
409,33732,56600,313.39,failed,online,2025-03-08,NO
1,3993,57783,114.21,completed,online,2025-03-08,NO
4512,40972,59008,1207.76,failed,online,2025-03-08,NO
1,34238,59020,627.96,completed,online,2025-03-08,NO
2800,44458,59087,1266.32,completed,online,2025-03-08,NO
1,25629,60576,1046.13,completed,online,2025-03-08,NO
222,34531,61051,1502.53,completed,online,2025-03-08,NO
250,41252,63751,892.0,completed,online,2025-03-08,NO
3929,22022,63893,758.81,failed,online,2025-03-08,NO
171,8561,64236,1454.79,failed,online,2025-03-08,NO
2311,42110,67106,1344.0,failed,online,2025-03-08,NO
1,2925,68846,1622.85,failed,online,2025-03-08,NO
1,10305,70793,1209.51,completed,online,2025-03-08,NO
906,17713,73059,1486.64,failed,online,2025-03-08,NO
4882,37343,73572,369.66,completed,online,2025-03-08,NO
2572,13338,76334,243.09,completed,online,2025-03-08,NO
1,22190,77338,1466.34,failed,online,2025-03-08,NO
4769,23500,77603,1042.5,completed,online,2025-03-08,NO
4783,30082,79378,741.04,completed,online,2025-03-08,NO
3955,38048,80906,326.3,failed,online,2025-03-08,NO
4062,8910,83675,1577.57,failed,online,2025-03-08,NO
3008,25564,85666,198.58,failed,online,2025-03-08,NO
4299,5244,86360,18.28,failed,online,2025-03-08,NO
2035,16822,88613,167.37,completed,online,2025-03-08,NO
1551,14887,88826,1689.45,failed,online,2025-03-08,NO
212,32064,90136,1820.76,completed,online,2025-03-08,NO
1801,37625,92388,1005.85,completed,online,2025-03-08,NO
3965,29086,94539,1163.09,failed,online,2025-03-08,NO
3807,15788,95627,1396.99,failed,online,2025-03-08,NO
4252,15262,97368,1701.11,failed,online,2025-03-08,NO
3569,29046,104015,663.99,completed,online,2025-03-08,NO
4602,22354,115464,1458.09,failed,online,2025-03-08,NO
922,20506,117022,1326.97,completed,online,2025-03-08,NO
4906,430,118636,1118.36,completed,online,2025-03-08,NO
1326,45626,119244,1904.19,failed,online,2025-03-08,NO
753,11401,122716,1347.35,failed,online,2025-03-08,NO
3651,17004,123009,851.78,completed,online,2025-03-08,NO
819,21988,125068,1690.47,failed,UNKNOWN,2025-03-08,NO
1878,28202,126468,104.95,failed,online,2025-03-08,NO
765,47649,127164,1977.76,failed,online,2025-03-08,NO
1,45825,128076,1269.46,completed,online,2025-03-08,NO
4314,5844,128394,323.01,failed,online,2025-03-08,NO
3211,6587,130253,502.04,completed,online,2025-03-08,NO
4850,9313,134694,501.47,completed,online,2025-03-08,NO
305,5478,135407,936.86,completed,online,2025-03-08,NO
802,10704,136205,1147.29,completed,online,2025-03-08,NO
1932,10536,136311,1019.77,completed,online,2025-03-08,NO
3827,48663,137712,1182.2,failed,online,2025-03-08,NO
2460,32035,137838,1371.48,failed,online,2025-03-08,NO
2862,8925,138706,1412.36,failed,online,2025-03-08,NO
2291,40379,141117,1816.87,failed,online,2025-03-08,NO
2981,1698,145563,638.63,completed,online,2025-03-08,NO
1,21458,147883,1293.98,failed,online,2025-03-08,NO
1,42137,148656,1292.31,completed,online,2025-03-08,NO
1662,10492,148883,1353.73,completed,online,2025-03-08,NO
4074,18381,1894,1482.27,failed,online,2025-03-21,NO
1746,46492,5387,488.59,completed,online,2025-03-21,NO
2921,13235,7561,1631.78,failed,UNKNOWN,2025-03-21,NO
1,38829,7937,355.26,failed,online,2025-03-21,NO
1493,24210,9466,911.21,completed,online,2025-03-21,NO
2967,4535,9936,190.27,failed,online,2025-03-21,NO
4507,38378,10431,1810.21,completed,online,2025-03-21,NO
695,4608,12152,715.9,failed,online,2025-03-21,NO
1591,19548,16735,214.84,completed,online,2025-03-21,NO
1,8004,22051,995.85,failed,online,2025-03-21,NO
1215,29206,22885,574.73,completed,online,2025-03-21,NO
1,34115,25334,1228.99,completed,online,2025-03-21,NO
2146,21359,25922,740.86,failed,online,2025-03-21,NO
3634,48957,27179,709.28,completed,online,2025-03-21,NO
2289,43414,29468,443.61,completed,online,2025-03-21,NO
2311,16474,30642,989.7,failed,online,2025-03-21,NO
1,18847,32953,125.23,failed,online,2025-03-21,NO
1,25687,34853,1158.3,completed,online,2025-03-21,NO
1,47318,35286,1694.47,failed,online,2025-03-21,NO
1,6047,36803,793.0,completed,online,2025-03-21,NO
52,14271,37922,356.49,completed,online,2025-03-21,NO
4216,42999,38783,646.71,completed,online,2025-03-21,NO
1851,17013,38968,886.62,failed,online,2025-03-21,NO
1336,27294,39834,623.66,completed,online,2025-03-21,NO
231,41065,40866,671.05,completed,online,2025-03-21,NO
987,42677,41825,1956.32,failed,online,2025-03-21,NO
1,1333,43811,941.96,failed,online,2025-03-21,NO
15,24999,48419,358.45,completed,online,2025-03-21,NO
3184,17471,48682,416.44,failed,online,2025-03-21,NO
2716,23852,49938,1003.13,failed,online,2025-03-21,NO
4902,27628,50822,408.82,failed,online,2025-03-21,NO
1,40885,52228,1243.52,completed,online,2025-03-21,NO
4022,3074,52857,1133.17,failed,UNKNOWN,2025-03-21,NO
3147,37840,54643,702.96,failed,online,2025-03-21,NO
3299,12839,54913,1294.78,completed,online,2025-03-21,NO
175,26618,55404,176.31,completed,online,2025-03-21,NO
3844,29747,55671,1169.08,failed,online,2025-03-21,NO
4310,28102,57269,1002.55,failed,online,2025-03-21,NO
1,12001,60296,1208.35,completed,online,2025-03-21,NO
4475,28833,61143,250.54,failed,online,2025-03-21,NO
1,16426,62784,361.36,completed,online,2025-03-21,NO
4977,4492,67078,1823.81,failed,online,2025-03-21,NO
1,14633,67195,1089.5,failed,online,2025-03-21,NO
4948,16555,67510,455.08,completed,online,2025-03-21,NO
1,14965,69220,1749.39,failed,online,2025-03-21,NO
4422,31551,69236,1504.56,completed,online,2025-03-21,NO
4050,28587,69431,6629.60537905042,completed,online,2025-03-21,NO
3547,46971,70259,1326.35,completed,online,2025-03-21,NO
3424,26618,77400,1138.95,failed,online,2025-03-21,NO
2077,32964,81675,130.08,completed,online,2025-03-21,NO
2209,14000,83125,407.81,completed,online,2025-03-21,NO
1571,37087,84081,161.03,completed,online,2025-03-21,NO
1,3705,84622,1303.12,failed,online,2025-03-21,NO
3624,28308,85713,1816.17,completed,online,2025-03-21,NO
1799,4796,89400,417.75,failed,online,2025-03-21,NO
1,18763,89645,805.63,failed,online,2025-03-21,NO
2503,24689,91865,55.75,failed,online,2025-03-21,NO
3122,5713,92981,1536.15,failed,online,2025-03-21,NO
1980,2710,94422,1477.32,failed,online,2025-03-21,NO
2127,49553,95713,1367.2,failed,online,2025-03-21,NO
3193,36756,95759,1136.59,completed,online,2025-03-21,NO
1922,49332,96572,859.7,completed,online,2025-03-21,NO
1,40521,99851,37.91,failed,online,2025-03-21,NO
907,39690,99914,374.67,failed,online,2025-03-21,NO
3850,26245,101045,820.0,failed,online,2025-03-21,NO
1214,37506,101206,829.91,completed,online,2025-03-21,NO
3196,43798,101649,1890.0,failed,online,2025-03-21,NO
330,49970,106559,198.97,completed,online,2025-03-21,NO
3030,8982,111464,508.13,completed,online,2025-03-21,NO
1102,38754,112844,1700.34,failed,online,2025-03-21,NO
1611,45162,114320,1037.57,completed,online,2025-03-21,NO
1650,21883,117461,1232.24,completed,online,2025-03-21,NO
2239,18791,117613,717.34,completed,online,2025-03-21,NO
886,18470,118983,1206.54,completed,online,2025-03-21,NO
2070,26318,123936,1953.96,completed,online,2025-03-21,NO
3854,13161,126493,177.63,failed,online,2025-03-21,NO
1510,25022,129365,132.06,completed,online,2025-03-21,NO
1,7534,133229,1956.91,completed,online,2025-03-21,NO
4839,15887,133330,531.97,failed,online,2025-03-21,NO
4277,1090,134296,1111.52,completed,online,2025-03-21,NO
3939,43184,135086,1911.86,failed,online,2025-03-21,NO
2581,44350,138700,1044.42,failed,online,2025-03-21,NO
1,24872,138925,313.08,failed,online,2025-03-21,NO
3018,3764,139527,1669.33,completed,online,2025-03-21,NO
31,2093,140604,1639.8,failed,online,2025-03-21,NO
2089,27556,142378,996.1,failed,online,2025-03-21,NO
4399,42988,146099,53.78,failed,online,2025-03-21,NO
4912,39149,147792,361.75,failed,online,2025-03-21,NO
2269,4618,149484,1476.17,completed,online,2025-03-21,NO
1,15938,149705,552.33,completed,online,2025-03-21,NO
242,42297,544,1737.99,completed,online,2025-07-30,NO
1,40582,2536,91.96,completed,online,2025-07-30,NO
1128,44887,2635,94.81,failed,online,2025-07-30,NO
29,30656,2695,1438.09,completed,online,2025-07-30,NO
875,32346,5751,256.19,completed,online,2025-07-30,NO
2053,39397,6610,135.37,failed,online,2025-07-30,NO
1026,19424,8256,1187.8,completed,online,2025-07-30,NO
485,9168,8531,425.65,failed,online,2025-07-30,NO
371,27094,9306,1257.75,completed,online,2025-07-30,NO
975,24462,9349,1785.45,completed,online,2025-07-30,NO
1852,10452,9813,1655.34,completed,online,2025-07-30,NO
1,47188,10109,508.53,failed,online,2025-07-30,NO
4380,26708,11002,576.62,completed,online,2025-07-30,NO
2304,18113,12605,853.16,failed,online,2025-07-30,NO
2985,17255,14237,447.93,failed,online,2025-07-30,NO
3868,34102,16536,154.72,failed,online,2025-07-30,NO
4924,34378,18650,1759.16,completed,online,2025-07-30,NO
2767,29526,19968,457.48,completed,online,2025-07-30,NO
2740,42408,21850,270.47,completed,UNKNOWN,2025-07-30,NO
3754,27843,23525,1681.21,failed,online,2025-07-30,NO
1,17324,24095,1707.08,completed,online,2025-07-30,NO
531,5869,27345,1060.59,failed,online,2025-07-30,NO
1,37601,27509,444.82,failed,online,2025-07-30,NO
2871,32536,29329,421.92,failed,online,2025-07-30,NO
1,12356,29634,481.12,completed,online,2025-07-30,NO
3518,41655,33350,1650.62,completed,online,2025-07-30,NO
4438,39354,33836,214.66,completed,online,2025-07-30,NO
1161,9387,34859,691.23,failed,UNKNOWN,2025-07-30,NO
4362,5524,36443,1456.25,completed,online,2025-07-30,NO
1523,22307,39553,749.98,failed,online,2025-07-30,NO
2017,21189,40857,1592.32,failed,online,2025-07-30,NO
2614,29242,41604,1691.4,failed,online,2025-07-30,NO
330,28310,43120,338.67,failed,UNKNOWN,2025-07-30,NO
3907,44233,44002,1289.51,completed,online,2025-07-30,NO
516,34057,44015,1839.0,failed,online,2025-07-30,NO
4568,17001,44337,1597.84,failed,online,2025-07-30,NO
3488,9011,47061,1219.9,completed,online,2025-07-30,NO
1,26491,49024,741.43,failed,online,2025-07-30,NO
3776,12839,52323,628.24,completed,online,2025-07-30,NO
1,43964,52352,1819.51,completed,online,2025-07-30,NO
1,22427,54736,1459.25,failed,online,2025-07-30,NO
1,1335,58963,1821.46,failed,online,2025-07-30,NO
1064,26591,60058,1019.62,failed,online,2025-07-30,NO
2649,28524,63264,1359.1,failed,online,2025-07-30,NO
1294,25874,67995,249.81,failed,online,2025-07-30,NO
2960,36434,69540,374.23,failed,online,2025-07-30,NO
1500,18222,70886,8292.81760706393,failed,online,2025-07-30,NO
4221,1855,72502,698.64,completed,online,2025-07-30,NO
1507,32931,73775,1563.31,failed,online,2025-07-30,NO
1,44516,74070,91.58,failed,online,2025-07-30,NO
1005,11598,75273,684.86,failed,online,2025-07-30,NO
4100,43863,75638,142.79,completed,online,2025-07-30,NO
1996,8614,80403,334.81,completed,UNKNOWN,2025-07-30,NO
1434,20049,82440,1438.79,completed,online,2025-07-30,NO
1203,26023,82446,1089.46,completed,online,2025-07-30,NO
3523,41662,83227,6730.967137615871,completed,online,2025-07-30,NO
2489,16392,83585,1696.85,completed,online,2025-07-30,NO
4503,1009,84933,916.54,completed,online,2025-07-30,NO
4216,31498,85663,91.51,failed,online,2025-07-30,NO
2065,29701,88068,594.69,completed,online,2025-07-30,NO
1,3732,88096,212.75,failed,online,2025-07-30,NO
1,6544,93235,1657.53,completed,online,2025-07-30,NO
4517,948,94709,1127.76,failed,online,2025-07-30,NO
532,46632,101024,74.66,completed,online,2025-07-30,NO
3257,33129,101112,363.36,completed,online,2025-07-30,NO
2853,48374,109359,1591.57,failed,online,2025-07-30,NO
508,9511,109942,934.43,failed,online,2025-07-30,NO
4213,48566,110358,459.71,failed,online,2025-07-30,NO
1,17868,110719,747.29,completed,online,2025-07-30,NO
3799,45503,113479,1255.09,failed,online,2025-07-30,NO
1217,38567,115107,908.55,failed,online,2025-07-30,NO
1400,16124,118865,989.46,failed,online,2025-07-30,NO
1,43315,118947,584.0,completed,online,2025-07-30,NO
2419,33643,120576,61.25,failed,online,2025-07-30,NO
1,21829,121872,1250.25,completed,online,2025-07-30,NO
4898,8868,123896,1592.62,completed,online,2025-07-30,NO
308,29264,126818,224.01,failed,online,2025-07-30,NO
3084,39520,127082,1225.98,failed,online,2025-07-30,NO
2661,883,127114,1518.43,completed,online,2025-07-30,NO
2165,39081,138279,1631.07,failed,online,2025-07-30,NO
2055,17521,141501,42.04,completed,online,2025-07-30,NO
211,15556,141844,857.19,failed,online,2025-07-30,NO
4420,24338,142132,523.36,failed,online,2025-07-30,NO
3538,27820,143536,901.4,completed,online,2025-07-30,NO
29,37923,144850,698.52,completed,online,2025-07-30,NO
1,34002,146351,795.27,failed,online,2025-07-30,NO
581,29738,148438,158.09,failed,UNKNOWN,2025-07-30,NO
1,13021,149180,1740.22,failed,online,2025-07-30,NO
1183,22508,149605,1806.86,failed,online,2025-07-30,NO
993,6804,149789,1783.45,failed,online,2025-07-30,NO
355,41278,853,981.67,completed,online,2025-07-08,NO
3205,18055,2322,1257.04,failed,online,2025-07-08,NO
1,4188,4323,884.61,failed,online,2025-07-08,NO
4470,15282,5448,941.65,completed,online,2025-07-08,NO
3115,34750,6939,743.38,completed,UNKNOWN,2025-07-08,NO
521,46692,8123,1993.23,completed,online,2025-07-08,NO
3516,18433,11598,1223.5,completed,online,2025-07-08,NO
4617,32122,12731,1988.47,completed,online,2025-07-08,NO
3070,31854,14030,263.62,failed,online,2025-07-08,NO
1,27721,15987,541.61,completed,online,2025-07-08,NO
2411,45359,16283,1091.64,completed,online,2025-07-08,NO
1,42514,16738,408.21,completed,online,2025-07-08,NO
2118,15440,20644,881.86,completed,online,2025-07-08,NO
4240,48430,22260,655.59,failed,online,2025-07-08,NO
1333,11505,22487,1420.81,failed,online,2025-07-08,NO
555,40788,22960,137.58,completed,online,2025-07-08,NO
1834,676,23831,441.45,failed,online,2025-07-08,NO
738,12212,24096,269.79,completed,online,2025-07-08,NO
4471,2897,24908,1652.31,failed,online,2025-07-08,NO
1103,30588,31014,1951.12,completed,online,2025-07-08,NO
1081,15405,32409,1916.47,completed,online,2025-07-08,NO
1,43948,34569,642.61,completed,online,2025-07-08,NO
1,4008,36709,183.37,failed,online,2025-07-08,NO
2381,12048,39477,1910.42,failed,online,2025-07-08,NO
2083,17013,39787,1609.02,completed,online,2025-07-08,NO
2218,20240,40736,760.83,failed,online,2025-07-08,NO
3470,32793,41281,601.33,completed,online,2025-07-08,NO
1,34812,41306,654.58,failed,online,2025-07-08,NO
1,3790,42627,816.31,failed,online,2025-07-08,NO
2814,14336,42802,839.55,failed,online,2025-07-08,NO
1449,30714,43177,648.81,completed,online,2025-07-08,NO
787,42299,43799,282.38,failed,online,2025-07-08,NO
708,15574,45630,784.94,completed,online,2025-07-08,NO
675,32640,50905,274.68,completed,online,2025-07-08,NO
1,42274,56741,1087.09,failed,online,2025-07-08,NO
4731,4938,57654,299.39,failed,online,2025-07-08,NO
4686,49672,58414,1813.05,failed,online,2025-07-08,NO
2156,43147,59966,1995.02,completed,online,2025-07-08,NO
1491,46941,65213,317.65,completed,online,2025-07-08,NO
4548,30002,67361,95.03,failed,online,2025-07-08,NO
334,34376,69713,191.93,completed,online,2025-07-08,NO
1683,35467,71469,1018.76,completed,online,2025-07-08,NO
1,13344,72548,1392.25,completed,online,2025-07-08,NO
4308,28850,77142,373.5,completed,online,2025-07-08,NO
2195,5102,78877,614.73,completed,online,2025-07-08,NO
502,25863,80266,461.23,failed,online,2025-07-08,NO
4598,39120,82303,1341.81,completed,online,2025-07-08,NO
54,866,83855,410.49,failed,online,2025-07-08,NO
4176,9171,88162,17.83,failed,online,2025-07-08,NO
2534,43751,89251,1897.42,failed,online,2025-07-08,NO
3713,17166,90234,1271.07,completed,online,2025-07-08,NO
3607,37577,90859,1320.36,failed,online,2025-07-08,NO
1,29483,93631,714.1,failed,online,2025-07-08,NO
4265,16051,94971,1935.02,failed,online,2025-07-08,NO
1,49985,96316,1674.61,failed,online,2025-07-08,NO
3367,3886,96731,1334.14,failed,online,2025-07-08,NO
4293,28507,97094,1109.28,completed,online,2025-07-08,NO
1231,13411,97976,1293.03,failed,online,2025-07-08,NO
821,35727,99101,1538.94,completed,online,2025-07-08,NO
899,9154,100950,1318.64,completed,online,2025-07-08,NO
382,21105,103536,1803.3,failed,online,2025-07-08,NO
231,19280,104452,198.4,completed,online,2025-07-08,NO
4393,28735,104640,1409.49,failed,online,2025-07-08,NO
1,313,106288,1484.59,failed,online,2025-07-08,NO
1372,5505,106624,8181.463123246092,failed,online,2025-07-08,NO
908,16934,107451,941.24,completed,online,2025-07-08,NO
1,47582,107876,85.61,failed,online,2025-07-08,NO
1938,18574,108884,539.33,failed,online,2025-07-08,NO
1705,31750,111556,732.38,completed,online,2025-07-08,NO
3526,6442,112313,1199.71,failed,online,2025-07-08,NO
1344,41266,116770,1331.27,failed,online,2025-07-08,NO
2673,21934,117893,1089.34,failed,online,2025-07-08,NO
535,27743,118420,1784.77,completed,online,2025-07-08,NO
1,5984,118558,1406.09,failed,online,2025-07-08,NO
1,11087,120019,1023.34,completed,online,2025-07-08,NO
3614,3537,121979,1852.68,completed,online,2025-07-08,NO
4524,5378,123397,915.23,failed,online,2025-07-08,NO
4906,7254,123687,1127.62,failed,online,2025-07-08,NO
854,21644,123915,963.57,completed,online,2025-07-08,NO
1,2676,125104,801.87,completed,online,2025-07-08,NO
1309,5989,125415,627.12,completed,online,2025-07-08,NO
2188,28404,129554,1616.76,failed,online,2025-07-08,NO
1,29138,129791,1048.01,completed,online,2025-07-08,NO
4775,4143,130458,1027.4,failed,online,2025-07-08,NO
1563,6187,130891,670.05,failed,online,2025-07-08,NO
1656,21948,133296,1223.3,failed,online,2025-07-08,NO
2601,16718,133836,790.1,failed,online,2025-07-08,NO
3134,17433,139268,796.76,failed,online,2025-07-08,NO
4838,20433,144014,766.91,failed,online,2025-07-08,NO
3080,5049,145575,430.53,completed,online,2025-07-08,NO
4059,8932,77,1046.93,failed,online,2025-08-03,NO
1,19188,1364,931.67,completed,online,2025-08-03,NO
2910,11367,1679,1460.39,completed,online,2025-08-03,NO
131,5885,3977,183.74,completed,online,2025-08-03,NO
2693,41213,5687,1347.18,completed,online,2025-08-03,NO
81,47109,11783,33.89,completed,online,2025-08-03,NO
2806,3799,13731,1060.17,failed,online,2025-08-03,NO
3316,8528,15391,290.44,completed,online,2025-08-03,NO
1,33083,18389,1057.61,failed,online,2025-08-03,NO
869,3413,19582,1295.93,completed,online,2025-08-03,NO
1394,13082,20818,1608.04,completed,online,2025-08-03,NO
4052,41063,21918,414.81,completed,online,2025-08-03,NO
4174,982,22602,1570.62,completed,online,2025-08-03,NO
3411,5840,26081,1095.57,failed,online,2025-08-03,NO
1741,22886,27250,856.24,completed,online,2025-08-03,NO
3371,9795,27423,1358.13,failed,online,2025-08-03,NO
606,21742,28797,383.8,completed,online,2025-08-03,NO
733,19264,30359,177.26,failed,online,2025-08-03,NO
1,25035,31703,231.8,failed,online,2025-08-03,NO
4638,10011,32793,275.42,completed,online,2025-08-03,NO
3913,4621,34628,810.05,completed,online,2025-08-03,NO
1164,44684,37673,547.88,completed,online,2025-08-03,NO
2877,43427,38548,213.33,completed,online,2025-08-03,NO
2253,2976,38989,1755.99,completed,online,2025-08-03,NO
829,13949,42266,332.51,failed,online,2025-08-03,NO
4323,47583,45831,84.47,completed,online,2025-08-03,NO
1033,16721,47065,1155.89,failed,online,2025-08-03,NO
4426,12125,47237,1043.09,failed,online,2025-08-03,NO
4857,46387,48690,422.36,failed,online,2025-08-03,NO
3552,36907,50672,350.59,failed,online,2025-08-03,NO
879,8080,50771,1275.03,failed,online,2025-08-03,NO
4228,11675,54014,1174.68,failed,online,2025-08-03,NO
685,2924,54224,91.71,completed,online,2025-08-03,NO
3032,15562,54575,1505.45,failed,online,2025-08-03,NO
4507,8335,55349,1517.82,completed,online,2025-08-03,NO
1,31366,55400,1746.96,completed,online,2025-08-03,NO
1866,25144,56577,1316.55,failed,online,2025-08-03,NO
4388,20936,57283,1521.71,completed,online,2025-08-03,NO
2877,3109,57881,1758.03,failed,online,2025-08-03,NO
1,24706,61703,301.18,failed,online,2025-08-03,NO
4712,5356,61996,1172.73,completed,online,2025-08-03,NO
1,33986,62217,27.84,failed,online,2025-08-03,NO
1,43122,64109,9736.635403996297,completed,online,2025-08-03,NO
3661,48554,67141,125.44,completed,online,2025-08-03,NO
623,19482,68888,1283.27,completed,online,2025-08-03,NO
3869,18299,70418,1380.34,failed,online,2025-08-03,NO
1314,45224,70808,226.88,failed,online,2025-08-03,NO
3990,48073,72222,28.78,failed,online,2025-08-03,NO
3274,33822,72737,1866.43,failed,online,2025-08-03,NO
2548,8400,75923,1465.12,completed,online,2025-08-03,NO
3579,39894,76750,781.35,failed,online,2025-08-03,NO
906,45789,79211,308.92,failed,online,2025-08-03,NO
2467,39379,79585,1098.23,completed,online,2025-08-03,NO
123,4103,80682,1222.23,completed,online,2025-08-03,NO
3417,15186,81560,1787.0,completed,online,2025-08-03,NO
1,37627,82989,279.89,completed,online,2025-08-03,NO
1,26754,86853,655.03,completed,online,2025-08-03,NO
1163,49597,88034,9770.337746931455,failed,online,2025-08-03,NO
3085,27684,89306,1210.5,failed,online,2025-08-03,NO
1,27631,89894,826.06,completed,online,2025-08-03,NO
3116,23299,89959,719.69,completed,online,2025-08-03,NO
4840,24575,95177,1796.49,failed,UNKNOWN,2025-08-03,NO
1,37442,100845,649.69,completed,online,2025-08-03,NO
3482,47417,102223,212.59,completed,online,2025-08-03,NO
1025,17897,106800,32.48,completed,online,2025-08-03,NO
143,42764,115753,55.28,completed,online,2025-08-03,NO
905,30882,115842,754.33,completed,online,2025-08-03,NO
4854,18950,116428,1476.16,failed,online,2025-08-03,NO
459,23279,116643,1335.85,completed,online,2025-08-03,NO
3074,15534,117502,423.64,completed,online,2025-08-03,NO
3050,16119,117654,1997.97,failed,online,2025-08-03,NO
1,32205,118693,769.8,completed,online,2025-08-03,NO
360,8387,118818,1039.15,failed,online,2025-08-03,NO
4971,36936,125037,992.97,failed,online,2025-08-03,NO
2367,43351,125295,1678.65,failed,online,2025-08-03,NO
335,27014,127716,1761.19,completed,online,2025-08-03,NO
4493,16752,135182,16.8,failed,online,2025-08-03,NO
1,14387,136259,1985.66,completed,online,2025-08-03,NO
1,9406,136851,226.08,failed,online,2025-08-03,NO
4372,2362,138140,1503.95,failed,online,2025-08-03,NO
2906,40065,140241,1712.54,failed,online,2025-08-03,NO
1,35424,140773,1508.6,completed,online,2025-08-03,NO
3809,22435,140989,1824.66,completed,online,2025-08-03,NO
3785,5867,145815,9691.133779012967,completed,online,2025-08-03,NO
14,9543,145845,1021.13,failed,online,2025-08-03,NO
2995,5587,146310,1589.12,completed,online,2025-08-03,NO
2156,35025,148299,1024.45,failed,online,2025-08-03,NO
1714,5610,149852,1281.5,failed,online,2025-08-03,NO
2907,35655,149862,811.02,failed,online,2025-08-03,NO
2429,19650,609,1492.18,completed,online,2025-08-25,NO
241,40699,2204,387.59,failed,online,2025-08-25,NO
2093,46777,16062,62.03,failed,online,2025-08-25,NO
4317,22204,18916,472.66,completed,online,2025-08-25,NO
2821,34644,19884,779.7,failed,online,2025-08-25,NO
705,47424,19930,1186.1,failed,online,2025-08-25,NO
1,19163,20937,1036.36,completed,online,2025-08-25,NO
2741,14628,21812,154.15,completed,online,2025-08-25,NO
3316,27312,22267,6316.8833611580985,failed,online,2025-08-25,NO
1,20383,23835,777.19,completed,online,2025-08-25,NO
1,27902,25131,1558.92,completed,online,2025-08-25,NO
1747,18599,26033,9516.681461156975,completed,online,2025-08-25,NO
2871,36733,26571,1282.48,completed,online,2025-08-25,NO
3960,49005,29233,5452.826758349765,completed,online,2025-08-25,NO
4906,16573,30161,224.85,completed,online,2025-08-25,NO
2532,33901,32340,1534.61,completed,online,2025-08-25,NO
1792,41740,33514,467.36,failed,online,2025-08-25,NO
1100,2717,35368,1864.83,completed,online,2025-08-25,NO
1,41665,36858,1681.87,completed,online,2025-08-25,NO
4838,17943,40128,809.08,completed,online,2025-08-25,NO
3302,17333,40808,1696.79,completed,online,2025-08-25,NO
2546,17596,45455,1491.74,completed,online,2025-08-25,NO
4855,4693,45469,1752.92,completed,online,2025-08-25,NO
3286,40290,46662,59.63,completed,online,2025-08-25,NO
1044,10132,47619,838.19,completed,online,2025-08-25,NO
1418,34159,47740,734.84,failed,online,2025-08-25,NO
1942,42677,48441,336.13,completed,online,2025-08-25,NO
4814,46969,54100,139.29,failed,online,2025-08-25,NO
1,5319,55812,1987.61,completed,online,2025-08-25,NO
4712,48350,56385,1630.66,completed,online,2025-08-25,NO
1,16012,57356,878.43,failed,online,2025-08-25,NO
1021,18792,59444,519.16,failed,online,2025-08-25,NO
3164,3715,59531,856.5,failed,online,2025-08-25,NO
67,10668,62146,457.07,completed,online,2025-08-25,NO
2510,14345,63113,1749.3,failed,online,2025-08-25,NO
3702,45166,66142,964.84,completed,online,2025-08-25,NO
1,29301,67852,376.84,failed,online,2025-08-25,NO
2514,16932,69474,1051.32,failed,online,2025-08-25,NO
1,10335,69766,1713.73,failed,online,2025-08-25,NO
1493,49793,69982,158.84,failed,online,2025-08-25,NO
988,26142,72670,938.04,completed,online,2025-08-25,NO
4204,27576,72674,811.88,failed,online,2025-08-25,NO
2097,8898,73728,1201.47,failed,online,2025-08-25,NO
2633,31743,78971,903.61,completed,online,2025-08-25,NO
1432,33462,79936,176.67,failed,online,2025-08-25,NO
830,29464,81646,102.63,failed,online,2025-08-25,NO
1897,33745,84433,1199.48,failed,online,2025-08-25,NO
4928,33535,85015,1747.66,failed,online,2025-08-25,NO
1,2856,86160,1605.92,failed,online,2025-08-25,NO
2598,20131,87327,1620.95,completed,online,2025-08-25,NO
4355,40004,91350,651.99,completed,online,2025-08-25,NO
1967,13468,91694,1910.23,failed,UNKNOWN,2025-08-25,NO
334,44373,92306,915.42,failed,online,2025-08-25,NO
659,22424,92958,491.04,failed,online,2025-08-25,NO
4301,13932,93395,341.96,completed,online,2025-08-25,NO
2175,5169,93651,1390.06,failed,online,2025-08-25,NO
2990,34933,98232,1426.35,completed,online,2025-08-25,NO
1660,47499,99163,1357.6,completed,online,2025-08-25,NO
2311,25111,99866,40.24,completed,online,2025-08-25,NO
2606,30925,99957,629.39,completed,online,2025-08-25,NO
845,44593,102827,937.59,completed,online,2025-08-25,NO
536,21537,107628,297.67,completed,online,2025-08-25,NO
31,24601,108370,400.33,failed,online,2025-08-25,NO
1669,10507,109794,181.89,failed,online,2025-08-25,NO
3074,8578,109863,1569.6,completed,online,2025-08-25,NO
4056,25242,112267,593.84,completed,online,2025-08-25,NO
1,34607,113843,326.09,failed,online,2025-08-25,NO
3902,44174,116070,160.29,completed,online,2025-08-25,NO
3800,47989,118968,384.64,completed,online,2025-08-25,NO
461,3285,123065,522.35,completed,online,2025-08-25,NO
3045,49707,123242,457.39,completed,online,2025-08-25,NO
2035,33804,127270,86.64,completed,online,2025-08-25,NO
3917,9849,127561,687.76,completed,online,2025-08-25,NO
590,24873,130402,1021.02,failed,online,2025-08-25,NO
3305,26212,131267,602.0,completed,online,2025-08-25,NO
3430,36402,132928,1960.15,completed,online,2025-08-25,NO
1,46452,134328,1435.75,failed,online,2025-08-25,NO
4959,27143,135606,1516.08,completed,online,2025-08-25,NO
2677,46775,136433,1447.11,completed,online,2025-08-25,NO
3385,34717,136563,27.56,completed,online,2025-08-25,NO
4931,8676,137567,338.64,completed,online,2025-08-25,NO
3034,25150,138124,1445.98,completed,online,2025-08-25,NO
2249,16378,138664,23.7,completed,online,2025-08-25,NO
1142,2972,142190,680.36,failed,online,2025-08-25,NO
1049,22030,143119,511.4,failed,online,2025-08-25,NO
3962,15744,146329,222.74,completed,online,2025-08-25,NO
202,32041,146685,1384.75,failed,online,2025-08-25,NO
2197,36232,149134,347.11,completed,online,2025-08-25,NO
2986,9117,924,1254.93,failed,online,2025-01-14,NO
2608,15513,1561,359.69,completed,online,2025-01-14,NO
2329,607,2496,371.09,failed,online,2025-01-14,NO
174,4588,5450,1288.99,completed,online,2025-01-14,NO
2756,865,9915,1872.21,completed,online,2025-01-14,NO
540,44206,11346,689.85,failed,online,2025-01-14,NO
528,36750,15558,1708.54,failed,online,2025-01-14,NO
3342,627,15895,1609.1,failed,UNKNOWN,2025-01-14,NO
1572,9377,16732,397.8,completed,online,2025-01-14,NO
1437,49289,19787,644.75,failed,online,2025-01-14,NO
1,25667,22116,1223.84,completed,online,2025-01-14,NO
3875,32146,23487,1972.59,failed,online,2025-01-14,NO
2307,2623,24631,240.95,completed,online,2025-01-14,NO
151,41070,24962,634.08,completed,online,2025-01-14,NO
1,3881,25309,1410.63,completed,online,2025-01-14,NO
1,26004,26814,1884.31,failed,online,2025-01-14,NO
257,45854,29927,1689.88,failed,online,2025-01-14,NO
998,20462,36895,822.0,completed,online,2025-01-14,NO
791,44855,37162,1404.89,completed,online,2025-01-14,NO
162,31785,38112,429.0,completed,online,2025-01-14,NO
1222,24712,38159,1871.75,completed,online,2025-01-14,NO
2189,27814,41821,1061.79,failed,online,2025-01-14,NO
1,44224,42430,1577.25,failed,online,2025-01-14,NO
1,38515,42884,522.71,failed,online,2025-01-14,NO
3213,44041,46378,1786.06,completed,online,2025-01-14,NO
4979,45498,46681,459.57,completed,online,2025-01-14,NO
520,39633,49365,1995.14,failed,online,2025-01-14,NO
1183,4272,52058,1735.98,failed,online,2025-01-14,NO
932,18622,53597,719.2,failed,online,2025-01-14,NO
1,9571,55376,857.14,completed,online,2025-01-14,NO
139,41347,55500,1905.97,completed,online,2025-01-14,NO
1,15849,59521,59.84,failed,online,2025-01-14,NO
1762,11950,59680,1725.19,completed,online,2025-01-14,NO
2830,2692,59891,1772.76,completed,online,2025-01-14,NO
3282,7595,62542,1437.91,completed,online,2025-01-14,NO
4819,6695,62773,436.98,failed,online,2025-01-14,NO
3071,5807,63368,1509.6,failed,online,2025-01-14,NO
320,48573,72152,1517.35,completed,online,2025-01-14,NO
3502,25442,73257,1123.86,completed,online,2025-01-14,NO
1228,28545,74134,1013.43,failed,online,2025-01-14,NO
3550,18709,75245,1178.54,completed,online,2025-01-14,NO
3734,8492,75699,863.69,completed,online,2025-01-14,NO
4952,42909,79108,1939.83,completed,online,2025-01-14,NO
1,37091,81270,1080.28,completed,online,2025-01-14,NO
1,42814,82436,769.1,completed,online,2025-01-14,NO
1,8940,86083,1720.19,completed,online,2025-01-14,NO
2430,26026,90220,1618.63,completed,UNKNOWN,2025-01-14,NO
3502,35302,90659,1238.67,completed,online,2025-01-14,NO
1,48724,91687,1065.52,completed,online,2025-01-14,NO
3405,22633,92661,1404.48,completed,online,2025-01-14,NO
3565,48752,93733,713.33,failed,online,2025-01-14,NO
1237,38852,95218,1555.09,failed,online,2025-01-14,NO
1,26702,95487,222.91,completed,online,2025-01-14,NO
3122,49056,95634,433.08,completed,online,2025-01-14,NO
3254,28355,97622,49.74,failed,online,2025-01-14,NO
4493,16458,99784,319.33,failed,online,2025-01-14,NO
1,35414,99849,1875.97,failed,online,2025-01-14,NO
32,25671,100714,684.76,failed,online,2025-01-14,NO
3266,16138,101984,59.19,failed,online,2025-01-14,NO
929,25141,103251,181.63,failed,online,2025-01-14,NO
2241,154,103761,669.0,completed,online,2025-01-14,NO
120,36147,103884,1178.67,completed,online,2025-01-14,NO
846,16870,104459,1167.51,failed,online,2025-01-14,NO
4037,8206,105540,61.51,failed,online,2025-01-14,NO
1,4270,105625,523.29,completed,online,2025-01-14,NO
61,39891,107352,470.84,completed,online,2025-01-14,NO
3715,37974,114458,1103.93,failed,online,2025-01-14,NO
2957,35147,115398,1277.18,completed,online,2025-01-14,NO
3645,33124,118199,1322.5,completed,online,2025-01-14,NO
1,13542,120559,771.82,completed,online,2025-01-14,NO
3913,28110,120711,59.06,completed,online,2025-01-14,NO
1,1509,122270,21.86,completed,online,2025-01-14,NO
4306,13744,122585,62.62,failed,online,2025-01-14,NO
208,28747,123862,318.16,completed,online,2025-01-14,NO
1184,20826,124698,1831.46,completed,online,2025-01-14,NO
1600,27969,126751,1045.66,failed,online,2025-01-14,NO
3801,5967,127634,523.12,completed,online,2025-01-14,NO
1609,34128,128615,1248.38,completed,online,2025-01-14,NO
1,44000,131702,1839.16,failed,online,2025-01-14,NO
3931,29767,132003,1631.33,failed,online,2025-01-14,NO
605,32459,134235,800.94,failed,online,2025-01-14,NO
1,49077,138007,685.6,completed,online,2025-01-14,NO
3230,20681,138793,71.76,completed,online,2025-01-14,NO
2937,42321,139256,1847.84,failed,online,2025-01-14,NO
1533,19718,141241,840.22,completed,online,2025-01-14,NO
3920,5616,141326,1035.96,completed,online,2025-01-14,NO
1,18432,145729,1103.33,completed,online,2025-01-14,NO
1,517,146234,289.68,failed,online,2025-01-14,NO
788,19736,147073,663.72,failed,online,2025-01-14,NO
37,9809,148134,222.78,failed,online,2025-01-14,NO
3392,5730,1819,245.96,failed,online,2025-08-18,NO
1,12010,2049,1537.06,failed,online,2025-08-18,NO
4477,32021,2894,1562.51,completed,online,2025-08-18,NO
4274,46457,2965,357.05,failed,online,2025-08-18,NO
1413,13541,5906,1609.4,completed,online,2025-08-18,NO
933,46049,6208,648.75,completed,online,2025-08-18,NO
2486,45807,6352,708.88,completed,online,2025-08-18,NO
3674,15662,6735,202.79,failed,online,2025-08-18,NO
4752,49050,12622,19.39,completed,online,2025-08-18,NO
2590,21614,14797,1063.3,completed,online,2025-08-18,NO
4577,49108,19099,951.43,completed,online,2025-08-18,NO
1,33250,20833,673.4,completed,online,2025-08-18,NO
3002,1437,25586,1179.5,failed,online,2025-08-18,NO
4613,5128,28776,1360.81,completed,online,2025-08-18,NO
187,21065,30138,854.74,failed,online,2025-08-18,NO
3995,4815,30213,281.1,failed,online,2025-08-18,NO
1,36325,30309,737.15,failed,online,2025-08-18,NO
2008,34844,31069,975.26,failed,online,2025-08-18,NO
573,48850,31719,386.74,failed,online,2025-08-18,NO
4643,21090,32351,937.89,failed,online,2025-08-18,NO
1,8815,33548,1863.17,completed,online,2025-08-18,NO
2679,4053,35038,1312.77,completed,online,2025-08-18,NO
1,49810,35485,1453.84,completed,online,2025-08-18,NO
4096,26512,38021,1511.28,failed,online,2025-08-18,NO
4427,10588,38104,944.55,failed,online,2025-08-18,NO
1536,31927,41220,137.2,failed,online,2025-08-18,NO
2113,12707,41243,1808.38,completed,online,2025-08-18,NO
2535,22520,43535,45.4,completed,online,2025-08-18,NO
239,13246,46290,1321.58,completed,online,2025-08-18,NO
554,47741,46303,1939.82,failed,online,2025-08-18,NO
966,20635,50023,635.92,completed,online,2025-08-18,NO
4614,49014,50278,1620.17,completed,online,2025-08-18,NO
1,8434,51998,1216.73,failed,online,2025-08-18,NO
3445,36270,53725,1966.74,completed,online,2025-08-18,NO
981,46190,54820,1889.47,failed,online,2025-08-18,NO
1028,6733,56682,1142.15,completed,online,2025-08-18,NO
1,25121,57628,1789.45,completed,online,2025-08-18,NO
1530,19155,60927,245.79,completed,online,2025-08-18,NO
4943,17794,61383,1655.52,failed,online,2025-08-18,NO
4149,47626,63332,992.89,failed,online,2025-08-18,NO
3058,11772,63874,1826.99,completed,online,2025-08-18,NO
1,34895,64120,1839.4,failed,online,2025-08-18,NO
1936,29240,64703,1087.83,failed,online,2025-08-18,NO
4232,36410,64926,965.42,failed,online,2025-08-18,NO
1,38441,65963,1691.77,failed,online,2025-08-18,NO
3634,28949,67324,1641.26,failed,online,2025-08-18,NO
1,5616,68507,704.49,failed,online,2025-08-18,NO
4578,6192,68985,728.22,completed,online,2025-08-18,NO
138,27499,70371,1702.24,failed,online,2025-08-18,NO
1658,44967,71101,675.16,completed,online,2025-08-18,NO
2641,9846,72264,1155.25,failed,online,2025-08-18,NO
3328,11122,72704,161.32,completed,online,2025-08-18,NO
3787,18418,74285,314.0,failed,online,2025-08-18,NO
1,37827,76590,877.51,failed,online,2025-08-18,NO
1383,17222,76891,1318.64,completed,online,2025-08-18,NO
4940,6532,77060,1323.0,failed,online,2025-08-18,NO
713,7409,77544,1621.21,completed,online,2025-08-18,NO
2776,36952,78630,1144.0,completed,online,2025-08-18,NO
1988,9585,78649,815.83,failed,online,2025-08-18,NO
2204,25078,78716,449.54,completed,online,2025-08-18,NO
2405,4780,80290,768.28,completed,online,2025-08-18,NO
1,41451,85118,273.82,failed,online,2025-08-18,NO
1772,47387,85846,1869.87,failed,online,2025-08-18,NO
1,4567,93774,1546.96,completed,online,2025-08-18,NO
1,6111,95541,8866.245168292526,completed,online,2025-08-18,NO
1,46027,104878,1087.21,completed,online,2025-08-18,NO
4590,48565,105739,1197.4,completed,online,2025-08-18,NO
516,47269,110661,948.32,completed,online,2025-08-18,NO
1,41250,111676,1930.53,completed,online,2025-08-18,NO
651,28070,113329,486.65,completed,online,2025-08-18,NO
1520,2103,118862,1642.56,completed,online,2025-08-18,NO
3122,11639,119157,1473.3,failed,online,2025-08-18,NO
126,41675,126732,1424.13,completed,online,2025-08-18,NO
2080,40914,127403,1460.31,failed,online,2025-08-18,NO
1,551,128609,265.09,completed,online,2025-08-18,NO
3348,37382,129379,1327.97,failed,online,2025-08-18,NO
45,32994,130035,562.91,failed,online,2025-08-18,NO
2769,46827,131202,1004.01,completed,online,2025-08-18,NO
802,22136,131381,387.24,failed,online,2025-08-18,NO
1974,22242,136993,182.34,failed,online,2025-08-18,NO
4911,8109,141685,478.88,failed,online,2025-08-18,NO
396,1184,142519,1976.02,completed,online,2025-08-18,NO
4191,20394,142933,114.17,failed,online,2025-08-18,NO
1948,7389,143254,1318.22,failed,online,2025-08-18,NO
1777,16005,144670,1106.43,completed,online,2025-08-18,NO
1,37581,145133,1470.61,failed,online,2025-08-18,NO
1118,36179,147217,783.29,completed,UNKNOWN,2025-08-18,NO
1315,25269,147505,613.55,failed,online,2025-08-18,NO
894,18437,148135,289.09,completed,online,2025-08-18,NO
1,13955,149775,1550.67,failed,online,2025-08-18,NO
3113,1476,500,441.31,completed,online,2025-03-04,NO
4128,16700,7914,683.18,failed,online,2025-03-04,NO
4898,48331,8091,1047.28,failed,online,2025-03-04,NO
3903,44913,8884,772.64,completed,online,2025-03-04,NO
576,34416,10325,1034.11,failed,online,2025-03-04,NO
4206,40175,12243,387.72,failed,online,2025-03-04,NO
1,3046,15469,1397.36,completed,online,2025-03-04,NO
3479,11848,16719,1617.14,completed,online,2025-03-04,NO
2610,2103,20753,1102.2,failed,online,2025-03-04,NO
1347,19239,21991,971.65,completed,online,2025-03-04,NO
2830,2182,26427,1691.29,failed,online,2025-03-04,NO
1,38229,26955,205.53,failed,online,2025-03-04,NO
4821,39711,27503,1365.06,completed,online,2025-03-04,NO
3370,26535,28669,511.08,failed,online,2025-03-04,NO
3845,10934,29273,695.69,failed,online,2025-03-04,NO
17,11609,31020,239.07,failed,online,2025-03-04,NO
665,49969,31366,1067.76,completed,online,2025-03-04,NO
4746,7036,32729,1402.02,failed,online,2025-03-04,NO
1,3834,33387,1706.05,failed,online,2025-03-04,NO
1753,10748,35207,872.4,failed,online,2025-03-04,NO
712,12150,36442,501.8,completed,online,2025-03-04,NO
2601,32490,37003,1555.46,failed,online,2025-03-04,NO
3526,15376,38846,1025.08,failed,online,2025-03-04,NO
1,19272,39749,1264.57,completed,online,2025-03-04,NO
1793,40006,40550,1629.74,completed,online,2025-03-04,NO
3457,7994,41284,1125.24,failed,online,2025-03-04,NO
80,6391,41297,1750.89,completed,online,2025-03-04,NO
3051,18228,42492,1809.57,failed,online,2025-03-04,NO
462,46601,42682,1175.2,failed,online,2025-03-04,NO
2506,25370,42965,469.45,completed,online,2025-03-04,NO
1,42022,44409,673.75,completed,online,2025-03-04,NO
1,32179,46224,1372.41,failed,online,2025-03-04,NO
1,20621,48969,1573.87,completed,online,2025-03-04,NO
833,31709,49117,358.44,failed,online,2025-03-04,NO
2499,1179,50890,1995.93,completed,online,2025-03-04,NO
4182,26083,51635,542.42,failed,online,2025-03-04,NO
4707,19783,52787,470.85,failed,online,2025-03-04,NO
4686,10379,52879,1389.04,failed,online,2025-03-04,NO
354,49698,53146,351.44,completed,online,2025-03-04,NO
4355,14781,53898,1008.7,failed,online,2025-03-04,NO
3030,5883,54183,421.8,failed,online,2025-03-04,NO
4128,11675,56867,49.96,failed,online,2025-03-04,NO
3915,33398,57620,1408.9,completed,online,2025-03-04,NO
1,44710,58512,1989.59,failed,online,2025-03-04,NO
2228,32766,61125,1617.83,failed,online,2025-03-04,NO
1,30657,61578,975.38,completed,online,2025-03-04,NO
2879,443,64999,230.3,failed,online,2025-03-04,NO
1384,35090,65392,982.35,failed,online,2025-03-04,NO
199,31958,65927,1074.55,completed,online,2025-03-04,NO
1,47801,66095,1675.86,failed,online,2025-03-04,NO
4030,29670,66944,1250.29,completed,online,2025-03-04,NO
4548,42250,67795,79.37,failed,online,2025-03-04,NO
2001,32236,69127,1320.3,failed,online,2025-03-04,NO
1673,4226,71149,1575.61,failed,online,2025-03-04,NO
1,9031,73055,578.11,completed,online,2025-03-04,NO
1663,44875,74537,1414.13,completed,online,2025-03-04,NO
3052,20344,75518,1862.08,completed,online,2025-03-04,NO
4987,13195,76783,21.26,failed,online,2025-03-04,NO
2751,21929,82008,9839.590379427587,failed,online,2025-03-04,NO
1993,10676,83278,522.2,failed,online,2025-03-04,NO
1,4077,83390,1359.73,completed,online,2025-03-04,NO
4515,37858,84662,1722.37,completed,online,2025-03-04,NO
482,9249,85018,291.24,failed,online,2025-03-04,NO
3092,48911,87069,1810.92,failed,online,2025-03-04,NO
3263,28855,90930,632.6,completed,online,2025-03-04,NO
279,38871,93883,252.06,completed,online,2025-03-04,NO
2330,27936,94411,80.35,completed,online,2025-03-04,NO
3525,22449,94745,639.84,completed,online,2025-03-04,NO
4486,12600,95750,1899.18,completed,online,2025-03-04,NO
656,43461,98311,414.3,completed,online,2025-03-04,NO
505,32302,100435,1054.38,failed,online,2025-03-04,NO
3563,21556,104670,761.72,completed,online,2025-03-04,NO
2703,2180,107524,1258.22,failed,online,2025-03-04,NO
3571,31300,108183,1947.26,failed,online,2025-03-04,NO
2466,1657,109213,1463.19,completed,online,2025-03-04,NO
1,38828,112745,1198.56,failed,online,2025-03-04,NO
1922,23435,114935,1579.27,failed,online,2025-03-04,NO
451,29660,116414,755.93,failed,online,2025-03-04,NO
1,26855,118164,625.71,failed,online,2025-03-04,NO
2105,35182,121672,1989.34,failed,online,2025-03-04,NO
3744,24167,123001,1696.75,failed,online,2025-03-04,NO
4615,34025,125494,204.63,completed,online,2025-03-04,NO
2230,6661,131596,672.58,failed,online,2025-03-04,NO
3750,46706,135095,139.84,completed,online,2025-03-04,NO
886,47665,139265,595.44,completed,online,2025-03-04,NO
2306,47763,139577,1952.59,completed,online,2025-03-04,NO
2189,6861,142412,1794.71,failed,online,2025-03-04,NO
4536,30225,144895,1534.97,completed,online,2025-03-04,NO
4360,32789,146388,1426.88,completed,online,2025-03-04,NO
2827,42962,149898,1974.97,failed,online,2025-03-04,NO
3190,30747,382,1053.86,failed,online,2025-07-01,NO
4968,23753,2367,1895.92,failed,online,2025-07-01,NO
754,24199,4298,595.62,completed,online,2025-07-01,NO
1,8279,4981,543.88,failed,online,2025-07-01,NO
995,37788,5483,1650.21,failed,online,2025-07-01,NO
1,15535,6545,1287.63,failed,online,2025-07-01,NO
487,32731,7059,1119.38,completed,online,2025-07-01,NO
2035,10317,11300,308.38,completed,online,2025-07-01,NO
1192,10589,11698,59.58,failed,online,2025-07-01,NO
4876,44920,12049,1672.34,failed,online,2025-07-01,NO
1,48270,12707,1646.42,completed,online,2025-07-01,NO
4811,26649,13697,1956.88,failed,online,2025-07-01,NO
186,38868,18377,370.44,completed,online,2025-07-01,NO
2499,47414,22162,268.56,completed,online,2025-07-01,NO
1,49244,22837,547.23,failed,online,2025-07-01,NO
1,15016,25152,1429.45,failed,online,2025-07-01,NO
724,8922,29496,1688.57,completed,online,2025-07-01,NO
1065,28060,31565,374.28,completed,online,2025-07-01,NO
856,20591,32872,97.02,completed,online,2025-07-01,NO
1408,48922,33488,970.78,failed,online,2025-07-01,NO
574,15672,34846,1646.8,completed,online,2025-07-01,NO
1159,13038,38266,1086.95,completed,online,2025-07-01,NO
4153,16563,39375,1189.44,completed,online,2025-07-01,NO
1,15356,39615,109.84,failed,online,2025-07-01,NO
1,14147,39619,137.97,completed,online,2025-07-01,NO
4079,25928,40145,616.05,completed,online,2025-07-01,NO
1,48035,42832,556.31,completed,online,2025-07-01,NO
3659,37133,44027,1308.83,completed,online,2025-07-01,NO
1,1873,46811,42.5,completed,UNKNOWN,2025-07-01,NO
1887,37658,48135,1122.07,failed,online,2025-07-01,NO
1059,39190,50539,345.94,failed,online,2025-07-01,NO
4022,25934,53452,1979.11,failed,online,2025-07-01,NO
3069,27506,57075,861.69,completed,online,2025-07-01,NO
2705,31104,62889,1537.44,completed,online,2025-07-01,NO
3044,34467,62974,817.44,completed,online,2025-07-01,NO
4818,49341,63396,907.08,completed,online,2025-07-01,NO
3653,2603,65178,1727.48,failed,online,2025-07-01,NO
848,30617,66835,1001.77,failed,online,2025-07-01,NO
756,37656,69259,1740.41,completed,online,2025-07-01,NO
3533,29978,74633,272.45,failed,online,2025-07-01,NO
1,43120,74797,57.71,completed,online,2025-07-01,NO
3097,12799,78462,1509.7,completed,online,2025-07-01,NO
169,36055,79103,627.2,failed,online,2025-07-01,NO
4539,17356,79458,264.49,failed,online,2025-07-01,NO
996,5774,80248,1364.15,failed,online,2025-07-01,NO
1,37654,80874,293.23,completed,online,2025-07-01,NO
344,43917,82097,528.75,completed,online,2025-07-01,NO
4115,49072,82827,177.31,completed,online,2025-07-01,NO
1028,40129,84363,890.17,failed,UNKNOWN,2025-07-01,NO
413,48128,85517,1057.51,completed,online,2025-07-01,NO
4169,31596,86124,226.86,failed,online,2025-07-01,NO
2579,16196,86545,1091.69,completed,online,2025-07-01,NO
3154,36877,86988,408.24,completed,online,2025-07-01,NO
1,19069,87165,247.24,failed,online,2025-07-01,NO
4215,39496,89187,289.37,failed,online,2025-07-01,NO
3069,6203,90961,1660.26,completed,online,2025-07-01,NO
1655,8649,97001,578.91,failed,online,2025-07-01,NO
8,13192,98597,1588.26,failed,online,2025-07-01,NO
1158,2811,100579,537.96,failed,online,2025-07-01,NO
3657,37696,102807,624.42,failed,online,2025-07-01,NO
4589,4068,106392,1829.26,completed,online,2025-07-01,NO
959,49991,108245,564.09,completed,online,2025-07-01,NO
2767,33037,109536,1952.35,completed,online,2025-07-01,NO
943,47927,110028,24.04,completed,online,2025-07-01,NO
1,800,112063,97.42,failed,online,2025-07-01,NO
1509,29076,112407,1179.74,failed,UNKNOWN,2025-07-01,NO
4889,36786,116950,1941.18,failed,online,2025-07-01,NO
3138,30333,118749,492.89,failed,online,2025-07-01,NO
4282,27396,122261,194.48,completed,online,2025-07-01,NO
4542,15793,123356,405.75,failed,online,2025-07-01,NO
1,46125,123899,1813.39,failed,online,2025-07-01,NO
1570,46627,125795,1372.82,completed,online,2025-07-01,NO
3513,18472,125911,178.71,failed,online,2025-07-01,NO
1,33649,128229,1935.68,completed,online,2025-07-01,NO
2361,13037,129426,38.61,completed,online,2025-07-01,NO
136,38429,129944,167.15,completed,online,2025-07-01,NO
1769,25045,130103,173.82,completed,online,2025-07-01,NO
2861,30992,130297,1624.82,failed,online,2025-07-01,NO
1925,14847,131400,243.55,failed,online,2025-07-01,NO
4619,49896,131875,793.65,failed,online,2025-07-01,NO
1144,44832,134061,1025.59,failed,online,2025-07-01,NO
1,41468,134375,971.16,failed,online,2025-07-01,NO
1014,26721,135993,917.78,failed,online,2025-07-01,NO
1816,30808,138058,176.08,failed,online,2025-07-01,NO
4477,6108,142143,1132.55,failed,online,2025-07-01,NO
4991,6491,143149,21.6,completed,online,2025-07-01,NO
4502,15218,143371,1028.35,completed,online,2025-07-01,NO
2383,40487,144826,427.63,failed,online,2025-07-01,NO
830,7598,145136,924.68,failed,online,2025-07-01,NO
3351,1881,147438,542.41,failed,online,2025-07-01,NO
2190,1215,157,1773.0,completed,online,2025-12-18,NO
1,29255,1183,15.82,failed,online,2025-12-18,NO
2831,46752,2659,703.54,completed,online,2025-12-18,NO
69,34150,5562,512.16,failed,online,2025-12-18,NO
4158,49051,10022,1619.06,failed,online,2025-12-18,NO
1272,37124,14831,1789.08,failed,online,2025-12-18,NO
3593,36460,16094,633.71,failed,online,2025-12-18,NO
3999,5620,19496,1098.41,failed,online,2025-12-18,NO
2789,34244,20160,280.2,failed,online,2025-12-18,NO
4292,25721,20511,636.05,failed,online,2025-12-18,NO
3412,41218,22159,113.09,failed,online,2025-12-18,NO
3931,11279,22414,305.69,failed,online,2025-12-18,NO
1729,43403,23564,1142.26,failed,online,2025-12-18,NO
1208,18892,24893,1078.92,completed,online,2025-12-18,NO
4677,14543,27159,223.94,failed,online,2025-12-18,NO
3579,34877,27205,719.96,completed,online,2025-12-18,NO
1,9589,27655,256.61,failed,online,2025-12-18,NO
1975,48076,28099,1539.31,failed,online,2025-12-18,NO
1698,2322,29711,1769.37,failed,online,2025-12-18,NO
3465,36394,31352,163.67,completed,online,2025-12-18,NO
3482,31130,32286,1708.99,completed,online,2025-12-18,NO
1147,8221,35529,860.12,completed,online,2025-12-18,NO
1,39286,37200,1526.72,failed,online,2025-12-18,NO
1117,23024,40386,1779.5,failed,online,2025-12-18,NO
3468,27908,40699,5851.225158921073,completed,UNKNOWN,2025-12-18,NO
2682,42823,47337,1332.88,completed,online,2025-12-18,NO
495,3048,47682,1938.85,failed,online,2025-12-18,NO
4044,13161,51457,1051.61,completed,online,2025-12-18,NO
629,18841,51543,1691.81,completed,online,2025-12-18,NO
511,11993,53075,1806.16,completed,online,2025-12-18,NO
4082,10413,54116,555.83,completed,online,2025-12-18,NO
2067,4224,54215,758.9,failed,online,2025-12-18,NO
1856,41152,55993,716.44,failed,online,2025-12-18,NO
1209,37763,56921,1774.68,failed,online,2025-12-18,NO
2738,1631,57951,851.55,failed,online,2025-12-18,NO
1894,49737,58257,1940.57,failed,online,2025-12-18,NO
4281,33030,60509,798.62,completed,online,2025-12-18,NO
3754,41233,61492,1341.14,completed,online,2025-12-18,NO
871,9327,62935,1156.97,completed,online,2025-12-18,NO
1,40948,63294,638.5,failed,online,2025-12-18,NO
1483,37517,67810,1860.68,completed,online,2025-12-18,NO
26,29644,68672,408.92,completed,online,2025-12-18,NO
4666,20712,68866,1848.71,completed,online,2025-12-18,NO
1369,13610,71528,284.87,failed,online,2025-12-18,NO
1006,30128,72349,713.29,completed,online,2025-12-18,NO
4358,21920,72624,46.95,failed,online,2025-12-18,NO
3140,41097,74284,384.22,failed,online,2025-12-18,NO
3985,2711,74440,406.82,failed,online,2025-12-18,NO
1577,30165,76502,1394.38,completed,online,2025-12-18,NO
762,24982,80168,1778.07,completed,online,2025-12-18,NO
978,32645,80179,1647.25,completed,online,2025-12-18,NO
3711,29607,81592,1588.29,failed,online,2025-12-18,NO
2953,24215,82922,1616.86,completed,online,2025-12-18,NO
1,27193,83425,113.58,completed,online,2025-12-18,NO
2296,15359,83886,180.18,failed,online,2025-12-18,NO
4835,28014,85363,1233.89,completed,online,2025-12-18,NO
3478,16485,86018,1089.1,completed,online,2025-12-18,NO
4713,34236,88399,77.46,failed,online,2025-12-18,NO
2773,12225,93478,239.05,completed,online,2025-12-18,NO
644,35221,94078,1448.52,failed,online,2025-12-18,NO
4867,27285,97508,862.33,failed,online,2025-12-18,NO
1,5533,100265,621.87,completed,online,2025-12-18,NO
328,2606,105303,1405.8,completed,online,2025-12-18,NO
1966,6927,105511,1499.49,failed,online,2025-12-18,NO
521,29438,106701,53.08,completed,online,2025-12-18,NO
498,11111,110492,331.65,completed,online,2025-12-18,NO
2920,5117,112385,277.16,failed,online,2025-12-18,NO
1034,30178,116627,606.64,completed,online,2025-12-18,NO
2805,12236,121310,1859.74,completed,online,2025-12-18,NO
281,15099,122039,1923.95,failed,online,2025-12-18,NO
4869,49839,122441,1284.32,failed,online,2025-12-18,NO
2835,29613,124470,1437.36,completed,online,2025-12-18,NO
2074,10493,124702,1892.92,failed,online,2025-12-18,NO
4110,42501,128527,1227.7,completed,online,2025-12-18,NO
4401,3172,129824,40.59,completed,online,2025-12-18,NO
817,1844,132262,566.52,completed,online,2025-12-18,NO
150,14824,132462,1974.69,completed,online,2025-12-18,NO
1,1721,134750,1658.11,failed,online,2025-12-18,NO
1231,2327,138337,1949.91,failed,online,2025-12-18,NO
4291,14943,138985,1421.94,completed,online,2025-12-18,NO
2716,39959,139019,598.03,completed,online,2025-12-18,NO
3493,26826,139364,114.25,failed,online,2025-12-18,NO
1373,2563,141737,1280.2,completed,online,2025-12-18,NO
1728,49852,142478,249.59,failed,online,2025-12-18,NO
171,42934,142864,476.85,failed,online,2025-12-18,NO
1871,46337,143847,809.44,failed,online,2025-12-18,NO
4477,14265,144266,256.67,failed,online,2025-12-18,NO
3767,23580,149314,1066.81,completed,online,2025-12-18,NO
759,42015,149497,1907.11,failed,online,2025-12-18,NO
1,14257,45,805.22,failed,online,2025-12-21,NO
1,4462,1104,328.47,failed,online,2025-12-21,NO
3864,41769,1325,1904.92,failed,online,2025-12-21,NO
1542,47745,6349,1810.32,completed,online,2025-12-21,NO
3624,33248,10674,124.53,failed,online,2025-12-21,NO
820,32323,12501,1448.22,completed,online,2025-12-21,NO
1,9712,12684,1472.03,failed,online,2025-12-21,NO
1,39624,13156,1665.71,failed,online,2025-12-21,NO
2871,37751,13625,1792.22,completed,online,2025-12-21,NO
1248,11340,13626,1243.85,failed,online,2025-12-21,NO
4287,42682,14767,1176.04,failed,online,2025-12-21,NO
1,29566,17490,922.2,failed,online,2025-12-21,NO
1,36393,19096,1652.24,completed,online,2025-12-21,NO
1857,47394,23710,54.72,failed,online,2025-12-21,NO
591,28529,26460,777.83,failed,online,2025-12-21,NO
4016,15719,26742,1167.3,completed,online,2025-12-21,NO
2203,5704,28066,203.96,completed,online,2025-12-21,NO
1092,30980,29005,161.39,failed,online,2025-12-21,NO
2104,30788,29776,1824.42,completed,online,2025-12-21,NO
483,11052,30149,1582.02,completed,online,2025-12-21,NO
1239,40655,31357,396.59,completed,online,2025-12-21,NO
1508,34506,32101,369.25,failed,online,2025-12-21,NO
4864,32490,33779,133.99,failed,online,2025-12-21,NO
1685,6137,37082,1122.86,completed,online,2025-12-21,NO
4437,27476,41130,1841.84,failed,online,2025-12-21,NO
643,4592,41679,727.53,failed,online,2025-12-21,NO
1,40054,41835,1572.04,failed,online,2025-12-21,NO
4458,25583,43385,766.19,failed,online,2025-12-21,NO
3573,19389,44671,164.86,failed,online,2025-12-21,NO
3051,36965,47620,171.25,completed,online,2025-12-21,NO
2595,25807,47687,856.8,failed,online,2025-12-21,NO
4644,47741,48134,1985.39,completed,online,2025-12-21,NO
4254,38594,48578,1901.64,failed,online,2025-12-21,NO
2485,31773,50277,117.33,failed,online,2025-12-21,NO
3913,28443,51628,125.89,failed,online,2025-12-21,NO
4401,25635,53484,1350.95,completed,online,2025-12-21,NO
112,39865,54366,373.2,failed,online,2025-12-21,NO
3357,5624,54512,52.56,completed,online,2025-12-21,NO
1,1017,55688,1402.48,completed,online,2025-12-21,NO
3873,40702,57931,1597.4,completed,online,2025-12-21,NO
737,4129,60472,1294.54,failed,online,2025-12-21,NO
1,9374,62105,469.54,completed,online,2025-12-21,NO
4915,35844,65993,1069.76,completed,online,2025-12-21,NO
1,13580,66177,148.22,failed,online,2025-12-21,NO
1,14151,69618,1912.6,completed,online,2025-12-21,NO
618,12517,71660,512.68,failed,online,2025-12-21,NO
1,23974,77258,1790.88,failed,online,2025-12-21,NO
4175,29738,85218,96.49,failed,online,2025-12-21,NO
1,42615,85755,1899.22,failed,online,2025-12-21,NO
3606,3646,86281,714.93,failed,online,2025-12-21,NO
1,9393,87353,1257.38,completed,online,2025-12-21,NO
465,33165,88944,1844.92,completed,online,2025-12-21,NO
3740,14163,89434,950.22,completed,online,2025-12-21,NO
1,31373,89444,603.81,failed,online,2025-12-21,NO
1,24611,89812,1692.03,completed,online,2025-12-21,NO
3942,41717,89864,997.11,completed,online,2025-12-21,NO
2025,29149,95035,1771.76,failed,online,2025-12-21,NO
2623,3192,95909,824.95,completed,online,2025-12-21,NO
1,24628,97874,1562.76,failed,online,2025-12-21,NO
4925,27150,99384,1921.96,failed,online,2025-12-21,NO
1759,21043,99608,237.87,failed,online,2025-12-21,NO
3580,905,100663,555.22,completed,online,2025-12-21,NO
3041,14263,102519,406.68,failed,online,2025-12-21,NO
4805,39292,108740,1725.06,failed,online,2025-12-21,NO
3151,2754,108826,1017.45,failed,online,2025-12-21,NO
4701,31361,108857,1647.28,failed,online,2025-12-21,NO
2266,34482,109657,1775.9,failed,online,2025-12-21,NO
2335,42620,110328,1666.58,failed,online,2025-12-21,NO
3551,32017,111450,1650.22,failed,online,2025-12-21,NO
1,42618,112520,108.04,failed,online,2025-12-21,NO
1811,21664,112943,1873.56,failed,online,2025-12-21,NO
1,47324,114040,833.28,failed,online,2025-12-21,NO
4258,26374,115367,535.31,failed,online,2025-12-21,NO
1,15390,116237,1982.82,completed,online,2025-12-21,NO
1112,32354,117251,1952.16,completed,online,2025-12-21,NO
1,39282,120133,1510.49,completed,online,2025-12-21,NO
1,46608,122442,1741.46,failed,online,2025-12-21,NO
1297,29989,123505,913.44,failed,online,2025-12-21,NO
3847,38510,125033,644.16,failed,online,2025-12-21,NO
1,35641,125958,225.87,completed,online,2025-12-21,NO
4151,47134,127579,1318.77,failed,online,2025-12-21,NO
1,44951,130767,449.46,failed,online,2025-12-21,NO
2005,41974,130878,1711.5,completed,online,2025-12-21,NO
3697,46547,134301,1149.73,failed,online,2025-12-21,NO
1,2829,139015,1766.19,failed,online,2025-12-21,NO
1,40303,139104,1443.9,failed,online,2025-12-21,NO
1197,16350,140605,328.95,completed,online,2025-12-21,NO
2732,9340,140870,478.09,failed,online,2025-12-21,NO
1590,37815,143878,388.42,completed,UNKNOWN,2025-12-21,NO
2642,3207,145223,85.44,failed,online,2025-12-21,NO
3361,18234,146422,1366.82,completed,online,2025-12-21,NO
2661,21653,379,1533.91,failed,online,2025-11-18,NO
2550,8313,4065,1416.98,completed,online,2025-11-18,NO
2379,45779,4350,1936.9,failed,online,2025-11-18,NO
615,19592,4509,1070.18,failed,online,2025-11-18,NO
1112,31559,4863,1091.47,completed,online,2025-11-18,NO
770,5303,4895,932.08,completed,online,2025-11-18,NO
1223,14767,6645,1059.69,completed,online,2025-11-18,NO
2645,16905,8547,142.38,completed,online,2025-11-18,NO
864,37283,10353,1016.41,failed,online,2025-11-18,NO
1,25520,12361,473.85,failed,online,2025-11-18,NO
1146,15197,18981,1867.75,failed,online,2025-11-18,NO
3258,12185,20949,1747.41,completed,online,2025-11-18,NO
1,19688,22310,879.68,failed,online,2025-11-18,NO
1,27290,24605,1140.57,completed,online,2025-11-18,NO
558,31558,28351,1765.86,failed,online,2025-11-18,NO
323,9446,28583,1036.31,failed,online,2025-11-18,NO
4978,745,30782,1928.95,failed,online,2025-11-18,NO
2341,23440,30849,1314.01,completed,online,2025-11-18,NO
988,7211,33949,1741.64,completed,online,2025-11-18,NO
2436,31147,34176,1850.79,failed,online,2025-11-18,NO
4554,14963,35077,541.38,failed,online,2025-11-18,NO
1,12619,35612,642.66,failed,online,2025-11-18,NO
350,15589,36243,8508.331179044082,completed,online,2025-11-18,NO
2191,25552,37564,134.75,failed,online,2025-11-18,NO
1,14114,38917,899.37,failed,online,2025-11-18,NO
1861,34823,41072,615.06,completed,online,2025-11-18,NO
1345,5784,41097,1251.47,completed,online,2025-11-18,NO
4692,31086,43332,1298.37,failed,online,2025-11-18,NO
663,29745,44333,1601.54,failed,online,2025-11-18,NO
2537,5994,44715,1597.09,completed,online,2025-11-18,NO
2134,18414,45387,1352.22,completed,online,2025-11-18,NO
3236,49727,47158,989.5,failed,online,2025-11-18,NO
1933,857,47503,161.59,failed,online,2025-11-18,NO
3046,24302,48983,172.68,failed,online,2025-11-18,NO
4877,47041,50567,1303.05,completed,online,2025-11-18,NO
749,40001,50578,1870.68,failed,online,2025-11-18,NO
958,41134,50633,1239.77,completed,online,2025-11-18,NO
4364,14356,52717,1641.2,completed,online,2025-11-18,NO
2264,22607,54916,1695.62,failed,online,2025-11-18,NO
2528,507,55088,1638.68,completed,online,2025-11-18,NO
1007,12298,61203,1325.09,failed,online,2025-11-18,NO
1078,15382,61409,890.32,failed,online,2025-11-18,NO
4253,19711,61989,272.44,failed,online,2025-11-18,NO
2282,34936,62894,76.97,completed,online,2025-11-18,NO
1710,25016,63523,580.97,failed,online,2025-11-18,NO
1,35333,64098,1915.55,completed,online,2025-11-18,NO
3224,37810,66801,1792.97,completed,online,2025-11-18,NO
1009,14831,71926,529.63,completed,online,2025-11-18,NO
4120,41662,72458,1875.79,completed,online,2025-11-18,NO
1017,9716,74638,811.57,failed,UNKNOWN,2025-11-18,NO
1225,28914,75476,1307.64,completed,online,2025-11-18,NO
1,48818,77540,675.83,failed,online,2025-11-18,NO
1,26908,78002,355.98,failed,online,2025-11-18,NO
1160,12533,80411,675.13,failed,online,2025-11-18,NO
3309,28734,80744,194.94,failed,online,2025-11-18,NO
2584,42509,84057,1883.1,completed,online,2025-11-18,NO
4462,19998,87115,1042.04,failed,online,2025-11-18,NO
308,17958,87227,402.72,completed,online,2025-11-18,NO
2890,17794,89687,284.93,failed,online,2025-11-18,NO
430,47392,90330,1935.15,completed,online,2025-11-18,NO
4424,42672,91528,1601.3,failed,online,2025-11-18,NO
1,38345,92777,633.29,completed,online,2025-11-18,NO
2868,19555,94214,1329.57,failed,online,2025-11-18,NO
4593,21187,95279,1691.26,completed,online,2025-11-18,NO
1,1294,95775,9902.411185156525,completed,online,2025-11-18,NO
4706,41053,99309,1413.13,failed,UNKNOWN,2025-11-18,NO
1207,23642,100659,1351.7,completed,online,2025-11-18,NO
1722,1831,101183,566.83,completed,online,2025-11-18,NO
728,9092,101753,1520.18,failed,online,2025-11-18,NO
4419,10738,101873,1388.77,completed,online,2025-11-18,NO
998,4178,102865,221.08,completed,online,2025-11-18,NO
2613,13399,109646,525.43,failed,online,2025-11-18,NO
1055,48021,109865,679.44,completed,online,2025-11-18,NO
644,42293,111892,1602.3,failed,online,2025-11-18,NO
2395,46634,113789,202.07,completed,online,2025-11-18,NO
4925,46384,114739,1314.19,completed,online,2025-11-18,NO
1,16634,116120,614.52,failed,online,2025-11-18,NO
4417,30035,117195,789.95,completed,online,2025-11-18,NO
3016,17825,119580,139.5,failed,online,2025-11-18,NO
1105,33359,120356,610.01,completed,online,2025-11-18,NO
2465,28066,121896,425.28,completed,online,2025-11-18,NO
1,26334,123381,1684.41,completed,online,2025-11-18,NO
1165,15050,125592,1861.08,failed,online,2025-11-18,NO
4536,14269,129439,505.46,failed,online,2025-11-18,NO
4191,16497,130322,585.51,failed,online,2025-11-18,NO
2175,6770,141958,354.88,completed,online,2025-11-18,NO
4399,6147,147638,1949.21,completed,UNKNOWN,2025-11-18,NO
4947,19087,147790,677.54,failed,online,2025-11-18,NO
357,10097,148957,228.44,failed,online,2025-11-18,NO
1952,40357,3037,801.76,completed,online,2025-05-08,NO
1836,16146,3042,1092.4,failed,online,2025-05-08,NO
1,14723,4090,441.07,failed,online,2025-05-08,NO
4216,48681,4239,329.05,failed,online,2025-05-08,NO
875,11069,6024,1733.99,completed,online,2025-05-08,NO
234,29108,7333,1989.43,failed,online,2025-05-08,NO
1,31049,12494,119.7,completed,online,2025-05-08,NO
4872,19823,12705,1469.66,completed,online,2025-05-08,NO
2229,26774,13034,48.61,completed,online,2025-05-08,NO
4899,48479,14804,251.07,completed,online,2025-05-08,NO
1,12055,19016,1215.29,completed,online,2025-05-08,NO
2640,34061,19912,1943.64,completed,online,2025-05-08,NO
1,48681,21633,473.5,completed,online,2025-05-08,NO
3738,45496,22756,679.03,completed,online,2025-05-08,NO
1,47059,31328,558.54,failed,online,2025-05-08,NO
956,41412,32392,513.61,failed,online,2025-05-08,NO
1130,24005,38049,494.83,completed,online,2025-05-08,NO
3117,23860,38344,920.26,failed,online,2025-05-08,NO
3619,8223,41298,1754.38,completed,online,2025-05-08,NO
2405,26241,42506,458.09,completed,UNKNOWN,2025-05-08,NO
929,42555,43946,1483.84,completed,online,2025-05-08,NO
2835,40456,46087,62.76,completed,online,2025-05-08,NO
4457,15483,46442,1349.57,completed,online,2025-05-08,NO
1,12670,48994,1804.46,failed,online,2025-05-08,NO
1,44656,50359,385.4,failed,online,2025-05-08,NO
3845,47333,50986,1378.87,completed,online,2025-05-08,NO
1,17611,52388,1611.9,completed,online,2025-05-08,NO
1842,4531,55324,1917.59,failed,online,2025-05-08,NO
3276,24543,55949,573.02,completed,online,2025-05-08,NO
3073,20146,56168,1104.01,completed,online,2025-05-08,NO
3728,47999,57511,1050.44,completed,online,2025-05-08,NO
1725,21550,59712,321.82,failed,online,2025-05-08,NO
4076,23471,61611,15.15,failed,online,2025-05-08,NO
4381,31161,62028,772.68,failed,online,2025-05-08,NO
1,12080,69891,1435.38,failed,online,2025-05-08,NO
518,23331,70393,389.79,failed,online,2025-05-08,NO
2426,24601,71374,90.93,completed,online,2025-05-08,NO
204,37819,75028,1253.88,failed,online,2025-05-08,NO
1,1798,76269,1813.14,failed,online,2025-05-08,NO
1,24350,78817,1258.3,failed,online,2025-05-08,NO
4783,863,79064,786.26,failed,online,2025-05-08,NO
1143,44615,80876,565.29,failed,online,2025-05-08,NO
365,13085,84013,1270.44,completed,online,2025-05-08,NO
4245,40808,85726,1800.82,completed,online,2025-05-08,NO
1,30248,85995,660.22,failed,online,2025-05-08,NO
4145,9619,86757,1603.35,completed,online,2025-05-08,NO
1,27444,86960,1205.95,failed,online,2025-05-08,NO
1,15501,90918,1220.51,completed,online,2025-05-08,NO
3896,37199,92885,225.53,failed,online,2025-05-08,NO
1,20418,93431,665.04,failed,online,2025-05-08,NO
1330,5833,94468,1997.14,completed,online,2025-05-08,NO
2788,2944,96266,1070.71,failed,online,2025-05-08,NO
1,35227,98112,741.55,completed,online,2025-05-08,NO
3585,12267,100173,131.84,completed,online,2025-05-08,NO
444,26405,100321,60.52,completed,online,2025-05-08,NO
3712,35635,100424,1823.39,failed,online,2025-05-08,NO
1,15834,102775,422.03,failed,online,2025-05-08,NO
4462,24157,105785,1998.93,completed,online,2025-05-08,NO
214,39174,107875,507.2,failed,online,2025-05-08,NO
2387,8379,109023,1976.68,failed,online,2025-05-08,NO
500,46503,109914,1950.07,completed,online,2025-05-08,NO
1,49164,112760,276.65,failed,online,2025-05-08,NO
1,3700,112979,1238.42,failed,online,2025-05-08,NO
1,48519,114310,1632.06,completed,online,2025-05-08,NO
1,22919,116562,423.78,failed,online,2025-05-08,NO
4622,32165,118285,1536.35,completed,online,2025-05-08,NO
1683,32025,121085,1451.7,completed,online,2025-05-08,NO
4795,43079,121580,1799.71,completed,online,2025-05-08,NO
1,42266,121946,900.54,completed,online,2025-05-08,NO
3670,4523,123987,302.39,completed,online,2025-05-08,NO
3288,5119,125232,1208.16,failed,online,2025-05-08,NO
1,48414,125428,438.57,failed,online,2025-05-08,NO
2988,21777,127038,1062.84,failed,online,2025-05-08,NO
2132,11011,130912,1048.69,completed,online,2025-05-08,NO
1159,34691,131362,1603.83,failed,online,2025-05-08,NO
3635,37276,133271,367.58,completed,online,2025-05-08,NO
1,45354,135169,383.11,failed,online,2025-05-08,NO
1,15845,137876,711.27,failed,online,2025-05-08,NO
1,49656,137926,1629.27,completed,online,2025-05-08,NO
4751,16498,139774,1678.86,completed,online,2025-05-08,NO
1744,29600,139837,157.35,failed,online,2025-05-08,NO
252,46302,140469,1836.53,failed,online,2025-05-08,NO
349,19436,140541,1287.61,completed,online,2025-05-08,NO
271,32259,141053,1570.25,completed,online,2025-05-08,NO
466,34726,143284,112.85,failed,online,2025-05-08,NO
4735,45310,146086,1017.77,failed,online,2025-05-08,NO
341,21767,146344,319.97,completed,online,2025-05-08,NO
3817,4743,146684,1411.03,failed,online,2025-05-08,NO
446,34898,146779,883.36,failed,online,2025-05-08,NO
1,33679,148740,1290.86,completed,online,2025-05-08,NO
4360,18809,3122,322.24,failed,online,2025-03-19,NO
4182,13832,8293,1166.37,failed,online,2025-03-19,NO
1,40817,8356,1503.23,failed,online,2025-03-19,NO
4229,5872,10093,256.56,completed,online,2025-03-19,NO
4045,35139,11363,1313.88,completed,online,2025-03-19,NO
1,26551,13678,539.49,failed,online,2025-03-19,NO
107,7660,14566,1786.04,completed,online,2025-03-19,NO
327,4717,18333,1942.35,completed,online,2025-03-19,NO
2188,15666,18925,456.45,failed,online,2025-03-19,NO
3784,8515,19455,1109.28,completed,online,2025-03-19,NO
3220,4505,19764,340.2,completed,online,2025-03-19,NO
1,10544,20791,921.9,completed,online,2025-03-19,NO
1,133,21624,1497.27,completed,online,2025-03-19,NO
4779,28642,24269,1972.86,completed,online,2025-03-19,NO
316,48453,25383,1749.17,failed,online,2025-03-19,NO
3205,24043,29884,1365.46,failed,online,2025-03-19,NO
3104,29158,29988,998.47,failed,online,2025-03-19,NO
143,27115,31158,960.07,failed,online,2025-03-19,NO
1326,14174,32318,635.19,failed,online,2025-03-19,NO
3552,15893,33054,1733.23,completed,online,2025-03-19,NO
3978,23929,35693,1708.9,completed,online,2025-03-19,NO
2920,36770,37282,1774.87,failed,online,2025-03-19,NO
1,30994,37650,1889.05,completed,online,2025-03-19,NO
3715,35173,40660,393.85,failed,online,2025-03-19,NO
411,48820,44719,1979.27,failed,UNKNOWN,2025-03-19,NO
3327,49870,44954,1798.34,completed,online,2025-03-19,NO
2658,47536,46547,1604.95,completed,online,2025-03-19,NO
620,42328,50373,1669.26,failed,online,2025-03-19,NO
4295,21264,51084,456.81,failed,online,2025-03-19,NO
3948,45945,51185,1893.18,completed,online,2025-03-19,NO
713,12151,56489,623.72,failed,online,2025-03-19,NO
1246,33918,56759,1156.21,completed,online,2025-03-19,NO
914,35142,57120,349.16,completed,online,2025-03-19,NO
2305,31882,57721,60.71,failed,online,2025-03-19,NO
1,32015,58041,339.51,completed,online,2025-03-19,NO
4350,42240,58089,1737.78,failed,online,2025-03-19,NO
684,30509,60655,276.06,failed,online,2025-03-19,NO
1931,5846,64572,1355.89,completed,online,2025-03-19,NO
2263,47691,66159,365.04,failed,online,2025-03-19,NO
1570,14414,69899,1607.38,completed,online,2025-03-19,NO
1221,11119,72834,537.61,failed,online,2025-03-19,NO
462,4204,75302,461.24,completed,online,2025-03-19,NO
4407,13839,75836,604.74,completed,online,2025-03-19,NO
1862,458,76157,936.04,completed,online,2025-03-19,NO
1,34443,79546,973.49,failed,online,2025-03-19,NO
1973,8543,79957,837.84,failed,online,2025-03-19,NO
2523,9376,80995,1412.64,failed,online,2025-03-19,NO
1,13784,81666,1052.79,failed,online,2025-03-19,NO
749,24628,82739,531.88,completed,online,2025-03-19,NO
105,2899,84482,1337.75,completed,online,2025-03-19,NO
1,18480,85312,1124.76,completed,online,2025-03-19,NO
1213,48166,87718,1166.42,completed,online,2025-03-19,NO
3572,44241,88490,1308.41,completed,online,2025-03-19,NO
148,34491,89876,1285.3,failed,online,2025-03-19,NO
1,14769,90628,1383.74,completed,online,2025-03-19,NO
1653,39862,91082,1599.06,failed,online,2025-03-19,NO
1,21003,91512,1727.72,failed,online,2025-03-19,NO
4314,37353,98325,426.31,failed,online,2025-03-19,NO
4733,3366,100287,1095.16,completed,online,2025-03-19,NO
4067,42704,100789,216.45,failed,online,2025-03-19,NO
997,22834,100840,1314.59,completed,online,2025-03-19,NO
1,18036,102513,746.99,completed,online,2025-03-19,NO
3074,35863,106342,1558.0,failed,online,2025-03-19,NO
1899,36181,107223,1868.32,completed,online,2025-03-19,NO
1,2749,112991,792.53,completed,online,2025-03-19,NO
1,2181,115019,1785.51,completed,online,2025-03-19,NO
2742,25067,115176,1816.59,failed,online,2025-03-19,NO
398,45548,115337,572.33,completed,online,2025-03-19,NO
4859,25431,116741,1606.47,failed,online,2025-03-19,NO
2573,43098,117715,938.33,completed,online,2025-03-19,NO
1,11299,119894,1632.51,completed,online,2025-03-19,NO
3953,40736,120253,343.93,failed,online,2025-03-19,NO
4479,49547,120792,821.64,failed,online,2025-03-19,NO
1213,27995,122633,226.43,completed,online,2025-03-19,NO
2221,31004,124591,1774.16,completed,online,2025-03-19,NO
78,3553,124712,580.97,failed,online,2025-03-19,NO
4739,41207,124800,1251.1,completed,online,2025-03-19,NO
2760,21878,125050,348.54,completed,online,2025-03-19,NO
3425,31665,127376,1025.07,completed,online,2025-03-19,NO
2170,17174,131309,1550.08,completed,online,2025-03-19,NO
2891,34641,132775,954.45,completed,online,2025-03-19,NO
2251,43011,138618,667.81,completed,online,2025-03-19,NO
3381,27936,138754,1840.26,completed,online,2025-03-19,NO
1,30377,139360,499.0,completed,online,2025-03-19,NO
450,44877,139584,117.63,completed,online,2025-03-19,NO
1413,17535,145217,648.11,failed,online,2025-03-19,NO
687,7785,145724,1577.63,failed,online,2025-03-19,NO
508,25183,147410,470.03,completed,online,2025-03-19,NO
2063,24607,149402,1042.35,failed,online,2025-03-19,NO
1,44811,922,1349.68,completed,online,2025-07-29,NO
2670,3992,2188,1518.88,failed,online,2025-07-29,NO
4344,15624,2734,1012.71,failed,online,2025-07-29,NO
4398,28466,4939,139.43,completed,online,2025-07-29,NO
1357,16985,6264,358.88,completed,online,2025-07-29,NO
1,14172,7251,1445.23,failed,online,2025-07-29,NO
1133,26665,7462,177.24,failed,online,2025-07-29,NO
1996,40309,8767,232.82,completed,online,2025-07-29,NO
1410,31703,13327,309.8,failed,online,2025-07-29,NO
3985,48982,14672,977.53,completed,online,2025-07-29,NO
1,32168,16936,50.79,failed,online,2025-07-29,NO
412,35826,17327,1464.64,failed,online,2025-07-29,NO
1,13543,20734,1928.4,failed,online,2025-07-29,NO
4891,6507,21572,1067.92,failed,online,2025-07-29,NO
1978,26656,22507,951.2,failed,online,2025-07-29,NO
1669,27858,25979,742.57,failed,online,2025-07-29,NO
2152,33670,26740,6823.93758138057,completed,online,2025-07-29,NO
857,49608,26975,869.29,completed,online,2025-07-29,NO
2302,44291,29148,1507.19,failed,online,2025-07-29,NO
4198,44020,29389,1641.37,failed,online,2025-07-29,NO
2103,2499,30522,745.91,failed,online,2025-07-29,NO
1624,9135,31628,848.53,completed,online,2025-07-29,NO
3960,12978,34839,355.02,failed,online,2025-07-29,NO
3441,25516,36478,1269.08,completed,online,2025-07-29,NO
2236,34244,36515,226.04,failed,online,2025-07-29,NO
1,9428,42010,850.34,failed,online,2025-07-29,NO
2635,18899,45280,1394.81,failed,online,2025-07-29,NO
4743,15452,46721,1272.39,failed,online,2025-07-29,NO
2203,35113,49943,468.58,failed,online,2025-07-29,NO
3930,8696,52598,601.69,completed,online,2025-07-29,NO
3688,16353,55086,1984.45,failed,online,2025-07-29,NO
1713,6885,57595,254.25,completed,online,2025-07-29,NO
4715,37884,57839,962.58,failed,online,2025-07-29,NO
492,38213,57937,718.79,failed,online,2025-07-29,NO
363,6391,61879,1968.64,failed,UNKNOWN,2025-07-29,NO
2496,17622,64035,1658.95,failed,online,2025-07-29,NO
1381,33304,66932,1561.02,completed,online,2025-07-29,NO
3190,29318,73116,1288.98,completed,online,2025-07-29,NO
2576,44381,73932,70.71,failed,UNKNOWN,2025-07-29,NO
1,30330,75218,1734.95,failed,online,2025-07-29,NO
288,9628,77171,94.89,completed,online,2025-07-29,NO
4999,23980,77614,1002.56,completed,online,2025-07-29,NO
1,7462,78140,1148.49,failed,online,2025-07-29,NO
1259,33303,78839,1734.54,completed,online,2025-07-29,NO
1418,20337,80010,1099.28,failed,online,2025-07-29,NO
3366,31349,83243,1177.96,completed,online,2025-07-29,NO
1082,40730,86044,1412.84,failed,online,2025-07-29,NO
1632,28799,87217,38.39,failed,online,2025-07-29,NO
1,9374,87394,934.98,failed,online,2025-07-29,NO
1,24436,87667,1598.14,completed,online,2025-07-29,NO
127,14251,89956,1800.2,completed,online,2025-07-29,NO
3929,8139,90219,371.04,completed,online,2025-07-29,NO
1,39020,90819,1164.29,failed,online,2025-07-29,NO
1962,2806,93587,1454.75,failed,online,2025-07-29,NO
4982,24300,96793,1479.91,completed,online,2025-07-29,NO
3085,30466,102664,245.16,failed,online,2025-07-29,NO
2003,3498,106174,1440.89,completed,online,2025-07-29,NO
3404,42809,106529,1461.65,failed,online,2025-07-29,NO
1873,35950,107415,1077.66,failed,online,2025-07-29,NO
2927,24322,108315,1939.0,failed,online,2025-07-29,NO
3049,29836,108446,143.45,completed,online,2025-07-29,NO
1,35342,108503,1016.23,failed,online,2025-07-29,NO
4509,41151,108752,1409.77,completed,online,2025-07-29,NO
2792,43329,108895,647.81,completed,online,2025-07-29,NO
3286,26094,110836,1926.58,completed,online,2025-07-29,NO
2070,20619,113206,1095.22,completed,online,2025-07-29,NO
1908,27454,121836,210.71,completed,online,2025-07-29,NO
3922,23373,121971,11.58,completed,online,2025-07-29,NO
1366,31875,125361,936.25,failed,online,2025-07-29,NO
1283,14592,128232,744.72,failed,online,2025-07-29,NO
4576,18781,128723,1778.67,completed,online,2025-07-29,NO
266,34243,130823,1943.85,failed,online,2025-07-29,NO
2261,24833,133643,488.52,failed,online,2025-07-29,NO
4825,47410,134736,1563.8,failed,online,2025-07-29,NO
1993,35655,134794,1445.95,completed,online,2025-07-29,NO
4910,7747,135464,1092.41,completed,online,2025-07-29,NO
1172,19706,136557,100.97,completed,online,2025-07-29,NO
56,19586,136956,959.14,failed,online,2025-07-29,NO
4759,18972,138429,1490.62,completed,online,2025-07-29,NO
4639,2443,138881,1732.97,completed,online,2025-07-29,NO
1539,27118,139675,1246.2,failed,online,2025-07-29,NO
4675,49073,140232,609.1,failed,online,2025-07-29,NO
1,38816,140634,301.64,completed,online,2025-07-29,NO
909,11589,141438,147.65,failed,online,2025-07-29,NO
4414,32181,142624,8473.733723085594,failed,online,2025-07-29,NO
1,32721,143848,528.05,completed,online,2025-07-29,NO
1650,48813,144371,1390.84,failed,online,2025-07-29,NO
2591,15486,145456,1273.27,completed,online,2025-07-29,NO
4587,6325,147994,73.15,completed,online,2025-07-29,NO
641,9460,2297,498.68,failed,online,2025-05-17,NO
1,11374,3562,214.25,completed,online,2025-05-17,NO
1596,19211,5945,1476.99,completed,online,2025-05-17,NO
1704,49566,6019,1281.0,failed,online,2025-05-17,NO
579,44811,11005,1132.45,completed,online,2025-05-17,NO
4807,30060,18351,647.23,failed,online,2025-05-17,NO
1988,37467,19014,740.28,failed,online,2025-05-17,NO
2615,22754,21697,899.02,completed,online,2025-05-17,NO
1410,45727,24974,78.89,failed,online,2025-05-17,NO
1,3433,25704,1565.65,completed,online,2025-05-17,NO
2904,15026,28370,935.22,failed,online,2025-05-17,NO
1,10710,29314,1953.92,completed,online,2025-05-17,NO
1,14091,31119,1073.48,completed,online,2025-05-17,NO
334,31269,32694,1911.97,completed,online,2025-05-17,NO
1,41221,34019,311.35,completed,online,2025-05-17,NO
3776,5147,34912,35.61,failed,online,2025-05-17,NO
715,22111,36188,9227.541616961336,failed,online,2025-05-17,NO
2370,23947,36578,127.18,completed,online,2025-05-17,NO
2976,10820,37274,1145.3,completed,online,2025-05-17,NO
1352,45202,43861,1597.63,failed,online,2025-05-17,NO
345,34148,44539,1046.4,failed,online,2025-05-17,NO
4513,35355,45268,1320.87,completed,online,2025-05-17,NO
2050,27920,48273,438.72,failed,online,2025-05-17,NO
173,45264,48826,775.39,failed,online,2025-05-17,NO
4116,35793,50716,1899.27,completed,online,2025-05-17,NO
1,37091,51384,1657.73,failed,online,2025-05-17,NO
2699,22968,51394,453.5,failed,online,2025-05-17,NO
825,25546,51406,1088.62,completed,online,2025-05-17,NO
4276,1387,55218,718.32,failed,online,2025-05-17,NO
4057,33417,55536,631.96,failed,online,2025-05-17,NO
2488,45247,57706,222.69,completed,online,2025-05-17,NO
1,18524,58180,308.75,failed,online,2025-05-17,NO
1237,13536,58303,123.49,failed,online,2025-05-17,NO
3224,37385,58746,849.92,failed,online,2025-05-17,NO
1017,34456,59029,1261.21,failed,online,2025-05-17,NO
1,19066,62255,288.15,failed,online,2025-05-17,NO
1,12649,63386,1740.52,failed,online,2025-05-17,NO
1,36465,63514,323.45,failed,online,2025-05-17,NO
1795,14370,70531,1404.69,completed,online,2025-05-17,NO
2282,22118,79534,888.66,completed,online,2025-05-17,NO
3786,7798,79676,425.39,completed,online,2025-05-17,NO
1,6339,83116,1749.34,failed,online,2025-05-17,NO
886,4501,84388,364.63,failed,online,2025-05-17,NO
1,41913,85895,1255.51,failed,online,2025-05-17,NO
2186,12260,90991,1190.82,completed,online,2025-05-17,NO
3128,15766,92712,1890.8,failed,online,2025-05-17,NO
1172,24517,99774,104.31,failed,online,2025-05-17,NO
1891,18671,99943,1081.04,completed,UNKNOWN,2025-05-17,NO
3867,42142,100755,1889.35,completed,online,2025-05-17,NO
1938,40861,102432,795.18,failed,online,2025-05-17,NO
1,47554,109040,398.34,failed,online,2025-05-17,NO
2010,21578,111393,777.57,completed,online,2025-05-17,NO
3833,17086,112003,1570.37,failed,online,2025-05-17,NO
2229,44795,112677,1955.81,failed,online,2025-05-17,NO
3672,13344,113477,1151.32,completed,online,2025-05-17,NO
2640,28085,115936,1464.36,completed,online,2025-05-17,NO
178,25982,117323,1173.41,failed,online,2025-05-17,NO
4204,2525,118218,1715.48,completed,online,2025-05-17,NO
1852,30467,124018,537.35,failed,online,2025-05-17,NO
730,9178,124707,506.53,completed,online,2025-05-17,NO
3999,42018,124788,1283.03,completed,online,2025-05-17,NO
2880,30631,126391,989.66,completed,online,2025-05-17,NO
1,12359,126652,714.74,completed,online,2025-05-17,NO
3486,17844,127834,639.19,completed,online,2025-05-17,NO
4504,2419,128313,1913.95,completed,online,2025-05-17,NO
1774,11706,128450,22.43,failed,online,2025-05-17,NO
4727,15667,129290,218.55,failed,online,2025-05-17,NO
3246,28608,129533,695.9,failed,online,2025-05-17,NO
1,36380,130431,821.87,failed,online,2025-05-17,NO
13,24559,131351,1318.43,failed,online,2025-05-17,NO
249,3583,131531,1408.27,completed,online,2025-05-17,NO
3660,33659,132785,794.5,completed,online,2025-05-17,NO
4981,38209,133497,243.45,completed,online,2025-05-17,NO
1,8663,134505,1747.09,completed,online,2025-05-17,NO
1,12169,134674,1930.16,failed,online,2025-05-17,NO
1,15525,135172,1757.95,completed,online,2025-05-17,NO
1826,16627,135412,1103.91,completed,online,2025-05-17,NO
2499,8550,137406,920.45,failed,online,2025-05-17,NO
2533,20281,137787,1783.49,failed,online,2025-05-17,NO
2287,15348,140150,1897.28,failed,online,2025-05-17,NO
3348,22663,140529,1858.72,completed,online,2025-05-17,NO
1,41582,140742,1993.86,failed,online,2025-05-17,NO
2257,14548,142463,1090.67,completed,online,2025-05-17,NO
4621,23476,144376,41.11,failed,online,2025-05-17,NO
3079,21458,144948,5629.982189308229,completed,online,2025-05-17,NO
3860,31312,145857,763.3,completed,online,2025-05-17,NO
3013,28802,146137,873.36,completed,online,2025-05-17,NO
2613,4647,146757,1741.08,failed,online,2025-05-17,NO
1,16127,148182,934.6,completed,online,2025-05-17,NO
2615,21491,606,1743.2,completed,online,2025-02-15,NO
3208,39008,1005,377.8,completed,online,2025-02-15,NO
4275,22448,1650,1536.07,completed,online,2025-02-15,NO
2897,25599,7787,836.79,completed,online,2025-02-15,NO
2958,43031,8271,1665.7,completed,online,2025-02-15,NO
4229,11468,8450,1706.21,completed,online,2025-02-15,NO
769,48955,8701,1813.53,failed,online,2025-02-15,NO
1368,15259,12210,359.33,completed,online,2025-02-15,NO
4224,27334,12384,458.83,completed,online,2025-02-15,NO
4741,10593,13746,19.12,completed,online,2025-02-15,NO
567,43880,13875,794.1,completed,online,2025-02-15,NO
783,39386,18043,1018.61,completed,online,2025-02-15,NO
1,23619,18382,1289.5,completed,online,2025-02-15,NO
3669,35458,22164,683.44,failed,online,2025-02-15,NO
2301,4346,27328,1797.19,completed,online,2025-02-15,NO
1,11907,27988,1069.18,failed,online,2025-02-15,NO
3349,9185,29947,1806.36,completed,online,2025-02-15,NO
906,39236,30855,821.53,completed,online,2025-02-15,NO
1,10799,31076,1571.1,completed,online,2025-02-15,NO
1,33489,32866,1022.83,failed,online,2025-02-15,NO
1,14757,33476,55.29,completed,online,2025-02-15,NO
2629,36548,34369,524.28,failed,online,2025-02-15,NO
3445,735,34707,1496.71,completed,online,2025-02-15,NO
4364,32090,36445,723.13,failed,online,2025-02-15,NO
2563,37628,36854,1438.54,failed,online,2025-02-15,NO
282,49329,40769,749.85,failed,online,2025-02-15,NO
3283,5512,41656,583.46,completed,online,2025-02-15,NO
652,49784,41810,242.61,failed,online,2025-02-15,NO
1,1914,45978,687.5,completed,online,2025-02-15,NO
18,23194,50057,1805.48,failed,online,2025-02-15,NO
1,44266,51907,1177.52,completed,online,2025-02-15,NO
3026,4744,52514,995.85,failed,online,2025-02-15,NO
1,21466,52662,1076.75,completed,online,2025-02-15,NO
3017,45586,57133,814.4,completed,online,2025-02-15,NO
3368,25023,57570,1258.32,completed,online,2025-02-15,NO
4846,48083,59459,21.4,failed,online,2025-02-15,NO
2295,3159,60027,1036.09,completed,online,2025-02-15,NO
2317,21446,61693,1579.82,failed,online,2025-02-15,NO
4131,27795,65882,274.93,completed,online,2025-02-15,NO
1,38921,66435,159.02,completed,online,2025-02-15,NO
1483,5205,70476,92.43,failed,online,2025-02-15,NO
3494,46870,72163,1518.47,failed,online,2025-02-15,NO
4944,21570,73297,981.44,failed,online,2025-02-15,NO
1,33903,78857,1132.73,failed,online,2025-02-15,NO
1,2381,79133,1587.39,completed,online,2025-02-15,NO
864,37894,79388,1611.77,completed,online,2025-02-15,NO
3191,11246,80688,922.45,failed,online,2025-02-15,NO
3696,35359,80832,386.99,failed,online,2025-02-15,NO
1,2073,81518,1553.36,failed,online,2025-02-15,NO
3723,5267,81779,1425.48,failed,online,2025-02-15,NO
1,3582,81837,1500.88,completed,online,2025-02-15,NO
1,17897,88728,1136.93,failed,online,2025-02-15,NO
981,41274,89660,1506.53,completed,online,2025-02-15,NO
2042,29417,90923,1031.53,failed,online,2025-02-15,NO
339,3594,92796,296.2,completed,online,2025-02-15,NO
3777,30212,93012,1782.4,completed,online,2025-02-15,NO
895,36738,94846,741.28,failed,online,2025-02-15,NO
1099,28935,95476,797.69,completed,online,2025-02-15,NO
4634,30778,96837,1573.44,failed,online,2025-02-15,NO
4639,8219,97915,1363.03,failed,online,2025-02-15,NO
1,35605,102391,1224.1,failed,online,2025-02-15,NO
269,22232,102447,466.92,failed,online,2025-02-15,NO
3675,6483,102922,618.31,failed,online,2025-02-15,NO
2599,6638,105102,1030.69,failed,online,2025-02-15,NO
1762,22024,107019,910.42,completed,online,2025-02-15,NO
3270,27027,109598,671.82,failed,online,2025-02-15,NO
726,40082,118089,1177.15,failed,online,2025-02-15,NO
4975,11167,118504,1893.78,failed,online,2025-02-15,NO
3267,13834,120785,328.34,failed,online,2025-02-15,NO
3392,30451,121528,272.71,completed,online,2025-02-15,NO
1591,49080,121617,1942.16,failed,online,2025-02-15,NO
134,46629,124044,1632.64,failed,online,2025-02-15,NO
3000,10884,125106,412.77,completed,online,2025-02-15,NO
1,41014,125550,1530.6,failed,online,2025-02-15,NO
1,36441,127624,419.14,failed,online,2025-02-15,NO
1569,22001,127661,1540.19,completed,online,2025-02-15,NO
2378,38688,129445,1993.93,completed,online,2025-02-15,NO
317,3355,130642,862.74,failed,online,2025-02-15,NO
2695,2044,131375,871.24,completed,online,2025-02-15,NO
4238,43203,132026,1421.09,failed,online,2025-02-15,NO
168,3142,136343,1954.63,failed,UNKNOWN,2025-02-15,NO
1,16706,136652,755.84,completed,online,2025-02-15,NO
3548,25147,137400,1099.87,failed,online,2025-02-15,NO
3407,18662,138782,798.36,completed,online,2025-02-15,NO
2528,37661,141164,1742.2,completed,online,2025-02-15,NO
1,44053,142644,1146.23,completed,online,2025-02-15,NO
3289,20752,143534,1285.74,completed,online,2025-02-15,NO
4000,34855,144762,1014.26,failed,online,2025-02-15,NO
1,11553,147090,256.68,failed,online,2025-02-15,NO
4650,33344,147884,686.06,failed,online,2025-02-15,NO
541,13887,91,702.51,completed,online,2025-02-21,NO
960,30119,625,1271.25,failed,online,2025-02-21,NO
3333,20600,2035,1799.01,failed,online,2025-02-21,NO
1241,25280,4018,1182.19,completed,online,2025-02-21,NO
55,22961,4386,147.21,completed,online,2025-02-21,NO
1,45037,4426,1549.06,completed,online,2025-02-21,NO
3241,31075,6706,925.65,completed,online,2025-02-21,NO
1069,6064,9492,937.79,completed,online,2025-02-21,NO
1,47711,11475,116.67,failed,online,2025-02-21,NO
227,42711,12008,1063.11,completed,online,2025-02-21,NO
1416,4112,12286,954.2,failed,online,2025-02-21,NO
1,27178,17808,1698.12,failed,online,2025-02-21,NO
600,12268,23756,300.79,completed,online,2025-02-21,NO
1730,29702,23794,574.25,failed,online,2025-02-21,NO
1048,48025,27194,831.82,completed,online,2025-02-21,NO
4006,17098,29518,1245.73,failed,online,2025-02-21,NO
4508,34780,31630,504.56,completed,online,2025-02-21,NO
2190,26736,31714,491.02,failed,online,2025-02-21,NO
3323,5623,33489,1753.82,completed,online,2025-02-21,NO
2928,5041,39432,1599.14,completed,online,2025-02-21,NO
1,41367,40687,1912.88,failed,online,2025-02-21,NO
3056,43872,40891,14.43,completed,online,2025-02-21,NO
213,17948,41647,653.03,failed,online,2025-02-21,NO
814,38759,42666,7927.348144531856,completed,online,2025-02-21,NO
1756,11692,44364,1810.25,completed,online,2025-02-21,NO
553,36706,44636,1231.99,failed,online,2025-02-21,NO
4631,2664,44943,432.17,completed,online,2025-02-21,NO
893,29557,47506,1496.81,failed,online,2025-02-21,NO
1,29505,47854,621.13,failed,online,2025-02-21,NO
187,30416,54312,1490.64,completed,online,2025-02-21,NO
1546,26391,56309,499.29,failed,online,2025-02-21,NO
114,6533,58752,1298.63,completed,online,2025-02-21,NO
1,5660,59837,901.05,completed,online,2025-02-21,NO
4025,4230,60270,408.84,completed,online,2025-02-21,NO
1,34506,60928,271.35,failed,online,2025-02-21,NO
1,1751,61652,549.31,completed,online,2025-02-21,NO
1931,48121,65590,1973.61,completed,online,2025-02-21,NO
1533,28482,66193,1569.22,completed,online,2025-02-21,NO
2146,20031,66360,1586.86,completed,online,2025-02-21,NO
4572,16432,67062,709.42,failed,online,2025-02-21,NO
1776,21069,67197,1287.56,failed,online,2025-02-21,NO
1582,8400,69745,917.86,completed,online,2025-02-21,NO
3727,28150,73101,1261.97,completed,online,2025-02-21,NO
4465,10624,76170,1977.49,completed,online,2025-02-21,NO
1566,27875,76932,722.63,failed,online,2025-02-21,NO
1,19058,79308,822.96,completed,UNKNOWN,2025-02-21,NO
3168,16144,81313,1297.27,failed,online,2025-02-21,NO
1,8863,81521,322.37,completed,online,2025-02-21,NO
256,6268,82901,1467.32,failed,online,2025-02-21,NO
3655,13622,83789,688.42,completed,online,2025-02-21,NO
1165,42015,88509,763.52,failed,online,2025-02-21,NO
4241,23864,90379,1083.58,failed,online,2025-02-21,NO
359,33578,90865,1774.54,completed,online,2025-02-21,NO
4097,22937,91100,1055.43,completed,online,2025-02-21,NO
112,45624,92203,1527.68,failed,online,2025-02-21,NO
4447,7290,92681,1848.19,failed,online,2025-02-21,NO
612,5291,93565,998.56,completed,online,2025-02-21,NO
407,17615,94875,474.81,failed,online,2025-02-21,NO
1359,62,95789,1227.69,completed,online,2025-02-21,NO
4748,7284,100480,263.88,completed,online,2025-02-21,NO
3630,28206,101087,61.7,failed,online,2025-02-21,NO
3436,28790,101691,110.46,completed,online,2025-02-21,NO
1,36560,101951,466.81,completed,online,2025-02-21,NO
307,27594,104767,1442.69,failed,online,2025-02-21,NO
1,30886,108351,1439.8,completed,online,2025-02-21,NO
4687,25419,109379,1208.92,completed,online,2025-02-21,NO
2329,10385,111650,247.49,completed,online,2025-02-21,NO
3613,6773,115903,1653.21,failed,online,2025-02-21,NO
4679,26718,116167,1779.07,completed,online,2025-02-21,NO
1,46970,117385,373.78,failed,online,2025-02-21,NO
3403,15419,118719,882.88,completed,online,2025-02-21,NO
693,35559,121763,1288.67,completed,online,2025-02-21,NO
1982,17494,127057,1444.07,failed,online,2025-02-21,NO
4953,30374,128830,1114.62,completed,online,2025-02-21,NO
5000,1249,130882,1108.64,completed,online,2025-02-21,NO
1,38503,133048,94.88,completed,online,2025-02-21,NO
2559,10227,133312,1486.93,completed,online,2025-02-21,NO
3482,10853,133549,425.5,completed,online,2025-02-21,NO
680,21481,134605,1450.47,failed,online,2025-02-21,NO
1,18614,136186,803.4,failed,online,2025-02-21,NO
24,39962,137136,1024.13,completed,online,2025-02-21,NO
1,33962,139325,243.64,completed,online,2025-02-21,NO
1,39513,140340,610.39,completed,online,2025-02-21,NO
4849,511,140345,399.4,completed,online,2025-02-21,NO
1,15420,141428,1538.17,completed,online,2025-02-21,NO
4423,46113,141987,563.53,failed,online,2025-02-21,NO
1784,39533,146534,1018.46,completed,online,2025-02-21,NO
3702,31113,146654,219.5,failed,online,2025-02-21,NO
2492,44199,146874,124.67,completed,online,2025-02-21,NO
495,3947,3269,760.04,completed,online,2025-04-04,NO
1613,28360,4145,320.82,completed,online,2025-04-04,NO
1,49978,4448,382.06,completed,online,2025-04-04,NO
1,16733,5701,885.81,completed,online,2025-04-04,NO
2585,35099,5702,598.98,failed,online,2025-04-04,NO
807,28230,9371,193.95,completed,online,2025-04-04,NO
960,28181,12175,1125.32,completed,online,2025-04-04,NO
4448,6347,12936,620.03,completed,online,2025-04-04,NO
1768,45153,14508,915.36,failed,online,2025-04-04,NO
1,35202,20803,323.72,failed,online,2025-04-04,NO
4784,25223,21670,431.56,completed,online,2025-04-04,NO
1200,47887,24846,1274.03,completed,online,2025-04-04,NO
4447,49847,26185,89.0,completed,online,2025-04-04,NO
209,6346,30523,176.92,completed,online,2025-04-04,NO
3318,21179,30728,1824.25,failed,online,2025-04-04,NO
1,40913,32969,1851.15,failed,online,2025-04-04,NO
4374,46794,32974,905.52,completed,UNKNOWN,2025-04-04,NO
1320,24342,34421,1207.05,failed,online,2025-04-04,NO
1808,40525,36305,298.59,failed,online,2025-04-04,NO
2774,40478,40277,558.49,failed,online,2025-04-04,NO
1908,13743,41104,1542.61,failed,online,2025-04-04,NO
4755,5649,41322,150.11,failed,online,2025-04-04,NO
3555,17038,43406,1281.23,completed,online,2025-04-04,NO
2298,32987,52344,1640.12,failed,online,2025-04-04,NO
2,42154,57579,1754.02,completed,online,2025-04-04,NO
682,31238,64764,1230.78,failed,online,2025-04-04,NO
1803,7659,67028,1914.11,failed,online,2025-04-04,NO
1457,48884,68845,1858.63,completed,online,2025-04-04,NO
4720,6435,70611,959.83,completed,online,2025-04-04,NO
1,20274,71082,553.7,completed,online,2025-04-04,NO
3983,29296,71529,6548.427161741592,failed,online,2025-04-04,NO
4845,48184,77080,112.12,failed,online,2025-04-04,NO
3599,4023,78273,632.97,failed,online,2025-04-04,NO
1,213,78803,1847.02,completed,online,2025-04-04,NO
2438,44888,79529,901.0,failed,online,2025-04-04,NO
2492,40814,79989,1348.74,completed,online,2025-04-04,NO
4562,7276,81783,985.11,failed,online,2025-04-04,NO
1851,41708,82431,1382.5,completed,online,2025-04-04,NO
2424,9685,83460,1377.93,completed,online,2025-04-04,NO
1,49428,86308,8947.492179006334,completed,online,2025-04-04,NO
491,34447,86490,258.5,failed,online,2025-04-04,NO
4930,14282,87553,710.43,failed,online,2025-04-04,NO
1,49361,87671,1049.73,completed,online,2025-04-04,NO
2654,4416,90172,1209.5,failed,online,2025-04-04,NO
4708,19212,90181,1948.21,failed,online,2025-04-04,NO
1,35725,91046,961.61,failed,online,2025-04-04,NO
3470,33092,91156,1267.36,completed,online,2025-04-04,NO
1440,34038,91668,280.02,failed,online,2025-04-04,NO
893,28189,91758,1584.35,completed,online,2025-04-04,NO
1299,29121,91999,574.93,completed,online,2025-04-04,NO
3981,16824,92486,1813.78,failed,online,2025-04-04,NO
2106,48334,95959,706.1,completed,online,2025-04-04,NO
4264,33099,96626,1030.76,failed,online,2025-04-04,NO
4191,746,98564,1802.51,failed,online,2025-04-04,NO
1635,32025,101779,996.5,failed,online,2025-04-04,NO
4439,22979,102394,316.99,completed,online,2025-04-04,NO
1334,17520,102840,1120.79,failed,online,2025-04-04,NO
383,38195,105222,1600.43,failed,online,2025-04-04,NO
1849,45311,106196,140.93,failed,online,2025-04-04,NO
2690,32291,110422,100.88,failed,online,2025-04-04,NO
950,38372,110863,567.05,failed,online,2025-04-04,NO
1,39885,111678,478.55,completed,online,2025-04-04,NO
2454,32672,112181,1250.45,completed,UNKNOWN,2025-04-04,NO
316,4517,112317,1955.59,completed,online,2025-04-04,NO
3658,6732,115104,1801.18,completed,online,2025-04-04,NO
3520,36875,117579,400.46,failed,online,2025-04-04,NO
3327,28416,118852,1846.6,completed,online,2025-04-04,NO
1,41426,120707,1020.91,completed,online,2025-04-04,NO
1301,48216,123406,597.37,failed,online,2025-04-04,NO
694,46383,125077,190.68,completed,online,2025-04-04,NO
1,7716,125357,1079.87,failed,online,2025-04-04,NO
1,31238,125574,645.8,completed,online,2025-04-04,NO
175,48988,126887,1736.34,failed,online,2025-04-04,NO
1472,27662,127372,697.07,completed,online,2025-04-04,NO
483,21381,127497,67.72,failed,online,2025-04-04,NO
2534,17792,129380,1825.59,failed,online,2025-04-04,NO
1,32714,130320,1420.24,failed,online,2025-04-04,NO
1,13677,132214,1032.74,failed,online,2025-04-04,NO
2648,27479,132310,1028.64,failed,online,2025-04-04,NO
329,17695,132899,1597.1,failed,online,2025-04-04,NO
4826,29205,133987,619.62,completed,online,2025-04-04,NO
2836,4562,134926,771.69,completed,online,2025-04-04,NO
1874,3395,136565,1178.0,failed,online,2025-04-04,NO
245,23105,137164,1463.2,failed,online,2025-04-04,NO
3867,23593,137215,849.77,failed,online,2025-04-04,NO
1587,32916,138880,316.77,completed,online,2025-04-04,NO
875,46722,145450,1540.75,completed,online,2025-04-04,NO
3362,28588,145823,1042.75,failed,online,2025-04-04,NO
1,14081,146148,8098.019825920358,completed,online,2025-04-04,NO
3587,10582,4387,1667.46,completed,online,2025-12-04,NO
1674,18628,4918,941.27,failed,online,2025-12-04,NO
3994,2518,11584,193.49,failed,online,2025-12-04,NO
3955,13342,18942,474.5,failed,online,2025-12-04,NO
2489,40218,19532,875.89,completed,online,2025-12-04,NO
2302,5797,19769,1221.47,failed,online,2025-12-04,NO
4415,36767,22444,502.58,failed,online,2025-12-04,NO
3257,18941,24282,738.14,completed,online,2025-12-04,NO
1997,1807,25628,313.94,completed,online,2025-12-04,NO
2733,38577,30516,502.66,completed,online,2025-12-04,NO
3762,17952,33182,755.66,failed,online,2025-12-04,NO
2258,7802,33400,1390.0,failed,online,2025-12-04,NO
4232,34067,33905,434.49,completed,online,2025-12-04,NO
1,46343,34675,1122.27,completed,online,2025-12-04,NO
2995,45748,34681,1171.86,failed,online,2025-12-04,NO
4985,2425,34947,531.83,completed,online,2025-12-04,NO
3471,45661,38702,1866.65,completed,online,2025-12-04,NO
2665,38482,39427,1922.32,failed,online,2025-12-04,NO
1,34067,41153,782.17,failed,online,2025-12-04,NO
1,10085,45127,1318.69,completed,online,2025-12-04,NO
3821,37914,46042,429.03,completed,online,2025-12-04,NO
1471,48372,48262,522.18,completed,online,2025-12-04,NO
2511,28677,50625,1858.4,failed,online,2025-12-04,NO
1530,42929,53177,1057.3,failed,online,2025-12-04,NO
1039,46823,53261,1610.6,failed,online,2025-12-04,NO
3022,5165,53644,419.36,failed,online,2025-12-04,NO
4594,36057,56390,521.59,failed,online,2025-12-04,NO
3378,27273,57539,173.96,completed,online,2025-12-04,NO
4573,43480,59575,1066.69,completed,online,2025-12-04,NO
2004,14560,60840,301.59,completed,online,2025-12-04,NO
3152,36062,61516,1313.57,failed,online,2025-12-04,NO
2833,29034,62103,592.13,completed,online,2025-12-04,NO
2311,8700,63605,1392.13,failed,online,2025-12-04,NO
4342,19460,65823,549.12,completed,online,2025-12-04,NO
2892,4150,68398,965.8,failed,online,2025-12-04,NO
1,17649,68440,537.1,completed,online,2025-12-04,NO
431,4947,68617,1303.0,completed,online,2025-12-04,NO
1627,7076,68660,146.27,completed,online,2025-12-04,NO
4585,12486,68819,1499.87,completed,online,2025-12-04,NO
4009,40899,75521,322.85,failed,online,2025-12-04,NO
2482,32623,75830,269.71,completed,online,2025-12-04,NO
957,6608,76695,518.23,failed,online,2025-12-04,NO
1277,18720,77719,1572.45,failed,online,2025-12-04,NO
3730,23127,78466,1097.66,completed,online,2025-12-04,NO
4067,44261,80170,503.13,failed,online,2025-12-04,NO
775,41831,83389,187.31,completed,online,2025-12-04,NO
4838,45766,84346,1668.22,failed,online,2025-12-04,NO
1495,15422,86349,1856.75,completed,online,2025-12-04,NO
4053,19021,87361,635.18,failed,online,2025-12-04,NO
2339,10077,87900,910.03,failed,online,2025-12-04,NO
1,18189,89560,356.36,failed,online,2025-12-04,NO
2074,47303,91113,384.37,failed,online,2025-12-04,NO
2760,19463,91792,1937.21,failed,online,2025-12-04,NO
2730,32898,92919,778.33,failed,online,2025-12-04,NO
1530,39022,94106,1376.04,completed,online,2025-12-04,NO
1481,35071,95675,1188.26,failed,online,2025-12-04,NO
4188,38778,96164,14.38,failed,online,2025-12-04,NO
1,34437,96947,757.01,completed,online,2025-12-04,NO
2857,40518,98414,250.75,completed,online,2025-12-04,NO
1266,6525,100125,1583.37,completed,online,2025-12-04,NO
3430,45035,100484,1015.25,completed,online,2025-12-04,NO
4023,45677,100518,1581.26,failed,online,2025-12-04,NO
4829,38266,102425,745.52,failed,online,2025-12-04,NO
684,36789,104134,941.02,completed,online,2025-12-04,NO
1,20769,104508,1074.09,completed,online,2025-12-04,NO
1,19753,107517,590.28,failed,online,2025-12-04,NO
1333,24338,108549,886.01,completed,online,2025-12-04,NO
2832,24974,108707,329.76,failed,online,2025-12-04,NO
3558,37661,108862,1738.83,completed,UNKNOWN,2025-12-04,NO
4267,13977,109637,45.28,failed,online,2025-12-04,NO
881,33525,110956,261.3,failed,online,2025-12-04,NO
4069,5877,113614,1943.47,completed,online,2025-12-04,NO
1,38738,115475,1647.08,failed,online,2025-12-04,NO
866,7543,122690,1579.13,completed,online,2025-12-04,NO
3569,35113,124143,1254.93,completed,online,2025-12-04,NO
2818,11219,127848,1002.68,failed,online,2025-12-04,NO
3804,39769,127947,1450.41,completed,online,2025-12-04,NO
4034,12601,129929,6437.679182469471,failed,online,2025-12-04,NO
731,11389,132359,1904.45,failed,online,2025-12-04,NO
1,38522,134523,18.07,failed,online,2025-12-04,NO
1301,10092,136271,659.32,failed,online,2025-12-04,NO
1,26267,137421,1629.96,failed,online,2025-12-04,NO
1,27186,138644,53.88,completed,online,2025-12-04,NO
244,6935,141282,1546.27,completed,online,2025-12-04,NO
1027,46805,142832,1034.46,completed,online,2025-12-04,NO
1916,30118,147127,1655.38,failed,online,2025-12-04,NO
735,12048,148068,1301.02,failed,online,2025-12-04,NO
927,13221,148612,150.59,completed,online,2025-12-04,NO
974,7208,148986,973.99,failed,online,2025-12-04,NO
1401,13477,2487,1382.71,failed,online,2025-10-26,NO
869,38325,4674,190.93,failed,online,2025-10-26,NO
1995,1712,5332,19.54,failed,online,2025-10-26,NO
366,13391,5617,27.19,completed,UNKNOWN,2025-10-26,NO
2772,38751,9000,1334.86,failed,online,2025-10-26,NO
1,13493,11053,108.09,failed,online,2025-10-26,NO
4148,20877,11128,629.71,failed,online,2025-10-26,NO
1,27953,14511,956.16,completed,online,2025-10-26,NO
1765,16033,17854,1984.21,failed,online,2025-10-26,NO
3333,1403,18116,1093.9,failed,online,2025-10-26,NO
2576,2653,20809,1527.71,failed,online,2025-10-26,NO
474,6088,21293,1784.82,completed,online,2025-10-26,NO
3516,4854,21393,379.77,failed,online,2025-10-26,NO
1891,42703,24932,1968.51,failed,online,2025-10-26,NO
2601,3559,26533,128.69,failed,online,2025-10-26,NO
4288,28672,27783,1993.03,failed,online,2025-10-26,NO
2221,5268,31019,297.69,failed,online,2025-10-26,NO
1,2436,31065,1064.8,completed,online,2025-10-26,NO
238,27136,32933,416.34,completed,online,2025-10-26,NO
1783,31116,33749,1316.98,completed,online,2025-10-26,NO
4652,20350,36413,69.04,completed,online,2025-10-26,NO
2173,36567,38202,1526.14,failed,online,2025-10-26,NO
111,30237,39833,1110.07,failed,online,2025-10-26,NO
1,22771,41672,359.12,completed,online,2025-10-26,NO
352,14077,43234,1054.73,failed,online,2025-10-26,NO
4497,12726,44402,1165.18,failed,online,2025-10-26,NO
3309,45043,45465,67.43,failed,online,2025-10-26,NO
169,15620,45861,1830.54,completed,online,2025-10-26,NO
4216,8061,47678,1529.3,completed,online,2025-10-26,NO
1,33048,53259,734.6,completed,online,2025-10-26,NO
1,44255,53390,1935.68,failed,online,2025-10-26,NO
3231,46718,53523,413.98,completed,online,2025-10-26,NO
3701,43506,54493,1502.82,completed,online,2025-10-26,NO
3070,49046,55396,1621.08,failed,online,2025-10-26,NO
2020,15327,56834,522.13,failed,online,2025-10-26,NO
2735,11659,57709,5741.470715222427,failed,online,2025-10-26,NO
1,46595,57908,520.97,completed,online,2025-10-26,NO
1,45732,59727,1771.73,completed,online,2025-10-26,NO
2623,31650,59954,1831.38,completed,online,2025-10-26,NO
4292,43569,60176,846.94,failed,online,2025-10-26,NO
4972,7266,62532,59.07,failed,online,2025-10-26,NO
2704,14836,63390,542.79,completed,online,2025-10-26,NO
2120,42334,65557,613.44,completed,online,2025-10-26,NO
2732,5072,67242,1177.98,failed,online,2025-10-26,NO
1447,6876,68166,225.18,completed,online,2025-10-26,NO
1,4916,69831,814.77,failed,online,2025-10-26,NO
1,11002,70565,1569.74,completed,online,2025-10-26,NO
4304,32507,72218,1430.16,completed,online,2025-10-26,NO
1,25088,76227,1819.98,failed,online,2025-10-26,NO
4587,33080,77141,1311.88,failed,online,2025-10-26,NO
1,48674,79460,1061.46,failed,online,2025-10-26,NO
2909,9878,81731,975.87,failed,online,2025-10-26,NO
2187,1559,85670,899.68,failed,online,2025-10-26,NO
4380,8973,88550,905.02,failed,online,2025-10-26,NO
3264,48163,88905,478.2,completed,online,2025-10-26,NO
963,47741,90089,1141.07,failed,online,2025-10-26,NO
1,7277,92949,554.18,failed,online,2025-10-26,NO
378,49161,94876,1043.94,completed,online,2025-10-26,NO
1632,27196,100012,1261.23,completed,online,2025-10-26,NO
108,3113,100626,1325.22,failed,online,2025-10-26,NO
1991,29107,102864,980.08,failed,online,2025-10-26,NO
2069,40911,103439,649.91,completed,online,2025-10-26,NO
3388,1825,103857,1099.16,failed,online,2025-10-26,NO
4559,34049,103920,297.74,completed,online,2025-10-26,NO
4493,32080,104223,644.04,failed,online,2025-10-26,NO
1021,34362,109240,1106.98,failed,online,2025-10-26,NO
4976,14551,111891,1006.43,failed,online,2025-10-26,NO
3632,22766,113333,1908.22,completed,online,2025-10-26,NO
1196,18276,115611,1900.51,failed,online,2025-10-26,NO
1753,46948,118820,398.33,failed,online,2025-10-26,NO
3527,39326,120674,697.12,failed,online,2025-10-26,NO
431,105,120737,489.64,completed,online,2025-10-26,NO
375,20705,122248,1189.21,completed,online,2025-10-26,NO
4957,39620,122617,1010.5,completed,online,2025-10-26,NO
712,37078,124183,1394.77,completed,online,2025-10-26,NO
2092,21166,124229,1529.35,completed,online,2025-10-26,NO
3360,30005,128208,661.51,failed,online,2025-10-26,NO
1937,43986,130588,17.72,failed,online,2025-10-26,NO
3838,7913,132534,1061.35,failed,online,2025-10-26,NO
1,28782,134253,1595.26,completed,online,2025-10-26,NO
873,33643,134675,282.56,failed,online,2025-10-26,NO
4304,49832,134853,818.18,failed,online,2025-10-26,NO
4807,10335,135230,812.47,failed,online,2025-10-26,NO
4544,45906,136672,1024.25,failed,online,2025-10-26,NO
1248,37066,142856,1292.55,completed,online,2025-10-26,NO
1,19307,143519,1167.35,failed,UNKNOWN,2025-10-26,NO
1,29824,144916,833.03,completed,online,2025-10-26,NO
4015,178,146135,1787.71,failed,online,2025-10-26,NO
3568,251,148011,15.69,completed,online,2025-10-26,NO
1,26756,149086,377.01,failed,online,2025-10-26,NO
1490,38826,1799,243.6,failed,online,2025-01-20,NO
2455,30573,4156,682.03,completed,online,2025-01-20,NO
3773,17587,4406,982.39,failed,online,2025-01-20,NO
765,11036,21079,660.49,completed,online,2025-01-20,NO
1,7453,21751,34.04,failed,online,2025-01-20,NO
277,29538,23680,169.7,completed,online,2025-01-20,NO
1,29943,23890,397.15,completed,online,2025-01-20,NO
850,20749,25442,1087.43,failed,online,2025-01-20,NO
2586,41530,29176,1232.34,failed,online,2025-01-20,NO
1,11345,30332,456.84,failed,online,2025-01-20,NO
2450,27922,30715,1588.72,failed,online,2025-01-20,NO
3061,33003,31614,111.89,failed,online,2025-01-20,NO
4203,7109,31751,36.65,failed,online,2025-01-20,NO
4811,29596,34498,1400.26,failed,online,2025-01-20,NO
1,12486,35066,570.25,completed,online,2025-01-20,NO
1162,3195,35938,699.13,failed,online,2025-01-20,NO
2558,11348,38038,1880.77,completed,online,2025-01-20,NO
2101,46815,39358,1535.26,failed,online,2025-01-20,NO
494,21545,41961,1185.34,completed,online,2025-01-20,NO
4956,32788,43983,1359.75,failed,online,2025-01-20,NO
4568,43662,44849,820.18,completed,online,2025-01-20,NO
3902,41529,45162,120.66,completed,online,2025-01-20,NO
4407,43110,48067,1998.27,failed,online,2025-01-20,NO
3733,1406,49011,818.34,failed,online,2025-01-20,NO
505,17971,50233,452.95,failed,online,2025-01-20,NO
1,49867,53093,1012.63,completed,online,2025-01-20,NO
2367,5190,53369,569.61,failed,online,2025-01-20,NO
2912,6673,54918,832.88,failed,online,2025-01-20,NO
1988,44213,56213,945.62,completed,online,2025-01-20,NO
2235,19814,57363,570.35,failed,online,2025-01-20,NO
1614,33557,57493,904.92,completed,online,2025-01-20,NO
4397,38124,57702,1391.93,failed,online,2025-01-20,NO
1,20522,59835,562.05,completed,online,2025-01-20,NO
1,44132,64163,844.58,failed,online,2025-01-20,NO
14,40031,64630,1902.26,completed,online,2025-01-20,NO
2962,17813,65390,113.8,completed,online,2025-01-20,NO
607,4333,67907,120.26,completed,online,2025-01-20,NO
1362,45237,69066,1298.34,completed,online,2025-01-20,NO
1967,8497,69674,1454.38,failed,online,2025-01-20,NO
3277,23633,72037,86.61,failed,online,2025-01-20,NO
4890,30428,72909,1112.35,failed,online,2025-01-20,NO
3614,15661,72918,130.78,failed,online,2025-01-20,NO
3800,9033,74036,1793.55,completed,online,2025-01-20,NO
2887,19020,75727,1177.61,failed,online,2025-01-20,NO
1,29242,75817,65.84,completed,online,2025-01-20,NO
517,36776,78084,1165.72,failed,online,2025-01-20,NO
204,38887,78631,9843.18208892188,completed,online,2025-01-20,NO
2520,41578,78969,1761.31,completed,online,2025-01-20,NO
2132,3177,79465,1649.14,failed,online,2025-01-20,NO
161,16837,82531,666.23,completed,online,2025-01-20,NO
351,48588,82846,1269.65,failed,online,2025-01-20,NO
1,10847,86458,1121.73,completed,online,2025-01-20,NO
3850,22942,91519,1036.58,failed,online,2025-01-20,NO
1423,25439,95162,1939.44,completed,online,2025-01-20,NO
1035,11341,95714,828.63,failed,online,2025-01-20,NO
2114,29098,98737,1315.79,failed,online,2025-01-20,NO
512,32647,107701,606.69,failed,online,2025-01-20,NO
1428,38911,108431,587.77,completed,online,2025-01-20,NO
116,11177,110389,1855.1,completed,online,2025-01-20,NO
3518,14660,110396,387.5,failed,online,2025-01-20,NO
4306,17624,110663,181.61,completed,online,2025-01-20,NO
3450,8749,112812,1451.56,failed,online,2025-01-20,NO
862,14,112846,989.94,failed,online,2025-01-20,NO
94,41695,113437,579.49,failed,online,2025-01-20,NO
168,38338,113640,743.02,completed,online,2025-01-20,NO
684,29453,117124,1876.23,completed,online,2025-01-20,NO
1,25497,117164,744.68,failed,online,2025-01-20,NO
3117,40900,119231,296.71,completed,online,2025-01-20,NO
1,6057,121498,749.31,completed,online,2025-01-20,NO
2581,18315,123452,579.16,completed,online,2025-01-20,NO
1,14596,123689,376.57,failed,online,2025-01-20,NO
1,33763,124159,544.95,failed,online,2025-01-20,NO
1,43324,124462,763.72,failed,online,2025-01-20,NO
1,34283,126092,745.6,failed,online,2025-01-20,NO
2426,38841,129420,1193.35,failed,online,2025-01-20,NO
2070,19142,130124,375.89,failed,online,2025-01-20,NO
2771,45072,130824,1208.39,completed,online,2025-01-20,NO
1773,18619,131892,1882.23,failed,online,2025-01-20,NO
3863,41920,132968,208.52,failed,online,2025-01-20,NO
2647,34863,133473,674.66,failed,UNKNOWN,2025-01-20,NO
3246,34613,137467,299.85,failed,online,2025-01-20,NO
1,44370,137536,575.39,completed,online,2025-01-20,NO
1,8716,141035,190.97,completed,online,2025-01-20,NO
2311,47270,142732,491.92,completed,online,2025-01-20,NO
4239,2707,145298,170.23,completed,online,2025-01-20,NO
3158,32375,146322,1090.67,failed,online,2025-01-20,NO
1,632,147972,1660.0,failed,online,2025-01-20,NO
4875,36920,149136,1660.46,failed,online,2025-01-20,NO
1179,44488,149414,1821.0,completed,online,2025-01-20,NO
1130,42447,149790,364.34,completed,online,2025-01-20,NO
3712,46358,542,225.43,failed,online,2025-06-16,NO
1,29703,3764,1672.16,failed,online,2025-06-16,NO
2201,16710,3925,1112.16,completed,online,2025-06-16,NO
2647,23744,9607,1962.82,completed,online,2025-06-16,NO
2456,13772,18237,1423.25,failed,online,2025-06-16,NO
3536,44759,19735,1670.47,completed,online,2025-06-16,NO
437,29347,19776,1769.53,failed,online,2025-06-16,NO
4966,14796,19958,448.95,failed,online,2025-06-16,NO
1,23877,21011,1904.06,failed,online,2025-06-16,NO
1,46782,22447,458.55,completed,online,2025-06-16,NO
1778,29036,24467,415.38,completed,online,2025-06-16,NO
3402,5181,24564,502.01,failed,online,2025-06-16,NO
1,33650,24646,1106.78,failed,online,2025-06-16,NO
1,18605,25072,1964.04,completed,online,2025-06-16,NO
4748,24888,26991,646.86,completed,online,2025-06-16,NO
2903,23391,27829,1957.38,failed,online,2025-06-16,NO
3310,9454,32389,326.11,failed,online,2025-06-16,NO
3169,6696,32903,1277.0,completed,online,2025-06-16,NO
1,33000,34114,1013.64,completed,online,2025-06-16,NO
1,31008,34725,148.68,failed,online,2025-06-16,NO
1999,20450,34976,1653.87,completed,online,2025-06-16,NO
4993,23559,35104,1981.46,completed,online,2025-06-16,NO
3017,17891,39262,1579.04,completed,online,2025-06-16,NO
1151,11645,39620,176.84,completed,online,2025-06-16,NO
1,48275,39715,1117.15,completed,online,2025-06-16,NO
3158,36495,39803,6181.23491710306,completed,online,2025-06-16,NO
731,40145,40327,603.78,failed,online,2025-06-16,NO
2782,25306,46849,1796.26,failed,online,2025-06-16,NO
4362,6053,47792,855.74,failed,online,2025-06-16,NO
4019,1373,48011,1214.6,completed,online,2025-06-16,NO
3743,47395,52451,1865.02,completed,online,2025-06-16,NO
3992,43732,52500,1334.09,completed,UNKNOWN,2025-06-16,NO
4622,33890,55355,93.47,completed,online,2025-06-16,NO
4689,44551,55620,11.99,failed,online,2025-06-16,NO
924,25630,55707,1553.22,completed,online,2025-06-16,NO
4943,8807,56560,1314.39,failed,online,2025-06-16,NO
1476,43776,57802,1350.54,completed,online,2025-06-16,NO
4786,45053,59615,1032.98,completed,online,2025-06-16,NO
3828,22510,61196,520.12,completed,online,2025-06-16,NO
1932,21567,61710,968.75,completed,online,2025-06-16,NO
3709,9204,62113,319.61,failed,online,2025-06-16,NO
1964,3567,62874,1491.62,completed,online,2025-06-16,NO
2516,35616,63748,1744.92,failed,online,2025-06-16,NO
3651,5195,64111,1238.98,failed,online,2025-06-16,NO
4069,49540,65584,826.0,failed,online,2025-06-16,NO
1385,45083,66418,1439.99,completed,online,2025-06-16,NO
4275,9355,71016,46.39,failed,online,2025-06-16,NO
4493,35505,72741,628.34,completed,online,2025-06-16,NO
4348,45629,74168,1421.66,completed,online,2025-06-16,NO
4491,12576,76705,135.45,completed,online,2025-06-16,NO
476,44519,79055,634.87,completed,online,2025-06-16,NO
2099,860,79903,1882.75,completed,online,2025-06-16,NO
3661,40887,82017,1995.39,completed,online,2025-06-16,NO
312,12454,85810,1919.71,failed,online,2025-06-16,NO
4065,4588,89138,1755.36,failed,online,2025-06-16,NO
938,2397,91604,1975.2,failed,online,2025-06-16,NO
1,21029,97878,1297.22,failed,online,2025-06-16,NO
1,17840,98011,1525.06,completed,online,2025-06-16,NO
572,16214,98258,1858.61,failed,online,2025-06-16,NO
559,14068,102012,1177.27,failed,online,2025-06-16,NO
3354,43458,102694,1913.86,failed,online,2025-06-16,NO
1,33781,102912,194.33,failed,online,2025-06-16,NO
1051,43180,105631,965.47,completed,online,2025-06-16,NO
3212,15551,106499,1431.04,completed,UNKNOWN,2025-06-16,NO
652,25020,112941,912.93,failed,online,2025-06-16,NO
3101,44337,114099,1074.05,failed,online,2025-06-16,NO
3631,46311,116228,214.89,failed,online,2025-06-16,NO
1,45827,117001,1855.49,completed,UNKNOWN,2025-06-16,NO
855,29885,117610,1423.49,completed,online,2025-06-16,NO
76,39972,118196,866.38,completed,online,2025-06-16,NO
2077,47599,118707,1690.58,failed,online,2025-06-16,NO
4866,45353,119136,1670.93,failed,online,2025-06-16,NO
3182,22746,119340,362.85,failed,online,2025-06-16,NO
3350,15983,124112,914.18,failed,online,2025-06-16,NO
452,46222,124413,1752.63,failed,online,2025-06-16,NO
1,38652,124513,977.36,failed,online,2025-06-16,NO
1512,9994,124667,432.3,failed,online,2025-06-16,NO
4294,45860,126656,1998.12,failed,online,2025-06-16,NO
141,34771,127239,786.02,failed,online,2025-06-16,NO
1,16802,128466,669.45,completed,online,2025-06-16,NO
801,37851,128898,1683.09,failed,online,2025-06-16,NO
1494,33842,131124,1430.27,failed,online,2025-06-16,NO
4542,33227,139704,1792.22,failed,online,2025-06-16,NO
4019,30251,139908,892.42,failed,online,2025-06-16,NO
94,38391,140689,630.09,completed,online,2025-06-16,NO
4989,12856,141576,1321.1,failed,online,2025-06-16,NO
849,17845,144063,65.96,failed,online,2025-06-16,NO
2794,35000,146784,824.17,failed,online,2025-06-16,NO
2616,43637,147910,1951.83,completed,online,2025-06-16,NO
