product_id,customer_id,transaction_id,amount,status,channel,transaction_date,fraud_flag
4764,25047,592,1675.41,failed,online,2025-06-30,NO
3174,3337,1622,351.52,completed,online,2025-06-30,NO
3576,20613,3205,1355.63,completed,online,2025-06-30,NO
4300,39953,4087,1338.29,failed,online,2025-06-30,NO
4592,41202,4932,641.66,failed,online,2025-06-30,NO
2095,1576,5207,1299.83,failed,online,2025-06-30,NO
751,31879,5407,1304.58,completed,online,2025-06-30,NO
1282,42989,9260,1316.38,completed,online,2025-06-30,NO
1594,42888,10729,302.57,failed,online,2025-06-30,NO
1762,11444,13141,534.61,failed,online,2025-06-30,NO
1610,11471,13392,1975.44,failed,online,2025-06-30,NO
4389,47587,15629,1578.66,completed,online,2025-06-30,NO
2467,752,19054,501.69,completed,online,2025-06-30,NO
2144,6730,19429,151.76,failed,online,2025-06-30,NO
2212,25364,19563,1487.78,failed,online,2025-06-30,NO
872,16766,20384,1219.54,completed,online,2025-06-30,NO
4555,4735,24206,391.79,failed,online,2025-06-30,NO
4661,13466,24515,94.53,failed,online,2025-06-30,NO
3178,28809,28186,1971.03,completed,online,2025-06-30,NO
4684,12990,29380,175.26,failed,online,2025-06-30,NO
1,36713,31708,1692.88,failed,online,2025-06-30,NO
135,44942,34918,1705.15,failed,online,2025-06-30,NO
1817,36877,36285,1236.01,completed,online,2025-06-30,NO
2286,7227,38639,441.21,completed,online,2025-06-30,NO
1238,31648,41668,984.69,failed,online,2025-06-30,NO
1,12847,41848,1832.37,failed,online,2025-06-30,NO
4449,37597,42645,855.52,completed,online,2025-06-30,NO
1,32158,44457,466.38,failed,online,2025-06-30,NO
3813,16139,45105,1288.4,completed,online,2025-06-30,NO
4273,43350,45914,367.89,completed,online,2025-06-30,NO
1172,31008,47318,814.18,completed,online,2025-06-30,NO
4034,30859,48305,242.97,completed,online,2025-06-30,NO
3282,37839,49616,1552.81,completed,online,2025-06-30,NO
1785,45587,49983,1739.3,completed,online,2025-06-30,NO
4315,15236,51945,46.77,completed,online,2025-06-30,NO
1,986,52989,405.64,completed,online,2025-06-30,NO
1,4550,54005,502.7,failed,online,2025-06-30,NO
4974,44235,54058,570.43,failed,online,2025-06-30,NO
308,35748,54296,1074.04,failed,online,2025-06-30,NO
1,43841,57220,866.28,completed,online,2025-06-30,NO
1,21135,57302,1450.2,failed,online,2025-06-30,NO
1136,38352,61820,1818.42,completed,online,2025-06-30,NO
1,5671,62051,561.36,completed,online,2025-06-30,NO
3567,241,70214,1655.01,failed,online,2025-06-30,NO
1363,43432,70621,791.14,failed,online,2025-06-30,NO
4760,29902,73181,227.94,failed,online,2025-06-30,NO
2203,29861,76317,1718.08,completed,online,2025-06-30,NO
1,41204,76679,456.8,completed,online,2025-06-30,NO
4554,6762,77397,447.22,completed,online,2025-06-30,NO
4007,37354,78049,979.49,completed,online,2025-06-30,NO
2320,7802,80005,1723.83,failed,online,2025-06-30,NO
1,18049,80901,1947.71,completed,online,2025-06-30,NO
1,2215,81391,459.08,completed,online,2025-06-30,NO
2861,46504,88406,1541.32,completed,online,2025-06-30,NO
2207,15302,90791,373.34,failed,online,2025-06-30,NO
3274,47432,91273,495.68,completed,online,2025-06-30,NO
4461,429,91876,842.52,completed,online,2025-06-30,NO
839,35086,93563,437.29,failed,online,2025-06-30,NO
1,40184,99592,792.56,completed,online,2025-06-30,NO
999,48036,102298,52.29,failed,online,2025-06-30,NO
1,26741,104113,600.94,failed,online,2025-06-30,NO
1,27439,107769,1321.16,completed,online,2025-06-30,NO
4772,27275,108661,664.83,completed,online,2025-06-30,NO
2293,5398,109625,350.26,failed,online,2025-06-30,NO
4939,19325,110360,1533.15,failed,online,2025-06-30,NO
1342,11638,110474,223.89,completed,online,2025-06-30,NO
412,27034,113275,1839.46,completed,online,2025-06-30,NO
1,19337,113862,110.19,completed,online,2025-06-30,NO
1325,39105,114926,1337.35,failed,online,2025-06-30,NO
2999,43690,116325,5276.203758587687,failed,online,2025-06-30,NO
3331,11599,116665,513.49,failed,UNKNOWN,2025-06-30,NO
2493,8620,120346,275.87,completed,online,2025-06-30,NO
499,40019,122185,1186.15,completed,online,2025-06-30,NO
733,21466,123020,1680.25,completed,online,2025-06-30,NO
2828,9568,124881,1253.35,failed,online,2025-06-30,NO
1895,30087,127382,1524.47,completed,online,2025-06-30,NO
1,37079,130321,85.16,completed,online,2025-06-30,NO
1270,122,138070,41.69,completed,online,2025-06-30,NO
1,46694,139937,283.89,failed,online,2025-06-30,NO
3588,20523,140998,729.67,failed,online,2025-06-30,NO
1,40465,144238,810.25,failed,online,2025-06-30,NO
172,15389,144241,560.54,completed,online,2025-06-30,NO
972,28675,146702,821.72,completed,online,2025-06-30,NO
4659,36847,147829,26.67,completed,online,2025-06-30,NO
3258,25987,149267,154.81,failed,online,2025-06-30,NO
2315,5558,611,274.53,failed,online,2025-07-26,NO
3829,25136,2243,1194.75,completed,online,2025-07-26,NO
1505,6320,3604,1276.19,failed,online,2025-07-26,NO
1,16952,5721,1054.85,completed,online,2025-07-26,NO
2381,456,8906,7694.424282105285,failed,online,2025-07-26,NO
1,38781,14461,1473.77,failed,online,2025-07-26,NO
1,30375,19085,1688.63,failed,online,2025-07-26,NO
3212,16775,22589,552.59,failed,online,2025-07-26,NO
1,49200,23827,1407.98,failed,online,2025-07-26,NO
3894,42186,24627,70.9,completed,online,2025-07-26,NO
3106,33596,25753,685.16,completed,online,2025-07-26,NO
1978,47847,26023,556.3,failed,online,2025-07-26,NO
2252,28192,28133,1963.35,failed,online,2025-07-26,NO
2948,8564,28902,1790.1,failed,online,2025-07-26,NO
1,2702,28936,1430.43,completed,online,2025-07-26,NO
3209,2508,31127,1030.73,completed,online,2025-07-26,NO
1,20544,31503,336.5,failed,online,2025-07-26,NO
1,22241,32779,731.06,failed,online,2025-07-26,NO
1304,21903,33513,204.79,completed,online,2025-07-26,NO
4703,35935,35209,819.36,completed,online,2025-07-26,NO
4769,24697,40646,79.2,completed,online,2025-07-26,NO
1944,45265,40822,676.37,failed,online,2025-07-26,NO
1478,12262,42614,1135.96,failed,online,2025-07-26,NO
3590,29721,42997,674.48,failed,online,2025-07-26,NO
1,26873,50086,1389.21,failed,online,2025-07-26,NO
1709,38928,51148,317.57,completed,online,2025-07-26,NO
1951,5191,52241,1376.23,completed,online,2025-07-26,NO
434,43848,53489,1495.99,completed,online,2025-07-26,NO
2109,17844,53916,643.18,failed,online,2025-07-26,NO
1999,25645,55113,1476.61,completed,online,2025-07-26,NO
1,24727,55854,143.17,failed,online,2025-07-26,NO
3830,43006,60113,363.44,failed,online,2025-07-26,NO
740,15703,60711,812.31,completed,online,2025-07-26,NO
3032,46295,61211,1379.79,completed,online,2025-07-26,NO
3264,36211,62111,1264.96,failed,online,2025-07-26,NO
2164,39864,63513,178.96,completed,online,2025-07-26,NO
4704,1461,68468,463.83,completed,online,2025-07-26,NO
4813,45682,69302,1492.2,completed,online,2025-07-26,NO
2648,40385,70312,645.02,completed,online,2025-07-26,NO
3768,34977,71049,1678.2,failed,online,2025-07-26,NO
1,42493,71585,1068.63,failed,online,2025-07-26,NO
1584,11062,75253,1591.75,failed,online,2025-07-26,NO
2521,18243,75449,1673.33,completed,online,2025-07-26,NO
1483,32344,75756,1642.6,completed,online,2025-07-26,NO
1,9224,76879,1402.83,completed,online,2025-07-26,NO
3436,18082,79030,795.3,failed,online,2025-07-26,NO
3098,4349,80628,1842.51,completed,online,2025-07-26,NO
236,47966,81029,884.03,failed,online,2025-07-26,NO
3006,17747,82033,1322.74,failed,online,2025-07-26,NO
660,15216,85306,1322.45,failed,online,2025-07-26,NO
1,24780,86847,466.1,failed,online,2025-07-26,NO
812,8103,88587,1449.54,failed,online,2025-07-26,NO
1,11977,90040,1149.86,failed,online,2025-07-26,NO
715,42288,93080,1886.29,failed,online,2025-07-26,NO
367,10936,94373,1735.3,failed,online,2025-07-26,NO
305,20367,94879,424.77,completed,online,2025-07-26,NO
1462,48827,94983,1751.87,failed,online,2025-07-26,NO
3786,7344,100355,424.7,completed,online,2025-07-26,NO
2749,18301,104248,776.02,failed,online,2025-07-26,NO
1183,40852,104572,896.95,failed,online,2025-07-26,NO
1875,29722,105314,783.5,completed,online,2025-07-26,NO
2390,46632,105911,782.59,completed,UNKNOWN,2025-07-26,NO
4713,43094,106163,673.17,failed,online,2025-07-26,NO
1535,19377,108482,1021.54,failed,online,2025-07-26,NO
3667,30360,110703,1194.57,failed,UNKNOWN,2025-07-26,NO
1582,339,110975,1926.86,failed,online,2025-07-26,NO
2545,6147,112227,249.47,completed,online,2025-07-26,NO
3166,14951,112569,1261.3,failed,online,2025-07-26,NO
2236,34049,112623,1044.32,completed,online,2025-07-26,NO
3717,45821,112681,504.0,failed,online,2025-07-26,NO
3053,36083,116996,1154.65,failed,online,2025-07-26,NO
4032,23671,117042,1509.95,completed,online,2025-07-26,NO
3581,33926,118454,487.53,completed,online,2025-07-26,NO
4206,29544,119454,1601.66,failed,online,2025-07-26,NO
1002,820,120863,172.04,completed,online,2025-07-26,NO
1979,2600,123620,211.0,completed,online,2025-07-26,NO
265,48101,127754,1761.2,failed,online,2025-07-26,NO
1,43285,129171,1541.03,failed,online,2025-07-26,NO
1950,39519,130582,1002.07,completed,online,2025-07-26,NO
2695,40966,130801,1904.72,completed,online,2025-07-26,NO
3110,46355,131104,1595.45,completed,online,2025-07-26,NO
156,49990,137006,1393.33,completed,online,2025-07-26,NO
4911,23824,140920,1239.29,completed,online,2025-07-26,NO
1,38748,144447,416.25,failed,online,2025-07-26,NO
2103,3256,146880,453.39,failed,online,2025-07-26,NO
2835,19689,190,841.88,failed,online,2025-07-15,NO
102,9680,1056,517.04,failed,online,2025-07-15,NO
3936,4416,7683,334.93,completed,online,2025-07-15,NO
3906,8643,9006,667.68,failed,online,2025-07-15,NO
1,41778,9366,1746.15,failed,online,2025-07-15,NO
3561,45920,11333,1836.93,completed,UNKNOWN,2025-07-15,NO
4503,6322,12203,204.72,completed,online,2025-07-15,NO
2806,6274,14210,223.37,failed,online,2025-07-15,NO
917,19320,14853,1909.44,completed,online,2025-07-15,NO
2944,4556,15658,1211.06,failed,online,2025-07-15,NO
1,21613,20624,1946.64,failed,online,2025-07-15,NO
936,47431,22918,752.88,failed,online,2025-07-15,NO
2666,20286,26227,1220.84,failed,online,2025-07-15,NO
1558,43527,29735,171.5,failed,online,2025-07-15,NO
2664,13494,32102,1080.78,failed,online,2025-07-15,NO
4766,902,32173,1453.27,completed,online,2025-07-15,NO
3918,36044,34382,689.64,completed,online,2025-07-15,NO
4177,7865,35196,1558.26,completed,online,2025-07-15,NO
2499,38204,36380,1755.4,completed,online,2025-07-15,NO
2795,13932,38063,308.68,failed,online,2025-07-15,NO
2667,12417,39254,1494.55,failed,online,2025-07-15,NO
2381,33326,42813,961.58,failed,online,2025-07-15,NO
2026,35492,44887,224.17,failed,online,2025-07-15,NO
4119,8519,47528,1498.88,failed,online,2025-07-15,NO
3726,44686,47615,1724.16,completed,online,2025-07-15,NO
1162,20448,50340,1757.6,failed,online,2025-07-15,NO
3248,18228,51536,1880.7,completed,online,2025-07-15,NO
1141,28749,51630,1475.93,failed,online,2025-07-15,NO
4620,30983,54145,829.09,completed,online,2025-07-15,NO
4314,29651,55853,105.12,failed,online,2025-07-15,NO
1981,18418,57239,987.76,completed,online,2025-07-15,NO
3526,21629,57273,1711.87,failed,online,2025-07-15,NO
1,27762,60688,1546.38,completed,online,2025-07-15,NO
2579,37086,64372,1530.59,failed,online,2025-07-15,NO
4227,30610,66152,1213.34,failed,online,2025-07-15,NO
4255,36193,70770,1375.8,completed,online,2025-07-15,NO
1,2844,72191,1170.76,completed,online,2025-07-15,NO
1897,22154,74124,1984.09,failed,online,2025-07-15,NO
4403,44172,76990,1724.11,failed,online,2025-07-15,NO
1559,35563,77701,648.94,failed,online,2025-07-15,NO
2270,34268,78187,1555.61,completed,online,2025-07-15,NO
1671,24445,82822,671.75,completed,online,2025-07-15,NO
1277,12719,82943,667.07,failed,online,2025-07-15,NO
3867,11018,83206,1288.85,failed,online,2025-07-15,NO
4572,31363,83549,1106.5,completed,online,2025-07-15,NO
296,33512,84967,13.73,completed,online,2025-07-15,NO
145,1566,86064,1636.93,completed,online,2025-07-15,NO
4916,14016,86087,1483.83,failed,online,2025-07-15,NO
2311,6623,88103,929.12,completed,online,2025-07-15,NO
970,21643,88595,1606.65,completed,UNKNOWN,2025-07-15,NO
4993,41299,89044,1218.81,completed,online,2025-07-15,NO
3938,2830,91937,24.97,completed,online,2025-07-15,NO
1686,40114,92842,240.5,completed,online,2025-07-15,NO
793,35564,98167,1397.4,completed,online,2025-07-15,NO
1,6612,98961,1622.24,failed,online,2025-07-15,NO
4538,7774,100024,16.97,failed,online,2025-07-15,NO
1,7688,102780,1785.95,failed,online,2025-07-15,NO
1,16962,103182,1016.69,failed,online,2025-07-15,NO
1414,36278,105308,1863.23,completed,online,2025-07-15,NO
2344,21117,105447,529.61,completed,online,2025-07-15,NO
1,46808,111806,140.01,failed,online,2025-07-15,NO
3699,35867,113811,1704.83,failed,online,2025-07-15,NO
3546,13376,117780,1519.55,failed,online,2025-07-15,NO
896,42647,117987,1381.42,failed,online,2025-07-15,NO
3971,20122,118652,136.97,completed,online,2025-07-15,NO
4285,1036,118699,795.9,completed,online,2025-07-15,NO
1096,36024,119456,552.99,failed,online,2025-07-15,NO
2794,32569,119907,310.31,failed,online,2025-07-15,NO
4745,34423,122888,1078.65,completed,online,2025-07-15,NO
2383,39109,125524,795.79,completed,online,2025-07-15,NO
256,26609,128515,1417.11,completed,online,2025-07-15,NO
1,45233,129293,272.54,failed,online,2025-07-15,NO
3397,8499,129922,418.48,failed,online,2025-07-15,NO
2419,7028,131929,744.33,failed,online,2025-07-15,NO
2991,17333,132059,1956.12,failed,online,2025-07-15,NO
959,41785,133554,1904.8,failed,online,2025-07-15,NO
3525,13815,134182,681.35,completed,online,2025-07-15,NO
3962,1251,139485,820.31,completed,UNKNOWN,2025-07-15,NO
1183,22197,139618,264.09,failed,online,2025-07-15,NO
1,38476,141701,1615.49,failed,online,2025-07-15,NO
4942,4688,142751,158.94,completed,online,2025-07-15,NO
4323,24517,143592,762.41,failed,online,2025-07-15,NO
1,29107,144685,1250.84,failed,online,2025-07-15,NO
2287,35203,146070,950.98,failed,online,2025-07-15,NO
3828,44362,149899,1959.8,failed,online,2025-07-15,NO
1,17778,381,541.05,completed,online,2025-04-08,NO
2148,48668,1057,355.54,completed,online,2025-04-08,NO
1,18970,3471,1970.6,completed,online,2025-04-08,NO
1,26426,5319,174.69,failed,online,2025-04-08,NO
315,41793,5376,1019.05,failed,online,2025-04-08,NO
837,41948,7268,487.63,completed,online,2025-04-08,NO
4096,3330,9757,196.86,failed,online,2025-04-08,NO
4714,29679,9973,117.07,completed,online,2025-04-08,NO
1258,23530,10205,120.44,failed,online,2025-04-08,NO
2220,34154,11719,1193.26,failed,online,2025-04-08,NO
2212,12959,13748,752.71,completed,online,2025-04-08,NO
1718,17550,15042,838.9,failed,online,2025-04-08,NO
3151,26416,15068,1891.25,failed,online,2025-04-08,NO
1,34039,19869,904.82,completed,online,2025-04-08,NO
3951,11688,21897,308.11,completed,online,2025-04-08,NO
3617,14359,25447,418.76,completed,online,2025-04-08,NO
1,26608,27141,479.26,failed,online,2025-04-08,NO
3643,40770,28758,178.15,completed,online,2025-04-08,NO
3270,21555,30801,922.14,failed,online,2025-04-08,NO
2105,13341,36904,652.61,completed,online,2025-04-08,NO
1,33984,37010,763.21,completed,online,2025-04-08,NO
1515,45392,42253,1917.88,failed,online,2025-04-08,NO
1439,40336,43995,1594.52,failed,online,2025-04-08,NO
676,12284,46535,1806.17,completed,online,2025-04-08,NO
3419,10358,47225,382.32,completed,online,2025-04-08,NO
1,11579,47324,118.58,failed,online,2025-04-08,NO
1,22360,50143,230.64,failed,online,2025-04-08,NO
4277,9853,52064,1843.06,failed,online,2025-04-08,NO
643,38847,54395,350.47,completed,online,2025-04-08,NO
1830,38972,55799,1090.42,completed,UNKNOWN,2025-04-08,NO
1,25973,56765,1205.59,failed,online,2025-04-08,NO
2202,47583,57481,1336.92,failed,online,2025-04-08,NO
2517,36063,58290,1608.17,failed,online,2025-04-08,NO
4571,13166,59137,716.85,failed,online,2025-04-08,NO
3334,39985,62405,702.19,completed,online,2025-04-08,NO
4039,3833,63461,1717.04,completed,online,2025-04-08,NO
1,4554,66816,1508.66,completed,online,2025-04-08,NO
212,6844,68874,115.8,completed,online,2025-04-08,NO
1,10613,70295,1371.03,failed,online,2025-04-08,NO
4389,5981,71153,7459.647290682406,failed,online,2025-04-08,NO
1142,27919,72228,923.74,completed,online,2025-04-08,NO
1,21658,72587,1130.82,completed,online,2025-04-08,NO
2468,34215,72934,83.99,failed,online,2025-04-08,NO
428,48415,75696,310.3,completed,UNKNOWN,2025-04-08,NO
1,9765,79181,178.74,completed,online,2025-04-08,NO
2102,1197,79297,416.02,completed,online,2025-04-08,NO
2156,748,79428,1368.12,failed,online,2025-04-08,NO
4461,10979,80742,1089.79,completed,online,2025-04-08,NO
1963,44859,81226,1230.8,completed,online,2025-04-08,NO
1,3674,83766,786.09,failed,online,2025-04-08,NO
3687,25230,85128,187.74,failed,online,2025-04-08,NO
2075,34800,92411,802.08,failed,online,2025-04-08,NO
1069,45085,93426,913.0,completed,online,2025-04-08,NO
2130,45375,95471,879.15,completed,online,2025-04-08,NO
918,49975,97082,1547.78,completed,online,2025-04-08,NO
1787,48528,97638,309.57,failed,online,2025-04-08,NO
3160,4871,98747,590.9,failed,online,2025-04-08,NO
1308,47235,101347,1104.17,completed,online,2025-04-08,NO
4552,22862,102200,461.7,failed,online,2025-04-08,NO
4650,33170,106689,1791.57,failed,online,2025-04-08,NO
352,48573,106927,741.46,completed,online,2025-04-08,NO
4892,9941,108874,1995.47,failed,UNKNOWN,2025-04-08,NO
4074,28534,109925,1856.16,completed,online,2025-04-08,NO
1766,2444,110784,924.08,failed,online,2025-04-08,NO
3279,12218,111780,859.82,completed,online,2025-04-08,NO
547,7756,112804,1263.53,completed,online,2025-04-08,NO
1739,21096,117184,1627.78,failed,online,2025-04-08,NO
2332,6136,119006,383.68,failed,online,2025-04-08,NO
1783,13223,123088,1300.1,failed,online,2025-04-08,NO
920,36688,123218,315.65,failed,online,2025-04-08,NO
3949,42593,128459,1367.95,completed,online,2025-04-08,NO
1255,38228,130285,1187.65,failed,online,2025-04-08,NO
4661,32350,130649,1694.46,failed,online,2025-04-08,NO
4425,12364,131441,1572.69,completed,online,2025-04-08,NO
1,2556,131480,113.03,completed,online,2025-04-08,NO
1,4669,131573,1306.91,completed,online,2025-04-08,NO
3217,19575,131579,1811.5,completed,online,2025-04-08,NO
1539,38546,138254,1715.61,completed,online,2025-04-08,NO
1890,27968,138445,1288.22,failed,online,2025-04-08,NO
3849,43474,138961,1849.95,failed,online,2025-04-08,NO
957,41594,139037,1459.72,failed,online,2025-04-08,NO
1083,27138,141122,673.32,failed,online,2025-04-08,NO
4929,8972,147568,111.34,failed,online,2025-04-08,NO
1765,34296,148778,760.37,failed,online,2025-04-08,NO
1,11481,149737,564.14,failed,online,2025-04-08,NO
3264,19368,686,1143.46,failed,online,2025-03-01,NO
974,47519,3727,1773.37,completed,online,2025-03-01,NO
1226,10788,4000,318.78,completed,online,2025-03-01,NO
4890,7306,6572,1163.97,completed,online,2025-03-01,NO
3150,21670,10063,163.87,completed,online,2025-03-01,NO
951,8657,12238,463.57,completed,online,2025-03-01,NO
1713,19358,16204,343.32,completed,online,2025-03-01,NO
1,31497,22964,1874.37,failed,online,2025-03-01,NO
698,29076,23780,238.13,completed,online,2025-03-01,NO
729,695,25352,1721.19,completed,online,2025-03-01,NO
2090,38022,26361,1309.95,completed,online,2025-03-01,NO
2648,12122,26442,614.09,failed,online,2025-03-01,NO
4588,17433,28108,193.4,completed,online,2025-03-01,NO
1677,37163,30498,220.34,completed,online,2025-03-01,NO
2491,11394,30960,1371.83,failed,online,2025-03-01,NO
3324,2323,33530,508.0,failed,online,2025-03-01,NO
1869,14150,33690,392.17,completed,online,2025-03-01,NO
911,5025,34177,1446.47,failed,UNKNOWN,2025-03-01,NO
2580,49132,34932,779.59,completed,online,2025-03-01,NO
695,12759,35211,840.36,failed,online,2025-03-01,NO
1,21616,35836,1516.77,failed,online,2025-03-01,NO
1,25463,36576,1026.72,completed,online,2025-03-01,NO
3273,43194,36987,165.58,completed,online,2025-03-01,NO
807,13463,39476,840.43,completed,online,2025-03-01,NO
780,25876,39690,1506.57,failed,online,2025-03-01,NO
1223,36177,43829,1647.0,failed,online,2025-03-01,NO
1669,29628,43856,1317.96,completed,online,2025-03-01,NO
933,2561,47103,816.52,failed,online,2025-03-01,NO
321,18207,47310,1886.08,completed,online,2025-03-01,NO
490,24305,48345,1883.01,failed,online,2025-03-01,NO
3181,31459,49979,1777.76,failed,online,2025-03-01,NO
1066,27597,52188,539.14,failed,online,2025-03-01,NO
3094,39334,53522,272.87,completed,online,2025-03-01,NO
2824,1931,53959,79.38,completed,online,2025-03-01,NO
1207,19459,54059,384.43,failed,online,2025-03-01,NO
57,8184,55995,18.63,completed,online,2025-03-01,NO
1,6049,57816,1424.46,failed,online,2025-03-01,NO
4440,22271,58904,1994.18,completed,online,2025-03-01,NO
3221,11119,64550,1802.33,failed,online,2025-03-01,NO
1,1970,65140,815.83,completed,online,2025-03-01,NO
2115,38468,65843,1804.99,completed,online,2025-03-01,NO
315,1491,65991,1650.25,completed,online,2025-03-01,NO
1973,26846,66584,1209.35,failed,online,2025-03-01,NO
707,10427,73072,112.91,failed,online,2025-03-01,NO
4780,6002,73421,45.6,completed,online,2025-03-01,NO
1205,46035,75415,1218.37,failed,online,2025-03-01,NO
1,28117,76519,1560.45,completed,online,2025-03-01,NO
4945,21862,81794,792.83,completed,online,2025-03-01,NO
4690,33114,83209,424.53,completed,online,2025-03-01,NO
1,4512,83804,1870.26,completed,online,2025-03-01,NO
4746,2907,90657,514.87,failed,online,2025-03-01,NO
1840,25106,90812,9854.87832252711,failed,online,2025-03-01,NO
1,39956,92368,840.63,completed,online,2025-03-01,NO
1,30492,93611,519.24,completed,online,2025-03-01,NO
2484,12529,95751,172.85,failed,online,2025-03-01,NO
4790,38456,96334,1702.22,failed,online,2025-03-01,NO
1,27146,100822,242.28,completed,online,2025-03-01,NO
1247,16861,102632,1051.66,completed,online,2025-03-01,NO
1,4041,105339,985.52,failed,UNKNOWN,2025-03-01,NO
1,6137,110714,192.58,completed,online,2025-03-01,NO
3592,18214,112648,1358.01,failed,online,2025-03-01,NO
2622,45646,115150,1731.12,completed,online,2025-03-01,NO
1,33747,115486,720.21,failed,online,2025-03-01,NO
2929,1163,115672,1752.29,failed,online,2025-03-01,NO
4273,16702,118438,1633.73,completed,online,2025-03-01,NO
674,43839,118891,1677.87,failed,online,2025-03-01,NO
3697,47903,119130,1099.22,completed,online,2025-03-01,NO
2898,28641,121444,8737.180060289349,failed,online,2025-03-01,NO
1,25828,121951,1613.39,completed,online,2025-03-01,NO
3675,10629,122155,1638.5,completed,online,2025-03-01,NO
1369,21904,122568,691.47,failed,online,2025-03-01,NO
3799,40097,125064,1922.98,completed,online,2025-03-01,NO
218,24510,125124,1481.34,completed,online,2025-03-01,NO
1850,46018,133187,1851.96,failed,UNKNOWN,2025-03-01,NO
878,4723,133217,669.56,completed,online,2025-03-01,NO
1050,43449,137103,948.87,failed,online,2025-03-01,NO
3488,29451,138335,1517.63,completed,UNKNOWN,2025-03-01,NO
212,42709,139489,1077.78,failed,online,2025-03-01,NO
4167,18871,139672,1737.61,failed,online,2025-03-01,NO
3049,33773,140248,442.9,completed,online,2025-03-01,NO
4210,18037,144697,1805.96,completed,online,2025-03-01,NO
4429,9173,148598,859.22,completed,online,2025-03-01,NO
1,16796,149359,71.24,failed,online,2025-03-01,NO
3133,31019,149848,555.16,completed,online,2025-03-01,NO
1859,37976,4721,66.01,completed,online,2025-11-14,NO
1,35856,5124,1574.5,failed,online,2025-11-14,NO
4334,12336,6276,1968.96,failed,online,2025-11-14,NO
3550,31645,6856,6482.962114067484,failed,online,2025-11-14,NO
2369,27776,8916,719.32,failed,online,2025-11-14,NO
1,46640,9828,144.76,failed,online,2025-11-14,NO
437,33216,11284,675.88,failed,online,2025-11-14,NO
658,44289,12959,1435.02,completed,online,2025-11-14,NO
3275,44704,13116,1036.52,completed,online,2025-11-14,NO
1,3185,13996,82.15,failed,online,2025-11-14,NO
4688,7641,16499,704.82,completed,online,2025-11-14,NO
1577,32802,24973,1467.26,completed,online,2025-11-14,NO
1,48346,25006,524.57,completed,online,2025-11-14,NO
1101,9099,25175,1847.61,completed,online,2025-11-14,NO
1,28664,25274,1415.17,failed,online,2025-11-14,NO
4432,22219,27930,732.93,completed,online,2025-11-14,NO
2204,17841,28383,840.96,failed,online,2025-11-14,NO
4773,30993,29655,487.28,failed,online,2025-11-14,NO
1,5901,30836,386.8,failed,online,2025-11-14,NO
1,3758,32811,1258.9,failed,online,2025-11-14,NO
1,38576,37795,931.4,completed,online,2025-11-14,NO
1,25926,38376,1368.46,completed,online,2025-11-14,NO
1142,20024,40841,776.37,completed,online,2025-11-14,NO
1,43341,41919,1982.01,completed,online,2025-11-14,NO
3718,18507,42183,955.4,failed,online,2025-11-14,NO
2926,43451,44332,1953.86,failed,online,2025-11-14,NO
3086,21965,45882,395.28,failed,online,2025-11-14,NO
111,26195,48754,1787.74,failed,online,2025-11-14,NO
4774,41670,49562,470.26,failed,online,2025-11-14,NO
1,18383,52776,1645.32,completed,online,2025-11-14,NO
3941,7533,57252,1827.8,completed,online,2025-11-14,NO
3417,2329,58121,1410.32,completed,online,2025-11-14,NO
890,12533,59798,498.62,completed,online,2025-11-14,NO
118,49739,59888,1399.83,failed,online,2025-11-14,NO
1,41141,61104,1894.91,completed,online,2025-11-14,NO
371,43068,70180,939.43,failed,online,2025-11-14,NO
3071,11539,70319,330.15,failed,online,2025-11-14,NO
1,47392,71274,373.93,completed,online,2025-11-14,NO
2862,25774,71710,10.14,completed,online,2025-11-14,NO
1673,34956,75121,194.84,completed,online,2025-11-14,NO
1,11818,79138,1066.03,completed,online,2025-11-14,NO
81,11261,81362,469.54,failed,online,2025-11-14,NO
3755,43941,82422,1026.75,completed,online,2025-11-14,NO
3495,3492,82806,890.45,completed,online,2025-11-14,NO
1,40992,84035,538.87,completed,online,2025-11-14,NO
1,41407,84426,480.31,completed,online,2025-11-14,NO
2341,11149,86031,740.89,failed,online,2025-11-14,NO
1,38808,87425,235.79,failed,online,2025-11-14,NO
472,42806,88331,523.0,failed,online,2025-11-14,NO
3168,16658,90259,1326.92,completed,online,2025-11-14,NO
1663,46188,92192,303.63,completed,online,2025-11-14,NO
1,46800,92763,321.67,completed,online,2025-11-14,NO
2761,40972,94778,43.72,failed,online,2025-11-14,NO
748,7106,96892,964.37,completed,online,2025-11-14,NO
4230,1935,97214,865.97,completed,online,2025-11-14,NO
1524,5704,98372,1416.12,failed,online,2025-11-14,NO
4201,33114,98514,1892.57,completed,online,2025-11-14,NO
4246,23774,98635,1653.01,completed,online,2025-11-14,NO
1,22396,98748,1134.07,completed,online,2025-11-14,NO
4170,31345,98935,893.97,completed,online,2025-11-14,NO
493,8493,100029,1153.33,failed,online,2025-11-14,NO
3278,15614,100099,1733.42,failed,online,2025-11-14,NO
1512,29051,100930,143.36,completed,online,2025-11-14,NO
1,36528,102000,519.11,failed,online,2025-11-14,NO
2854,44818,102272,935.46,completed,online,2025-11-14,NO
3961,36148,102844,1960.88,completed,online,2025-11-14,NO
3592,1281,105950,1691.08,completed,online,2025-11-14,NO
1617,43777,107602,1476.97,failed,online,2025-11-14,NO
3430,22985,111631,243.73,completed,online,2025-11-14,NO
2678,9639,111759,1597.24,failed,online,2025-11-14,NO
3564,20188,112077,737.99,failed,online,2025-11-14,NO
217,26246,115266,1284.42,failed,online,2025-11-14,NO
4231,30231,117839,618.92,completed,online,2025-11-14,NO
4391,34132,119312,853.95,failed,online,2025-11-14,NO
4231,25589,124903,263.79,failed,online,2025-11-14,NO
3749,108,133396,1478.88,completed,online,2025-11-14,NO
558,35787,135687,1528.96,failed,online,2025-11-14,NO
4990,47462,135882,1493.92,completed,online,2025-11-14,NO
2931,14697,139262,1066.58,failed,online,2025-11-14,NO
987,4100,143934,495.89,completed,online,2025-11-14,NO
989,2143,146935,365.64,completed,online,2025-11-14,NO
4386,47140,147962,1913.21,failed,online,2025-11-14,NO
985,26119,148588,1999.85,completed,online,2025-11-14,NO
3489,43958,149049,716.1,completed,online,2025-11-14,NO
353,40804,149111,291.62,completed,online,2025-11-14,NO
1289,15647,477,10.06,completed,online,2025-05-04,NO
579,44310,2055,187.42,completed,online,2025-05-04,NO
1624,48293,2452,1711.48,completed,online,2025-05-04,NO
2934,11906,3266,1869.35,completed,online,2025-05-04,NO
2565,29433,3478,1105.44,failed,online,2025-05-04,NO
4510,34115,3633,587.48,failed,online,2025-05-04,NO
1727,44006,8346,870.14,completed,online,2025-05-04,NO
4459,47752,8682,924.7,completed,online,2025-05-04,NO
1,10039,14781,1206.33,failed,online,2025-05-04,NO
3110,41395,15000,177.19,completed,online,2025-05-04,NO
1578,19323,19199,369.98,failed,online,2025-05-04,NO
4551,48599,19381,631.11,completed,online,2025-05-04,NO
1,48774,19894,1900.33,completed,online,2025-05-04,NO
1,27217,20769,489.14,failed,online,2025-05-04,NO
998,4076,21963,96.6,failed,online,2025-05-04,NO
1,28303,24264,1413.6,failed,online,2025-05-04,NO
4590,12921,24867,1746.31,completed,online,2025-05-04,NO
2219,3498,25133,670.02,completed,online,2025-05-04,NO
1507,5434,28603,329.83,failed,online,2025-05-04,NO
1,19855,30072,1797.52,completed,online,2025-05-04,NO
1400,5296,39944,622.95,failed,online,2025-05-04,NO
4365,45004,40552,1928.41,failed,online,2025-05-04,NO
3186,47247,42339,996.66,failed,online,2025-05-04,NO
4054,22229,47043,623.06,completed,online,2025-05-04,NO
1845,47242,48456,1942.42,completed,online,2025-05-04,NO
3633,26471,51661,1986.64,failed,online,2025-05-04,NO
2125,13672,57198,1618.81,completed,online,2025-05-04,NO
1,42376,57536,148.38,failed,online,2025-05-04,NO
1,6518,60608,595.25,failed,online,2025-05-04,NO
919,41168,60629,1486.68,completed,online,2025-05-04,NO
4620,45119,65282,251.42,completed,online,2025-05-04,NO
4960,31821,68048,1721.63,failed,online,2025-05-04,NO
4083,17227,70291,824.15,completed,online,2025-05-04,NO
2526,4600,70320,1991.18,completed,online,2025-05-04,NO
4337,22857,73288,402.97,completed,online,2025-05-04,NO
2829,32950,73672,1823.77,failed,online,2025-05-04,NO
2943,21717,77549,1997.93,completed,online,2025-05-04,NO
1,28833,77794,218.54,failed,online,2025-05-04,NO
2966,30437,78051,262.69,failed,online,2025-05-04,NO
532,28652,79519,1665.12,failed,online,2025-05-04,NO
2730,26719,83129,1286.55,completed,online,2025-05-04,NO
2053,46743,83884,414.69,completed,online,2025-05-04,NO
2011,35171,84955,1452.45,completed,online,2025-05-04,NO
1523,45306,87476,778.91,completed,online,2025-05-04,NO
4188,39141,88982,1250.71,completed,online,2025-05-04,NO
1938,10230,90957,1441.41,completed,online,2025-05-04,NO
392,23292,93251,51.01,completed,online,2025-05-04,NO
1,35195,93573,248.64,failed,online,2025-05-04,NO
300,45155,94811,49.05,completed,online,2025-05-04,NO
1,28220,95144,1635.19,completed,online,2025-05-04,NO
1510,35371,96491,1339.44,completed,online,2025-05-04,NO
2784,18530,96669,1007.92,failed,online,2025-05-04,NO
4430,16467,100522,1983.09,failed,online,2025-05-04,NO
756,49581,102892,1817.74,completed,online,2025-05-04,NO
2403,45415,105934,491.93,completed,online,2025-05-04,NO
485,27177,107486,711.43,failed,online,2025-05-04,NO
4554,41095,110246,1788.4,completed,online,2025-05-04,NO
127,5562,111142,555.02,failed,online,2025-05-04,NO
3227,41733,111996,938.94,failed,online,2025-05-04,NO
1,25067,112405,1690.74,completed,online,2025-05-04,NO
1217,17538,113608,601.73,completed,online,2025-05-04,NO
3200,33418,113854,802.77,completed,online,2025-05-04,NO
2532,8861,114920,1687.19,completed,online,2025-05-04,NO
3285,35066,115070,1266.99,failed,online,2025-05-04,NO
2223,20009,117993,519.11,completed,online,2025-05-04,NO
3596,28055,118700,685.27,completed,online,2025-05-04,NO
2905,4987,118761,148.76,failed,online,2025-05-04,NO
1,48428,119727,1247.79,failed,online,2025-05-04,NO
701,22278,125611,961.18,completed,online,2025-05-04,NO
1300,47975,125626,673.68,completed,online,2025-05-04,NO
1472,25396,127805,342.05,completed,online,2025-05-04,NO
2635,40649,128054,1512.7,failed,online,2025-05-04,NO
1920,24269,130456,463.23,failed,online,2025-05-04,NO
3618,11879,131640,725.42,completed,online,2025-05-04,NO
3088,44764,132902,1502.05,failed,online,2025-05-04,NO
4560,5179,134696,693.89,failed,online,2025-05-04,NO
2262,47889,135278,1469.01,failed,online,2025-05-04,NO
3350,48613,136628,843.38,completed,online,2025-05-04,NO
4832,5625,137591,547.07,completed,online,2025-05-04,NO
3211,19664,139164,1288.33,failed,online,2025-05-04,NO
296,43210,146314,432.62,completed,online,2025-05-04,NO
772,19693,146619,1929.41,completed,online,2025-05-04,NO
3454,44294,149023,314.77,failed,online,2025-05-04,NO
4059,19916,149059,257.14,completed,online,2025-05-04,NO
309,45408,2955,1121.96,completed,online,2025-11-06,NO
4791,44621,4344,132.04,completed,online,2025-11-06,NO
1,28681,13966,1494.0,completed,online,2025-11-06,NO
178,25609,14029,1401.78,failed,online,2025-11-06,NO
1,15487,14839,930.74,failed,online,2025-11-06,NO
3390,14592,14995,1449.56,failed,online,2025-11-06,NO
913,25469,15561,574.68,failed,online,2025-11-06,NO
3867,13702,18631,472.97,completed,online,2025-11-06,NO
1034,32926,20015,477.45,failed,online,2025-11-06,NO
1450,12594,20630,252.23,failed,online,2025-11-06,NO
1010,6788,24434,1841.15,completed,online,2025-11-06,NO
711,23534,24494,123.77,completed,online,2025-11-06,NO
4662,3465,24635,744.74,completed,online,2025-11-06,NO
1355,4333,25144,947.73,failed,online,2025-11-06,NO
1794,41242,25830,1914.81,completed,online,2025-11-06,NO
392,34787,29004,1670.43,failed,online,2025-11-06,NO
3277,49468,29091,1636.07,failed,online,2025-11-06,NO
1430,1739,29940,911.15,failed,online,2025-11-06,NO
1,29492,30676,785.9,failed,online,2025-11-06,NO
1260,42739,31131,298.97,completed,online,2025-11-06,NO
3692,41531,32293,1751.42,failed,online,2025-11-06,NO
1,30815,34353,559.52,completed,online,2025-11-06,NO
4076,44969,35205,82.93,completed,online,2025-11-06,NO
2336,40907,36607,1669.1,completed,online,2025-11-06,NO
3657,34207,37065,1217.85,failed,online,2025-11-06,NO
2669,35031,37118,1440.6,completed,online,2025-11-06,NO
862,21415,37562,7426.656503003621,failed,online,2025-11-06,NO
4825,22668,39250,410.24,failed,online,2025-11-06,NO
570,26677,43006,1086.0,failed,UNKNOWN,2025-11-06,NO
3578,33388,45130,1060.43,failed,online,2025-11-06,NO
1,35692,45330,575.05,completed,online,2025-11-06,NO
1381,44003,46504,570.34,failed,online,2025-11-06,NO
4326,35199,47167,1814.22,completed,online,2025-11-06,NO
2482,35983,47357,1208.49,completed,online,2025-11-06,NO
255,4744,49729,383.96,completed,online,2025-11-06,NO
1,24987,54654,7783.216976538326,failed,online,2025-11-06,NO
1757,33162,55795,1353.07,completed,online,2025-11-06,NO
2465,39534,56095,952.67,failed,online,2025-11-06,NO
1795,26574,56428,58.39,failed,online,2025-11-06,NO
3384,4255,57169,606.99,completed,online,2025-11-06,NO
1055,31589,58731,543.57,completed,online,2025-11-06,NO
1723,34421,58770,75.6,failed,online,2025-11-06,NO
3944,24221,66945,466.69,failed,online,2025-11-06,NO
1816,48439,67095,681.42,completed,online,2025-11-06,NO
285,42143,72425,666.62,failed,online,2025-11-06,NO
2448,47157,80149,486.13,failed,online,2025-11-06,NO
571,33760,82345,802.15,completed,online,2025-11-06,NO
1,18529,82981,1592.33,completed,online,2025-11-06,NO
2369,17690,83518,163.59,failed,online,2025-11-06,NO
2851,41924,83692,1025.81,failed,online,2025-11-06,NO
300,8972,86229,1759.3,failed,online,2025-11-06,NO
4063,7885,87116,1448.33,failed,online,2025-11-06,NO
1,29885,87365,287.95,failed,online,2025-11-06,NO
1377,36497,87453,495.6,completed,online,2025-11-06,NO
301,8274,87989,188.97,completed,online,2025-11-06,NO
1,42593,88072,1866.09,completed,online,2025-11-06,NO
1,45021,96269,542.02,completed,online,2025-11-06,NO
2553,24545,96527,1563.75,failed,online,2025-11-06,NO
365,10083,97209,499.87,failed,online,2025-11-06,NO
857,40486,98740,1808.77,completed,online,2025-11-06,NO
3085,9700,101218,307.58,failed,online,2025-11-06,NO
1,40457,101743,1653.92,completed,online,2025-11-06,NO
1157,25892,102072,196.87,completed,online,2025-11-06,NO
4456,19820,102984,1712.7,failed,online,2025-11-06,NO
3609,49784,104151,1575.68,failed,online,2025-11-06,NO
2153,10226,108137,503.19,failed,online,2025-11-06,NO
1,407,108143,1704.53,failed,online,2025-11-06,NO
2291,5426,110350,701.68,failed,online,2025-11-06,NO
3091,129,110927,1029.9,completed,online,2025-11-06,NO
101,47282,119164,1125.29,failed,online,2025-11-06,NO
2969,9470,119564,1444.89,completed,online,2025-11-06,NO
651,45746,121549,156.1,failed,online,2025-11-06,NO
1866,1132,124440,419.01,completed,online,2025-11-06,NO
2726,49464,130735,1783.66,failed,online,2025-11-06,NO
1251,36394,130857,1957.88,failed,online,2025-11-06,NO
107,36930,132217,1242.82,failed,online,2025-11-06,NO
461,45873,132238,589.48,failed,online,2025-11-06,NO
530,809,134662,680.86,completed,online,2025-11-06,NO
3107,36394,136544,262.05,failed,online,2025-11-06,NO
4177,24641,141625,847.52,completed,online,2025-11-06,NO
4257,41127,142513,364.64,failed,online,2025-11-06,NO
1300,9628,143326,1569.96,failed,online,2025-11-06,NO
4350,11580,146080,606.27,completed,online,2025-11-06,NO
1519,29777,148336,978.32,failed,online,2025-11-06,NO
3516,20068,148750,382.97,failed,online,2025-11-06,NO
1451,40469,642,1294.22,failed,online,2025-05-29,NO
1260,28224,3116,1630.95,failed,online,2025-05-29,NO
1260,26664,3679,1963.89,failed,online,2025-05-29,NO
1,24159,4185,1302.61,failed,online,2025-05-29,NO
1,36570,5028,1874.7,completed,online,2025-05-29,NO
2931,10727,12080,609.76,completed,online,2025-05-29,NO
3101,25207,13465,469.24,completed,online,2025-05-29,NO
1,6582,18238,1361.75,failed,online,2025-05-29,NO
470,20057,18479,868.36,completed,online,2025-05-29,NO
3653,25181,19964,1407.2,completed,online,2025-05-29,NO
3584,39303,20349,445.48,completed,online,2025-05-29,NO
2263,27084,20696,702.98,failed,online,2025-05-29,NO
246,10504,23901,786.35,completed,online,2025-05-29,NO
170,25782,25343,786.66,completed,online,2025-05-29,NO
4488,1325,25599,738.14,completed,online,2025-05-29,NO
2065,8640,28332,1100.19,failed,online,2025-05-29,NO
383,3456,28956,1271.39,failed,online,2025-05-29,NO
1,10893,37827,232.34,failed,online,2025-05-29,NO
3976,15387,39092,1489.46,completed,online,2025-05-29,NO
703,14271,40918,882.55,completed,online,2025-05-29,NO
1,38067,42438,737.89,failed,online,2025-05-29,NO
244,35622,43383,1971.94,completed,online,2025-05-29,NO
4470,26406,44089,95.36,failed,online,2025-05-29,NO
2708,16321,44941,1670.04,completed,online,2025-05-29,NO
1,28613,46685,397.24,failed,online,2025-05-29,NO
3355,25999,48714,1222.67,failed,online,2025-05-29,NO
3534,12208,49664,1965.68,completed,online,2025-05-29,NO
2509,45668,51445,901.43,completed,online,2025-05-29,NO
2702,35328,52137,205.57,completed,online,2025-05-29,NO
1609,20444,54106,1861.65,failed,online,2025-05-29,NO
1,33850,54526,1405.73,failed,online,2025-05-29,NO
3040,43267,59147,1518.89,failed,online,2025-05-29,NO
1242,19244,60005,561.25,completed,online,2025-05-29,NO
3267,45169,63682,214.25,failed,online,2025-05-29,NO
3475,47237,66977,503.91,failed,online,2025-05-29,NO
2505,23371,69636,1559.95,failed,online,2025-05-29,NO
1,37158,69668,573.0,failed,online,2025-05-29,NO
2410,33967,69784,576.97,completed,online,2025-05-29,NO
329,22436,70211,1081.45,failed,online,2025-05-29,NO
4845,6871,71404,25.09,completed,online,2025-05-29,NO
1,41243,76518,1364.68,failed,online,2025-05-29,NO
1834,24481,76530,1736.18,failed,online,2025-05-29,NO
1072,49185,78730,692.26,failed,online,2025-05-29,NO
798,24449,79265,980.64,failed,online,2025-05-29,NO
732,33801,79654,985.03,failed,online,2025-05-29,NO
1,49425,84494,1987.45,completed,online,2025-05-29,NO
3890,17818,84533,1852.2,completed,online,2025-05-29,NO
3389,49340,86769,1571.8,completed,online,2025-05-29,NO
2063,9663,87187,1429.85,failed,online,2025-05-29,NO
702,19059,90333,400.65,completed,online,2025-05-29,NO
4196,46081,90703,1891.8,failed,online,2025-05-29,NO
4275,1382,91696,386.88,failed,online,2025-05-29,NO
2163,9222,94370,1104.59,completed,online,2025-05-29,NO
559,31923,94954,956.47,failed,online,2025-05-29,NO
681,7349,96154,889.34,completed,online,2025-05-29,NO
3119,35026,97981,474.85,completed,online,2025-05-29,NO
4211,34606,101787,593.22,failed,online,2025-05-29,NO
1097,39427,106423,1559.94,failed,UNKNOWN,2025-05-29,NO
3625,12751,106488,1161.72,failed,online,2025-05-29,NO
671,16067,107345,921.47,completed,online,2025-05-29,NO
1675,34852,108279,1958.98,completed,online,2025-05-29,NO
2798,26624,108415,1571.62,completed,online,2025-05-29,NO
3140,3805,108976,55.74,failed,UNKNOWN,2025-05-29,NO
1678,1475,110232,861.28,completed,online,2025-05-29,NO
1,37703,114350,331.94,failed,online,2025-05-29,NO
4916,6679,115088,1678.18,completed,online,2025-05-29,NO
2123,10872,116259,1233.58,completed,online,2025-05-29,NO
1165,8369,116753,733.33,completed,online,2025-05-29,NO
2531,35188,117782,888.25,completed,online,2025-05-29,NO
1,25488,119550,656.85,completed,online,2025-05-29,NO
1461,37237,122077,937.96,failed,online,2025-05-29,NO
159,32140,126350,1372.52,completed,online,2025-05-29,NO
3178,33292,129934,237.14,completed,online,2025-05-29,NO
105,42936,130711,593.16,failed,online,2025-05-29,NO
1390,43467,131619,79.82,failed,online,2025-05-29,NO
3968,25902,132601,1136.56,failed,online,2025-05-29,NO
8,268,137423,1742.5,completed,online,2025-05-29,NO
3740,27252,138186,1150.58,failed,online,2025-05-29,NO
4105,17690,138851,1753.63,failed,online,2025-05-29,NO
1,1482,139121,917.34,failed,online,2025-05-29,NO
2092,14199,141493,262.54,completed,online,2025-05-29,NO
1,8755,141531,482.21,completed,online,2025-05-29,NO
2124,10809,145134,452.18,completed,online,2025-05-29,NO
1520,46342,147963,1984.12,failed,online,2025-05-29,NO
1993,20967,148993,890.29,failed,online,2025-05-29,NO
1,33883,1137,531.98,completed,online,2025-10-12,NO
124,37685,2985,247.58,completed,online,2025-10-12,NO
1,36346,6221,24.58,completed,online,2025-10-12,NO
4564,13554,9596,1878.01,failed,online,2025-10-12,NO
4189,23937,9715,511.64,failed,online,2025-10-12,NO
1618,43660,12983,1452.76,completed,online,2025-10-12,NO
3095,6750,14003,1134.93,completed,online,2025-10-12,NO
1,1687,15930,76.65,completed,online,2025-10-12,NO
1763,38495,16070,1095.34,completed,online,2025-10-12,NO
829,13886,18139,824.6,completed,online,2025-10-12,NO
1,39567,19229,1650.87,completed,online,2025-10-12,NO
1236,4828,22564,1820.13,completed,online,2025-10-12,NO
1924,5798,23121,849.46,completed,online,2025-10-12,NO
307,30871,23558,1524.22,failed,online,2025-10-12,NO
2384,24916,26443,1466.52,completed,online,2025-10-12,NO
1364,21130,26703,40.01,completed,online,2025-10-12,NO
1,48469,30599,172.9,completed,online,2025-10-12,NO
3185,47200,30698,1174.06,completed,online,2025-10-12,NO
1,47341,33062,675.14,failed,online,2025-10-12,NO
1,21679,33172,1776.27,failed,online,2025-10-12,NO
3826,976,34256,789.76,completed,online,2025-10-12,NO
4698,24552,36449,1809.36,completed,online,2025-10-12,NO
1302,1484,37447,1338.69,completed,online,2025-10-12,NO
3193,11506,38623,1820.54,completed,online,2025-10-12,NO
3947,30515,40498,1902.76,failed,online,2025-10-12,NO
3605,30647,41332,282.13,failed,online,2025-10-12,NO
4858,38514,43716,181.56,failed,online,2025-10-12,NO
1865,38519,47550,819.41,failed,online,2025-10-12,NO
817,13455,51167,1451.69,failed,online,2025-10-12,NO
3871,44331,52969,1564.66,completed,online,2025-10-12,NO
4556,30955,53774,1510.01,failed,online,2025-10-12,NO
4180,46173,56167,1643.57,failed,online,2025-10-12,NO
810,8974,59072,1087.36,failed,online,2025-10-12,NO
1889,21871,59490,283.02,failed,online,2025-10-12,NO
1,35517,64400,203.36,completed,online,2025-10-12,NO
4715,8285,64718,6776.187290313737,failed,online,2025-10-12,NO
517,39762,67180,285.05,failed,online,2025-10-12,NO
2536,14399,71008,907.69,completed,online,2025-10-12,NO
3234,32440,71772,320.89,failed,online,2025-10-12,NO
325,28762,71897,932.05,completed,online,2025-10-12,NO
3363,32028,73539,692.2,completed,online,2025-10-12,NO
4401,19109,73732,1137.18,failed,online,2025-10-12,NO
4818,14272,76274,1563.21,failed,online,2025-10-12,NO
1053,23981,77403,1393.45,completed,UNKNOWN,2025-10-12,NO
2374,14142,78050,1034.45,failed,online,2025-10-12,NO
1056,29641,78840,347.49,completed,online,2025-10-12,NO
462,42841,79298,228.69,completed,online,2025-10-12,NO
2312,45356,80412,1694.22,failed,online,2025-10-12,NO
809,13023,82869,481.88,failed,online,2025-10-12,NO
4100,47037,83641,300.62,failed,online,2025-10-12,NO
1357,34101,85536,1140.72,failed,online,2025-10-12,NO
3581,46166,88136,1556.71,completed,online,2025-10-12,NO
3240,36914,88781,314.32,failed,online,2025-10-12,NO
892,18745,90491,6959.419216232804,failed,online,2025-10-12,NO
4079,20587,92339,719.63,completed,online,2025-10-12,NO
3125,39646,92531,1273.03,completed,online,2025-10-12,NO
20,10911,97268,1136.19,failed,online,2025-10-12,NO
4543,28377,97507,1992.9,completed,UNKNOWN,2025-10-12,NO
2953,42235,98272,126.95,failed,online,2025-10-12,NO
1287,36326,99029,311.57,failed,online,2025-10-12,NO
1872,5444,99828,265.2,completed,online,2025-10-12,NO
3302,18989,101568,1596.08,completed,online,2025-10-12,NO
53,21048,103667,398.8,completed,online,2025-10-12,NO
4236,10110,107329,905.24,completed,online,2025-10-12,NO
3893,24600,110242,128.93,completed,online,2025-10-12,NO
3695,3221,114067,740.1,failed,online,2025-10-12,NO
4651,48741,117046,1080.6,failed,online,2025-10-12,NO
1376,45698,119789,1227.68,completed,online,2025-10-12,NO
1407,3354,124482,1221.21,completed,online,2025-10-12,NO
1,26709,124902,1699.79,completed,online,2025-10-12,NO
4349,38225,125057,1430.64,completed,online,2025-10-12,NO
1350,13702,127287,300.75,completed,online,2025-10-12,NO
1,42295,128225,1550.15,failed,online,2025-10-12,NO
1,26772,128505,781.17,completed,online,2025-10-12,NO
2968,37919,128634,1881.62,failed,online,2025-10-12,NO
3742,2491,130492,227.85,completed,online,2025-10-12,NO
1343,35925,131138,1290.34,completed,online,2025-10-12,NO
1,20154,136598,1918.82,failed,online,2025-10-12,NO
1,15483,137526,331.58,failed,online,2025-10-12,NO
2082,18930,138549,1740.29,failed,online,2025-10-12,NO
3265,1924,138663,929.35,failed,online,2025-10-12,NO
1494,28885,139424,1483.61,failed,online,2025-10-12,NO
1,31565,146265,273.78,failed,online,2025-10-12,NO
1335,23911,147772,450.41,completed,online,2025-10-12,NO
1,41179,132,764.73,completed,online,2025-01-03,NO
1,49152,3242,1599.04,failed,online,2025-01-03,NO
1,15370,6301,1276.06,failed,online,2025-01-03,NO
4887,11004,7216,1863.37,failed,online,2025-01-03,NO
1,12711,7539,1786.0,completed,online,2025-01-03,NO
3650,2642,9384,1846.17,completed,online,2025-01-03,NO
2702,18883,11482,626.34,failed,online,2025-01-03,NO
4838,26050,11992,1135.96,completed,online,2025-01-03,NO
3439,39890,12796,1953.86,completed,online,2025-01-03,NO
1045,14566,13054,707.72,failed,online,2025-01-03,NO
2532,23572,15474,1270.45,completed,online,2025-01-03,NO
1102,8318,15902,1234.88,completed,online,2025-01-03,NO
3726,46669,16558,1555.92,completed,online,2025-01-03,NO
1,37260,18529,888.8,completed,online,2025-01-03,NO
4114,36441,21804,913.57,failed,online,2025-01-03,NO
3024,13216,23605,1125.33,failed,online,2025-01-03,NO
4215,8197,23910,368.28,failed,online,2025-01-03,NO
568,28174,26315,573.32,completed,online,2025-01-03,NO
3428,49103,29981,1509.31,completed,online,2025-01-03,NO
2191,14881,32893,554.59,failed,online,2025-01-03,NO
2915,7490,33494,1737.45,completed,online,2025-01-03,NO
1,6572,33589,1716.01,completed,online,2025-01-03,NO
3593,28930,35355,1472.04,failed,online,2025-01-03,NO
356,3665,41037,719.12,completed,online,2025-01-03,NO
1,32339,49339,1163.84,completed,online,2025-01-03,NO
1,14714,50514,5211.722981726329,completed,online,2025-01-03,NO
1,3516,50960,727.39,failed,online,2025-01-03,NO
4638,48022,51321,782.13,failed,UNKNOWN,2025-01-03,NO
1046,39375,52675,938.31,completed,online,2025-01-03,NO
1398,45286,53504,1178.21,failed,online,2025-01-03,NO
1,48469,57028,1077.78,completed,online,2025-01-03,NO
2917,43715,57571,1439.19,completed,online,2025-01-03,NO
1619,47807,59736,586.19,failed,online,2025-01-03,NO
4612,23018,60938,242.16,completed,online,2025-01-03,NO
3801,27751,62774,508.93,completed,online,2025-01-03,NO
2040,47278,63025,1570.67,failed,online,2025-01-03,NO
1,24310,65509,1096.02,failed,online,2025-01-03,NO
585,14740,70277,1034.93,completed,online,2025-01-03,NO
422,18627,70803,1542.96,failed,online,2025-01-03,NO
199,48530,71100,1808.64,completed,online,2025-01-03,NO
1,45406,72164,1152.25,failed,UNKNOWN,2025-01-03,NO
1,7600,75963,1805.53,failed,online,2025-01-03,NO
4295,13022,81349,673.1,completed,online,2025-01-03,NO
2939,22921,85025,189.85,completed,UNKNOWN,2025-01-03,NO
1636,23706,85513,462.44,completed,online,2025-01-03,NO
373,17529,85558,562.81,failed,online,2025-01-03,NO
1,3614,87998,1268.26,completed,online,2025-01-03,NO
2479,40800,89452,343.81,failed,online,2025-01-03,NO
1597,30722,89550,123.55,failed,online,2025-01-03,NO
1505,22815,91765,400.65,failed,online,2025-01-03,NO
1,4248,93100,1855.16,completed,online,2025-01-03,NO
4009,7406,93760,845.06,completed,online,2025-01-03,NO
1,48311,93778,1328.83,completed,online,2025-01-03,NO
2635,35289,93921,1764.78,failed,online,2025-01-03,NO
1588,42979,94510,1841.74,completed,online,2025-01-03,NO
1,9309,94866,1150.48,failed,online,2025-01-03,NO
1022,9804,97109,731.63,completed,online,2025-01-03,NO
1,37690,97951,592.76,failed,online,2025-01-03,NO
4715,32594,100003,61.34,failed,online,2025-01-03,NO
1934,1171,101009,175.66,completed,online,2025-01-03,NO
1368,31712,102069,514.12,failed,online,2025-01-03,NO
730,14291,102882,1835.52,failed,online,2025-01-03,NO
1,5931,107159,406.47,failed,online,2025-01-03,NO
4811,39876,109074,1602.51,failed,online,2025-01-03,NO
1999,44535,110346,1321.88,completed,online,2025-01-03,NO
1275,9436,110524,194.22,completed,online,2025-01-03,NO
1,13769,112295,783.42,completed,online,2025-01-03,NO
1,4241,113334,1440.2,failed,online,2025-01-03,NO
4051,34233,116304,844.41,failed,online,2025-01-03,NO
4561,15462,118453,794.38,failed,online,2025-01-03,NO
3850,26926,120756,1173.94,completed,online,2025-01-03,NO
4817,38097,121269,1340.59,failed,UNKNOWN,2025-01-03,NO
4233,23721,122487,81.14,completed,online,2025-01-03,NO
1,14206,122737,1086.62,failed,online,2025-01-03,NO
1702,16170,123021,171.35,failed,online,2025-01-03,NO
1,5689,123652,1134.36,completed,online,2025-01-03,NO
4729,12447,129652,238.91,completed,online,2025-01-03,NO
886,7382,129754,1703.79,completed,online,2025-01-03,NO
1,22812,129984,1022.0,completed,online,2025-01-03,NO
1,42425,134191,1362.52,completed,online,2025-01-03,NO
3860,37628,136560,659.35,completed,online,2025-01-03,NO
3020,20933,136625,1576.98,failed,online,2025-01-03,NO
1,26232,137425,1014.08,failed,online,2025-01-03,NO
4760,10698,140195,244.42,failed,online,2025-01-03,NO
1,37547,144312,1534.6,failed,online,2025-01-03,NO
3902,39141,538,1065.45,failed,UNKNOWN,2025-01-03,NO
234,34127,1463,1361.59,completed,online,2025-01-03,NO
1,29363,2424,1087.98,completed,online,2025-01-03,NO
1,14977,4071,1463.45,failed,online,2025-01-03,NO
1,29061,7260,1074.5,completed,online,2025-01-03,NO
3690,15604,13071,566.15,failed,online,2025-01-03,NO
1964,28474,15954,1640.64,failed,online,2025-01-03,NO
1,17627,16449,1673.29,failed,online,2025-01-03,NO
3837,29136,20200,1525.13,completed,online,2025-01-03,NO
1,43722,21831,1529.66,failed,online,2025-01-03,NO
121,38475,22238,179.45,failed,online,2025-01-03,NO
281,41856,23726,841.83,completed,online,2025-01-03,NO
883,31456,28220,507.04,completed,online,2025-01-03,NO
1,3148,28555,1502.45,completed,online,2025-01-03,NO
3658,12680,28954,929.21,completed,online,2025-01-03,NO
1265,18011,31901,421.55,completed,online,2025-01-03,NO
1125,65,32300,735.58,failed,online,2025-01-03,NO
1782,24477,32355,821.63,failed,online,2025-01-03,NO
1,49993,32766,1404.14,completed,online,2025-01-03,NO
3654,47499,33771,131.05,failed,online,2025-01-03,NO
1,23397,34861,865.4,failed,online,2025-01-03,NO
3670,9190,36797,1031.18,completed,online,2025-01-03,NO
1,19959,37208,1598.61,failed,online,2025-01-03,NO
1,25893,38125,1273.29,failed,online,2025-01-03,NO
3312,43352,38558,632.83,failed,online,2025-01-03,NO
1402,14135,38797,402.21,failed,online,2025-01-03,NO
1,26504,40133,965.28,completed,online,2025-01-03,NO
4122,26866,42137,496.03,failed,online,2025-01-03,NO
4341,43806,45545,1064.73,completed,online,2025-01-03,NO
3042,32927,49176,1880.96,completed,online,2025-01-03,NO
1064,4095,49706,684.03,completed,UNKNOWN,2025-01-03,NO
2649,39842,50305,120.45,failed,online,2025-01-03,NO
4384,30356,50767,1652.85,completed,online,2025-01-03,NO
979,12668,52373,145.59,completed,online,2025-01-03,NO
4901,26169,52503,1524.95,failed,online,2025-01-03,NO
3993,18210,52558,1047.5,failed,online,2025-01-03,NO
963,5893,53081,1682.84,failed,online,2025-01-03,NO
1890,4123,53116,589.32,completed,online,2025-01-03,NO
1211,39997,54516,1264.86,failed,online,2025-01-03,NO
2590,41330,55611,952.01,failed,online,2025-01-03,NO
4528,5067,58208,756.21,failed,online,2025-01-03,NO
2653,5890,58249,636.01,failed,online,2025-01-03,NO
1524,28203,62027,1089.17,completed,online,2025-01-03,NO
2259,9451,63882,408.32,completed,online,2025-01-03,NO
690,8802,68744,997.77,failed,online,2025-01-03,NO
590,27360,72277,1801.04,completed,online,2025-01-03,NO
4205,9322,73114,498.33,failed,online,2025-01-03,NO
1,18108,73886,891.28,completed,online,2025-01-03,NO
4536,32991,76500,1689.79,failed,online,2025-01-03,NO
205,27857,78310,376.35,failed,online,2025-01-03,NO
1390,9860,83405,24.98,completed,online,2025-01-03,NO
3716,28788,84816,1498.49,completed,online,2025-01-03,NO
3259,38936,88344,814.31,failed,online,2025-01-03,NO
2369,33226,89946,965.16,completed,online,2025-01-03,NO
1,48218,91506,905.92,completed,online,2025-01-03,NO
718,28301,96000,681.73,failed,online,2025-01-03,NO
3153,20807,96430,1564.72,completed,online,2025-01-03,NO
3793,45552,99565,571.67,failed,online,2025-01-03,NO
3634,30491,99714,1695.86,failed,online,2025-01-03,NO
3868,9333,110378,1950.6,completed,online,2025-01-03,NO
1340,13376,111878,1873.12,completed,online,2025-01-03,NO
3207,28416,112950,1716.71,failed,online,2025-01-03,NO
3305,10812,112964,335.22,failed,online,2025-01-03,NO
1636,32974,118041,335.65,completed,online,2025-01-03,NO
4972,9586,121260,289.0,completed,online,2025-01-03,NO
1709,33820,126031,275.08,completed,online,2025-01-03,NO
4937,10437,126859,267.46,completed,online,2025-01-03,NO
1,13877,127578,1333.89,failed,online,2025-01-03,NO
1,7497,130196,1089.09,failed,online,2025-01-03,NO
3853,39086,131141,600.15,completed,online,2025-01-03,NO
3069,16135,131313,734.32,failed,online,2025-01-03,NO
4310,22569,133753,940.02,completed,online,2025-01-03,NO
1387,40185,135932,1366.05,completed,online,2025-01-03,NO
4914,14488,135978,213.75,completed,UNKNOWN,2025-01-03,NO
3105,35167,136097,788.63,failed,online,2025-01-03,NO
1,28920,138428,563.2,failed,online,2025-01-03,NO
2280,19698,139000,1899.58,failed,online,2025-01-03,NO
4371,19519,139176,356.71,failed,online,2025-01-03,NO
2617,35902,140124,1801.86,completed,online,2025-01-03,NO
4265,24624,140211,1408.49,failed,online,2025-01-03,NO
1,21896,144502,700.14,completed,online,2025-01-03,NO
3052,32026,145588,1709.37,failed,online,2025-01-03,NO
2039,17474,146998,1587.98,failed,online,2025-01-03,NO
1828,16635,148426,1228.98,failed,online,2025-01-03,NO
3318,27926,148455,964.02,completed,online,2025-01-03,NO
4531,6069,762,316.74,failed,online,2025-10-30,NO
1,26259,1398,193.11,completed,online,2025-10-30,NO
1066,33592,8786,34.52,completed,online,2025-10-30,NO
3083,42069,12888,1128.31,failed,online,2025-10-30,NO
3636,23001,13172,33.84,completed,online,2025-10-30,NO
3259,20085,13766,9288.180552305897,failed,online,2025-10-30,NO
1,22931,14538,29.18,failed,online,2025-10-30,NO
594,2085,16138,833.29,failed,online,2025-10-30,NO
2860,22482,16687,919.74,completed,online,2025-10-30,NO
136,2658,18621,771.35,failed,online,2025-10-30,NO
3533,14487,19921,311.13,failed,online,2025-10-30,NO
3545,29427,20221,1256.49,failed,online,2025-10-30,NO
52,4541,21846,532.24,failed,online,2025-10-30,NO
1317,38351,23235,1241.54,failed,UNKNOWN,2025-10-30,NO
636,10924,25895,515.83,failed,online,2025-10-30,NO
4945,40915,27344,188.04,failed,online,2025-10-30,NO
2348,5643,27558,1881.14,failed,online,2025-10-30,NO
3114,3222,27583,1445.04,failed,online,2025-10-30,NO
1793,20722,28843,1408.71,failed,online,2025-10-30,NO
3768,39769,30246,986.27,completed,online,2025-10-30,NO
2206,13326,30320,1341.03,completed,UNKNOWN,2025-10-30,NO
3257,7390,31889,313.63,completed,online,2025-10-30,NO
2652,38215,32330,1699.95,completed,online,2025-10-30,NO
749,49289,37756,1966.66,completed,online,2025-10-30,NO
4008,48063,39036,889.37,failed,online,2025-10-30,NO
1,39336,39835,173.71,completed,online,2025-10-30,NO
4934,3292,40368,1992.84,failed,online,2025-10-30,NO
925,13989,44888,154.03,failed,online,2025-10-30,NO
4550,24861,45291,1002.49,completed,online,2025-10-30,NO
1988,29305,45377,1905.81,failed,online,2025-10-30,NO
1,25497,45896,1112.12,failed,online,2025-10-30,NO
85,14350,47159,386.88,failed,online,2025-10-30,NO
176,49350,49335,1362.86,completed,online,2025-10-30,NO
2516,7051,55511,556.62,failed,online,2025-10-30,NO
1933,21825,56211,105.19,completed,online,2025-10-30,NO
2308,45503,57314,439.32,failed,online,2025-10-30,NO
1,2040,58431,756.83,completed,online,2025-10-30,NO
3891,27213,59409,530.78,completed,online,2025-10-30,NO
1383,45794,60068,1316.33,completed,online,2025-10-30,NO
58,6727,60588,1035.2,completed,online,2025-10-30,NO
2340,37399,62326,396.98,completed,online,2025-10-30,NO
556,36941,64565,787.73,completed,online,2025-10-30,NO
1766,17247,64843,881.3,completed,online,2025-10-30,NO
65,41601,65600,1292.46,completed,UNKNOWN,2025-10-30,NO
4235,23596,67373,80.64,completed,online,2025-10-30,NO
4431,41643,67994,293.02,failed,online,2025-10-30,NO
1,36228,69314,1471.3,completed,online,2025-10-30,NO
2580,30786,76734,1672.12,failed,online,2025-10-30,NO
1,41789,77508,1185.65,failed,online,2025-10-30,NO
1334,24911,85244,1914.65,completed,UNKNOWN,2025-10-30,NO
2776,21814,85900,678.36,failed,online,2025-10-30,NO
3189,39261,86544,786.5,completed,online,2025-10-30,NO
3841,7148,89067,242.35,failed,online,2025-10-30,NO
886,192,94911,472.22,completed,online,2025-10-30,NO
2832,48376,99952,278.42,failed,online,2025-10-30,NO
1050,16644,105533,428.44,failed,online,2025-10-30,NO
384,41321,107011,1305.9,failed,online,2025-10-30,NO
1,6361,109935,925.76,failed,online,2025-10-30,NO
3714,14337,113617,1728.26,failed,online,2025-10-30,NO
561,14552,115268,1366.39,failed,online,2025-10-30,NO
816,38408,120524,1106.15,completed,online,2025-10-30,NO
4236,17294,122532,998.96,failed,online,2025-10-30,NO
2268,24293,122564,1656.03,completed,online,2025-10-30,NO
2182,11985,124263,879.03,completed,online,2025-10-30,NO
1,4741,125420,1899.73,completed,online,2025-10-30,NO
1,3476,125631,1753.28,completed,online,2025-10-30,NO
3319,45790,126883,1780.8,completed,online,2025-10-30,NO
1,43077,128443,913.44,failed,online,2025-10-30,NO
1859,7764,130814,229.06,failed,UNKNOWN,2025-10-30,NO
1,151,131670,914.19,completed,online,2025-10-30,NO
2149,41427,132799,1561.37,failed,online,2025-10-30,NO
301,43175,134004,1557.27,completed,online,2025-10-30,NO
1,958,134769,1246.0,failed,online,2025-10-30,NO
4637,48126,135714,742.62,failed,online,2025-10-30,NO
2912,45543,136139,734.96,completed,online,2025-10-30,NO
2856,37579,136762,1825.88,failed,online,2025-10-30,NO
3154,49013,137671,1798.14,failed,online,2025-10-30,NO
3435,21552,138677,1961.1,completed,online,2025-10-30,NO
4844,8708,139415,984.74,completed,online,2025-10-30,NO
2662,44593,140796,393.65,failed,online,2025-10-30,NO
1,12085,141123,831.52,failed,online,2025-10-30,NO
1408,48806,143704,210.92,completed,online,2025-10-30,NO
548,18084,144672,1716.3,failed,online,2025-10-30,NO
4997,31001,145975,1226.22,failed,online,2025-10-30,NO
3481,19205,146710,1995.31,failed,online,2025-10-30,NO
2333,17883,4800,1108.28,completed,online,2025-04-09,NO
4758,7126,5535,1659.78,completed,online,2025-04-09,NO
4926,5028,9398,576.73,failed,online,2025-04-09,NO
2698,36893,9922,1655.18,failed,online,2025-04-09,NO
1,29903,10887,1852.09,failed,online,2025-04-09,NO
1,39579,10951,301.35,failed,online,2025-04-09,NO
1142,27819,15150,1714.16,completed,online,2025-04-09,NO
1,23457,18097,1842.59,failed,online,2025-04-09,NO
4733,23060,21902,1568.63,completed,online,2025-04-09,NO
2999,2482,22166,1167.51,failed,online,2025-04-09,NO
2423,2365,29443,1963.45,failed,online,2025-04-09,NO
3225,30150,29956,264.49,failed,online,2025-04-09,NO
1,18314,31247,1442.84,failed,online,2025-04-09,NO
876,39236,31608,1057.02,failed,online,2025-04-09,NO
4576,36265,34546,1527.7,completed,online,2025-04-09,NO
2970,18791,37866,1172.05,failed,online,2025-04-09,NO
5,42648,38384,1607.28,completed,online,2025-04-09,NO
667,19150,39836,1779.61,failed,online,2025-04-09,NO
256,16996,40296,6643.522194602874,failed,online,2025-04-09,NO
702,49569,41514,1274.55,failed,online,2025-04-09,NO
4349,11083,42131,1579.43,completed,UNKNOWN,2025-04-09,NO
3981,18230,42277,1157.24,failed,online,2025-04-09,NO
741,40582,45150,1510.63,failed,online,2025-04-09,NO
3944,43587,46230,936.54,completed,online,2025-04-09,NO
4115,37146,47518,226.62,failed,online,2025-04-09,NO
1831,26370,48646,393.97,completed,online,2025-04-09,NO
2995,37498,52330,1954.91,completed,online,2025-04-09,NO
4489,43376,57992,1210.64,failed,online,2025-04-09,NO
3801,15642,58427,1472.71,failed,online,2025-04-09,NO
2241,26474,60802,1217.67,completed,online,2025-04-09,NO
826,32488,61875,1222.93,failed,online,2025-04-09,NO
2203,39106,61906,362.04,completed,online,2025-04-09,NO
3174,28038,64328,80.59,completed,online,2025-04-09,NO
4577,19890,64416,1365.18,completed,online,2025-04-09,NO
4802,28789,65421,1090.9,completed,online,2025-04-09,NO
4235,44040,65970,1015.99,completed,online,2025-04-09,NO
3724,44307,68246,863.05,failed,online,2025-04-09,NO
3263,38175,72690,1445.31,completed,online,2025-04-09,NO
1537,43155,74378,379.25,completed,online,2025-04-09,NO
1,15958,76116,62.78,completed,online,2025-04-09,NO
55,11118,77173,149.83,completed,online,2025-04-09,NO
2800,6187,77334,1363.56,failed,online,2025-04-09,NO
811,46128,79713,280.39,failed,online,2025-04-09,NO
1160,37882,80008,1084.0,completed,online,2025-04-09,NO
1,1599,81636,1854.81,completed,online,2025-04-09,NO
4636,4487,84345,725.57,completed,online,2025-04-09,NO
1,26667,85891,471.51,completed,online,2025-04-09,NO
2386,35993,87337,1107.32,failed,online,2025-04-09,NO
4498,12972,87890,1877.54,failed,online,2025-04-09,NO
4157,1047,91010,493.96,completed,online,2025-04-09,NO
3577,32474,92435,1848.17,completed,online,2025-04-09,NO
2062,10139,92791,1422.72,failed,online,2025-04-09,NO
4667,40856,93489,1173.95,failed,online,2025-04-09,NO
1,5344,102534,68.97,completed,online,2025-04-09,NO
236,981,102760,1687.63,completed,online,2025-04-09,NO
986,31101,103064,228.26,failed,online,2025-04-09,NO
1,27429,104016,402.84,completed,online,2025-04-09,NO
4150,27045,105127,875.06,completed,online,2025-04-09,NO
573,18133,106827,1580.79,failed,online,2025-04-09,NO
2028,23040,106909,1564.8,failed,online,2025-04-09,NO
3090,9704,107217,1105.76,completed,online,2025-04-09,NO
2657,32085,107449,409.81,completed,online,2025-04-09,NO
282,34993,109366,83.94,completed,online,2025-04-09,NO
1578,34390,116568,1372.26,completed,online,2025-04-09,NO
2341,20457,117333,1761.85,completed,online,2025-04-09,NO
3471,5825,117966,1496.15,completed,online,2025-04-09,NO
1,44858,120811,1356.51,completed,online,2025-04-09,NO
1,13378,120946,1164.16,completed,online,2025-04-09,NO
1,10857,127251,1045.4,failed,online,2025-04-09,NO
2813,43612,128430,330.97,completed,online,2025-04-09,NO
4325,29514,128531,323.69,failed,online,2025-04-09,NO
737,36620,130659,931.46,completed,online,2025-04-09,NO
787,31466,135266,626.93,failed,online,2025-04-09,NO
223,18780,136487,733.08,completed,online,2025-04-09,NO
64,40254,138180,1435.44,failed,online,2025-04-09,NO
2982,31511,140820,544.12,failed,online,2025-04-09,NO
4062,4542,142939,1009.51,failed,online,2025-04-09,NO
68,41825,144033,1323.53,failed,online,2025-04-09,NO
4885,8277,144115,700.67,failed,online,2025-04-09,NO
1819,44537,144361,651.81,failed,online,2025-04-09,NO
59,4323,144607,137.14,failed,online,2025-04-09,NO
882,19165,147097,1100.64,failed,online,2025-04-09,NO
3806,25574,147466,1795.85,completed,online,2025-04-09,NO
4585,23274,148439,1444.23,completed,online,2025-04-09,NO
4750,7117,3038,485.41,failed,online,2025-12-31,NO
4419,8123,3163,1621.77,completed,online,2025-12-31,NO
3360,9625,3944,412.04,failed,online,2025-12-31,NO
4106,19949,4650,936.36,completed,online,2025-12-31,NO
2817,21413,5348,154.94,failed,online,2025-12-31,NO
1,48006,5397,353.5,completed,online,2025-12-31,NO
3868,498,6222,147.26,failed,online,2025-12-31,NO
3197,19534,9004,1823.94,failed,online,2025-12-31,NO
4933,2432,11228,387.11,failed,online,2025-12-31,NO
434,43163,11782,1950.52,completed,online,2025-12-31,NO
1,1194,12415,1791.99,failed,online,2025-12-31,NO
2732,30477,13704,1001.55,failed,online,2025-12-31,NO
2839,37871,14260,228.89,completed,online,2025-12-31,NO
3933,7511,17182,507.48,failed,online,2025-12-31,NO
479,45036,17440,1953.03,completed,online,2025-12-31,NO
1,19654,18691,198.39,failed,online,2025-12-31,NO
2071,16862,19177,422.19,completed,online,2025-12-31,NO
4200,46244,19766,893.56,failed,online,2025-12-31,NO
2368,2990,22783,216.2,failed,online,2025-12-31,NO
1526,15755,25884,744.07,completed,online,2025-12-31,NO
3640,7503,27269,871.9,failed,online,2025-12-31,NO
3635,15618,27301,782.02,completed,online,2025-12-31,NO
1607,26506,27529,1036.85,completed,online,2025-12-31,NO
3157,21659,28431,1481.57,completed,online,2025-12-31,NO
3718,6280,32060,32.91,completed,online,2025-12-31,NO
2078,16116,32488,1345.96,completed,online,2025-12-31,NO
4328,49862,35848,1663.48,failed,online,2025-12-31,NO
1794,6185,36879,802.02,failed,online,2025-12-31,NO
4047,6908,40777,505.69,completed,online,2025-12-31,NO
1060,49180,46245,255.57,failed,online,2025-12-31,NO
1,17381,48280,262.65,completed,online,2025-12-31,NO
2387,49982,49212,40.75,completed,online,2025-12-31,NO
1656,26430,49260,852.58,completed,online,2025-12-31,NO
4235,5202,49309,675.7,failed,online,2025-12-31,NO
1,22068,56209,1892.29,completed,online,2025-12-31,NO
1,32407,56258,797.94,completed,online,2025-12-31,NO
1,14090,59114,471.43,failed,online,2025-12-31,NO
1,14242,63586,1961.13,failed,online,2025-12-31,NO
1,44479,63662,1610.89,completed,online,2025-12-31,NO
1,2750,65989,1590.9,failed,online,2025-12-31,NO
4825,35777,68185,1781.9,failed,online,2025-12-31,NO
4984,13945,69852,1652.55,failed,online,2025-12-31,NO
149,35012,71234,770.8,completed,online,2025-12-31,NO
2762,13789,73427,487.58,failed,online,2025-12-31,NO
1,24740,74456,1386.88,completed,online,2025-12-31,NO
1,27064,75525,499.76,completed,online,2025-12-31,NO
4879,44571,79235,739.86,completed,online,2025-12-31,NO
1204,16761,79261,18.21,failed,online,2025-12-31,NO
1110,14184,79628,1778.67,completed,online,2025-12-31,NO
1,33937,80140,1786.91,completed,online,2025-12-31,NO
4334,26482,82522,1004.02,failed,online,2025-12-31,NO
4239,41442,85561,1692.67,failed,online,2025-12-31,NO
3124,44159,85571,1094.13,failed,online,2025-12-31,NO
1348,32060,86158,387.51,failed,online,2025-12-31,NO
25,33138,86948,219.58,failed,online,2025-12-31,NO
4014,39619,87305,1576.87,completed,online,2025-12-31,NO
1,14618,90647,508.44,failed,online,2025-12-31,NO
1919,33055,92331,58.75,failed,online,2025-12-31,NO
1,13330,95630,124.21,completed,online,2025-12-31,NO
3709,44904,95933,1898.31,completed,online,2025-12-31,NO
4972,29161,96287,1405.22,completed,online,2025-12-31,NO
4131,41726,97021,919.57,failed,online,2025-12-31,NO
1,11376,98252,73.09,failed,online,2025-12-31,NO
1296,3081,98790,174.68,failed,online,2025-12-31,NO
1897,7407,109217,480.02,failed,online,2025-12-31,NO
62,13112,110386,1166.73,failed,online,2025-12-31,NO
1,30442,117090,463.42,failed,online,2025-12-31,NO
4496,43477,118991,1597.47,completed,online,2025-12-31,NO
3832,135,119429,1434.04,completed,online,2025-12-31,NO
4285,23625,121246,1087.53,failed,online,2025-12-31,NO
4503,18924,124465,922.98,failed,online,2025-12-31,NO
4206,36676,125160,1966.68,completed,online,2025-12-31,NO
4189,27930,125484,346.63,failed,online,2025-12-31,NO
4141,9137,128306,1964.69,completed,online,2025-12-31,NO
1,25527,130215,1580.32,completed,online,2025-12-31,NO
421,22425,135015,1678.81,failed,online,2025-12-31,NO
884,23834,135379,1611.88,failed,online,2025-12-31,NO
1,44922,135834,409.99,completed,online,2025-12-31,NO
3148,15672,136187,286.82,failed,online,2025-12-31,NO
1,9004,138015,370.49,failed,UNKNOWN,2025-12-31,NO
3767,25623,138303,324.69,failed,online,2025-12-31,NO
2614,30325,138562,740.29,failed,online,2025-12-31,NO
1746,22198,140069,1233.81,completed,online,2025-12-31,NO
4097,14447,142310,150.06,failed,online,2025-12-31,NO
1,31781,144641,765.54,failed,online,2025-12-31,NO
1,46279,147055,1449.45,failed,online,2025-12-31,NO
663,21806,138,1933.49,failed,UNKNOWN,2025-12-19,NO
4892,6735,4201,1292.84,completed,online,2025-12-19,NO
2689,1759,8364,983.57,failed,online,2025-12-19,NO
4060,39129,9232,1985.09,failed,online,2025-12-19,NO
4520,10139,9729,1665.21,failed,online,2025-12-19,NO
3148,6732,15600,231.76,failed,online,2025-12-19,NO
414,49304,16982,1017.51,failed,online,2025-12-19,NO
175,26977,17380,741.75,failed,online,2025-12-19,NO
3265,15358,17641,1486.79,completed,online,2025-12-19,NO
1,22546,18065,200.18,completed,online,2025-12-19,NO
2660,43469,20173,610.72,completed,online,2025-12-19,NO
4109,19472,22655,1741.31,completed,online,2025-12-19,NO
1580,34908,23490,1613.79,failed,online,2025-12-19,NO
552,40117,29489,795.87,completed,online,2025-12-19,NO
654,23649,30933,1508.19,failed,online,2025-12-19,NO
3179,4665,35332,635.52,failed,online,2025-12-19,NO
717,15691,39927,963.91,completed,online,2025-12-19,NO
3108,32064,42451,1001.08,completed,online,2025-12-19,NO
4355,1385,42515,1243.89,completed,online,2025-12-19,NO
1,1947,44771,864.3,completed,online,2025-12-19,NO
4535,29353,45976,150.56,failed,online,2025-12-19,NO
1,13991,46565,368.36,failed,online,2025-12-19,NO
1782,4099,50379,446.24,completed,online,2025-12-19,NO
3681,14399,52013,340.6,failed,online,2025-12-19,NO
1,33170,53786,501.49,completed,online,2025-12-19,NO
3593,30857,53889,1023.52,failed,online,2025-12-19,NO
2142,16199,54284,1161.51,completed,online,2025-12-19,NO
1949,26574,54324,1394.74,completed,online,2025-12-19,NO
3952,3597,56412,352.37,completed,online,2025-12-19,NO
2336,7169,56651,530.76,completed,online,2025-12-19,NO
983,19826,56673,808.11,failed,online,2025-12-19,NO
4787,1792,57344,952.39,failed,online,2025-12-19,NO
957,29225,58983,1834.88,failed,online,2025-12-19,NO
1,25068,62663,1106.99,failed,online,2025-12-19,NO
4985,2598,62801,526.32,completed,online,2025-12-19,NO
4926,11785,63610,555.13,failed,online,2025-12-19,NO
1678,36305,66274,1365.72,completed,online,2025-12-19,NO
2548,31136,75721,1293.69,failed,online,2025-12-19,NO
4298,12499,77523,498.9,completed,online,2025-12-19,NO
1,38565,80498,362.03,failed,online,2025-12-19,NO
1256,37693,80602,224.0,failed,online,2025-12-19,NO
3386,28776,80642,1987.73,failed,online,2025-12-19,NO
3592,8547,81440,33.28,completed,online,2025-12-19,NO
2804,32851,83835,1944.77,failed,online,2025-12-19,NO
1110,20840,85375,589.92,completed,online,2025-12-19,NO
894,45434,93393,1379.48,failed,online,2025-12-19,NO
4069,14917,95921,1586.51,failed,online,2025-12-19,NO
1,12968,99852,1392.23,completed,online,2025-12-19,NO
3819,5816,101569,1450.86,failed,online,2025-12-19,NO
1968,35216,104687,358.95,failed,online,2025-12-19,NO
1,8953,104852,1565.17,completed,online,2025-12-19,NO
4624,21750,105677,1401.03,completed,online,2025-12-19,NO
77,12435,107474,886.2,failed,UNKNOWN,2025-12-19,NO
990,22196,111039,1504.36,failed,online,2025-12-19,NO
431,29234,112725,102.36,completed,online,2025-12-19,NO
1,12350,113304,1512.99,failed,online,2025-12-19,NO
790,14887,114670,1114.16,completed,online,2025-12-19,NO
1,8141,116066,369.88,failed,online,2025-12-19,NO
1777,5851,116515,1991.97,completed,online,2025-12-19,NO
2123,19138,116669,681.26,failed,UNKNOWN,2025-12-19,NO
31,25970,117996,1447.78,failed,online,2025-12-19,NO
1100,49652,118937,531.69,failed,online,2025-12-19,NO
71,19805,119609,933.62,completed,online,2025-12-19,NO
3476,12458,119868,252.72,failed,online,2025-12-19,NO
1743,40608,120543,1495.39,completed,online,2025-12-19,NO
3340,47549,122124,540.73,failed,online,2025-12-19,NO
1,5181,124182,1523.15,failed,online,2025-12-19,NO
4967,34548,125236,1837.59,failed,online,2025-12-19,NO
1539,14588,126654,1163.36,completed,online,2025-12-19,NO
721,41086,126679,1526.76,completed,online,2025-12-19,NO
3096,29785,128504,1634.65,failed,online,2025-12-19,NO
1690,11214,129765,1960.84,failed,online,2025-12-19,NO
1830,26493,130379,1954.23,failed,online,2025-12-19,NO
1,45659,133516,505.97,completed,online,2025-12-19,NO
2326,10517,134489,159.04,failed,online,2025-12-19,NO
1,17126,136897,578.0,failed,online,2025-12-19,NO
1248,10114,138288,909.97,completed,online,2025-12-19,NO
4269,38510,138514,492.01,failed,online,2025-12-19,NO
3928,46186,140181,1139.71,completed,online,2025-12-19,NO
1,36606,141344,1836.27,failed,online,2025-12-19,NO
1,19123,141821,1178.98,failed,online,2025-12-19,NO
1347,28709,147881,423.09,failed,online,2025-12-19,NO
894,22526,148143,1221.06,failed,online,2025-12-19,NO
943,21484,148250,362.99,failed,online,2025-12-19,NO
1761,22818,149710,1333.01,completed,online,2025-12-19,NO
1248,7544,626,1950.87,completed,online,2025-08-23,NO
2589,3086,1418,521.07,completed,online,2025-08-23,NO
2207,10486,1777,918.6,failed,online,2025-08-23,NO
1829,28303,4251,1163.52,failed,online,2025-08-23,NO
3765,1601,6128,828.11,failed,online,2025-08-23,NO
450,17318,9413,145.84,failed,online,2025-08-23,NO
505,46858,13840,1658.82,failed,online,2025-08-23,NO
2508,49923,14422,1556.97,completed,online,2025-08-23,NO
1411,8447,14828,535.28,failed,online,2025-08-23,NO
1075,32853,16411,526.87,failed,online,2025-08-23,NO
1,18463,17508,547.64,completed,online,2025-08-23,NO
1,18153,17739,104.33,completed,online,2025-08-23,NO
620,32473,18800,1426.11,completed,online,2025-08-23,NO
982,14127,19161,1435.5,completed,online,2025-08-23,NO
1,41966,20120,779.18,completed,online,2025-08-23,NO
1,35999,25807,720.21,completed,online,2025-08-23,NO
4884,22066,26801,1918.87,failed,online,2025-08-23,NO
3914,16418,26937,1362.62,failed,online,2025-08-23,NO
1,39479,29877,516.41,failed,online,2025-08-23,NO
1504,22617,30885,1324.89,completed,online,2025-08-23,NO
4593,1369,33433,1973.22,completed,online,2025-08-23,NO
2041,12456,33603,1503.86,completed,online,2025-08-23,NO
1061,9344,35820,564.72,failed,online,2025-08-23,NO
4948,15837,36773,1917.34,failed,online,2025-08-23,NO
3439,13705,37481,952.26,completed,online,2025-08-23,NO
4111,20473,41615,1692.77,completed,online,2025-08-23,NO
4469,29193,43247,626.42,failed,online,2025-08-23,NO
3739,13831,44314,926.92,failed,online,2025-08-23,NO
3537,21771,47953,1918.44,failed,online,2025-08-23,NO
1851,30161,51655,1312.65,failed,online,2025-08-23,NO
3508,33769,54455,12.56,failed,online,2025-08-23,NO
105,33035,55020,1642.02,completed,online,2025-08-23,NO
2188,49109,55269,1470.37,failed,online,2025-08-23,NO
1,4912,57461,1147.54,failed,online,2025-08-23,NO
1614,20732,57850,1005.28,failed,online,2025-08-23,NO
2055,6418,61128,227.74,completed,online,2025-08-23,NO
4886,27934,65814,911.08,failed,online,2025-08-23,NO
1038,4452,67156,1732.05,failed,online,2025-08-23,NO
2106,33682,67715,1055.71,failed,online,2025-08-23,NO
2764,36364,71852,1270.71,completed,online,2025-08-23,NO
3473,19885,71932,661.28,completed,online,2025-08-23,NO
1712,11982,75796,283.4,completed,online,2025-08-23,NO
1564,30364,76460,1512.44,failed,online,2025-08-23,NO
258,11111,77064,912.72,completed,online,2025-08-23,NO
4892,46728,78336,885.55,completed,online,2025-08-23,NO
1,21465,80420,1412.59,failed,online,2025-08-23,NO
3965,39493,81042,856.52,completed,online,2025-08-23,NO
1862,45189,82030,559.79,failed,online,2025-08-23,NO
628,24814,82084,347.76,completed,online,2025-08-23,NO
3044,29988,84471,1675.01,completed,online,2025-08-23,NO
4964,19437,85381,1207.15,completed,online,2025-08-23,NO
1,9473,86287,255.4,failed,online,2025-08-23,NO
1,4649,86935,683.68,failed,online,2025-08-23,NO
1,8981,89225,1552.87,completed,online,2025-08-23,NO
466,27084,91734,1113.33,failed,online,2025-08-23,NO
1818,9790,92577,135.01,completed,online,2025-08-23,NO
1,13932,93413,276.6,completed,online,2025-08-23,NO
1155,13472,94038,819.6,failed,online,2025-08-23,NO
1,5762,95748,1449.2,failed,online,2025-08-23,NO
2507,22590,96524,1127.17,completed,online,2025-08-23,NO
3844,18976,97956,1298.1,completed,online,2025-08-23,NO
4627,41051,101124,232.72,completed,online,2025-08-23,NO
4354,27366,101475,535.72,failed,online,2025-08-23,NO
1594,27900,103385,985.79,failed,online,2025-08-23,NO
3968,333,103541,758.64,failed,online,2025-08-23,NO
2467,35096,104792,710.99,completed,online,2025-08-23,NO
1,38406,105822,1283.6,completed,online,2025-08-23,NO
4274,27425,107780,1739.79,failed,online,2025-08-23,NO
423,41913,107935,727.01,completed,online,2025-08-23,NO
830,28563,112039,225.79,failed,online,2025-08-23,NO
2242,24480,112370,1016.08,completed,online,2025-08-23,NO
2231,13422,113218,1000.78,failed,online,2025-08-23,NO
1195,26328,115478,108.59,completed,online,2025-08-23,NO
3449,30088,121455,1672.42,completed,online,2025-08-23,NO
645,28883,122554,71.83,completed,online,2025-08-23,NO
1,16423,130648,1769.13,failed,online,2025-08-23,NO
91,52,140148,1229.16,failed,online,2025-08-23,NO
2471,32403,141234,522.57,failed,online,2025-08-23,NO
2863,45165,142123,1518.93,failed,online,2025-08-23,NO
275,27332,144003,509.98,completed,online,2025-08-23,NO
1826,41610,144407,56.58,failed,online,2025-08-23,NO
1,22601,145279,580.77,completed,online,2025-08-23,NO
2,43989,145898,423.04,completed,online,2025-08-23,NO
2913,38393,146268,686.31,completed,online,2025-08-23,NO
4821,47795,147872,1987.82,completed,online,2025-08-23,NO
106,17763,1659,1885.3,failed,UNKNOWN,2025-01-01,NO
854,49417,2998,1319.77,failed,online,2025-01-01,NO
3071,45200,3166,1166.77,completed,online,2025-01-01,NO
2632,5714,4167,215.76,completed,online,2025-01-01,NO
290,28063,7504,1040.7,completed,online,2025-01-01,NO
1,17621,7718,1477.41,completed,online,2025-01-01,NO
4329,46149,10727,532.57,failed,online,2025-01-01,NO
1,22657,12597,1978.68,completed,online,2025-01-01,NO
1,85,17018,344.09,failed,online,2025-01-01,NO
993,45754,19206,457.61,failed,online,2025-01-01,NO
1,12765,21585,273.89,completed,online,2025-01-01,NO
1,49827,21669,1879.15,failed,online,2025-01-01,NO
4624,41785,22025,1821.11,failed,online,2025-01-01,NO
1397,10581,22978,1392.67,completed,online,2025-01-01,NO
3380,2526,24288,484.25,completed,online,2025-01-01,NO
175,45964,24306,910.89,completed,online,2025-01-01,NO
715,89,25591,1780.79,failed,online,2025-01-01,NO
3846,14796,25904,465.17,completed,online,2025-01-01,NO
3576,38445,27293,903.62,completed,online,2025-01-01,NO
494,19337,27591,1968.92,completed,online,2025-01-01,NO
1,44610,29180,1511.1,completed,online,2025-01-01,NO
1746,10394,30598,997.59,completed,online,2025-01-01,NO
1518,38279,33206,1529.95,completed,online,2025-01-01,NO
1057,49109,33354,500.56,completed,online,2025-01-01,NO
979,41441,33437,251.79,completed,online,2025-01-01,NO
116,10859,33673,694.07,completed,online,2025-01-01,NO
1,28013,36733,743.09,failed,online,2025-01-01,NO
1043,30118,38034,56.13,failed,online,2025-01-01,NO
2076,1006,38611,816.62,completed,UNKNOWN,2025-01-01,NO
1,44925,39531,868.99,completed,online,2025-01-01,NO
1,33070,40820,1868.47,failed,online,2025-01-01,NO
752,30170,41575,753.5,completed,online,2025-01-01,NO
1858,10119,42589,958.82,failed,online,2025-01-01,NO
1878,43793,46166,825.03,completed,online,2025-01-01,NO
4535,7277,46833,282.38,failed,online,2025-01-01,NO
1956,39863,50521,283.0,failed,online,2025-01-01,NO
645,49740,50947,919.38,failed,online,2025-01-01,NO
1,5179,51197,1636.48,completed,online,2025-01-01,NO
1768,24711,56993,144.22,failed,online,2025-01-01,NO
3572,38850,58237,864.08,completed,online,2025-01-01,NO
3676,46116,62504,111.41,failed,online,2025-01-01,NO
1310,13258,62599,1170.87,completed,online,2025-01-01,NO
2817,25337,63310,524.6,completed,online,2025-01-01,NO
1016,19625,65139,947.76,failed,online,2025-01-01,NO
1,15233,69529,849.58,failed,online,2025-01-01,NO
3546,20134,72562,1223.5,completed,online,2025-01-01,NO
1,16648,73704,593.22,completed,online,2025-01-01,NO
3634,7643,74826,1226.59,completed,online,2025-01-01,NO
1,5933,76216,367.01,completed,online,2025-01-01,NO
1727,17736,80097,1289.42,completed,online,2025-01-01,NO
1,40992,80271,1444.76,failed,online,2025-01-01,NO
1,48470,81287,1171.18,completed,online,2025-01-01,NO
535,4653,89278,1605.3,failed,online,2025-01-01,NO
733,16742,91473,951.71,completed,online,2025-01-01,NO
1,37512,91922,1339.8,failed,online,2025-01-01,NO
3463,20646,92295,451.92,failed,online,2025-01-01,NO
1515,47137,92533,1053.89,failed,online,2025-01-01,NO
4818,10238,92820,841.88,completed,online,2025-01-01,NO
2996,2551,95710,1547.76,completed,online,2025-01-01,NO
1,41885,96554,907.88,failed,online,2025-01-01,NO
2281,49539,101409,891.35,completed,online,2025-01-01,NO
1,42902,103558,39.56,failed,online,2025-01-01,NO
2942,23595,103850,1439.01,failed,online,2025-01-01,NO
1047,24121,104579,1413.29,completed,online,2025-01-01,NO
809,35977,105489,737.69,failed,online,2025-01-01,NO
1,40304,106099,1789.58,failed,UNKNOWN,2025-01-01,NO
3758,42424,106264,1481.88,completed,UNKNOWN,2025-01-01,NO
2506,15267,108735,1483.08,failed,online,2025-01-01,NO
2829,27162,109073,516.67,completed,online,2025-01-01,NO
4496,22112,110364,348.16,completed,online,2025-01-01,NO
1,37845,111627,162.87,failed,online,2025-01-01,NO
579,3192,116141,1736.31,failed,online,2025-01-01,NO
2659,45083,116776,552.18,completed,online,2025-01-01,NO
1392,16507,122644,838.05,completed,online,2025-01-01,NO
600,49472,124393,112.62,completed,online,2025-01-01,NO
1,27138,127826,871.69,completed,online,2025-01-01,NO
976,12049,129133,48.2,failed,online,2025-01-01,NO
3927,7402,133970,902.08,completed,UNKNOWN,2025-01-01,NO
2404,13654,136122,872.93,completed,online,2025-01-01,NO
2245,4009,139969,1033.06,failed,online,2025-01-01,NO
1168,42870,140082,246.58,failed,online,2025-01-01,NO
3097,40935,143898,1439.53,completed,online,2025-01-01,NO
2317,19301,146414,864.68,failed,online,2025-01-01,NO
1250,35348,148050,1643.76,completed,online,2025-01-01,NO
4529,48758,149652,342.11,failed,online,2025-01-01,NO
2911,14550,952,420.47,completed,online,2025-01-01,NO
422,25309,953,382.45,completed,online,2025-01-01,NO
765,22264,6493,1789.68,failed,online,2025-01-01,NO
1497,7741,10359,1667.96,failed,online,2025-01-01,NO
4068,23375,13747,324.99,failed,online,2025-01-01,NO
1087,49040,18337,1116.55,completed,UNKNOWN,2025-01-01,NO
4984,10717,19006,500.31,completed,online,2025-01-01,NO
3614,24494,22161,836.81,failed,online,2025-01-01,NO
2818,18985,24918,516.07,failed,online,2025-01-01,NO
3796,2769,25197,71.58,failed,online,2025-01-01,NO
3595,9204,32783,1131.48,failed,online,2025-01-01,NO
1038,33860,33261,1424.73,completed,online,2025-01-01,NO
388,10966,35002,74.82,failed,online,2025-01-01,NO
2710,1697,35131,935.1,completed,online,2025-01-01,NO
164,34532,37773,855.61,failed,online,2025-01-01,NO
1,32026,40137,1604.26,completed,online,2025-01-01,NO
666,36220,45947,138.26,failed,online,2025-01-01,NO
4447,4389,46443,626.89,completed,online,2025-01-01,NO
2655,34566,50542,1915.14,failed,online,2025-01-01,NO
346,18734,51396,1057.45,completed,online,2025-01-01,NO
1,14762,52512,863.44,failed,online,2025-01-01,NO
574,13893,53034,626.71,failed,online,2025-01-01,NO
3565,30316,54830,1220.52,failed,online,2025-01-01,NO
4107,44334,57458,1836.21,failed,online,2025-01-01,NO
2355,12370,57739,851.68,completed,online,2025-01-01,NO
592,45720,57763,526.0,completed,online,2025-01-01,NO
1,14822,59924,643.15,completed,online,2025-01-01,NO
1463,2688,62923,1204.4,failed,online,2025-01-01,NO
3261,35765,64607,1927.82,completed,online,2025-01-01,NO
4763,41231,65449,643.51,completed,online,2025-01-01,NO
1,13677,68290,124.92,failed,online,2025-01-01,NO
2600,7891,70768,73.37,completed,online,2025-01-01,NO
1,37907,72640,614.7,failed,online,2025-01-01,NO
3550,17307,73716,473.35,failed,online,2025-01-01,NO
1885,41876,74678,767.18,failed,online,2025-01-01,NO
1,20684,75037,1456.55,failed,online,2025-01-01,NO
1869,45791,75882,700.46,failed,online,2025-01-01,NO
1,44081,75918,480.4,failed,online,2025-01-01,NO
2850,38235,78306,735.71,failed,online,2025-01-01,NO
1,26911,80096,577.68,completed,online,2025-01-01,NO
1347,12894,80327,840.28,failed,online,2025-01-01,NO
3691,25931,81321,613.37,completed,online,2025-01-01,NO
534,26394,81719,1543.95,failed,online,2025-01-01,NO
2654,16076,83029,677.75,completed,online,2025-01-01,NO
196,42692,83234,665.68,failed,online,2025-01-01,NO
209,21842,84257,1514.71,failed,online,2025-01-01,NO
1,23972,84462,417.37,failed,online,2025-01-01,NO
1,7908,86604,425.54,failed,online,2025-01-01,NO
77,15072,87433,276.64,completed,online,2025-01-01,NO
4928,46312,87613,821.41,completed,online,2025-01-01,NO
1417,27121,92370,1051.25,failed,online,2025-01-01,NO
1,25447,93278,514.44,failed,online,2025-01-01,NO
1,8166,93627,568.02,completed,online,2025-01-01,NO
2974,44908,94922,627.49,completed,online,2025-01-01,NO
1694,34850,97281,636.75,failed,online,2025-01-01,NO
1526,18927,97347,1865.87,completed,online,2025-01-01,NO
2489,14954,98120,1301.75,failed,online,2025-01-01,NO
1,3094,102114,1136.66,completed,online,2025-01-01,NO
2782,42124,102141,658.66,completed,online,2025-01-01,NO
3799,23922,102886,33.21,completed,online,2025-01-01,NO
2007,31367,103946,1213.26,completed,online,2025-01-01,NO
2883,12230,106323,1456.98,completed,online,2025-01-01,NO
3454,7796,107029,1724.99,failed,online,2025-01-01,NO
2233,499,107169,9090.461091173773,completed,online,2025-01-01,NO
2919,46251,108098,654.68,completed,online,2025-01-01,NO
447,12379,112253,244.76,failed,online,2025-01-01,NO
4697,14274,115175,424.43,completed,online,2025-01-01,NO
1582,14176,116182,112.39,failed,online,2025-01-01,NO
3515,14079,117283,1291.4,failed,online,2025-01-01,NO
1,34810,118098,1956.51,completed,online,2025-01-01,NO
1022,39500,119399,919.81,failed,online,2025-01-01,NO
3899,2552,120896,1967.77,failed,online,2025-01-01,NO
3093,25899,121606,1066.4,completed,online,2025-01-01,NO
1,10711,122240,873.39,failed,online,2025-01-01,NO
1,16251,124917,1899.82,failed,online,2025-01-01,NO
4545,42129,126438,407.21,completed,online,2025-01-01,NO
1025,5554,127197,1153.44,failed,online,2025-01-01,NO
777,21245,132303,630.1,failed,online,2025-01-01,NO
966,32396,134839,1666.12,completed,online,2025-01-01,NO
3658,37799,136540,1227.16,completed,online,2025-01-01,NO
3997,907,137429,1899.75,failed,online,2025-01-01,NO
4194,27264,143822,1822.68,completed,online,2025-01-01,NO
4251,48491,148595,1775.89,completed,online,2025-01-01,NO
1,41389,149346,1463.42,failed,online,2025-01-01,NO
1873,27666,149623,1401.02,completed,online,2025-01-01,NO
1054,43571,1912,111.7,failed,online,2025-06-03,NO
4725,23094,4370,1295.72,completed,online,2025-06-03,NO
3544,44071,5323,1837.06,completed,online,2025-06-03,NO
97,7083,5368,364.03,failed,online,2025-06-03,NO
2403,8595,8787,199.98,failed,online,2025-06-03,NO
1,34264,9802,1444.5,failed,online,2025-06-03,NO
986,48916,10595,1811.91,completed,online,2025-06-03,NO
3662,8200,11751,280.99,failed,online,2025-06-03,NO
4304,24910,12224,1350.84,completed,online,2025-06-03,NO
4735,32700,16717,1879.67,completed,online,2025-06-03,NO
2311,2175,17194,1668.07,completed,online,2025-06-03,NO
4943,41110,17717,1369.03,completed,online,2025-06-03,NO
1174,9183,20026,16.9,failed,online,2025-06-03,NO
727,35145,22001,1536.81,failed,online,2025-06-03,NO
1685,28450,25320,676.48,completed,online,2025-06-03,NO
83,46109,27322,396.54,completed,online,2025-06-03,NO
1,43340,31576,1162.77,failed,online,2025-06-03,NO
187,19172,35161,1030.68,completed,online,2025-06-03,NO
4518,20919,38502,1896.2,completed,online,2025-06-03,NO
4321,6244,39384,982.72,completed,online,2025-06-03,NO
4771,30204,39622,1111.61,failed,online,2025-06-03,NO
3058,11969,42311,965.29,failed,online,2025-06-03,NO
3756,26527,42417,269.28,failed,UNKNOWN,2025-06-03,NO
2613,45260,43180,466.46,completed,online,2025-06-03,NO
3925,12016,43940,1673.33,failed,online,2025-06-03,NO
1,17766,45840,839.81,failed,online,2025-06-03,NO
1,43148,46348,1945.17,completed,online,2025-06-03,NO
3443,34308,47087,1170.78,failed,online,2025-06-03,NO
645,7813,50307,1157.26,completed,online,2025-06-03,NO
588,16563,51882,1879.3,failed,online,2025-06-03,NO
1237,44810,53534,163.51,failed,online,2025-06-03,NO
2714,35854,54148,1680.59,completed,online,2025-06-03,NO
2614,28475,54562,1807.11,completed,online,2025-06-03,NO
3025,20424,54761,52.47,completed,online,2025-06-03,NO
2741,44570,54824,1762.04,completed,online,2025-06-03,NO
3621,40713,58454,955.35,failed,online,2025-06-03,NO
4313,9860,58563,1815.04,failed,online,2025-06-03,NO
3668,23389,60622,779.78,failed,online,2025-06-03,NO
1164,38531,62238,751.24,failed,online,2025-06-03,NO
1550,21732,64222,720.12,failed,online,2025-06-03,NO
1193,43968,64743,1628.03,failed,online,2025-06-03,NO
1479,43461,64839,991.96,completed,online,2025-06-03,NO
1158,36676,65677,377.22,failed,online,2025-06-03,NO
609,20371,67882,729.8,completed,online,2025-06-03,NO
4905,13718,70445,1044.36,failed,online,2025-06-03,NO
557,27463,71761,1991.25,failed,online,2025-06-03,NO
2392,20074,71811,1379.3,failed,online,2025-06-03,NO
4602,36103,72091,1177.13,completed,online,2025-06-03,NO
39,23991,73038,689.15,failed,online,2025-06-03,NO
2834,35929,73749,209.49,failed,online,2025-06-03,NO
1321,17646,76405,375.6,failed,online,2025-06-03,NO
3533,35295,76668,1034.37,failed,online,2025-06-03,NO
1814,17630,79583,124.34,completed,online,2025-06-03,NO
1958,26499,83178,693.95,completed,online,2025-06-03,NO
1,38001,83974,1127.87,failed,online,2025-06-03,NO
2124,27342,86112,1357.84,completed,online,2025-06-03,NO
1140,31008,94769,302.15,failed,online,2025-06-03,NO
1,9879,97952,230.59,failed,online,2025-06-03,NO
3196,45315,98168,1599.92,failed,online,2025-06-03,NO
1,11069,99274,1066.04,failed,online,2025-06-03,NO
1761,38421,101277,1709.12,failed,online,2025-06-03,NO
1712,13615,101509,619.52,failed,online,2025-06-03,NO
2253,31388,103101,1053.32,failed,online,2025-06-03,NO
5,39433,106058,1380.11,failed,online,2025-06-03,NO
1234,44021,107149,872.3,completed,online,2025-06-03,NO
177,15591,107843,784.91,failed,online,2025-06-03,NO
520,27255,110945,104.75,failed,online,2025-06-03,NO
4041,5183,112622,1743.89,completed,online,2025-06-03,NO
1,23341,116648,1807.76,completed,online,2025-06-03,NO
2467,39445,116852,1104.4,failed,online,2025-06-03,NO
1,28070,122137,1342.2,completed,online,2025-06-03,NO
1,19033,125118,337.18,completed,online,2025-06-03,NO
856,34573,127364,169.64,completed,online,2025-06-03,NO
3190,16406,129121,139.75,completed,online,2025-06-03,NO
1515,28633,133715,569.32,completed,online,2025-06-03,NO
4413,40945,133783,73.03,completed,online,2025-06-03,NO
1,208,134347,440.88,failed,online,2025-06-03,NO
4217,43638,141077,1370.57,failed,online,2025-06-03,NO
4859,32,141114,637.69,failed,online,2025-06-03,NO
4927,28545,144648,590.93,completed,online,2025-06-03,NO
2829,42406,147525,148.79,completed,online,2025-06-03,NO
1,29876,147966,1930.78,failed,online,2025-06-03,NO
2727,33270,148844,939.22,completed,online,2025-06-03,NO
1,1745,149229,1049.28,completed,online,2025-06-03,NO
3001,48300,149847,176.12,completed,online,2025-06-03,NO
3847,4639,344,1268.83,completed,online,2025-05-03,NO
1,37004,2990,676.35,completed,online,2025-05-03,NO
1800,30532,3568,820.56,completed,online,2025-05-03,NO
1,39073,3782,64.57,failed,online,2025-05-03,NO
1,11313,6496,1098.33,completed,online,2025-05-03,NO
4144,18716,7329,1027.11,completed,online,2025-05-03,NO
1,6899,9460,102.88,completed,UNKNOWN,2025-05-03,NO
2597,30058,10836,396.58,failed,online,2025-05-03,NO
1,43263,11643,1778.67,completed,online,2025-05-03,NO
234,39331,12413,1537.84,failed,online,2025-05-03,NO
3085,34384,14265,1252.67,completed,online,2025-05-03,NO
1064,45722,17600,490.38,failed,online,2025-05-03,NO
4845,22935,20782,1442.45,completed,online,2025-05-03,NO
1293,42732,21147,1525.55,failed,online,2025-05-03,NO
207,26067,21427,1142.05,completed,online,2025-05-03,NO
3277,32567,26362,193.28,completed,online,2025-05-03,NO
3499,34789,28123,297.93,completed,online,2025-05-03,NO
1046,32704,33624,1381.68,failed,online,2025-05-03,NO
9,26066,34062,1983.46,failed,online,2025-05-03,NO
221,7989,34517,881.67,completed,online,2025-05-03,NO
4113,3854,35210,776.62,completed,online,2025-05-03,NO
3891,40536,37683,927.31,completed,online,2025-05-03,NO
1744,43359,37786,1472.21,failed,online,2025-05-03,NO
503,42785,39807,1614.61,failed,online,2025-05-03,NO
3526,29733,41026,747.1,failed,online,2025-05-03,NO
3906,9241,43074,495.23,completed,online,2025-05-03,NO
1555,49140,46400,451.11,failed,online,2025-05-03,NO
3704,11084,52630,371.26,completed,online,2025-05-03,NO
1,19477,52667,176.87,completed,online,2025-05-03,NO
1208,36603,54356,1629.99,completed,UNKNOWN,2025-05-03,NO
1186,31043,54521,1514.86,completed,online,2025-05-03,NO
4827,34434,58839,861.39,completed,online,2025-05-03,NO
1,18089,59403,172.89,failed,online,2025-05-03,NO
2344,19074,60223,42.62,failed,online,2025-05-03,NO
1882,22892,60716,917.73,failed,online,2025-05-03,NO
3522,20361,60944,1146.98,completed,UNKNOWN,2025-05-03,NO
3452,36297,61952,725.58,completed,UNKNOWN,2025-05-03,NO
4372,40258,68026,1709.05,completed,online,2025-05-03,NO
2136,47296,70269,380.55,failed,online,2025-05-03,NO
221,18497,74309,516.24,failed,online,2025-05-03,NO
3958,48578,75894,1525.45,failed,online,2025-05-03,NO
1,32701,77325,763.39,failed,online,2025-05-03,NO
2440,26386,79573,106.6,failed,online,2025-05-03,NO
590,9784,79928,1276.05,failed,online,2025-05-03,NO
413,25633,80741,1804.26,failed,online,2025-05-03,NO
2453,37042,80902,1736.38,completed,online,2025-05-03,NO
346,23468,82056,659.18,completed,online,2025-05-03,NO
1,12131,84843,1600.49,completed,online,2025-05-03,NO
546,1630,87446,805.32,completed,online,2025-05-03,NO
1,15775,90754,1005.67,failed,online,2025-05-03,NO
1,37715,91145,1181.33,completed,online,2025-05-03,NO
1,19806,94332,1477.52,completed,online,2025-05-03,NO
474,19708,94663,1061.82,completed,online,2025-05-03,NO
347,10458,95550,1264.75,failed,online,2025-05-03,NO
1714,23990,96295,1272.38,failed,online,2025-05-03,NO
847,49114,97313,715.07,failed,online,2025-05-03,NO
1419,37442,101395,976.06,completed,online,2025-05-03,NO
4739,34265,104085,1015.29,completed,online,2025-05-03,NO
1,22179,105254,440.65,completed,online,2025-05-03,NO
1791,23678,110114,1717.48,failed,online,2025-05-03,NO
3469,16988,110968,1464.64,completed,online,2025-05-03,NO
4123,34525,112639,1502.6,failed,online,2025-05-03,NO
2030,43056,112956,1510.41,completed,online,2025-05-03,NO
821,44282,113448,1541.25,failed,online,2025-05-03,NO
3073,11652,116487,515.35,failed,online,2025-05-03,NO
1399,14061,117818,522.06,completed,online,2025-05-03,NO
2048,9207,118587,1289.16,completed,online,2025-05-03,NO
3624,35900,121736,1129.11,completed,UNKNOWN,2025-05-03,NO
956,8590,129253,1992.68,failed,online,2025-05-03,NO
2794,12320,133309,1897.01,completed,online,2025-05-03,NO
4245,18290,134098,323.68,completed,online,2025-05-03,NO
1675,38592,134339,472.41,failed,online,2025-05-03,NO
1341,41518,136567,565.22,failed,online,2025-05-03,NO
4439,17661,137770,288.35,failed,online,2025-05-03,NO
1267,34669,139798,137.02,completed,online,2025-05-03,NO
3936,42097,139801,1218.09,failed,online,2025-05-03,NO
578,8370,141593,1527.46,failed,online,2025-05-03,NO
3305,40582,144709,1947.45,failed,online,2025-05-03,NO
430,27007,144949,1782.52,completed,online,2025-05-03,NO
1,8960,145162,246.79,completed,online,2025-05-03,NO
1878,26272,145389,1527.9,completed,online,2025-05-03,NO
3494,21949,145669,312.85,failed,online,2025-05-03,NO
2542,4685,147698,1895.82,completed,online,2025-05-03,NO
4049,37110,147926,225.22,failed,online,2025-05-03,NO
1,5790,1877,304.96,completed,online,2025-12-03,NO
265,6870,2082,55.02,completed,online,2025-12-03,NO
497,26921,2108,479.22,failed,online,2025-12-03,NO
3868,20555,2962,1405.66,completed,online,2025-12-03,NO
465,13857,4695,185.7,failed,online,2025-12-03,NO
1040,39546,5828,81.23,completed,online,2025-12-03,NO
1565,49261,6188,1834.76,completed,online,2025-12-03,NO
2142,48516,12340,565.82,completed,online,2025-12-03,NO
3146,6190,13297,420.88,completed,online,2025-12-03,NO
1,35588,13439,1076.39,completed,online,2025-12-03,NO
4081,7172,14888,374.98,failed,online,2025-12-03,NO
282,13946,15345,1675.49,failed,online,2025-12-03,NO
1,39643,18944,1419.49,completed,online,2025-12-03,NO
567,11096,23009,593.57,completed,online,2025-12-03,NO
4504,31025,24997,1331.44,completed,online,2025-12-03,NO
1,19316,31095,1822.09,failed,online,2025-12-03,NO
1,25808,31380,208.91,completed,online,2025-12-03,NO
3961,36291,32317,20.29,failed,online,2025-12-03,NO
1368,424,32663,838.56,failed,online,2025-12-03,NO
4143,26388,34693,211.72,failed,online,2025-12-03,NO
3297,35336,34764,774.13,failed,online,2025-12-03,NO
2977,42431,35283,1158.67,completed,online,2025-12-03,NO
4619,1159,35829,1314.97,completed,online,2025-12-03,NO
1,32731,36966,1944.31,failed,online,2025-12-03,NO
953,16053,37297,1122.55,completed,online,2025-12-03,NO
3724,39416,37657,319.55,failed,online,2025-12-03,NO
1643,9415,39613,383.73,completed,online,2025-12-03,NO
1,45230,42222,316.84,completed,online,2025-12-03,NO
966,49560,45761,1476.27,failed,online,2025-12-03,NO
1,45149,45941,949.24,failed,online,2025-12-03,NO
1,23986,48278,749.98,completed,online,2025-12-03,NO
1,14641,48895,895.82,completed,online,2025-12-03,NO
109,42729,49207,1963.89,failed,online,2025-12-03,NO
4605,9941,50908,603.47,failed,online,2025-12-03,NO
4533,15687,53820,1730.72,completed,online,2025-12-03,NO
3525,14063,55345,1173.15,failed,online,2025-12-03,NO
1,32339,55673,1708.65,failed,online,2025-12-03,NO
3928,22456,55976,506.1,completed,online,2025-12-03,NO
1694,10048,56204,575.71,failed,online,2025-12-03,NO
149,13911,57505,464.49,completed,online,2025-12-03,NO
4163,43364,64264,1506.73,failed,online,2025-12-03,NO
1,4279,66561,38.3,failed,online,2025-12-03,NO
4554,11634,66931,1934.88,completed,online,2025-12-03,NO
1833,25640,69333,765.21,completed,online,2025-12-03,NO
1528,3146,69353,346.35,failed,online,2025-12-03,NO
1108,22436,71208,1054.51,completed,online,2025-12-03,NO
1,2939,75278,1709.01,completed,online,2025-12-03,NO
2496,207,78364,1271.78,completed,online,2025-12-03,NO
654,48758,81082,793.02,completed,online,2025-12-03,NO
2877,25940,81277,511.37,failed,online,2025-12-03,NO
1859,17169,83230,1904.65,failed,online,2025-12-03,NO
390,42419,85579,371.53,completed,online,2025-12-03,NO
2789,9336,87663,261.73,failed,online,2025-12-03,NO
2812,33194,88207,826.34,completed,online,2025-12-03,NO
1,13647,89252,1442.39,failed,online,2025-12-03,NO
1,4870,91603,1229.18,completed,online,2025-12-03,NO
4843,39805,95229,1100.12,completed,online,2025-12-03,NO
4215,14438,100453,1212.86,failed,online,2025-12-03,NO
503,20241,101094,359.94,completed,online,2025-12-03,NO
1455,35349,103893,1094.45,failed,online,2025-12-03,NO
1,41033,105234,1010.78,completed,online,2025-12-03,NO
1,22743,108460,641.29,failed,online,2025-12-03,NO
112,44841,110092,820.43,completed,online,2025-12-03,NO
1,14870,110688,1548.49,failed,online,2025-12-03,NO
3879,43842,114078,140.09,failed,online,2025-12-03,NO
2472,23490,117026,1660.79,failed,online,2025-12-03,NO
4473,18727,117041,1690.01,completed,online,2025-12-03,NO
1,15319,118009,100.28,completed,online,2025-12-03,NO
1,18882,119430,1599.83,completed,online,2025-12-03,NO
1019,27424,119777,703.06,completed,online,2025-12-03,NO
1,17017,128075,1192.42,failed,online,2025-12-03,NO
709,12592,129018,694.51,completed,online,2025-12-03,NO
1681,874,130752,1400.04,completed,online,2025-12-03,NO
2173,46318,131781,1362.7,failed,online,2025-12-03,NO
1572,41267,133519,1344.31,completed,online,2025-12-03,NO
1,17552,134620,1705.15,completed,online,2025-12-03,NO
1,45686,135019,1054.71,completed,online,2025-12-03,NO
3580,23671,135040,321.98,failed,online,2025-12-03,NO
3330,18710,135106,1427.78,completed,online,2025-12-03,NO
1891,39624,137108,795.12,failed,online,2025-12-03,NO
1904,44686,137613,984.99,completed,online,2025-12-03,NO
1,37222,140250,1091.09,failed,online,2025-12-03,NO
1,31216,141757,202.46,failed,online,2025-12-03,NO
1629,7726,144550,924.48,completed,online,2025-12-03,NO
2306,39158,149478,627.27,completed,online,2025-12-03,NO
3477,10673,4760,1044.62,completed,online,2025-02-14,NO
1118,20404,5283,1851.55,failed,online,2025-02-14,NO
1,24837,7508,1592.97,completed,online,2025-02-14,NO
3275,24602,9128,1393.15,failed,online,2025-02-14,NO
2660,29977,12620,444.85,failed,online,2025-02-14,NO
1,13938,14027,301.87,failed,online,2025-02-14,NO
4265,21955,16005,5245.990634167032,completed,online,2025-02-14,NO
4925,41608,16136,1662.69,failed,online,2025-02-14,NO
3189,20669,17232,7478.540640447565,completed,online,2025-02-14,NO
2520,5194,18217,1716.9,failed,online,2025-02-14,NO
3775,5825,22597,1862.4,failed,online,2025-02-14,NO
2905,38375,25279,1250.06,completed,online,2025-02-14,NO
1714,9113,25865,1510.19,failed,online,2025-02-14,NO
2990,34971,26997,6123.614996298718,failed,online,2025-02-14,NO
2757,45160,29020,488.13,failed,online,2025-02-14,NO
1367,26954,31385,1704.41,completed,online,2025-02-14,NO
802,33244,32830,1415.27,completed,online,2025-02-14,NO
3489,34671,34123,238.86,failed,online,2025-02-14,NO
1,26137,35906,1398.34,completed,online,2025-02-14,NO
3504,37037,45601,871.47,completed,online,2025-02-14,NO
3573,35831,61377,1008.28,completed,online,2025-02-14,NO
1,27741,62340,56.36,failed,online,2025-02-14,NO
2357,9511,64993,1477.88,completed,online,2025-02-14,NO
4237,2021,65702,1535.64,failed,online,2025-02-14,NO
2758,13551,68859,9506.574849781675,failed,online,2025-02-14,NO
1,21604,71570,187.77,failed,online,2025-02-14,NO
1,34777,73066,1790.19,completed,online,2025-02-14,NO
4317,18728,74029,1193.22,failed,online,2025-02-14,NO
3330,22869,79050,1793.76,completed,online,2025-02-14,NO
2734,16121,79247,14.21,completed,online,2025-02-14,NO
3999,23828,79779,1216.34,failed,online,2025-02-14,NO
1682,48314,81946,1774.31,failed,online,2025-02-14,NO
1,7234,82362,855.61,completed,online,2025-02-14,NO
1,30635,83397,122.47,completed,online,2025-02-14,NO
3611,17723,83736,949.06,completed,online,2025-02-14,NO
4928,23628,84651,1958.96,completed,online,2025-02-14,NO
780,49757,88505,1623.58,completed,online,2025-02-14,NO
3276,34359,90494,161.52,completed,online,2025-02-14,NO
2428,9591,94441,106.71,completed,online,2025-02-14,NO
4967,35112,96364,218.08,failed,online,2025-02-14,NO
889,34421,96668,965.51,failed,online,2025-02-14,NO
1265,49847,96781,352.2,failed,online,2025-02-14,NO
1,667,99371,128.76,failed,online,2025-02-14,NO
2180,22583,100284,85.63,completed,online,2025-02-14,NO
1,24507,100613,1778.51,completed,online,2025-02-14,NO
506,37819,101385,531.07,failed,online,2025-02-14,NO
214,41629,102367,1231.61,completed,UNKNOWN,2025-02-14,NO
1,40095,102466,116.88,failed,online,2025-02-14,NO
1879,43291,104524,729.97,failed,online,2025-02-14,NO
95,32702,104622,1122.65,completed,online,2025-02-14,NO
1,15816,104776,982.11,failed,online,2025-02-14,NO
4882,39157,105135,1136.98,failed,online,2025-02-14,NO
1,3872,105407,717.78,completed,online,2025-02-14,NO
4387,42471,107669,1170.24,failed,online,2025-02-14,NO
1,18602,114614,173.87,failed,online,2025-02-14,NO
2627,36818,119534,1210.52,failed,online,2025-02-14,NO
1,42902,119988,864.27,failed,online,2025-02-14,NO
1215,6378,122127,1869.42,completed,online,2025-02-14,NO
4602,5741,123084,1028.82,completed,online,2025-02-14,NO
3873,32983,126550,837.56,completed,online,2025-02-14,NO
3885,40583,127793,785.29,completed,online,2025-02-14,NO
712,34903,128155,530.55,completed,online,2025-02-14,NO
1209,22135,128402,627.5,completed,online,2025-02-14,NO
842,47502,128945,1861.7,failed,online,2025-02-14,NO
521,31973,129387,640.57,completed,online,2025-02-14,NO
4192,48696,129857,198.55,failed,online,2025-02-14,NO
1,20159,130821,1463.39,completed,online,2025-02-14,NO
1,19711,134504,1314.14,completed,online,2025-02-14,NO
2319,47268,134690,763.85,failed,online,2025-02-14,NO
1,37382,135584,8318.00606341979,completed,online,2025-02-14,NO
1621,47106,136320,1877.39,completed,online,2025-02-14,NO
3582,38596,137051,1864.93,completed,online,2025-02-14,NO
796,46664,137558,1315.97,completed,online,2025-02-14,NO
4981,35218,141194,427.15,failed,online,2025-02-14,NO
1,2158,141967,1277.75,failed,online,2025-02-14,NO
1950,39994,142225,230.26,failed,online,2025-02-14,NO
1,35426,144082,1591.48,failed,online,2025-02-14,NO
1288,23189,144286,118.42,failed,online,2025-02-14,NO
256,40042,145161,1063.54,completed,online,2025-02-14,NO
2599,6344,145227,232.17,failed,online,2025-02-14,NO
2293,17156,145438,1922.76,completed,online,2025-02-14,NO
1858,44936,145859,978.51,completed,online,2025-02-14,NO
1641,10418,146399,436.05,completed,online,2025-02-14,NO
1923,46801,2458,514.6,completed,online,2025-04-11,NO
2644,39120,2729,1551.88,completed,online,2025-04-11,NO
139,3208,3709,1908.38,failed,online,2025-04-11,NO
3894,27211,6099,1287.44,completed,online,2025-04-11,NO
864,12040,11271,1326.53,failed,online,2025-04-11,NO
1656,9396,18712,776.52,completed,online,2025-04-11,NO
1,42246,19951,1894.03,failed,online,2025-04-11,NO
2794,24601,19985,95.98,completed,online,2025-04-11,NO
1,42128,22490,621.53,completed,online,2025-04-11,NO
1,15618,27171,128.02,failed,online,2025-04-11,NO
1582,48722,28730,346.75,failed,online,2025-04-11,NO
2496,2711,30968,1230.22,failed,online,2025-04-11,NO
822,33599,31153,1611.66,failed,online,2025-04-11,NO
1,7525,32024,238.34,failed,online,2025-04-11,NO
4581,49585,32538,1785.13,completed,online,2025-04-11,NO
2338,12783,32659,626.34,completed,online,2025-04-11,NO
1,41072,34083,432.33,failed,online,2025-04-11,NO
1318,16863,35614,281.93,failed,online,2025-04-11,NO
1059,42181,35832,51.39,failed,online,2025-04-11,NO
4623,31615,39085,1117.41,failed,online,2025-04-11,NO
3822,36552,40243,1990.61,completed,online,2025-04-11,NO
3253,36378,42569,357.17,failed,online,2025-04-11,NO
3554,25932,42804,774.79,completed,online,2025-04-11,NO
1724,8698,44445,1561.16,completed,online,2025-04-11,NO
1035,1464,45234,112.18,completed,online,2025-04-11,NO
2759,1311,46279,1872.36,completed,online,2025-04-11,NO
955,25707,46960,1756.19,failed,online,2025-04-11,NO
3525,34543,48538,1804.68,completed,online,2025-04-11,NO
2889,36770,52845,1684.0,completed,online,2025-04-11,NO
2990,23779,53419,312.87,completed,online,2025-04-11,NO
4684,3478,56401,1752.08,failed,online,2025-04-11,NO
3260,30884,58492,690.89,completed,online,2025-04-11,NO
3026,40105,58851,1721.38,completed,online,2025-04-11,NO
4518,25593,67211,849.89,failed,online,2025-04-11,NO
1,24835,69597,1590.5,failed,online,2025-04-11,NO
2222,45331,69770,819.09,failed,online,2025-04-11,NO
3068,26442,69803,102.64,failed,online,2025-04-11,NO
4428,28875,69927,154.35,failed,online,2025-04-11,NO
3258,19721,70411,1698.67,completed,online,2025-04-11,NO
2064,21216,70857,1946.27,completed,online,2025-04-11,NO
1001,43358,74890,895.34,completed,online,2025-04-11,NO
1662,6056,75291,1821.75,failed,online,2025-04-11,NO
153,18037,76801,941.09,completed,online,2025-04-11,NO
262,33496,78985,877.18,failed,online,2025-04-11,NO
1,11319,79132,1985.57,failed,online,2025-04-11,NO
1465,21499,80336,1257.87,failed,online,2025-04-11,NO
241,14229,84517,17.91,completed,online,2025-04-11,NO
2629,10578,86425,978.16,failed,online,2025-04-11,NO
2062,33070,87330,709.24,failed,online,2025-04-11,NO
917,23831,87835,103.74,failed,online,2025-04-11,NO
1561,23859,90470,1356.51,failed,online,2025-04-11,NO
1095,15896,91359,1318.52,completed,UNKNOWN,2025-04-11,NO
4724,41412,91810,839.92,failed,online,2025-04-11,NO
1,42189,92529,199.32,completed,online,2025-04-11,NO
823,16468,94048,1074.77,completed,online,2025-04-11,NO
31,14581,95388,1353.68,completed,online,2025-04-11,NO
1,19669,101235,965.85,completed,online,2025-04-11,NO
1875,35343,101630,1737.25,completed,online,2025-04-11,NO
2556,639,101720,9106.083543700806,failed,online,2025-04-11,NO
4114,11519,102686,332.67,failed,online,2025-04-11,NO
2942,33174,105290,1363.86,failed,online,2025-04-11,NO
4238,39400,105460,1333.66,completed,UNKNOWN,2025-04-11,NO
3611,9321,106619,1980.3,failed,online,2025-04-11,NO
4874,106,108217,1543.87,completed,online,2025-04-11,NO
615,23407,108537,237.3,completed,online,2025-04-11,NO
199,22345,109726,1930.38,failed,online,2025-04-11,NO
344,42467,110648,1858.81,failed,online,2025-04-11,NO
1448,26484,114039,463.31,completed,online,2025-04-11,NO
4167,6957,114359,886.09,completed,online,2025-04-11,NO
644,38404,118737,1884.96,failed,online,2025-04-11,NO
4364,41954,120424,1047.43,completed,online,2025-04-11,NO
1,2060,123152,1368.72,completed,online,2025-04-11,NO
4473,39100,128115,1010.45,failed,online,2025-04-11,NO
2199,38443,128387,495.27,completed,online,2025-04-11,NO
3627,28301,133411,479.4,failed,online,2025-04-11,NO
912,30287,136318,65.01,completed,online,2025-04-11,NO
2880,32975,137160,404.19,failed,online,2025-04-11,NO
1,40003,138924,1838.78,completed,online,2025-04-11,NO
3610,27974,139376,992.27,failed,online,2025-04-11,NO
4827,37882,140277,1245.4,completed,online,2025-04-11,NO
2250,45851,140426,1774.84,completed,online,2025-04-11,NO
3553,29951,142483,85.82,completed,online,2025-04-11,NO
1303,6145,148319,1653.12,failed,online,2025-04-11,NO
3592,30934,149506,511.89,failed,online,2025-04-11,NO
4088,33279,3798,1038.97,failed,online,2025-11-19,NO
2890,33312,4258,1476.05,completed,online,2025-11-19,NO
4098,30687,5924,1717.19,completed,online,2025-11-19,NO
4484,31158,10977,570.41,completed,online,2025-11-19,NO
3022,2812,11412,874.42,failed,UNKNOWN,2025-11-19,NO
1746,20505,12631,1897.89,completed,online,2025-11-19,NO
4549,11673,13961,200.84,failed,online,2025-11-19,NO
2214,11714,14403,772.52,failed,online,2025-11-19,NO
3530,14929,15200,199.68,failed,online,2025-11-19,NO
1462,11212,16899,1915.44,failed,online,2025-11-19,NO
590,37430,17938,1227.42,completed,online,2025-11-19,NO
695,12003,20083,553.81,failed,online,2025-11-19,NO
3416,22810,20813,1426.36,completed,online,2025-11-19,NO
1848,5159,21044,96.51,completed,online,2025-11-19,NO
1190,14199,21346,988.79,failed,online,2025-11-19,NO
3219,10147,27954,1947.1,failed,online,2025-11-19,NO
2297,20040,28294,1999.7,completed,online,2025-11-19,NO
4697,39445,30063,605.82,failed,online,2025-11-19,NO
1,2284,31740,712.55,failed,online,2025-11-19,NO
1146,31277,35587,535.33,completed,online,2025-11-19,NO
1451,9170,36401,742.64,failed,online,2025-11-19,NO
733,43059,36939,1068.73,failed,online,2025-11-19,NO
1,11768,40437,1878.71,failed,online,2025-11-19,NO
219,32885,42170,905.95,failed,online,2025-11-19,NO
1,15599,43287,1669.95,completed,online,2025-11-19,NO
1,36890,45438,708.28,completed,online,2025-11-19,NO
1,37591,46704,1368.0,failed,online,2025-11-19,NO
144,7688,49045,173.01,failed,online,2025-11-19,NO
4676,603,50550,1943.59,completed,online,2025-11-19,NO
1777,295,58168,772.6,failed,online,2025-11-19,NO
1,27222,58202,468.4,completed,online,2025-11-19,NO
415,42524,61193,168.87,completed,online,2025-11-19,NO
1,22956,64922,534.66,failed,online,2025-11-19,NO
2447,46337,65788,1458.24,failed,online,2025-11-19,NO
4331,35207,65935,144.33,completed,online,2025-11-19,NO
718,20407,69155,360.35,completed,online,2025-11-19,NO
3745,2360,69157,46.91,completed,online,2025-11-19,NO
4015,22059,69903,245.92,failed,online,2025-11-19,NO
4181,6333,69924,1237.62,completed,online,2025-11-19,NO
4179,34154,70696,422.54,completed,online,2025-11-19,NO
893,46985,71981,782.42,failed,online,2025-11-19,NO
4501,30469,78181,398.81,failed,online,2025-11-19,NO
3454,26279,83379,1625.35,failed,online,2025-11-19,NO
44,20391,86154,926.5,failed,online,2025-11-19,NO
1,14972,86397,1761.57,completed,online,2025-11-19,NO
1,7618,87991,474.82,failed,online,2025-11-19,NO
4609,34063,93345,1702.08,failed,online,2025-11-19,NO
1,1352,96877,1060.15,failed,online,2025-11-19,NO
3180,49200,98728,588.97,completed,online,2025-11-19,NO
522,27870,99878,1705.84,completed,online,2025-11-19,NO
1,10617,108209,230.6,completed,online,2025-11-19,NO
898,25220,109714,465.88,failed,online,2025-11-19,NO
719,21128,111103,1523.79,completed,online,2025-11-19,NO
1248,18663,112342,964.65,failed,online,2025-11-19,NO
3957,14163,112515,1768.82,failed,online,2025-11-19,NO
558,21707,113606,1772.8,completed,online,2025-11-19,NO
2377,33957,114576,1727.5,completed,UNKNOWN,2025-11-19,NO
1370,15535,114871,1956.72,failed,online,2025-11-19,NO
1,38111,115081,89.59,completed,online,2025-11-19,NO
457,9676,117365,335.56,completed,online,2025-11-19,NO
1,20193,117955,725.03,completed,online,2025-11-19,NO
1,34978,118118,1330.2,failed,online,2025-11-19,NO
4593,21295,118776,322.23,completed,online,2025-11-19,NO
455,39937,120662,177.94,failed,online,2025-11-19,NO
4767,39902,121610,743.7,completed,online,2025-11-19,NO
1547,42314,122300,1939.23,failed,online,2025-11-19,NO
1,5364,124212,781.79,failed,online,2025-11-19,NO
4815,15856,127855,318.42,failed,online,2025-11-19,NO
4982,45654,129005,696.6,failed,online,2025-11-19,NO
4970,7271,131432,1313.67,completed,online,2025-11-19,NO
2908,49665,131603,958.51,completed,online,2025-11-19,NO
1024,44025,132065,1429.83,failed,online,2025-11-19,NO
3068,33406,134281,1352.17,failed,online,2025-11-19,NO
2254,10319,137222,1133.64,completed,online,2025-11-19,NO
2709,11834,139413,1091.03,failed,online,2025-11-19,NO
3071,2292,139889,945.99,completed,online,2025-11-19,NO
1323,25061,142934,1351.73,completed,online,2025-11-19,NO
994,31436,144277,250.78,completed,online,2025-11-19,NO
4917,1641,145185,722.83,failed,online,2025-11-19,NO
4404,39078,146262,428.41,failed,online,2025-11-19,NO
4939,28363,146296,896.73,completed,online,2025-11-19,NO
1806,46116,146557,1270.53,failed,online,2025-11-19,NO
3048,129,146966,1161.56,failed,online,2025-11-19,NO
1,21693,148155,388.73,completed,online,2025-11-19,NO
2146,34710,149379,1360.11,failed,online,2025-11-19,NO
1,14297,1464,972.57,failed,online,2025-08-16,NO
858,48323,5494,322.46,failed,online,2025-08-16,NO
1105,8593,6824,146.19,completed,online,2025-08-16,NO
1,19253,12056,1761.72,failed,online,2025-08-16,NO
1550,30966,13345,151.24,failed,online,2025-08-16,NO
2100,4637,13586,1428.78,failed,online,2025-08-16,NO
477,32684,16147,1119.61,completed,online,2025-08-16,NO
4693,27605,16863,157.68,failed,online,2025-08-16,NO
207,29976,18576,1903.64,completed,online,2025-08-16,NO
1,36705,19222,1329.24,completed,online,2025-08-16,NO
3867,38670,19610,434.14,completed,online,2025-08-16,NO
4345,15084,21219,1208.82,completed,online,2025-08-16,NO
2651,13476,22584,970.11,completed,online,2025-08-16,NO
1731,34217,23262,421.18,completed,online,2025-08-16,NO
2490,22526,27704,1458.14,completed,online,2025-08-16,NO
2078,7385,28414,1092.17,completed,online,2025-08-16,NO
1,5768,28709,112.42,completed,online,2025-08-16,NO
1299,14424,34463,1848.02,failed,online,2025-08-16,NO
109,17629,39029,141.76,completed,online,2025-08-16,NO
1032,2985,39386,1668.49,failed,online,2025-08-16,NO
1,30207,40361,1536.27,completed,online,2025-08-16,NO
3354,41771,41581,1243.56,completed,online,2025-08-16,NO
1933,19593,42458,1905.93,completed,online,2025-08-16,NO
3374,37805,43727,1241.1,completed,online,2025-08-16,NO
3396,12160,46403,1792.0,completed,online,2025-08-16,NO
4863,38824,46459,153.67,completed,online,2025-08-16,NO
3273,45203,46558,98.5,completed,online,2025-08-16,NO
528,32559,49204,1311.38,completed,online,2025-08-16,NO
4678,15917,50645,304.44,completed,online,2025-08-16,NO
3144,13159,54936,473.09,completed,online,2025-08-16,NO
1,31983,54985,1364.45,completed,online,2025-08-16,NO
1449,8693,56326,1314.35,failed,online,2025-08-16,NO
2448,21137,56978,959.32,completed,online,2025-08-16,NO
4925,9047,57095,1344.46,failed,online,2025-08-16,NO
4929,21242,57871,996.24,failed,online,2025-08-16,NO
2036,31914,60650,1880.32,failed,online,2025-08-16,NO
2097,5905,62949,219.03,completed,online,2025-08-16,NO
4189,31186,63711,1105.47,failed,online,2025-08-16,NO
3508,35107,64907,1060.56,completed,online,2025-08-16,NO
1,35657,65754,328.35,failed,online,2025-08-16,NO
397,2355,67807,1128.88,failed,online,2025-08-16,NO
1,2363,69091,1032.6,completed,online,2025-08-16,NO
478,45168,69830,1541.85,completed,online,2025-08-16,NO
3964,5752,70802,1197.26,completed,online,2025-08-16,NO
3364,20253,72523,875.4,completed,UNKNOWN,2025-08-16,NO
4806,7693,73132,589.81,failed,online,2025-08-16,NO
4689,43889,73575,194.47,failed,online,2025-08-16,NO
3762,17041,81187,1025.71,failed,online,2025-08-16,NO
1352,1531,81305,403.49,failed,online,2025-08-16,NO
4481,7795,85101,1724.47,failed,online,2025-08-16,NO
856,3776,89970,1640.6,failed,online,2025-08-16,NO
42,6584,92507,1441.35,failed,online,2025-08-16,NO
2010,11747,94304,1923.61,failed,online,2025-08-16,NO
117,6510,96019,1026.18,failed,online,2025-08-16,NO
1,12132,96650,1128.83,completed,online,2025-08-16,NO
298,5267,102483,1034.11,completed,online,2025-08-16,NO
2437,5811,106573,1258.36,failed,online,2025-08-16,NO
4365,11792,109501,1984.88,failed,online,2025-08-16,NO
1,44579,111056,1892.28,failed,online,2025-08-16,NO
2005,17453,112754,509.5,completed,online,2025-08-16,NO
3584,4879,113693,919.76,failed,online,2025-08-16,NO
1720,22454,115680,352.89,failed,online,2025-08-16,NO
1,29367,116381,596.28,failed,online,2025-08-16,NO
3346,36548,118508,7574.341232778748,completed,online,2025-08-16,NO
3495,10369,119114,1586.43,completed,online,2025-08-16,NO
2695,18379,119917,1833.82,failed,online,2025-08-16,NO
1,18167,120445,596.29,failed,online,2025-08-16,NO
2936,48815,120575,635.17,failed,online,2025-08-16,NO
2936,6382,121383,52.99,completed,online,2025-08-16,NO
2301,36063,121700,1045.36,failed,online,2025-08-16,NO
1,39007,123608,83.28,failed,online,2025-08-16,NO
2657,38029,124268,1325.96,failed,online,2025-08-16,NO
1613,15055,126353,299.97,failed,online,2025-08-16,NO
3483,34544,129340,763.39,completed,online,2025-08-16,NO
410,31880,132020,421.6,failed,online,2025-08-16,NO
3505,38925,133479,1764.84,completed,online,2025-08-16,NO
4931,24157,134208,149.16,completed,online,2025-08-16,NO
1,29998,136847,46.01,completed,online,2025-08-16,NO
3911,20769,137399,846.81,failed,online,2025-08-16,NO
4355,41308,138221,1023.57,failed,online,2025-08-16,NO
1,21024,140474,5958.762890689183,completed,online,2025-08-16,NO
1,21016,143758,1059.83,failed,online,2025-08-16,NO
1039,48268,145718,428.76,completed,online,2025-08-16,NO
4762,32002,147701,1957.14,failed,online,2025-08-16,NO
448,43743,3752,705.8,failed,online,2025-10-31,NO
347,11405,3757,569.54,completed,online,2025-10-31,NO
4518,3208,7791,1421.08,failed,online,2025-10-31,NO
4827,31934,7971,1066.04,completed,online,2025-10-31,NO
2138,21998,8217,533.84,failed,online,2025-10-31,NO
4755,29226,9745,1479.13,completed,online,2025-10-31,NO
4151,28122,11390,570.65,failed,online,2025-10-31,NO
1269,18386,11641,1913.26,completed,online,2025-10-31,NO
2829,2762,13403,1061.64,completed,online,2025-10-31,NO
1,6905,17629,1249.25,failed,online,2025-10-31,NO
776,14793,18521,852.12,completed,online,2025-10-31,NO
4290,16170,19310,612.97,completed,online,2025-10-31,NO
387,13789,20161,1627.62,failed,online,2025-10-31,NO
1,37533,22268,872.63,completed,online,2025-10-31,NO
1,5011,28482,1768.7,completed,online,2025-10-31,NO
4780,36828,29207,1114.92,failed,online,2025-10-31,NO
884,48949,30764,1529.7,failed,online,2025-10-31,NO
1,26937,33209,472.35,completed,online,2025-10-31,NO
4326,36111,34358,1352.13,failed,online,2025-10-31,NO
2490,22470,37411,655.85,completed,online,2025-10-31,NO
935,26401,37814,1512.28,completed,online,2025-10-31,NO
1,6414,37900,215.09,failed,online,2025-10-31,NO
4801,43090,38194,32.71,failed,online,2025-10-31,NO
2709,8853,39394,616.47,completed,online,2025-10-31,NO
1,43906,42604,283.04,failed,online,2025-10-31,NO
2903,39579,45037,1116.75,completed,online,2025-10-31,NO
2692,41215,45410,62.62,failed,online,2025-10-31,NO
829,41143,47659,213.89,completed,online,2025-10-31,NO
1,37690,49611,300.09,failed,online,2025-10-31,NO
549,11777,50068,638.46,failed,online,2025-10-31,NO
1744,1406,50346,409.91,failed,online,2025-10-31,NO
4719,27878,50536,1664.75,completed,online,2025-10-31,NO
3041,17288,52868,795.65,completed,online,2025-10-31,NO
4912,19820,52982,1792.81,completed,online,2025-10-31,NO
1,16415,53211,1118.81,failed,online,2025-10-31,NO
1,31588,53972,1426.34,failed,online,2025-10-31,NO
3162,19359,53982,277.8,failed,online,2025-10-31,NO
1666,21239,56685,1575.23,completed,online,2025-10-31,NO
3740,32132,56930,72.38,failed,online,2025-10-31,NO
932,335,58103,1186.16,failed,online,2025-10-31,NO
1,27551,59443,775.28,completed,UNKNOWN,2025-10-31,NO
4500,46075,64980,867.75,completed,online,2025-10-31,NO
1,33713,65142,1993.37,failed,online,2025-10-31,NO
135,49132,65957,6303.41064932489,completed,online,2025-10-31,NO
2752,49277,69365,304.64,completed,online,2025-10-31,NO
3382,5013,72905,931.72,completed,online,2025-10-31,NO
1291,10846,81940,94.61,failed,online,2025-10-31,NO
1,30586,82264,1851.97,completed,online,2025-10-31,NO
3149,41927,84653,1739.9,failed,online,2025-10-31,NO
1,48820,85614,681.12,completed,online,2025-10-31,NO
4999,38470,87249,1248.79,failed,online,2025-10-31,NO
1,24253,88875,136.69,completed,online,2025-10-31,NO
1,32862,90252,180.17,failed,online,2025-10-31,NO
3308,40306,90816,1249.13,failed,online,2025-10-31,NO
2356,14972,93054,1761.17,failed,online,2025-10-31,NO
2233,46213,93673,906.38,failed,online,2025-10-31,NO
1,14350,94391,20.28,failed,online,2025-10-31,NO
4752,44908,96228,214.31,failed,online,2025-10-31,NO
4670,28634,97011,287.5,failed,online,2025-10-31,NO
1776,7731,97288,1388.17,completed,online,2025-10-31,NO
1,23255,99223,423.43,completed,online,2025-10-31,NO
1,3571,99370,900.31,completed,online,2025-10-31,NO
4624,36841,102135,1850.24,failed,online,2025-10-31,NO
4807,3278,102216,95.24,failed,online,2025-10-31,NO
637,30506,102928,862.02,failed,online,2025-10-31,NO
3163,5483,107430,769.07,completed,online,2025-10-31,NO
2563,46697,109860,1876.04,failed,online,2025-10-31,NO
2287,26925,111287,526.37,completed,online,2025-10-31,NO
1768,13675,111645,1245.74,failed,online,2025-10-31,NO
1,13138,112737,755.71,completed,online,2025-10-31,NO
3737,23767,115986,1205.08,completed,online,2025-10-31,NO
3219,13175,119707,47.62,completed,online,2025-10-31,NO
2156,2017,121804,225.44,completed,online,2025-10-31,NO
1728,15494,123046,232.27,completed,online,2025-10-31,NO
1,24484,123624,1338.01,completed,online,2025-10-31,NO
3580,38755,124873,1669.1,completed,online,2025-10-31,NO
3844,47387,125167,437.84,failed,online,2025-10-31,NO
2145,28200,126699,1464.7,failed,online,2025-10-31,NO
244,25533,134442,217.65,failed,online,2025-10-31,NO
1408,31619,135987,1568.64,completed,online,2025-10-31,NO
1,47039,139387,187.58,completed,online,2025-10-31,NO
2056,14881,143160,329.81,completed,online,2025-10-31,NO
3215,18455,148820,720.97,failed,online,2025-10-31,NO
111,7998,148849,1087.59,completed,online,2025-10-31,NO
578,23514,149906,867.46,completed,online,2025-10-31,NO
982,4714,2156,975.85,failed,online,2025-06-06,NO
1896,33865,3631,57.4,completed,online,2025-06-06,NO
553,14824,9782,1542.19,completed,online,2025-06-06,NO
4876,20200,17737,933.03,completed,online,2025-06-06,NO
1901,8695,19542,1207.7,completed,online,2025-06-06,NO
2526,8791,22373,1379.87,failed,online,2025-06-06,NO
4881,45249,25356,1616.07,completed,online,2025-06-06,NO
468,963,26589,1745.22,completed,online,2025-06-06,NO
1,20660,29109,142.68,completed,online,2025-06-06,NO
1070,38781,30123,458.08,failed,online,2025-06-06,NO
2489,11606,31319,1055.61,failed,online,2025-06-06,NO
1303,33545,31951,1150.23,completed,online,2025-06-06,NO
3130,15744,33804,1143.28,failed,online,2025-06-06,NO
2350,8238,34036,795.35,completed,online,2025-06-06,NO
54,6588,34360,278.84,failed,online,2025-06-06,NO
752,38132,34729,314.03,failed,online,2025-06-06,NO
3091,5491,38853,857.92,completed,online,2025-06-06,NO
871,7067,40409,894.84,completed,online,2025-06-06,NO
331,14918,40411,111.46,failed,online,2025-06-06,NO
2245,34546,44935,1744.39,completed,online,2025-06-06,NO
695,34680,45699,1318.55,failed,online,2025-06-06,NO
4149,18236,48488,1117.6,completed,online,2025-06-06,NO
2743,28817,48502,318.43,completed,online,2025-06-06,NO
2938,30316,49409,1841.3,failed,online,2025-06-06,NO
1988,29317,49890,717.76,failed,online,2025-06-06,NO
4225,38436,54541,564.54,failed,online,2025-06-06,NO
2715,8216,56327,967.63,failed,online,2025-06-06,NO
1974,15404,56493,1157.9,failed,online,2025-06-06,NO
4768,13806,57988,1772.82,completed,online,2025-06-06,NO
1,30770,59196,1502.07,failed,online,2025-06-06,NO
1913,14998,59692,357.21,failed,online,2025-06-06,NO
1092,17705,59755,1303.03,failed,online,2025-06-06,NO
1,38805,62038,5595.631857576518,failed,online,2025-06-06,NO
2440,28967,62822,288.3,failed,online,2025-06-06,NO
1402,27790,63866,718.79,completed,online,2025-06-06,NO
2951,17422,66166,450.38,failed,online,2025-06-06,NO
1,17546,68160,1869.38,failed,online,2025-06-06,NO
2705,28991,69329,90.36,completed,online,2025-06-06,NO
3617,6996,72271,1172.86,failed,online,2025-06-06,NO
4731,44213,72638,718.08,failed,online,2025-06-06,NO
1146,49861,75490,291.0,completed,online,2025-06-06,NO
1,23962,76228,190.81,failed,online,2025-06-06,NO
1,36958,77155,500.65,completed,online,2025-06-06,NO
1,42710,80150,133.63,failed,online,2025-06-06,NO
1134,42452,80669,964.01,failed,online,2025-06-06,NO
1040,35350,82582,196.55,failed,online,2025-06-06,NO
228,49865,83774,623.99,completed,UNKNOWN,2025-06-06,NO
2402,4989,83895,900.54,completed,online,2025-06-06,NO
4064,23314,84663,562.77,failed,online,2025-06-06,NO
4217,39527,85126,545.69,completed,online,2025-06-06,NO
3967,2573,88638,1007.63,failed,online,2025-06-06,NO
2490,44598,91141,458.08,failed,online,2025-06-06,NO
1038,29652,92802,693.23,failed,online,2025-06-06,NO
1,41818,93291,18.21,completed,online,2025-06-06,NO
2673,5458,95677,677.78,completed,online,2025-06-06,NO
1,32727,100110,1173.11,failed,online,2025-06-06,NO
1,34905,101726,673.7,failed,online,2025-06-06,NO
1,10925,103664,327.21,completed,online,2025-06-06,NO
455,7618,104500,1679.71,completed,online,2025-06-06,NO
1944,10052,105464,1502.14,completed,online,2025-06-06,NO
1,22036,105632,1966.62,completed,online,2025-06-06,NO
1,20098,113187,1379.75,failed,online,2025-06-06,NO
1,3646,115653,1700.19,failed,online,2025-06-06,NO
2072,29670,116537,767.11,completed,online,2025-06-06,NO
1,43859,116616,1749.81,completed,online,2025-06-06,NO
1,7411,117310,1001.23,completed,online,2025-06-06,NO
1,23427,117483,274.18,completed,online,2025-06-06,NO
4574,21382,117908,1856.28,completed,online,2025-06-06,NO
1,36648,120802,1815.66,completed,online,2025-06-06,NO
748,26731,123489,910.71,completed,online,2025-06-06,NO
1,10929,124630,1257.73,failed,online,2025-06-06,NO
1935,4334,124685,1393.03,failed,online,2025-06-06,NO
1,24283,124978,988.46,completed,online,2025-06-06,NO
2359,31696,125020,1653.51,completed,online,2025-06-06,NO
437,49578,127302,866.66,failed,online,2025-06-06,NO
465,11501,127934,1857.74,failed,online,2025-06-06,NO
3426,22187,128345,107.76,failed,online,2025-06-06,NO
4126,43228,136934,798.0,completed,online,2025-06-06,NO
3722,6847,139564,728.96,completed,online,2025-06-06,NO
1,39747,140837,259.2,completed,online,2025-06-06,NO
3371,42625,142446,524.76,completed,online,2025-06-06,NO
3519,27724,143386,285.32,failed,online,2025-06-06,NO
3793,21454,147272,550.27,failed,online,2025-06-06,NO
1014,31797,147300,411.6,completed,online,2025-06-06,NO
3104,4990,147457,346.04,failed,online,2025-06-06,NO
4708,44288,155,1423.22,failed,online,2025-09-30,NO
2124,47565,604,858.13,failed,online,2025-09-30,NO
2131,32215,974,930.72,completed,online,2025-09-30,NO
1,26821,1226,678.47,completed,online,2025-09-30,NO
3480,32179,1820,1773.62,failed,online,2025-09-30,NO
2351,7736,4896,384.5,completed,online,2025-09-30,NO
356,9763,12034,647.96,completed,online,2025-09-30,NO
626,3159,12077,1708.95,completed,UNKNOWN,2025-09-30,NO
1,36754,12526,1829.69,completed,online,2025-09-30,NO
133,46420,13584,1932.15,completed,online,2025-09-30,NO
1767,7710,17213,195.12,failed,online,2025-09-30,NO
1,25814,18821,273.08,failed,online,2025-09-30,NO
3113,30802,20467,935.73,completed,online,2025-09-30,NO
2055,30309,21369,1645.67,completed,online,2025-09-30,NO
4005,29670,22846,642.4,completed,online,2025-09-30,NO
1727,36245,28001,961.37,failed,online,2025-09-30,NO
1560,27585,28376,573.0,completed,online,2025-09-30,NO
1,32160,28687,985.16,failed,UNKNOWN,2025-09-30,NO
1,3151,37536,999.48,completed,online,2025-09-30,NO
3546,48795,38176,1107.87,completed,online,2025-09-30,NO
2453,46047,38491,1080.81,failed,online,2025-09-30,NO
916,43193,39965,223.44,completed,online,2025-09-30,NO
4524,11319,41765,1666.42,completed,online,2025-09-30,NO
1202,7442,41924,1836.33,failed,online,2025-09-30,NO
265,18472,42320,554.9,failed,online,2025-09-30,NO
4435,2696,45635,1940.65,completed,online,2025-09-30,NO
167,22022,46542,1444.93,failed,online,2025-09-30,NO
460,22821,49182,1942.53,failed,online,2025-09-30,NO
1997,33848,49328,140.72,failed,online,2025-09-30,NO
1,10864,49435,34.36,failed,online,2025-09-30,NO
1,48027,49769,1582.13,completed,online,2025-09-30,NO
1,17490,55938,962.12,completed,online,2025-09-30,NO
1974,33345,56264,1325.78,failed,online,2025-09-30,NO
4273,44067,56850,1469.39,failed,online,2025-09-30,NO
3384,46462,58687,1789.91,completed,online,2025-09-30,NO
1925,43125,62241,307.91,failed,online,2025-09-30,NO
24,43835,62261,1221.38,completed,online,2025-09-30,NO
646,38905,63854,1226.39,failed,online,2025-09-30,NO
2939,41759,64698,807.65,failed,online,2025-09-30,NO
1416,8320,66119,1857.54,completed,online,2025-09-30,NO
4407,29938,67069,1772.23,completed,online,2025-09-30,NO
2658,28982,67240,1865.54,failed,online,2025-09-30,NO
4949,365,71317,934.12,failed,online,2025-09-30,NO
3324,6406,71457,142.17,completed,online,2025-09-30,NO
854,2826,73044,832.93,completed,online,2025-09-30,NO
2448,43399,76581,1406.57,failed,online,2025-09-30,NO
1551,2630,77706,481.59,completed,online,2025-09-30,NO
2928,48892,78608,369.54,failed,online,2025-09-30,NO
3803,48911,81832,431.37,completed,online,2025-09-30,NO
1320,47223,82141,253.28,completed,online,2025-09-30,NO
3006,31702,84203,349.05,completed,online,2025-09-30,NO
1,15230,84980,1984.43,completed,online,2025-09-30,NO
1,10312,89507,1827.11,failed,online,2025-09-30,NO
1513,17403,89929,1428.64,failed,online,2025-09-30,NO
1284,28518,94554,1818.6,failed,online,2025-09-30,NO
1217,39271,94576,755.2,failed,online,2025-09-30,NO
4481,9346,97238,728.58,failed,online,2025-09-30,NO
1,33848,101846,528.86,failed,online,2025-09-30,NO
2023,19623,103004,249.97,failed,online,2025-09-30,NO
3062,20043,106168,1567.56,failed,online,2025-09-30,NO
3079,44933,107713,1241.23,completed,online,2025-09-30,NO
519,2092,109039,651.64,completed,online,2025-09-30,NO
4218,20448,109214,824.76,failed,online,2025-09-30,NO
4645,10014,109830,1668.29,completed,online,2025-09-30,NO
2317,30514,113132,1981.59,completed,online,2025-09-30,NO
1312,6254,114513,1984.74,completed,online,2025-09-30,NO
3868,18618,117058,430.45,failed,online,2025-09-30,NO
4908,42546,118839,1158.7,failed,online,2025-09-30,NO
1751,36156,122060,1278.58,completed,online,2025-09-30,NO
1353,13677,124135,1099.39,failed,online,2025-09-30,NO
3235,29795,124906,94.75,completed,online,2025-09-30,NO
4356,24617,125615,821.12,completed,online,2025-09-30,NO
2302,43145,127420,272.91,completed,online,2025-09-30,NO
4568,39690,127542,1845.62,failed,online,2025-09-30,NO
3761,21796,131009,1382.98,completed,online,2025-09-30,NO
1,32803,131585,559.55,completed,online,2025-09-30,NO
4851,33244,131675,1272.59,completed,online,2025-09-30,NO
3774,38236,132388,885.07,completed,online,2025-09-30,NO
4560,45568,133967,68.51,completed,online,2025-09-30,NO
651,28983,136358,250.72,completed,online,2025-09-30,NO
4936,12485,141005,849.93,failed,online,2025-09-30,NO
1,44556,141586,1267.5,completed,online,2025-09-30,NO
4647,8561,145347,1021.2,failed,online,2025-09-30,NO
1118,42632,149678,7675.525675828414,failed,online,2025-09-30,NO
1,1325,1123,1847.21,completed,online,2025-06-15,NO
3249,31290,1154,661.11,completed,online,2025-06-15,NO
1,41787,2199,975.45,completed,online,2025-06-15,NO
3612,23965,2881,793.1,completed,online,2025-06-15,NO
1820,21756,4967,1912.18,completed,online,2025-06-15,NO
1321,43342,5664,791.62,completed,online,2025-06-15,NO
2736,34214,5800,1434.1,failed,online,2025-06-15,NO
4307,23790,6429,1883.03,failed,online,2025-06-15,NO
1,325,10142,359.24,completed,online,2025-06-15,NO
320,31558,10554,1280.58,failed,online,2025-06-15,NO
2367,47835,10781,1042.13,failed,online,2025-06-15,NO
1,9120,14129,861.62,completed,online,2025-06-15,NO
1084,17400,14430,120.63,completed,online,2025-06-15,NO
1978,19104,15043,487.67,completed,online,2025-06-15,NO
1852,3795,16886,1691.16,failed,UNKNOWN,2025-06-15,NO
4773,21993,17083,1935.15,failed,online,2025-06-15,NO
3068,29100,17758,1558.07,failed,online,2025-06-15,NO
3048,16711,19744,660.24,failed,online,2025-06-15,NO
1,30492,25330,445.45,completed,online,2025-06-15,NO
855,9948,28117,1794.86,failed,online,2025-06-15,NO
1,16028,29168,1627.44,failed,online,2025-06-15,NO
2282,6666,29429,592.06,failed,online,2025-06-15,NO
1,6268,34577,1581.72,completed,online,2025-06-15,NO
877,2712,36662,183.34,completed,online,2025-06-15,NO
1791,9578,36915,602.13,failed,online,2025-06-15,NO
4939,35449,39750,880.21,completed,online,2025-06-15,NO
2301,18673,40695,1437.8,completed,online,2025-06-15,NO
609,10791,41503,721.89,failed,online,2025-06-15,NO
1,18769,41686,1803.94,completed,online,2025-06-15,NO
1,5843,42565,1176.06,failed,online,2025-06-15,NO
2793,29428,42927,231.69,completed,online,2025-06-15,NO
4758,37797,44286,854.38,completed,online,2025-06-15,NO
4518,18242,44600,779.7,failed,online,2025-06-15,NO
535,46197,51789,1242.63,completed,online,2025-06-15,NO
1649,16190,52176,1343.2,completed,online,2025-06-15,NO
2891,34394,54529,1270.88,failed,online,2025-06-15,NO
4738,14584,54757,751.45,failed,online,2025-06-15,NO
1,45603,55548,9710.524448964521,failed,online,2025-06-15,NO
2423,43191,55986,1166.08,completed,online,2025-06-15,NO
3907,31424,58102,1284.85,completed,online,2025-06-15,NO
1,23680,61902,1631.35,failed,online,2025-06-15,NO
2734,46370,62030,306.33,failed,online,2025-06-15,NO
2022,35084,62859,357.57,failed,online,2025-06-15,NO
29,25298,64248,1880.71,completed,online,2025-06-15,NO
1656,38226,66727,667.76,completed,online,2025-06-15,NO
3910,26320,66989,1095.68,completed,online,2025-06-15,NO
2329,20804,73189,770.13,failed,online,2025-06-15,NO
234,27908,73420,450.71,completed,online,2025-06-15,NO
994,9988,75035,1820.56,completed,online,2025-06-15,NO
2244,43228,76874,1488.18,failed,online,2025-06-15,NO
1117,35870,81519,387.36,completed,online,2025-06-15,NO
877,23098,82635,1836.02,completed,online,2025-06-15,NO
3512,27084,85930,1185.7,failed,online,2025-06-15,NO
1623,21406,88112,399.93,completed,online,2025-06-15,NO
472,42234,89605,42.55,failed,online,2025-06-15,NO
2458,19350,89996,1189.22,completed,online,2025-06-15,NO
4076,40423,94493,1159.97,failed,online,2025-06-15,NO
1704,3504,97008,1068.37,completed,online,2025-06-15,NO
134,12412,100365,1362.17,completed,online,2025-06-15,NO
1,36159,101282,693.69,failed,online,2025-06-15,NO
1,36636,103015,696.48,failed,online,2025-06-15,NO
3608,11135,109059,755.02,failed,online,2025-06-15,NO
2367,41457,115087,148.17,failed,online,2025-06-15,NO
3560,15135,115945,484.66,failed,online,2025-06-15,NO
3845,46543,120600,1042.21,completed,online,2025-06-15,NO
3841,14800,122780,1490.24,completed,online,2025-06-15,NO
2337,26928,123497,298.79,failed,online,2025-06-15,NO
1829,43219,125557,1818.95,completed,online,2025-06-15,NO
4702,10025,127253,1581.19,completed,UNKNOWN,2025-06-15,NO
3802,36138,128298,1708.21,failed,online,2025-06-15,NO
48,45373,133706,496.63,completed,online,2025-06-15,NO
261,31690,133857,1725.08,completed,online,2025-06-15,NO
2252,19509,134055,418.11,completed,online,2025-06-15,NO
2493,49009,135904,780.73,completed,online,2025-06-15,NO
1,7451,136024,1058.06,failed,online,2025-06-15,NO
4141,10647,136733,192.35,completed,online,2025-06-15,NO
1788,2981,140945,915.34,completed,online,2025-06-15,NO
2081,6898,141527,574.4,completed,online,2025-06-15,NO
4703,45581,141535,31.94,failed,online,2025-06-15,NO
4699,41465,141622,1552.89,failed,online,2025-06-15,NO
1,4245,143755,1067.49,completed,online,2025-06-15,NO
3419,44842,145086,891.69,completed,online,2025-06-15,NO
1,18630,145353,1926.58,completed,online,2025-06-15,NO
2547,25015,147119,1136.4,failed,online,2025-06-15,NO
3591,28266,911,1473.79,failed,online,2025-07-22,NO
1,5238,1115,1154.69,completed,online,2025-07-22,NO
1130,2880,2862,1340.84,completed,online,2025-07-22,NO
2506,22414,4168,752.7,completed,online,2025-07-22,NO
1,28155,4250,1163.14,completed,online,2025-07-22,NO
1,12196,6200,1649.24,failed,online,2025-07-22,NO
3172,24644,6377,146.0,completed,online,2025-07-22,NO
3817,42703,8745,821.73,completed,online,2025-07-22,NO
1988,42509,9407,297.42,completed,online,2025-07-22,NO
4008,12889,11087,1975.76,failed,online,2025-07-22,NO
1,34112,11726,43.96,failed,online,2025-07-22,NO
726,30955,12963,1656.36,completed,online,2025-07-22,NO
1,19346,14581,1750.56,failed,online,2025-07-22,NO
3945,7865,14924,708.21,completed,online,2025-07-22,NO
1708,20524,16931,1211.93,failed,online,2025-07-22,NO
3985,24747,17897,1444.67,completed,online,2025-07-22,NO
1024,28905,20288,773.79,failed,online,2025-07-22,NO
4231,43745,20522,1865.28,failed,online,2025-07-22,NO
1,6070,20686,139.12,completed,UNKNOWN,2025-07-22,NO
4149,13873,20861,1268.31,completed,online,2025-07-22,NO
4975,4244,21060,869.1,failed,online,2025-07-22,NO
1387,23352,22718,1693.12,completed,online,2025-07-22,NO
2713,7252,23006,1917.89,failed,online,2025-07-22,NO
3785,30881,28178,1288.73,failed,online,2025-07-22,NO
1,22959,30152,1014.74,completed,online,2025-07-22,NO
2133,44558,36028,1948.73,failed,online,2025-07-22,NO
4542,11802,37739,1990.42,completed,online,2025-07-22,NO
1,45869,40306,1670.21,completed,online,2025-07-22,NO
2401,40843,46934,705.54,failed,online,2025-07-22,NO
4132,17902,47150,602.26,failed,online,2025-07-22,NO
3642,11550,47335,593.61,failed,UNKNOWN,2025-07-22,NO
1,12262,53907,1246.96,failed,online,2025-07-22,NO
102,6730,54438,346.96,completed,online,2025-07-22,NO
2473,45813,55426,103.98,failed,online,2025-07-22,NO
1353,40792,58313,44.03,failed,online,2025-07-22,NO
16,36600,61146,1488.79,completed,online,2025-07-22,NO
1,22639,62483,1932.14,completed,online,2025-07-22,NO
653,20184,63777,250.28,completed,online,2025-07-22,NO
3698,47920,64760,859.79,failed,online,2025-07-22,NO
1782,26630,64876,1465.31,failed,online,2025-07-22,NO
104,490,67493,1810.7,failed,UNKNOWN,2025-07-22,NO
1561,24715,68112,1791.94,completed,online,2025-07-22,NO
1,18389,69912,1154.77,completed,online,2025-07-22,NO
4598,4701,70144,496.09,failed,online,2025-07-22,NO
4027,31951,70179,609.84,completed,online,2025-07-22,NO
3561,14344,72619,236.13,completed,online,2025-07-22,NO
2878,4194,74072,1201.1,failed,online,2025-07-22,NO
937,36278,77392,1290.49,failed,online,2025-07-22,NO
2408,34222,78252,296.64,completed,online,2025-07-22,NO
4482,11844,78809,59.5,failed,online,2025-07-22,NO
1,29224,80588,163.91,failed,online,2025-07-22,NO
4791,216,80589,613.9,completed,online,2025-07-22,NO
4520,33277,81596,1717.1,completed,online,2025-07-22,NO
4264,21323,84211,1551.54,completed,online,2025-07-22,NO
4262,29678,87459,1796.94,completed,online,2025-07-22,NO
380,4539,89111,194.48,failed,online,2025-07-22,NO
1031,31217,91863,1361.8,failed,online,2025-07-22,NO
7,41873,94666,734.05,failed,online,2025-07-22,NO
4751,11163,96344,1989.59,failed,online,2025-07-22,NO
2675,14611,97675,569.25,completed,online,2025-07-22,NO
2741,31878,100680,1794.05,completed,online,2025-07-22,NO
45,22495,101349,35.44,completed,online,2025-07-22,NO
1245,47938,101590,1404.39,failed,online,2025-07-22,NO
3882,13366,102087,1240.54,completed,online,2025-07-22,NO
3016,35667,104560,279.34,failed,online,2025-07-22,NO
1172,46085,109507,1463.78,completed,online,2025-07-22,NO
4751,13545,115615,255.46,completed,online,2025-07-22,NO
1151,7077,115833,794.26,completed,online,2025-07-22,NO
427,4900,116176,605.99,failed,online,2025-07-22,NO
3285,5456,120188,1273.17,failed,online,2025-07-22,NO
805,26422,125915,1508.96,completed,online,2025-07-22,NO
997,45639,125960,1460.98,completed,online,2025-07-22,NO
1,45659,126180,1147.57,completed,online,2025-07-22,NO
4952,26039,130052,914.52,completed,online,2025-07-22,NO
4021,26251,136788,595.21,completed,online,2025-07-22,NO
639,47461,140707,1176.12,completed,UNKNOWN,2025-07-22,NO
3770,16419,142814,1726.53,completed,online,2025-07-22,NO
280,17854,143528,1575.29,failed,online,2025-07-22,NO
1,28535,144591,9199.285979032533,failed,online,2025-07-22,NO
3783,16220,144900,1127.21,completed,online,2025-07-22,NO
2985,12399,145682,1693.2,completed,online,2025-07-22,NO
2026,25056,147087,1964.01,failed,online,2025-07-22,NO
2093,12147,147176,1733.22,completed,online,2025-07-22,NO
4171,49296,148459,826.21,failed,online,2025-07-22,NO
2331,12461,71,1227.24,failed,online,2025-11-09,NO
557,20832,1174,1759.43,completed,online,2025-11-09,NO
4225,616,1612,1665.96,failed,online,2025-11-09,NO
2369,41890,2931,1946.51,failed,online,2025-11-09,NO
1,37541,3758,1985.63,failed,online,2025-11-09,NO
681,6260,3770,1546.23,completed,online,2025-11-09,NO
3386,48702,4776,183.02,failed,online,2025-11-09,NO
1,8059,7811,1760.99,failed,online,2025-11-09,NO
3172,22622,10196,416.18,failed,online,2025-11-09,NO
4890,42951,10521,1775.23,failed,online,2025-11-09,NO
4746,47611,13760,5271.140765021255,failed,online,2025-11-09,NO
3606,17241,14200,1507.01,completed,online,2025-11-09,NO
531,32170,14401,1882.5,failed,online,2025-11-09,NO
3705,28241,14933,725.5,completed,online,2025-11-09,NO
1,35060,15864,44.13,failed,online,2025-11-09,NO
2640,34394,21291,1879.21,completed,online,2025-11-09,NO
2077,43921,21613,734.56,failed,online,2025-11-09,NO
1564,11201,21717,1037.87,failed,online,2025-11-09,NO
1,12580,26190,1742.85,failed,online,2025-11-09,NO
940,2416,26807,623.03,failed,online,2025-11-09,NO
3085,23779,27008,673.28,failed,online,2025-11-09,NO
2631,43692,27867,269.22,failed,online,2025-11-09,NO
4674,3656,34191,1364.89,failed,online,2025-11-09,NO
1530,658,40003,441.61,failed,online,2025-11-09,NO
1224,27211,40274,416.86,completed,online,2025-11-09,NO
1029,1676,42214,863.89,completed,online,2025-11-09,NO
3185,41469,46525,1205.6,completed,online,2025-11-09,NO
1924,44159,47275,1162.69,failed,online,2025-11-09,NO
3438,10244,49760,1021.09,failed,online,2025-11-09,NO
2119,41631,50571,935.57,failed,online,2025-11-09,NO
2920,6588,50892,1513.41,completed,online,2025-11-09,NO
880,18843,54054,1704.72,completed,online,2025-11-09,NO
1455,36141,54613,1754.03,failed,online,2025-11-09,NO
1,48770,55094,1121.72,failed,online,2025-11-09,NO
1241,29146,60431,1766.6,completed,online,2025-11-09,NO
2937,44562,61379,1469.1,completed,online,2025-11-09,NO
4017,37208,64755,1754.33,failed,online,2025-11-09,NO
2547,2819,69677,550.16,completed,online,2025-11-09,NO
1,9135,70212,1936.7,failed,online,2025-11-09,NO
3073,44057,75663,1581.83,completed,online,2025-11-09,NO
358,10682,78652,1425.12,completed,online,2025-11-09,NO
4283,18291,78687,871.49,failed,online,2025-11-09,NO
1,22405,79795,965.29,completed,online,2025-11-09,NO
254,34918,80137,1710.94,completed,online,2025-11-09,NO
4662,44319,80472,494.2,failed,online,2025-11-09,NO
1685,40840,81221,1551.67,failed,online,2025-11-09,NO
1163,16004,82554,894.2,completed,online,2025-11-09,NO
2886,35183,82811,1382.4,completed,online,2025-11-09,NO
315,8998,83634,1729.86,failed,online,2025-11-09,NO
2069,17780,83926,727.85,failed,online,2025-11-09,NO
1,47239,84997,1294.39,failed,online,2025-11-09,NO
3038,37087,86442,1941.6,completed,online,2025-11-09,NO
1,6061,87186,1238.24,completed,online,2025-11-09,NO
4170,7337,87860,1611.77,completed,online,2025-11-09,NO
4458,16157,93820,330.48,completed,online,2025-11-09,NO
2876,21480,97014,1031.65,failed,online,2025-11-09,NO
1,35675,99273,891.52,failed,online,2025-11-09,NO
4542,17628,99917,968.12,failed,online,2025-11-09,NO
1329,23117,101857,1208.57,failed,online,2025-11-09,NO
4230,46111,105607,1699.76,completed,online,2025-11-09,NO
1324,27580,106740,1944.37,failed,online,2025-11-09,NO
52,46565,108788,1795.2,completed,online,2025-11-09,NO
450,33325,109834,477.5,completed,online,2025-11-09,NO
2358,24919,113026,1291.4,failed,online,2025-11-09,NO
3619,18840,113532,1849.29,failed,online,2025-11-09,NO
1625,30231,119163,940.48,failed,online,2025-11-09,NO
1013,36493,119825,324.86,failed,online,2025-11-09,NO
3255,34670,124015,1484.88,failed,online,2025-11-09,NO
1,33897,124167,533.22,completed,online,2025-11-09,NO
260,7095,125900,443.22,failed,UNKNOWN,2025-11-09,NO
2333,44859,128170,1685.03,completed,online,2025-11-09,NO
3621,18670,128191,613.18,completed,online,2025-11-09,NO
767,33760,129110,1592.78,failed,online,2025-11-09,NO
1,16108,130044,452.64,failed,online,2025-11-09,NO
696,18170,132007,485.69,completed,UNKNOWN,2025-11-09,NO
2267,12314,133840,1740.94,failed,online,2025-11-09,NO
1274,31095,134299,926.81,failed,online,2025-11-09,NO
1344,1030,135915,1374.09,completed,online,2025-11-09,NO
2315,5026,138901,1271.21,failed,online,2025-11-09,NO
1,14290,140302,395.94,failed,online,2025-11-09,NO
3559,4075,145631,664.25,failed,online,2025-11-09,NO
97,40097,146800,896.98,completed,online,2025-11-09,NO
1636,24063,147257,92.05,completed,online,2025-11-09,NO
1,11265,149114,1196.67,failed,online,2025-11-09,NO
1,22994,149860,1478.92,failed,online,2025-11-09,NO
