product_id,customer_id,transaction_id,amount,status,channel,transaction_date,fraud_flag
2763,31030,1200,1561.29,failed,online,2025-04-18,NO
1,39161,4690,1115.05,failed,online,2025-04-18,NO
1233,1695,10859,214.69,completed,online,2025-04-18,NO
2323,28261,11385,1372.4,failed,online,2025-04-18,NO
1619,6443,14983,193.88,completed,online,2025-04-18,NO
3046,25315,15736,693.26,completed,online,2025-04-18,NO
2545,8069,17579,1530.66,completed,online,2025-04-18,NO
1620,41606,20919,1194.36,completed,online,2025-04-18,NO
1927,13041,21638,966.19,failed,online,2025-04-18,NO
4487,8638,23134,832.12,failed,online,2025-04-18,NO
4498,49262,28731,1108.48,failed,online,2025-04-18,NO
845,46386,29492,934.33,failed,online,2025-04-18,NO
3952,16775,30247,288.18,completed,online,2025-04-18,NO
2408,22552,33605,1941.62,failed,online,2025-04-18,NO
4258,17340,33834,707.23,completed,online,2025-04-18,NO
2803,512,34854,1746.16,failed,online,2025-04-18,NO
2779,25742,35598,861.13,completed,online,2025-04-18,NO
3467,995,35707,170.7,completed,online,2025-04-18,NO
3761,21176,36834,1480.52,failed,online,2025-04-18,NO
3364,19201,37468,1579.92,failed,online,2025-04-18,NO
4340,19352,38221,1174.9,completed,online,2025-04-18,NO
3761,42757,43376,1512.57,completed,online,2025-04-18,NO
3149,30658,48290,1676.44,completed,online,2025-04-18,NO
4530,6022,52482,1875.78,completed,online,2025-04-18,NO
1,37910,53065,1904.5,completed,online,2025-04-18,NO
1,18194,55603,583.81,failed,online,2025-04-18,NO
3520,32996,55723,1183.89,failed,online,2025-04-18,NO
1,16544,55842,772.58,failed,online,2025-04-18,NO
1061,40145,56216,747.0,failed,online,2025-04-18,NO
3181,3075,56892,1108.01,failed,online,2025-04-18,NO
74,10578,57699,1341.2,failed,online,2025-04-18,NO
2447,33522,58076,1136.35,completed,online,2025-04-18,NO
264,37823,59432,1534.49,completed,online,2025-04-18,NO
2338,25697,59714,1909.09,failed,online,2025-04-18,NO
2891,3534,60085,751.08,failed,online,2025-04-18,NO
1002,19352,61280,679.47,completed,online,2025-04-18,NO
1913,30307,62296,127.56,completed,online,2025-04-18,NO
635,18738,64034,413.32,failed,online,2025-04-18,NO
4844,7279,64106,682.85,failed,online,2025-04-18,NO
740,21049,65902,1907.26,failed,online,2025-04-18,NO
3202,20406,66952,1740.15,failed,online,2025-04-18,NO
4358,33570,67345,256.27,failed,online,2025-04-18,NO
2919,2090,71988,1996.99,failed,online,2025-04-18,NO
1513,40994,73798,1159.96,failed,online,2025-04-18,NO
4743,21470,77395,765.82,failed,online,2025-04-18,NO
2767,36960,80797,891.44,failed,online,2025-04-18,NO
2021,8718,81146,1083.23,failed,online,2025-04-18,NO
1964,35200,81474,1270.93,completed,online,2025-04-18,NO
1849,47664,83193,898.43,completed,online,2025-04-18,NO
4178,24059,84119,1900.45,completed,online,2025-04-18,NO
4710,13605,87343,1889.42,failed,online,2025-04-18,NO
1,41095,88901,1973.6,completed,online,2025-04-18,NO
2361,48334,90448,274.17,failed,online,2025-04-18,NO
3963,29786,93408,1080.05,completed,online,2025-04-18,NO
1,10579,94581,826.51,completed,online,2025-04-18,NO
1497,23178,95607,1576.68,completed,online,2025-04-18,NO
1,26690,98357,1919.57,failed,online,2025-04-18,NO
1,22978,98938,802.12,failed,online,2025-04-18,NO
3131,35105,101318,340.52,completed,online,2025-04-18,NO
3542,21341,105532,1559.76,completed,online,2025-04-18,NO
3088,1163,111746,739.84,failed,online,2025-04-18,NO
2300,28899,111788,369.89,completed,online,2025-04-18,NO
1934,35487,113347,1187.94,failed,online,2025-04-18,NO
1223,1228,114174,1894.1,failed,online,2025-04-18,NO
1909,1500,115702,1880.38,failed,online,2025-04-18,NO
525,4488,116173,564.04,completed,online,2025-04-18,NO
4057,46768,118415,1258.15,completed,online,2025-04-18,NO
3386,9186,122482,1689.94,completed,online,2025-04-18,NO
1,30816,123334,1404.12,failed,online,2025-04-18,NO
1821,3985,124499,599.3,completed,online,2025-04-18,NO
4341,29645,125019,1911.73,failed,online,2025-04-18,NO
4150,9394,127905,1112.33,completed,online,2025-04-18,NO
1,4126,128778,1502.29,failed,online,2025-04-18,NO
3927,26723,129450,1087.76,completed,online,2025-04-18,NO
1,14192,131857,9884.254714922801,completed,online,2025-04-18,NO
1,284,132886,1116.29,completed,UNKNOWN,2025-04-18,NO
103,25479,134799,1535.19,failed,online,2025-04-18,NO
1582,2215,134906,371.38,completed,online,2025-04-18,NO
1,44698,137240,1504.41,failed,online,2025-04-18,NO
3244,42551,137258,1825.64,completed,online,2025-04-18,NO
1,9380,140954,1148.24,completed,online,2025-04-18,NO
617,38905,143229,1537.66,failed,online,2025-04-18,NO
1,5425,144010,1726.76,completed,online,2025-04-18,NO
1113,6231,145862,277.12,completed,online,2025-04-18,NO
1,28491,148083,1145.93,failed,online,2025-04-18,NO
2379,14756,1111,324.63,failed,online,2025-10-01,NO
4963,33442,1966,1254.47,completed,online,2025-10-01,NO
758,216,3047,1016.86,failed,online,2025-10-01,NO
2324,5934,6198,155.76,completed,online,2025-10-01,NO
4680,25947,8662,466.2,completed,online,2025-10-01,NO
4477,29949,10637,1263.62,failed,online,2025-10-01,NO
1905,26425,12022,1751.62,completed,online,2025-10-01,NO
2369,37987,13438,1134.54,failed,online,2025-10-01,NO
3195,25610,14394,1882.47,completed,online,2025-10-01,NO
2888,23348,15828,231.38,failed,online,2025-10-01,NO
1,15209,16633,457.35,completed,online,2025-10-01,NO
4447,26729,17214,546.41,failed,online,2025-10-01,NO
1580,15066,18111,85.94,completed,online,2025-10-01,NO
4654,33384,18160,1035.43,failed,online,2025-10-01,NO
4447,44271,21148,304.42,completed,online,2025-10-01,NO
1338,42111,21835,1909.61,failed,online,2025-10-01,NO
4623,10354,24750,726.71,failed,online,2025-10-01,NO
1952,6491,27292,461.1,failed,online,2025-10-01,NO
4750,36288,29116,114.07,completed,online,2025-10-01,NO
4755,17981,29455,1480.85,failed,online,2025-10-01,NO
3242,48752,33795,623.17,completed,online,2025-10-01,NO
3827,47491,35350,1353.67,failed,online,2025-10-01,NO
1302,11928,36001,1574.18,failed,online,2025-10-01,NO
1,36035,42250,411.94,completed,UNKNOWN,2025-10-01,NO
4064,20296,42291,996.45,failed,online,2025-10-01,NO
2960,40717,42714,198.32,completed,online,2025-10-01,NO
4262,5376,43382,1899.27,failed,online,2025-10-01,NO
242,47384,43648,1378.43,failed,online,2025-10-01,NO
2133,1149,43950,1818.39,completed,online,2025-10-01,NO
1786,27296,50530,120.3,failed,online,2025-10-01,NO
4838,27779,53006,954.34,failed,online,2025-10-01,NO
4075,26914,53809,1276.72,failed,online,2025-10-01,NO
1191,23480,54804,80.39,failed,online,2025-10-01,NO
4920,44522,55138,211.37,completed,online,2025-10-01,NO
1,25526,55284,1429.83,failed,online,2025-10-01,NO
1221,49230,56345,1244.89,completed,online,2025-10-01,NO
1,37800,56946,106.85,completed,online,2025-10-01,NO
3906,9694,61252,88.13,completed,online,2025-10-01,NO
4311,5732,63347,229.57,completed,online,2025-10-01,NO
97,5715,63412,1501.67,failed,UNKNOWN,2025-10-01,NO
3972,28521,63679,778.0,completed,UNKNOWN,2025-10-01,NO
3724,12935,66120,488.03,failed,online,2025-10-01,NO
2185,32757,67010,1448.37,completed,online,2025-10-01,NO
1555,7121,72950,1101.85,completed,online,2025-10-01,NO
3815,28550,73523,1489.79,completed,online,2025-10-01,NO
2360,17851,75311,1163.14,completed,online,2025-10-01,NO
3442,37785,77254,82.91,completed,online,2025-10-01,NO
1,2656,77289,1802.91,failed,online,2025-10-01,NO
4953,26558,77494,264.07,completed,online,2025-10-01,NO
2739,24742,78110,1751.26,failed,online,2025-10-01,NO
506,26573,78745,1434.24,completed,online,2025-10-01,NO
3686,38499,78998,212.29,completed,online,2025-10-01,NO
2046,31193,80485,597.29,completed,online,2025-10-01,NO
1059,4760,84450,273.53,failed,online,2025-10-01,NO
552,7831,86895,1910.77,completed,online,2025-10-01,NO
1,17145,87680,1524.42,failed,online,2025-10-01,NO
3841,49747,90118,288.36,completed,online,2025-10-01,NO
4266,17429,93327,1225.57,completed,online,2025-10-01,NO
1,46269,94775,1699.83,failed,online,2025-10-01,NO
1,31977,98411,788.02,completed,online,2025-10-01,NO
4119,20181,98542,378.83,completed,online,2025-10-01,NO
3253,48502,103290,776.02,completed,online,2025-10-01,NO
3785,34048,103822,1788.58,failed,online,2025-10-01,NO
920,29604,104631,212.86,failed,online,2025-10-01,NO
1,12791,107460,423.72,completed,online,2025-10-01,NO
1738,17792,107910,262.77,failed,online,2025-10-01,NO
4113,39698,108821,1780.43,completed,online,2025-10-01,NO
1,35319,112190,95.44,completed,online,2025-10-01,NO
1,45395,113942,1120.64,failed,online,2025-10-01,NO
949,16143,114957,1857.6,completed,online,2025-10-01,NO
1,96,115969,880.44,failed,online,2025-10-01,NO
1790,37674,119626,278.0,completed,online,2025-10-01,NO
4738,10950,120536,1795.79,completed,online,2025-10-01,NO
2999,847,122756,230.46,failed,online,2025-10-01,NO
1487,640,123038,460.4,completed,online,2025-10-01,NO
1,24898,127702,1461.99,failed,online,2025-10-01,NO
869,32826,128043,104.0,completed,online,2025-10-01,NO
4461,6478,138374,1839.49,failed,online,2025-10-01,NO
4848,36128,139177,999.16,completed,online,2025-10-01,NO
832,9913,142399,1828.74,completed,online,2025-10-01,NO
4004,41508,142570,714.73,completed,online,2025-10-01,NO
127,44674,142627,1370.78,failed,online,2025-10-01,NO
2253,39829,144086,1180.46,failed,online,2025-10-01,NO
4207,17594,148928,1740.55,failed,online,2025-10-01,NO
1334,19161,149966,1161.63,completed,online,2025-10-01,NO
4658,38365,334,1270.84,failed,online,2025-02-10,NO
686,34810,364,214.03,completed,online,2025-02-10,NO
3045,210,945,1598.69,completed,online,2025-02-10,NO
2270,23501,1389,1171.19,failed,online,2025-02-10,NO
643,22107,2317,972.02,completed,online,2025-02-10,NO
1725,31445,3564,1389.93,completed,online,2025-02-10,NO
1291,28260,4767,1395.1,failed,online,2025-02-10,NO
983,41608,5161,430.37,completed,online,2025-02-10,NO
3330,48655,6461,64.77,failed,online,2025-02-10,NO
2561,31149,7521,1233.19,completed,online,2025-02-10,NO
1859,36635,8494,1722.36,completed,online,2025-02-10,NO
1437,5832,9042,67.83,completed,online,2025-02-10,NO
3731,34070,13198,1461.24,failed,online,2025-02-10,NO
4614,40536,15126,907.27,failed,online,2025-02-10,NO
2134,20524,16831,758.0,completed,online,2025-02-10,NO
1592,21287,18226,1265.33,completed,online,2025-02-10,NO
3192,34072,19923,1227.8,completed,online,2025-02-10,NO
1790,9319,20707,1866.08,failed,online,2025-02-10,NO
4901,48520,20777,935.24,failed,online,2025-02-10,NO
2803,19829,21304,1982.36,completed,online,2025-02-10,NO
4475,3147,21335,506.17,completed,online,2025-02-10,NO
4904,9186,24685,1982.0,failed,online,2025-02-10,NO
1,12774,26745,1521.88,failed,online,2025-02-10,NO
1340,24345,27419,1497.17,completed,online,2025-02-10,NO
1,16683,27707,1335.98,failed,online,2025-02-10,NO
1809,36222,33146,1481.68,failed,online,2025-02-10,NO
3015,36456,34276,528.1,failed,online,2025-02-10,NO
4369,46275,39332,1523.54,failed,online,2025-02-10,NO
2608,34871,39505,704.59,completed,online,2025-02-10,NO
1,36178,41605,1773.02,completed,online,2025-02-10,NO
1,4310,42206,983.04,completed,online,2025-02-10,NO
898,47972,42338,1004.91,failed,online,2025-02-10,NO
2701,12701,42361,408.85,failed,online,2025-02-10,NO
3995,27790,44502,713.48,failed,online,2025-02-10,NO
1,16683,45470,98.12,failed,online,2025-02-10,NO
4866,1349,46731,349.63,completed,online,2025-02-10,NO
4090,49990,48222,357.76,failed,online,2025-02-10,NO
1,36221,56235,1405.76,completed,online,2025-02-10,NO
1,12809,56275,1082.03,failed,online,2025-02-10,NO
2456,43949,56539,1214.18,failed,online,2025-02-10,NO
3038,23832,62298,1057.86,completed,online,2025-02-10,NO
3545,49663,66017,809.9,completed,online,2025-02-10,NO
3148,43758,69992,1482.15,completed,online,2025-02-10,NO
2828,44007,72101,725.62,failed,online,2025-02-10,NO
2736,7675,74674,1192.33,completed,online,2025-02-10,NO
3630,14808,76146,1120.84,completed,online,2025-02-10,NO
1344,41504,78646,1461.06,failed,online,2025-02-10,NO
58,29602,78739,997.7,failed,online,2025-02-10,NO
3922,42946,80520,543.64,failed,online,2025-02-10,NO
4691,45309,82697,1269.46,completed,online,2025-02-10,NO
2944,32244,83771,41.86,completed,online,2025-02-10,NO
2829,39667,86709,1579.11,completed,online,2025-02-10,NO
4052,43130,86711,651.79,failed,online,2025-02-10,NO
1133,33192,87016,334.11,failed,online,2025-02-10,NO
4003,14026,88539,1947.42,failed,online,2025-02-10,NO
2977,1252,90312,1382.21,failed,online,2025-02-10,NO
4402,17310,98598,1730.48,completed,online,2025-02-10,NO
1,40192,101654,1495.61,completed,online,2025-02-10,NO
2771,11197,101840,1516.52,failed,online,2025-02-10,NO
4729,25162,103613,1810.4,failed,online,2025-02-10,NO
2828,27442,105183,804.88,completed,online,2025-02-10,NO
2495,15506,105472,1280.46,failed,online,2025-02-10,NO
101,13956,106460,1178.95,completed,online,2025-02-10,NO
560,37080,107257,1059.51,completed,online,2025-02-10,NO
4701,32998,110676,1795.63,failed,online,2025-02-10,NO
3858,14950,113318,1366.77,failed,online,2025-02-10,NO
4258,21935,113656,1107.51,failed,UNKNOWN,2025-02-10,NO
4438,2721,114516,256.98,completed,online,2025-02-10,NO
1,37410,114678,301.76,failed,online,2025-02-10,NO
2082,45280,116146,1549.69,failed,online,2025-02-10,NO
1,45798,117775,1366.4,failed,online,2025-02-10,NO
1,40566,118219,1379.82,completed,online,2025-02-10,NO
682,5261,118933,1347.41,failed,online,2025-02-10,NO
3242,28657,125542,1188.48,failed,online,2025-02-10,NO
2201,9471,126093,1500.81,completed,online,2025-02-10,NO
2333,42182,126966,1794.14,failed,online,2025-02-10,NO
739,36820,129485,1263.14,failed,online,2025-02-10,NO
2548,24693,134007,1182.78,failed,online,2025-02-10,NO
4204,28639,136124,1790.95,failed,online,2025-02-10,NO
2330,22225,137781,724.36,completed,online,2025-02-10,NO
475,1275,138110,847.69,completed,UNKNOWN,2025-02-10,NO
2181,19813,145707,750.72,failed,online,2025-02-10,NO
4730,12471,146007,829.4,completed,online,2025-02-10,NO
410,21408,148855,1634.24,completed,online,2025-02-10,NO
702,19117,149123,1729.71,completed,online,2025-02-10,NO
1,13323,811,1610.85,completed,online,2025-03-23,NO
3686,27940,1270,1589.26,completed,online,2025-03-23,NO
624,28836,2821,613.06,failed,online,2025-03-23,NO
980,1162,6746,476.76,completed,online,2025-03-23,NO
3172,20062,12232,995.01,failed,UNKNOWN,2025-03-23,NO
1582,25061,13275,1441.41,completed,online,2025-03-23,NO
2337,12352,14871,800.65,failed,online,2025-03-23,NO
1,19356,21915,1922.92,completed,online,2025-03-23,NO
1,39813,24659,900.28,completed,online,2025-03-23,NO
744,3083,28002,444.79,completed,online,2025-03-23,NO
41,17495,28569,1252.54,failed,online,2025-03-23,NO
1965,48749,31275,949.17,failed,online,2025-03-23,NO
1,2683,34272,1072.79,completed,online,2025-03-23,NO
236,8271,37251,1553.79,failed,online,2025-03-23,NO
4480,14700,37684,999.93,completed,online,2025-03-23,NO
1305,44875,37713,292.12,completed,online,2025-03-23,NO
225,9524,39827,264.65,failed,online,2025-03-23,NO
1866,42173,40691,1980.31,failed,online,2025-03-23,NO
1,39778,41119,1374.32,completed,online,2025-03-23,NO
1,7356,43458,607.55,failed,online,2025-03-23,NO
3556,10102,44309,1732.11,completed,online,2025-03-23,NO
1155,27106,45300,1963.67,completed,online,2025-03-23,NO
1376,31773,45825,650.91,completed,online,2025-03-23,NO
2056,35204,46259,1963.88,completed,online,2025-03-23,NO
1679,21164,48449,1654.97,failed,online,2025-03-23,NO
764,35278,48721,547.74,completed,online,2025-03-23,NO
4106,18691,52074,1184.47,failed,online,2025-03-23,NO
1821,37374,53189,1334.95,failed,online,2025-03-23,NO
118,21883,54546,1886.23,failed,online,2025-03-23,NO
1,21677,55597,879.84,failed,online,2025-03-23,NO
4645,17005,56916,953.73,failed,online,2025-03-23,NO
4340,43004,59177,290.05,completed,online,2025-03-23,NO
2020,11800,61517,931.94,completed,online,2025-03-23,NO
2070,31639,62379,49.71,completed,online,2025-03-23,NO
1120,38375,62458,477.53,completed,online,2025-03-23,NO
557,18458,66975,167.59,completed,online,2025-03-23,NO
1,15842,68414,1660.45,completed,online,2025-03-23,NO
1,26673,70323,429.11,failed,online,2025-03-23,NO
2886,1612,70674,118.71,failed,online,2025-03-23,NO
206,8660,71892,345.58,completed,online,2025-03-23,NO
1530,29608,72266,1962.26,failed,online,2025-03-23,NO
3013,17370,75234,1015.55,failed,online,2025-03-23,NO
4928,44706,76029,754.7,completed,online,2025-03-23,NO
543,31,77387,396.53,failed,online,2025-03-23,NO
1,17318,78101,1800.44,failed,online,2025-03-23,NO
1,12161,79655,1755.38,completed,online,2025-03-23,NO
797,13034,79897,1457.5,completed,online,2025-03-23,NO
2553,2122,80249,1598.45,failed,online,2025-03-23,NO
3495,46427,80252,1251.26,completed,online,2025-03-23,NO
4092,4268,83192,818.79,failed,online,2025-03-23,NO
1,20593,83586,1417.82,failed,online,2025-03-23,NO
1806,14173,84094,1042.0,completed,online,2025-03-23,NO
3427,43892,95302,722.79,completed,online,2025-03-23,NO
1352,46831,98299,988.73,failed,online,2025-03-23,NO
3356,23987,100065,1258.14,failed,online,2025-03-23,NO
4044,1931,101844,1897.63,completed,online,2025-03-23,NO
2933,44654,102486,926.75,completed,online,2025-03-23,NO
3677,22842,103007,1090.33,completed,online,2025-03-23,NO
2944,28348,103883,1855.52,failed,online,2025-03-23,NO
1311,21636,105096,1145.94,failed,online,2025-03-23,NO
1,20036,105574,123.7,failed,online,2025-03-23,NO
37,31811,107284,1755.57,failed,online,2025-03-23,NO
1,32535,107775,1618.64,completed,online,2025-03-23,NO
2279,15458,120669,1739.59,failed,UNKNOWN,2025-03-23,NO
3286,38594,120977,586.72,failed,online,2025-03-23,NO
2278,39902,121981,1123.71,failed,online,2025-03-23,NO
1,42407,123808,1130.39,failed,online,2025-03-23,NO
4794,27640,124853,1891.34,failed,online,2025-03-23,NO
474,49642,128537,48.45,completed,online,2025-03-23,NO
1709,40129,128813,1905.04,failed,online,2025-03-23,NO
3484,12381,129582,693.33,failed,online,2025-03-23,NO
1312,46403,130473,274.94,completed,online,2025-03-23,NO
1951,3144,133325,41.99,completed,online,2025-03-23,NO
4933,20292,135260,1395.47,completed,online,2025-03-23,NO
2454,27128,135736,163.84,failed,online,2025-03-23,NO
140,36656,136580,916.29,completed,online,2025-03-23,NO
3109,19194,138042,1175.1,completed,online,2025-03-23,NO
109,28807,138101,1807.47,completed,online,2025-03-23,NO
1,49167,138402,1874.96,completed,online,2025-03-23,NO
1,19700,138760,1210.84,failed,online,2025-03-23,NO
895,32670,141662,434.6,completed,online,2025-03-23,NO
1100,24312,141992,687.04,completed,online,2025-03-23,NO
4503,10234,142628,1857.36,completed,online,2025-03-23,NO
2821,31882,146550,1777.9,completed,online,2025-03-23,NO
1,32123,148111,1275.17,completed,online,2025-03-23,NO
2241,20249,2423,235.59,completed,UNKNOWN,2025-09-25,NO
3762,33575,4407,20.93,failed,online,2025-09-25,NO
3335,34604,6054,1923.71,failed,online,2025-09-25,NO
3548,44278,6278,505.51,failed,online,2025-09-25,NO
2415,11926,8317,59.5,failed,online,2025-09-25,NO
2509,13596,10328,1301.09,completed,online,2025-09-25,NO
4582,11321,11268,767.24,failed,online,2025-09-25,NO
225,24984,13254,791.39,completed,online,2025-09-25,NO
120,10793,17541,526.84,failed,online,2025-09-25,NO
1876,17380,17582,242.75,failed,online,2025-09-25,NO
1632,19601,19660,1392.07,failed,online,2025-09-25,NO
603,23777,19980,1847.92,completed,online,2025-09-25,NO
1671,38583,20922,965.39,failed,online,2025-09-25,NO
1,7199,23781,979.53,completed,online,2025-09-25,NO
3141,9249,24457,1389.52,failed,online,2025-09-25,NO
4581,6112,24772,357.89,completed,online,2025-09-25,NO
3858,34092,25368,959.06,completed,online,2025-09-25,NO
3223,47991,26941,978.64,failed,online,2025-09-25,NO
3473,46425,28279,597.67,failed,online,2025-09-25,NO
2034,3384,28512,171.85,failed,online,2025-09-25,NO
1,17805,28903,814.99,completed,online,2025-09-25,NO
3024,26213,29229,990.48,completed,online,2025-09-25,NO
3955,40599,33110,1643.93,failed,online,2025-09-25,NO
4446,24791,33128,1825.29,completed,online,2025-09-25,NO
1328,8368,33204,786.37,completed,online,2025-09-25,NO
1,29836,35559,399.17,completed,online,2025-09-25,NO
4011,14548,36663,1753.94,completed,online,2025-09-25,NO
138,25343,42741,1378.08,failed,online,2025-09-25,NO
2704,39697,43838,609.49,failed,online,2025-09-25,NO
1,37007,45289,829.77,completed,online,2025-09-25,NO
4059,19926,58355,641.78,completed,online,2025-09-25,NO
480,39174,59172,7156.288573479857,failed,online,2025-09-25,NO
3712,43396,59202,1633.02,failed,online,2025-09-25,NO
967,41063,60019,729.24,failed,online,2025-09-25,NO
2376,33675,62225,290.06,completed,online,2025-09-25,NO
142,4616,64484,1404.5,completed,online,2025-09-25,NO
1,38695,64690,1710.44,failed,online,2025-09-25,NO
3111,2528,65585,1986.44,completed,online,2025-09-25,NO
1,37696,67631,956.66,completed,online,2025-09-25,NO
3299,13535,67696,774.65,failed,online,2025-09-25,NO
3730,37842,69047,469.51,completed,online,2025-09-25,NO
1,22663,69383,19.23,completed,online,2025-09-25,NO
4392,4352,72970,1955.83,failed,online,2025-09-25,NO
1047,18763,73406,852.84,failed,online,2025-09-25,NO
3325,47664,74476,1428.11,completed,online,2025-09-25,NO
4498,16550,75935,1210.2,completed,online,2025-09-25,NO
41,45811,76497,880.31,completed,online,2025-09-25,NO
2881,32934,82567,1966.83,failed,online,2025-09-25,NO
4582,9182,82646,1527.93,completed,online,2025-09-25,NO
1,5965,84156,316.29,completed,online,2025-09-25,NO
1661,43100,85966,476.19,failed,online,2025-09-25,NO
3470,46470,86218,1649.85,completed,UNKNOWN,2025-09-25,NO
2093,7326,88641,268.32,failed,online,2025-09-25,NO
1696,3,93445,431.89,completed,online,2025-09-25,NO
3328,26627,95087,192.29,completed,online,2025-09-25,NO
3817,29074,95114,685.11,completed,online,2025-09-25,NO
4971,46549,96484,1569.19,failed,online,2025-09-25,NO
5000,46155,98269,1338.91,completed,online,2025-09-25,NO
4364,8704,99084,783.17,completed,online,2025-09-25,NO
1,16694,101379,24.37,completed,online,2025-09-25,NO
4329,41496,103600,685.76,completed,online,2025-09-25,NO
1689,13968,105545,888.19,failed,online,2025-09-25,NO
1,45232,112177,1047.01,completed,online,2025-09-25,NO
1,13040,113774,302.42,failed,online,2025-09-25,NO
1,57,114564,1839.06,failed,online,2025-09-25,NO
2790,19353,118036,521.12,failed,online,2025-09-25,NO
1,26353,119503,446.79,failed,online,2025-09-25,NO
578,1609,120796,414.32,failed,online,2025-09-25,NO
2702,33802,122481,221.63,completed,online,2025-09-25,NO
1,44940,124228,182.83,completed,online,2025-09-25,NO
1103,4812,128073,1071.37,completed,online,2025-09-25,NO
2559,16129,128302,1910.36,completed,online,2025-09-25,NO
27,46739,129588,1684.03,completed,online,2025-09-25,NO
4764,29427,133842,337.15,failed,online,2025-09-25,NO
3681,49783,133977,1541.63,failed,online,2025-09-25,NO
985,3284,134028,585.56,completed,online,2025-09-25,NO
2819,42670,134249,1630.33,failed,online,2025-09-25,NO
3292,37842,136284,1774.81,completed,online,2025-09-25,NO
4561,35150,138528,533.91,failed,online,2025-09-25,NO
1547,12532,144027,145.78,failed,online,2025-09-25,NO
1566,19177,145367,294.21,failed,online,2025-09-25,NO
4679,21589,146636,1940.41,completed,online,2025-09-25,NO
2067,44380,149430,1489.52,failed,online,2025-09-25,NO
1,15289,149553,608.94,completed,online,2025-09-25,NO
4455,36567,149731,1996.58,completed,online,2025-09-25,NO
4569,19564,4581,1362.68,completed,online,2025-01-18,NO
1513,15066,5050,1373.54,failed,online,2025-01-18,NO
2976,6169,7022,199.22,failed,online,2025-01-18,NO
1,31528,7227,876.73,failed,online,2025-01-18,NO
1547,25989,7334,1289.7,completed,online,2025-01-18,NO
2657,32982,9638,1049.27,failed,online,2025-01-18,NO
4159,18838,10106,1789.41,failed,online,2025-01-18,NO
3618,28096,12197,808.24,failed,online,2025-01-18,NO
76,10354,14378,1188.27,failed,online,2025-01-18,NO
3064,16984,14440,751.07,failed,online,2025-01-18,NO
152,11632,15898,21.25,failed,online,2025-01-18,NO
3551,37558,25949,1282.71,completed,online,2025-01-18,NO
1046,43216,26758,791.61,failed,online,2025-01-18,NO
1,1557,31340,1802.1,failed,online,2025-01-18,NO
1,26746,33817,176.82,completed,online,2025-01-18,NO
2116,20368,39009,167.47,failed,online,2025-01-18,NO
4250,45132,39469,1100.85,failed,online,2025-01-18,NO
1012,42780,41754,1659.05,failed,online,2025-01-18,NO
1,11983,44119,1886.76,completed,online,2025-01-18,NO
1723,24593,47023,861.64,failed,online,2025-01-18,NO
4371,45856,48455,1908.53,failed,online,2025-01-18,NO
4699,38463,48675,1682.11,completed,online,2025-01-18,NO
1,6848,50304,260.4,completed,online,2025-01-18,NO
3480,15163,52028,861.49,failed,online,2025-01-18,NO
4978,12096,54266,301.81,completed,online,2025-01-18,NO
4836,38291,55470,681.38,completed,online,2025-01-18,NO
3092,41977,55605,1790.36,completed,online,2025-01-18,NO
3238,7659,56544,152.8,failed,online,2025-01-18,NO
2547,20210,56917,404.32,completed,online,2025-01-18,NO
1,20408,56932,564.59,failed,online,2025-01-18,NO
3238,29218,58571,63.4,completed,online,2025-01-18,NO
4057,14769,60565,1095.93,failed,online,2025-01-18,NO
1,22547,62759,1644.84,completed,online,2025-01-18,NO
2719,14019,65136,1550.09,failed,online,2025-01-18,NO
1,31247,66068,1263.04,completed,online,2025-01-18,NO
3946,10427,66357,1173.44,completed,online,2025-01-18,NO
3093,45850,66597,591.73,failed,online,2025-01-18,NO
2112,49751,67348,1937.74,completed,online,2025-01-18,NO
3409,27900,69559,995.09,failed,online,2025-01-18,NO
2261,20109,72237,439.82,completed,online,2025-01-18,NO
4456,7801,72678,447.84,completed,online,2025-01-18,NO
3727,6083,74069,700.4,failed,online,2025-01-18,NO
2017,15890,74760,106.56,failed,online,2025-01-18,NO
1773,44894,77536,1793.02,completed,online,2025-01-18,NO
1,31009,83806,1480.79,completed,online,2025-01-18,NO
1426,15579,83866,1132.8,failed,online,2025-01-18,NO
2748,30416,89302,1532.72,completed,online,2025-01-18,NO
2171,29266,92647,1709.33,failed,online,2025-01-18,NO
2577,36203,96063,62.32,completed,online,2025-01-18,NO
265,2908,100064,1209.68,completed,online,2025-01-18,NO
1,6387,100537,1851.62,completed,online,2025-01-18,NO
1,25489,102207,824.63,completed,online,2025-01-18,NO
1,19984,102240,380.68,failed,online,2025-01-18,NO
1616,36750,109259,456.26,completed,online,2025-01-18,NO
3908,2319,113064,1790.64,failed,online,2025-01-18,NO
540,7203,114476,1925.43,completed,online,2025-01-18,NO
1,43764,114646,725.8,failed,online,2025-01-18,NO
928,23695,114666,1004.42,failed,online,2025-01-18,NO
862,15858,115006,1590.24,completed,online,2025-01-18,NO
3118,21575,115832,300.78,completed,online,2025-01-18,NO
3167,4407,115962,1674.42,failed,online,2025-01-18,NO
4624,7197,117674,1827.44,failed,online,2025-01-18,NO
4628,49731,118949,1000.98,completed,online,2025-01-18,NO
1,14260,124453,151.41,completed,online,2025-01-18,NO
2508,24529,126389,863.58,completed,online,2025-01-18,NO
1571,12788,126843,1471.99,completed,online,2025-01-18,NO
3224,25668,129154,1594.43,failed,online,2025-01-18,NO
3564,11998,129543,557.26,completed,online,2025-01-18,NO
476,9255,129690,1945.99,failed,online,2025-01-18,NO
2862,45635,129774,1656.59,failed,online,2025-01-18,NO
3539,24103,130095,1222.74,completed,online,2025-01-18,NO
621,31542,130204,1531.43,completed,online,2025-01-18,NO
1,29855,131285,1158.87,failed,online,2025-01-18,NO
1048,1302,133281,1211.61,completed,online,2025-01-18,NO
592,24382,133388,819.46,failed,online,2025-01-18,NO
4790,45289,138981,552.09,completed,online,2025-01-18,NO
1,23946,141684,610.8,completed,online,2025-01-18,NO
4573,26698,142369,89.89,failed,online,2025-01-18,NO
1,26777,143443,144.65,failed,online,2025-01-18,NO
1129,47938,144905,529.85,completed,online,2025-01-18,NO
483,37221,145546,1516.75,completed,online,2025-01-18,NO
1,6234,145900,1237.64,completed,online,2025-01-18,NO
1,20942,146122,768.8,completed,online,2025-01-18,NO
2202,13077,147099,1951.49,completed,online,2025-01-18,NO
1334,17814,147683,629.04,completed,online,2025-01-18,NO
1,31869,919,57.35,failed,online,2025-03-23,NO
817,48098,2623,833.84,completed,online,2025-03-23,NO
1165,45085,3006,1758.12,completed,online,2025-03-23,NO
2960,13274,8176,370.79,completed,online,2025-03-23,NO
4216,38452,8601,774.21,failed,online,2025-03-23,NO
393,47208,10411,1658.83,failed,online,2025-03-23,NO
845,28597,12414,605.93,completed,online,2025-03-23,NO
298,20708,12828,747.05,completed,online,2025-03-23,NO
4051,11826,15548,673.54,completed,online,2025-03-23,NO
473,34192,16576,479.67,completed,online,2025-03-23,NO
3004,32203,17457,378.92,failed,online,2025-03-23,NO
3957,47881,18548,247.5,failed,online,2025-03-23,NO
4059,20532,19906,1351.45,failed,online,2025-03-23,NO
2530,32420,20265,1920.15,completed,online,2025-03-23,NO
1,32662,29023,451.86,completed,online,2025-03-23,NO
1629,29220,29419,130.46,completed,online,2025-03-23,NO
3822,9854,30036,360.54,failed,online,2025-03-23,NO
1,35887,31588,1243.54,failed,online,2025-03-23,NO
1,37461,33160,497.03,failed,online,2025-03-23,NO
2097,33683,36172,431.75,completed,online,2025-03-23,NO
4140,10113,36321,1945.86,failed,online,2025-03-23,NO
1655,29103,36853,137.83,failed,online,2025-03-23,NO
1098,19342,39454,659.36,failed,online,2025-03-23,NO
4532,26445,42072,520.91,completed,online,2025-03-23,NO
2246,42660,42118,1662.88,failed,online,2025-03-23,NO
1,20902,42710,458.73,completed,online,2025-03-23,NO
2404,15029,43313,183.87,completed,online,2025-03-23,NO
4330,16253,44519,248.66,failed,online,2025-03-23,NO
540,24531,46923,849.18,completed,online,2025-03-23,NO
3732,20282,48046,208.84,failed,online,2025-03-23,NO
1409,26051,48511,1791.67,completed,online,2025-03-23,NO
45,18974,48863,1133.33,failed,online,2025-03-23,NO
1490,22465,50967,924.74,completed,online,2025-03-23,NO
3243,27263,51423,68.68,failed,online,2025-03-23,NO
3209,14043,59160,505.28,failed,online,2025-03-23,NO
574,9347,59407,532.04,failed,online,2025-03-23,NO
3276,8779,62642,1347.44,completed,online,2025-03-23,NO
4180,43104,66822,907.95,completed,online,2025-03-23,NO
2685,10005,67875,1481.98,completed,online,2025-03-23,NO
4828,40865,70925,1856.81,failed,online,2025-03-23,NO
1,48160,73455,1703.42,completed,online,2025-03-23,NO
1749,3756,74750,1686.49,failed,online,2025-03-23,NO
4553,2931,79306,368.09,completed,online,2025-03-23,NO
4263,11498,80300,1967.87,failed,online,2025-03-23,NO
1958,36295,80802,37.28,failed,online,2025-03-23,NO
1,41093,84313,760.25,completed,online,2025-03-23,NO
1,44995,85105,1045.69,failed,online,2025-03-23,NO
2196,13421,89050,205.13,failed,online,2025-03-23,NO
4064,797,91701,1766.33,failed,online,2025-03-23,NO
3305,45002,93043,1143.75,failed,UNKNOWN,2025-03-23,NO
4830,19071,93212,579.32,failed,online,2025-03-23,NO
4400,34851,93379,560.22,failed,online,2025-03-23,NO
166,12826,95735,1609.71,completed,online,2025-03-23,NO
1698,10653,101132,790.01,failed,online,2025-03-23,NO
496,27290,101196,1160.71,completed,online,2025-03-23,NO
1632,11550,105163,1054.54,completed,online,2025-03-23,NO
2321,10723,105695,152.73,failed,online,2025-03-23,NO
4860,12741,112121,828.6,completed,online,2025-03-23,NO
1635,12894,112544,59.69,completed,online,2025-03-23,NO
976,27983,116081,1282.69,completed,online,2025-03-23,NO
1012,43248,117211,876.17,completed,online,2025-03-23,NO
4853,49004,119031,1544.72,completed,online,2025-03-23,NO
1,42097,119313,509.32,completed,online,2025-03-23,NO
4800,47838,119824,1761.26,completed,online,2025-03-23,NO
1847,24760,120251,1721.46,failed,online,2025-03-23,NO
1,24260,121705,998.31,failed,online,2025-03-23,NO
1,32093,123070,92.71,failed,online,2025-03-23,NO
2279,41058,123735,849.64,failed,online,2025-03-23,NO
2023,13039,123931,1239.83,completed,online,2025-03-23,NO
2773,43294,127139,413.63,failed,online,2025-03-23,NO
1204,2242,128739,43.95,completed,online,2025-03-23,NO
4504,25821,129701,1626.33,failed,online,2025-03-23,NO
3194,30765,130466,67.57,completed,online,2025-03-23,NO
1204,47242,130730,1784.18,completed,online,2025-03-23,NO
3858,10077,132162,1714.73,failed,online,2025-03-23,NO
1,23124,135060,1533.44,failed,online,2025-03-23,NO
1,9617,135721,752.74,failed,online,2025-03-23,NO
1,42049,141989,1129.81,completed,online,2025-03-23,NO
3069,33032,143680,684.59,failed,online,2025-03-23,NO
1270,11099,143857,1914.12,failed,online,2025-03-23,NO
1405,26967,145293,1208.95,completed,online,2025-03-23,NO
4786,19377,145530,521.03,completed,online,2025-03-23,NO
1,33853,146593,1424.72,completed,online,2025-03-23,NO
1,10483,148209,1489.62,completed,online,2025-03-23,NO
1766,10595,149511,739.67,completed,online,2025-03-23,NO
1,7007,264,106.75,completed,online,2025-05-18,NO
1457,11007,9559,999.32,completed,online,2025-05-18,NO
1575,10303,11177,530.02,failed,online,2025-05-18,NO
2937,48484,12109,825.69,completed,online,2025-05-18,NO
2605,22918,12339,592.41,failed,UNKNOWN,2025-05-18,NO
2216,11002,12464,853.47,failed,online,2025-05-18,NO
3529,42896,13705,731.58,failed,online,2025-05-18,NO
1,3097,14635,966.02,completed,UNKNOWN,2025-05-18,NO
1936,36718,15910,15.97,failed,UNKNOWN,2025-05-18,NO
1,996,16683,1134.88,completed,online,2025-05-18,NO
946,36187,21002,344.35,failed,online,2025-05-18,NO
814,34280,23290,746.13,failed,online,2025-05-18,NO
3253,44561,26331,224.54,completed,online,2025-05-18,NO
4663,49107,28079,1969.49,failed,online,2025-05-18,NO
4403,41256,32643,130.51,failed,online,2025-05-18,NO
3029,29775,33630,756.44,completed,online,2025-05-18,NO
1,35234,33822,304.06,completed,online,2025-05-18,NO
2508,16625,35430,934.16,completed,online,2025-05-18,NO
2067,35632,35934,1749.57,completed,online,2025-05-18,NO
1,2321,37028,245.39,failed,online,2025-05-18,NO
1131,36989,39494,471.02,completed,online,2025-05-18,NO
1994,181,40404,7172.245318649244,failed,online,2025-05-18,NO
677,38562,41342,207.36,failed,online,2025-05-18,NO
503,39363,41564,1056.77,completed,online,2025-05-18,NO
1827,31958,42838,153.5,failed,online,2025-05-18,NO
2980,40239,43158,313.6,failed,online,2025-05-18,NO
1404,16891,47608,407.38,completed,online,2025-05-18,NO
277,14141,48369,1045.59,failed,online,2025-05-18,NO
327,11734,49974,1901.44,completed,online,2025-05-18,NO
2414,14386,50877,694.97,completed,online,2025-05-18,NO
2425,22084,53305,1191.99,failed,online,2025-05-18,NO
1696,22740,55417,812.27,failed,online,2025-05-18,NO
1,7955,57333,1917.53,completed,online,2025-05-18,NO
1,9277,59373,930.09,completed,online,2025-05-18,NO
673,21223,61255,1907.92,failed,online,2025-05-18,NO
3823,37745,63822,1728.43,failed,online,2025-05-18,NO
1,45126,64201,1699.42,completed,online,2025-05-18,NO
4296,31423,66308,331.13,completed,online,2025-05-18,NO
2791,3413,68574,288.77,failed,online,2025-05-18,NO
4793,45993,69316,583.75,failed,online,2025-05-18,NO
1,41088,69643,654.47,completed,online,2025-05-18,NO
791,44161,70902,959.7,completed,online,2025-05-18,NO
4981,43462,73647,1414.9,failed,online,2025-05-18,NO
2250,28560,76553,966.4,failed,online,2025-05-18,NO
1,4518,77065,476.01,completed,online,2025-05-18,NO
815,30371,81095,252.63,completed,online,2025-05-18,NO
1129,4353,81793,864.12,completed,online,2025-05-18,NO
1595,13537,82080,1486.64,failed,online,2025-05-18,NO
4598,22373,83822,1395.56,failed,online,2025-05-18,NO
1,25291,87659,1579.6,failed,online,2025-05-18,NO
3700,39317,90422,915.55,failed,online,2025-05-18,NO
2737,44564,92237,1891.43,completed,online,2025-05-18,NO
62,31620,94154,1787.14,completed,online,2025-05-18,NO
2215,18220,97434,481.47,failed,online,2025-05-18,NO
958,44968,98337,487.2,completed,online,2025-05-18,NO
3354,48251,98925,677.61,failed,online,2025-05-18,NO
626,40655,99687,924.34,failed,online,2025-05-18,NO
2786,18914,102015,1814.9,failed,online,2025-05-18,NO
3864,9856,102525,1796.88,failed,online,2025-05-18,NO
1752,30224,105223,627.83,failed,online,2025-05-18,NO
1,48461,105550,565.82,failed,online,2025-05-18,NO
1347,42669,106741,1646.47,completed,online,2025-05-18,NO
2245,43555,112289,712.52,failed,online,2025-05-18,NO
2942,43707,114033,317.53,failed,online,2025-05-18,NO
3777,29206,115017,186.54,failed,online,2025-05-18,NO
4621,25583,116916,1968.89,completed,online,2025-05-18,NO
1,11693,118773,1523.45,failed,online,2025-05-18,NO
2129,32014,119182,1241.79,failed,online,2025-05-18,NO
488,49723,122489,76.21,failed,online,2025-05-18,NO
3985,4687,123170,1411.77,completed,online,2025-05-18,NO
2105,4491,125225,1526.07,completed,online,2025-05-18,NO
2805,41390,126117,701.92,completed,online,2025-05-18,NO
822,30737,128301,146.68,completed,online,2025-05-18,NO
3769,28052,128947,1000.45,completed,online,2025-05-18,NO
3694,3376,132508,876.15,completed,online,2025-05-18,NO
653,39955,133827,1556.34,completed,online,2025-05-18,NO
2573,15271,135952,288.06,completed,online,2025-05-18,NO
1565,34085,136286,1605.33,completed,online,2025-05-18,NO
2568,38116,140542,760.07,completed,online,2025-05-18,NO
289,22852,141614,1631.53,completed,online,2025-05-18,NO
4218,46757,142880,1354.9,failed,online,2025-05-18,NO
394,38545,146064,789.76,failed,online,2025-05-18,NO
2384,10488,148914,205.4,completed,online,2025-05-18,NO
3024,13975,149243,1405.48,failed,online,2025-05-18,NO
3831,27653,149509,1110.12,completed,online,2025-05-18,NO
1638,4848,704,679.8,completed,online,2025-06-02,NO
2530,2402,3730,342.85,completed,online,2025-06-02,NO
2887,40739,7212,581.88,completed,online,2025-06-02,NO
3219,10981,9333,1145.27,failed,online,2025-06-02,NO
1100,44784,9396,485.54,failed,online,2025-06-02,NO
1,15151,10271,1249.56,completed,online,2025-06-02,NO
3824,24497,13430,1153.53,completed,online,2025-06-02,NO
1414,49965,14725,1347.38,completed,online,2025-06-02,NO
1,49851,17949,1620.76,failed,online,2025-06-02,NO
998,17939,23959,1162.28,completed,online,2025-06-02,NO
401,44193,26124,269.21,completed,online,2025-06-02,NO
1,28892,30916,244.8,failed,online,2025-06-02,NO
3489,44667,31443,1818.77,completed,online,2025-06-02,NO
1718,35944,32549,95.31,failed,online,2025-06-02,NO
4548,20956,33618,1804.64,completed,online,2025-06-02,NO
1,32641,33827,1685.67,completed,online,2025-06-02,NO
1931,43146,34071,607.15,failed,online,2025-06-02,NO
3366,25573,34128,1796.79,failed,online,2025-06-02,NO
4217,8629,35564,1301.2,completed,online,2025-06-02,NO
2957,17682,38492,628.63,completed,online,2025-06-02,NO
1133,42162,41859,661.18,failed,online,2025-06-02,NO
1350,42393,43699,384.94,completed,online,2025-06-02,NO
1186,19504,44325,1594.65,completed,online,2025-06-02,NO
2963,16694,46534,28.14,completed,online,2025-06-02,NO
1,8945,48558,1950.91,failed,online,2025-06-02,NO
1,35229,51545,323.6,failed,online,2025-06-02,NO
1,8472,51871,1076.81,completed,online,2025-06-02,NO
3919,31379,51952,1405.58,failed,online,2025-06-02,NO
507,43511,57390,307.86,failed,online,2025-06-02,NO
2280,28570,59679,954.42,completed,online,2025-06-02,NO
30,18138,60033,943.42,completed,online,2025-06-02,NO
1324,15346,60794,1855.48,completed,online,2025-06-02,NO
1,12722,62553,1214.58,failed,online,2025-06-02,NO
3969,39454,65988,1578.79,failed,online,2025-06-02,NO
3709,12127,69625,1635.2,completed,online,2025-06-02,NO
2651,17836,69798,546.8,completed,online,2025-06-02,NO
2096,9035,77736,191.5,failed,online,2025-06-02,NO
1698,28425,78165,1879.66,failed,online,2025-06-02,NO
1,21080,79406,1490.03,failed,online,2025-06-02,NO
2133,42482,82746,1543.19,completed,online,2025-06-02,NO
694,32935,88455,741.23,completed,online,2025-06-02,NO
32,11232,90261,623.91,failed,online,2025-06-02,NO
4621,13479,90348,1761.38,completed,online,2025-06-02,NO
4699,40164,90835,1469.63,failed,online,2025-06-02,NO
483,28349,92343,1653.65,completed,online,2025-06-02,NO
1,25446,94905,1860.53,completed,online,2025-06-02,NO
1,17874,97236,567.52,completed,online,2025-06-02,NO
1,42092,100549,1028.87,completed,online,2025-06-02,NO
1,47769,103150,1536.01,failed,online,2025-06-02,NO
2344,49163,104486,1309.48,failed,online,2025-06-02,NO
1,22092,104755,1248.25,completed,online,2025-06-02,NO
1615,39907,109308,799.97,completed,online,2025-06-02,NO
3253,18789,109987,1148.7,failed,online,2025-06-02,NO
1,1864,110903,1840.3,completed,online,2025-06-02,NO
3724,4926,111360,461.73,failed,online,2025-06-02,NO
4798,48489,113643,517.03,failed,online,2025-06-02,NO
1,49412,114113,1493.53,completed,online,2025-06-02,NO
1,5485,114722,1797.3,completed,UNKNOWN,2025-06-02,NO
1346,16274,117603,880.69,completed,online,2025-06-02,NO
1608,16124,117882,1623.93,completed,online,2025-06-02,NO
2020,3981,117901,1043.17,failed,online,2025-06-02,NO
1840,25669,119685,508.17,failed,online,2025-06-02,NO
1954,41907,121753,735.12,completed,online,2025-06-02,NO
3310,46215,123130,769.4,failed,online,2025-06-02,NO
1,27002,124261,776.25,completed,online,2025-06-02,NO
1,31212,124937,448.73,failed,online,2025-06-02,NO
1,43382,125161,1156.72,completed,online,2025-06-02,NO
624,49382,125277,70.81,completed,online,2025-06-02,NO
4205,48158,125432,328.39,failed,online,2025-06-02,NO
4977,40928,128456,698.29,completed,online,2025-06-02,NO
1,35730,128677,1598.93,failed,online,2025-06-02,NO
1624,17964,129189,167.81,failed,online,2025-06-02,NO
4788,20262,132155,229.09,failed,online,2025-06-02,NO
1,21034,134909,1616.87,completed,online,2025-06-02,NO
1580,1866,136574,334.65,failed,online,2025-06-02,NO
1,14856,139904,340.36,completed,online,2025-06-02,NO
1993,48926,140370,1286.08,failed,UNKNOWN,2025-06-02,NO
4437,5316,141088,6839.00465613704,failed,online,2025-06-02,NO
3991,5350,142442,870.06,completed,online,2025-06-02,NO
3903,37489,143030,1535.13,completed,online,2025-06-02,NO
1,6529,144431,254.85,failed,UNKNOWN,2025-06-02,NO
1838,25337,145152,101.07,failed,online,2025-06-02,NO
3333,16523,145755,1139.15,completed,online,2025-06-02,NO
1,26349,146096,364.35,failed,online,2025-06-02,NO
1,42876,146162,329.41,completed,online,2025-06-02,NO
1,37769,1054,785.66,failed,online,2025-05-21,NO
1078,33155,2799,161.62,failed,online,2025-05-21,NO
4610,41541,3696,1733.0,completed,online,2025-05-21,NO
1984,18949,6490,386.54,failed,online,2025-05-21,NO
873,18936,7154,1314.54,completed,UNKNOWN,2025-05-21,NO
2936,8365,7448,1526.43,completed,online,2025-05-21,NO
577,41020,8054,1290.09,completed,online,2025-05-21,NO
2170,21807,12239,1666.75,completed,online,2025-05-21,NO
4549,32477,12333,352.46,failed,online,2025-05-21,NO
3567,2747,13998,11.16,failed,online,2025-05-21,NO
1,30121,14481,620.46,failed,online,2025-05-21,NO
767,12184,15592,1076.85,completed,online,2025-05-21,NO
4465,23004,19946,1432.18,completed,online,2025-05-21,NO
2308,13245,21360,1108.56,completed,online,2025-05-21,NO
1,20793,23941,1613.13,completed,online,2025-05-21,NO
676,38513,24411,531.94,completed,online,2025-05-21,NO
1,16704,24964,286.68,failed,online,2025-05-21,NO
3962,49697,27495,848.09,failed,online,2025-05-21,NO
4628,31666,34662,246.78,completed,online,2025-05-21,NO
2011,13303,40239,23.5,failed,online,2025-05-21,NO
1598,5357,42847,1552.25,completed,online,2025-05-21,NO
2583,33101,45971,8690.70252993222,completed,online,2025-05-21,NO
942,40983,53054,1146.72,completed,online,2025-05-21,NO
191,821,54338,1968.16,failed,online,2025-05-21,NO
1,42526,56318,779.32,failed,online,2025-05-21,NO
325,899,57772,82.92,failed,online,2025-05-21,NO
1270,18229,57977,1538.17,failed,online,2025-05-21,NO
3934,27013,58686,683.88,failed,online,2025-05-21,NO
3055,45832,63205,1363.78,completed,online,2025-05-21,NO
531,3769,63511,25.58,failed,online,2025-05-21,NO
1,28774,66859,253.56,completed,online,2025-05-21,NO
2496,14523,68215,1634.17,failed,online,2025-05-21,NO
361,4671,68277,1121.27,completed,online,2025-05-21,NO
1802,49974,68625,1443.94,completed,online,2025-05-21,NO
1668,13228,68703,1156.91,failed,online,2025-05-21,NO
736,35006,69253,593.56,completed,online,2025-05-21,NO
498,19454,70061,96.35,failed,online,2025-05-21,NO
3037,44551,71012,915.41,completed,online,2025-05-21,NO
2023,23204,72155,568.75,failed,online,2025-05-21,NO
1,33253,74186,1424.43,failed,online,2025-05-21,NO
985,40424,77670,514.14,completed,online,2025-05-21,NO
1,4401,77973,313.18,failed,online,2025-05-21,NO
3523,24062,79333,691.44,completed,online,2025-05-21,NO
4514,21626,84011,1903.26,failed,online,2025-05-21,NO
3760,10964,85022,1833.43,completed,online,2025-05-21,NO
38,1015,87623,543.17,completed,online,2025-05-21,NO
1,22665,87941,1283.91,completed,online,2025-05-21,NO
198,6064,90530,1474.83,completed,online,2025-05-21,NO
84,45817,92269,1173.96,failed,online,2025-05-21,NO
156,33781,92833,1635.3,failed,online,2025-05-21,NO
3966,34444,93290,1403.18,completed,online,2025-05-21,NO
1,24466,100967,510.0,failed,online,2025-05-21,NO
3477,16134,103552,1528.37,failed,online,2025-05-21,NO
30,26435,104537,668.59,failed,online,2025-05-21,NO
1,27509,106451,1790.89,failed,online,2025-05-21,NO
792,46571,108153,907.42,failed,online,2025-05-21,NO
1,22293,109711,141.86,failed,online,2025-05-21,NO
246,1135,112537,155.65,failed,online,2025-05-21,NO
601,48507,113357,492.75,completed,online,2025-05-21,NO
2605,23387,113802,1197.43,completed,online,2025-05-21,NO
1911,22982,116042,1939.47,completed,online,2025-05-21,NO
628,3780,116909,864.81,completed,UNKNOWN,2025-05-21,NO
3045,32688,118151,587.69,completed,online,2025-05-21,NO
373,44865,119603,1857.2,completed,online,2025-05-21,NO
3143,11064,120075,423.77,failed,UNKNOWN,2025-05-21,NO
3737,34457,121685,1409.29,completed,online,2025-05-21,NO
1,47068,122400,1149.84,completed,online,2025-05-21,NO
129,31296,122615,1538.24,completed,online,2025-05-21,NO
1,27770,125554,1056.23,completed,online,2025-05-21,NO
139,47953,128546,685.49,failed,online,2025-05-21,NO
1166,11347,128724,1219.99,completed,online,2025-05-21,NO
4019,23657,128914,857.6,failed,online,2025-05-21,NO
3403,40218,129623,1928.16,failed,online,2025-05-21,NO
2071,3508,130071,1780.55,completed,online,2025-05-21,NO
2257,18262,131657,1307.68,failed,online,2025-05-21,NO
1775,14371,132506,1287.26,completed,online,2025-05-21,NO
1,40061,132818,1536.35,failed,online,2025-05-21,NO
903,6851,134298,920.51,completed,online,2025-05-21,NO
2816,24310,137892,1758.31,completed,online,2025-05-21,NO
630,43623,139030,197.35,completed,online,2025-05-21,NO
1883,45318,142878,926.91,failed,online,2025-05-21,NO
2254,31071,144257,1176.99,failed,online,2025-05-21,NO
3631,9824,146282,1185.23,failed,online,2025-05-21,NO
704,1701,148465,1424.1,failed,online,2025-05-21,NO
3785,1031,149288,274.49,completed,online,2025-05-21,NO
4473,47006,2462,1868.22,failed,online,2025-11-24,NO
1,7927,3255,647.6,completed,online,2025-11-24,NO
4346,11877,4164,1139.63,completed,online,2025-11-24,NO
2198,13812,7305,1083.32,completed,online,2025-11-24,NO
1028,7009,7536,1801.32,completed,online,2025-11-24,NO
4855,33713,9179,908.0,completed,online,2025-11-24,NO
1,4593,9535,44.24,failed,online,2025-11-24,NO
1854,28273,10753,1402.53,completed,online,2025-11-24,NO
4519,47273,13920,1857.74,completed,online,2025-11-24,NO
774,28772,14063,731.69,failed,online,2025-11-24,NO
2004,2313,15741,514.12,completed,online,2025-11-24,NO
3747,12279,18789,1559.61,failed,online,2025-11-24,NO
617,18922,19075,356.63,failed,online,2025-11-24,NO
3841,25638,21645,1179.97,completed,online,2025-11-24,NO
3642,18105,22900,339.09,failed,online,2025-11-24,NO
1,28039,23333,1327.57,failed,online,2025-11-24,NO
4931,41572,32195,256.64,completed,online,2025-11-24,NO
3867,31677,32327,896.02,completed,online,2025-11-24,NO
1,4786,33537,997.0,completed,online,2025-11-24,NO
3881,42436,33646,1246.11,completed,online,2025-11-24,NO
3337,37920,36338,1600.91,failed,online,2025-11-24,NO
4696,18518,36608,1398.56,failed,online,2025-11-24,NO
1,19077,37401,1309.64,failed,online,2025-11-24,NO
4813,21018,38224,964.93,failed,online,2025-11-24,NO
1662,38205,38524,108.42,completed,online,2025-11-24,NO
2534,47584,42903,1835.63,failed,online,2025-11-24,NO
4533,1484,45860,1525.14,completed,online,2025-11-24,NO
1,31743,48813,154.72,completed,online,2025-11-24,NO
3803,48708,53580,218.61,completed,online,2025-11-24,NO
1325,44191,57098,1870.99,completed,online,2025-11-24,NO
3233,18317,58380,972.16,failed,online,2025-11-24,NO
2417,37991,60969,160.09,failed,online,2025-11-24,NO
4223,29452,61432,1290.48,completed,online,2025-11-24,NO
1738,4936,70541,1572.16,completed,online,2025-11-24,NO
4630,38270,70634,252.14,failed,online,2025-11-24,NO
3664,42059,72368,1971.08,completed,online,2025-11-24,NO
3013,8584,73663,304.41,failed,online,2025-11-24,NO
489,26561,74103,55.67,completed,online,2025-11-24,NO
2192,11462,74332,650.62,failed,online,2025-11-24,NO
3997,30854,74389,1002.91,completed,online,2025-11-24,NO
1774,28824,74968,8330.866719557273,failed,online,2025-11-24,NO
1350,29642,81207,1429.27,completed,online,2025-11-24,NO
2544,25528,83841,1724.52,completed,online,2025-11-24,NO
1,47670,85637,1942.44,completed,online,2025-11-24,NO
295,42220,85936,938.98,failed,online,2025-11-24,NO
1362,9075,89015,1811.09,completed,online,2025-11-24,NO
1625,47394,89101,206.24,completed,online,2025-11-24,NO
3026,2747,89997,49.73,completed,online,2025-11-24,NO
3817,49771,90077,608.96,completed,online,2025-11-24,NO
3353,42123,90619,498.89,failed,online,2025-11-24,NO
4569,6939,91682,1486.93,completed,online,2025-11-24,NO
1,39588,92454,1248.47,failed,online,2025-11-24,NO
73,9208,92474,1669.94,completed,online,2025-11-24,NO
629,4706,94271,759.15,failed,online,2025-11-24,NO
1,41689,95002,1564.28,completed,online,2025-11-24,NO
1614,11734,96968,1523.22,failed,online,2025-11-24,NO
1273,9405,97548,1117.2,failed,online,2025-11-24,NO
2902,8331,102110,727.4,failed,online,2025-11-24,NO
1178,74,102685,265.1,completed,online,2025-11-24,NO
3595,42175,102966,1388.39,completed,online,2025-11-24,NO
182,47111,105467,420.96,completed,online,2025-11-24,NO
2272,33958,112246,400.62,completed,online,2025-11-24,NO
347,22396,114091,902.86,completed,online,2025-11-24,NO
4169,36616,114158,774.04,completed,online,2025-11-24,NO
1044,25616,119277,280.61,failed,online,2025-11-24,NO
1,27819,120025,19.44,failed,online,2025-11-24,NO
661,10741,122945,392.83,completed,online,2025-11-24,NO
1734,8067,125231,1760.5,completed,online,2025-11-24,NO
4462,5202,125448,1069.08,failed,online,2025-11-24,NO
1147,30835,131208,1643.45,completed,online,2025-11-24,NO
3316,43588,131336,1365.16,completed,online,2025-11-24,NO
2756,33221,131477,290.4,failed,online,2025-11-24,NO
3582,22291,132989,599.24,completed,online,2025-11-24,NO
482,37290,133821,776.36,completed,online,2025-11-24,NO
1886,41403,134107,999.87,completed,online,2025-11-24,NO
296,25933,141283,1652.11,completed,online,2025-11-24,NO
4481,2775,142612,932.69,failed,online,2025-11-24,NO
3131,20648,143256,1013.03,failed,online,2025-11-24,NO
3300,47921,144702,265.17,completed,online,2025-11-24,NO
619,40966,145094,1104.47,completed,online,2025-11-24,NO
4693,7667,146808,1801.11,failed,online,2025-11-24,NO
3940,27543,148871,1661.32,completed,online,2025-11-24,NO
4043,18697,149293,798.71,completed,online,2025-11-24,NO
2186,25080,149585,722.55,completed,online,2025-11-24,NO
2022,7487,326,1339.48,completed,online,2025-12-30,NO
1713,3159,7883,1930.41,completed,online,2025-12-30,NO
3744,20563,8194,211.71,failed,online,2025-12-30,NO
3326,37277,12265,462.87,failed,online,2025-12-30,NO
1,33414,13433,594.42,failed,online,2025-12-30,NO
2582,25680,15693,440.13,failed,online,2025-12-30,NO
4709,41814,17552,795.3,failed,online,2025-12-30,NO
3157,17185,17743,221.24,completed,UNKNOWN,2025-12-30,NO
1,6362,18079,943.6,failed,online,2025-12-30,NO
48,2518,21238,1889.8,completed,online,2025-12-30,NO
460,14396,22871,1288.84,failed,online,2025-12-30,NO
1591,20493,23928,861.79,failed,online,2025-12-30,NO
1,1936,25015,1753.71,failed,online,2025-12-30,NO
3282,25542,25271,1481.9,failed,online,2025-12-30,NO
2533,4070,25920,1591.11,failed,online,2025-12-30,NO
1,32027,28259,1441.5,completed,online,2025-12-30,NO
2297,39687,31974,1100.79,failed,online,2025-12-30,NO
3150,43920,32030,1421.8,failed,online,2025-12-30,NO
2816,23829,36800,656.27,completed,online,2025-12-30,NO
1,41300,37985,722.59,failed,online,2025-12-30,NO
1794,16758,38283,1512.4,failed,online,2025-12-30,NO
3245,19084,39528,1221.59,failed,online,2025-12-30,NO
1,47165,39872,549.63,failed,online,2025-12-30,NO
1,6681,43036,1568.78,failed,online,2025-12-30,NO
101,12123,43895,1788.76,completed,online,2025-12-30,NO
181,35235,47385,656.96,failed,online,2025-12-30,NO
1,10306,48194,339.98,failed,online,2025-12-30,NO
3453,18491,51698,244.77,failed,online,2025-12-30,NO
1951,46431,58175,148.57,completed,online,2025-12-30,NO
1400,513,58469,1747.82,completed,online,2025-12-30,NO
2703,21825,59063,872.11,failed,online,2025-12-30,NO
704,42058,62317,1973.91,completed,online,2025-12-30,NO
2280,25978,64128,1136.59,failed,online,2025-12-30,NO
1,27028,65763,624.15,failed,online,2025-12-30,NO
1196,10287,69210,281.42,completed,online,2025-12-30,NO
2743,23785,69988,1526.43,completed,online,2025-12-30,NO
633,40428,71060,1629.06,completed,online,2025-12-30,NO
3255,29863,71451,1816.23,completed,online,2025-12-30,NO
1,42313,72865,886.58,completed,online,2025-12-30,NO
1,27963,73077,714.63,completed,online,2025-12-30,NO
1,25370,75368,417.77,completed,online,2025-12-30,NO
1115,43570,75847,1841.81,failed,online,2025-12-30,NO
3819,37286,76950,577.9,failed,UNKNOWN,2025-12-30,NO
173,25471,82743,944.94,failed,online,2025-12-30,NO
953,12737,83653,1748.21,failed,online,2025-12-30,NO
1192,30313,84007,84.57,failed,online,2025-12-30,NO
359,41,85173,1870.37,failed,online,2025-12-30,NO
2182,1943,85942,1386.09,failed,online,2025-12-30,NO
1,26292,88478,1536.49,failed,online,2025-12-30,NO
2487,13174,90356,404.44,failed,online,2025-12-30,NO
1,48963,91689,584.57,failed,online,2025-12-30,NO
4165,18573,92046,958.31,failed,online,2025-12-30,NO
1,27059,95004,625.79,completed,online,2025-12-30,NO
4771,17909,96909,793.04,failed,online,2025-12-30,NO
2199,16637,97295,1147.59,failed,online,2025-12-30,NO
4235,18996,100002,1429.63,failed,online,2025-12-30,NO
4937,32914,100934,1655.24,completed,online,2025-12-30,NO
2352,41099,102708,1094.42,completed,online,2025-12-30,NO
703,11498,106946,32.58,failed,online,2025-12-30,NO
3462,37992,107410,860.79,completed,online,2025-12-30,NO
1327,3630,107575,1918.49,completed,online,2025-12-30,NO
4842,28064,107816,427.53,completed,online,2025-12-30,NO
2543,37324,109516,1733.58,completed,online,2025-12-30,NO
1,13150,109817,125.14,completed,online,2025-12-30,NO
2133,23575,111215,1540.75,failed,online,2025-12-30,NO
730,14899,113055,1261.97,failed,online,2025-12-30,NO
1,13793,113673,1608.43,failed,online,2025-12-30,NO
2939,12203,116086,624.85,completed,online,2025-12-30,NO
1,33985,117337,586.35,completed,online,2025-12-30,NO
1970,22901,118859,274.04,failed,online,2025-12-30,NO
2499,10880,119405,689.3,completed,online,2025-12-30,NO
4016,26474,121697,303.4,failed,online,2025-12-30,NO
1325,40894,123665,723.93,failed,online,2025-12-30,NO
4609,5838,124629,1829.1,failed,online,2025-12-30,NO
864,37552,125878,7960.4063772137415,completed,online,2025-12-30,NO
1,13728,126562,1373.88,failed,online,2025-12-30,NO
1871,28133,134012,1767.49,failed,online,2025-12-30,NO
1776,16769,134693,88.44,completed,online,2025-12-30,NO
4488,9869,135396,339.77,failed,online,2025-12-30,NO
2650,29533,139643,1468.83,failed,online,2025-12-30,NO
1115,35513,142008,185.77,failed,online,2025-12-30,NO
2248,93,142182,151.04,failed,online,2025-12-30,NO
3014,46230,142249,916.13,completed,online,2025-12-30,NO
3479,43279,142522,949.26,failed,UNKNOWN,2025-12-30,NO
2120,22470,143152,85.18,completed,online,2025-12-30,NO
1,5679,144792,762.74,completed,online,2025-12-30,NO
3329,35511,4372,634.33,failed,online,2025-07-21,NO
2021,35596,6210,532.49,completed,online,2025-07-21,NO
1195,39135,9112,1553.41,completed,online,2025-07-21,NO
444,23060,9645,459.11,failed,online,2025-07-21,NO
702,31736,10936,1431.7,completed,online,2025-07-21,NO
1990,29989,11267,1061.7,failed,online,2025-07-21,NO
397,38543,12809,1658.87,failed,online,2025-07-21,NO
4023,7455,13217,1650.32,completed,online,2025-07-21,NO
1,7795,13487,718.97,failed,online,2025-07-21,NO
1,15675,17142,803.45,completed,online,2025-07-21,NO
1826,34897,18635,1072.96,failed,online,2025-07-21,NO
202,23763,23104,258.55,completed,online,2025-07-21,NO
1,7030,24904,860.72,failed,online,2025-07-21,NO
1168,47061,30338,723.83,failed,online,2025-07-21,NO
1,40567,32045,1814.84,failed,online,2025-07-21,NO
3615,42438,33064,1752.46,completed,online,2025-07-21,NO
129,8437,34064,709.74,failed,online,2025-07-21,NO
1,13981,35195,1240.55,completed,online,2025-07-21,NO
789,38628,37070,918.87,failed,online,2025-07-21,NO
3103,39594,37830,892.66,completed,online,2025-07-21,NO
1,19096,43206,88.96,failed,online,2025-07-21,NO
1606,47270,46531,555.11,completed,online,2025-07-21,NO
1700,29328,48823,1161.86,completed,online,2025-07-21,NO
2914,15775,49763,19.14,completed,online,2025-07-21,NO
3367,44374,50063,1356.87,completed,UNKNOWN,2025-07-21,NO
1,10098,51616,1551.52,failed,online,2025-07-21,NO
1,42233,52942,898.17,failed,online,2025-07-21,NO
2064,2347,57427,481.56,completed,online,2025-07-21,NO
4014,8691,57793,559.64,failed,online,2025-07-21,NO
2037,25055,58143,1014.11,failed,online,2025-07-21,NO
4663,42015,59141,1604.54,failed,online,2025-07-21,NO
760,30376,60517,1529.25,completed,online,2025-07-21,NO
4970,34257,61979,1669.79,failed,online,2025-07-21,NO
3632,46576,62600,962.53,completed,online,2025-07-21,NO
1,16564,63246,957.37,failed,online,2025-07-21,NO
1,15771,67750,971.64,failed,online,2025-07-21,NO
1,29863,68192,1716.3,completed,online,2025-07-21,NO
863,1243,68216,1740.44,completed,online,2025-07-21,NO
1,1395,69184,645.99,completed,online,2025-07-21,NO
1,29981,69936,929.61,failed,online,2025-07-21,NO
2225,40370,75364,396.81,failed,online,2025-07-21,NO
1752,46363,76119,1991.3,completed,online,2025-07-21,NO
4986,23149,77885,95.19,failed,online,2025-07-21,NO
1855,48428,81717,1981.07,completed,online,2025-07-21,NO
3787,28079,82604,453.48,failed,online,2025-07-21,NO
2019,33549,83364,1636.51,completed,online,2025-07-21,NO
317,15653,84246,1475.44,failed,online,2025-07-21,NO
156,38056,84705,257.48,completed,online,2025-07-21,NO
4819,508,85284,601.88,failed,online,2025-07-21,NO
4212,38508,86882,1986.96,completed,online,2025-07-21,NO
2143,21197,88675,610.4,completed,online,2025-07-21,NO
2009,15303,91438,355.43,completed,online,2025-07-21,NO
589,26927,91988,151.86,failed,online,2025-07-21,NO
1,11767,92298,1606.96,failed,online,2025-07-21,NO
2340,21173,94528,1639.87,completed,UNKNOWN,2025-07-21,NO
430,33785,96944,829.09,completed,online,2025-07-21,NO
1,25408,98973,1019.14,completed,online,2025-07-21,NO
3295,46084,99494,1021.72,completed,online,2025-07-21,NO
3804,43582,99495,1403.92,completed,online,2025-07-21,NO
1071,17940,100661,1447.83,completed,online,2025-07-21,NO
4644,19536,102905,654.39,failed,online,2025-07-21,NO
1184,27151,103425,144.88,completed,online,2025-07-21,NO
1185,42260,103890,1097.13,completed,online,2025-07-21,NO
1081,16948,112019,857.71,failed,online,2025-07-21,NO
1320,16199,114569,1983.85,completed,online,2025-07-21,NO
779,37437,115976,567.3,failed,online,2025-07-21,NO
189,34251,117060,607.27,completed,online,2025-07-21,NO
2438,22470,117293,749.34,failed,online,2025-07-21,NO
1784,37855,118105,1528.78,completed,online,2025-07-21,NO
1,20728,118709,1778.57,completed,online,2025-07-21,NO
1786,10052,120423,1948.78,failed,online,2025-07-21,NO
1,22679,124754,1442.49,failed,online,2025-07-21,NO
4353,18562,126504,1705.14,completed,online,2025-07-21,NO
206,30470,126684,1791.76,completed,online,2025-07-21,NO
1729,30581,130667,1378.15,failed,online,2025-07-21,NO
1486,12410,130927,192.33,completed,online,2025-07-21,NO
202,24700,132817,1364.42,failed,online,2025-07-21,NO
4486,3690,134311,201.83,failed,online,2025-07-21,NO
1,26986,134741,219.52,failed,online,2025-07-21,NO
2872,31035,138311,1375.8,failed,online,2025-07-21,NO
1061,48460,140510,921.74,completed,online,2025-07-21,NO
3726,38149,142538,1315.73,completed,online,2025-07-21,NO
4451,10492,146011,126.88,failed,online,2025-07-21,NO
4172,49260,146916,662.29,completed,online,2025-07-21,NO
2145,38333,147501,473.33,completed,online,2025-07-21,NO
3702,41639,214,1954.9,failed,online,2025-10-03,NO
2590,48368,237,285.24,completed,online,2025-10-03,NO
174,6795,3466,944.16,failed,online,2025-10-03,NO
735,45978,4282,535.3,failed,online,2025-10-03,NO
4347,34037,5434,921.05,failed,online,2025-10-03,NO
3810,13105,8063,1757.27,completed,online,2025-10-03,NO
1,21766,8084,417.82,completed,online,2025-10-03,NO
27,30670,8856,751.57,completed,online,2025-10-03,NO
1,48152,9146,440.76,failed,online,2025-10-03,NO
1,661,9591,1828.23,completed,online,2025-10-03,NO
1261,23402,14227,865.44,completed,online,2025-10-03,NO
1,48560,15768,1329.61,failed,online,2025-10-03,NO
1,31892,16778,114.69,completed,online,2025-10-03,NO
1449,8044,17605,1888.29,failed,online,2025-10-03,NO
1,33244,17925,1042.16,failed,online,2025-10-03,NO
4712,29943,18000,877.34,completed,online,2025-10-03,NO
1,485,18761,787.03,completed,online,2025-10-03,NO
2516,3420,26502,586.71,failed,online,2025-10-03,NO
1,25506,28585,1690.64,failed,online,2025-10-03,NO
2835,21655,30684,711.51,failed,online,2025-10-03,NO
3168,39871,34898,896.71,completed,online,2025-10-03,NO
1,29585,36148,1914.9,completed,online,2025-10-03,NO
2187,44133,36404,1950.6,failed,online,2025-10-03,NO
4907,15807,36989,754.05,completed,online,2025-10-03,NO
4635,48056,37406,762.58,failed,online,2025-10-03,NO
2210,39868,37962,412.77,failed,online,2025-10-03,NO
1242,26445,38603,406.04,failed,online,2025-10-03,NO
2020,24588,39329,1435.53,failed,online,2025-10-03,NO
4045,49422,40235,1432.0,completed,online,2025-10-03,NO
3238,1158,41361,1598.57,failed,online,2025-10-03,NO
1,7194,42560,306.83,completed,online,2025-10-03,NO
1773,4466,42717,1190.06,completed,online,2025-10-03,NO
909,43534,46492,1462.91,completed,online,2025-10-03,NO
1,32608,52602,538.23,completed,online,2025-10-03,NO
4048,23120,56331,68.49,failed,online,2025-10-03,NO
1974,3592,56715,1674.08,completed,online,2025-10-03,NO
208,36595,56825,1875.62,failed,online,2025-10-03,NO
3468,23875,57206,314.03,failed,online,2025-10-03,NO
4718,14148,57495,1453.22,completed,online,2025-10-03,NO
1,14130,58873,70.92,completed,online,2025-10-03,NO
2816,27400,63733,1543.42,failed,online,2025-10-03,NO
1644,385,63746,454.08,completed,online,2025-10-03,NO
161,49623,67800,1791.1,failed,online,2025-10-03,NO
2405,33055,69841,1330.59,completed,online,2025-10-03,NO
1843,35596,70789,336.91,failed,online,2025-10-03,NO
3713,17916,74194,282.69,failed,online,2025-10-03,NO
880,6924,74555,1448.19,completed,online,2025-10-03,NO
381,40578,76080,862.45,completed,online,2025-10-03,NO
1,47137,77053,835.78,failed,online,2025-10-03,NO
98,2170,79058,1424.62,completed,online,2025-10-03,NO
1467,5202,79661,1680.02,failed,online,2025-10-03,NO
1,23878,80525,1181.81,failed,online,2025-10-03,NO
1990,3864,83632,1163.79,failed,online,2025-10-03,NO
4655,33456,86165,1867.95,failed,online,2025-10-03,NO
1,2870,87067,1386.68,completed,online,2025-10-03,NO
4918,29391,87592,1889.98,completed,online,2025-10-03,NO
458,15382,87689,876.09,failed,online,2025-10-03,NO
852,8204,87726,138.38,failed,online,2025-10-03,NO
4244,11620,87756,1889.53,failed,online,2025-10-03,NO
4752,29600,91878,247.22,failed,online,2025-10-03,NO
2639,47356,94928,1175.18,failed,online,2025-10-03,NO
1,34960,95368,977.77,completed,online,2025-10-03,NO
2940,45485,96081,489.47,completed,online,2025-10-03,NO
1394,36799,100230,1720.91,completed,online,2025-10-03,NO
1,45524,112009,1821.38,failed,online,2025-10-03,NO
1904,6625,113519,46.83,failed,online,2025-10-03,NO
1,37252,113725,1746.0,failed,online,2025-10-03,NO
3574,19434,115310,582.01,completed,online,2025-10-03,NO
56,30119,116744,511.72,completed,online,2025-10-03,NO
497,34366,117977,1335.54,completed,online,2025-10-03,NO
1341,40244,119425,1424.22,completed,online,2025-10-03,NO
461,27206,120372,150.55,completed,online,2025-10-03,NO
3520,32400,122453,438.74,completed,UNKNOWN,2025-10-03,NO
3354,12394,125772,1993.19,completed,online,2025-10-03,NO
244,41408,127838,298.84,failed,online,2025-10-03,NO
4219,1173,129007,769.99,failed,online,2025-10-03,NO
1,18314,130848,795.44,completed,online,2025-10-03,NO
4311,47074,132788,893.4,failed,online,2025-10-03,NO
1,37019,134023,1793.17,completed,online,2025-10-03,NO
134,25420,134915,916.64,completed,online,2025-10-03,NO
3744,1602,138282,1928.63,failed,online,2025-10-03,NO
1156,33585,139501,1596.82,completed,online,2025-10-03,NO
515,7461,140107,333.38,completed,online,2025-10-03,NO
665,30090,141302,363.34,completed,online,2025-10-03,NO
4740,15388,143200,1287.54,completed,online,2025-10-03,NO
46,41017,145421,141.93,completed,online,2025-10-03,NO
4759,42993,187,1382.47,failed,online,2025-02-09,NO
1431,24418,2347,52.1,completed,online,2025-02-09,NO
1794,24903,3224,1189.54,failed,online,2025-02-09,NO
3173,956,4179,1090.89,completed,online,2025-02-09,NO
2155,44656,6673,1318.79,failed,online,2025-02-09,NO
1,48071,9532,1377.91,failed,online,2025-02-09,NO
1,15702,10713,112.44,completed,online,2025-02-09,NO
3400,23459,11409,366.3,completed,online,2025-02-09,NO
4279,28209,11896,1999.47,completed,online,2025-02-09,NO
2152,41781,12912,1850.82,failed,online,2025-02-09,NO
2291,27537,14118,1068.85,completed,online,2025-02-09,NO
3334,48555,14252,1905.78,failed,online,2025-02-09,NO
2378,3704,15520,1680.31,completed,online,2025-02-09,NO
1,39045,16676,741.88,completed,online,2025-02-09,NO
497,48715,21362,215.87,completed,online,2025-02-09,NO
1024,5760,24364,1562.06,completed,online,2025-02-09,NO
635,22919,27028,611.53,failed,online,2025-02-09,NO
2173,707,28522,783.67,failed,online,2025-02-09,NO
1,4339,29466,926.5,completed,online,2025-02-09,NO
2878,13941,41059,308.44,completed,online,2025-02-09,NO
2182,42881,43440,943.63,completed,online,2025-02-09,NO
1,15308,45249,441.41,completed,online,2025-02-09,NO
3678,22258,46767,1554.65,completed,online,2025-02-09,NO
263,48328,49800,589.39,completed,online,2025-02-09,NO
1,15188,49925,1698.86,failed,online,2025-02-09,NO
163,7845,51200,194.93,completed,online,2025-02-09,NO
1241,11104,51460,1394.97,completed,online,2025-02-09,NO
3475,30632,51597,1956.07,completed,online,2025-02-09,NO
2235,39371,52094,1224.84,completed,online,2025-02-09,NO
3319,16626,52223,1332.92,failed,online,2025-02-09,NO
60,18089,52755,1861.62,completed,online,2025-02-09,NO
3832,43508,53738,378.54,completed,online,2025-02-09,NO
656,21240,54672,324.48,failed,online,2025-02-09,NO
1,49374,56059,1527.15,failed,online,2025-02-09,NO
1,30076,58084,1123.5,failed,online,2025-02-09,NO
1988,7489,60233,1864.78,failed,online,2025-02-09,NO
2278,35890,63273,627.73,failed,online,2025-02-09,NO
1,37597,66462,646.93,failed,online,2025-02-09,NO
689,7597,68120,172.79,completed,online,2025-02-09,NO
84,29674,69225,234.89,completed,online,2025-02-09,NO
3954,5090,75760,1342.42,completed,online,2025-02-09,NO
1150,16368,77022,1008.97,completed,online,2025-02-09,NO
1,45497,78695,299.65,completed,online,2025-02-09,NO
4485,26881,81128,153.34,failed,online,2025-02-09,NO
2027,4270,82188,438.65,completed,online,2025-02-09,NO
1,44187,83907,1303.13,failed,online,2025-02-09,NO
3505,37937,84021,776.18,failed,online,2025-02-09,NO
3738,16089,89666,726.31,failed,online,2025-02-09,NO
2514,28392,90886,1309.18,completed,online,2025-02-09,NO
2935,38268,93885,549.07,failed,online,2025-02-09,NO
1,27979,94774,185.47,failed,online,2025-02-09,NO
3346,29842,97377,803.5,completed,online,2025-02-09,NO
4287,16739,97901,25.47,failed,online,2025-02-09,NO
1,45511,101904,411.68,failed,online,2025-02-09,NO
3858,28143,101967,143.56,failed,online,2025-02-09,NO
1403,8437,103272,1932.5,completed,online,2025-02-09,NO
2822,44360,103291,569.64,failed,online,2025-02-09,NO
2458,41239,110363,44.35,completed,online,2025-02-09,NO
1616,46429,110436,1083.45,failed,online,2025-02-09,NO
1,20643,110808,1152.84,failed,online,2025-02-09,NO
85,19899,111757,1774.38,completed,online,2025-02-09,NO
768,12699,114036,292.33,failed,online,2025-02-09,NO
2298,10133,114377,1091.02,completed,online,2025-02-09,NO
2859,42095,115647,411.18,failed,online,2025-02-09,NO
2280,5820,116757,416.93,completed,online,2025-02-09,NO
805,25317,117510,263.51,completed,online,2025-02-09,NO
3866,41026,119696,1219.62,failed,online,2025-02-09,NO
1,46149,120968,906.64,completed,online,2025-02-09,NO
4141,6560,121180,858.32,completed,UNKNOWN,2025-02-09,NO
317,34443,122935,615.78,failed,online,2025-02-09,NO
194,31215,124185,5967.943541587742,failed,online,2025-02-09,NO
3967,47891,124765,1648.76,completed,online,2025-02-09,NO
1,36568,124975,39.77,failed,online,2025-02-09,NO
4752,14667,129366,1989.78,failed,online,2025-02-09,NO
1045,16402,132612,1392.71,failed,online,2025-02-09,NO
821,32402,135973,1422.09,failed,online,2025-02-09,NO
3377,8352,136794,1493.01,completed,online,2025-02-09,NO
45,16215,137422,529.49,completed,online,2025-02-09,NO
2563,26208,137444,1604.08,completed,online,2025-02-09,NO
836,13268,140816,1650.83,completed,online,2025-02-09,NO
1349,1044,144615,95.11,failed,online,2025-02-09,NO
2719,28329,146292,1019.9,completed,online,2025-02-09,NO
2632,16395,146328,198.59,failed,online,2025-02-09,NO
1,34663,146756,338.76,failed,online,2025-02-09,NO
1,35485,147554,1413.55,completed,online,2025-02-09,NO
2086,40472,359,1228.99,failed,online,2025-07-16,NO
45,49298,699,874.15,completed,online,2025-07-16,NO
2469,46033,2903,62.21,completed,online,2025-07-16,NO
4342,41879,11873,1671.74,completed,online,2025-07-16,NO
4349,18222,12172,442.12,failed,online,2025-07-16,NO
4606,31956,12290,1465.6,completed,online,2025-07-16,NO
1,47655,13157,1282.81,failed,online,2025-07-16,NO
2773,39733,14137,774.06,completed,online,2025-07-16,NO
1,2479,15764,1560.75,failed,online,2025-07-16,NO
4655,7053,17138,44.72,completed,online,2025-07-16,NO
1730,12973,20677,1510.79,failed,online,2025-07-16,NO
2924,18142,21137,15.22,failed,online,2025-07-16,NO
4727,33070,22667,1602.99,failed,online,2025-07-16,NO
2549,49539,22849,872.49,failed,online,2025-07-16,NO
1,21138,27910,839.35,failed,online,2025-07-16,NO
1184,36959,33831,1092.22,completed,online,2025-07-16,NO
1,13093,35053,90.72,failed,online,2025-07-16,NO
1307,5646,36223,1107.67,completed,online,2025-07-16,NO
4778,26543,47576,1035.9,failed,online,2025-07-16,NO
819,8439,48704,1311.94,completed,online,2025-07-16,NO
1,13764,51811,102.23,completed,online,2025-07-16,NO
1,37362,53608,494.36,failed,online,2025-07-16,NO
2825,2672,55718,1990.18,completed,online,2025-07-16,NO
1264,19692,57535,435.35,failed,online,2025-07-16,NO
1,41483,60159,158.74,failed,online,2025-07-16,NO
1,41420,63357,498.24,completed,online,2025-07-16,NO
4558,28167,64040,1057.15,completed,online,2025-07-16,NO
1517,35157,64062,943.96,failed,online,2025-07-16,NO
3277,16869,64865,1255.29,completed,online,2025-07-16,NO
266,28676,68535,1288.05,completed,online,2025-07-16,NO
1,46332,72026,1423.99,completed,online,2025-07-16,NO
1134,44400,73233,1549.29,failed,online,2025-07-16,NO
3264,46889,76865,1621.77,failed,online,2025-07-16,NO
194,8894,77366,89.14,completed,online,2025-07-16,NO
2287,25132,78041,1626.89,failed,online,2025-07-16,NO
2456,29181,78176,1460.61,failed,online,2025-07-16,NO
2092,28515,78214,526.19,failed,online,2025-07-16,NO
1234,20120,79165,782.06,completed,online,2025-07-16,NO
2461,19743,81149,167.15,completed,online,2025-07-16,NO
4062,33780,83711,867.61,completed,online,2025-07-16,NO
1916,10799,88343,49.15,failed,online,2025-07-16,NO
4559,25905,88474,656.49,failed,online,2025-07-16,NO
2695,42955,89213,490.46,completed,online,2025-07-16,NO
4857,35131,90162,1634.77,completed,online,2025-07-16,NO
1,42657,91293,1491.44,completed,online,2025-07-16,NO
1,37098,91409,1045.42,completed,online,2025-07-16,NO
1,11124,91467,741.0,failed,online,2025-07-16,NO
894,8360,92746,407.64,failed,online,2025-07-16,NO
806,13525,93108,1288.15,completed,online,2025-07-16,NO
4973,23048,93780,1935.19,failed,online,2025-07-16,NO
3787,33838,97103,1637.02,failed,online,2025-07-16,NO
1,48795,97840,701.01,completed,online,2025-07-16,NO
1,36395,98051,1146.35,completed,online,2025-07-16,NO
5,41010,98445,1653.45,completed,online,2025-07-16,NO
713,38271,101429,1968.45,completed,online,2025-07-16,NO
1640,3189,104008,1724.31,completed,online,2025-07-16,NO
2189,40246,107407,230.1,completed,online,2025-07-16,NO
640,23627,108100,545.25,failed,online,2025-07-16,NO
1459,40413,111654,547.63,failed,online,2025-07-16,NO
4285,19198,113637,681.27,completed,online,2025-07-16,NO
2176,31527,115422,1804.57,failed,online,2025-07-16,NO
1,34786,118561,1329.34,failed,online,2025-07-16,NO
2187,5682,119620,1227.58,failed,online,2025-07-16,NO
1,39705,121487,129.37,completed,online,2025-07-16,NO
3484,37457,122265,403.89,completed,online,2025-07-16,NO
2238,16522,127486,372.74,completed,online,2025-07-16,NO
1,37601,128311,1683.86,completed,online,2025-07-16,NO
414,39906,129327,1196.53,failed,online,2025-07-16,NO
440,18262,130532,1266.99,completed,UNKNOWN,2025-07-16,NO
4955,1712,131868,346.78,completed,online,2025-07-16,NO
2854,24517,132981,1854.19,failed,online,2025-07-16,NO
3188,32878,134898,1766.03,failed,online,2025-07-16,NO
2692,41342,137757,295.45,completed,online,2025-07-16,NO
522,13916,137941,1097.88,completed,online,2025-07-16,NO
1515,21357,138259,1632.21,failed,online,2025-07-16,NO
1,18719,139668,215.17,completed,online,2025-07-16,NO
1,6723,140216,1572.98,completed,online,2025-07-16,NO
4478,26338,143069,866.0,failed,online,2025-07-16,NO
1,7571,143424,804.76,completed,online,2025-07-16,NO
1,44875,144563,1510.14,failed,online,2025-07-16,NO
2355,30405,145741,1447.13,completed,online,2025-07-16,NO
2050,39974,146559,33.4,completed,online,2025-07-16,NO
2458,2719,146791,606.5,completed,online,2025-07-16,NO
1026,5517,148802,1934.36,completed,online,2025-07-16,NO
2629,18718,149624,135.86,completed,online,2025-07-16,NO
4373,4606,47,270.31,completed,online,2025-10-27,NO
3551,27492,7531,67.55,completed,online,2025-10-27,NO
2349,45197,9566,1857.37,completed,online,2025-10-27,NO
2566,47382,9653,1176.57,failed,online,2025-10-27,NO
4640,23581,10084,241.75,failed,online,2025-10-27,NO
2337,20901,11119,630.68,completed,online,2025-10-27,NO
1661,22731,13111,1947.76,failed,online,2025-10-27,NO
1,19900,13344,1518.79,failed,online,2025-10-27,NO
3648,19405,16391,1732.26,completed,online,2025-10-27,NO
264,22747,23464,831.42,failed,online,2025-10-27,NO
1045,21951,24692,1291.54,completed,online,2025-10-27,NO
1402,29629,25196,504.01,failed,online,2025-10-27,NO
829,40438,26755,1000.35,completed,online,2025-10-27,NO
1,9234,27713,554.44,completed,online,2025-10-27,NO
904,9093,28763,692.71,failed,online,2025-10-27,NO
1,28382,29420,1992.11,completed,online,2025-10-27,NO
4429,46746,29809,307.93,failed,online,2025-10-27,NO
792,22269,33943,149.87,failed,online,2025-10-27,NO
1,7607,34763,330.32,failed,online,2025-10-27,NO
3787,24990,41203,625.55,completed,online,2025-10-27,NO
1716,41862,42444,1936.25,completed,online,2025-10-27,NO
1866,31103,44997,1760.45,completed,online,2025-10-27,NO
1,45387,46291,1390.66,completed,online,2025-10-27,NO
3065,14229,47272,158.74,failed,online,2025-10-27,NO
1096,43573,49201,1279.74,completed,online,2025-10-27,NO
4866,15923,49308,1181.22,failed,online,2025-10-27,NO
1628,27416,49630,1601.29,failed,online,2025-10-27,NO
4453,9419,50788,977.47,completed,online,2025-10-27,NO
4836,49299,52257,562.21,failed,online,2025-10-27,NO
1,20178,54747,1415.37,failed,online,2025-10-27,NO
1844,37155,55830,1193.59,failed,online,2025-10-27,NO
4041,37634,56610,1614.33,failed,online,2025-10-27,NO
4369,40844,57201,1880.13,failed,online,2025-10-27,NO
2599,38356,60600,140.08,failed,online,2025-10-27,NO
1911,11124,63413,1784.96,completed,online,2025-10-27,NO
595,37723,64487,1384.52,completed,online,2025-10-27,NO
3763,2442,64622,1522.78,completed,online,2025-10-27,NO
1163,32026,65257,141.04,completed,online,2025-10-27,NO
1747,6003,66733,1692.07,completed,online,2025-10-27,NO
2092,30115,67231,1270.12,failed,online,2025-10-27,NO
1347,2219,67640,756.75,completed,online,2025-10-27,NO
4898,37269,70767,1859.03,failed,online,2025-10-27,NO
3640,42381,71746,1211.52,failed,online,2025-10-27,NO
4210,11126,73614,1997.54,failed,online,2025-10-27,NO
993,36350,75375,1907.6,completed,online,2025-10-27,NO
162,27198,77164,1384.04,failed,online,2025-10-27,NO
1,20735,81021,1546.48,failed,online,2025-10-27,NO
2315,49383,82209,816.05,completed,online,2025-10-27,NO
1,36133,83019,419.38,completed,online,2025-10-27,NO
2365,10513,85955,575.03,completed,online,2025-10-27,NO
4358,45719,87222,400.29,completed,online,2025-10-27,NO
251,48511,87912,963.95,completed,online,2025-10-27,NO
3829,4881,89922,1050.02,completed,online,2025-10-27,NO
1665,16609,91344,1584.21,completed,online,2025-10-27,NO
1706,35019,91782,689.84,completed,UNKNOWN,2025-10-27,NO
4803,34446,94109,818.1,completed,online,2025-10-27,NO
4802,2765,103090,41.39,completed,online,2025-10-27,NO
4663,33415,104107,563.24,completed,online,2025-10-27,NO
2070,39054,104424,1585.51,completed,online,2025-10-27,NO
1393,1492,106644,420.15,failed,online,2025-10-27,NO
4584,7311,108804,1980.35,completed,online,2025-10-27,NO
1,17951,109013,473.61,failed,UNKNOWN,2025-10-27,NO
4897,49037,110614,329.42,completed,online,2025-10-27,NO
2990,15419,112958,1821.19,failed,online,2025-10-27,NO
2731,31733,115147,1101.35,failed,online,2025-10-27,NO
4707,32715,116483,180.99,completed,online,2025-10-27,NO
1,49690,116760,1486.95,failed,online,2025-10-27,NO
4120,10520,117646,1380.03,completed,online,2025-10-27,NO
1958,33902,117972,1839.58,completed,online,2025-10-27,NO
4090,36032,118802,1495.92,failed,online,2025-10-27,NO
1,30193,120920,1590.11,completed,online,2025-10-27,NO
1,17851,122719,908.4,failed,online,2025-10-27,NO
1832,34410,124330,1134.65,completed,online,2025-10-27,NO
2249,10027,128611,348.22,completed,online,2025-10-27,NO
1829,25512,130076,1135.91,failed,online,2025-10-27,NO
1452,21194,133587,434.84,failed,online,2025-10-27,NO
2218,27306,134824,907.13,completed,online,2025-10-27,NO
252,21307,135843,89.01,failed,online,2025-10-27,NO
1,39690,136379,717.04,completed,online,2025-10-27,NO
3419,27862,137642,1307.2,failed,online,2025-10-27,NO
415,15069,143790,258.77,failed,online,2025-10-27,NO
3642,21770,146114,323.16,completed,online,2025-10-27,NO
933,21608,147595,7882.407036099006,failed,online,2025-10-27,NO
3653,43195,147713,691.93,completed,online,2025-10-27,NO
5000,32319,605,1985.33,failed,online,2025-11-19,NO
1881,24327,3544,343.68,completed,online,2025-11-19,NO
166,40059,5782,282.18,completed,online,2025-11-19,NO
1,15831,9560,7539.647516817477,completed,online,2025-11-19,NO
3192,21181,10373,775.65,failed,online,2025-11-19,NO
2005,41427,10759,706.59,completed,online,2025-11-19,NO
1109,11620,11209,790.42,completed,online,2025-11-19,NO
1615,17011,11322,1558.27,failed,online,2025-11-19,NO
4489,15320,21043,1307.16,failed,online,2025-11-19,NO
1720,43194,22126,832.53,completed,online,2025-11-19,NO
4740,41202,22404,1328.5,completed,online,2025-11-19,NO
2003,13090,22504,1813.94,failed,online,2025-11-19,NO
3485,32886,25766,1699.6,failed,online,2025-11-19,NO
1,43047,30237,1408.36,completed,online,2025-11-19,NO
2294,44670,30833,597.03,completed,online,2025-11-19,NO
3291,8526,31695,1596.31,completed,online,2025-11-19,NO
1,28024,33778,1902.84,failed,online,2025-11-19,NO
3758,16156,36614,1292.6,failed,online,2025-11-19,NO
705,473,37809,224.11,completed,online,2025-11-19,NO
1,47573,39063,714.66,failed,online,2025-11-19,NO
86,7620,39893,1420.79,failed,online,2025-11-19,NO
3541,35207,42070,1580.04,failed,online,2025-11-19,NO
2984,5874,42175,7803.559325630904,completed,online,2025-11-19,NO
1,16839,44174,1522.59,completed,online,2025-11-19,NO
2398,16398,45383,441.11,completed,online,2025-11-19,NO
1924,17189,45893,773.91,failed,online,2025-11-19,NO
1376,38506,47781,22.68,completed,online,2025-11-19,NO
4665,21939,48897,716.46,completed,online,2025-11-19,NO
4131,47206,50124,1502.14,failed,online,2025-11-19,NO
1,14245,50532,994.46,failed,online,2025-11-19,NO
3639,36207,52881,1485.89,completed,online,2025-11-19,NO
1,25351,53210,1494.2,completed,online,2025-11-19,NO
1,18992,55861,1405.29,failed,online,2025-11-19,NO
926,22794,60810,1669.83,completed,online,2025-11-19,NO
3933,24485,60871,966.68,failed,online,2025-11-19,NO
4326,25493,61205,851.8,failed,online,2025-11-19,NO
2022,9090,62636,1639.71,failed,online,2025-11-19,NO
3250,41162,66153,1457.18,completed,online,2025-11-19,NO
1414,37700,68894,729.41,completed,online,2025-11-19,NO
3362,40298,70429,1379.44,completed,online,2025-11-19,NO
796,25650,70943,174.42,failed,online,2025-11-19,NO
1,39158,71682,427.15,failed,online,2025-11-19,NO
1456,27929,75859,1721.22,failed,online,2025-11-19,NO
3345,44244,80721,1637.19,failed,online,2025-11-19,NO
3494,18466,81613,87.1,completed,online,2025-11-19,NO
1239,44434,83222,1921.76,completed,online,2025-11-19,NO
1431,37634,84524,1411.45,completed,online,2025-11-19,NO
830,21355,86049,1419.54,failed,online,2025-11-19,NO
4553,7436,86977,1679.1,completed,online,2025-11-19,NO
3052,3229,87523,857.74,completed,online,2025-11-19,NO
3023,44071,90581,1077.87,completed,online,2025-11-19,NO
779,28918,90789,310.58,completed,online,2025-11-19,NO
1,41422,91636,1497.02,failed,online,2025-11-19,NO
1117,16117,91950,199.6,failed,online,2025-11-19,NO
574,8500,92824,1400.27,failed,online,2025-11-19,NO
3987,34001,93322,1537.12,failed,online,2025-11-19,NO
1,7483,96046,986.08,completed,online,2025-11-19,NO
1290,3115,99655,1904.26,failed,online,2025-11-19,NO
622,18459,100249,6853.475726871839,completed,online,2025-11-19,NO
2311,94,101022,591.16,completed,online,2025-11-19,NO
1,31684,106386,1979.05,completed,online,2025-11-19,NO
1,42259,112024,1647.12,completed,online,2025-11-19,NO
602,35803,113511,235.9,completed,UNKNOWN,2025-11-19,NO
441,44757,113550,1577.15,completed,online,2025-11-19,NO
3649,31625,114907,128.76,completed,online,2025-11-19,NO
384,46649,115652,1778.0,failed,online,2025-11-19,NO
404,1792,115657,68.68,completed,online,2025-11-19,NO
581,17300,119511,1124.01,completed,online,2025-11-19,NO
1485,44005,120054,1191.14,completed,online,2025-11-19,NO
1,12608,122841,1456.25,failed,online,2025-11-19,NO
1,44398,124670,1502.81,completed,online,2025-11-19,NO
4828,40282,124962,1131.91,completed,online,2025-11-19,NO
2618,36939,129833,1295.17,failed,online,2025-11-19,NO
3721,37713,130946,591.84,failed,online,2025-11-19,NO
1804,23933,131870,1989.22,failed,online,2025-11-19,NO
1,38822,132355,1201.38,completed,online,2025-11-19,NO
2461,23665,135002,1160.36,completed,online,2025-11-19,NO
443,23435,135346,1169.44,completed,online,2025-11-19,NO
1778,30436,141680,1437.72,failed,online,2025-11-19,NO
27,5036,143175,664.05,completed,online,2025-11-19,NO
808,42312,145362,1346.11,failed,online,2025-11-19,NO
21,37501,145464,707.71,completed,online,2025-11-19,NO
1,10652,148164,943.29,completed,online,2025-11-19,NO
4734,28258,148362,775.59,failed,online,2025-11-19,NO
2960,11439,1279,1666.79,failed,online,2025-10-27,NO
3803,34858,1597,1784.13,failed,online,2025-10-27,NO
4183,7345,1720,1971.89,completed,online,2025-10-27,NO
4582,37893,3454,528.23,failed,online,2025-10-27,NO
1360,32322,4444,1363.52,completed,online,2025-10-27,NO
1,18782,5131,569.27,failed,online,2025-10-27,NO
2658,43772,5693,1787.17,completed,UNKNOWN,2025-10-27,NO
2805,21802,6976,1293.47,completed,online,2025-10-27,NO
2925,46651,8267,493.1,completed,online,2025-10-27,NO
1036,16949,13349,1291.89,failed,online,2025-10-27,NO
1371,6874,14788,555.69,completed,online,2025-10-27,NO
4343,33073,17328,1531.31,failed,online,2025-10-27,NO
1224,33002,17495,1840.45,failed,online,2025-10-27,NO
3313,39172,19388,1799.53,failed,online,2025-10-27,NO
18,37758,22928,585.11,completed,online,2025-10-27,NO
3155,31301,26953,547.87,failed,online,2025-10-27,NO
4193,47298,27049,1165.74,failed,online,2025-10-27,NO
4277,33312,29908,109.3,completed,online,2025-10-27,NO
1696,27652,34829,61.64,failed,online,2025-10-27,NO
3721,43457,38051,563.47,failed,online,2025-10-27,NO
1766,32991,38696,1751.45,failed,online,2025-10-27,NO
1315,25900,40486,5512.214150872985,failed,online,2025-10-27,NO
614,12478,41463,320.61,failed,online,2025-10-27,NO
1413,29259,45164,858.57,completed,online,2025-10-27,NO
1467,39053,45924,561.41,completed,online,2025-10-27,NO
3658,47512,46745,680.65,completed,online,2025-10-27,NO
52,3079,48837,1636.48,failed,online,2025-10-27,NO
2052,4428,49873,252.94,completed,online,2025-10-27,NO
1,38495,58738,651.81,failed,UNKNOWN,2025-10-27,NO
1,15026,59952,348.41,failed,online,2025-10-27,NO
1226,15898,61684,1819.98,completed,online,2025-10-27,NO
1,48623,62220,336.64,failed,online,2025-10-27,NO
1,1600,63117,922.06,failed,online,2025-10-27,NO
4839,3903,64490,153.69,failed,online,2025-10-27,NO
597,47136,65105,1751.66,failed,online,2025-10-27,NO
1,15120,66761,739.65,completed,online,2025-10-27,NO
3368,18937,66939,47.54,failed,online,2025-10-27,NO
1,29511,68933,804.87,completed,online,2025-10-27,NO
895,17789,70434,183.78,completed,online,2025-10-27,NO
509,49539,75931,1393.81,failed,online,2025-10-27,NO
1645,603,76349,659.27,completed,online,2025-10-27,NO
861,29719,76384,1651.25,completed,online,2025-10-27,NO
1745,35751,76818,392.49,completed,online,2025-10-27,NO
3447,10551,81214,727.63,failed,online,2025-10-27,NO
2098,27301,81412,1989.43,completed,online,2025-10-27,NO
853,14031,81498,360.83,failed,online,2025-10-27,NO
1,25809,83441,236.28,completed,online,2025-10-27,NO
1,15224,83880,7962.206936364151,failed,online,2025-10-27,NO
951,27091,88307,564.09,completed,online,2025-10-27,NO
4598,15707,89195,106.65,failed,online,2025-10-27,NO
277,15307,92060,439.4,failed,online,2025-10-27,NO
2023,4434,94750,552.27,failed,online,2025-10-27,NO
4898,13159,95901,1547.63,failed,online,2025-10-27,NO
1,42347,96254,1438.14,completed,online,2025-10-27,NO
3296,26632,96701,997.87,failed,online,2025-10-27,NO
3009,23368,98039,697.61,completed,online,2025-10-27,NO
558,38888,101471,1828.78,completed,online,2025-10-27,NO
2691,15151,103054,111.76,failed,online,2025-10-27,NO
3330,32383,105167,1603.92,failed,online,2025-10-27,NO
1,13026,105894,946.78,completed,online,2025-10-27,NO
3518,19818,108519,1863.55,failed,online,2025-10-27,NO
1,30244,109770,850.37,completed,online,2025-10-27,NO
2369,21868,112040,1355.28,failed,online,2025-10-27,NO
1678,1860,112910,781.93,completed,online,2025-10-27,NO
993,39415,113301,1888.9,failed,online,2025-10-27,NO
1452,8809,114010,1630.59,completed,online,2025-10-27,NO
1,18519,114243,1694.35,failed,online,2025-10-27,NO
1,1311,116876,629.35,completed,online,2025-10-27,NO
1,1370,118401,1999.44,completed,online,2025-10-27,NO
4960,26523,118450,1917.15,failed,online,2025-10-27,NO
354,26103,121201,379.38,completed,online,2025-10-27,NO
1,11909,121618,1500.43,completed,online,2025-10-27,NO
3527,5394,122995,1066.89,completed,online,2025-10-27,NO
1333,18960,123346,1355.28,failed,online,2025-10-27,NO
4,27727,124782,608.81,failed,online,2025-10-27,NO
1,34406,126183,1988.63,completed,online,2025-10-27,NO
2092,32807,128357,1524.65,failed,online,2025-10-27,NO
1458,25244,128572,236.72,completed,online,2025-10-27,NO
4374,10185,133425,1815.94,completed,online,2025-10-27,NO
4790,21404,136410,948.29,failed,online,2025-10-27,NO
1398,13038,137658,596.31,failed,online,2025-10-27,NO
1166,5410,145221,1284.37,failed,online,2025-10-27,NO
2654,46899,146232,1343.31,completed,online,2025-10-27,NO
1618,13211,147100,1871.41,failed,online,2025-10-27,NO
1457,49358,147406,355.25,failed,online,2025-10-27,NO
4266,49981,358,892.3,failed,online,2025-11-13,NO
588,42209,1742,264.59,failed,online,2025-11-13,NO
4348,34736,10134,241.93,completed,online,2025-11-13,NO
1964,40916,10758,960.26,completed,online,2025-11-13,NO
1,47362,11784,556.39,completed,online,2025-11-13,NO
1532,16140,15072,1181.43,failed,online,2025-11-13,NO
1,20160,15642,922.96,completed,online,2025-11-13,NO
4372,10317,15728,287.12,completed,online,2025-11-13,NO
3584,48371,17953,151.24,failed,online,2025-11-13,NO
3243,18732,23752,213.92,completed,online,2025-11-13,NO
2812,30480,23815,366.94,failed,online,2025-11-13,NO
1441,29203,23916,942.45,completed,online,2025-11-13,NO
1957,36250,24100,1006.76,completed,online,2025-11-13,NO
412,6415,29272,1246.39,completed,online,2025-11-13,NO
4020,29237,34773,706.85,failed,online,2025-11-13,NO
1,18252,35023,1818.06,failed,online,2025-11-13,NO
1,31980,36944,827.3,completed,online,2025-11-13,NO
3664,21828,37467,490.39,failed,online,2025-11-13,NO
2861,11311,42077,1754.34,completed,online,2025-11-13,NO
2713,11245,45415,29.99,failed,online,2025-11-13,NO
1035,46002,49480,591.4,failed,online,2025-11-13,NO
3110,40710,50347,1096.48,completed,online,2025-11-13,NO
580,42229,51344,1872.96,failed,online,2025-11-13,NO
1492,37384,53055,714.88,failed,online,2025-11-13,NO
1509,27282,53217,216.21,completed,online,2025-11-13,NO
3884,7466,57765,1881.9,failed,online,2025-11-13,NO
5000,2304,57947,25.45,completed,online,2025-11-13,NO
1,30542,61881,1936.92,completed,online,2025-11-13,NO
1679,15345,61973,1187.05,completed,online,2025-11-13,NO
764,46278,62179,1350.93,completed,online,2025-11-13,NO
2029,28887,62213,668.94,completed,online,2025-11-13,NO
994,39041,62507,209.93,failed,online,2025-11-13,NO
1,26969,63003,749.65,completed,online,2025-11-13,NO
2387,4319,63454,491.04,completed,online,2025-11-13,NO
1,30618,64641,1695.17,failed,online,2025-11-13,NO
3470,11276,66823,826.83,completed,online,2025-11-13,NO
3655,48,70058,1962.62,failed,online,2025-11-13,NO
2574,8818,71199,1213.89,completed,online,2025-11-13,NO
1999,17754,72054,386.83,completed,online,2025-11-13,NO
124,23391,72392,1660.5,failed,online,2025-11-13,NO
3027,4778,72609,249.53,completed,online,2025-11-13,NO
1710,27393,75688,1759.91,completed,online,2025-11-13,NO
1,23166,77940,1976.66,failed,online,2025-11-13,NO
3250,3209,78348,1212.08,completed,online,2025-11-13,NO
1,7309,78977,418.22,completed,UNKNOWN,2025-11-13,NO
477,24542,80027,1708.43,completed,online,2025-11-13,NO
1,37295,80236,1556.71,failed,online,2025-11-13,NO
1278,28036,80339,5622.742237260399,failed,online,2025-11-13,NO
2022,24449,84481,963.86,completed,online,2025-11-13,NO
442,11003,93470,1533.12,failed,online,2025-11-13,NO
3103,34605,94075,224.86,failed,online,2025-11-13,NO
1160,44161,94659,289.85,failed,online,2025-11-13,NO
4746,44586,96408,1714.63,failed,online,2025-11-13,NO
4256,28423,96417,1237.13,failed,online,2025-11-13,NO
1,44398,99570,290.79,failed,online,2025-11-13,NO
4465,30666,101411,527.44,failed,online,2025-11-13,NO
925,3558,105647,740.72,failed,online,2025-11-13,NO
2358,16566,106928,638.58,failed,online,2025-11-13,NO
1,9813,107530,542.37,completed,online,2025-11-13,NO
342,12453,112150,1259.64,failed,online,2025-11-13,NO
2206,38732,114944,1132.23,failed,online,2025-11-13,NO
1,13445,117120,1743.42,failed,online,2025-11-13,NO
831,24167,117783,785.88,completed,online,2025-11-13,NO
1536,10650,119101,1080.46,completed,online,2025-11-13,NO
2893,14189,119203,1978.62,failed,online,2025-11-13,NO
4369,47824,119278,515.23,completed,online,2025-11-13,NO
3189,35340,122695,259.93,failed,online,2025-11-13,NO
4295,2389,124344,257.86,failed,online,2025-11-13,NO
4091,18266,129029,1684.53,completed,UNKNOWN,2025-11-13,NO
3310,32928,132742,1829.32,failed,online,2025-11-13,NO
204,1815,134945,824.92,failed,online,2025-11-13,NO
3820,33031,135166,845.66,failed,online,2025-11-13,NO
1,37140,135356,1095.99,failed,online,2025-11-13,NO
795,19120,136797,667.99,completed,online,2025-11-13,NO
3948,7599,138321,522.41,failed,online,2025-11-13,NO
1,39806,138435,1347.12,failed,online,2025-11-13,NO
3641,13628,139049,1788.61,completed,online,2025-11-13,NO
1,34103,140603,897.45,completed,online,2025-11-13,NO
3837,36059,142119,1601.43,completed,online,2025-11-13,NO
4768,9242,143397,198.55,failed,online,2025-11-13,NO
1931,7493,146153,599.31,failed,online,2025-11-13,NO
3140,21577,147172,13.99,failed,online,2025-11-13,NO
1040,41250,147642,1639.98,completed,online,2025-11-13,NO
3876,18692,147851,1902.79,failed,online,2025-11-13,NO
2000,3798,148933,1391.05,failed,online,2025-11-13,NO
1463,15623,209,463.27,completed,online,2025-05-12,NO
1040,40999,1156,877.95,completed,online,2025-05-12,NO
1138,7567,4307,1858.95,completed,online,2025-05-12,NO
4876,22597,7103,1573.71,completed,online,2025-05-12,NO
2702,43882,7877,573.18,failed,online,2025-05-12,NO
214,35228,8828,685.54,failed,online,2025-05-12,NO
1700,28007,12349,1865.23,failed,online,2025-05-12,NO
1271,23247,13038,1905.64,completed,online,2025-05-12,NO
3214,19070,13339,296.09,completed,UNKNOWN,2025-05-12,NO
2850,43265,14525,319.51,completed,online,2025-05-12,NO
3068,43471,15046,871.74,failed,online,2025-05-12,NO
1094,21801,17804,162.13,failed,online,2025-05-12,NO
1167,14868,23086,23.43,completed,online,2025-05-12,NO
1,48521,24225,489.56,completed,online,2025-05-12,NO
2704,46652,26258,1515.24,failed,online,2025-05-12,NO
2397,2671,26602,502.74,completed,online,2025-05-12,NO
2525,26989,28622,432.89,failed,online,2025-05-12,NO
3644,34590,29547,12.09,completed,online,2025-05-12,NO
1278,40502,30264,405.43,failed,online,2025-05-12,NO
3480,39829,30809,1090.14,failed,online,2025-05-12,NO
1,2962,31498,26.6,completed,online,2025-05-12,NO
1120,20036,33629,1010.21,failed,online,2025-05-12,NO
2100,36625,35050,1091.2,failed,online,2025-05-12,NO
4462,47133,35273,937.14,completed,online,2025-05-12,NO
818,2278,35713,359.27,failed,online,2025-05-12,NO
3392,7530,35942,1484.09,completed,online,2025-05-12,NO
3892,43742,36317,790.24,failed,online,2025-05-12,NO
1,1587,36817,1049.6,failed,online,2025-05-12,NO
2055,27634,40886,794.0,failed,online,2025-05-12,NO
4380,14501,45983,1945.14,completed,online,2025-05-12,NO
1854,19373,46172,893.56,failed,online,2025-05-12,NO
3661,18693,46555,16.71,completed,online,2025-05-12,NO
3064,42978,47249,1501.22,completed,online,2025-05-12,NO
4442,25693,47455,411.57,failed,online,2025-05-12,NO
395,22058,47492,336.61,completed,online,2025-05-12,NO
1936,24524,49993,1846.04,failed,online,2025-05-12,NO
4592,31276,54644,1031.47,failed,online,2025-05-12,NO
117,35612,64648,1808.87,completed,online,2025-05-12,NO
4732,40388,65181,1602.12,completed,online,2025-05-12,NO
2721,8486,65726,115.94,failed,online,2025-05-12,NO
633,22233,66542,495.22,completed,online,2025-05-12,NO
4500,34985,68457,1545.18,completed,online,2025-05-12,NO
4509,42499,73656,1941.24,failed,online,2025-05-12,NO
1186,17589,81653,1416.94,completed,online,2025-05-12,NO
3790,28157,89484,729.21,completed,online,2025-05-12,NO
4095,28934,92176,1534.74,failed,online,2025-05-12,NO
1662,15106,93037,1620.65,completed,online,2025-05-12,NO
4323,5631,93731,632.63,failed,online,2025-05-12,NO
1,17604,93863,543.27,completed,online,2025-05-12,NO
3770,32110,95745,1726.45,failed,online,2025-05-12,NO
2172,23215,96035,1007.61,completed,online,2025-05-12,NO
4086,31349,97359,1161.66,failed,online,2025-05-12,NO
1772,46788,100517,368.15,completed,online,2025-05-12,NO
1562,7735,100679,1699.49,failed,online,2025-05-12,NO
4226,275,102257,336.05,failed,online,2025-05-12,NO
1720,21055,104771,973.34,failed,online,2025-05-12,NO
1,47153,105737,743.66,completed,online,2025-05-12,NO
1,26886,106104,737.06,completed,online,2025-05-12,NO
1540,27387,107674,1274.27,completed,online,2025-05-12,NO
4989,36178,109676,132.09,completed,online,2025-05-12,NO
4529,32601,109876,1602.91,completed,online,2025-05-12,NO
2258,16969,111298,801.83,completed,online,2025-05-12,NO
4997,27762,112410,1543.82,failed,online,2025-05-12,NO
1,16434,113554,6545.870258971521,failed,online,2025-05-12,NO
2418,12972,113746,999.51,failed,online,2025-05-12,NO
998,17718,119466,543.44,completed,online,2025-05-12,NO
192,30070,120594,1020.8,failed,online,2025-05-12,NO
1904,20739,125500,1243.17,failed,online,2025-05-12,NO
954,23463,126159,908.37,failed,online,2025-05-12,NO
2099,19402,129433,334.87,completed,online,2025-05-12,NO
125,43563,132873,1910.8,failed,online,2025-05-12,NO
2946,27721,133974,1505.77,failed,online,2025-05-12,NO
1,19985,134112,721.03,completed,online,2025-05-12,NO
4462,15130,135540,1189.34,failed,online,2025-05-12,NO
1,6018,140308,1471.66,completed,online,2025-05-12,NO
2413,2670,141172,1614.95,completed,online,2025-05-12,NO
2251,28928,141993,57.85,completed,online,2025-05-12,NO
3910,18336,142339,1321.11,completed,online,2025-05-12,NO
1459,37250,145810,1543.93,completed,UNKNOWN,2025-05-12,NO
2269,12139,146303,381.73,failed,online,2025-05-12,NO
419,3982,146591,1862.64,completed,online,2025-05-12,NO
3461,27978,147706,124.81,failed,online,2025-05-12,NO
580,31801,149117,293.15,completed,online,2025-05-12,NO
216,9587,149853,1375.36,failed,online,2025-05-12,NO
3374,30032,108,370.27,failed,online,2025-12-31,NO
1485,45366,471,650.63,failed,online,2025-12-31,NO
2515,13306,1990,1621.16,failed,online,2025-12-31,NO
3549,1597,2076,1510.79,completed,online,2025-12-31,NO
2870,4087,2774,577.95,completed,online,2025-12-31,NO
2231,37840,3920,483.1,completed,online,2025-12-31,NO
3388,36318,4132,1387.91,completed,online,2025-12-31,NO
393,30144,4200,1053.52,failed,online,2025-12-31,NO
3616,32449,4327,1221.01,failed,online,2025-12-31,NO
4556,14121,5211,1008.96,failed,online,2025-12-31,NO
1993,19754,6419,1376.37,completed,online,2025-12-31,NO
1,13961,9435,1472.76,completed,online,2025-12-31,NO
2882,241,10684,1944.54,failed,online,2025-12-31,NO
4445,33583,10768,55.9,completed,online,2025-12-31,NO
3651,37885,11311,993.84,failed,online,2025-12-31,NO
3721,32995,12088,218.02,completed,online,2025-12-31,NO
1,2201,14813,1387.54,completed,online,2025-12-31,NO
599,27410,15283,987.72,failed,online,2025-12-31,NO
4676,34856,16230,1505.12,completed,online,2025-12-31,NO
4618,34480,18502,1464.27,failed,online,2025-12-31,NO
115,21479,20020,472.39,failed,online,2025-12-31,NO
1,21004,20124,517.69,failed,online,2025-12-31,NO
1637,13276,21231,1964.53,failed,online,2025-12-31,NO
1154,325,21389,1060.53,completed,online,2025-12-31,NO
4080,20187,23073,1530.59,completed,online,2025-12-31,NO
743,9859,31748,1519.44,failed,online,2025-12-31,NO
579,22098,31964,1191.23,completed,online,2025-12-31,NO
4001,49570,34158,101.48,failed,online,2025-12-31,NO
2387,21802,34642,576.13,failed,online,2025-12-31,NO
1,8565,34893,818.99,failed,online,2025-12-31,NO
4855,1326,36655,1846.78,completed,online,2025-12-31,NO
1,18047,37812,615.39,completed,online,2025-12-31,NO
4179,12917,42932,1620.96,failed,online,2025-12-31,NO
1,25955,46380,1045.47,failed,online,2025-12-31,NO
1027,5291,47018,406.2,completed,online,2025-12-31,NO
488,13972,48235,1425.76,completed,online,2025-12-31,NO
1,34425,50634,134.01,completed,online,2025-12-31,NO
4774,11903,52239,752.92,failed,online,2025-12-31,NO
3155,41694,55595,258.27,failed,online,2025-12-31,NO
1261,17176,56102,1480.47,completed,online,2025-12-31,NO
2374,31167,60161,1080.24,completed,online,2025-12-31,NO
930,26606,61961,565.61,failed,online,2025-12-31,NO
1022,20490,63191,1659.21,completed,online,2025-12-31,NO
918,26849,63986,1258.95,failed,online,2025-12-31,NO
1,17517,64989,566.31,failed,online,2025-12-31,NO
368,39529,65532,528.41,failed,online,2025-12-31,NO
1488,40901,67321,1710.77,failed,online,2025-12-31,NO
4900,17722,68548,1927.71,failed,online,2025-12-31,NO
3070,45613,69188,1042.78,failed,UNKNOWN,2025-12-31,NO
1376,45698,74655,1249.76,failed,online,2025-12-31,NO
4838,18301,74985,483.5,failed,online,2025-12-31,NO
3743,7567,77824,1873.54,completed,online,2025-12-31,NO
105,34057,78358,540.79,completed,online,2025-12-31,NO
3161,1470,78408,1743.46,completed,online,2025-12-31,NO
1,32762,80335,1984.66,completed,online,2025-12-31,NO
4895,871,81161,1115.08,failed,online,2025-12-31,NO
1,12493,81370,75.99,completed,online,2025-12-31,NO
2370,46884,84110,558.38,completed,online,2025-12-31,NO
4656,42709,84425,886.01,completed,online,2025-12-31,NO
3310,15096,85521,1108.79,failed,online,2025-12-31,NO
3845,26357,87027,479.17,completed,online,2025-12-31,NO
1084,28241,92302,1218.69,failed,online,2025-12-31,NO
4254,24442,92618,1660.19,completed,online,2025-12-31,NO
282,38031,100210,1953.81,completed,online,2025-12-31,NO
3417,335,101207,444.17,failed,online,2025-12-31,NO
1182,30415,105423,1739.13,failed,online,2025-12-31,NO
879,20835,106014,1346.01,completed,online,2025-12-31,NO
574,19281,106731,1578.16,completed,online,2025-12-31,NO
491,49900,109854,833.14,completed,online,2025-12-31,NO
3012,24734,112496,1026.38,completed,online,2025-12-31,NO
756,22394,114452,1946.13,completed,online,2025-12-31,NO
3553,9013,115980,1908.94,completed,online,2025-12-31,NO
3345,38510,118107,1525.1,failed,online,2025-12-31,NO
4285,719,118555,61.19,failed,online,2025-12-31,NO
1,13396,119382,1794.57,completed,online,2025-12-31,NO
1519,10961,120746,1936.14,failed,online,2025-12-31,NO
2385,9690,123845,651.64,completed,online,2025-12-31,NO
1521,14782,129565,1590.55,failed,online,2025-12-31,NO
781,49909,135203,1556.17,completed,online,2025-12-31,NO
1832,5324,137970,684.75,failed,online,2025-12-31,NO
4589,46786,138296,1729.15,failed,online,2025-12-31,NO
2850,24642,139729,1483.99,completed,online,2025-12-31,NO
746,9431,141953,1822.89,completed,online,2025-12-31,NO
88,30328,143863,54.89,failed,online,2025-12-31,NO
2116,48201,149849,798.04,completed,online,2025-12-31,NO
1,32801,2370,109.89,failed,online,2025-05-02,NO
575,47522,2474,32.88,completed,online,2025-05-02,NO
1,4840,2974,327.55,failed,online,2025-05-02,NO
3330,17467,7835,1185.57,completed,online,2025-05-02,NO
3546,34081,9151,886.02,completed,online,2025-05-02,NO
1,27994,10678,1162.4,failed,online,2025-05-02,NO
3084,17705,11540,893.2,completed,online,2025-05-02,NO
4481,905,12883,686.66,completed,online,2025-05-02,NO
2046,41175,13849,1067.51,failed,online,2025-05-02,NO
2927,20415,15976,1879.89,failed,online,2025-05-02,NO
3553,33091,16530,1899.86,failed,online,2025-05-02,NO
1,17289,16658,1032.73,failed,online,2025-05-02,NO
3767,3480,18262,596.21,failed,online,2025-05-02,NO
2475,15999,18993,1924.52,failed,online,2025-05-02,NO
1,38723,19301,1607.34,completed,online,2025-05-02,NO
1,46053,19710,855.74,completed,online,2025-05-02,NO
1,32102,22750,1990.12,failed,online,2025-05-02,NO
4284,46620,23163,1241.7,completed,online,2025-05-02,NO
1774,42218,24367,1166.44,completed,online,2025-05-02,NO
1,26076,26107,1573.07,completed,online,2025-05-02,NO
1060,41476,26246,373.04,failed,online,2025-05-02,NO
3176,26068,27990,503.58,failed,online,2025-05-02,NO
181,36347,29036,668.52,failed,online,2025-05-02,NO
3820,12989,33447,1490.14,completed,online,2025-05-02,NO
4242,6918,34074,1802.33,completed,online,2025-05-02,NO
3055,36027,34160,435.84,completed,online,2025-05-02,NO
1,28401,34527,527.16,failed,online,2025-05-02,NO
1553,93,43952,144.48,completed,online,2025-05-02,NO
4377,20376,46285,370.16,failed,online,2025-05-02,NO
1,3726,46311,100.7,completed,online,2025-05-02,NO
668,29454,48782,205.37,completed,online,2025-05-02,NO
4857,15214,51827,1661.45,completed,online,2025-05-02,NO
2438,18539,52472,554.95,failed,online,2025-05-02,NO
1,44645,59374,1545.81,failed,online,2025-05-02,NO
39,39388,59732,1664.39,completed,online,2025-05-02,NO
1,2412,62311,1579.43,completed,online,2025-05-02,NO
268,15821,62851,507.61,completed,online,2025-05-02,NO
4296,38275,63887,1834.14,completed,online,2025-05-02,NO
3498,43606,64088,1135.24,completed,online,2025-05-02,NO
3647,19111,64855,283.74,failed,online,2025-05-02,NO
1,21031,66460,673.12,completed,online,2025-05-02,NO
3667,18619,67487,100.39,failed,online,2025-05-02,NO
1,14552,68442,1043.87,completed,online,2025-05-02,NO
4041,31273,70344,437.02,failed,online,2025-05-02,NO
2610,27116,71963,752.4,failed,online,2025-05-02,NO
1902,41511,73699,1586.89,failed,online,2025-05-02,NO
4338,8785,73879,1323.99,failed,online,2025-05-02,NO
607,3736,77699,1187.22,failed,online,2025-05-02,NO
2490,5673,79027,376.24,failed,online,2025-05-02,NO
216,23543,80914,1872.3,completed,online,2025-05-02,NO
1,32532,81213,868.91,failed,online,2025-05-02,NO
980,20031,83550,238.19,completed,online,2025-05-02,NO
220,16444,84793,1885.89,failed,online,2025-05-02,NO
4124,34966,86580,924.75,failed,online,2025-05-02,NO
1089,3401,86945,493.75,failed,online,2025-05-02,NO
2460,36260,89536,760.82,failed,online,2025-05-02,NO
1,27,89546,416.07,failed,online,2025-05-02,NO
3544,14482,89991,61.77,completed,online,2025-05-02,NO
1,7487,95917,519.08,completed,online,2025-05-02,NO
1088,4731,99120,1774.91,failed,online,2025-05-02,NO
1,3084,100580,258.89,completed,online,2025-05-02,NO
1,38760,100647,1358.22,failed,online,2025-05-02,NO
4496,45256,102613,567.43,failed,online,2025-05-02,NO
4494,29451,105380,1854.58,failed,online,2025-05-02,NO
1,35741,106508,1681.58,completed,online,2025-05-02,NO
93,6408,108989,774.54,completed,online,2025-05-02,NO
2687,10004,110747,1726.55,failed,online,2025-05-02,NO
2933,19223,113757,163.79,failed,online,2025-05-02,NO
1748,38377,114240,7165.01225217239,failed,online,2025-05-02,NO
4023,48728,114866,1125.07,failed,online,2025-05-02,NO
92,4426,116752,1920.7,completed,online,2025-05-02,NO
4410,20929,122142,1206.05,completed,online,2025-05-02,NO
1324,11056,123453,112.47,completed,online,2025-05-02,NO
1,13127,127371,567.93,failed,online,2025-05-02,NO
2470,22177,131586,1158.03,completed,online,2025-05-02,NO
1,5720,132185,1528.35,completed,online,2025-05-02,NO
1,36472,132864,1740.23,completed,online,2025-05-02,NO
1,42987,133544,1576.83,completed,online,2025-05-02,NO
2182,36576,134279,1610.87,failed,online,2025-05-02,NO
594,981,135518,449.99,completed,online,2025-05-02,NO
3401,27118,136750,64.91,failed,online,2025-05-02,NO
1427,39205,141830,445.01,failed,online,2025-05-02,NO
2863,10447,143735,679.16,completed,online,2025-05-02,NO
4057,39261,144837,21.8,failed,online,2025-05-02,NO
3113,22918,147240,232.87,failed,online,2025-05-02,NO
955,45095,149222,1747.98,failed,online,2025-05-02,NO
1739,43309,40,1481.19,completed,online,2025-07-01,NO
1174,4987,1145,1029.1,failed,online,2025-07-01,NO
2710,47317,2232,737.93,failed,online,2025-07-01,NO
537,838,2554,1669.09,completed,online,2025-07-01,NO
1,39640,3815,8113.92778752859,completed,online,2025-07-01,NO
1,35903,7269,816.44,completed,online,2025-07-01,NO
3553,41267,13674,1645.64,completed,online,2025-07-01,NO
3993,32490,14408,546.34,failed,online,2025-07-01,NO
1,14472,18035,138.25,failed,online,2025-07-01,NO
2826,17937,19318,967.09,completed,online,2025-07-01,NO
4305,11157,24478,1556.72,completed,online,2025-07-01,NO
1256,44483,24774,1380.8,failed,online,2025-07-01,NO
1224,47209,25513,1826.11,completed,online,2025-07-01,NO
2126,47486,25772,339.43,completed,online,2025-07-01,NO
2033,14754,27835,1684.16,failed,online,2025-07-01,NO
1527,12242,29623,1588.07,failed,online,2025-07-01,NO
1,44171,30621,257.65,completed,online,2025-07-01,NO
2252,40249,34361,1054.68,completed,online,2025-07-01,NO
1703,47479,34810,417.73,failed,online,2025-07-01,NO
1973,48364,34835,661.47,completed,online,2025-07-01,NO
1885,45522,37671,598.75,failed,online,2025-07-01,NO
607,17760,41491,407.77,failed,online,2025-07-01,NO
1381,17368,42598,1093.68,failed,online,2025-07-01,NO
4615,16351,45570,188.13,completed,online,2025-07-01,NO
1,26245,48346,888.14,completed,online,2025-07-01,NO
3045,23593,49296,35.54,completed,online,2025-07-01,NO
4416,33646,50770,1525.35,failed,online,2025-07-01,NO
3872,5788,51191,1176.98,completed,online,2025-07-01,NO
1,25598,52964,44.05,failed,online,2025-07-01,NO
894,29639,53365,1046.84,failed,online,2025-07-01,NO
856,48361,55281,132.75,failed,online,2025-07-01,NO
1,10050,59974,1501.99,failed,online,2025-07-01,NO
774,43127,60040,1989.26,completed,online,2025-07-01,NO
1,10773,60451,384.83,completed,online,2025-07-01,NO
3577,46560,63787,472.42,failed,online,2025-07-01,NO
1,30031,64183,450.28,failed,online,2025-07-01,NO
3534,37986,64609,657.49,completed,online,2025-07-01,NO
4949,48954,68976,811.05,failed,online,2025-07-01,NO
4332,12001,69974,1537.16,failed,online,2025-07-01,NO
1,5871,72835,1124.92,failed,online,2025-07-01,NO
1,44454,73488,843.89,completed,online,2025-07-01,NO
1,20702,73681,868.61,failed,online,2025-07-01,NO
1,38744,73864,525.14,failed,online,2025-07-01,NO
3803,17689,76812,1058.63,failed,online,2025-07-01,NO
1,41712,77312,802.72,failed,online,2025-07-01,NO
3082,21404,80694,29.02,failed,UNKNOWN,2025-07-01,NO
98,19627,82535,330.6,completed,online,2025-07-01,NO
2925,44786,83592,1453.74,failed,online,2025-07-01,NO
3088,10601,84136,533.98,failed,online,2025-07-01,NO
1,194,84924,1598.93,completed,online,2025-07-01,NO
3000,12715,86046,1946.65,failed,online,2025-07-01,NO
3017,9327,87918,157.55,completed,online,2025-07-01,NO
1,8104,88729,739.5,failed,online,2025-07-01,NO
387,19923,89464,1792.81,completed,online,2025-07-01,NO
3194,14481,91289,140.51,completed,online,2025-07-01,NO
4023,34925,92322,1123.96,completed,online,2025-07-01,NO
1091,49924,93771,375.81,failed,online,2025-07-01,NO
1,35594,94322,518.2,completed,online,2025-07-01,NO
1975,12754,94583,1524.84,completed,online,2025-07-01,NO
44,24287,98887,1019.1,failed,online,2025-07-01,NO
1161,17342,102557,1526.06,completed,online,2025-07-01,NO
1816,7851,102756,753.24,failed,online,2025-07-01,NO
3952,24604,103050,1774.35,failed,online,2025-07-01,NO
3179,3512,105835,1586.71,completed,online,2025-07-01,NO
1871,30186,106233,1153.37,completed,online,2025-07-01,NO
98,13569,106481,983.01,completed,online,2025-07-01,NO
1,47592,106813,419.3,completed,UNKNOWN,2025-07-01,NO
1857,16231,107650,1373.81,failed,online,2025-07-01,NO
4258,13915,107908,1459.14,failed,online,2025-07-01,NO
3624,34631,109847,1403.83,completed,online,2025-07-01,NO
1,25795,112036,1331.76,completed,online,2025-07-01,NO
2129,25172,113073,1109.14,completed,online,2025-07-01,NO
2995,15384,113251,825.71,failed,online,2025-07-01,NO
166,32126,119204,542.51,completed,online,2025-07-01,NO
3002,7752,120108,639.76,failed,online,2025-07-01,NO
1962,31330,122735,261.64,failed,online,2025-07-01,NO
104,10707,125131,1468.49,completed,online,2025-07-01,NO
1741,33882,127077,680.25,completed,online,2025-07-01,NO
756,32134,133334,1141.44,completed,online,2025-07-01,NO
335,2224,133895,1517.74,completed,online,2025-07-01,NO
3247,36242,134097,1075.9,completed,online,2025-07-01,NO
529,43707,139944,865.54,completed,online,2025-07-01,NO
1922,37409,141666,303.02,completed,online,2025-07-01,NO
1157,16908,145119,411.55,completed,online,2025-07-01,NO
4360,43885,146950,402.44,failed,online,2025-07-01,NO
1,26266,798,1377.76,failed,online,2025-06-10,NO
1298,30823,2450,1942.98,failed,online,2025-06-10,NO
1442,16267,3217,999.1,failed,online,2025-06-10,NO
1,46240,3899,495.44,failed,online,2025-06-10,NO
2447,22927,7405,676.95,completed,online,2025-06-10,NO
2391,34494,16989,1517.38,failed,online,2025-06-10,NO
2998,34864,21557,245.26,failed,online,2025-06-10,NO
1,37456,23003,1763.1,completed,online,2025-06-10,NO
2263,31007,25047,1132.84,failed,online,2025-06-10,NO
2969,5286,25522,1463.49,completed,online,2025-06-10,NO
1,27091,27291,804.35,completed,online,2025-06-10,NO
1126,22428,29142,558.84,completed,online,2025-06-10,NO
4776,4267,29445,620.63,completed,online,2025-06-10,NO
4341,18813,29581,246.28,completed,online,2025-06-10,NO
1266,17554,30571,857.04,completed,online,2025-06-10,NO
2032,17407,34668,1511.53,failed,UNKNOWN,2025-06-10,NO
1,32519,35105,247.04,failed,online,2025-06-10,NO
1,10144,37569,1803.7,failed,online,2025-06-10,NO
583,20668,38909,306.19,failed,online,2025-06-10,NO
1,5407,43388,1202.24,failed,online,2025-06-10,NO
2028,12654,46338,1923.42,failed,online,2025-06-10,NO
4675,9996,51068,293.74,completed,online,2025-06-10,NO
1312,7893,52236,1083.21,failed,online,2025-06-10,NO
1,48808,52268,1610.61,failed,online,2025-06-10,NO
1,28250,52749,1823.37,completed,online,2025-06-10,NO
4218,34055,53254,150.67,completed,online,2025-06-10,NO
1,2661,53535,583.48,completed,online,2025-06-10,NO
4370,9665,55551,1508.41,failed,online,2025-06-10,NO
881,24826,58596,753.64,completed,online,2025-06-10,NO
1950,2634,59284,1135.75,completed,online,2025-06-10,NO
1,15451,61939,595.37,failed,online,2025-06-10,NO
1,13247,65323,342.95,failed,online,2025-06-10,NO
2282,24577,70794,1975.24,failed,online,2025-06-10,NO
4767,37551,71661,731.13,failed,online,2025-06-10,NO
3135,21253,71686,1501.05,completed,online,2025-06-10,NO
2400,16299,72537,1852.41,completed,UNKNOWN,2025-06-10,NO
3534,4323,77795,1531.66,completed,online,2025-06-10,NO
1,22008,79629,1747.98,failed,online,2025-06-10,NO
1052,4036,79744,871.97,failed,online,2025-06-10,NO
1095,25881,83484,1094.49,completed,online,2025-06-10,NO
4340,45589,83650,1459.94,completed,online,2025-06-10,NO
1,40713,84055,1569.46,failed,online,2025-06-10,NO
1696,5546,89794,663.26,failed,online,2025-06-10,NO
3405,31662,90315,210.32,failed,online,2025-06-10,NO
3695,34560,91693,1128.28,failed,online,2025-06-10,NO
1508,8128,92608,311.55,completed,online,2025-06-10,NO
265,42508,95068,534.71,failed,online,2025-06-10,NO
1401,22159,97201,974.54,failed,online,2025-06-10,NO
2462,40544,100850,706.82,completed,online,2025-06-10,NO
3379,41031,100938,1666.19,failed,online,2025-06-10,NO
280,4846,102258,1213.86,failed,online,2025-06-10,NO
1,547,105616,742.09,failed,online,2025-06-10,NO
3677,31564,107030,1000.54,completed,online,2025-06-10,NO
4308,11029,107539,60.28,completed,online,2025-06-10,NO
4609,18103,108719,1837.19,completed,online,2025-06-10,NO
1355,32347,108758,137.04,failed,online,2025-06-10,NO
1,4169,108999,1375.36,failed,online,2025-06-10,NO
827,8357,109879,1239.22,failed,online,2025-06-10,NO
1536,21180,110310,1110.07,completed,online,2025-06-10,NO
1,45881,111638,1944.04,completed,online,2025-06-10,NO
1,33381,117710,868.43,completed,online,2025-06-10,NO
445,9618,118397,1780.72,failed,online,2025-06-10,NO
199,33526,126260,65.25,completed,online,2025-06-10,NO
1,1644,126547,1367.43,failed,online,2025-06-10,NO
146,45020,128992,603.75,completed,online,2025-06-10,NO
3255,30996,131364,175.92,completed,online,2025-06-10,NO
435,47887,134396,321.53,completed,online,2025-06-10,NO
4352,26134,136677,1857.86,completed,UNKNOWN,2025-06-10,NO
553,10245,136679,1584.68,completed,online,2025-06-10,NO
4444,14390,137944,1432.76,completed,online,2025-06-10,NO
1,40452,138216,625.23,completed,online,2025-06-10,NO
1828,30300,140502,462.67,completed,online,2025-06-10,NO
1140,19358,140804,1649.69,failed,online,2025-06-10,NO
1748,33209,140838,1252.73,failed,online,2025-06-10,NO
2045,9148,141769,1858.76,completed,online,2025-06-10,NO
4303,5841,142319,968.21,completed,online,2025-06-10,NO
3368,33432,143468,146.26,completed,online,2025-06-10,NO
1,19372,143773,1566.98,completed,online,2025-06-10,NO
2446,21671,144190,157.32,failed,online,2025-06-10,NO
3064,2971,145031,1220.54,completed,online,2025-06-10,NO
3858,20993,146602,154.31,completed,online,2025-06-10,NO
2557,25425,147475,1645.27,failed,online,2025-06-10,NO
1,28958,147848,558.1,failed,online,2025-06-10,NO
976,14948,148467,416.76,completed,online,2025-06-10,NO
2061,47276,148710,1015.32,completed,online,2025-06-10,NO
1,13439,1219,1374.16,completed,online,2025-05-06,NO
135,45063,2206,1421.62,completed,online,2025-05-06,NO
2339,48790,2358,676.04,completed,online,2025-05-06,NO
944,2128,4260,762.01,completed,online,2025-05-06,NO
761,25173,7076,1324.77,completed,online,2025-05-06,NO
1,39263,7779,457.29,failed,online,2025-05-06,NO
1,6701,9756,1764.88,completed,online,2025-05-06,NO
2863,43615,11148,1473.32,completed,online,2025-05-06,NO
144,44773,14240,1645.28,failed,online,2025-05-06,NO
29,7167,14682,447.17,failed,online,2025-05-06,NO
4287,49170,14872,1951.82,failed,online,2025-05-06,NO
218,21860,15160,64.94,failed,online,2025-05-06,NO
574,47916,15197,1360.37,completed,online,2025-05-06,NO
644,28986,15676,1149.83,completed,online,2025-05-06,NO
3841,42305,26184,542.31,completed,online,2025-05-06,NO
1277,35400,28210,499.28,failed,online,2025-05-06,NO
2661,47011,31531,1787.29,failed,online,2025-05-06,NO
4645,8009,31911,354.98,failed,online,2025-05-06,NO
3500,16939,31925,1861.27,completed,online,2025-05-06,NO
4354,5990,36843,1340.9,failed,online,2025-05-06,NO
1737,29014,38019,1261.48,failed,online,2025-05-06,NO
2637,3281,39186,256.15,completed,online,2025-05-06,NO
2496,2076,41460,267.53,completed,online,2025-05-06,NO
650,34122,45782,541.68,completed,online,2025-05-06,NO
431,15627,46903,1228.13,completed,online,2025-05-06,NO
4365,6464,51208,632.22,completed,online,2025-05-06,NO
2599,37576,51985,1196.35,failed,online,2025-05-06,NO
1697,37131,52231,395.89,failed,online,2025-05-06,NO
3314,30090,52269,1156.87,failed,online,2025-05-06,NO
1,6974,52478,577.11,failed,online,2025-05-06,NO
1916,33407,55411,568.91,completed,online,2025-05-06,NO
804,29216,56836,1729.75,completed,online,2025-05-06,NO
1,20830,56837,1636.45,completed,online,2025-05-06,NO
2284,42125,57611,623.0,failed,online,2025-05-06,NO
3994,46512,58518,1514.79,failed,online,2025-05-06,NO
1,22379,59605,939.21,failed,UNKNOWN,2025-05-06,NO
1617,6911,61057,1118.07,failed,online,2025-05-06,NO
1304,39090,61084,954.96,failed,online,2025-05-06,NO
3622,43177,61757,9823.997281365031,completed,online,2025-05-06,NO
2196,11008,63123,207.52,completed,online,2025-05-06,NO
2926,35715,63432,193.17,failed,online,2025-05-06,NO
1,17785,64947,553.73,failed,online,2025-05-06,NO
3084,29271,68097,1702.18,failed,online,2025-05-06,NO
3760,20987,69638,1510.14,failed,online,2025-05-06,NO
903,41887,73524,829.94,failed,online,2025-05-06,NO
2008,14497,74125,1829.22,failed,online,2025-05-06,NO
1372,453,76154,962.38,failed,online,2025-05-06,NO
4486,12867,76415,1511.88,completed,online,2025-05-06,NO
4639,30611,77197,731.94,completed,online,2025-05-06,NO
2487,10622,77983,1012.07,completed,online,2025-05-06,NO
468,26955,78491,491.28,failed,online,2025-05-06,NO
1472,15020,82958,812.54,completed,online,2025-05-06,NO
1,17773,83110,1958.72,completed,online,2025-05-06,NO
4503,7882,85178,808.1,completed,online,2025-05-06,NO
2344,49507,87799,1759.01,failed,online,2025-05-06,NO
1508,17006,91987,959.01,completed,online,2025-05-06,NO
4930,16774,95465,1169.04,failed,online,2025-05-06,NO
1,27344,95577,252.43,failed,online,2025-05-06,NO
4030,11785,96097,1980.08,completed,online,2025-05-06,NO
4714,578,97410,1184.43,failed,online,2025-05-06,NO
233,31683,106584,1375.36,completed,online,2025-05-06,NO
1,12339,108602,1668.73,completed,online,2025-05-06,NO
4240,42882,109223,607.83,completed,online,2025-05-06,NO
1573,8309,110156,922.88,failed,online,2025-05-06,NO
1,45212,110677,740.82,completed,UNKNOWN,2025-05-06,NO
63,24708,113048,1484.74,failed,online,2025-05-06,NO
1,15389,116157,1679.68,failed,online,2025-05-06,NO
1,1756,118473,1944.89,failed,online,2025-05-06,NO
3331,41146,120042,1981.63,completed,online,2025-05-06,NO
3565,34493,121105,983.28,completed,online,2025-05-06,NO
1,36977,123670,945.83,completed,online,2025-05-06,NO
3744,6471,123857,1558.58,failed,online,2025-05-06,NO
3149,21377,124850,1077.92,completed,online,2025-05-06,NO
1104,20270,125325,1925.02,failed,online,2025-05-06,NO
3220,27318,128746,1723.5,failed,online,2025-05-06,NO
1,15585,130249,1539.88,completed,online,2025-05-06,NO
4594,47399,130925,32.61,failed,online,2025-05-06,NO
4916,23419,137695,634.41,failed,online,2025-05-06,NO
1240,10828,139443,144.31,failed,online,2025-05-06,NO
1,23085,140658,792.39,completed,online,2025-05-06,NO
1,41058,143993,1460.22,completed,online,2025-05-06,NO
327,34669,144258,780.73,completed,UNKNOWN,2025-05-06,NO
1988,17565,148023,690.7,failed,online,2025-05-06,NO
1,26068,149054,1655.52,completed,online,2025-05-06,NO
4732,13548,149289,1045.95,failed,online,2025-05-06,NO
4621,2010,4401,845.34,failed,online,2025-04-15,NO
1404,17950,4762,7168.082405703505,completed,online,2025-04-15,NO
4490,46066,9096,1491.4,failed,online,2025-04-15,NO
3561,4326,10532,608.21,failed,online,2025-04-15,NO
4811,1098,10982,614.57,completed,online,2025-04-15,NO
2176,4288,15202,363.77,completed,online,2025-04-15,NO
4341,13985,15984,1325.75,completed,online,2025-04-15,NO
2003,7746,18020,422.16,failed,online,2025-04-15,NO
1,45111,18378,1803.66,completed,online,2025-04-15,NO
4019,30857,18825,1720.4,failed,online,2025-04-15,NO
1973,46953,25247,311.54,completed,online,2025-04-15,NO
4237,7572,27084,1417.09,completed,online,2025-04-15,NO
918,18877,30041,897.55,failed,online,2025-04-15,NO
3808,33550,30547,1298.5,failed,online,2025-04-15,NO
46,31485,31077,1431.03,completed,online,2025-04-15,NO
1,6434,32314,840.11,failed,online,2025-04-15,NO
1,14469,32557,387.22,completed,online,2025-04-15,NO
3080,7107,32614,1310.99,failed,online,2025-04-15,NO
1847,12011,33474,1392.61,completed,online,2025-04-15,NO
731,41893,33754,336.58,failed,online,2025-04-15,NO
763,36156,35041,1117.13,failed,online,2025-04-15,NO
1,24251,36508,186.33,failed,online,2025-04-15,NO
1805,30219,38786,1318.61,completed,online,2025-04-15,NO
4631,27073,44691,166.6,failed,online,2025-04-15,NO
4088,17570,46266,613.84,failed,online,2025-04-15,NO
4743,12618,47900,178.6,failed,online,2025-04-15,NO
1,2291,50903,209.23,failed,online,2025-04-15,NO
450,11354,51977,1062.1,completed,online,2025-04-15,NO
4736,4997,53221,1320.57,completed,online,2025-04-15,NO
554,41537,53318,492.42,completed,online,2025-04-15,NO
3944,33429,53349,1477.33,failed,online,2025-04-15,NO
4650,14862,53544,1900.92,completed,online,2025-04-15,NO
1303,39920,58006,522.35,failed,online,2025-04-15,NO
1,38443,62817,428.34,failed,online,2025-04-15,NO
1,48524,64681,1853.52,failed,UNKNOWN,2025-04-15,NO
1,45797,65459,651.8,completed,online,2025-04-15,NO
1,13722,69239,660.97,failed,UNKNOWN,2025-04-15,NO
2332,30102,72795,1397.67,completed,online,2025-04-15,NO
2380,28997,74615,1038.6,failed,online,2025-04-15,NO
928,20546,75463,1315.16,completed,online,2025-04-15,NO
1277,21588,78908,1260.34,failed,online,2025-04-15,NO
1875,22279,78968,667.05,completed,online,2025-04-15,NO
2394,26192,83732,1748.62,completed,online,2025-04-15,NO
3,895,84056,1668.6,completed,online,2025-04-15,NO
1,7441,86400,727.18,completed,online,2025-04-15,NO
734,15482,87468,1686.98,completed,online,2025-04-15,NO
3559,19299,88062,792.57,completed,online,2025-04-15,NO
1,36639,91081,1966.73,failed,online,2025-04-15,NO
1,14717,94121,941.42,failed,online,2025-04-15,NO
2379,7090,94284,967.14,completed,online,2025-04-15,NO
856,38371,94642,809.48,completed,online,2025-04-15,NO
1293,4322,98046,1643.66,failed,online,2025-04-15,NO
1920,2123,100206,1655.62,completed,online,2025-04-15,NO
279,4663,100838,898.04,completed,online,2025-04-15,NO
2759,40418,101832,851.94,completed,online,2025-04-15,NO
1010,44817,105477,1935.76,completed,online,2025-04-15,NO
4511,46321,109420,458.69,completed,online,2025-04-15,NO
4293,27336,111922,709.82,failed,online,2025-04-15,NO
1093,6157,113944,533.42,failed,UNKNOWN,2025-04-15,NO
1933,24842,123269,1276.14,failed,online,2025-04-15,NO
3734,9870,124125,1259.4,failed,online,2025-04-15,NO
4955,38362,124458,582.04,completed,online,2025-04-15,NO
2317,19093,127462,1056.04,completed,UNKNOWN,2025-04-15,NO
1088,43644,128234,781.97,completed,online,2025-04-15,NO
2761,2806,129279,914.33,failed,online,2025-04-15,NO
1,5636,130727,559.76,failed,online,2025-04-15,NO
1,5377,131462,808.47,failed,online,2025-04-15,NO
2249,44554,133128,1703.82,completed,online,2025-04-15,NO
875,46833,133961,108.79,failed,online,2025-04-15,NO
1,14804,135007,1616.3,failed,online,2025-04-15,NO
4498,6733,136292,1081.3,failed,online,2025-04-15,NO
3273,24669,136699,1128.9,completed,online,2025-04-15,NO
1,20203,137869,1911.6,failed,online,2025-04-15,NO
2788,40356,141309,9922.451398815003,failed,online,2025-04-15,NO
2208,37269,142038,49.95,failed,online,2025-04-15,NO
428,27818,142133,1555.83,failed,online,2025-04-15,NO
4295,39663,142901,17.94,failed,online,2025-04-15,NO
3298,20687,144317,1352.68,completed,online,2025-04-15,NO
1,41321,144645,1468.06,failed,online,2025-04-15,NO
4526,28500,145307,1850.66,completed,online,2025-04-15,NO
71,2453,146168,1423.72,completed,online,2025-04-15,NO
2969,34252,146257,164.8,failed,online,2025-04-15,NO
16,25409,146411,1678.81,failed,online,2025-04-15,NO
89,28552,147271,1450.04,failed,online,2025-04-15,NO
1594,45646,149917,506.79,completed,online,2025-04-15,NO
1987,31139,4747,565.38,completed,online,2025-07-18,NO
2814,42512,5273,278.37,completed,online,2025-07-18,NO
4717,29865,8033,774.81,completed,UNKNOWN,2025-07-18,NO
502,43283,10629,828.87,completed,online,2025-07-18,NO
4734,40076,14103,1608.54,failed,online,2025-07-18,NO
577,2060,16759,1715.43,failed,online,2025-07-18,NO
1790,14858,17649,1020.71,completed,online,2025-07-18,NO
1,23502,18545,929.33,failed,online,2025-07-18,NO
3983,27274,19785,1256.13,failed,online,2025-07-18,NO
2104,38139,22103,1060.54,completed,online,2025-07-18,NO
3389,22418,23330,1857.79,completed,online,2025-07-18,NO
666,5864,25076,52.01,failed,online,2025-07-18,NO
3833,5005,25430,401.29,completed,online,2025-07-18,NO
1,5981,25852,957.62,completed,online,2025-07-18,NO
1,41032,25866,1404.58,failed,online,2025-07-18,NO
255,26164,28433,968.11,completed,online,2025-07-18,NO
1465,43957,28803,1671.71,failed,online,2025-07-18,NO
3865,31875,33176,205.05,failed,online,2025-07-18,NO
4273,24077,33210,810.72,failed,online,2025-07-18,NO
179,13938,37363,1399.5,failed,online,2025-07-18,NO
1521,6591,39077,1201.57,failed,online,2025-07-18,NO
1,15764,40580,1900.07,completed,online,2025-07-18,NO
3228,18483,41758,990.03,completed,online,2025-07-18,NO
2927,38992,42261,1669.81,completed,online,2025-07-18,NO
14,19267,42857,607.25,completed,online,2025-07-18,NO
2776,20599,44262,983.51,failed,online,2025-07-18,NO
1,8709,47128,158.25,failed,online,2025-07-18,NO
857,34473,49584,692.49,failed,online,2025-07-18,NO
3446,26812,52707,218.74,failed,online,2025-07-18,NO
3930,48780,53202,1597.11,completed,online,2025-07-18,NO
2683,31271,56146,842.05,failed,online,2025-07-18,NO
895,26736,57691,1291.84,failed,online,2025-07-18,NO
507,35997,59660,698.04,completed,online,2025-07-18,NO
4243,43254,61303,1872.57,completed,online,2025-07-18,NO
1428,30169,61607,9752.735771564607,failed,online,2025-07-18,NO
2965,25842,62423,1919.93,completed,online,2025-07-18,NO
173,26559,78407,813.3,failed,online,2025-07-18,NO
742,45943,83085,1758.69,failed,online,2025-07-18,NO
1067,24201,83956,1513.25,completed,online,2025-07-18,NO
3311,11132,84336,651.69,failed,UNKNOWN,2025-07-18,NO
1582,20131,88929,1012.04,completed,online,2025-07-18,NO
1,42666,89410,1696.23,completed,online,2025-07-18,NO
969,13710,94582,1327.64,completed,online,2025-07-18,NO
207,34244,96644,106.14,completed,online,2025-07-18,NO
737,32737,97850,1522.97,failed,online,2025-07-18,NO
2422,24238,100194,921.27,failed,online,2025-07-18,NO
1,1895,102161,537.6,completed,online,2025-07-18,NO
2903,24395,102393,1253.96,failed,online,2025-07-18,NO
978,18740,103703,1176.56,completed,online,2025-07-18,NO
1,30035,103854,631.5,failed,online,2025-07-18,NO
1,31710,105020,210.21,failed,UNKNOWN,2025-07-18,NO
1982,47894,105266,1613.88,failed,online,2025-07-18,NO
1111,17038,106475,522.95,failed,online,2025-07-18,NO
1,3211,106671,189.31,failed,online,2025-07-18,NO
746,18092,110352,123.33,failed,online,2025-07-18,NO
1,22813,113062,1028.42,completed,online,2025-07-18,NO
1566,26365,113668,243.0,completed,online,2025-07-18,NO
3524,25252,115173,951.32,failed,online,2025-07-18,NO
3342,13684,115551,891.78,failed,online,2025-07-18,NO
1,21157,116563,14.49,failed,online,2025-07-18,NO
1513,43420,119250,781.55,failed,online,2025-07-18,NO
2311,39302,122348,568.3,completed,online,2025-07-18,NO
2346,6536,124059,1793.55,failed,online,2025-07-18,NO
4349,6389,124404,96.95,completed,online,2025-07-18,NO
305,48296,125380,275.42,failed,online,2025-07-18,NO
3953,38528,126435,106.32,failed,online,2025-07-18,NO
2811,2812,128420,6216.104360684465,failed,online,2025-07-18,NO
1,3557,128462,1065.54,completed,online,2025-07-18,NO
2519,17898,131416,1024.45,completed,online,2025-07-18,NO
1904,14060,131519,12.72,failed,online,2025-07-18,NO
1,48328,131622,1709.68,completed,online,2025-07-18,NO
281,4590,132140,16.3,failed,online,2025-07-18,NO
61,7826,132749,1244.81,completed,online,2025-07-18,NO
1,40067,133518,1150.91,failed,online,2025-07-18,NO
1,21807,137115,1923.86,completed,online,2025-07-18,NO
3765,39424,137706,282.28,failed,online,2025-07-18,NO
1527,47366,139243,1069.46,completed,online,2025-07-18,NO
1436,31939,139604,286.5,failed,online,2025-07-18,NO
418,41111,140276,334.58,failed,online,2025-07-18,NO
2906,7916,141520,820.67,completed,online,2025-07-18,NO
4453,34718,143765,1214.48,failed,UNKNOWN,2025-07-18,NO
2221,22272,144919,328.6,failed,online,2025-07-18,NO
1,804,147355,462.67,completed,online,2025-07-18,NO
3447,42044,148407,1238.5,failed,online,2025-07-18,NO
3406,1958,149412,587.62,failed,online,2025-07-18,NO
1,18185,886,1301.42,failed,online,2025-06-09,NO
3323,38786,1314,934.7,failed,online,2025-06-09,NO
4024,762,1357,399.11,failed,online,2025-06-09,NO
3828,14872,1444,1151.86,failed,online,2025-06-09,NO
2259,40036,3636,294.14,completed,online,2025-06-09,NO
1664,47219,4460,1022.54,completed,online,2025-06-09,NO
1,19937,5594,5033.236690087068,completed,online,2025-06-09,NO
4163,41165,10056,1129.24,failed,online,2025-06-09,NO
2439,9156,11210,370.46,completed,online,2025-06-09,NO
1,7716,13633,426.75,completed,online,2025-06-09,NO
2079,21020,17238,1703.56,completed,online,2025-06-09,NO
4680,18414,17241,698.45,completed,online,2025-06-09,NO
2454,45096,17630,34.02,failed,online,2025-06-09,NO
1,18283,19851,1394.47,failed,online,2025-06-09,NO
4319,41017,19882,467.66,failed,online,2025-06-09,NO
701,16724,28964,779.71,failed,online,2025-06-09,NO
1,17041,30027,1587.88,failed,online,2025-06-09,NO
1,37530,31785,276.79,completed,online,2025-06-09,NO
1962,8801,39801,241.57,completed,online,2025-06-09,NO
321,7591,40067,478.44,completed,online,2025-06-09,NO
3115,4087,41844,1708.18,failed,online,2025-06-09,NO
1,26505,41987,1556.15,completed,online,2025-06-09,NO
4024,10146,43252,680.75,completed,online,2025-06-09,NO
572,23422,45887,1536.62,completed,online,2025-06-09,NO
4054,17611,50014,1065.4,completed,online,2025-06-09,NO
1,17901,55765,40.58,failed,online,2025-06-09,NO
4872,30320,55833,1382.73,completed,online,2025-06-09,NO
2028,48456,55925,1190.02,failed,online,2025-06-09,NO
1925,41633,56643,1271.06,completed,online,2025-06-09,NO
2865,4391,60338,564.96,failed,online,2025-06-09,NO
2973,2172,60432,1481.6,completed,online,2025-06-09,NO
1277,42746,60632,593.08,failed,online,2025-06-09,NO
1174,6199,60761,1076.73,failed,online,2025-06-09,NO
2818,43983,62195,1779.82,failed,online,2025-06-09,NO
572,8302,62355,1819.8,failed,online,2025-06-09,NO
3735,22508,65603,565.73,failed,online,2025-06-09,NO
4533,31639,68239,1594.49,completed,online,2025-06-09,NO
4421,5387,70581,1936.93,completed,online,2025-06-09,NO
847,34563,70776,200.93,failed,online,2025-06-09,NO
937,32462,71316,443.05,completed,UNKNOWN,2025-06-09,NO
2055,32091,72555,871.06,completed,online,2025-06-09,NO
18,27935,74798,1107.65,completed,online,2025-06-09,NO
1,25883,75344,1065.45,failed,online,2025-06-09,NO
1,7151,77256,1018.17,completed,online,2025-06-09,NO
1309,34992,80283,218.19,completed,online,2025-06-09,NO
1,17615,80852,481.78,failed,online,2025-06-09,NO
3753,37962,82812,1567.16,completed,online,2025-06-09,NO
4237,26214,83070,1685.15,completed,online,2025-06-09,NO
377,13405,86391,360.35,completed,online,2025-06-09,NO
1,17944,88375,630.79,failed,online,2025-06-09,NO
3248,13414,90164,1172.64,completed,online,2025-06-09,NO
4925,29351,90623,143.4,failed,online,2025-06-09,NO
1933,27899,90955,1906.54,failed,online,2025-06-09,NO
4132,25092,91390,1705.02,failed,online,2025-06-09,NO
3846,13991,94610,582.25,completed,online,2025-06-09,NO
1,13039,97700,865.9,failed,online,2025-06-09,NO
4952,38144,97746,364.14,failed,online,2025-06-09,NO
2632,18623,98498,799.3,completed,online,2025-06-09,NO
1811,3761,101792,1244.48,completed,online,2025-06-09,NO
1,21968,102208,674.09,failed,online,2025-06-09,NO
1,11866,104798,1106.04,completed,online,2025-06-09,NO
1,21467,106195,953.83,failed,online,2025-06-09,NO
1,7458,111322,1617.24,failed,online,2025-06-09,NO
3400,46226,115058,1849.67,completed,online,2025-06-09,NO
1937,45187,115596,1343.94,completed,online,2025-06-09,NO
984,18452,116650,1307.41,failed,online,2025-06-09,NO
1606,260,117000,1407.88,failed,online,2025-06-09,NO
808,9496,123059,1058.77,completed,online,2025-06-09,NO
1,27879,125340,801.49,completed,online,2025-06-09,NO
224,25052,125445,114.47,completed,online,2025-06-09,NO
349,43731,126718,357.63,completed,online,2025-06-09,NO
2398,15111,126740,373.19,completed,online,2025-06-09,NO
233,45342,129939,228.03,failed,online,2025-06-09,NO
3390,9829,131677,585.14,failed,online,2025-06-09,NO
2557,20230,131992,1150.94,completed,online,2025-06-09,NO
3048,24525,132650,893.5,failed,online,2025-06-09,NO
4146,16391,135863,1540.57,failed,online,2025-06-09,NO
1125,16268,136882,1532.88,failed,online,2025-06-09,NO
1897,46598,139034,439.4,completed,online,2025-06-09,NO
4264,48630,144354,423.25,completed,online,2025-06-09,NO
1,41610,145427,1772.5,completed,online,2025-06-09,NO
4311,3091,146345,620.33,failed,online,2025-06-09,NO
1519,30344,147566,1013.41,completed,online,2025-06-09,NO
1377,35379,147950,1767.0,failed,online,2025-06-09,NO
415,38024,149649,1359.87,completed,online,2025-06-09,NO
1,42670,2325,1080.06,completed,online,2025-08-23,NO
2855,1085,3946,1258.26,failed,online,2025-08-23,NO
493,27077,4609,687.63,completed,online,2025-08-23,NO
3099,31585,5232,1295.97,completed,online,2025-08-23,NO
4176,40491,5270,964.91,failed,online,2025-08-23,NO
3734,34209,5706,1900.22,completed,online,2025-08-23,NO
1,4384,8377,1238.15,failed,online,2025-08-23,NO
4764,16050,8506,207.01,completed,online,2025-08-23,NO
3497,2854,10021,1055.76,failed,online,2025-08-23,NO
1755,28005,13607,142.93,failed,online,2025-08-23,NO
3755,7382,15694,1967.4,failed,online,2025-08-23,NO
3973,47129,18159,90.0,failed,online,2025-08-23,NO
2946,1068,18528,362.66,completed,online,2025-08-23,NO
4068,20593,20257,669.66,completed,online,2025-08-23,NO
4468,1746,20464,7869.892483934413,completed,online,2025-08-23,NO
3142,21541,22290,1676.7,completed,online,2025-08-23,NO
2665,23929,25186,957.55,failed,online,2025-08-23,NO
1,44698,25716,1863.33,completed,online,2025-08-23,NO
3000,7736,28685,176.28,failed,online,2025-08-23,NO
4811,18636,31466,319.4,completed,online,2025-08-23,NO
3781,13676,32104,1127.87,completed,online,2025-08-23,NO
4840,11876,32631,654.98,failed,online,2025-08-23,NO
4086,30548,32716,350.4,failed,online,2025-08-23,NO
4456,12332,32814,153.42,completed,online,2025-08-23,NO
4028,15297,33372,924.9,failed,online,2025-08-23,NO
2983,31447,33553,1537.41,failed,online,2025-08-23,NO
1,40235,35025,1978.77,completed,online,2025-08-23,NO
1633,1865,36587,1972.06,completed,online,2025-08-23,NO
1,26861,45015,1642.28,completed,online,2025-08-23,NO
365,39937,46429,1234.98,failed,online,2025-08-23,NO
4625,4301,46977,1013.08,completed,online,2025-08-23,NO
4636,22776,48640,1267.68,failed,online,2025-08-23,NO
156,13683,50968,362.97,failed,online,2025-08-23,NO
2791,34012,51382,1986.03,failed,online,2025-08-23,NO
1282,15306,53562,766.86,completed,online,2025-08-23,NO
2701,32079,55403,1845.33,failed,online,2025-08-23,NO
1,15280,60053,1540.97,completed,online,2025-08-23,NO
3343,4230,61759,273.72,completed,online,2025-08-23,NO
4931,3662,61967,644.28,completed,online,2025-08-23,NO
4442,40830,63305,1948.24,completed,online,2025-08-23,NO
2638,11298,64687,1662.75,completed,online,2025-08-23,NO
1055,2135,69980,298.75,failed,online,2025-08-23,NO
2308,42313,70426,1404.48,failed,online,2025-08-23,NO
1779,27801,71236,493.1,completed,online,2025-08-23,NO
3405,3037,73587,704.26,completed,online,2025-08-23,NO
3385,35968,75621,1799.41,failed,online,2025-08-23,NO
2294,17272,77023,1357.67,failed,online,2025-08-23,NO
3405,39646,77309,672.2,completed,UNKNOWN,2025-08-23,NO
157,34100,78598,250.02,failed,online,2025-08-23,NO
864,31167,81375,1624.41,completed,online,2025-08-23,NO
745,9697,83301,1912.03,completed,online,2025-08-23,NO
3653,32938,85492,1651.3,completed,online,2025-08-23,NO
3852,13877,85698,1618.74,failed,online,2025-08-23,NO
2168,6180,88167,1327.15,completed,online,2025-08-23,NO
3070,4101,91807,330.14,completed,online,2025-08-23,NO
3040,19632,93244,583.09,completed,online,2025-08-23,NO
4778,39725,93406,1385.72,completed,online,2025-08-23,NO
1,77,97500,1458.8,completed,online,2025-08-23,NO
582,27263,98604,1572.25,completed,online,2025-08-23,NO
1,14433,98931,102.37,completed,online,2025-08-23,NO
3048,28199,99815,494.27,completed,online,2025-08-23,NO
1029,45141,99995,659.53,completed,online,2025-08-23,NO
1,35686,100184,1443.99,completed,online,2025-08-23,NO
1416,37787,100951,1946.63,completed,online,2025-08-23,NO
4284,41865,101123,1946.16,completed,online,2025-08-23,NO
4179,6972,101606,1679.55,failed,online,2025-08-23,NO
1,35212,103111,1690.58,failed,online,2025-08-23,NO
2953,36595,103677,1703.85,completed,online,2025-08-23,NO
1,22026,106620,1505.86,completed,online,2025-08-23,NO
3749,26806,108349,1861.75,completed,online,2025-08-23,NO
4820,32725,110744,1334.37,completed,online,2025-08-23,NO
74,20825,113052,1167.91,completed,online,2025-08-23,NO
4175,19686,118345,878.51,completed,online,2025-08-23,NO
4685,20367,120657,28.98,failed,online,2025-08-23,NO
4512,30670,120700,900.65,failed,online,2025-08-23,NO
4432,12916,122776,267.83,failed,online,2025-08-23,NO
519,38903,125265,1853.02,failed,online,2025-08-23,NO
4216,35780,127727,876.63,failed,online,2025-08-23,NO
692,9038,129728,931.46,failed,online,2025-08-23,NO
4472,34913,132584,383.15,failed,online,2025-08-23,NO
3981,20174,136952,1777.21,completed,online,2025-08-23,NO
1526,8323,139842,20.05,completed,online,2025-08-23,NO
384,45069,145186,484.86,completed,online,2025-08-23,NO
1,35643,147316,1901.96,completed,online,2025-08-23,NO
1,29327,182,1471.35,failed,online,2025-09-17,NO
2284,10119,2801,1930.36,completed,online,2025-09-17,NO
1,18736,3415,1770.34,failed,online,2025-09-17,NO
1,22287,3421,1012.11,completed,UNKNOWN,2025-09-17,NO
2870,38299,6126,1570.58,completed,online,2025-09-17,NO
4890,13111,6775,441.37,failed,online,2025-09-17,NO
2725,10904,8818,256.05,failed,online,2025-09-17,NO
798,14541,11306,1444.31,completed,online,2025-09-17,NO
3998,9656,12226,1172.08,completed,online,2025-09-17,NO
3772,33111,13305,899.22,failed,online,2025-09-17,NO
2962,2173,13657,1337.9,failed,online,2025-09-17,NO
1799,30546,19705,1841.84,completed,online,2025-09-17,NO
1048,16065,19997,531.92,completed,online,2025-09-17,NO
2207,25630,20571,1021.39,completed,online,2025-09-17,NO
2013,23166,22973,1527.57,completed,online,2025-09-17,NO
4750,34127,27227,1107.5,failed,online,2025-09-17,NO
253,12595,30577,472.35,failed,online,2025-09-17,NO
1977,25665,30867,379.28,failed,online,2025-09-17,NO
3274,9801,31605,564.97,failed,online,2025-09-17,NO
4790,1498,35890,490.83,completed,online,2025-09-17,NO
4877,17394,38606,148.78,failed,online,2025-09-17,NO
1,28692,38734,1055.01,failed,online,2025-09-17,NO
1,7694,41165,1092.87,completed,online,2025-09-17,NO
2140,11504,42364,1483.21,completed,online,2025-09-17,NO
4596,27992,42588,192.94,completed,online,2025-09-17,NO
1,24773,53392,1843.84,failed,online,2025-09-17,NO
1,49080,53558,542.94,completed,online,2025-09-17,NO
1925,47545,55412,1817.12,completed,online,2025-09-17,NO
1991,530,56710,1404.36,failed,online,2025-09-17,NO
1355,30549,59506,1984.72,failed,online,2025-09-17,NO
4971,12820,59557,53.14,completed,online,2025-09-17,NO
4493,6417,59870,19.89,completed,online,2025-09-17,NO
3508,43812,61733,985.51,completed,online,2025-09-17,NO
2584,32328,62790,283.25,failed,online,2025-09-17,NO
1,7458,64849,807.27,completed,online,2025-09-17,NO
1,49646,65380,1748.83,failed,online,2025-09-17,NO
4344,38207,65887,1847.13,failed,online,2025-09-17,NO
1987,43646,67768,842.64,failed,online,2025-09-17,NO
618,27455,68721,1757.81,failed,online,2025-09-17,NO
4612,46346,71896,18.23,failed,online,2025-09-17,NO
658,36635,73237,1317.28,completed,online,2025-09-17,NO
1,4387,74204,646.01,failed,online,2025-09-17,NO
2763,25114,77218,7646.596645561785,completed,online,2025-09-17,NO
1174,44590,79089,1773.58,completed,online,2025-09-17,NO
920,39,79969,459.75,completed,online,2025-09-17,NO
1,24965,80256,175.59,failed,online,2025-09-17,NO
3095,48028,80458,1352.3,completed,online,2025-09-17,NO
628,33843,80787,587.81,completed,online,2025-09-17,NO
1700,19047,83640,780.6,completed,online,2025-09-17,NO
2509,38390,86593,1796.4,completed,online,2025-09-17,NO
1,10218,87109,857.78,completed,online,2025-09-17,NO
1988,4420,87816,966.92,completed,online,2025-09-17,NO
1,45867,90112,1268.89,failed,online,2025-09-17,NO
4807,7756,93458,801.6,completed,online,2025-09-17,NO
759,10601,95095,1728.21,failed,online,2025-09-17,NO
3956,7039,96143,980.58,completed,online,2025-09-17,NO
378,42478,98500,779.41,failed,online,2025-09-17,NO
1,17855,100021,1220.6,completed,online,2025-09-17,NO
1,6333,101981,18.0,failed,online,2025-09-17,NO
4082,33142,103875,79.15,failed,online,2025-09-17,NO
3576,18215,103905,513.9,failed,online,2025-09-17,NO
2615,33577,106159,1001.17,failed,online,2025-09-17,NO
1,33444,108684,1910.66,failed,online,2025-09-17,NO
1638,49358,110869,1239.89,failed,online,2025-09-17,NO
1,46626,112898,1246.18,failed,UNKNOWN,2025-09-17,NO
1995,21595,113269,572.8,failed,online,2025-09-17,NO
2114,18470,113323,1353.57,failed,online,2025-09-17,NO
1672,15932,116266,611.96,completed,online,2025-09-17,NO
1822,22848,116890,1943.46,failed,online,2025-09-17,NO
4241,47325,121427,968.54,completed,online,2025-09-17,NO
4488,35145,122292,1384.05,completed,online,2025-09-17,NO
4537,39356,123208,1095.31,completed,online,2025-09-17,NO
4150,42153,127137,1245.96,failed,online,2025-09-17,NO
2508,34618,127589,1381.13,failed,online,2025-09-17,NO
2082,19059,128994,1969.1,completed,online,2025-09-17,NO
78,9496,129288,108.48,completed,online,2025-09-17,NO
3695,26630,129352,668.92,completed,online,2025-09-17,NO
72,46331,129598,189.59,failed,online,2025-09-17,NO
3956,7765,131971,1729.97,failed,online,2025-09-17,NO
3099,6313,132872,198.71,completed,online,2025-09-17,NO
613,13004,133496,1258.34,completed,online,2025-09-17,NO
1,6067,144415,375.9,completed,online,2025-09-17,NO
3252,39953,145685,1438.58,failed,online,2025-09-17,NO
3387,12043,148268,575.51,completed,online,2025-09-17,NO
2073,4045,149920,1584.17,completed,online,2025-09-17,NO
4700,42090,2047,65.19,completed,online,2025-07-12,NO
2806,41013,2142,1738.07,failed,online,2025-07-12,NO
1437,39033,4028,757.19,completed,online,2025-07-12,NO
4396,46069,4321,962.19,completed,online,2025-07-12,NO
136,13684,5162,1536.6,failed,online,2025-07-12,NO
1013,29018,7331,909.04,completed,online,2025-07-12,NO
4679,26972,12169,921.71,failed,online,2025-07-12,NO
1239,1878,15535,137.79,completed,online,2025-07-12,NO
3767,15088,17819,874.49,completed,online,2025-07-12,NO
868,666,20470,1683.61,failed,online,2025-07-12,NO
2150,44366,21258,610.73,completed,online,2025-07-12,NO
2140,17466,21332,1450.87,completed,online,2025-07-12,NO
4360,24658,23390,571.67,failed,online,2025-07-12,NO
4975,5016,29783,658.41,completed,online,2025-07-12,NO
1,19716,31936,1634.05,failed,online,2025-07-12,NO
219,2405,35142,957.95,completed,online,2025-07-12,NO
2490,40933,35753,218.03,failed,online,2025-07-12,NO
1613,5527,42304,728.23,completed,online,2025-07-12,NO
473,5012,42807,1428.94,failed,online,2025-07-12,NO
1,36564,43748,706.9,completed,online,2025-07-12,NO
2637,6911,44126,93.76,completed,online,2025-07-12,NO
1,16757,45928,1067.64,failed,online,2025-07-12,NO
605,22304,47332,412.15,completed,online,2025-07-12,NO
3649,25675,48494,1098.6,completed,online,2025-07-12,NO
653,42799,48542,1034.22,completed,online,2025-07-12,NO
4003,42169,48967,1404.04,failed,online,2025-07-12,NO
2633,11731,51242,500.84,completed,online,2025-07-12,NO
4355,12337,52086,1028.95,failed,online,2025-07-12,NO
1427,3678,53371,83.08,completed,online,2025-07-12,NO
3140,14467,54240,1908.4,completed,online,2025-07-12,NO
1,33563,55904,449.85,completed,online,2025-07-12,NO
1,8182,56273,1780.7,completed,online,2025-07-12,NO
1,46104,59555,184.68,failed,online,2025-07-12,NO
3738,46367,60249,357.31,completed,online,2025-07-12,NO
810,8505,61308,634.82,failed,online,2025-07-12,NO
4853,35126,62222,1886.02,completed,online,2025-07-12,NO
2193,27914,62434,1687.69,completed,online,2025-07-12,NO
627,19091,64198,105.26,failed,online,2025-07-12,NO
3112,18929,68752,153.98,failed,online,2025-07-12,NO
1,5837,68863,705.3,failed,online,2025-07-12,NO
1336,19635,70182,53.42,failed,UNKNOWN,2025-07-12,NO
1,17857,73045,1840.93,completed,online,2025-07-12,NO
2897,38102,77529,1199.11,failed,online,2025-07-12,NO
2134,4081,80867,481.71,completed,online,2025-07-12,NO
4059,10523,83663,1733.12,completed,online,2025-07-12,NO
4760,28981,85794,416.42,failed,online,2025-07-12,NO
1,49372,87070,230.76,completed,UNKNOWN,2025-07-12,NO
1245,27487,89768,496.19,failed,online,2025-07-12,NO
1,48545,90105,682.03,completed,online,2025-07-12,NO
1,34794,92008,1980.54,completed,online,2025-07-12,NO
2507,38162,92408,345.66,completed,online,2025-07-12,NO
1432,31017,95058,1041.75,completed,online,2025-07-12,NO
2686,18903,95561,1254.04,failed,online,2025-07-12,NO
1917,19164,96999,1356.8,completed,online,2025-07-12,NO
751,141,97320,1467.25,completed,online,2025-07-12,NO
1,46523,100564,1775.58,failed,online,2025-07-12,NO
1716,20451,100711,591.8,completed,online,2025-07-12,NO
4476,3963,101595,175.27,completed,online,2025-07-12,NO
1,49462,105369,523.89,failed,online,2025-07-12,NO
4760,15701,107737,1605.55,completed,online,2025-07-12,NO
3027,45233,108655,93.9,failed,online,2025-07-12,NO
3493,48937,112034,1455.22,failed,online,2025-07-12,NO
1,39728,113309,489.93,completed,online,2025-07-12,NO
1,34787,114068,1003.82,failed,online,2025-07-12,NO
4648,10649,119395,1728.03,failed,online,2025-07-12,NO
196,15751,119819,268.32,failed,online,2025-07-12,NO
2127,25120,121184,1918.49,failed,online,2025-07-12,NO
2653,37967,121309,76.14,completed,online,2025-07-12,NO
4713,16236,122490,13.71,completed,online,2025-07-12,NO
3396,11684,122666,1733.24,completed,online,2025-07-12,NO
785,3948,123511,912.97,failed,online,2025-07-12,NO
2756,27607,126921,1423.23,completed,online,2025-07-12,NO
1142,32424,127048,594.0,failed,online,2025-07-12,NO
1,48083,127263,726.91,completed,online,2025-07-12,NO
1,6187,127765,145.0,failed,online,2025-07-12,NO
2737,30371,129219,1422.54,completed,online,2025-07-12,NO
510,6200,130250,293.66,completed,online,2025-07-12,NO
3761,1337,131096,1508.08,failed,online,2025-07-12,NO
4984,26235,131571,1077.56,completed,online,2025-07-12,NO
4444,17631,132134,434.27,failed,online,2025-07-12,NO
211,23511,132999,1350.74,failed,online,2025-07-12,NO
1941,4319,137850,490.51,completed,online,2025-07-12,NO
1,40208,138633,853.11,failed,online,2025-07-12,NO
645,10192,139521,1045.41,completed,online,2025-07-12,NO
4589,30110,147579,274.19,completed,online,2025-07-12,NO
