product_id,customer_id,transaction_id,amount,status,channel,transaction_date,fraud_flag
1,14381,296,989.39,failed,online,2025-11-08,NO
1457,28731,1235,1370.79,completed,online,2025-11-08,NO
564,29788,6488,141.39,completed,online,2025-11-08,NO
3143,8426,6773,1945.64,completed,online,2025-11-08,NO
3290,33003,9255,1267.13,failed,online,2025-11-08,NO
4836,15974,10295,662.05,failed,online,2025-11-08,NO
2073,20349,18595,540.56,failed,online,2025-11-08,NO
1741,5633,20255,1159.64,failed,online,2025-11-08,NO
2496,17545,20903,795.39,failed,online,2025-11-08,NO
4395,49635,21122,116.37,failed,online,2025-11-08,NO
933,1853,25446,1839.65,failed,online,2025-11-08,NO
3692,14317,25532,1886.87,failed,online,2025-11-08,NO
2701,20398,27302,236.08,failed,online,2025-11-08,NO
1929,48506,30105,1387.07,completed,online,2025-11-08,NO
4534,41308,31047,1021.66,failed,online,2025-11-08,NO
1126,45885,33632,361.8,failed,online,2025-11-08,NO
63,8047,33702,894.47,completed,online,2025-11-08,NO
4619,29918,34047,527.69,completed,online,2025-11-08,NO
4807,10786,35335,1597.95,completed,online,2025-11-08,NO
1,1350,37046,590.01,failed,online,2025-11-08,NO
4149,29918,40515,259.48,failed,online,2025-11-08,NO
4890,11605,40653,211.95,failed,online,2025-11-08,NO
385,19436,41096,379.39,completed,online,2025-11-08,NO
1732,49293,42024,1841.7,failed,online,2025-11-08,NO
3913,36472,45085,1611.4,completed,online,2025-11-08,NO
3668,21150,49429,504.85,failed,online,2025-11-08,NO
4457,1180,49541,968.63,completed,online,2025-11-08,NO
4135,43307,50309,643.23,failed,online,2025-11-08,NO
1811,38348,56110,1818.04,failed,online,2025-11-08,NO
2078,13430,57053,1836.57,completed,online,2025-11-08,NO
423,10779,57284,306.71,completed,online,2025-11-08,NO
3400,19058,59488,10.3,failed,online,2025-11-08,NO
1,48605,60720,1743.92,failed,online,2025-11-08,NO
83,4870,61958,1152.23,completed,online,2025-11-08,NO
1,8616,63832,1882.01,failed,online,2025-11-08,NO
4888,24602,64165,1952.61,failed,online,2025-11-08,NO
2665,3182,64245,1966.83,completed,online,2025-11-08,NO
4208,32253,66218,1616.05,failed,online,2025-11-08,NO
2658,23181,67982,707.8,completed,online,2025-11-08,NO
3098,24411,71560,442.98,failed,online,2025-11-08,NO
4462,41381,71756,1492.35,completed,online,2025-11-08,NO
3785,1325,74714,1689.09,failed,online,2025-11-08,NO
446,38265,79174,1821.29,completed,online,2025-11-08,NO
2025,36468,79257,1897.19,completed,online,2025-11-08,NO
1,36325,80652,1910.47,failed,online,2025-11-08,NO
1038,9274,80943,920.46,failed,online,2025-11-08,NO
1635,19685,83684,1894.22,failed,online,2025-11-08,NO
2916,19199,86597,915.94,completed,online,2025-11-08,NO
1878,16717,89776,136.23,failed,online,2025-11-08,NO
1706,44070,91626,6382.055796894049,failed,online,2025-11-08,NO
579,6799,91841,1208.27,completed,online,2025-11-08,NO
955,33175,92234,1657.16,completed,online,2025-11-08,NO
2549,43096,92342,1529.32,completed,UNKNOWN,2025-11-08,NO
2314,13187,110698,1434.11,completed,online,2025-11-08,NO
3504,42467,112379,293.65,failed,online,2025-11-08,NO
939,4581,112689,854.15,failed,online,2025-11-08,NO
3136,28983,114378,931.81,completed,online,2025-11-08,NO
1890,36306,116064,697.4,failed,online,2025-11-08,NO
4597,42257,118887,85.47,failed,online,2025-11-08,NO
1725,23760,119957,599.28,failed,online,2025-11-08,NO
1,23233,121415,325.81,completed,online,2025-11-08,NO
40,19885,122106,1061.06,completed,online,2025-11-08,NO
1047,37494,126379,583.16,completed,online,2025-11-08,NO
349,28626,126602,965.88,failed,online,2025-11-08,NO
1226,33281,130947,1913.01,failed,online,2025-11-08,NO
1035,2648,135030,1299.4,completed,online,2025-11-08,NO
1,23351,136975,1846.25,completed,online,2025-11-08,NO
1997,35140,139154,1400.62,completed,online,2025-11-08,NO
1,19023,139727,270.02,completed,online,2025-11-08,NO
4184,46964,142507,1835.14,failed,online,2025-11-08,NO
1050,35520,143856,1038.92,failed,online,2025-11-08,NO
3273,14798,144301,1326.8,failed,UNKNOWN,2025-11-08,NO
3364,23590,144406,676.78,completed,online,2025-11-08,NO
3257,20821,144817,657.76,failed,online,2025-11-08,NO
1767,29851,145114,318.89,failed,online,2025-11-08,NO
4107,41940,6721,9256.980776709403,completed,online,2025-05-20,NO
4420,12521,8148,472.65,failed,online,2025-05-20,NO
3960,26499,8853,492.42,failed,online,2025-05-20,NO
1160,21083,9314,1692.62,failed,online,2025-05-20,NO
96,9303,9924,774.41,completed,online,2025-05-20,NO
1018,44755,10821,821.16,completed,online,2025-05-20,NO
1,16101,12603,1957.72,failed,online,2025-05-20,NO
1,13692,19411,1016.94,completed,online,2025-05-20,NO
3900,44748,19849,935.31,failed,online,2025-05-20,NO
1,43163,20389,1721.32,completed,online,2025-05-20,NO
1777,43249,22614,1745.51,completed,online,2025-05-20,NO
1,24191,23790,1945.89,completed,online,2025-05-20,NO
3996,49887,24897,980.47,failed,online,2025-05-20,NO
2125,23790,29186,343.8,completed,online,2025-05-20,NO
1164,41516,30241,6378.385259331178,completed,online,2025-05-20,NO
4842,47571,30530,1914.29,completed,online,2025-05-20,NO
4119,39441,30901,510.92,completed,online,2025-05-20,NO
1,6473,31867,1652.12,failed,online,2025-05-20,NO
1,805,34226,1742.39,failed,online,2025-05-20,NO
3914,2216,35815,1481.8,failed,online,2025-05-20,NO
1,3526,36014,1620.2,failed,online,2025-05-20,NO
128,989,44152,384.54,failed,online,2025-05-20,NO
567,7622,47775,1183.6,failed,online,2025-05-20,NO
1,47845,51111,56.4,completed,online,2025-05-20,NO
1891,20471,56196,1466.19,failed,online,2025-05-20,NO
2166,158,58439,282.43,completed,online,2025-05-20,NO
4735,2574,60447,401.51,completed,online,2025-05-20,NO
2948,18885,62688,1831.86,completed,online,2025-05-20,NO
62,36431,63759,605.5,failed,online,2025-05-20,NO
4139,25721,66315,417.0,completed,online,2025-05-20,NO
702,2027,68632,773.65,completed,online,2025-05-20,NO
2735,27178,69696,1265.54,failed,online,2025-05-20,NO
3159,24506,78261,1058.82,failed,online,2025-05-20,NO
168,35317,80456,1805.37,failed,online,2025-05-20,NO
2469,23647,81415,546.53,failed,online,2025-05-20,NO
2573,7194,81678,1475.3,failed,online,2025-05-20,NO
2099,40518,85776,1677.84,failed,online,2025-05-20,NO
289,27379,89549,1512.51,completed,online,2025-05-20,NO
2927,27878,90101,1508.31,failed,online,2025-05-20,NO
1,44639,94923,1411.62,failed,online,2025-05-20,NO
1105,10281,95552,142.75,completed,online,2025-05-20,NO
81,20308,95628,1436.17,completed,online,2025-05-20,NO
2631,10849,96283,656.64,failed,online,2025-05-20,NO
2988,9188,101019,641.49,completed,online,2025-05-20,NO
1,27352,103587,1834.45,failed,online,2025-05-20,NO
4294,22048,104596,925.25,completed,online,2025-05-20,NO
341,9530,105997,636.16,failed,online,2025-05-20,NO
3972,30946,111826,1356.26,failed,online,2025-05-20,NO
3706,27202,115124,1992.46,failed,online,2025-05-20,NO
4860,43261,116280,162.86,failed,online,2025-05-20,NO
4554,12716,118057,738.08,completed,online,2025-05-20,NO
16,39631,118607,1685.07,failed,online,2025-05-20,NO
1517,47679,120031,1370.67,completed,online,2025-05-20,NO
3392,23275,120201,245.13,failed,online,2025-05-20,NO
4262,26594,122910,51.55,failed,online,2025-05-20,NO
1886,5354,124200,147.63,completed,online,2025-05-20,NO
1,27831,125825,1803.89,completed,online,2025-05-20,NO
1653,17298,126040,1917.55,failed,online,2025-05-20,NO
3118,47690,129914,239.54,completed,online,2025-05-20,NO
4804,33841,130694,1206.69,failed,online,2025-05-20,NO
1,22386,131849,1369.16,failed,online,2025-05-20,NO
3283,24,132523,1604.58,failed,online,2025-05-20,NO
3156,11719,133789,1397.3,completed,online,2025-05-20,NO
2011,19459,135822,397.74,completed,online,2025-05-20,NO
2990,35222,136079,1983.94,failed,online,2025-05-20,NO
4831,22991,136944,179.75,completed,online,2025-05-20,NO
1,23279,138817,1591.51,failed,online,2025-05-20,NO
252,13676,140906,1879.76,completed,online,2025-05-20,NO
4671,35675,141232,1962.72,completed,online,2025-05-20,NO
1,6055,143491,172.06,completed,online,2025-05-20,NO
4269,41582,144593,903.23,failed,online,2025-05-20,NO
4560,1725,146603,1907.82,completed,online,2025-05-20,NO
1,20545,146827,1508.76,failed,online,2025-05-20,NO
3748,36637,146881,1883.7,failed,online,2025-05-20,NO
1455,28111,148781,1244.3,failed,online,2025-05-20,NO
1177,45923,257,1425.33,completed,online,2025-07-02,NO
411,28969,2637,1440.66,completed,online,2025-07-02,NO
1242,18121,3967,1396.63,failed,online,2025-07-02,NO
1947,26851,4472,1411.09,failed,online,2025-07-02,NO
789,18105,5428,317.96,failed,online,2025-07-02,NO
1193,44941,5576,566.17,failed,online,2025-07-02,NO
4977,20689,6185,1947.29,failed,online,2025-07-02,NO
1,33436,7178,1589.36,failed,online,2025-07-02,NO
2941,9075,9625,556.0,completed,online,2025-07-02,NO
1,49072,10223,154.37,completed,online,2025-07-02,NO
3903,47770,10803,1559.53,completed,online,2025-07-02,NO
3906,47491,11036,1817.37,failed,online,2025-07-02,NO
4810,48366,14004,1441.5,completed,online,2025-07-02,NO
2776,1197,17103,1984.83,completed,online,2025-07-02,NO
1,31514,18289,1459.78,completed,online,2025-07-02,NO
3686,9604,21959,484.44,failed,online,2025-07-02,NO
4011,1342,23515,1540.85,completed,online,2025-07-02,NO
3013,23604,25851,1191.87,failed,online,2025-07-02,NO
3655,21616,30334,855.65,completed,online,2025-07-02,NO
1827,17245,36127,266.34,failed,online,2025-07-02,NO
625,42366,38252,969.52,failed,online,2025-07-02,NO
4875,20318,42561,1382.21,failed,online,2025-07-02,NO
4516,23854,42769,1828.1,failed,online,2025-07-02,NO
2047,10846,43686,473.87,completed,online,2025-07-02,NO
1,37848,46548,1382.61,completed,online,2025-07-02,NO
2747,18573,47224,1341.07,completed,UNKNOWN,2025-07-02,NO
1,44496,48699,1139.61,completed,online,2025-07-02,NO
1208,6529,56231,15.62,failed,online,2025-07-02,NO
2772,6283,56562,96.3,failed,online,2025-07-02,NO
3715,12597,56890,949.62,failed,online,2025-07-02,NO
868,18791,57035,505.96,failed,online,2025-07-02,NO
3547,10048,58475,1823.31,completed,online,2025-07-02,NO
3118,35516,58927,599.85,failed,online,2025-07-02,NO
1,45254,60144,969.2,completed,online,2025-07-02,NO
2109,18664,60301,1094.07,completed,online,2025-07-02,NO
4681,41805,61135,364.93,completed,online,2025-07-02,NO
2884,772,64665,625.15,failed,online,2025-07-02,NO
1,34728,68373,1778.98,completed,online,2025-07-02,NO
1,43893,73242,408.4,failed,online,2025-07-02,NO
4194,7831,74243,298.29,completed,online,2025-07-02,NO
1611,4263,74728,328.07,failed,online,2025-07-02,NO
1930,3180,77385,727.58,completed,online,2025-07-02,NO
2052,37022,78069,311.85,failed,online,2025-07-02,NO
1,18372,81365,231.68,failed,online,2025-07-02,NO
1441,35204,81758,408.83,failed,online,2025-07-02,NO
2155,18888,82912,1191.45,completed,online,2025-07-02,NO
4391,4305,86079,1278.41,failed,UNKNOWN,2025-07-02,NO
4641,38157,92444,1771.95,completed,online,2025-07-02,NO
3748,21430,92576,1407.03,failed,online,2025-07-02,NO
1470,3527,94810,42.2,completed,online,2025-07-02,NO
1331,48502,95664,850.16,completed,online,2025-07-02,NO
3642,3531,98117,1561.25,failed,online,2025-07-02,NO
3022,12633,100319,1744.71,failed,online,2025-07-02,NO
437,31023,103589,1215.18,failed,UNKNOWN,2025-07-02,NO
841,37764,103863,1473.28,completed,online,2025-07-02,NO
3995,36534,106950,928.09,completed,online,2025-07-02,NO
2290,16160,109337,1107.82,failed,online,2025-07-02,NO
1859,20455,109627,370.86,completed,online,2025-07-02,NO
56,49803,110336,258.54,completed,online,2025-07-02,NO
3034,2914,111529,1543.18,completed,online,2025-07-02,NO
1,4024,114428,546.16,completed,online,2025-07-02,NO
655,21402,115449,1265.41,completed,online,2025-07-02,NO
2209,12626,116000,1569.01,failed,online,2025-07-02,NO
3395,49361,116779,544.74,failed,online,2025-07-02,NO
1203,10341,118163,1120.64,failed,online,2025-07-02,NO
1896,30552,118626,545.81,failed,online,2025-07-02,NO
3701,39648,120065,176.67,failed,online,2025-07-02,NO
662,30169,121849,1160.14,completed,online,2025-07-02,NO
2597,36625,122159,792.14,completed,online,2025-07-02,NO
1,467,123175,1409.37,failed,online,2025-07-02,NO
1,7900,130447,1724.23,failed,online,2025-07-02,NO
4541,27463,137319,1512.79,failed,online,2025-07-02,NO
732,18005,138587,1291.89,failed,online,2025-07-02,NO
2385,17471,142540,322.24,completed,online,2025-07-02,NO
153,45802,145281,6025.203998532037,completed,online,2025-07-02,NO
3426,2290,3228,375.99,completed,online,2025-08-11,NO
246,33308,4042,874.82,failed,online,2025-08-11,NO
1767,41836,10815,1578.37,failed,online,2025-08-11,NO
4557,4124,14032,176.84,failed,online,2025-08-11,NO
3202,37697,15034,167.92,failed,online,2025-08-11,NO
4246,45112,15186,652.2,failed,online,2025-08-11,NO
1,41078,15923,1110.1,completed,online,2025-08-11,NO
3009,43865,17813,406.0,failed,online,2025-08-11,NO
4101,49748,18252,869.15,failed,online,2025-08-11,NO
4915,1831,24072,1312.32,failed,online,2025-08-11,NO
4180,2509,24518,1342.17,failed,online,2025-08-11,NO
271,45377,25095,1941.5,completed,online,2025-08-11,NO
1671,5767,30716,1099.21,completed,online,2025-08-11,NO
253,29819,35982,56.12,failed,online,2025-08-11,NO
4469,11773,36629,917.48,completed,online,2025-08-11,NO
2115,27859,42348,1373.25,completed,online,2025-08-11,NO
519,18223,42504,290.72,completed,online,2025-08-11,NO
3607,47343,43125,1975.37,completed,online,2025-08-11,NO
1335,16994,43563,144.54,completed,online,2025-08-11,NO
2764,34993,45992,1286.31,completed,online,2025-08-11,NO
1289,20219,48795,1544.9,failed,online,2025-08-11,NO
3653,32309,49767,565.79,completed,online,2025-08-11,NO
4763,33278,50587,1474.86,failed,online,2025-08-11,NO
4561,21502,50974,1903.27,completed,online,2025-08-11,NO
2177,6997,51393,1874.67,failed,online,2025-08-11,NO
4043,43963,53706,27.87,completed,online,2025-08-11,NO
1403,18990,53760,280.52,failed,online,2025-08-11,NO
3042,49502,55867,1051.54,completed,online,2025-08-11,NO
2456,29821,57306,1338.14,failed,online,2025-08-11,NO
605,40027,60559,1625.75,failed,online,2025-08-11,NO
3218,13146,62913,1789.15,completed,online,2025-08-11,NO
1,41335,64306,1132.88,failed,online,2025-08-11,NO
2392,49977,65650,1356.73,failed,online,2025-08-11,NO
1,40784,65900,990.41,completed,online,2025-08-11,NO
4378,21023,66482,1915.82,completed,online,2025-08-11,NO
4596,49611,69004,898.71,completed,online,2025-08-11,NO
1,49920,72257,505.46,completed,online,2025-08-11,NO
565,37331,75777,1377.4,failed,online,2025-08-11,NO
3625,43515,76211,1434.59,failed,online,2025-08-11,NO
1,7805,76825,1282.0,completed,online,2025-08-11,NO
1,36369,77913,252.24,completed,online,2025-08-11,NO
3597,38598,80226,1020.51,failed,online,2025-08-11,NO
647,1536,80827,455.23,failed,online,2025-08-11,NO
2072,49074,83781,1442.41,completed,online,2025-08-11,NO
3307,27093,83849,81.97,failed,online,2025-08-11,NO
271,42060,87028,9469.921862026882,completed,online,2025-08-11,NO
1481,20617,87301,162.66,failed,online,2025-08-11,NO
3715,14273,87354,701.16,completed,online,2025-08-11,NO
946,2353,90454,676.43,completed,online,2025-08-11,NO
4861,1506,90817,1304.79,failed,online,2025-08-11,NO
1790,3517,90990,707.9,failed,UNKNOWN,2025-08-11,NO
1,33664,92717,1033.49,completed,online,2025-08-11,NO
489,42326,93572,778.05,failed,online,2025-08-11,NO
2918,31667,93691,1312.64,failed,online,2025-08-11,NO
1,35232,93987,226.55,completed,online,2025-08-11,NO
106,1046,94244,1937.65,failed,online,2025-08-11,NO
2856,17129,97385,1599.75,completed,online,2025-08-11,NO
1911,11632,105060,223.96,failed,online,2025-08-11,NO
1294,21514,105529,637.04,failed,online,2025-08-11,NO
26,38392,106286,497.98,failed,online,2025-08-11,NO
4972,27030,113600,1721.05,failed,online,2025-08-11,NO
3128,30540,114382,683.98,completed,online,2025-08-11,NO
1661,19386,115275,342.39,completed,online,2025-08-11,NO
1,13229,116567,48.23,failed,online,2025-08-11,NO
1,16940,121815,1529.85,completed,online,2025-08-11,NO
2352,47087,126641,856.65,failed,online,2025-08-11,NO
3482,19362,128210,1309.23,failed,online,2025-08-11,NO
1487,12800,129662,362.92,failed,online,2025-08-11,NO
3387,1055,134288,717.99,completed,online,2025-08-11,NO
2505,39991,136872,1741.9,completed,online,2025-08-11,NO
957,48512,139523,1437.46,completed,online,2025-08-11,NO
1,26410,140131,1872.03,completed,online,2025-08-11,NO
3600,38846,146038,750.79,failed,online,2025-08-11,NO
2902,47149,146464,762.38,failed,online,2025-08-11,NO
4598,7926,147333,547.24,failed,online,2025-08-11,NO
1285,5072,1854,318.53,completed,online,2025-08-14,NO
542,333,4815,1946.12,completed,online,2025-08-14,NO
4780,18276,6511,308.36,completed,online,2025-08-14,NO
2645,27870,6566,1346.49,completed,online,2025-08-14,NO
193,3749,6684,1845.33,completed,online,2025-08-14,NO
1603,12843,7479,1963.86,completed,online,2025-08-14,NO
4488,17080,8435,1067.72,completed,online,2025-08-14,NO
2801,7434,9620,347.38,failed,online,2025-08-14,NO
4416,30712,12800,394.19,failed,online,2025-08-14,NO
1241,43012,14400,1191.5,completed,online,2025-08-14,NO
2961,14638,15047,1120.97,completed,online,2025-08-14,NO
389,31830,18849,711.39,failed,online,2025-08-14,NO
1,22406,20862,223.87,failed,online,2025-08-14,NO
1962,47387,23285,384.24,failed,online,2025-08-14,NO
2674,2423,24148,506.94,completed,online,2025-08-14,NO
183,20165,30077,1356.87,failed,online,2025-08-14,NO
1886,48305,30204,765.42,completed,online,2025-08-14,NO
1948,34158,31028,391.51,completed,online,2025-08-14,NO
1574,49084,31693,1093.98,failed,online,2025-08-14,NO
1442,43552,32416,1755.85,completed,online,2025-08-14,NO
4411,37173,36757,914.85,completed,online,2025-08-14,NO
911,36701,37623,1313.86,failed,online,2025-08-14,NO
779,19105,43710,512.62,completed,online,2025-08-14,NO
1,20203,43826,1866.91,failed,online,2025-08-14,NO
1,33233,44978,1645.72,completed,online,2025-08-14,NO
6,13497,47221,1152.99,failed,online,2025-08-14,NO
1,9272,48957,1633.2,completed,online,2025-08-14,NO
4313,46108,51537,885.68,failed,online,2025-08-14,NO
253,45023,53443,1152.78,completed,online,2025-08-14,NO
1352,4500,56223,9522.615994418402,failed,online,2025-08-14,NO
1,5287,61810,1993.1,failed,online,2025-08-14,NO
4305,40938,61944,1681.66,completed,online,2025-08-14,NO
3958,36782,63632,1961.49,failed,online,2025-08-14,NO
4570,33605,66855,1426.35,failed,online,2025-08-14,NO
163,26764,70746,1296.36,failed,online,2025-08-14,NO
2226,17920,71574,1953.83,failed,online,2025-08-14,NO
685,16108,71796,19.43,failed,online,2025-08-14,NO
3728,43638,73154,537.84,completed,online,2025-08-14,NO
665,44986,76186,1925.89,completed,online,2025-08-14,NO
987,49957,78468,333.75,failed,online,2025-08-14,NO
27,43293,80397,1304.65,failed,online,2025-08-14,NO
1,12105,80739,1454.57,completed,online,2025-08-14,NO
1,15631,84233,1145.12,completed,online,2025-08-14,NO
1,8883,84607,559.82,failed,online,2025-08-14,NO
1875,12624,86065,680.45,failed,online,2025-08-14,NO
2899,15996,89559,556.79,failed,online,2025-08-14,NO
4269,24570,92107,1369.61,failed,UNKNOWN,2025-08-14,NO
1083,26366,92372,521.38,completed,online,2025-08-14,NO
1,14391,93917,1206.15,completed,UNKNOWN,2025-08-14,NO
2753,24847,94323,708.19,completed,online,2025-08-14,NO
1,17248,97142,1675.71,completed,online,2025-08-14,NO
956,36171,98037,665.37,failed,online,2025-08-14,NO
2617,41898,102730,1500.72,completed,online,2025-08-14,NO
867,45054,108879,1887.73,completed,online,2025-08-14,NO
1396,11285,112676,475.35,failed,online,2025-08-14,NO
1,19282,115296,433.03,failed,online,2025-08-14,NO
1908,24109,115594,1070.78,completed,online,2025-08-14,NO
1972,5435,116017,1432.88,failed,online,2025-08-14,NO
681,276,116472,1367.75,failed,online,2025-08-14,NO
1,13298,118889,1743.28,completed,online,2025-08-14,NO
4367,4296,119623,494.73,failed,online,2025-08-14,NO
3274,28948,122355,1512.26,failed,online,2025-08-14,NO
3665,8574,122980,1028.02,completed,online,2025-08-14,NO
4154,47595,127743,787.82,completed,online,2025-08-14,NO
1,27641,129020,930.03,failed,online,2025-08-14,NO
4293,28267,130945,454.33,completed,online,2025-08-14,NO
2481,3760,131994,747.66,failed,online,2025-08-14,NO
1,7998,134024,1867.37,completed,online,2025-08-14,NO
4660,39055,138965,455.38,failed,online,2025-08-14,NO
4185,40647,140207,1473.88,failed,online,2025-08-14,NO
3059,8595,144583,1798.96,failed,online,2025-08-14,NO
1530,40692,144929,1774.11,completed,online,2025-08-14,NO
4129,47719,145082,908.78,failed,online,2025-08-14,NO
4989,42402,148123,500.16,failed,online,2025-08-14,NO
3077,42342,149176,1327.11,failed,online,2025-08-14,NO
1,6578,567,366.26,failed,online,2025-11-29,NO
1,28052,1316,220.94,failed,online,2025-11-29,NO
3432,27737,2599,213.72,completed,online,2025-11-29,NO
2210,45318,4175,364.03,completed,online,2025-11-29,NO
1,11029,4728,747.03,completed,online,2025-11-29,NO
206,18155,6666,735.52,completed,online,2025-11-29,NO
4607,8779,16918,75.56,failed,online,2025-11-29,NO
504,36906,18404,1718.05,completed,online,2025-11-29,NO
2078,40186,19910,105.19,failed,online,2025-11-29,NO
1,31657,23569,635.47,completed,online,2025-11-29,NO
1670,49079,24767,1049.42,completed,online,2025-11-29,NO
1,6226,25467,753.46,failed,online,2025-11-29,NO
1895,44462,25578,499.34,failed,online,2025-11-29,NO
1,579,25745,1444.19,failed,online,2025-11-29,NO
630,15695,31591,1929.82,completed,online,2025-11-29,NO
1927,11616,33360,440.57,completed,online,2025-11-29,NO
3344,7587,33773,848.2,failed,online,2025-11-29,NO
1614,11713,40556,740.0,failed,online,2025-11-29,NO
4538,36606,41447,1848.83,completed,online,2025-11-29,NO
4707,8803,45519,486.1,failed,online,2025-11-29,NO
4703,30256,45733,575.66,failed,online,2025-11-29,NO
3604,31606,46276,1412.85,failed,online,2025-11-29,NO
4858,15975,46912,123.47,completed,online,2025-11-29,NO
1,33311,48568,59.53,completed,online,2025-11-29,NO
2162,39380,52281,320.11,failed,online,2025-11-29,NO
2543,38241,54171,863.91,failed,online,2025-11-29,NO
4677,13182,55380,45.48,failed,online,2025-11-29,NO
2296,37419,58199,1570.98,completed,online,2025-11-29,NO
1232,7618,58980,1508.7,failed,online,2025-11-29,NO
1318,16038,62142,761.38,completed,online,2025-11-29,NO
2379,11547,63154,858.27,completed,online,2025-11-29,NO
1859,76,65732,1315.25,completed,online,2025-11-29,NO
4288,44182,66439,1602.6,completed,online,2025-11-29,NO
1,31521,66643,179.61,failed,online,2025-11-29,NO
3033,2554,66858,419.59,completed,online,2025-11-29,NO
2883,48701,68545,1924.44,completed,online,2025-11-29,NO
3602,48663,69074,410.49,failed,online,2025-11-29,NO
1,4207,69846,1917.89,completed,online,2025-11-29,NO
1,1051,70799,49.6,completed,online,2025-11-29,NO
4205,3994,71785,84.71,failed,online,2025-11-29,NO
1,2449,72932,344.46,failed,online,2025-11-29,NO
2637,39764,74059,242.6,completed,online,2025-11-29,NO
210,26499,74064,1084.47,completed,online,2025-11-29,NO
1130,22945,75800,1114.4,completed,online,2025-11-29,NO
2939,15307,77013,1527.61,completed,online,2025-11-29,NO
1,33899,77740,1863.93,failed,online,2025-11-29,NO
1,3641,79604,952.05,completed,online,2025-11-29,NO
1,23644,82845,1500.86,completed,online,2025-11-29,NO
4129,2224,84981,540.01,failed,online,2025-11-29,NO
1,39190,85057,42.94,completed,online,2025-11-29,NO
2967,8047,88400,524.39,failed,online,2025-11-29,NO
4296,12110,95152,1896.98,completed,online,2025-11-29,NO
4322,39578,96219,216.52,completed,online,2025-11-29,NO
261,39267,99284,546.55,failed,online,2025-11-29,NO
725,7405,99340,1864.97,failed,online,2025-11-29,NO
3026,12648,103135,697.27,completed,online,2025-11-29,NO
4153,10537,104331,587.73,failed,online,2025-11-29,NO
1,37408,105743,1468.95,failed,online,2025-11-29,NO
2740,11860,108951,1785.3,failed,online,2025-11-29,NO
357,23005,110197,970.97,failed,online,2025-11-29,NO
1483,27410,115202,468.85,failed,online,2025-11-29,NO
1487,9255,117082,562.22,failed,online,2025-11-29,NO
612,20715,118843,1154.37,completed,online,2025-11-29,NO
2192,39047,121141,553.34,completed,UNKNOWN,2025-11-29,NO
4714,34021,129312,1642.16,completed,online,2025-11-29,NO
1,1178,130112,1178.52,failed,online,2025-11-29,NO
1173,48828,131562,1658.81,completed,online,2025-11-29,NO
1,587,134073,1246.1,completed,online,2025-11-29,NO
3435,19523,136556,1868.25,completed,online,2025-11-29,NO
2272,6238,137487,1404.25,failed,online,2025-11-29,NO
2565,9611,138975,1538.39,failed,online,2025-11-29,NO
3686,27554,143753,54.28,failed,online,2025-11-29,NO
4290,31359,144899,1193.79,failed,online,2025-11-29,NO
3288,45791,146698,1489.79,completed,online,2025-11-29,NO
3179,25972,147031,560.57,failed,online,2025-11-29,NO
153,4708,148026,845.24,completed,online,2025-11-29,NO
830,831,1685,423.6,completed,online,2025-01-26,NO
1976,41818,6848,1934.81,failed,online,2025-01-26,NO
4283,39636,7144,1085.87,failed,online,2025-01-26,NO
1,29952,8046,1267.64,completed,online,2025-01-26,NO
1618,33785,10479,1175.57,failed,online,2025-01-26,NO
3350,36601,12545,1155.14,completed,online,2025-01-26,NO
3320,26091,17727,1386.08,completed,online,2025-01-26,NO
1151,20706,17842,780.98,failed,online,2025-01-26,NO
1430,42960,18243,1932.49,failed,online,2025-01-26,NO
1,23619,18356,138.84,failed,online,2025-01-26,NO
3585,35793,19295,690.16,failed,online,2025-01-26,NO
226,33307,19721,962.91,completed,online,2025-01-26,NO
2977,13446,21400,1295.28,completed,online,2025-01-26,NO
4241,16988,21806,186.89,failed,online,2025-01-26,NO
264,13707,21880,1306.83,completed,online,2025-01-26,NO
2308,38236,25641,324.26,completed,online,2025-01-26,NO
1266,36754,27119,432.85,failed,online,2025-01-26,NO
1556,35176,29260,1186.18,completed,online,2025-01-26,NO
4396,42093,31000,1200.31,failed,online,2025-01-26,NO
1353,5649,32552,5259.007410874496,completed,online,2025-01-26,NO
4747,28507,37350,230.0,failed,online,2025-01-26,NO
604,26041,38085,1131.25,completed,online,2025-01-26,NO
4200,42227,40678,1596.44,failed,online,2025-01-26,NO
1,26701,41093,1099.66,completed,online,2025-01-26,NO
4101,44068,41272,1114.53,failed,online,2025-01-26,NO
826,18611,42494,133.37,completed,online,2025-01-26,NO
946,29840,42919,384.48,failed,online,2025-01-26,NO
2066,27808,46723,447.15,completed,online,2025-01-26,NO
3170,31676,49118,338.25,failed,online,2025-01-26,NO
3012,37085,49515,800.78,completed,online,2025-01-26,NO
1,3384,50447,642.13,failed,online,2025-01-26,NO
4154,11587,51161,585.65,failed,online,2025-01-26,NO
2457,1634,56973,956.01,completed,online,2025-01-26,NO
1,44925,59151,723.49,completed,online,2025-01-26,NO
4790,34484,59765,1100.93,completed,online,2025-01-26,NO
1,48785,61433,273.12,completed,online,2025-01-26,NO
2426,15360,64237,1111.9,completed,online,2025-01-26,NO
1405,15700,65567,473.0,failed,online,2025-01-26,NO
3745,14489,71671,1757.36,failed,online,2025-01-26,NO
1738,20679,73264,538.9,failed,online,2025-01-26,NO
508,28366,74455,1432.16,failed,online,2025-01-26,NO
3703,20005,75394,478.78,failed,online,2025-01-26,NO
1831,27871,85841,510.44,failed,online,2025-01-26,NO
2675,12498,89023,15.04,completed,online,2025-01-26,NO
3899,47493,90942,193.58,failed,online,2025-01-26,NO
1699,10287,92655,1306.72,completed,online,2025-01-26,NO
988,27258,97819,1520.27,completed,online,2025-01-26,NO
3996,25241,98775,803.61,completed,online,2025-01-26,NO
3477,44748,104490,381.07,failed,online,2025-01-26,NO
4260,1252,106998,1182.03,completed,online,2025-01-26,NO
861,27004,107982,869.87,completed,online,2025-01-26,NO
1,9092,108046,1742.53,completed,online,2025-01-26,NO
3521,44286,108244,1048.8,failed,online,2025-01-26,NO
2790,40687,109346,1294.27,failed,online,2025-01-26,NO
2190,5930,109782,1109.88,completed,online,2025-01-26,NO
1803,47321,111363,522.4,completed,online,2025-01-26,NO
3682,14227,114044,123.87,completed,online,2025-01-26,NO
616,1451,118380,1915.44,completed,online,2025-01-26,NO
4992,49065,120829,966.56,completed,online,2025-01-26,NO
1,22919,120954,1571.42,failed,online,2025-01-26,NO
3532,33182,123468,1438.81,completed,online,2025-01-26,NO
2038,32479,124295,887.48,completed,online,2025-01-26,NO
3734,7862,131496,1433.33,failed,online,2025-01-26,NO
1336,49517,131647,1903.89,completed,online,2025-01-26,NO
2490,22588,133542,1027.64,failed,online,2025-01-26,NO
1182,45666,137905,107.85,failed,online,2025-01-26,NO
1245,15221,138531,1879.84,completed,online,2025-01-26,NO
1966,2674,139124,1848.01,completed,online,2025-01-26,NO
3672,23482,142653,1216.87,completed,online,2025-01-26,NO
883,30641,144429,1046.04,completed,online,2025-01-26,NO
230,33018,144779,1828.24,failed,online,2025-01-26,NO
328,7276,146474,259.99,completed,online,2025-01-26,NO
4599,42763,147011,1912.87,failed,online,2025-01-26,NO
486,4844,147188,1484.69,failed,online,2025-01-26,NO
1,1072,250,641.85,failed,online,2025-03-19,NO
1759,1124,1136,112.1,failed,online,2025-03-19,NO
3521,16144,7008,1058.55,failed,online,2025-03-19,NO
1,10231,8876,927.39,completed,online,2025-03-19,NO
3991,3645,9351,679.75,completed,online,2025-03-19,NO
784,34627,10484,531.63,failed,online,2025-03-19,NO
3170,18115,13351,1453.73,failed,online,2025-03-19,NO
4789,6487,13652,199.41,completed,online,2025-03-19,NO
564,23959,15724,642.26,completed,online,2025-03-19,NO
1838,41284,16694,732.34,failed,online,2025-03-19,NO
747,40150,17899,1097.76,failed,online,2025-03-19,NO
858,25507,18711,1873.38,completed,online,2025-03-19,NO
3900,30396,18918,1693.33,failed,online,2025-03-19,NO
467,41805,21892,1278.5,failed,online,2025-03-19,NO
1337,19111,24138,414.67,failed,online,2025-03-19,NO
1,72,24335,1382.86,completed,online,2025-03-19,NO
4021,16953,28132,916.78,failed,online,2025-03-19,NO
2586,49208,32637,341.59,failed,online,2025-03-19,NO
1138,15153,32971,318.03,failed,online,2025-03-19,NO
1412,39453,34648,339.43,failed,online,2025-03-19,NO
4332,23923,35083,1382.92,failed,online,2025-03-19,NO
4590,7709,36009,164.18,completed,online,2025-03-19,NO
4753,33845,37133,23.07,failed,online,2025-03-19,NO
1,19540,38857,794.23,completed,online,2025-03-19,NO
1906,41371,41659,1734.67,completed,online,2025-03-19,NO
1,1276,42249,929.97,failed,online,2025-03-19,NO
347,2634,42592,1809.7,completed,online,2025-03-19,NO
1,42426,43598,77.75,failed,online,2025-03-19,NO
509,15428,48264,880.61,completed,online,2025-03-19,NO
1449,40209,48594,1474.85,failed,online,2025-03-19,NO
1234,38526,48652,1694.95,failed,online,2025-03-19,NO
3802,45516,50742,1014.07,completed,online,2025-03-19,NO
3398,38102,55724,105.78,completed,UNKNOWN,2025-03-19,NO
1,27199,57286,1505.55,failed,online,2025-03-19,NO
309,38736,57694,1928.85,completed,online,2025-03-19,NO
3155,36568,72550,856.09,completed,online,2025-03-19,NO
1486,49308,75598,1052.98,failed,online,2025-03-19,NO
4151,40332,76934,1796.95,failed,online,2025-03-19,NO
2488,21349,77127,300.91,completed,online,2025-03-19,NO
1,4730,77356,1518.55,completed,online,2025-03-19,NO
2329,34467,78111,1375.59,failed,online,2025-03-19,NO
1088,38568,78490,1318.05,completed,online,2025-03-19,NO
4856,32790,81821,1364.91,completed,online,2025-03-19,NO
1718,40988,83682,1136.91,completed,online,2025-03-19,NO
1726,29306,87436,685.75,failed,online,2025-03-19,NO
1,34957,90658,861.56,failed,online,2025-03-19,NO
418,26041,91489,1474.49,completed,online,2025-03-19,NO
3946,16089,98219,681.59,failed,online,2025-03-19,NO
1765,4284,99314,882.25,completed,online,2025-03-19,NO
1,16895,99950,1230.96,completed,online,2025-03-19,NO
4296,22277,105810,1638.91,failed,online,2025-03-19,NO
3598,43760,106520,186.36,failed,online,2025-03-19,NO
3176,37088,106892,1505.08,failed,online,2025-03-19,NO
2499,47431,106981,910.34,completed,online,2025-03-19,NO
2978,18731,109102,1343.32,completed,online,2025-03-19,NO
1,40046,112149,806.34,completed,online,2025-03-19,NO
1361,10399,113259,408.34,completed,online,2025-03-19,NO
2231,30111,118870,1610.37,completed,online,2025-03-19,NO
3945,3206,123805,1172.03,completed,online,2025-03-19,NO
3177,11098,124074,310.43,failed,online,2025-03-19,NO
4301,48763,125156,1927.71,failed,online,2025-03-19,NO
2456,33027,128248,392.93,failed,online,2025-03-19,NO
3818,46764,128472,1383.04,completed,online,2025-03-19,NO
4567,11502,129386,377.61,completed,online,2025-03-19,NO
4380,22787,129616,132.94,failed,online,2025-03-19,NO
1,35741,133423,984.51,failed,online,2025-03-19,NO
4879,4997,135241,1133.59,completed,online,2025-03-19,NO
3007,45656,136530,781.94,failed,online,2025-03-19,NO
1,32919,138096,814.08,completed,online,2025-03-19,NO
1,32908,140600,564.74,completed,online,2025-03-19,NO
3896,11107,142675,13.73,completed,online,2025-03-19,NO
3773,29190,143581,516.07,failed,online,2025-03-19,NO
3123,6863,146676,1607.4,failed,UNKNOWN,2025-03-19,NO
4375,10767,146944,1681.5,completed,online,2025-03-19,NO
2170,26342,148497,1356.98,completed,online,2025-03-19,NO
3619,7909,2898,389.8,failed,online,2025-11-06,NO
1,27439,2996,6756.594670058485,completed,online,2025-11-06,NO
2984,14241,3198,1803.37,completed,online,2025-11-06,NO
1987,32554,3270,96.7,completed,online,2025-11-06,NO
152,10501,5160,319.28,completed,online,2025-11-06,NO
51,9264,6913,440.08,failed,online,2025-11-06,NO
4491,10078,7732,1363.3,failed,online,2025-11-06,NO
3679,21336,9759,281.66,failed,online,2025-11-06,NO
2981,22174,12165,439.5,failed,online,2025-11-06,NO
2361,3900,16724,1957.45,failed,online,2025-11-06,NO
4953,36275,18041,408.87,completed,online,2025-11-06,NO
4613,3220,18234,43.87,failed,online,2025-11-06,NO
4389,10606,20940,508.21,failed,online,2025-11-06,NO
3915,19688,23973,1860.07,completed,online,2025-11-06,NO
1285,2012,26385,1781.62,completed,online,2025-11-06,NO
4976,18255,28834,1114.77,completed,online,2025-11-06,NO
4902,42748,30087,1208.14,failed,online,2025-11-06,NO
1,35647,37265,113.5,failed,online,2025-11-06,NO
1,39290,40320,777.79,failed,online,2025-11-06,NO
1,43020,40707,93.56,completed,online,2025-11-06,NO
1,43264,41526,970.66,failed,online,2025-11-06,NO
1,6661,41722,1258.91,failed,online,2025-11-06,NO
2734,47001,41890,1565.63,failed,online,2025-11-06,NO
4595,34535,43370,763.71,failed,online,2025-11-06,NO
1,7607,46356,1922.38,failed,online,2025-11-06,NO
3479,48295,51578,843.47,failed,online,2025-11-06,NO
2328,47984,53980,323.31,failed,online,2025-11-06,NO
1900,4089,56183,53.73,completed,online,2025-11-06,NO
3251,30823,56847,1589.48,failed,online,2025-11-06,NO
2271,40875,57600,263.84,completed,online,2025-11-06,NO
1548,48720,67091,1616.95,failed,online,2025-11-06,NO
3358,31116,67301,1374.5,failed,online,2025-11-06,NO
2535,38028,67594,624.63,completed,online,2025-11-06,NO
1,48797,68075,177.47,failed,online,2025-11-06,NO
4416,44849,69313,748.13,failed,online,2025-11-06,NO
4455,26516,69536,304.87,failed,online,2025-11-06,NO
1997,17396,72190,1868.33,failed,online,2025-11-06,NO
2203,41293,74595,1871.59,failed,online,2025-11-06,NO
1,28935,77029,782.97,failed,online,2025-11-06,NO
1944,19295,78597,957.72,failed,online,2025-11-06,NO
3911,42398,80259,1575.08,completed,online,2025-11-06,NO
2125,30156,80608,1819.1,completed,online,2025-11-06,NO
2819,11899,81357,1398.03,completed,online,2025-11-06,NO
1,24979,81887,747.24,completed,online,2025-11-06,NO
1355,26507,82190,596.97,completed,online,2025-11-06,NO
4491,32862,86074,889.87,completed,online,2025-11-06,NO
3055,39247,87072,29.68,failed,online,2025-11-06,NO
192,48667,87432,474.52,failed,online,2025-11-06,NO
4850,30039,90642,1858.25,failed,online,2025-11-06,NO
2541,10945,95707,504.05,completed,online,2025-11-06,NO
1,39158,96321,1469.53,failed,online,2025-11-06,NO
1,47673,96339,1322.03,failed,online,2025-11-06,NO
626,13338,98983,588.09,completed,online,2025-11-06,NO
3977,46867,101548,1630.69,failed,online,2025-11-06,NO
2139,23087,103648,1829.82,failed,online,2025-11-06,NO
990,2782,105289,1894.98,failed,online,2025-11-06,NO
1,23987,105500,498.31,failed,online,2025-11-06,NO
4547,33402,105663,911.11,failed,online,2025-11-06,NO
1,24809,106436,259.21,completed,online,2025-11-06,NO
3,19953,109732,835.62,failed,online,2025-11-06,NO
4767,12653,112961,1630.7,completed,online,2025-11-06,NO
461,12718,113214,1759.49,failed,online,2025-11-06,NO
4119,47965,115900,1478.13,failed,online,2025-11-06,NO
1,46891,122760,1937.92,failed,online,2025-11-06,NO
1600,2878,124115,1944.86,completed,online,2025-11-06,NO
1,48500,126274,1545.71,completed,online,2025-11-06,NO
4304,34767,126891,1853.39,failed,online,2025-11-06,NO
1,47488,126994,654.53,failed,online,2025-11-06,NO
3240,38500,127824,267.03,completed,online,2025-11-06,NO
3746,7065,127961,531.58,failed,online,2025-11-06,NO
2440,47949,129642,1593.26,failed,UNKNOWN,2025-11-06,NO
3453,20592,130568,30.19,completed,online,2025-11-06,NO
1877,2886,135780,65.0,completed,online,2025-11-06,NO
4791,21097,136564,62.87,completed,online,2025-11-06,NO
1,23477,140045,1707.86,failed,online,2025-11-06,NO
889,33708,149257,278.65,completed,online,2025-11-06,NO
1,1079,1041,386.79,completed,online,2025-05-29,NO
2391,9992,1060,323.02,completed,online,2025-05-29,NO
157,12385,1527,72.87,failed,UNKNOWN,2025-05-29,NO
4389,47873,2171,303.58,completed,online,2025-05-29,NO
2679,17525,5709,1238.6,completed,online,2025-05-29,NO
1,46026,7054,683.54,completed,online,2025-05-29,NO
4038,37961,10385,444.75,failed,online,2025-05-29,NO
482,49103,13474,1475.24,failed,online,2025-05-29,NO
321,2056,13732,118.59,completed,online,2025-05-29,NO
549,49685,14255,586.35,completed,online,2025-05-29,NO
3694,28898,15358,700.96,completed,online,2025-05-29,NO
2240,6348,17499,1732.38,failed,online,2025-05-29,NO
3523,1338,18531,908.44,completed,online,2025-05-29,NO
1058,20383,19155,832.09,failed,online,2025-05-29,NO
1,1300,22770,961.45,completed,online,2025-05-29,NO
56,27186,25926,1472.81,completed,online,2025-05-29,NO
1707,35929,27753,377.33,failed,online,2025-05-29,NO
2915,38027,28356,1298.83,completed,online,2025-05-29,NO
963,20891,30035,70.58,failed,online,2025-05-29,NO
3627,28723,33940,874.21,completed,online,2025-05-29,NO
1004,31473,37408,1243.11,failed,online,2025-05-29,NO
4985,20830,41550,1136.42,completed,online,2025-05-29,NO
3823,27075,44495,1626.15,failed,online,2025-05-29,NO
3999,38599,53045,1124.3,completed,online,2025-05-29,NO
3538,44698,54403,1386.11,completed,online,2025-05-29,NO
3351,20526,54540,1467.05,completed,online,2025-05-29,NO
3873,44589,56821,322.45,completed,online,2025-05-29,NO
1191,7825,59251,1808.14,completed,online,2025-05-29,NO
2416,26003,59480,1495.36,failed,online,2025-05-29,NO
2752,3832,64723,235.75,failed,online,2025-05-29,NO
4577,31862,70773,100.13,failed,online,2025-05-29,NO
1,32772,72584,1603.45,failed,online,2025-05-29,NO
510,34499,74083,1311.14,failed,online,2025-05-29,NO
1216,38551,76330,209.91,completed,online,2025-05-29,NO
4400,3505,78398,340.47,failed,online,2025-05-29,NO
4524,47545,78511,1853.58,completed,online,2025-05-29,NO
1,33435,79824,845.01,completed,online,2025-05-29,NO
3507,45129,81724,1578.93,failed,online,2025-05-29,NO
3705,37868,81725,497.09,failed,online,2025-05-29,NO
1,20578,82959,1441.67,completed,online,2025-05-29,NO
2893,29539,89060,1093.6,failed,online,2025-05-29,NO
530,19140,89490,978.84,failed,online,2025-05-29,NO
458,16459,89693,1600.66,completed,online,2025-05-29,NO
486,7688,92483,885.68,failed,online,2025-05-29,NO
4230,6984,103065,1101.37,failed,UNKNOWN,2025-05-29,NO
2111,11658,103096,1758.38,completed,online,2025-05-29,NO
2840,22660,103509,111.7,completed,online,2025-05-29,NO
3841,44602,103522,1316.08,completed,online,2025-05-29,NO
203,10312,107303,1044.0,failed,online,2025-05-29,NO
1,21583,108706,446.74,failed,online,2025-05-29,NO
3749,1170,111460,1188.39,failed,online,2025-05-29,NO
2525,35378,115951,1435.02,failed,online,2025-05-29,NO
4655,9800,116112,598.34,failed,online,2025-05-29,NO
3377,46711,116739,475.43,failed,online,2025-05-29,NO
291,47249,116913,200.58,failed,online,2025-05-29,NO
4100,21483,118441,82.65,failed,online,2025-05-29,NO
4888,12566,123282,1740.52,failed,online,2025-05-29,NO
2658,21833,124579,88.14,completed,online,2025-05-29,NO
4566,26041,124708,882.42,completed,online,2025-05-29,NO
638,30928,125670,1507.55,failed,online,2025-05-29,NO
4734,44074,126900,315.4,completed,online,2025-05-29,NO
323,43463,129216,38.57,completed,online,2025-05-29,NO
1,43908,130173,1930.08,failed,online,2025-05-29,NO
1876,4742,130352,1145.58,failed,online,2025-05-29,NO
3492,36899,131947,1973.02,failed,online,2025-05-29,NO
1,1587,134444,1246.98,completed,online,2025-05-29,NO
4129,24557,137298,526.15,failed,online,2025-05-29,NO
2924,31549,137691,656.34,failed,online,2025-05-29,NO
374,35972,139542,1749.66,failed,online,2025-05-29,NO
4548,7404,139906,1635.05,failed,online,2025-05-29,NO
3758,40497,143005,928.47,failed,online,2025-05-29,NO
4725,28159,145024,107.48,failed,online,2025-05-29,NO
1,49196,145118,46.94,completed,online,2025-05-29,NO
3126,45625,148698,1455.87,completed,online,2025-05-29,NO
1,12729,149297,1659.16,completed,online,2025-05-29,NO
4497,8366,693,169.32,completed,online,2025-04-12,NO
315,48663,4500,85.49,completed,online,2025-04-12,NO
4025,5017,9845,1857.79,failed,online,2025-04-12,NO
1209,24180,12076,809.02,completed,online,2025-04-12,NO
2639,41625,19058,1020.01,completed,online,2025-04-12,NO
1,11462,20682,1268.35,failed,online,2025-04-12,NO
4887,9609,22074,695.05,failed,online,2025-04-12,NO
1,6982,23124,1202.19,completed,online,2025-04-12,NO
1,16984,25318,1767.55,completed,online,2025-04-12,NO
571,40978,25798,1754.22,failed,online,2025-04-12,NO
3619,44958,26036,1292.36,failed,online,2025-04-12,NO
2124,9171,28899,1150.71,failed,online,2025-04-12,NO
4081,46091,29326,1993.28,failed,online,2025-04-12,NO
678,47776,29808,1803.93,failed,online,2025-04-12,NO
1,45365,32947,1121.8,failed,online,2025-04-12,NO
165,20020,33703,677.42,completed,online,2025-04-12,NO
1,3981,33942,667.55,completed,online,2025-04-12,NO
2804,6605,34108,835.13,failed,online,2025-04-12,NO
714,32862,34420,1689.03,completed,online,2025-04-12,NO
1993,46466,38575,6170.649755971778,completed,online,2025-04-12,NO
3636,35379,43868,161.49,completed,online,2025-04-12,NO
2269,7365,46269,1045.72,failed,online,2025-04-12,NO
4705,11406,49009,1949.59,failed,online,2025-04-12,NO
3873,21721,51665,511.26,completed,online,2025-04-12,NO
4776,26733,52704,733.6,failed,online,2025-04-12,NO
1,7827,58275,1186.28,failed,online,2025-04-12,NO
1568,3628,58715,1979.29,completed,online,2025-04-12,NO
1,29199,60444,539.46,completed,online,2025-04-12,NO
4237,45030,66610,1715.87,failed,online,2025-04-12,NO
1,27053,69124,1385.15,failed,online,2025-04-12,NO
1,8825,75370,481.73,completed,online,2025-04-12,NO
3770,30219,76941,1363.95,completed,online,2025-04-12,NO
3694,27932,77858,6807.781849600663,completed,online,2025-04-12,NO
474,30381,77989,847.14,completed,online,2025-04-12,NO
1,30573,78078,602.37,failed,online,2025-04-12,NO
1997,46367,79951,1739.9,failed,online,2025-04-12,NO
3894,38969,80756,1218.01,completed,online,2025-04-12,NO
986,36956,80762,119.9,completed,online,2025-04-12,NO
1523,23165,82311,1664.13,failed,UNKNOWN,2025-04-12,NO
4970,20172,82624,739.98,completed,online,2025-04-12,NO
1,23465,84432,5627.757203700463,completed,online,2025-04-12,NO
1,46044,84617,1913.58,completed,online,2025-04-12,NO
2599,16825,85262,1441.58,completed,online,2025-04-12,NO
1,11197,91726,435.22,completed,online,2025-04-12,NO
1364,33654,92467,1624.33,completed,online,2025-04-12,NO
2262,39770,92610,1155.42,failed,online,2025-04-12,NO
2058,3882,93268,368.6,completed,online,2025-04-12,NO
4650,31763,94841,198.01,completed,online,2025-04-12,NO
1053,48580,98456,340.41,failed,online,2025-04-12,NO
2397,9130,102183,1237.35,completed,online,2025-04-12,NO
4075,3151,102753,328.41,failed,online,2025-04-12,NO
1,12680,102810,1180.83,completed,online,2025-04-12,NO
4265,42894,109328,1744.6,completed,online,2025-04-12,NO
1,43646,111437,878.34,completed,online,2025-04-12,NO
1,18476,111683,1162.05,completed,online,2025-04-12,NO
3441,6783,112551,1858.5,failed,online,2025-04-12,NO
4197,14168,117123,992.73,completed,online,2025-04-12,NO
439,7063,118770,1181.73,completed,online,2025-04-12,NO
1248,258,119242,130.86,completed,online,2025-04-12,NO
3465,28810,120197,1368.44,completed,online,2025-04-12,NO
136,22280,122397,106.91,failed,online,2025-04-12,NO
3657,10886,124273,1197.28,completed,online,2025-04-12,NO
1959,12414,128051,79.27,completed,online,2025-04-12,NO
3489,2263,130094,284.89,completed,online,2025-04-12,NO
4093,15463,130159,468.71,completed,online,2025-04-12,NO
2477,13031,135693,1226.13,failed,online,2025-04-12,NO
1,2397,138583,370.95,completed,online,2025-04-12,NO
1140,5483,139088,760.62,failed,online,2025-04-12,NO
3105,45731,141235,60.65,failed,online,2025-04-12,NO
1,48594,143531,1091.81,completed,online,2025-04-12,NO
4503,38550,144957,371.14,failed,online,2025-04-12,NO
3495,37095,146371,1915.74,failed,online,2025-04-12,NO
1421,41392,146793,438.48,completed,online,2025-04-12,NO
1,15604,147933,193.06,completed,online,2025-04-12,NO
1,11665,2507,511.45,completed,online,2025-05-09,NO
3154,8562,4575,1076.95,completed,online,2025-05-09,NO
2401,6905,6420,1909.2,completed,online,2025-05-09,NO
4289,4348,11758,922.26,failed,online,2025-05-09,NO
1,40163,13763,1787.17,completed,online,2025-05-09,NO
108,1396,14863,1163.38,failed,online,2025-05-09,NO
228,2773,15187,1268.36,failed,online,2025-05-09,NO
3275,27116,17988,406.75,completed,online,2025-05-09,NO
611,17405,20070,565.52,failed,online,2025-05-09,NO
336,45593,20570,1702.54,failed,online,2025-05-09,NO
4901,14157,29677,1074.39,completed,online,2025-05-09,NO
1,15486,32448,271.4,completed,online,2025-05-09,NO
2649,9675,38465,725.5,failed,online,2025-05-09,NO
3293,13623,38500,1768.35,failed,online,2025-05-09,NO
1497,6783,45707,355.87,failed,online,2025-05-09,NO
3433,47739,50116,508.76,completed,online,2025-05-09,NO
4719,31915,50774,453.0,completed,online,2025-05-09,NO
1177,26765,59509,208.17,failed,online,2025-05-09,NO
4660,1711,60163,538.26,completed,online,2025-05-09,NO
1655,13441,63281,1951.1,failed,online,2025-05-09,NO
4005,22846,63853,1924.09,completed,online,2025-05-09,NO
3701,15681,64467,157.52,failed,online,2025-05-09,NO
1,44946,67315,209.1,completed,online,2025-05-09,NO
1,9718,67332,1477.49,failed,online,2025-05-09,NO
3291,26841,71072,986.92,completed,online,2025-05-09,NO
3657,13007,71256,1927.97,completed,online,2025-05-09,NO
2124,21042,73676,188.41,completed,online,2025-05-09,NO
294,37129,74518,269.82,failed,online,2025-05-09,NO
1,17630,74979,1905.95,completed,online,2025-05-09,NO
2609,4774,78374,586.42,completed,online,2025-05-09,NO
3667,40113,80725,369.87,failed,online,2025-05-09,NO
1953,13990,80917,276.62,completed,online,2025-05-09,NO
4691,41749,84176,173.07,completed,online,2025-05-09,NO
2893,24812,84202,1285.21,completed,online,2025-05-09,NO
3336,45226,85034,582.99,failed,online,2025-05-09,NO
4412,22492,86029,447.15,completed,online,2025-05-09,NO
2213,38380,86792,721.69,completed,online,2025-05-09,NO
1,21070,87083,1681.63,completed,online,2025-05-09,NO
1,16594,88058,1499.96,completed,online,2025-05-09,NO
3630,23875,89407,876.96,completed,online,2025-05-09,NO
971,34874,92826,764.33,failed,online,2025-05-09,NO
3347,32852,94826,20.49,completed,online,2025-05-09,NO
1,42265,99462,1146.88,completed,online,2025-05-09,NO
1657,14856,99757,1964.44,failed,online,2025-05-09,NO
159,46439,99856,555.15,failed,online,2025-05-09,NO
2574,19895,100250,1461.51,completed,online,2025-05-09,NO
1256,48608,100848,752.08,failed,online,2025-05-09,NO
1,1997,102493,1156.6,completed,online,2025-05-09,NO
70,4160,105851,1135.85,failed,online,2025-05-09,NO
1996,45390,106065,408.34,failed,online,2025-05-09,NO
3281,29863,108831,1449.06,completed,online,2025-05-09,NO
1,862,109006,23.53,failed,UNKNOWN,2025-05-09,NO
1213,3216,110707,708.28,failed,online,2025-05-09,NO
3367,9101,111820,1824.43,completed,online,2025-05-09,NO
1403,11863,114482,1314.15,failed,online,2025-05-09,NO
1,42001,115654,1781.3,failed,online,2025-05-09,NO
3766,49265,116332,286.3,failed,online,2025-05-09,NO
1856,15498,118775,30.23,completed,online,2025-05-09,NO
4423,3992,120449,928.46,completed,online,2025-05-09,NO
4262,34484,123030,825.06,failed,online,2025-05-09,NO
2613,26081,126469,729.88,failed,online,2025-05-09,NO
2332,12948,127627,445.14,failed,online,2025-05-09,NO
1,29596,130718,994.26,completed,online,2025-05-09,NO
1,22368,130932,363.07,failed,online,2025-05-09,NO
2244,47006,131037,752.23,completed,online,2025-05-09,NO
4311,14866,132851,1720.32,completed,online,2025-05-09,NO
1588,23805,134483,222.43,failed,online,2025-05-09,NO
3208,47699,135133,513.22,completed,online,2025-05-09,NO
3662,40295,135152,647.79,failed,online,2025-05-09,NO
3801,12024,139644,1010.9,completed,online,2025-05-09,NO
3116,18823,143115,1530.04,completed,online,2025-05-09,NO
4614,3371,143495,1537.67,failed,online,2025-05-09,NO
1,25478,145209,1245.94,failed,online,2025-05-09,NO
1944,43777,145763,91.15,completed,online,2025-05-09,NO
1,43013,147013,1832.11,failed,online,2025-05-09,NO
1,4980,4445,1998.63,failed,online,2025-08-02,NO
4589,33318,6900,263.09,completed,online,2025-08-02,NO
3088,34433,8039,560.11,failed,online,2025-08-02,NO
1055,42851,10505,1027.75,completed,online,2025-08-02,NO
3251,10456,12917,1383.87,completed,online,2025-08-02,NO
1427,28869,13509,925.85,completed,online,2025-08-02,NO
4266,16358,13886,57.36,failed,online,2025-08-02,NO
797,35443,19336,1422.31,failed,online,2025-08-02,NO
4860,15408,19706,473.16,completed,online,2025-08-02,NO
1,35373,20890,579.98,failed,online,2025-08-02,NO
1,48546,21308,1487.13,failed,online,2025-08-02,NO
4264,10040,22772,1075.46,failed,online,2025-08-02,NO
2885,30144,26162,45.22,failed,online,2025-08-02,NO
969,15483,28627,960.47,failed,online,2025-08-02,NO
3367,36160,33927,1050.8,completed,online,2025-08-02,NO
1,24315,35453,470.24,completed,online,2025-08-02,NO
1,36776,35574,860.73,completed,online,2025-08-02,NO
1294,30084,37868,988.46,completed,online,2025-08-02,NO
1,5076,40113,1562.26,completed,online,2025-08-02,NO
4748,18529,40494,1567.74,failed,online,2025-08-02,NO
764,875,40785,1917.42,failed,online,2025-08-02,NO
4663,22077,42009,1221.67,completed,online,2025-08-02,NO
1,19128,45859,1308.79,completed,online,2025-08-02,NO
4055,37476,47941,1861.02,failed,online,2025-08-02,NO
1,819,50748,1366.29,failed,online,2025-08-02,NO
1805,31178,52557,622.83,failed,online,2025-08-02,NO
3314,45542,53517,742.22,completed,online,2025-08-02,NO
2528,852,58584,815.45,failed,online,2025-08-02,NO
2324,36637,58981,973.31,failed,online,2025-08-02,NO
1423,47080,63690,192.28,completed,online,2025-08-02,NO
998,33614,65881,323.95,completed,online,2025-08-02,NO
3719,28024,65883,1995.33,failed,online,2025-08-02,NO
3306,41825,66694,400.71,failed,online,2025-08-02,NO
550,33712,67575,105.95,completed,UNKNOWN,2025-08-02,NO
2175,44106,69436,521.89,completed,online,2025-08-02,NO
1,12831,69503,850.92,failed,online,2025-08-02,NO
1,33132,70334,612.61,failed,online,2025-08-02,NO
4411,19472,71742,990.1,completed,online,2025-08-02,NO
3385,23096,72323,949.86,completed,online,2025-08-02,NO
3197,46817,75379,111.96,completed,online,2025-08-02,NO
1,43562,76876,1451.27,failed,online,2025-08-02,NO
2313,40392,78091,1182.45,completed,online,2025-08-02,NO
1056,24814,79553,1566.24,completed,online,2025-08-02,NO
2438,42056,81494,1317.5,completed,online,2025-08-02,NO
3357,49930,86142,1724.03,failed,online,2025-08-02,NO
1,20479,86207,1946.95,failed,online,2025-08-02,NO
4796,8060,88558,1099.89,failed,online,2025-08-02,NO
4747,27983,89732,1411.79,completed,online,2025-08-02,NO
1,23304,91614,19.87,failed,online,2025-08-02,NO
1,42825,95006,394.16,completed,online,2025-08-02,NO
3841,37175,95043,1313.89,failed,online,2025-08-02,NO
376,6393,104601,248.46,completed,online,2025-08-02,NO
4272,24679,107262,803.5,failed,online,2025-08-02,NO
4303,46475,108507,1479.32,completed,online,2025-08-02,NO
710,21797,108653,1662.49,completed,online,2025-08-02,NO
4654,13830,110065,849.54,completed,online,2025-08-02,NO
3762,6806,110119,544.93,failed,online,2025-08-02,NO
3371,41514,116580,1428.55,completed,online,2025-08-02,NO
1,36157,118624,446.04,completed,online,2025-08-02,NO
3025,35994,121052,1939.12,completed,online,2025-08-02,NO
2066,26844,122327,1106.05,failed,online,2025-08-02,NO
2582,39680,122957,1689.38,failed,online,2025-08-02,NO
1,5085,123131,762.38,failed,online,2025-08-02,NO
1,41090,124037,1847.67,completed,online,2025-08-02,NO
4246,28005,124835,1217.31,completed,UNKNOWN,2025-08-02,NO
4586,7597,125014,689.72,failed,online,2025-08-02,NO
3767,3981,128691,774.06,failed,online,2025-08-02,NO
1,35519,130284,1738.01,completed,online,2025-08-02,NO
1063,27414,130714,1594.74,completed,online,2025-08-02,NO
414,43211,135715,287.74,failed,UNKNOWN,2025-08-02,NO
2351,8822,137165,1565.14,completed,online,2025-08-02,NO
1,21996,140744,1594.67,completed,online,2025-08-02,NO
3545,39547,140835,363.93,completed,online,2025-08-02,NO
1,47323,141717,636.11,completed,online,2025-08-02,NO
3071,37308,144015,1143.7,failed,online,2025-08-02,NO
460,9282,927,251.62,failed,online,2025-09-17,NO
1562,22083,3448,423.13,completed,online,2025-09-17,NO
3188,43972,4801,1877.68,completed,online,2025-09-17,NO
3481,657,10645,1943.18,completed,online,2025-09-17,NO
4143,4594,11737,1940.68,failed,online,2025-09-17,NO
3834,8591,11924,1186.45,failed,online,2025-09-17,NO
4729,22643,18073,31.64,failed,online,2025-09-17,NO
1,784,27372,375.33,failed,online,2025-09-17,NO
4074,40177,28394,1233.35,failed,online,2025-09-17,NO
113,38284,28973,38.27,completed,online,2025-09-17,NO
3285,32802,29863,356.75,completed,online,2025-09-17,NO
1641,28431,30071,764.67,completed,online,2025-09-17,NO
1031,44874,32406,1377.15,failed,online,2025-09-17,NO
1,20167,36970,1108.31,failed,online,2025-09-17,NO
3013,48244,38745,1801.76,completed,online,2025-09-17,NO
1,16875,39566,1649.06,completed,online,2025-09-17,NO
4309,20121,41986,1075.06,completed,online,2025-09-17,NO
3016,38023,44408,7377.644136426274,failed,online,2025-09-17,NO
3242,3088,45082,966.8,failed,online,2025-09-17,NO
1722,38085,45349,615.39,failed,online,2025-09-17,NO
4367,26723,47982,438.58,completed,online,2025-09-17,NO
4313,4347,49129,1769.26,completed,online,2025-09-17,NO
1038,8287,49295,530.86,completed,online,2025-09-17,NO
1889,16670,53918,1978.64,completed,online,2025-09-17,NO
1,14154,54909,963.0,failed,online,2025-09-17,NO
1,45025,56645,1399.46,completed,online,2025-09-17,NO
2057,29062,60136,1249.25,failed,online,2025-09-17,NO
893,39307,63794,1909.09,failed,online,2025-09-17,NO
100,27672,67296,1044.39,completed,online,2025-09-17,NO
781,45924,67597,236.63,failed,online,2025-09-17,NO
4098,5516,68577,1727.28,failed,online,2025-09-17,NO
2012,2197,69922,1569.15,completed,online,2025-09-17,NO
1660,42554,72341,1383.89,failed,online,2025-09-17,NO
1,12122,74614,1651.82,failed,online,2025-09-17,NO
348,9202,75455,1488.5,completed,online,2025-09-17,NO
4924,21871,79961,1628.1,completed,online,2025-09-17,NO
1,8067,80278,1771.89,completed,online,2025-09-17,NO
3118,8516,81869,858.42,failed,online,2025-09-17,NO
1740,25717,84349,1676.3,completed,UNKNOWN,2025-09-17,NO
4432,37974,85472,913.21,completed,UNKNOWN,2025-09-17,NO
25,19641,88319,1702.09,failed,online,2025-09-17,NO
4751,29940,90840,1441.9,completed,online,2025-09-17,NO
2474,47569,96183,533.69,failed,online,2025-09-17,NO
82,46174,97529,383.71,completed,online,2025-09-17,NO
1793,27264,98687,1923.4,failed,online,2025-09-17,NO
1472,24764,104019,451.48,completed,online,2025-09-17,NO
985,21406,105329,1944.0,completed,online,2025-09-17,NO
4053,28332,107275,1069.31,failed,online,2025-09-17,NO
2980,35730,107893,977.24,failed,online,2025-09-17,NO
1220,25499,108915,1395.38,completed,online,2025-09-17,NO
1481,14605,109266,1023.58,failed,online,2025-09-17,NO
4791,37716,110050,931.19,failed,online,2025-09-17,NO
4510,43809,110734,1949.85,failed,online,2025-09-17,NO
1,4113,110797,1168.76,completed,online,2025-09-17,NO
1994,25576,111307,137.15,completed,online,2025-09-17,NO
1,36019,111336,1711.99,failed,online,2025-09-17,NO
4268,12716,112983,1212.78,completed,online,2025-09-17,NO
1,36827,113707,810.1,failed,online,2025-09-17,NO
2084,5485,114386,1369.16,completed,online,2025-09-17,NO
4043,14150,117762,1906.89,completed,online,2025-09-17,NO
3517,30836,119355,1355.6,failed,UNKNOWN,2025-09-17,NO
1,43748,133310,35.93,failed,online,2025-09-17,NO
4029,6730,134692,146.65,failed,online,2025-09-17,NO
2012,36289,136242,280.19,completed,online,2025-09-17,NO
2325,42644,136398,1462.75,completed,online,2025-09-17,NO
630,15144,136835,1844.32,completed,online,2025-09-17,NO
1663,13721,137364,1642.22,failed,online,2025-09-17,NO
1,14027,137559,1591.54,completed,online,2025-09-17,NO
1808,100,139923,711.46,completed,online,2025-09-17,NO
4116,34420,141641,796.27,failed,online,2025-09-17,NO
3669,25144,143151,1818.31,completed,online,2025-09-17,NO
635,34998,145739,1532.96,completed,online,2025-09-17,NO
1,27724,147443,1380.51,completed,online,2025-09-17,NO
853,19927,147968,8260.378891941418,completed,online,2025-09-17,NO
1907,17124,984,1146.17,completed,online,2025-03-17,NO
4008,2044,1775,255.48,failed,online,2025-03-17,NO
1,26762,1848,1872.82,failed,online,2025-03-17,NO
1,34564,3792,353.07,failed,online,2025-03-17,NO
819,12226,3796,1962.97,completed,online,2025-03-17,NO
810,49343,7850,369.34,failed,online,2025-03-17,NO
448,38261,8927,91.19,failed,online,2025-03-17,NO
1,12542,8962,1921.0,failed,online,2025-03-17,NO
2776,48217,9338,265.75,completed,online,2025-03-17,NO
1,30406,14730,302.16,completed,online,2025-03-17,NO
560,7929,15332,457.95,completed,online,2025-03-17,NO
4802,34823,16375,1867.75,completed,online,2025-03-17,NO
3926,13605,16389,114.82,completed,online,2025-03-17,NO
4956,3229,17496,262.71,failed,online,2025-03-17,NO
469,27232,19520,1540.79,completed,online,2025-03-17,NO
3249,44468,19627,99.46,failed,online,2025-03-17,NO
4313,27834,23694,513.67,failed,online,2025-03-17,NO
2297,14345,24663,1104.76,completed,online,2025-03-17,NO
4548,40206,25465,1138.5,completed,online,2025-03-17,NO
4132,39774,37277,1280.77,completed,online,2025-03-17,NO
3531,41268,37864,149.43,completed,online,2025-03-17,NO
130,6301,38627,1050.88,completed,online,2025-03-17,NO
1,13649,39357,204.83,completed,online,2025-03-17,NO
4052,10238,40585,1640.07,failed,online,2025-03-17,NO
3169,41848,43801,1469.86,completed,online,2025-03-17,NO
3039,45622,45224,156.78,failed,online,2025-03-17,NO
1,47962,45284,289.38,completed,online,2025-03-17,NO
1072,9184,45333,1434.66,failed,online,2025-03-17,NO
3491,7881,46596,1613.01,completed,online,2025-03-17,NO
486,33019,48871,1744.39,completed,online,2025-03-17,NO
3045,6287,49966,1735.3,failed,online,2025-03-17,NO
1500,36318,51474,161.46,failed,online,2025-03-17,NO
751,9798,58053,148.29,failed,online,2025-03-17,NO
2139,25561,60917,1360.92,failed,online,2025-03-17,NO
1551,6356,61187,1311.75,failed,UNKNOWN,2025-03-17,NO
2704,23740,63124,1532.78,failed,online,2025-03-17,NO
1,29299,65832,1242.08,failed,online,2025-03-17,NO
4027,20998,66127,1772.66,completed,online,2025-03-17,NO
912,12531,66526,1120.32,completed,online,2025-03-17,NO
239,41591,69222,117.99,failed,online,2025-03-17,NO
1121,49335,70112,790.93,failed,online,2025-03-17,NO
3887,13498,71737,466.8,completed,online,2025-03-17,NO
4879,29175,71968,1232.14,failed,online,2025-03-17,NO
173,35947,72435,206.21,completed,online,2025-03-17,NO
1,8383,73201,1946.53,failed,online,2025-03-17,NO
4880,22975,73372,237.04,failed,online,2025-03-17,NO
4492,28741,76172,43.49,failed,online,2025-03-17,NO
3961,39970,76325,366.22,completed,online,2025-03-17,NO
1,28393,78319,1237.45,failed,online,2025-03-17,NO
89,12574,80461,377.94,completed,online,2025-03-17,NO
1140,34688,85729,371.26,completed,online,2025-03-17,NO
2547,32765,91500,216.65,failed,online,2025-03-17,NO
1064,43216,93743,1034.47,failed,online,2025-03-17,NO
3442,36859,94127,260.52,completed,online,2025-03-17,NO
1,38459,105101,618.59,completed,online,2025-03-17,NO
3757,26694,105657,566.86,failed,online,2025-03-17,NO
3795,2819,108949,590.56,completed,online,2025-03-17,NO
2189,45274,109221,561.72,completed,online,2025-03-17,NO
4816,40547,113171,1473.25,completed,online,2025-03-17,NO
1988,38249,115500,439.23,completed,online,2025-03-17,NO
2301,47343,117304,966.35,failed,online,2025-03-17,NO
1893,21694,118940,1455.01,failed,online,2025-03-17,NO
3864,3873,120151,507.71,completed,online,2025-03-17,NO
4737,35072,122048,86.75,completed,online,2025-03-17,NO
3255,33278,122685,357.31,completed,online,2025-03-17,NO
3708,12979,126959,1708.04,failed,online,2025-03-17,NO
387,46425,131205,1791.15,failed,online,2025-03-17,NO
966,29319,135748,294.62,failed,online,2025-03-17,NO
1,22548,142971,1197.15,failed,online,2025-03-17,NO
3161,31289,144102,264.51,failed,online,2025-03-17,NO
4868,37895,145974,844.97,completed,online,2025-03-17,NO
4889,14631,148058,1135.82,completed,online,2025-03-17,NO
3675,34064,148815,832.48,failed,online,2025-03-17,NO
2461,19932,148996,261.47,failed,online,2025-03-17,NO
3236,31405,149758,1924.78,completed,online,2025-03-17,NO
3709,15732,896,716.18,completed,online,2025-09-28,NO
1659,37506,2698,1646.92,failed,online,2025-09-28,NO
1,14526,4559,321.39,completed,online,2025-09-28,NO
295,19335,5492,15.28,failed,online,2025-09-28,NO
3156,42283,6914,94.14,failed,online,2025-09-28,NO
1,45928,7933,1268.47,failed,online,2025-09-28,NO
3791,24524,10374,928.82,failed,online,2025-09-28,NO
4052,20832,14799,119.87,completed,online,2025-09-28,NO
1317,45861,16539,18.18,failed,online,2025-09-28,NO
1,37197,17205,15.51,completed,online,2025-09-28,NO
1,45595,18074,1091.43,failed,online,2025-09-28,NO
1833,47588,18118,1538.4,failed,online,2025-09-28,NO
1,47640,20874,644.15,completed,online,2025-09-28,NO
2869,46264,25636,1508.6,failed,online,2025-09-28,NO
1496,41404,32113,1169.1,completed,online,2025-09-28,NO
3193,28388,32726,854.24,failed,online,2025-09-28,NO
1986,12458,33007,1752.27,failed,online,2025-09-28,NO
1214,12933,33070,313.85,completed,online,2025-09-28,NO
3294,27325,34221,1156.99,failed,online,2025-09-28,NO
1,3455,35977,1597.0,completed,online,2025-09-28,NO
2369,1631,37002,90.87,failed,online,2025-09-28,NO
3205,20589,38573,39.08,failed,UNKNOWN,2025-09-28,NO
565,35349,41394,1771.52,failed,online,2025-09-28,NO
1,4562,41567,43.03,failed,UNKNOWN,2025-09-28,NO
3014,5531,44602,1429.99,failed,online,2025-09-28,NO
2585,46612,45146,1499.72,completed,online,2025-09-28,NO
2811,7505,46780,1088.53,completed,online,2025-09-28,NO
2786,40776,52537,1877.88,failed,online,2025-09-28,NO
1395,150,58090,147.35,completed,online,2025-09-28,NO
4315,30838,63673,1537.35,failed,online,2025-09-28,NO
673,2481,66443,282.52,completed,online,2025-09-28,NO
1,16529,66447,776.76,completed,online,2025-09-28,NO
4991,44576,66882,1561.62,failed,online,2025-09-28,NO
3433,47018,68235,677.26,failed,online,2025-09-28,NO
1,5587,70313,1128.81,failed,online,2025-09-28,NO
1,34522,71392,1210.15,completed,online,2025-09-28,NO
730,9311,74485,716.13,failed,online,2025-09-28,NO
4431,8420,75167,1408.77,completed,online,2025-09-28,NO
1,26836,76596,906.18,failed,online,2025-09-28,NO
1928,26321,77213,1585.14,failed,online,2025-09-28,NO
2600,45667,81453,968.39,failed,online,2025-09-28,NO
1239,33427,81911,150.52,failed,online,2025-09-28,NO
1,13245,83324,349.27,failed,online,2025-09-28,NO
1,29106,83454,1833.58,completed,online,2025-09-28,NO
1,6620,84043,644.03,failed,online,2025-09-28,NO
4428,633,84430,1281.79,completed,online,2025-09-28,NO
1965,11596,87151,1645.23,failed,online,2025-09-28,NO
405,839,92037,1206.3,completed,online,2025-09-28,NO
4481,41517,93796,1871.74,completed,online,2025-09-28,NO
1,17297,98739,1207.24,failed,online,2025-09-28,NO
2204,8865,99438,734.46,failed,online,2025-09-28,NO
1891,36862,103523,1506.33,completed,online,2025-09-28,NO
1,31716,104029,638.25,failed,online,2025-09-28,NO
2025,13317,106052,1444.15,completed,online,2025-09-28,NO
4929,37658,106621,1073.02,failed,online,2025-09-28,NO
267,34316,109997,669.66,completed,online,2025-09-28,NO
1,14770,114633,834.81,failed,online,2025-09-28,NO
2343,37174,115619,770.1,failed,online,2025-09-28,NO
3632,26203,117555,609.49,failed,online,2025-09-28,NO
1692,5350,118514,1377.76,completed,online,2025-09-28,NO
2438,4053,118520,280.95,failed,online,2025-09-28,NO
1218,39772,118778,1306.84,failed,online,2025-09-28,NO
1281,22944,119030,288.94,failed,online,2025-09-28,NO
1,26271,122763,577.18,completed,online,2025-09-28,NO
4521,40361,122879,230.98,failed,online,2025-09-28,NO
4395,7715,124097,5009.066077137017,failed,online,2025-09-28,NO
1,9339,132279,1525.62,failed,online,2025-09-28,NO
886,6358,133059,1695.26,failed,online,2025-09-28,NO
265,45147,134491,1344.06,completed,online,2025-09-28,NO
294,15551,135243,18.13,completed,online,2025-09-28,NO
4701,23873,135424,224.12,failed,online,2025-09-28,NO
1867,40239,138409,205.16,completed,online,2025-09-28,NO
3818,34940,140478,578.49,completed,online,2025-09-28,NO
2894,262,140663,1510.59,failed,online,2025-09-28,NO
999,46697,142560,1905.6,completed,online,2025-09-28,NO
1,30945,147523,542.44,completed,online,2025-09-28,NO
2033,14826,1232,1611.69,completed,online,2025-03-01,NO
1564,3709,4349,1616.32,failed,online,2025-03-01,NO
1,43357,7793,1537.23,failed,online,2025-03-01,NO
1706,31488,8939,848.79,completed,online,2025-03-01,NO
1,39818,9334,1232.92,completed,online,2025-03-01,NO
2071,27421,9711,1248.17,failed,online,2025-03-01,NO
1,27103,9948,963.86,completed,online,2025-03-01,NO
2011,38094,10216,1941.5,failed,online,2025-03-01,NO
1098,22952,12442,1536.52,completed,online,2025-03-01,NO
4309,33525,12827,1289.92,completed,online,2025-03-01,NO
2675,21630,15314,1590.35,completed,online,2025-03-01,NO
1,10840,17126,63.6,failed,online,2025-03-01,NO
3953,9347,17705,820.36,failed,online,2025-03-01,NO
4558,16025,17864,1908.02,failed,online,2025-03-01,NO
2894,14942,19586,1959.86,failed,online,2025-03-01,NO
1380,38141,20038,821.79,completed,online,2025-03-01,NO
3339,45463,25236,1306.49,failed,online,2025-03-01,NO
572,21551,25548,1885.8,completed,online,2025-03-01,NO
3167,9654,26882,434.3,completed,online,2025-03-01,NO
1074,30501,28561,1089.49,completed,online,2025-03-01,NO
2834,27931,30938,63.77,failed,online,2025-03-01,NO
3671,7282,33153,914.13,completed,online,2025-03-01,NO
2147,5950,36221,1010.61,completed,online,2025-03-01,NO
1469,8137,41937,427.14,failed,online,2025-03-01,NO
1,28781,42023,1443.21,failed,online,2025-03-01,NO
740,48830,42498,1649.43,completed,online,2025-03-01,NO
3656,4851,42849,115.72,completed,online,2025-03-01,NO
2248,44419,44055,1957.77,failed,online,2025-03-01,NO
1308,31565,45304,602.53,failed,online,2025-03-01,NO
4067,42815,48586,1661.35,failed,online,2025-03-01,NO
1,31669,56316,322.77,failed,online,2025-03-01,NO
1,25359,58308,311.75,failed,online,2025-03-01,NO
4309,40464,60819,321.15,failed,online,2025-03-01,NO
3622,49826,62410,739.44,completed,online,2025-03-01,NO
1840,34958,65636,5098.53391114245,failed,online,2025-03-01,NO
2633,3963,77602,1466.19,failed,online,2025-03-01,NO
1,13309,80331,1367.67,completed,online,2025-03-01,NO
1,9309,80516,959.52,failed,online,2025-03-01,NO
1516,38968,80707,688.24,completed,online,2025-03-01,NO
3243,8331,83759,1246.03,completed,online,2025-03-01,NO
1935,2067,87416,299.45,completed,online,2025-03-01,NO
1795,14340,87697,1618.73,failed,online,2025-03-01,NO
3682,14837,87707,61.87,failed,online,2025-03-01,NO
1,26087,88275,509.16,failed,online,2025-03-01,NO
1319,2622,89867,1171.71,completed,online,2025-03-01,NO
2250,12930,90380,168.69,failed,online,2025-03-01,NO
2741,36797,91501,292.17,failed,online,2025-03-01,NO
955,48551,92538,144.49,completed,online,2025-03-01,NO
606,9888,99041,1013.11,failed,online,2025-03-01,NO
1207,44040,101012,1110.48,failed,online,2025-03-01,NO
516,31174,106433,1845.09,completed,online,2025-03-01,NO
2649,9763,107026,170.06,completed,online,2025-03-01,NO
1,37523,108772,204.24,failed,online,2025-03-01,NO
48,14611,110402,704.23,completed,online,2025-03-01,NO
2313,35347,110825,1100.12,failed,online,2025-03-01,NO
3696,45827,111419,815.9,completed,online,2025-03-01,NO
4283,688,112480,1454.08,completed,online,2025-03-01,NO
1,32627,115059,814.83,completed,online,2025-03-01,NO
2663,22870,116848,1345.82,completed,online,2025-03-01,NO
1,37706,117707,908.84,failed,online,2025-03-01,NO
1,36039,119184,1772.08,failed,online,2025-03-01,NO
2035,36734,120211,1883.5,completed,online,2025-03-01,NO
1740,26306,121206,1880.54,failed,online,2025-03-01,NO
692,28178,123386,224.0,failed,online,2025-03-01,NO
1,39657,125642,1702.28,failed,online,2025-03-01,NO
3739,23565,127888,1570.99,completed,online,2025-03-01,NO
103,34076,128038,1917.29,completed,online,2025-03-01,NO
3127,38214,129530,1567.89,failed,online,2025-03-01,NO
1,18257,130345,73.91,failed,online,2025-03-01,NO
1247,6782,135112,378.97,completed,online,2025-03-01,NO
1,25078,139638,1925.01,failed,online,2025-03-01,NO
3955,34810,142572,32.39,failed,online,2025-03-01,NO
2617,27218,142921,1289.51,completed,online,2025-03-01,NO
4634,34103,146734,630.28,completed,online,2025-03-01,NO
1733,22373,149949,1571.89,failed,online,2025-03-01,NO
2537,46034,1010,276.75,failed,online,2025-10-06,NO
1637,21351,1028,855.08,completed,online,2025-10-06,NO
3750,7622,3314,695.41,completed,online,2025-10-06,NO
1896,8864,5572,1785.87,completed,online,2025-10-06,NO
3907,21780,6060,1220.17,failed,online,2025-10-06,NO
1178,29008,6582,329.44,failed,online,2025-10-06,NO
1604,31275,9995,1777.92,failed,online,2025-10-06,NO
4267,17438,12409,1207.97,completed,online,2025-10-06,NO
1164,7704,14676,1619.85,completed,online,2025-10-06,NO
2935,23434,16910,1112.46,failed,online,2025-10-06,NO
1,34900,18244,1520.33,completed,online,2025-10-06,NO
898,23865,23883,864.35,completed,online,2025-10-06,NO
1,38760,24042,313.14,failed,online,2025-10-06,NO
3337,26715,24887,1287.19,completed,online,2025-10-06,NO
439,35145,25629,988.36,completed,online,2025-10-06,NO
621,9252,28764,543.48,completed,online,2025-10-06,NO
3530,3485,29557,889.13,completed,online,2025-10-06,NO
740,19679,35551,1505.8,completed,online,2025-10-06,NO
3614,27212,36923,1275.12,failed,online,2025-10-06,NO
4750,4017,36997,1010.55,completed,online,2025-10-06,NO
924,29543,37245,1201.58,completed,online,2025-10-06,NO
759,20990,37327,384.08,failed,online,2025-10-06,NO
3143,35039,40475,1168.14,failed,online,2025-10-06,NO
780,489,41740,484.29,failed,online,2025-10-06,NO
1342,7682,41774,755.84,failed,online,2025-10-06,NO
3683,10009,45480,1319.83,failed,online,2025-10-06,NO
4331,26727,46816,976.61,completed,online,2025-10-06,NO
2343,42218,51756,1072.14,completed,online,2025-10-06,NO
2279,25093,58452,159.61,failed,online,2025-10-06,NO
3095,1524,58661,1096.39,failed,online,2025-10-06,NO
3712,9427,60618,1848.86,failed,online,2025-10-06,NO
1457,38902,63062,1314.51,failed,online,2025-10-06,NO
2818,11650,63785,1462.32,completed,online,2025-10-06,NO
2015,7050,63997,534.56,failed,online,2025-10-06,NO
1,17261,65346,1566.57,failed,online,2025-10-06,NO
3064,7330,65750,1212.89,failed,online,2025-10-06,NO
460,48712,68345,1054.34,failed,online,2025-10-06,NO
2241,4525,71326,1843.95,completed,online,2025-10-06,NO
3170,12797,77516,1555.03,completed,UNKNOWN,2025-10-06,NO
1774,24200,80574,55.88,failed,online,2025-10-06,NO
1,24376,83419,1063.41,failed,online,2025-10-06,NO
1,42558,84475,10.62,completed,online,2025-10-06,NO
2174,21750,86127,563.1,completed,online,2025-10-06,NO
829,10470,89374,1236.5,completed,online,2025-10-06,NO
2125,40957,90332,345.62,failed,online,2025-10-06,NO
1523,45515,90723,1569.46,completed,online,2025-10-06,NO
1195,18885,93868,638.29,failed,online,2025-10-06,NO
4705,9536,97737,245.75,failed,online,2025-10-06,NO
2924,39837,98283,1704.06,failed,online,2025-10-06,NO
4131,24236,102822,109.83,failed,online,2025-10-06,NO
4709,16316,104146,255.75,completed,online,2025-10-06,NO
2950,36320,104700,1898.63,completed,online,2025-10-06,NO
1627,29708,107131,1797.82,failed,online,2025-10-06,NO
4514,27638,109245,276.7,failed,online,2025-10-06,NO
4369,20892,109960,1904.91,failed,online,2025-10-06,NO
1269,31871,110248,633.34,failed,online,2025-10-06,NO
4585,5132,110854,1889.63,completed,online,2025-10-06,NO
2850,6670,111139,1686.26,failed,online,2025-10-06,NO
1,23356,111887,1677.63,failed,online,2025-10-06,NO
1,26887,114870,1886.66,failed,online,2025-10-06,NO
236,17508,118242,91.54,completed,online,2025-10-06,NO
1,38675,121414,1305.11,failed,online,2025-10-06,NO
1,49077,123943,469.7,failed,online,2025-10-06,NO
1859,23054,127209,380.26,failed,online,2025-10-06,NO
3660,17986,128316,1392.42,completed,online,2025-10-06,NO
1,18402,128604,997.3,failed,online,2025-10-06,NO
1,309,131050,1768.72,completed,online,2025-10-06,NO
4275,36381,134470,1983.43,failed,online,2025-10-06,NO
1,849,138420,849.51,failed,online,2025-10-06,NO
132,29677,140098,104.15,completed,online,2025-10-06,NO
1,48257,143624,1691.23,failed,online,2025-10-06,NO
1,15885,147317,5515.249971851941,completed,online,2025-10-06,NO
1877,25397,147800,573.75,failed,online,2025-10-06,NO
3731,562,148271,1150.33,completed,online,2025-10-06,NO
818,32043,148556,1428.7,completed,online,2025-10-06,NO
2719,37785,3187,817.66,failed,online,2025-10-07,NO
2880,38287,4906,1976.51,completed,online,2025-10-07,NO
1277,13696,7384,147.78,failed,online,2025-10-07,NO
3280,43339,8771,581.36,completed,UNKNOWN,2025-10-07,NO
2728,14878,15328,1032.56,completed,online,2025-10-07,NO
2847,15878,20353,801.87,failed,online,2025-10-07,NO
4635,26639,21286,229.58,completed,online,2025-10-07,NO
893,14467,22231,1140.74,completed,online,2025-10-07,NO
413,16258,28270,21.12,completed,online,2025-10-07,NO
1,38189,32603,1309.21,completed,online,2025-10-07,NO
1,35588,34511,1107.91,completed,online,2025-10-07,NO
753,17203,35740,5139.647367219594,failed,online,2025-10-07,NO
4334,3314,36158,643.55,completed,online,2025-10-07,NO
3020,34015,40710,91.9,completed,online,2025-10-07,NO
4242,37743,41802,8231.949392794852,failed,online,2025-10-07,NO
1,45774,41854,1373.87,failed,online,2025-10-07,NO
3749,25558,41922,1389.49,failed,online,2025-10-07,NO
1,24025,43498,1796.99,completed,online,2025-10-07,NO
1,26567,45583,55.16,failed,online,2025-10-07,NO
1,29559,47380,79.0,completed,online,2025-10-07,NO
1746,421,47901,1416.66,completed,online,2025-10-07,NO
4730,11815,49062,1084.02,failed,online,2025-10-07,NO
1,30488,53663,1673.67,completed,online,2025-10-07,NO
198,47703,53695,878.4,completed,online,2025-10-07,NO
1993,40782,56097,895.0,failed,online,2025-10-07,NO
1866,6396,58008,1914.16,failed,online,2025-10-07,NO
4571,40461,58654,551.53,failed,online,2025-10-07,NO
1086,10366,61823,1041.92,failed,online,2025-10-07,NO
3554,13573,62737,234.48,completed,online,2025-10-07,NO
4750,24314,64032,597.13,failed,online,2025-10-07,NO
4374,25084,64231,494.58,failed,online,2025-10-07,NO
3467,46148,64938,920.96,completed,UNKNOWN,2025-10-07,NO
396,46821,65073,445.15,failed,online,2025-10-07,NO
4411,19732,65287,581.81,failed,online,2025-10-07,NO
923,24325,65402,1118.43,failed,online,2025-10-07,NO
4894,21809,71141,1744.05,failed,online,2025-10-07,NO
3916,45149,75184,176.17,completed,online,2025-10-07,NO
1574,10467,79172,1784.26,completed,online,2025-10-07,NO
1,31415,82852,102.58,completed,online,2025-10-07,NO
970,23896,84520,1466.03,completed,online,2025-10-07,NO
379,25572,92441,858.25,completed,online,2025-10-07,NO
3813,36206,95470,34.81,failed,online,2025-10-07,NO
434,11957,97052,1932.19,completed,online,2025-10-07,NO
2604,7490,98513,355.37,failed,online,2025-10-07,NO
2765,10777,99541,704.48,failed,online,2025-10-07,NO
582,12173,100156,1263.06,failed,online,2025-10-07,NO
4180,33783,100489,1028.86,failed,online,2025-10-07,NO
3843,20431,100804,1220.44,failed,online,2025-10-07,NO
1562,36388,104862,823.35,completed,online,2025-10-07,NO
137,15534,104982,1461.24,failed,online,2025-10-07,NO
2062,8865,110726,1537.06,completed,online,2025-10-07,NO
3797,46619,111406,1678.93,failed,online,2025-10-07,NO
4118,42217,113130,1924.36,completed,online,2025-10-07,NO
3832,11913,113223,1800.32,failed,online,2025-10-07,NO
4597,48639,113813,1131.13,completed,online,2025-10-07,NO
3358,39790,117539,545.08,completed,online,2025-10-07,NO
1209,12657,118443,1660.49,failed,online,2025-10-07,NO
1691,36280,120046,242.0,failed,online,2025-10-07,NO
4007,26048,120851,546.45,failed,online,2025-10-07,NO
4010,34316,123119,360.38,completed,online,2025-10-07,NO
1,24182,123411,442.44,failed,online,2025-10-07,NO
4383,19676,123726,1597.55,failed,online,2025-10-07,NO
4845,3780,124233,826.96,failed,online,2025-10-07,NO
1679,7823,124784,1188.59,failed,online,2025-10-07,NO
3157,37397,127715,1705.99,failed,online,2025-10-07,NO
4845,22505,134357,444.72,failed,online,2025-10-07,NO
1,28385,135202,1022.33,completed,online,2025-10-07,NO
3760,3478,136262,1597.27,completed,online,2025-10-07,NO
1581,15618,138954,415.87,failed,online,2025-10-07,NO
2741,45875,139680,658.89,failed,online,2025-10-07,NO
4110,32808,140814,1978.21,failed,online,2025-10-07,NO
4256,33147,142942,533.51,failed,online,2025-10-07,NO
2886,30348,144244,1120.98,completed,online,2025-10-07,NO
4310,18685,147292,1193.17,completed,online,2025-10-07,NO
1,35631,1223,1421.38,completed,online,2025-10-10,NO
1,6268,2134,1149.25,failed,online,2025-10-10,NO
1165,31247,4718,309.51,completed,online,2025-10-10,NO
4788,35558,9427,39.85,completed,online,2025-10-10,NO
2205,22151,10558,1156.19,completed,online,2025-10-10,NO
2245,33212,13993,1712.78,completed,online,2025-10-10,NO
2777,15631,15398,5021.998673575585,completed,online,2025-10-10,NO
88,40058,16459,166.71,completed,online,2025-10-10,NO
1,30004,17331,166.22,failed,online,2025-10-10,NO
4781,9657,18209,859.06,completed,online,2025-10-10,NO
3061,31869,20955,1694.34,completed,online,2025-10-10,NO
1,263,23860,257.09,failed,online,2025-10-10,NO
3108,42596,24540,983.2,completed,online,2025-10-10,NO
3327,5221,25717,406.08,failed,online,2025-10-10,NO
1,18863,27543,1397.35,completed,online,2025-10-10,NO
168,10373,27608,1974.48,failed,UNKNOWN,2025-10-10,NO
838,2504,28098,658.14,completed,online,2025-10-10,NO
1,26545,31237,1089.57,completed,online,2025-10-10,NO
453,30822,32445,195.69,failed,online,2025-10-10,NO
2204,36649,42233,958.83,failed,online,2025-10-10,NO
1814,16938,43784,324.03,failed,online,2025-10-10,NO
1,35144,43905,1433.55,failed,online,2025-10-10,NO
2609,16039,46735,615.55,failed,online,2025-10-10,NO
1,41340,48214,629.85,failed,online,2025-10-10,NO
4598,25156,51219,1118.02,failed,online,2025-10-10,NO
4589,33626,52184,329.37,failed,online,2025-10-10,NO
1,5921,53812,554.35,completed,online,2025-10-10,NO
1844,32113,55443,1140.75,completed,online,2025-10-10,NO
4381,33723,57852,427.99,completed,online,2025-10-10,NO
538,12735,60681,822.73,completed,online,2025-10-10,NO
2055,14881,61314,1079.82,completed,online,2025-10-10,NO
1162,4137,62456,1001.29,failed,online,2025-10-10,NO
1,38899,62938,485.68,failed,online,2025-10-10,NO
3341,38130,63521,1327.31,failed,online,2025-10-10,NO
3740,15321,64519,1670.53,completed,online,2025-10-10,NO
1,25382,65753,1893.79,completed,online,2025-10-10,NO
3376,14622,69458,1559.87,failed,online,2025-10-10,NO
3222,20523,69626,505.56,completed,online,2025-10-10,NO
1161,20749,72009,655.47,failed,UNKNOWN,2025-10-10,NO
1,27817,72680,1103.65,completed,online,2025-10-10,NO
362,44213,73746,573.47,failed,online,2025-10-10,NO
1361,31790,75961,277.67,failed,online,2025-10-10,NO
1681,5640,76000,1506.03,failed,online,2025-10-10,NO
1282,28961,78080,1882.46,completed,online,2025-10-10,NO
303,47395,78820,817.43,completed,online,2025-10-10,NO
4756,168,79022,1854.76,failed,online,2025-10-10,NO
2476,11471,83620,378.48,failed,online,2025-10-10,NO
2463,48672,90771,1917.62,completed,online,2025-10-10,NO
3162,29853,94481,275.27,failed,online,2025-10-10,NO
1,20819,98731,995.76,completed,online,2025-10-10,NO
1,15064,98811,496.62,failed,online,2025-10-10,NO
1661,11755,100117,1265.71,failed,online,2025-10-10,NO
1365,12068,100772,1851.52,completed,online,2025-10-10,NO
4282,30200,104051,1375.49,completed,online,2025-10-10,NO
3366,7398,105143,1101.15,failed,online,2025-10-10,NO
1755,29941,108738,1145.78,completed,online,2025-10-10,NO
4906,8601,110271,603.36,failed,online,2025-10-10,NO
3876,46940,110330,1062.79,failed,online,2025-10-10,NO
1,46199,110790,1917.56,completed,online,2025-10-10,NO
3111,24017,114182,351.17,failed,online,2025-10-10,NO
356,11854,114534,362.88,completed,online,2025-10-10,NO
1293,7604,121452,1178.71,failed,online,2025-10-10,NO
1272,40300,126738,1323.09,failed,online,2025-10-10,NO
1,32671,129408,1042.13,failed,online,2025-10-10,NO
4331,19213,134202,153.11,completed,online,2025-10-10,NO
1,36843,134708,195.33,completed,online,2025-10-10,NO
1,49773,136239,1899.78,failed,online,2025-10-10,NO
3395,30777,139255,1046.43,completed,online,2025-10-10,NO
1970,14997,144859,1382.01,failed,online,2025-10-10,NO
629,32517,145579,291.89,completed,online,2025-10-10,NO
4258,3731,145786,625.81,failed,online,2025-10-10,NO
1,40490,146145,1522.13,failed,online,2025-10-10,NO
41,1342,147741,982.5,failed,online,2025-10-10,NO
718,40156,149827,1817.02,completed,online,2025-10-10,NO
1,710,149877,1664.5,failed,online,2025-10-10,NO
2762,25115,966,824.53,failed,online,2025-03-20,NO
3162,24172,1518,1347.74,failed,online,2025-03-20,NO
4337,31201,3655,1563.45,completed,online,2025-03-20,NO
26,5419,4204,1995.8,completed,online,2025-03-20,NO
1418,29904,4852,788.31,failed,online,2025-03-20,NO
4517,10635,11606,1973.3,completed,online,2025-03-20,NO
1375,42470,11640,398.69,completed,online,2025-03-20,NO
1,22045,13737,1529.34,completed,online,2025-03-20,NO
1,3516,15196,1628.69,failed,online,2025-03-20,NO
3536,20710,15327,819.83,failed,online,2025-03-20,NO
6,8773,16856,708.55,failed,online,2025-03-20,NO
3365,1497,19759,1058.22,failed,online,2025-03-20,NO
1,42559,19853,1446.1,failed,online,2025-03-20,NO
1,13366,20844,1938.1,failed,online,2025-03-20,NO
1,21247,20852,1525.69,failed,online,2025-03-20,NO
3655,11586,21181,593.79,failed,online,2025-03-20,NO
1506,12093,24758,985.8,completed,online,2025-03-20,NO
727,21203,26196,716.03,failed,online,2025-03-20,NO
2930,9169,26698,1768.87,completed,online,2025-03-20,NO
379,37843,27522,107.35,failed,online,2025-03-20,NO
624,37597,28532,804.25,completed,online,2025-03-20,NO
3758,29360,29440,501.95,completed,online,2025-03-20,NO
2967,14164,31677,304.39,completed,online,2025-03-20,NO
4352,20799,32745,905.81,failed,online,2025-03-20,NO
1774,49540,33946,1025.67,completed,online,2025-03-20,NO
3669,8254,35608,5804.619050511443,failed,online,2025-03-20,NO
97,19938,38570,972.67,completed,online,2025-03-20,NO
2833,13441,40443,1876.21,failed,online,2025-03-20,NO
4735,25544,41748,1117.37,completed,online,2025-03-20,NO
881,5475,42213,1979.37,completed,online,2025-03-20,NO
2409,752,44007,1752.1,failed,online,2025-03-20,NO
4199,35746,47865,1902.61,failed,online,2025-03-20,NO
2886,21226,53864,923.03,completed,online,2025-03-20,NO
2358,11554,54470,398.18,completed,online,2025-03-20,NO
1,41853,62087,1951.1,failed,online,2025-03-20,NO
3408,36843,63126,1051.63,failed,online,2025-03-20,NO
1,33389,66520,569.68,failed,online,2025-03-20,NO
2083,7534,70068,635.37,failed,online,2025-03-20,NO
1428,36942,72021,910.83,failed,online,2025-03-20,NO
814,6542,77148,865.06,completed,online,2025-03-20,NO
1,7653,79463,137.4,failed,online,2025-03-20,NO
1578,15923,83292,1758.77,failed,online,2025-03-20,NO
2984,12996,85395,473.96,completed,online,2025-03-20,NO
4433,23368,87507,399.95,failed,online,2025-03-20,NO
1,12025,89359,696.06,completed,online,2025-03-20,NO
1206,40112,90949,124.89,completed,online,2025-03-20,NO
4914,42758,93928,1021.19,completed,online,2025-03-20,NO
4380,8627,95253,1895.4,completed,online,2025-03-20,NO
1,24606,96582,1959.4,failed,online,2025-03-20,NO
87,13998,97490,296.18,completed,online,2025-03-20,NO
1,25493,98786,650.58,completed,online,2025-03-20,NO
2172,45024,102088,1492.53,failed,online,2025-03-20,NO
2105,23015,103082,1453.72,failed,UNKNOWN,2025-03-20,NO
1,45594,105188,28.31,failed,online,2025-03-20,NO
2789,48778,107354,434.74,completed,online,2025-03-20,NO
2715,30539,110783,898.89,failed,online,2025-03-20,NO
3032,16972,112173,1339.44,completed,online,2025-03-20,NO
3978,30361,113339,571.82,completed,online,2025-03-20,NO
4826,15931,114258,1459.05,completed,online,2025-03-20,NO
696,13334,115868,1726.39,failed,online,2025-03-20,NO
4204,4944,116899,1487.74,completed,online,2025-03-20,NO
4465,17488,121198,1825.57,completed,online,2025-03-20,NO
1378,23649,121676,875.25,failed,online,2025-03-20,NO
1780,33329,123066,177.22,completed,online,2025-03-20,NO
3418,41910,123426,1438.67,completed,online,2025-03-20,NO
4371,35057,126119,1322.97,completed,online,2025-03-20,NO
2323,40041,127693,624.99,completed,online,2025-03-20,NO
3082,1900,133896,1410.87,failed,online,2025-03-20,NO
1,26670,134187,90.58,failed,online,2025-03-20,NO
3928,21247,135604,398.65,failed,online,2025-03-20,NO
1,49550,138674,820.93,completed,online,2025-03-20,NO
1418,16161,140348,1973.49,failed,online,2025-03-20,NO
3263,8313,142206,129.63,failed,online,2025-03-20,NO
870,34275,143565,1320.25,failed,online,2025-03-20,NO
1395,48249,143695,631.71,failed,online,2025-03-20,NO
4226,10010,114,91.0,completed,online,2025-10-04,NO
1,9499,12661,1452.79,failed,online,2025-10-04,NO
2918,20774,12745,579.8,failed,online,2025-10-04,NO
3046,36394,15861,1009.53,failed,online,2025-10-04,NO
982,318,16441,753.58,completed,online,2025-10-04,NO
4455,722,16674,1541.47,completed,online,2025-10-04,NO
3746,47118,23566,1148.65,failed,online,2025-10-04,NO
4966,21739,32316,239.6,completed,online,2025-10-04,NO
3484,14904,32961,1115.95,failed,online,2025-10-04,NO
3297,40413,34660,1311.46,completed,online,2025-10-04,NO
314,35565,36816,208.76,failed,online,2025-10-04,NO
1681,31597,37450,483.82,failed,online,2025-10-04,NO
1,14799,39688,55.63,completed,online,2025-10-04,NO
2383,44164,40661,363.37,failed,online,2025-10-04,NO
2552,25610,43814,387.39,completed,online,2025-10-04,NO
1,43409,47045,844.97,failed,online,2025-10-04,NO
1,46974,49516,1099.47,completed,online,2025-10-04,NO
3549,35502,50146,211.47,failed,online,2025-10-04,NO
2486,28484,50241,1994.27,failed,online,2025-10-04,NO
1,14319,51149,1688.29,failed,online,2025-10-04,NO
4900,13143,51666,585.63,completed,online,2025-10-04,NO
1,19252,54200,1095.63,completed,online,2025-10-04,NO
4709,4974,54706,519.91,failed,online,2025-10-04,NO
2264,24846,55570,1923.35,completed,online,2025-10-04,NO
1050,27222,59543,895.21,failed,online,2025-10-04,NO
3475,6955,59619,836.41,completed,online,2025-10-04,NO
216,22817,60521,589.72,completed,online,2025-10-04,NO
1,43753,60801,877.62,completed,online,2025-10-04,NO
1435,35198,61887,311.09,failed,online,2025-10-04,NO
3451,35811,63373,677.0,failed,online,2025-10-04,NO
2107,45269,67360,1160.6,completed,online,2025-10-04,NO
1223,32268,68914,1470.7,completed,online,2025-10-04,NO
1,30189,69052,1197.73,completed,online,2025-10-04,NO
298,38009,71159,1379.23,failed,online,2025-10-04,NO
3257,29614,72722,544.71,failed,online,2025-10-04,NO
1,7,74120,610.96,failed,online,2025-10-04,NO
1644,40629,74515,866.51,failed,online,2025-10-04,NO
1,40998,75709,604.09,failed,online,2025-10-04,NO
875,41952,76168,1284.43,failed,online,2025-10-04,NO
864,30349,76975,244.94,failed,online,2025-10-04,NO
110,28293,83202,118.69,failed,online,2025-10-04,NO
3612,41434,87590,187.31,completed,online,2025-10-04,NO
2682,17697,88052,47.55,failed,online,2025-10-04,NO
1,19331,89424,8427.839833281629,failed,online,2025-10-04,NO
3649,20098,90020,1996.12,completed,online,2025-10-04,NO
3091,26985,90944,520.25,completed,online,2025-10-04,NO
261,31247,91386,473.01,failed,online,2025-10-04,NO
1,48471,93222,451.72,completed,online,2025-10-04,NO
1382,40699,93644,598.33,completed,online,2025-10-04,NO
1,33993,95785,629.21,failed,online,2025-10-04,NO
3494,35934,96257,1971.02,failed,online,2025-10-04,NO
1092,40207,98700,1392.59,completed,online,2025-10-04,NO
2852,31451,104445,152.06,completed,online,2025-10-04,NO
3163,27888,104842,1546.78,failed,online,2025-10-04,NO
3969,47316,106232,1034.16,failed,online,2025-10-04,NO
1,9823,107739,334.8,completed,online,2025-10-04,NO
1461,15545,108815,809.91,completed,online,2025-10-04,NO
640,2990,110832,1250.21,failed,online,2025-10-04,NO
2410,22471,113179,869.84,completed,online,2025-10-04,NO
1,30422,118577,1289.41,failed,online,2025-10-04,NO
1,37911,119194,1267.89,failed,online,2025-10-04,NO
116,39922,123627,1346.47,failed,online,2025-10-04,NO
1104,29890,127271,1475.57,completed,online,2025-10-04,NO
640,31963,130746,586.04,completed,online,2025-10-04,NO
2047,5489,133763,1830.63,failed,online,2025-10-04,NO
4860,3758,135269,173.63,failed,online,2025-10-04,NO
4494,28779,135734,332.5,completed,online,2025-10-04,NO
2737,18330,135873,341.28,failed,online,2025-10-04,NO
3377,10953,137825,724.94,completed,online,2025-10-04,NO
2257,24875,140961,1071.25,completed,online,2025-10-04,NO
1455,7279,143022,975.23,failed,online,2025-10-04,NO
1310,47217,143888,1754.74,completed,online,2025-10-04,NO
868,29384,145560,1001.01,failed,online,2025-10-04,NO
4124,6139,147864,1507.62,failed,online,2025-10-04,NO
4421,19765,149182,5202.92075293768,failed,online,2025-10-04,NO
1336,9060,3690,669.1,failed,online,2025-06-04,NO
2615,3686,7651,65.54,failed,online,2025-06-04,NO
228,25434,8226,328.23,failed,online,2025-06-04,NO
1,6600,12651,1710.62,failed,online,2025-06-04,NO
3982,12296,14264,815.88,failed,online,2025-06-04,NO
229,43199,15632,1541.42,completed,online,2025-06-04,NO
456,47294,18571,990.98,completed,online,2025-06-04,NO
3456,8007,18839,980.91,failed,online,2025-06-04,NO
1511,28715,20101,956.42,completed,online,2025-06-04,NO
3006,31018,25422,345.44,failed,online,2025-06-04,NO
2382,6235,25719,46.5,failed,online,2025-06-04,NO
1006,32591,28556,1865.81,completed,online,2025-06-04,NO
4344,39392,34807,919.58,failed,online,2025-06-04,NO
3628,38246,36040,1218.07,failed,online,2025-06-04,NO
732,25296,39119,850.1,completed,online,2025-06-04,NO
2455,42066,39999,1755.84,failed,online,2025-06-04,NO
2528,24165,43695,1019.73,failed,online,2025-06-04,NO
4792,13718,43998,610.57,completed,online,2025-06-04,NO
1,42017,44656,1902.61,failed,online,2025-06-04,NO
1,23109,45042,1481.32,failed,online,2025-06-04,NO
1,39570,46410,718.98,completed,online,2025-06-04,NO
1071,203,47896,1890.75,completed,online,2025-06-04,NO
1747,36287,48703,1432.91,failed,online,2025-06-04,NO
1999,21133,60307,998.82,completed,online,2025-06-04,NO
4853,23666,63619,26.27,completed,online,2025-06-04,NO
1,2190,64162,1899.47,failed,online,2025-06-04,NO
3011,14066,68388,1284.09,failed,online,2025-06-04,NO
1609,19792,68716,91.93,completed,online,2025-06-04,NO
4406,35086,70545,407.85,completed,online,2025-06-04,NO
1352,2722,71268,1660.86,completed,online,2025-06-04,NO
2833,48201,71916,307.74,completed,online,2025-06-04,NO
94,35366,73753,900.41,completed,online,2025-06-04,NO
1776,4709,74050,81.39,failed,online,2025-06-04,NO
1,10491,78333,730.47,completed,online,2025-06-04,NO
2376,39711,78715,1607.66,failed,online,2025-06-04,NO
1,37531,79126,539.59,completed,online,2025-06-04,NO
3965,11450,79475,791.36,failed,online,2025-06-04,NO
1941,9560,79555,694.3,completed,online,2025-06-04,NO
3020,26781,81116,316.71,completed,online,2025-06-04,NO
4100,7524,82930,1351.07,failed,online,2025-06-04,NO
1,48041,83151,1321.38,completed,online,2025-06-04,NO
4695,38272,83857,292.96,completed,online,2025-06-04,NO
4737,34305,84186,1497.86,completed,online,2025-06-04,NO
3251,31384,84241,1806.77,completed,online,2025-06-04,NO
1,5437,85650,806.64,failed,online,2025-06-04,NO
1950,15059,87719,566.71,completed,online,2025-06-04,NO
3708,33154,88924,1268.85,completed,online,2025-06-04,NO
1,49473,89284,622.77,failed,online,2025-06-04,NO
3770,4499,94748,1634.94,failed,online,2025-06-04,NO
4503,44187,98506,70.67,completed,online,2025-06-04,NO
1,49878,102168,281.4,completed,online,2025-06-04,NO
3152,29369,102479,575.7,failed,online,2025-06-04,NO
1087,29354,104815,565.88,failed,online,2025-06-04,NO
4852,39191,105705,1497.37,completed,online,2025-06-04,NO
4040,30056,111028,890.87,completed,online,2025-06-04,NO
3599,17939,111404,1177.82,failed,online,2025-06-04,NO
4108,10024,112786,664.86,failed,online,2025-06-04,NO
1,40460,115126,1625.19,completed,online,2025-06-04,NO
1031,45768,117607,399.83,completed,online,2025-06-04,NO
4905,15466,117929,899.23,completed,online,2025-06-04,NO
4480,20845,119847,1842.44,failed,online,2025-06-04,NO
223,10091,123316,201.37,completed,online,2025-06-04,NO
4756,2381,127354,254.94,failed,online,2025-06-04,NO
3866,4875,127505,1880.0,failed,online,2025-06-04,NO
2750,30349,128797,1461.58,completed,online,2025-06-04,NO
2594,28989,132647,963.35,failed,online,2025-06-04,NO
1,47012,132687,1906.77,failed,online,2025-06-04,NO
2455,11168,136069,857.17,failed,online,2025-06-04,NO
4912,14971,136276,1718.39,failed,online,2025-06-04,NO
3178,38258,138215,547.59,completed,online,2025-06-04,NO
303,33203,139185,1501.47,failed,online,2025-06-04,NO
2048,14344,139882,1394.13,completed,online,2025-06-04,NO
1,19275,141221,1622.63,failed,online,2025-06-04,NO
1,27851,145805,1228.61,failed,online,2025-06-04,NO
631,46788,149718,1555.25,completed,online,2025-06-04,NO
4276,24782,142,1763.2,failed,online,2025-12-19,NO
1,16704,297,1183.89,failed,online,2025-12-19,NO
1,7351,470,914.62,completed,online,2025-12-19,NO
4007,37965,1029,339.77,failed,online,2025-12-19,NO
3424,2528,6230,1599.29,failed,online,2025-12-19,NO
785,12232,11328,545.22,completed,online,2025-12-19,NO
1,25083,12332,1763.79,failed,online,2025-12-19,NO
2893,3957,12867,1250.9,completed,online,2025-12-19,NO
3843,9884,13249,1481.85,completed,online,2025-12-19,NO
175,18118,16142,693.36,failed,online,2025-12-19,NO
1,28983,16311,1809.35,completed,online,2025-12-19,NO
4690,25945,18583,41.76,completed,online,2025-12-19,NO
1,7913,18747,1967.56,completed,online,2025-12-19,NO
3519,5727,22582,1848.35,completed,online,2025-12-19,NO
2752,26494,24639,398.58,completed,online,2025-12-19,NO
538,46479,25708,1266.05,failed,online,2025-12-19,NO
4408,45571,27948,1547.62,completed,online,2025-12-19,NO
911,34739,29917,862.8,failed,online,2025-12-19,NO
348,23108,30050,1006.9,completed,online,2025-12-19,NO
4767,42652,32008,1104.12,failed,online,2025-12-19,NO
1352,22599,34640,1856.14,completed,online,2025-12-19,NO
4911,25609,36042,1870.84,failed,online,2025-12-19,NO
3276,46407,36283,1562.3,completed,online,2025-12-19,NO
2998,43415,38759,1919.06,failed,online,2025-12-19,NO
175,38621,38912,164.83,completed,online,2025-12-19,NO
1,15279,39912,1182.01,failed,online,2025-12-19,NO
198,29432,44038,82.84,completed,online,2025-12-19,NO
2583,24040,47349,204.67,failed,online,2025-12-19,NO
4711,14902,49577,101.2,completed,online,2025-12-19,NO
4566,34451,52830,576.39,failed,online,2025-12-19,NO
2544,11287,52996,1937.68,completed,online,2025-12-19,NO
1,25240,54082,1165.85,completed,online,2025-12-19,NO
4366,42075,55945,1632.19,completed,online,2025-12-19,NO
1,27954,58085,1276.5,failed,online,2025-12-19,NO
4132,39829,61117,1780.29,failed,online,2025-12-19,NO
1,20235,63869,1858.81,failed,online,2025-12-19,NO
2427,17295,65035,1934.96,completed,online,2025-12-19,NO
1,12516,65634,523.37,completed,online,2025-12-19,NO
3059,25860,66266,254.54,completed,online,2025-12-19,NO
1937,45055,74464,696.84,failed,online,2025-12-19,NO
1,29458,74653,380.53,failed,online,2025-12-19,NO
3401,6565,80532,1301.4,failed,online,2025-12-19,NO
1,12378,82004,1100.62,failed,online,2025-12-19,NO
705,33539,83415,213.78,completed,online,2025-12-19,NO
1,32984,83865,440.79,completed,online,2025-12-19,NO
808,1647,84170,1026.71,failed,online,2025-12-19,NO
1,41887,85875,1923.34,completed,online,2025-12-19,NO
3357,26596,88475,1768.76,failed,online,2025-12-19,NO
4138,35096,88499,1714.2,completed,online,2025-12-19,NO
3225,9010,90207,1124.95,completed,online,2025-12-19,NO
4862,33229,91777,1825.34,completed,online,2025-12-19,NO
1,19691,92283,1815.19,failed,online,2025-12-19,NO
1,26280,94365,1920.56,completed,online,2025-12-19,NO
4654,25611,94997,1173.77,failed,online,2025-12-19,NO
4244,37774,95362,455.26,completed,online,2025-12-19,NO
2120,10883,95617,1618.43,completed,online,2025-12-19,NO
275,21938,97619,571.41,failed,online,2025-12-19,NO
1,9124,99297,1006.01,failed,online,2025-12-19,NO
4269,27651,103990,1424.81,completed,online,2025-12-19,NO
4032,37500,106250,924.31,failed,online,2025-12-19,NO
4849,40161,108484,345.99,completed,online,2025-12-19,NO
3494,42769,109028,388.62,completed,online,2025-12-19,NO
1,23621,111994,995.09,completed,online,2025-12-19,NO
921,21823,112456,1703.74,failed,online,2025-12-19,NO
716,7524,112578,144.06,completed,online,2025-12-19,NO
1,38700,116921,815.65,failed,online,2025-12-19,NO
887,49554,121583,282.01,failed,online,2025-12-19,NO
4245,4963,132480,1930.27,completed,online,2025-12-19,NO
1,1308,133592,369.3,completed,online,2025-12-19,NO
1584,42042,140762,1523.34,failed,online,2025-12-19,NO
4374,46196,142623,7948.485571681969,failed,online,2025-12-19,NO
152,26079,143639,22.26,completed,online,2025-12-19,NO
4620,34994,145458,312.59,failed,online,2025-12-19,NO
2706,23801,147284,1886.3,completed,online,2025-12-19,NO
4286,27638,149647,657.41,failed,online,2025-12-19,NO
1,24758,1904,112.01,completed,online,2025-09-29,NO
2646,9242,5621,599.37,completed,online,2025-09-29,NO
534,25573,6452,1095.86,failed,online,2025-09-29,NO
666,22543,7616,1580.1,failed,UNKNOWN,2025-09-29,NO
3960,5605,12654,1006.83,completed,online,2025-09-29,NO
1332,45993,13469,1357.67,failed,online,2025-09-29,NO
3074,3650,15169,685.32,completed,online,2025-09-29,NO
4812,2903,17781,324.79,failed,online,2025-09-29,NO
2193,5158,19060,1763.34,completed,online,2025-09-29,NO
1462,15237,24754,34.22,failed,online,2025-09-29,NO
3057,27996,31056,628.08,completed,online,2025-09-29,NO
3747,45651,31229,266.26,completed,online,2025-09-29,NO
1,15862,33187,1411.26,failed,online,2025-09-29,NO
4980,27147,34185,345.18,failed,online,2025-09-29,NO
4517,10801,35911,757.66,completed,online,2025-09-29,NO
1,11698,36615,619.78,completed,online,2025-09-29,NO
1179,31265,40755,733.72,completed,online,2025-09-29,NO
3681,13549,43346,666.16,completed,online,2025-09-29,NO
2889,4726,45982,748.33,completed,online,2025-09-29,NO
1429,31634,46962,123.47,completed,online,2025-09-29,NO
2723,32632,47800,1878.29,completed,online,2025-09-29,NO
3323,4023,51381,647.77,failed,online,2025-09-29,NO
4429,45249,52530,1718.41,completed,online,2025-09-29,NO
1,44186,53358,991.17,completed,online,2025-09-29,NO
1766,33969,55350,1694.94,failed,online,2025-09-29,NO
1,1332,56260,1667.32,completed,online,2025-09-29,NO
3079,21478,58499,530.78,completed,online,2025-09-29,NO
1096,381,59956,1538.04,failed,online,2025-09-29,NO
3181,18468,60659,1455.49,failed,online,2025-09-29,NO
2296,34204,63250,1994.09,completed,online,2025-09-29,NO
4732,32446,63620,619.76,failed,online,2025-09-29,NO
2494,22525,65379,763.25,failed,online,2025-09-29,NO
4032,48373,69045,284.22,completed,online,2025-09-29,NO
3304,37997,72355,1835.25,completed,online,2025-09-29,NO
2837,14632,78353,434.36,failed,online,2025-09-29,NO
375,16575,78413,304.52,failed,online,2025-09-29,NO
1639,43798,84216,1135.45,completed,UNKNOWN,2025-09-29,NO
2503,27969,87114,421.51,failed,online,2025-09-29,NO
4210,26399,87465,1060.25,completed,online,2025-09-29,NO
1012,12425,88020,910.53,completed,online,2025-09-29,NO
3638,6728,93297,993.35,failed,online,2025-09-29,NO
1,27414,96959,1842.95,completed,online,2025-09-29,NO
4916,361,98354,79.69,failed,online,2025-09-29,NO
3054,12714,100915,1715.91,failed,online,2025-09-29,NO
2263,14539,100928,253.99,completed,online,2025-09-29,NO
1,34750,101346,1492.23,failed,online,2025-09-29,NO
4155,6572,102481,232.83,completed,online,2025-09-29,NO
428,41788,104082,323.98,completed,online,2025-09-29,NO
4381,29446,107062,1740.63,failed,online,2025-09-29,NO
462,23228,107276,1571.47,completed,online,2025-09-29,NO
1,20598,109731,1598.72,failed,online,2025-09-29,NO
2021,12738,110995,1850.3,completed,online,2025-09-29,NO
2542,11512,112025,1042.39,completed,online,2025-09-29,NO
2888,1437,113560,663.42,failed,online,2025-09-29,NO
4207,8803,118754,13.44,completed,online,2025-09-29,NO
3787,36032,119829,292.98,completed,online,2025-09-29,NO
3669,30094,119927,848.04,completed,online,2025-09-29,NO
343,16761,120088,1756.31,completed,online,2025-09-29,NO
1,40268,120429,1896.03,failed,UNKNOWN,2025-09-29,NO
1,6530,121240,807.93,failed,online,2025-09-29,NO
4279,43954,124114,69.26,failed,online,2025-09-29,NO
1,34226,124936,1139.12,completed,online,2025-09-29,NO
4819,36212,127831,864.65,failed,online,2025-09-29,NO
1,31024,128580,1257.68,completed,online,2025-09-29,NO
3412,43289,131887,917.2,completed,online,2025-09-29,NO
1,37397,132823,1223.45,failed,online,2025-09-29,NO
3189,11563,133820,1887.71,failed,UNKNOWN,2025-09-29,NO
2792,24484,134691,435.06,completed,online,2025-09-29,NO
4904,10825,135789,1010.83,completed,online,2025-09-29,NO
4879,27886,136821,1395.73,completed,online,2025-09-29,NO
2774,39656,143646,448.55,completed,online,2025-09-29,NO
1408,28454,144385,993.95,failed,online,2025-09-29,NO
4841,2600,149073,212.06,completed,online,2025-09-29,NO
202,21197,149618,757.96,failed,online,2025-09-29,NO
1011,2138,2276,1075.99,completed,online,2025-01-04,NO
495,16890,2897,231.69,failed,online,2025-01-04,NO
1626,16169,4346,37.88,completed,online,2025-01-04,NO
905,39980,7113,946.64,completed,online,2025-01-04,NO
350,17775,8582,1184.89,completed,online,2025-01-04,NO
4870,25114,9694,1439.4,completed,online,2025-01-04,NO
4858,8921,11442,1281.9,failed,online,2025-01-04,NO
3402,36452,12788,1045.09,completed,online,2025-01-04,NO
3555,45516,14593,1291.53,failed,online,2025-01-04,NO
2092,9320,15858,1777.11,failed,online,2025-01-04,NO
2644,12889,15868,479.73,failed,online,2025-01-04,NO
3087,9660,16263,1541.41,completed,online,2025-01-04,NO
152,46387,16941,1276.63,completed,online,2025-01-04,NO
3057,21695,26856,603.1,completed,online,2025-01-04,NO
4422,15826,27697,1263.2,failed,online,2025-01-04,NO
1,23764,28403,75.54,completed,online,2025-01-04,NO
1270,3666,35101,676.34,failed,online,2025-01-04,NO
1,23743,39002,1603.73,completed,online,2025-01-04,NO
1,10247,41099,1092.59,failed,online,2025-01-04,NO
1,18035,42055,1618.51,completed,online,2025-01-04,NO
4333,32172,42168,682.82,failed,online,2025-01-04,NO
1,20684,43253,1245.71,failed,UNKNOWN,2025-01-04,NO
3997,37961,43539,1361.61,completed,online,2025-01-04,NO
1378,48972,44096,377.94,completed,online,2025-01-04,NO
727,38349,45228,683.47,completed,online,2025-01-04,NO
1,43824,51385,1193.72,failed,online,2025-01-04,NO
1,5714,55449,788.64,completed,online,2025-01-04,NO
3882,7560,56611,1943.07,failed,online,2025-01-04,NO
3559,15217,56967,245.93,failed,online,2025-01-04,NO
2485,24099,58280,1891.79,completed,online,2025-01-04,NO
2921,9701,60125,1541.31,failed,online,2025-01-04,NO
2581,2546,62353,1643.01,failed,online,2025-01-04,NO
3990,8603,63554,1149.56,completed,online,2025-01-04,NO
4611,14781,64143,1767.15,completed,online,2025-01-04,NO
1,20275,66853,782.63,completed,online,2025-01-04,NO
689,5577,71918,1811.16,completed,online,2025-01-04,NO
2215,43241,78789,381.24,failed,online,2025-01-04,NO
1032,48365,81113,192.3,failed,online,2025-01-04,NO
3894,20896,82263,1477.65,failed,online,2025-01-04,NO
2844,38266,82464,726.56,failed,online,2025-01-04,NO
1,47519,82507,137.6,completed,online,2025-01-04,NO
2718,13550,84678,1051.7,failed,online,2025-01-04,NO
1,18582,84792,351.39,completed,online,2025-01-04,NO
2722,7482,85800,1377.38,failed,online,2025-01-04,NO
4512,18851,86697,1362.77,failed,online,2025-01-04,NO
4046,22571,89694,451.19,completed,online,2025-01-04,NO
3703,18193,91827,1911.73,completed,online,2025-01-04,NO
4551,21340,93961,1296.57,completed,online,2025-01-04,NO
3576,44874,96985,1199.64,completed,online,2025-01-04,NO
1,13911,103628,1674.36,failed,online,2025-01-04,NO
4320,18590,104320,808.65,failed,online,2025-01-04,NO
99,34204,105456,1664.73,failed,online,2025-01-04,NO
3761,10662,106823,1946.08,failed,online,2025-01-04,NO
1,23534,112937,1559.29,completed,online,2025-01-04,NO
918,44488,115004,1935.14,failed,online,2025-01-04,NO
1,18324,117845,1265.51,completed,online,2025-01-04,NO
3116,47412,117970,272.93,failed,online,2025-01-04,NO
3868,30095,119417,521.5,failed,online,2025-01-04,NO
1,21204,120145,1607.89,completed,online,2025-01-04,NO
2940,13825,120500,758.06,failed,online,2025-01-04,NO
1,42294,122580,1422.2,failed,online,2025-01-04,NO
1194,31688,123717,1643.26,failed,online,2025-01-04,NO
629,48314,125008,107.07,completed,online,2025-01-04,NO
1197,38723,125034,1710.79,completed,online,2025-01-04,NO
1516,8697,125159,1775.49,failed,online,2025-01-04,NO
491,41447,128794,1876.46,completed,online,2025-01-04,NO
1,10201,131963,1220.39,completed,online,2025-01-04,NO
1,32394,133528,566.53,failed,online,2025-01-04,NO
4668,6724,135043,729.64,failed,online,2025-01-04,NO
3628,42109,135484,435.44,failed,online,2025-01-04,NO
1154,1592,136885,808.27,failed,online,2025-01-04,NO
4290,16378,137040,1611.0,failed,online,2025-01-04,NO
2951,23456,138295,805.61,completed,online,2025-01-04,NO
648,7922,143502,398.6,completed,online,2025-01-04,NO
4851,24327,145940,992.93,failed,online,2025-01-04,NO
1,34210,4149,423.77,completed,online,2025-11-30,NO
2954,15693,5997,143.82,failed,online,2025-11-30,NO
1,47887,7513,1957.73,failed,online,2025-11-30,NO
392,11,11068,1019.46,completed,online,2025-11-30,NO
145,991,11202,1066.62,failed,online,2025-11-30,NO
4728,48182,11985,1889.71,completed,online,2025-11-30,NO
1,40607,12512,611.57,failed,online,2025-11-30,NO
268,11561,14072,1996.43,completed,online,2025-11-30,NO
1,40142,14996,88.78,failed,online,2025-11-30,NO
2368,21401,15118,1719.68,completed,online,2025-11-30,NO
1092,13787,18379,121.25,failed,UNKNOWN,2025-11-30,NO
1582,12561,19487,425.22,failed,online,2025-11-30,NO
1419,3050,20962,811.69,failed,online,2025-11-30,NO
3381,25343,27553,1392.65,failed,online,2025-11-30,NO
3569,48458,27868,874.34,failed,online,2025-11-30,NO
4068,16646,28367,548.11,failed,online,2025-11-30,NO
1,4880,29033,1827.66,failed,online,2025-11-30,NO
2031,23200,35993,542.49,completed,online,2025-11-30,NO
907,9999,36368,228.85,failed,online,2025-11-30,NO
97,24688,39120,222.45,failed,online,2025-11-30,NO
2864,35385,39442,780.98,failed,online,2025-11-30,NO
1,41778,43848,1866.97,failed,online,2025-11-30,NO
1,42011,45002,798.62,failed,online,2025-11-30,NO
763,7511,45561,1761.11,failed,online,2025-11-30,NO
3259,15962,47000,741.18,failed,online,2025-11-30,NO
1402,48094,47053,93.23,failed,online,2025-11-30,NO
4419,5981,48276,1387.05,completed,online,2025-11-30,NO
3302,40373,48943,454.73,failed,online,2025-11-30,NO
4732,32262,49552,1538.07,completed,online,2025-11-30,NO
4102,16626,50025,888.15,completed,online,2025-11-30,NO
1,22014,57777,1439.45,failed,online,2025-11-30,NO
1,27113,58299,203.95,completed,online,2025-11-30,NO
1,15358,59227,598.06,failed,online,2025-11-30,NO
1,25892,62425,264.32,completed,online,2025-11-30,NO
3479,42403,62558,1231.63,completed,online,2025-11-30,NO
3605,43024,62585,1868.3,failed,online,2025-11-30,NO
1,19669,62978,627.85,completed,online,2025-11-30,NO
1,23541,66504,237.44,failed,online,2025-11-30,NO
1482,17897,74767,1217.03,failed,online,2025-11-30,NO
1,25541,79570,1204.75,failed,online,2025-11-30,NO
2562,33024,82700,662.56,completed,online,2025-11-30,NO
2978,20935,82988,1553.73,failed,online,2025-11-30,NO
1,36082,84985,535.23,completed,online,2025-11-30,NO
4874,38085,85684,354.41,failed,online,2025-11-30,NO
1,42569,87269,879.64,completed,online,2025-11-30,NO
4297,8973,89248,598.56,completed,online,2025-11-30,NO
2405,48242,89947,237.6,failed,online,2025-11-30,NO
3835,49245,90694,956.2,completed,online,2025-11-30,NO
1045,29738,92154,1429.17,completed,online,2025-11-30,NO
1,39690,93597,421.02,failed,online,2025-11-30,NO
1,5794,93712,829.48,failed,online,2025-11-30,NO
1,6823,94253,1862.79,completed,online,2025-11-30,NO
128,18931,95003,1771.15,failed,online,2025-11-30,NO
2524,2300,102252,1938.53,completed,online,2025-11-30,NO
1,19523,103437,1071.91,failed,online,2025-11-30,NO
2258,13201,104340,1393.14,completed,online,2025-11-30,NO
2098,27917,108327,310.26,failed,online,2025-11-30,NO
4411,27134,113310,1474.74,failed,online,2025-11-30,NO
3075,48553,113903,32.0,completed,online,2025-11-30,NO
2639,4750,114319,1819.87,completed,online,2025-11-30,NO
3854,22863,114507,901.2,completed,online,2025-11-30,NO
2422,48303,117989,1581.62,failed,online,2025-11-30,NO
574,25065,122364,244.67,completed,online,2025-11-30,NO
3489,15663,125142,1535.18,failed,online,2025-11-30,NO
3291,6600,127055,631.22,completed,online,2025-11-30,NO
3323,265,127173,1907.65,failed,online,2025-11-30,NO
428,20644,127328,1334.78,completed,online,2025-11-30,NO
1,31255,129669,373.98,failed,online,2025-11-30,NO
589,25114,132191,1602.79,failed,online,2025-11-30,NO
1882,49984,138194,742.24,failed,online,2025-11-30,NO
3728,29462,138464,742.75,completed,online,2025-11-30,NO
545,26637,140853,302.36,failed,online,2025-11-30,NO
2600,46087,140880,817.21,failed,online,2025-11-30,NO
1,36031,141990,1107.02,failed,online,2025-11-30,NO
3042,10695,144195,550.95,completed,online,2025-11-30,NO
1039,30315,144606,871.48,completed,online,2025-11-30,NO
1068,2016,4059,9522.559741918136,completed,online,2025-11-12,NO
1488,12843,4075,1129.53,failed,online,2025-11-12,NO
4386,18702,4768,683.36,completed,online,2025-11-12,NO
1083,8103,5600,18.48,completed,online,2025-11-12,NO
1,23280,11274,1814.7,completed,online,2025-11-12,NO
722,17313,11667,272.11,completed,online,2025-11-12,NO
461,32852,14107,276.55,failed,online,2025-11-12,NO
1,40569,16329,939.92,failed,online,2025-11-12,NO
2453,5193,17139,1116.46,failed,online,2025-11-12,NO
1,39926,22781,1377.4,failed,online,2025-11-12,NO
1,42705,25221,1581.48,completed,UNKNOWN,2025-11-12,NO
1,456,25267,852.94,failed,online,2025-11-12,NO
2933,47007,25480,1921.37,failed,online,2025-11-12,NO
4238,39947,26044,826.44,failed,online,2025-11-12,NO
1,43078,27958,1523.56,failed,online,2025-11-12,NO
4099,44474,31190,924.37,completed,online,2025-11-12,NO
4171,23479,31431,161.22,failed,online,2025-11-12,NO
1,36837,39267,758.01,failed,online,2025-11-12,NO
3810,32781,44974,456.09,failed,online,2025-11-12,NO
4401,10902,44988,1275.62,completed,online,2025-11-12,NO
217,49243,47488,782.67,failed,online,2025-11-12,NO
3611,19756,50000,1036.41,failed,UNKNOWN,2025-11-12,NO
1,13223,58637,303.14,failed,online,2025-11-12,NO
3079,10816,60197,1060.31,failed,online,2025-11-12,NO
1,25741,61719,1072.31,failed,online,2025-11-12,NO
2094,29258,62754,1952.03,failed,online,2025-11-12,NO
1,7972,69623,1149.69,failed,online,2025-11-12,NO
1,47589,71201,1183.29,failed,online,2025-11-12,NO
734,10571,72649,1246.94,completed,online,2025-11-12,NO
2923,44615,74501,810.34,completed,online,2025-11-12,NO
4446,43729,75350,1800.15,failed,online,2025-11-12,NO
1,34731,76326,627.83,completed,online,2025-11-12,NO
1,6493,77043,966.33,completed,online,2025-11-12,NO
1414,46699,78135,661.64,completed,online,2025-11-12,NO
1184,878,79677,891.44,completed,online,2025-11-12,NO
3573,44397,80596,1546.23,failed,online,2025-11-12,NO
1,29538,80735,1555.91,completed,online,2025-11-12,NO
918,32466,83597,1033.63,completed,online,2025-11-12,NO
730,18720,87679,923.34,failed,online,2025-11-12,NO
2220,12343,90630,513.63,failed,UNKNOWN,2025-11-12,NO
4967,15936,91778,1873.79,failed,online,2025-11-12,NO
1,14830,94644,1758.82,completed,online,2025-11-12,NO
3458,10480,96547,1619.15,failed,online,2025-11-12,NO
1,16482,96751,1011.27,completed,online,2025-11-12,NO
1332,16458,98101,1097.38,completed,online,2025-11-12,NO
4771,39657,102834,316.73,failed,online,2025-11-12,NO
3439,44352,103932,1826.74,failed,online,2025-11-12,NO
1,9635,104199,1728.09,completed,online,2025-11-12,NO
2171,18154,104316,1370.96,completed,online,2025-11-12,NO
4805,20680,105483,6697.67717521437,completed,online,2025-11-12,NO
2334,26398,106911,547.01,failed,online,2025-11-12,NO
4223,13379,108570,851.28,failed,online,2025-11-12,NO
3687,5397,109124,61.14,completed,online,2025-11-12,NO
1,16664,110485,325.56,failed,online,2025-11-12,NO
499,23691,110994,36.55,completed,online,2025-11-12,NO
2980,42210,114275,1139.72,failed,online,2025-11-12,NO
3665,22882,116912,1218.89,completed,online,2025-11-12,NO
1799,5799,117897,969.2,failed,online,2025-11-12,NO
1308,32764,121905,585.94,completed,online,2025-11-12,NO
1,13329,123252,794.81,failed,online,2025-11-12,NO
1,7126,123281,868.4,failed,online,2025-11-12,NO
1237,20688,123631,1935.97,failed,online,2025-11-12,NO
1,19787,126184,978.63,completed,online,2025-11-12,NO
1,9813,128205,1583.23,completed,online,2025-11-12,NO
1,8253,129062,446.2,failed,online,2025-11-12,NO
4040,13160,129478,523.58,completed,online,2025-11-12,NO
771,20266,130782,800.1,completed,online,2025-11-12,NO
3840,42941,131251,1880.78,completed,online,2025-11-12,NO
1697,11812,135139,1624.58,completed,online,2025-11-12,NO
2789,33359,137202,62.75,failed,online,2025-11-12,NO
2410,49483,139775,893.79,failed,online,2025-11-12,NO
2949,25209,146777,1784.76,failed,online,2025-11-12,NO
1,14615,146969,1487.42,failed,online,2025-11-12,NO
4081,28817,148193,975.05,completed,online,2025-11-12,NO
2370,27080,148756,1600.92,failed,online,2025-11-12,NO
806,41526,5801,1055.17,failed,online,2025-10-21,NO
1,25331,8269,1977.18,failed,online,2025-10-21,NO
2214,2389,8821,593.39,completed,online,2025-10-21,NO
3093,47444,14900,1907.13,completed,online,2025-10-21,NO
1892,41428,15081,649.86,completed,online,2025-10-21,NO
3380,15136,15893,1246.01,completed,online,2025-10-21,NO
4327,11543,17638,482.32,completed,online,2025-10-21,NO
2973,36001,20240,1054.36,failed,online,2025-10-21,NO
4555,44699,21089,1309.69,completed,online,2025-10-21,NO
3160,47500,21653,1134.36,failed,online,2025-10-21,NO
3898,36824,23158,1363.42,failed,online,2025-10-21,NO
1,12888,29610,1417.13,completed,online,2025-10-21,NO
4232,14233,30595,250.23,completed,online,2025-10-21,NO
2216,31805,34930,1153.64,completed,online,2025-10-21,NO
1281,17994,35072,518.92,completed,online,2025-10-21,NO
417,45429,35398,1973.21,completed,online,2025-10-21,NO
127,3235,36820,1876.81,completed,online,2025-10-21,NO
196,39400,37234,326.79,failed,online,2025-10-21,NO
2005,10571,38443,1834.25,failed,online,2025-10-21,NO
2140,10862,38685,1294.86,completed,online,2025-10-21,NO
4364,8405,38831,1666.99,failed,online,2025-10-21,NO
3722,36231,40117,310.66,failed,online,2025-10-21,NO
4249,23287,41492,674.77,failed,online,2025-10-21,NO
2778,13247,43627,1561.21,failed,online,2025-10-21,NO
1671,40355,51835,649.38,failed,online,2025-10-21,NO
2309,19627,52204,1675.98,failed,online,2025-10-21,NO
1,40571,55971,824.61,completed,online,2025-10-21,NO
3383,39158,57509,1712.09,completed,online,2025-10-21,NO
662,29379,61087,1836.69,failed,online,2025-10-21,NO
4507,22911,64904,1276.81,failed,online,2025-10-21,NO
1603,24538,65740,1239.67,failed,online,2025-10-21,NO
2993,35453,68934,1089.48,failed,online,2025-10-21,NO
1330,44497,69223,1652.37,completed,online,2025-10-21,NO
1,25394,72003,1992.75,failed,online,2025-10-21,NO
4091,4434,72751,1282.63,failed,online,2025-10-21,NO
1746,23071,73085,1739.54,completed,online,2025-10-21,NO
2862,12362,73758,1425.01,failed,online,2025-10-21,NO
2315,1039,73889,450.91,completed,online,2025-10-21,NO
3744,45247,76905,1722.68,failed,online,2025-10-21,NO
1,16710,77110,461.82,failed,online,2025-10-21,NO
1106,10344,79041,1344.84,completed,online,2025-10-21,NO
2998,20488,80942,429.03,failed,online,2025-10-21,NO
1,10576,85212,354.27,failed,online,2025-10-21,NO
1852,30728,85589,1115.63,completed,online,2025-10-21,NO
833,12108,88340,701.97,failed,online,2025-10-21,NO
4459,47162,88705,835.86,completed,online,2025-10-21,NO
1759,15614,88877,525.29,completed,online,2025-10-21,NO
2918,18412,91974,176.47,completed,online,2025-10-21,NO
481,28292,92586,743.73,completed,online,2025-10-21,NO
1,39775,93139,1290.37,completed,online,2025-10-21,NO
2403,11522,94652,1676.85,completed,online,2025-10-21,NO
4822,19605,94688,1646.58,failed,online,2025-10-21,NO
1,18881,98165,997.08,failed,online,2025-10-21,NO
2340,10967,100510,960.43,completed,online,2025-10-21,NO
1630,13444,101424,369.3,completed,online,2025-10-21,NO
681,36491,103499,616.56,completed,online,2025-10-21,NO
4867,604,108569,539.03,failed,online,2025-10-21,NO
2289,23456,110021,554.76,completed,online,2025-10-21,NO
1,4195,110381,1230.44,failed,online,2025-10-21,NO
1547,17148,110473,826.58,completed,online,2025-10-21,NO
1846,23501,115129,174.75,failed,online,2025-10-21,NO
862,11249,115351,1200.88,completed,online,2025-10-21,NO
1499,25539,118885,1558.82,completed,online,2025-10-21,NO
1,45844,119350,1610.48,failed,online,2025-10-21,NO
3128,32062,124004,284.02,completed,online,2025-10-21,NO
4704,25324,131016,1081.05,failed,online,2025-10-21,NO
3698,27359,131025,879.35,failed,online,2025-10-21,NO
3235,49209,136674,964.17,completed,online,2025-10-21,NO
3044,45854,139437,1698.33,failed,online,2025-10-21,NO
1676,24932,141578,287.4,completed,online,2025-10-21,NO
1,44685,142017,1303.5,completed,online,2025-10-21,NO
4111,44529,142135,1358.78,failed,online,2025-10-21,NO
3463,18885,147532,1530.06,failed,online,2025-10-21,NO
1466,29737,148482,818.95,failed,online,2025-10-21,NO
1,3982,417,1505.81,completed,online,2025-05-11,NO
4012,23287,1721,1156.71,failed,online,2025-05-11,NO
1864,7750,3244,844.82,completed,online,2025-05-11,NO
1,27581,7481,1537.47,failed,online,2025-05-11,NO
3834,30914,11204,754.91,completed,online,2025-05-11,NO
3410,44518,13220,1455.25,failed,online,2025-05-11,NO
2184,19029,13524,230.82,completed,online,2025-05-11,NO
1653,7135,24630,1262.13,completed,online,2025-05-11,NO
4716,18288,27379,207.38,failed,online,2025-05-11,NO
480,14424,31489,465.19,failed,online,2025-05-11,NO
3203,19812,31543,416.45,completed,online,2025-05-11,NO
1636,7450,33126,699.61,completed,online,2025-05-11,NO
4236,5102,40096,43.83,completed,online,2025-05-11,NO
2307,11165,41156,493.64,failed,online,2025-05-11,NO
4696,32707,46696,1772.9,completed,online,2025-05-11,NO
1205,14412,50353,1294.09,failed,online,2025-05-11,NO
330,38242,52871,1674.47,failed,online,2025-05-11,NO
1409,11227,53458,1336.94,completed,online,2025-05-11,NO
4564,46202,54013,1286.59,completed,online,2025-05-11,NO
1,24904,54130,967.96,completed,online,2025-05-11,NO
1,24506,54349,1155.92,failed,online,2025-05-11,NO
808,8904,54660,87.85,completed,online,2025-05-11,NO
1,4958,55226,1532.49,completed,online,2025-05-11,NO
1,3502,56381,198.37,completed,online,2025-05-11,NO
3059,40986,64496,1513.66,failed,online,2025-05-11,NO
240,44356,64714,102.65,failed,online,2025-05-11,NO
3219,4250,66892,484.31,completed,online,2025-05-11,NO
751,9807,68202,1195.78,failed,online,2025-05-11,NO
4235,2802,69957,661.88,failed,online,2025-05-11,NO
353,31458,70850,684.83,completed,online,2025-05-11,NO
4877,3803,73352,215.78,failed,online,2025-05-11,NO
1396,23082,73433,1583.74,completed,online,2025-05-11,NO
892,28099,74239,883.67,completed,online,2025-05-11,NO
3084,39605,76202,1429.57,completed,online,2025-05-11,NO
3429,21974,79910,1283.78,failed,online,2025-05-11,NO
2758,27551,80883,1135.65,failed,online,2025-05-11,NO
1266,16354,84975,1757.72,failed,online,2025-05-11,NO
59,3364,86732,16.57,failed,online,2025-05-11,NO
1,12201,89196,122.49,completed,online,2025-05-11,NO
1,28873,89710,442.53,failed,online,2025-05-11,NO
1,40831,90757,1106.16,completed,online,2025-05-11,NO
1,45552,92185,1537.89,failed,online,2025-05-11,NO
1,23929,92382,1835.9,completed,online,2025-05-11,NO
1,47065,92603,1860.38,failed,online,2025-05-11,NO
260,32624,104830,62.89,completed,online,2025-05-11,NO
2802,44905,108435,1169.7,failed,online,2025-05-11,NO
4962,10550,111692,1214.4,failed,online,2025-05-11,NO
1,786,112875,61.55,failed,online,2025-05-11,NO
2469,27726,116654,604.48,completed,online,2025-05-11,NO
1,39718,116968,1997.41,completed,online,2025-05-11,NO
721,13643,117064,1714.26,completed,online,2025-05-11,NO
3819,26622,117567,413.47,failed,online,2025-05-11,NO
348,4017,119954,1441.29,failed,online,2025-05-11,NO
124,34863,123885,772.66,completed,online,2025-05-11,NO
1,41188,124538,1674.5,failed,online,2025-05-11,NO
1984,2876,125155,369.72,completed,online,2025-05-11,NO
4807,15921,125588,386.45,failed,online,2025-05-11,NO
1615,25379,126154,1854.95,failed,online,2025-05-11,NO
3042,37841,126540,766.28,failed,online,2025-05-11,NO
4950,49946,127594,1510.13,completed,online,2025-05-11,NO
4780,36917,127619,458.89,failed,online,2025-05-11,NO
4377,24464,128940,299.81,failed,online,2025-05-11,NO
4761,23614,131582,1892.73,completed,online,2025-05-11,NO
3672,41153,131721,1477.58,failed,online,2025-05-11,NO
4636,34341,135270,1257.17,completed,online,2025-05-11,NO
3360,34400,136541,1370.96,completed,online,2025-05-11,NO
1435,1392,142203,999.37,completed,online,2025-05-11,NO
932,9481,142796,121.39,completed,online,2025-05-11,NO
1778,44632,142818,1264.25,completed,online,2025-05-11,NO
1,17768,143665,661.4,failed,online,2025-05-11,NO
4079,19506,144573,1674.17,failed,online,2025-05-11,NO
1717,45359,144789,711.96,failed,online,2025-05-11,NO
1,47876,145431,1799.84,completed,online,2025-05-11,NO
1,6629,146582,1208.8,completed,online,2025-05-11,NO
352,40674,146960,206.11,failed,online,2025-05-11,NO
3486,39689,3368,626.28,completed,UNKNOWN,2025-11-13,NO
1,15405,4335,1120.36,completed,online,2025-11-13,NO
671,7836,4362,167.07,failed,online,2025-11-13,NO
65,37596,6458,612.77,completed,online,2025-11-13,NO
1,5554,7636,1107.48,completed,online,2025-11-13,NO
1,16111,13150,797.96,completed,online,2025-11-13,NO
2462,45081,13506,1605.59,completed,online,2025-11-13,NO
1,4671,13974,1625.06,failed,online,2025-11-13,NO
1,10479,14698,1021.49,completed,UNKNOWN,2025-11-13,NO
3673,46868,16598,1823.84,completed,online,2025-11-13,NO
1,14540,16912,1906.99,completed,online,2025-11-13,NO
1,18263,26665,346.29,failed,online,2025-11-13,NO
1351,43399,27321,1868.97,completed,online,2025-11-13,NO
4440,21434,28452,1892.88,failed,online,2025-11-13,NO
3796,19605,29460,848.91,completed,online,2025-11-13,NO
3521,19694,29935,678.7,failed,online,2025-11-13,NO
1,11838,30245,1105.57,completed,online,2025-11-13,NO
4532,33001,32083,1164.64,completed,online,2025-11-13,NO
1,28565,35017,1365.99,failed,online,2025-11-13,NO
2417,19767,35147,1652.46,completed,UNKNOWN,2025-11-13,NO
92,105,36713,1142.95,failed,online,2025-11-13,NO
4047,13399,38765,1003.98,failed,online,2025-11-13,NO
2081,16459,43345,363.27,failed,online,2025-11-13,NO
4801,44319,43877,1403.44,failed,online,2025-11-13,NO
3457,9365,45380,139.37,completed,UNKNOWN,2025-11-13,NO
1,26968,46022,643.85,failed,online,2025-11-13,NO
4782,5129,50102,196.52,failed,online,2025-11-13,NO
569,15030,62018,875.74,completed,online,2025-11-13,NO
1,42022,62689,945.75,completed,online,2025-11-13,NO
1398,4431,63341,1977.8,failed,online,2025-11-13,NO
2158,47332,69070,618.61,failed,online,2025-11-13,NO
3799,8071,69518,300.39,completed,online,2025-11-13,NO
1217,27724,70370,955.47,failed,online,2025-11-13,NO
290,16171,72830,302.35,completed,online,2025-11-13,NO
2884,30066,73467,599.12,completed,online,2025-11-13,NO
1101,13324,78593,1722.21,failed,online,2025-11-13,NO
1,46436,79250,1119.97,completed,online,2025-11-13,NO
4924,20752,81421,580.35,completed,online,2025-11-13,NO
1,28558,84611,1160.44,failed,online,2025-11-13,NO
3414,10650,89042,8808.367567167134,completed,online,2025-11-13,NO
3755,2405,89419,994.91,completed,online,2025-11-13,NO
1,8732,89601,1724.77,failed,online,2025-11-13,NO
4219,19179,89967,1088.83,completed,online,2025-11-13,NO
1,10586,92690,1231.97,completed,online,2025-11-13,NO
4093,33255,92997,1423.42,completed,online,2025-11-13,NO
738,22489,94783,1189.83,completed,online,2025-11-13,NO
2944,2830,98543,1932.9,failed,online,2025-11-13,NO
2801,44330,99680,1512.79,completed,online,2025-11-13,NO
3776,29530,101066,389.5,completed,online,2025-11-13,NO
4352,28802,102821,1587.43,failed,online,2025-11-13,NO
4425,24157,104595,1018.54,completed,online,2025-11-13,NO
1964,47327,105463,1528.68,failed,online,2025-11-13,NO
4688,13982,111290,1191.73,completed,online,2025-11-13,NO
1,35590,111490,622.43,completed,online,2025-11-13,NO
1133,38025,116006,987.44,failed,online,2025-11-13,NO
3731,27919,116011,1877.09,completed,online,2025-11-13,NO
441,49441,117512,467.98,completed,online,2025-11-13,NO
1,17683,118993,1463.37,completed,online,2025-11-13,NO
3177,22469,119124,22.08,failed,online,2025-11-13,NO
1,16142,123270,1416.52,failed,online,2025-11-13,NO
4118,3341,125505,1709.74,completed,online,2025-11-13,NO
663,30297,126083,504.62,completed,online,2025-11-13,NO
3414,45692,126212,1636.75,failed,online,2025-11-13,NO
66,41122,126419,1358.39,failed,online,2025-11-13,NO
2224,17184,131343,333.54,completed,online,2025-11-13,NO
1370,3958,131779,1661.27,failed,online,2025-11-13,NO
4473,7225,133733,732.84,failed,online,2025-11-13,NO
2848,41774,136077,1844.33,completed,online,2025-11-13,NO
1371,43327,141909,589.6,completed,online,2025-11-13,NO
3143,41739,143853,1765.9,completed,online,2025-11-13,NO
2020,11807,144961,1250.05,failed,online,2025-11-13,NO
4187,42322,147043,97.44,completed,online,2025-11-13,NO
4221,11909,147244,1212.63,failed,online,2025-11-13,NO
3259,3229,149198,537.22,failed,online,2025-11-13,NO
1,34877,665,203.15,failed,online,2025-12-09,NO
321,45688,2018,668.91,completed,online,2025-12-09,NO
1,33346,2829,1831.8,failed,online,2025-12-09,NO
4791,30575,3482,642.83,completed,online,2025-12-09,NO
979,31858,4155,268.28,failed,online,2025-12-09,NO
4229,30455,7447,1465.38,failed,online,2025-12-09,NO
4007,7093,11143,1146.83,completed,online,2025-12-09,NO
91,45875,14808,1762.25,completed,online,2025-12-09,NO
1,7344,15105,1664.27,failed,online,2025-12-09,NO
1,25408,15132,271.59,completed,online,2025-12-09,NO
3711,24649,19794,908.15,completed,online,2025-12-09,NO
1,20560,24943,758.71,completed,online,2025-12-09,NO
2005,41590,25464,615.33,failed,online,2025-12-09,NO
346,29762,26547,1574.31,failed,online,2025-12-09,NO
1,13569,28014,1968.11,failed,online,2025-12-09,NO
2186,38782,28793,1548.72,completed,online,2025-12-09,NO
1304,31938,29483,689.64,completed,online,2025-12-09,NO
1366,38299,29862,1204.49,failed,online,2025-12-09,NO
198,33964,31249,1065.24,completed,online,2025-12-09,NO
792,37732,31734,1509.67,completed,online,2025-12-09,NO
3278,10612,33197,451.68,completed,online,2025-12-09,NO
1596,26366,36298,1073.11,failed,online,2025-12-09,NO
4576,38996,37679,1551.57,failed,online,2025-12-09,NO
1807,13193,40185,443.55,failed,online,2025-12-09,NO
4480,11112,43095,1459.39,failed,online,2025-12-09,NO
782,15566,45376,409.58,failed,online,2025-12-09,NO
3100,35047,46481,960.29,completed,online,2025-12-09,NO
1,41717,51852,652.79,failed,online,2025-12-09,NO
4840,25414,56617,624.01,failed,online,2025-12-09,NO
626,22503,57180,1419.94,completed,online,2025-12-09,NO
1,988,64015,652.19,completed,online,2025-12-09,NO
89,111,66297,962.32,completed,online,2025-12-09,NO
2579,16255,66828,1455.0,completed,online,2025-12-09,NO
4850,49502,68209,758.15,failed,online,2025-12-09,NO
223,41120,71192,1096.27,completed,online,2025-12-09,NO
1,47898,73190,317.59,failed,online,2025-12-09,NO
22,49653,78485,9483.153299617705,failed,online,2025-12-09,NO
3663,3334,81754,1301.92,completed,online,2025-12-09,NO
1061,35289,81962,755.2,failed,online,2025-12-09,NO
1203,38153,81971,1273.99,failed,online,2025-12-09,NO
1,24735,82026,1445.65,failed,online,2025-12-09,NO
684,34582,83492,249.59,completed,online,2025-12-09,NO
1,9307,86357,323.84,failed,online,2025-12-09,NO
2468,27719,88358,1879.21,failed,online,2025-12-09,NO
413,427,88479,423.34,completed,online,2025-12-09,NO
1643,18905,89379,1373.18,failed,online,2025-12-09,NO
1715,22853,100050,111.63,completed,online,2025-12-09,NO
4983,26448,106657,1281.41,failed,online,2025-12-09,NO
2806,34159,108703,1815.8,completed,online,2025-12-09,NO
4806,1084,109929,1707.89,completed,UNKNOWN,2025-12-09,NO
2835,1058,110398,1705.26,completed,online,2025-12-09,NO
1,41035,111012,1683.65,failed,online,2025-12-09,NO
3224,34854,111515,201.41,completed,online,2025-12-09,NO
4250,32563,114138,119.29,completed,online,2025-12-09,NO
4681,17831,114242,1178.67,completed,online,2025-12-09,NO
1,14912,114312,1310.93,failed,online,2025-12-09,NO
3260,47420,115348,1069.96,completed,online,2025-12-09,NO
4219,30458,117684,1005.71,failed,online,2025-12-09,NO
3098,26358,118869,33.89,failed,online,2025-12-09,NO
1,35294,118939,5712.35927857308,failed,online,2025-12-09,NO
1946,35294,119879,1099.91,failed,online,2025-12-09,NO
4853,42889,121357,53.92,failed,online,2025-12-09,NO
2255,35510,129632,934.2,failed,online,2025-12-09,NO
1867,4965,132110,1241.58,completed,online,2025-12-09,NO
2923,41263,132297,176.95,completed,online,2025-12-09,NO
3961,16363,132517,1205.88,failed,online,2025-12-09,NO
2729,17788,132798,1639.22,completed,online,2025-12-09,NO
4551,20066,134143,1527.25,completed,online,2025-12-09,NO
2794,27083,140299,1277.93,completed,online,2025-12-09,NO
1911,20446,140640,895.16,completed,online,2025-12-09,NO
3468,11494,142704,738.77,completed,online,2025-12-09,NO
3174,34775,143484,1549.15,failed,online,2025-12-09,NO
3698,31685,146576,363.92,completed,online,2025-12-09,NO
2496,4320,148127,1097.1,completed,online,2025-12-09,NO
