product_id,customer_id,transaction_id,amount,status,channel,transaction_date,fraud_flag
1,2865,82,44.24,failed,online,2025-03-02,NO
1457,4828,418,1992.91,failed,online,2025-03-02,NO
1,12138,818,533.4,completed,online,2025-03-02,NO
68,25441,2093,1705.64,failed,online,2025-03-02,NO
1256,12074,6968,89.38,failed,online,2025-03-02,NO
4038,23281,7430,196.44,failed,online,2025-03-02,NO
3354,33254,7491,1759.68,completed,online,2025-03-02,NO
4099,18471,8215,656.82,failed,online,2025-03-02,NO
1,23494,9170,868.18,completed,online,2025-03-02,NO
1544,31051,10608,1477.84,failed,online,2025-03-02,NO
3878,22563,12369,1575.23,failed,online,2025-03-02,NO
3238,11263,17107,1405.7,completed,online,2025-03-02,NO
1,16487,27294,1877.39,completed,online,2025-03-02,NO
3108,17226,29480,298.98,failed,online,2025-03-02,NO
1,27326,30442,1215.93,completed,online,2025-03-02,NO
4293,14135,31635,839.9,failed,online,2025-03-02,NO
1,33157,33183,1765.93,completed,UNKNOWN,2025-03-02,NO
3997,34985,36768,1275.66,completed,online,2025-03-02,NO
109,30732,37255,1173.3,failed,online,2025-03-02,NO
538,45110,38812,690.51,failed,online,2025-03-02,NO
1,48095,39052,1109.84,failed,online,2025-03-02,NO
1560,21430,41627,788.39,completed,online,2025-03-02,NO
1038,29207,42387,1344.56,failed,online,2025-03-02,NO
3549,30853,42756,585.49,failed,online,2025-03-02,NO
1158,40526,43509,1177.25,failed,online,2025-03-02,NO
118,29261,43764,910.71,failed,online,2025-03-02,NO
1,5965,45759,1936.16,failed,online,2025-03-02,NO
3423,26997,45826,814.69,completed,online,2025-03-02,NO
2250,14408,46150,1955.98,failed,online,2025-03-02,NO
4648,48380,46958,1339.42,failed,online,2025-03-02,NO
458,27285,47359,1959.55,failed,online,2025-03-02,NO
679,45793,53199,239.25,completed,online,2025-03-02,NO
2859,32918,54911,1593.81,completed,online,2025-03-02,NO
1,5155,56578,312.94,completed,online,2025-03-02,NO
508,576,57131,376.62,failed,online,2025-03-02,NO
3076,40334,59972,570.39,completed,online,2025-03-02,NO
1,14198,61522,1184.18,completed,online,2025-03-02,NO
4601,21219,62319,1370.93,completed,online,2025-03-02,NO
4251,24976,64475,1446.59,completed,online,2025-03-02,NO
159,21604,65239,398.48,failed,online,2025-03-02,NO
2765,18550,65700,1513.32,failed,online,2025-03-02,NO
8,42884,67773,1833.43,completed,online,2025-03-02,NO
3207,33302,68581,1474.9,failed,online,2025-03-02,NO
1,45253,71649,1195.07,failed,online,2025-03-02,NO
1,18935,73890,1585.92,failed,online,2025-03-02,NO
1,36579,74192,1900.01,completed,online,2025-03-02,NO
4021,16265,74540,1803.0,completed,online,2025-03-02,NO
1,14594,77873,951.37,completed,online,2025-03-02,NO
3815,27973,78332,356.69,failed,online,2025-03-02,NO
3787,10152,80600,690.76,completed,online,2025-03-02,NO
2081,40764,80838,785.9,failed,online,2025-03-02,NO
1,16870,81267,1572.58,failed,online,2025-03-02,NO
2220,45711,85053,525.33,failed,online,2025-03-02,NO
1,18047,86001,712.84,failed,online,2025-03-02,NO
4727,9329,86043,891.15,failed,online,2025-03-02,NO
1,24812,86519,998.31,completed,online,2025-03-02,NO
1,13418,88620,1887.9,failed,online,2025-03-02,NO
2081,1220,89327,1087.39,completed,online,2025-03-02,NO
4547,37825,93794,71.42,failed,online,2025-03-02,NO
182,2196,95065,782.51,failed,online,2025-03-02,NO
3013,42895,97384,1322.08,failed,online,2025-03-02,NO
136,45111,104005,969.27,failed,online,2025-03-02,NO
4542,6967,104682,400.05,completed,online,2025-03-02,NO
4092,621,105018,441.06,failed,online,2025-03-02,NO
1,26283,105068,1348.58,failed,online,2025-03-02,NO
1555,21651,105185,141.33,failed,online,2025-03-02,NO
1,45300,105394,501.91,completed,online,2025-03-02,NO
3060,16748,106041,1339.67,completed,online,2025-03-02,NO
1,36698,113500,1712.36,failed,online,2025-03-02,NO
3887,2093,119642,1432.27,failed,online,2025-03-02,NO
1675,38791,122269,1750.53,failed,online,2025-03-02,NO
3106,49613,123653,1945.54,completed,online,2025-03-02,NO
3699,34403,125204,31.91,completed,online,2025-03-02,NO
3799,18774,125220,844.03,failed,online,2025-03-02,NO
2960,44701,128145,993.51,completed,online,2025-03-02,NO
325,34891,129180,1768.21,failed,online,2025-03-02,NO
465,18290,133004,1927.81,completed,online,2025-03-02,NO
3526,19458,135476,1545.54,completed,online,2025-03-02,NO
3596,20751,136692,1522.85,completed,online,2025-03-02,NO
1857,30424,137726,223.91,failed,online,2025-03-02,NO
308,26538,143699,1595.72,completed,online,2025-03-02,NO
1,35488,145820,1042.44,failed,online,2025-03-02,NO
1,36573,147304,655.86,failed,online,2025-03-02,NO
2997,13085,5268,624.27,failed,online,2025-06-10,NO
1,46248,13530,1064.99,failed,online,2025-06-10,NO
4839,29369,13851,1518.54,completed,online,2025-06-10,NO
659,45444,15651,97.77,completed,online,2025-06-10,NO
1017,11729,16141,1724.9,completed,online,2025-06-10,NO
784,34607,20253,80.45,failed,online,2025-06-10,NO
1974,48755,20611,953.53,completed,online,2025-06-10,NO
1,1450,21005,1443.7,failed,online,2025-06-10,NO
686,31446,21512,524.99,completed,online,2025-06-10,NO
4942,25337,23494,1182.12,completed,online,2025-06-10,NO
982,30028,24978,1823.17,completed,online,2025-06-10,NO
1,15307,25471,790.73,completed,online,2025-06-10,NO
1142,39083,27905,1096.7,completed,online,2025-06-10,NO
1,40969,27955,1799.46,failed,online,2025-06-10,NO
118,34108,29276,356.76,completed,UNKNOWN,2025-06-10,NO
1,4862,33089,711.42,failed,online,2025-06-10,NO
2460,39948,34073,841.62,completed,online,2025-06-10,NO
2696,42322,34658,1992.0,failed,online,2025-06-10,NO
3890,45788,35363,854.33,failed,online,2025-06-10,NO
1137,1752,41944,1548.59,failed,online,2025-06-10,NO
1,16575,48520,865.23,failed,online,2025-06-10,NO
1179,18713,51670,1285.48,completed,online,2025-06-10,NO
4994,44586,51785,369.74,completed,online,2025-06-10,NO
4753,12836,52078,1683.2,completed,online,2025-06-10,NO
772,5992,54333,625.16,completed,online,2025-06-10,NO
1,9759,55952,1341.34,completed,online,2025-06-10,NO
1956,19209,56854,1193.35,completed,online,2025-06-10,NO
1,47755,60328,1394.81,completed,online,2025-06-10,NO
2801,27796,61335,1701.75,completed,online,2025-06-10,NO
3041,7467,62070,689.72,completed,online,2025-06-10,NO
1,15152,63430,5090.606826280915,completed,online,2025-06-10,NO
249,35409,65184,152.42,failed,online,2025-06-10,NO
765,1299,67462,7947.954579552239,completed,online,2025-06-10,NO
915,29286,68328,1049.86,completed,online,2025-06-10,NO
2307,24561,70858,1020.87,completed,online,2025-06-10,NO
1,41356,71711,401.88,completed,online,2025-06-10,NO
646,239,73343,1996.54,completed,online,2025-06-10,NO
4858,14078,75430,40.71,completed,online,2025-06-10,NO
2831,10505,77685,823.93,failed,online,2025-06-10,NO
4343,17312,80386,1789.52,completed,online,2025-06-10,NO
557,6291,80784,1302.14,completed,online,2025-06-10,NO
1,14448,81466,1591.36,failed,online,2025-06-10,NO
3646,8498,82763,730.35,failed,online,2025-06-10,NO
1,19755,85046,1398.48,completed,online,2025-06-10,NO
3127,40089,86803,525.51,failed,online,2025-06-10,NO
2914,38291,87981,1397.03,completed,online,2025-06-10,NO
2590,39425,88229,1812.09,completed,online,2025-06-10,NO
1408,36913,88909,1060.48,completed,online,2025-06-10,NO
1,4800,92091,1625.45,failed,online,2025-06-10,NO
1439,35742,98499,56.96,completed,online,2025-06-10,NO
750,49451,99776,391.08,failed,online,2025-06-10,NO
3888,9782,100145,1991.7,completed,online,2025-06-10,NO
3388,33362,103379,1642.04,failed,online,2025-06-10,NO
457,37422,104712,1415.65,completed,online,2025-06-10,NO
546,45811,105542,7521.722955106009,failed,online,2025-06-10,NO
3612,3305,107880,368.04,completed,online,2025-06-10,NO
2976,43048,108759,1579.42,completed,online,2025-06-10,NO
3423,44213,110741,1968.14,failed,online,2025-06-10,NO
158,9417,111612,1861.65,completed,online,2025-06-10,NO
3112,6985,111835,1788.26,failed,online,2025-06-10,NO
2798,26255,111989,1043.99,completed,online,2025-06-10,NO
1746,3923,115883,663.83,completed,online,2025-06-10,NO
4455,39004,115929,708.46,failed,online,2025-06-10,NO
4249,34006,116281,784.33,completed,online,2025-06-10,NO
2842,31707,117413,736.43,completed,online,2025-06-10,NO
2767,37365,118445,1548.2,completed,online,2025-06-10,NO
1,45469,121109,941.45,failed,UNKNOWN,2025-06-10,NO
1177,2237,121145,1027.39,failed,online,2025-06-10,NO
2328,44314,121801,1136.76,completed,online,2025-06-10,NO
4393,734,129900,1781.66,failed,online,2025-06-10,NO
4137,27808,130864,370.26,completed,online,2025-06-10,NO
457,30940,131542,1882.21,completed,online,2025-06-10,NO
511,12242,132061,1618.14,failed,online,2025-06-10,NO
2411,35532,132539,1288.73,failed,online,2025-06-10,NO
1,25086,132712,1824.05,failed,online,2025-06-10,NO
2550,39699,140598,769.52,failed,online,2025-06-10,NO
3380,20955,143237,454.54,completed,online,2025-06-10,NO
3799,36772,145036,1315.77,failed,online,2025-06-10,NO
4255,18212,145441,1289.19,failed,online,2025-06-10,NO
1407,34250,147041,1447.53,completed,online,2025-06-10,NO
2613,46495,3356,559.25,completed,online,2025-10-07,NO
53,11353,6454,975.1,failed,online,2025-10-07,NO
3231,11861,7632,173.53,failed,online,2025-10-07,NO
4969,32707,7645,122.5,completed,online,2025-10-07,NO
3539,3231,9355,385.99,completed,online,2025-10-07,NO
4089,19791,10673,1441.13,completed,online,2025-10-07,NO
1266,526,13636,726.76,completed,online,2025-10-07,NO
3607,664,13740,958.91,failed,online,2025-10-07,NO
1376,33968,13860,182.46,completed,online,2025-10-07,NO
4302,549,20835,29.45,failed,online,2025-10-07,NO
3071,15553,21656,1286.6,completed,online,2025-10-07,NO
3358,28321,27882,1390.69,completed,online,2025-10-07,NO
1355,41620,34093,463.35,failed,online,2025-10-07,NO
2464,8216,34469,483.35,completed,online,2025-10-07,NO
1,35604,34797,1093.04,failed,online,2025-10-07,NO
3848,17317,36582,1405.21,completed,online,2025-10-07,NO
1,22921,37605,1981.74,failed,online,2025-10-07,NO
1821,8196,42073,1300.99,completed,online,2025-10-07,NO
1,13783,42790,1717.28,completed,online,2025-10-07,NO
719,29292,47126,681.62,failed,online,2025-10-07,NO
2077,42263,47338,200.02,completed,online,2025-10-07,NO
4194,14135,47742,1012.11,completed,online,2025-10-07,NO
4442,9627,48661,1142.23,completed,online,2025-10-07,NO
4669,23527,49155,1348.83,completed,online,2025-10-07,NO
1,30551,50059,1927.85,completed,online,2025-10-07,NO
4251,3978,52544,468.99,failed,online,2025-10-07,NO
2364,25401,53799,1064.33,failed,online,2025-10-07,NO
67,12588,55716,173.0,failed,online,2025-10-07,NO
1493,20634,58678,1166.21,failed,online,2025-10-07,NO
2412,5681,59317,1133.48,failed,online,2025-10-07,NO
1,4150,61635,1766.81,completed,online,2025-10-07,NO
1,23709,64384,1129.9,completed,online,2025-10-07,NO
167,7075,65385,1617.55,completed,online,2025-10-07,NO
2381,17233,67026,1107.18,completed,online,2025-10-07,NO
3133,14826,67075,1350.48,failed,online,2025-10-07,NO
4934,28206,67244,1562.55,failed,online,2025-10-07,NO
2309,40952,69808,1089.66,completed,online,2025-10-07,NO
733,44892,71690,686.63,failed,online,2025-10-07,NO
917,41597,76126,959.3,failed,online,2025-10-07,NO
1,14487,78057,1267.13,completed,online,2025-10-07,NO
3591,1258,78493,194.9,failed,online,2025-10-07,NO
1111,32319,79119,900.23,completed,online,2025-10-07,NO
1,35863,80415,1038.88,completed,online,2025-10-07,NO
1662,49132,82231,191.32,completed,online,2025-10-07,NO
873,14043,83547,914.17,completed,online,2025-10-07,NO
1,32792,84099,445.07,failed,online,2025-10-07,NO
1806,14770,85327,1970.95,completed,online,2025-10-07,NO
1806,23831,89728,1066.98,failed,online,2025-10-07,NO
3914,35667,90608,1358.52,failed,online,2025-10-07,NO
290,25895,92869,491.93,completed,online,2025-10-07,NO
2313,42833,94881,646.23,completed,online,2025-10-07,NO
1757,4378,95527,1443.4,completed,online,2025-10-07,NO
2280,25568,97663,1540.08,completed,online,2025-10-07,NO
276,8547,97715,1714.34,completed,online,2025-10-07,NO
2725,32428,99038,81.35,failed,online,2025-10-07,NO
2134,49477,100313,68.14,failed,online,2025-10-07,NO
448,1576,100960,1628.23,completed,UNKNOWN,2025-10-07,NO
3797,42903,104088,1579.54,failed,online,2025-10-07,NO
3863,18421,109666,1703.41,failed,online,2025-10-07,NO
1035,23706,110618,1015.17,completed,online,2025-10-07,NO
3949,36884,111871,751.46,completed,online,2025-10-07,NO
996,33134,112098,1065.98,failed,online,2025-10-07,NO
4198,6552,118572,1525.35,failed,online,2025-10-07,NO
3616,1163,123250,737.8,completed,online,2025-10-07,NO
673,4103,123643,416.7,failed,online,2025-10-07,NO
2827,27558,126811,1165.44,completed,online,2025-10-07,NO
3802,36795,126946,533.91,failed,online,2025-10-07,NO
4358,18481,128861,1744.32,completed,online,2025-10-07,NO
1,25784,129302,63.66,failed,online,2025-10-07,NO
868,38636,130627,1062.35,failed,online,2025-10-07,NO
2306,36404,130836,1024.55,completed,online,2025-10-07,NO
2495,6662,131118,896.72,completed,online,2025-10-07,NO
1278,37866,133809,124.41,completed,online,2025-10-07,NO
3463,45312,136877,826.22,completed,online,2025-10-07,NO
4076,7036,138287,1211.77,completed,UNKNOWN,2025-10-07,NO
531,44107,138692,1177.5,completed,online,2025-10-07,NO
2544,23784,141663,1655.06,completed,online,2025-10-07,NO
1981,31340,142246,617.75,failed,online,2025-10-07,NO
3102,39528,142610,420.15,completed,online,2025-10-07,NO
3806,381,144236,1201.34,completed,online,2025-10-07,NO
379,44759,148458,965.11,failed,online,2025-10-07,NO
3616,48738,51,906.54,failed,UNKNOWN,2025-06-13,NO
1,24519,4009,1564.44,completed,online,2025-06-13,NO
2039,33721,6189,1854.35,completed,online,2025-06-13,NO
1,44035,14443,952.32,failed,online,2025-06-13,NO
2623,45289,18584,15.68,completed,online,2025-06-13,NO
1,7071,20589,1432.47,completed,online,2025-06-13,NO
3120,14004,22697,516.03,completed,online,2025-06-13,NO
1,5194,23718,53.84,failed,online,2025-06-13,NO
1,13481,24030,781.35,completed,online,2025-06-13,NO
3022,36097,24680,823.56,failed,online,2025-06-13,NO
297,46207,24848,792.63,failed,online,2025-06-13,NO
1,11142,26229,204.73,completed,online,2025-06-13,NO
1,18179,27131,590.99,failed,online,2025-06-13,NO
1,43062,29838,967.31,completed,online,2025-06-13,NO
4782,32919,31724,141.55,completed,online,2025-06-13,NO
2263,17619,35383,1641.96,failed,online,2025-06-13,NO
2623,45702,35390,6949.510953721532,failed,online,2025-06-13,NO
1,2857,41055,540.18,completed,online,2025-06-13,NO
1,39227,45530,891.5,completed,online,2025-06-13,NO
4445,7275,47055,360.5,completed,online,2025-06-13,NO
3519,49838,54981,562.61,failed,online,2025-06-13,NO
1786,27998,55520,487.59,failed,online,2025-06-13,NO
1,38204,55545,512.96,failed,online,2025-06-13,NO
3779,766,59776,1880.11,failed,online,2025-06-13,NO
4964,26414,62996,1526.6,completed,online,2025-06-13,NO
951,19612,68980,1228.25,completed,online,2025-06-13,NO
510,2013,69167,1667.16,completed,online,2025-06-13,NO
1,49604,70991,1015.51,failed,online,2025-06-13,NO
474,31494,72468,1238.62,failed,online,2025-06-13,NO
1,16577,73058,56.4,completed,online,2025-06-13,NO
2765,24705,73129,1535.91,completed,online,2025-06-13,NO
135,7726,74200,746.41,completed,online,2025-06-13,NO
4289,12060,78362,1678.99,failed,online,2025-06-13,NO
415,47466,79272,1283.32,completed,online,2025-06-13,NO
1,1860,79474,311.13,completed,online,2025-06-13,NO
2806,32902,81661,1124.15,failed,online,2025-06-13,NO
1037,17782,82578,645.15,failed,online,2025-06-13,NO
1220,7183,83412,1870.21,completed,online,2025-06-13,NO
1,33955,83757,1616.5,completed,online,2025-06-13,NO
398,22974,85200,761.05,failed,online,2025-06-13,NO
4988,33729,85247,1225.38,completed,online,2025-06-13,NO
4968,9969,91661,488.01,completed,online,2025-06-13,NO
3851,4071,92448,40.67,failed,online,2025-06-13,NO
2692,7728,94424,1089.35,completed,online,2025-06-13,NO
2623,17181,94705,1135.8,failed,online,2025-06-13,NO
1,23999,95622,1116.35,failed,online,2025-06-13,NO
1,48087,95663,555.83,completed,online,2025-06-13,NO
1122,44263,95941,303.46,completed,online,2025-06-13,NO
1623,19386,96102,451.58,failed,online,2025-06-13,NO
1,33842,96729,1959.87,failed,online,2025-06-13,NO
2356,4672,96949,613.07,failed,online,2025-06-13,NO
1728,48272,99070,892.46,completed,online,2025-06-13,NO
1334,11404,99350,1898.02,failed,online,2025-06-13,NO
1,48125,100264,33.9,failed,online,2025-06-13,NO
1,33486,101038,1095.14,completed,online,2025-06-13,NO
1797,11051,107099,1442.36,failed,online,2025-06-13,NO
1,22230,107638,927.48,completed,online,2025-06-13,NO
1,43234,109320,192.82,completed,online,2025-06-13,NO
4442,7176,109786,60.29,failed,online,2025-06-13,NO
682,22168,111347,370.47,completed,UNKNOWN,2025-06-13,NO
2232,6670,113557,1306.11,completed,online,2025-06-13,NO
3525,9371,114663,283.83,completed,online,2025-06-13,NO
4310,46054,114787,1096.89,completed,online,2025-06-13,NO
2108,39909,118073,1423.7,failed,online,2025-06-13,NO
3776,16325,118640,1212.1,failed,online,2025-06-13,NO
1,48029,118858,1429.86,completed,online,2025-06-13,NO
1,602,120551,1518.27,failed,online,2025-06-13,NO
3966,1191,120755,1358.55,failed,online,2025-06-13,NO
2405,10829,122288,431.52,failed,online,2025-06-13,NO
1491,29922,122381,410.13,completed,online,2025-06-13,NO
3829,9560,123969,1484.97,failed,online,2025-06-13,NO
3177,48803,124515,690.03,completed,online,2025-06-13,NO
4269,47398,129495,1230.15,failed,online,2025-06-13,NO
3809,25963,131385,707.99,failed,online,2025-06-13,NO
1416,6062,131776,6400.673437081215,failed,online,2025-06-13,NO
4427,12161,137517,1369.37,failed,online,2025-06-13,NO
1646,17178,139678,1893.55,completed,online,2025-06-13,NO
4261,39732,141016,1845.73,failed,online,2025-06-13,NO
3673,48742,141143,1541.04,failed,online,2025-06-13,NO
3365,40197,145542,478.2,failed,online,2025-06-13,NO
1,11492,148002,126.88,completed,online,2025-06-13,NO
2451,47758,148257,1034.59,failed,online,2025-06-13,NO
1,18853,1386,523.48,failed,online,2025-08-11,NO
3697,36792,2164,1593.12,completed,online,2025-08-11,NO
2431,47452,3588,1060.31,completed,online,2025-08-11,NO
4252,23859,6257,1324.18,completed,online,2025-08-11,NO
216,31297,6703,1323.98,completed,online,2025-08-11,NO
4844,2247,7978,1772.44,failed,online,2025-08-11,NO
3988,31472,10526,1403.4,completed,online,2025-08-11,NO
1,29221,14452,733.31,completed,online,2025-08-11,NO
1246,37945,16011,1502.95,completed,online,2025-08-11,NO
12,8393,16629,740.59,completed,online,2025-08-11,NO
913,10022,18300,321.28,completed,online,2025-08-11,NO
2575,3361,20028,1899.23,completed,online,2025-08-11,NO
1306,45296,24087,1330.12,completed,online,2025-08-11,NO
3434,9566,24416,786.35,failed,online,2025-08-11,NO
4480,47254,25589,690.46,completed,online,2025-08-11,NO
1571,14260,27858,1170.34,failed,online,2025-08-11,NO
1325,3886,34327,454.8,failed,online,2025-08-11,NO
1,46225,42949,1053.26,completed,online,2025-08-11,NO
2464,35255,44462,762.8,failed,online,2025-08-11,NO
3406,29533,45718,1850.32,failed,online,2025-08-11,NO
1,26333,48894,1351.66,completed,online,2025-08-11,NO
4356,2995,50045,1641.92,completed,online,2025-08-11,NO
516,34749,50540,630.61,completed,online,2025-08-11,NO
2276,7972,52131,1190.12,failed,online,2025-08-11,NO
1345,27543,53336,670.0,completed,online,2025-08-11,NO
2092,40602,55105,1054.16,failed,online,2025-08-11,NO
1896,24374,56590,215.25,completed,online,2025-08-11,NO
1,23244,61086,1920.54,failed,online,2025-08-11,NO
1440,21445,63175,1297.34,completed,online,2025-08-11,NO
1147,49182,64234,301.69,failed,online,2025-08-11,NO
804,35365,64322,64.53,failed,online,2025-08-11,NO
4297,12201,67159,1700.03,failed,online,2025-08-11,NO
837,488,68333,1137.99,failed,UNKNOWN,2025-08-11,NO
3145,3229,69128,695.51,failed,online,2025-08-11,NO
2177,27039,71205,1005.08,completed,online,2025-08-11,NO
516,4956,77388,400.79,failed,online,2025-08-11,NO
3969,20261,77447,970.52,failed,online,2025-08-11,NO
1165,14139,78432,827.51,failed,online,2025-08-11,NO
4464,22903,81291,1666.25,failed,online,2025-08-11,NO
400,21827,84492,1062.55,failed,online,2025-08-11,NO
2618,13643,85603,1507.71,failed,online,2025-08-11,NO
3227,11633,87132,201.4,completed,online,2025-08-11,NO
4651,47211,89932,65.83,completed,online,2025-08-11,NO
1302,21442,93734,1408.04,failed,online,2025-08-11,NO
1436,13684,94381,458.13,failed,online,2025-08-11,NO
2806,47174,100658,851.65,failed,online,2025-08-11,NO
2508,8832,101724,919.53,completed,online,2025-08-11,NO
4572,36480,101977,1016.18,completed,online,2025-08-11,NO
1,46940,102275,617.3,completed,UNKNOWN,2025-08-11,NO
1495,224,102413,900.01,failed,online,2025-08-11,NO
1,26062,102621,152.65,completed,online,2025-08-11,NO
1,8899,102796,1466.57,failed,online,2025-08-11,NO
1,14926,103252,1748.02,completed,online,2025-08-11,NO
1,30564,103275,1955.26,completed,online,2025-08-11,NO
3322,8370,106308,209.04,completed,online,2025-08-11,NO
3992,12832,111057,1233.15,completed,online,2025-08-11,NO
3651,30514,111443,79.57,failed,online,2025-08-11,NO
2012,48203,111604,1301.97,completed,online,2025-08-11,NO
3707,2669,113496,1940.43,failed,online,2025-08-11,NO
739,12863,114011,171.81,completed,online,2025-08-11,NO
1978,2943,114241,1297.72,failed,online,2025-08-11,NO
1,48857,114295,519.73,failed,online,2025-08-11,NO
73,20010,115846,953.37,completed,online,2025-08-11,NO
749,45898,116199,1110.39,completed,online,2025-08-11,NO
1,42667,116353,1420.48,failed,online,2025-08-11,NO
4949,21747,116658,253.63,completed,online,2025-08-11,NO
1480,14358,117384,704.53,completed,online,2025-08-11,NO
1,32986,118068,679.82,completed,online,2025-08-11,NO
3337,12241,121706,1600.43,completed,online,2025-08-11,NO
4318,11053,123541,482.84,completed,online,2025-08-11,NO
1752,42553,125956,599.11,failed,online,2025-08-11,NO
2575,32461,126047,672.52,completed,online,2025-08-11,NO
4418,18230,131550,5666.946747688143,failed,online,2025-08-11,NO
1,34803,131816,1926.58,failed,UNKNOWN,2025-08-11,NO
648,19056,133339,1317.61,completed,online,2025-08-11,NO
4586,26847,134265,1679.95,failed,online,2025-08-11,NO
1,32629,135881,396.85,completed,online,2025-08-11,NO
3561,38875,137804,1386.83,completed,online,2025-08-11,NO
1,16193,145093,711.72,failed,UNKNOWN,2025-08-11,NO
4532,7558,145366,294.96,failed,online,2025-08-11,NO
3314,16548,147464,500.0,failed,online,2025-08-11,NO
1,46856,775,139.41,failed,online,2025-03-31,NO
3354,36127,4648,1739.06,failed,online,2025-03-31,NO
989,18551,7011,1226.81,failed,online,2025-03-31,NO
4365,6717,7327,1222.95,failed,online,2025-03-31,NO
2528,2662,9692,805.85,completed,online,2025-03-31,NO
1,41477,10144,1733.65,completed,online,2025-03-31,NO
4469,6270,10489,1864.11,failed,online,2025-03-31,NO
485,6958,11940,242.2,completed,online,2025-03-31,NO
3812,25814,12163,756.5,completed,online,2025-03-31,NO
2115,22082,13140,189.7,completed,online,2025-03-31,NO
1,45649,13175,211.88,completed,online,2025-03-31,NO
3541,37645,21050,956.28,failed,online,2025-03-31,NO
3066,9730,25041,1022.61,completed,online,2025-03-31,NO
2016,45912,28441,890.95,failed,online,2025-03-31,NO
1,20901,30101,1980.54,failed,online,2025-03-31,NO
4241,32461,31789,1940.51,completed,online,2025-03-31,NO
3829,49956,34683,1658.65,completed,online,2025-03-31,NO
1374,17339,35123,166.78,completed,online,2025-03-31,NO
702,27238,37170,245.41,completed,online,2025-03-31,NO
3113,4245,39602,750.19,failed,online,2025-03-31,NO
669,5573,40190,631.24,failed,online,2025-03-31,NO
4135,11498,40630,99.93,failed,online,2025-03-31,NO
1,28952,42113,49.07,completed,online,2025-03-31,NO
1994,26797,46125,432.04,failed,online,2025-03-31,NO
1326,40623,46486,72.75,failed,online,2025-03-31,NO
4518,23241,47997,96.69,completed,online,2025-03-31,NO
4298,2877,49209,1716.81,failed,online,2025-03-31,NO
1,49915,51166,700.55,completed,online,2025-03-31,NO
2016,39257,55436,570.5,completed,online,2025-03-31,NO
4301,44039,56906,1429.57,completed,online,2025-03-31,NO
1,22326,58505,839.41,failed,online,2025-03-31,NO
3097,20075,60628,449.89,completed,online,2025-03-31,NO
695,15749,65612,367.66,failed,online,2025-03-31,NO
4810,18909,65966,381.9,failed,UNKNOWN,2025-03-31,NO
571,28393,67683,431.12,failed,online,2025-03-31,NO
1423,13701,68002,485.35,failed,online,2025-03-31,NO
632,38318,69959,975.81,completed,online,2025-03-31,NO
1016,4553,70651,16.89,failed,online,2025-03-31,NO
843,34258,71906,775.33,completed,online,2025-03-31,NO
3830,25886,73931,454.56,failed,online,2025-03-31,NO
1,1992,74190,473.58,completed,online,2025-03-31,NO
1277,43120,76219,569.88,completed,online,2025-03-31,NO
1,43813,76621,1900.83,completed,online,2025-03-31,NO
3812,29864,79369,1805.05,completed,online,2025-03-31,NO
852,2767,79766,298.61,failed,online,2025-03-31,NO
2767,25876,84276,1242.92,completed,online,2025-03-31,NO
2531,10380,86879,1495.47,failed,online,2025-03-31,NO
2667,5810,86930,1789.09,failed,online,2025-03-31,NO
3151,15022,87547,1686.26,completed,online,2025-03-31,NO
2058,24353,93658,363.47,failed,online,2025-03-31,NO
224,46423,96190,215.7,completed,online,2025-03-31,NO
1469,38569,100340,1645.82,completed,online,2025-03-31,NO
1,34494,101797,858.48,failed,online,2025-03-31,NO
3290,35818,104916,867.15,failed,online,2025-03-31,NO
2749,29494,106546,1196.58,failed,online,2025-03-31,NO
4611,2909,110052,1030.48,completed,online,2025-03-31,NO
4071,47028,110317,1615.44,failed,online,2025-03-31,NO
3571,44551,111326,839.98,failed,online,2025-03-31,NO
3864,8105,112506,491.45,completed,online,2025-03-31,NO
1311,10495,113330,736.82,failed,online,2025-03-31,NO
3057,13424,115496,1421.66,failed,online,2025-03-31,NO
2632,46443,116937,950.91,completed,online,2025-03-31,NO
422,32434,119856,1863.52,failed,online,2025-03-31,NO
2999,34595,119866,442.91,failed,online,2025-03-31,NO
1,7076,123090,1103.58,failed,online,2025-03-31,NO
467,30720,123187,246.64,failed,online,2025-03-31,NO
1260,28718,125349,1029.13,failed,online,2025-03-31,NO
1,18256,126552,546.23,failed,online,2025-03-31,NO
4007,31260,130277,1575.91,completed,online,2025-03-31,NO
3839,15152,130979,1384.27,failed,online,2025-03-31,NO
1380,28733,131125,1601.28,failed,online,2025-03-31,NO
833,7579,131302,8037.038813406709,failed,online,2025-03-31,NO
3736,12208,134520,28.73,failed,online,2025-03-31,NO
1,34829,134524,1535.85,failed,online,2025-03-31,NO
1,35076,137572,496.36,failed,online,2025-03-31,NO
2964,46254,139863,1178.24,failed,online,2025-03-31,NO
1,24736,144021,1880.8,completed,online,2025-03-31,NO
2458,32191,144034,1562.09,failed,online,2025-03-31,NO
3085,8501,145435,1166.34,completed,online,2025-03-31,NO
295,24664,146769,590.94,failed,online,2025-03-31,NO
93,20688,148506,652.05,completed,online,2025-03-31,NO
1522,3931,149978,1432.62,completed,online,2025-03-31,NO
1,29478,467,1098.5,failed,online,2025-07-03,NO
3793,10263,2440,885.89,failed,online,2025-07-03,NO
2236,10554,3092,346.07,failed,online,2025-07-03,NO
4249,39867,3571,1226.25,failed,online,2025-07-03,NO
1,916,5029,379.3,completed,online,2025-07-03,NO
1336,20593,5556,1196.03,failed,online,2025-07-03,NO
2369,3540,7921,997.53,completed,online,2025-07-03,NO
649,4799,8533,704.85,failed,UNKNOWN,2025-07-03,NO
1,37248,9192,245.94,completed,online,2025-07-03,NO
2857,39409,20084,1609.87,completed,online,2025-07-03,NO
2467,41366,25543,1620.85,failed,online,2025-07-03,NO
338,34669,26851,509.63,failed,online,2025-07-03,NO
1558,18922,26914,183.48,failed,online,2025-07-03,NO
1,28744,29092,439.12,completed,online,2025-07-03,NO
4896,18570,31280,85.54,completed,online,2025-07-03,NO
1613,39429,33309,1092.92,failed,online,2025-07-03,NO
1,35298,33371,1480.03,failed,online,2025-07-03,NO
4037,11886,33495,1361.8,failed,online,2025-07-03,NO
3092,8159,35586,955.75,completed,online,2025-07-03,NO
4030,24006,43806,255.4,failed,online,2025-07-03,NO
3868,44145,43824,317.0,completed,online,2025-07-03,NO
2990,36686,44449,1369.89,completed,online,2025-07-03,NO
1,38476,46812,1860.78,failed,online,2025-07-03,NO
221,45253,48252,756.17,completed,online,2025-07-03,NO
3016,29095,53499,68.06,completed,online,2025-07-03,NO
1563,36272,55151,181.32,completed,online,2025-07-03,NO
1,24489,62454,1350.12,failed,online,2025-07-03,NO
1221,20341,62782,923.43,completed,online,2025-07-03,NO
1988,18509,63954,976.35,failed,online,2025-07-03,NO
206,40776,66201,747.53,failed,online,2025-07-03,NO
4937,2723,66401,1586.94,completed,online,2025-07-03,NO
4482,29323,67162,1429.12,completed,online,2025-07-03,NO
1594,5713,67731,1687.91,completed,online,2025-07-03,NO
3905,6607,68529,93.44,completed,online,2025-07-03,NO
910,37852,68747,792.0,completed,online,2025-07-03,NO
1,3787,70520,1079.07,completed,online,2025-07-03,NO
1,30144,70535,1994.27,completed,online,2025-07-03,NO
2043,27409,75591,830.92,completed,online,2025-07-03,NO
3380,38793,76568,743.38,completed,online,2025-07-03,NO
167,41692,77846,806.6,failed,online,2025-07-03,NO
2468,525,78667,76.53,completed,online,2025-07-03,NO
3037,6526,80511,285.81,completed,online,2025-07-03,NO
4446,42647,83873,1325.99,failed,online,2025-07-03,NO
1,33302,86825,1266.19,completed,online,2025-07-03,NO
1,38763,88269,1915.67,failed,online,2025-07-03,NO
3757,16374,91844,789.41,completed,online,2025-07-03,NO
578,14724,92812,348.1,failed,online,2025-07-03,NO
3774,13541,97600,1736.71,failed,online,2025-07-03,NO
3155,22401,97671,544.3,failed,online,2025-07-03,NO
2546,31049,98975,1892.92,failed,online,2025-07-03,NO
2334,24387,99328,14.05,failed,online,2025-07-03,NO
2001,21284,100338,999.91,completed,online,2025-07-03,NO
239,26888,100501,1736.23,completed,online,2025-07-03,NO
1,22882,101788,1213.08,failed,online,2025-07-03,NO
1067,35647,102628,97.05,failed,online,2025-07-03,NO
1171,37465,103460,1669.85,completed,online,2025-07-03,NO
1,29731,105813,556.24,completed,online,2025-07-03,NO
3326,37923,106887,547.12,failed,online,2025-07-03,NO
78,29025,108120,1650.37,failed,online,2025-07-03,NO
3274,9733,108863,944.72,completed,online,2025-07-03,NO
1,26078,114413,1833.7,completed,online,2025-07-03,NO
1552,33522,115218,109.43,failed,online,2025-07-03,NO
3133,34597,120959,233.68,failed,online,2025-07-03,NO
4118,17864,122899,1342.85,completed,online,2025-07-03,NO
610,31123,122976,1053.06,failed,online,2025-07-03,NO
1,5489,124046,1114.22,completed,online,2025-07-03,NO
2755,36254,124140,1985.62,failed,online,2025-07-03,NO
1245,5173,125123,362.1,failed,online,2025-07-03,NO
1,27387,126343,1249.18,completed,online,2025-07-03,NO
2198,21148,131152,1504.22,completed,online,2025-07-03,NO
1623,40593,134883,1941.68,failed,online,2025-07-03,NO
4782,9979,137220,728.21,failed,online,2025-07-03,NO
1934,44308,140964,1070.31,completed,online,2025-07-03,NO
1,21298,141155,40.09,completed,online,2025-07-03,NO
1986,19447,141763,143.45,completed,online,2025-07-03,NO
759,38918,142744,1933.34,completed,online,2025-07-03,NO
1708,31940,142835,39.03,failed,online,2025-07-03,NO
1,32257,144491,523.43,failed,online,2025-07-03,NO
2928,44985,144933,310.41,failed,online,2025-07-03,NO
1,19895,145961,580.17,completed,online,2025-07-03,NO
1686,24821,148477,1730.66,completed,online,2025-07-03,NO
4848,46638,148790,1091.7,completed,online,2025-07-03,NO
1,10268,2197,1718.18,failed,online,2025-07-31,NO
1,31037,3602,553.37,failed,online,2025-07-31,NO
1,6326,6359,1591.73,completed,online,2025-07-31,NO
4806,37040,6781,68.85,failed,online,2025-07-31,NO
524,44027,9691,1355.44,failed,online,2025-07-31,NO
4861,10771,11697,1458.91,completed,online,2025-07-31,NO
2837,24494,18403,398.7,completed,online,2025-07-31,NO
319,45962,22499,1234.9,failed,online,2025-07-31,NO
613,33968,25476,1903.03,completed,online,2025-07-31,NO
1,11507,26684,80.58,failed,online,2025-07-31,NO
4005,17961,27532,1516.92,failed,online,2025-07-31,NO
1,39123,28265,508.87,completed,online,2025-07-31,NO
549,7721,28639,1177.99,completed,online,2025-07-31,NO
3966,37139,30953,1334.7,completed,online,2025-07-31,NO
2299,11935,35206,1832.36,completed,online,2025-07-31,NO
2886,27882,35683,1539.78,completed,online,2025-07-31,NO
4844,24163,36611,745.75,completed,online,2025-07-31,NO
1,3248,42702,776.59,failed,online,2025-07-31,NO
1928,17269,44113,613.28,failed,online,2025-07-31,NO
2275,6461,45905,513.01,failed,online,2025-07-31,NO
1,14713,47063,1699.49,failed,online,2025-07-31,NO
4894,33343,47218,658.31,failed,online,2025-07-31,NO
1605,20938,47251,1153.1,failed,online,2025-07-31,NO
2759,14047,48218,363.37,failed,online,2025-07-31,NO
2899,49808,48861,853.58,completed,online,2025-07-31,NO
1713,39045,49511,970.96,failed,online,2025-07-31,NO
1,14514,50998,1333.44,completed,online,2025-07-31,NO
1,3257,53789,1969.7,failed,online,2025-07-31,NO
3907,39277,55686,265.1,failed,online,2025-07-31,NO
1,8337,57773,767.72,failed,online,2025-07-31,NO
1180,45044,59963,1618.11,failed,online,2025-07-31,NO
3255,13792,65067,494.34,completed,online,2025-07-31,NO
1,48804,65915,1107.48,completed,online,2025-07-31,NO
991,30399,67339,823.76,completed,online,2025-07-31,NO
540,18601,68023,721.58,completed,online,2025-07-31,NO
875,36125,68621,602.34,failed,online,2025-07-31,NO
1,8972,69028,92.0,completed,online,2025-07-31,NO
1,39315,69143,1442.28,failed,online,2025-07-31,NO
2180,56,72348,26.44,failed,online,2025-07-31,NO
1536,8982,72534,878.27,completed,online,2025-07-31,NO
564,25046,72952,1139.48,completed,online,2025-07-31,NO
1743,33070,73678,1194.83,completed,online,2025-07-31,NO
276,49465,75775,1600.68,completed,online,2025-07-31,NO
1,10459,77812,352.65,completed,online,2025-07-31,NO
3680,25688,78326,827.43,completed,online,2025-07-31,NO
1386,30970,79371,1535.63,failed,online,2025-07-31,NO
2022,11969,81660,1829.0,completed,online,2025-07-31,NO
3029,41416,82278,1766.86,failed,online,2025-07-31,NO
3202,15919,84557,28.33,failed,online,2025-07-31,NO
1,4075,87973,365.66,failed,online,2025-07-31,NO
1,22195,88498,223.9,completed,online,2025-07-31,NO
605,40311,90843,695.61,failed,online,2025-07-31,NO
1092,48200,92770,181.46,failed,online,2025-07-31,NO
3020,24642,94739,801.28,completed,online,2025-07-31,NO
4556,27708,96085,481.95,completed,online,2025-07-31,NO
1887,10117,98846,437.19,failed,online,2025-07-31,NO
3689,47354,99421,1304.5,completed,online,2025-07-31,NO
4045,30360,101103,1871.37,failed,online,2025-07-31,NO
1205,20618,103137,1451.26,failed,online,2025-07-31,NO
4587,1334,104196,410.77,completed,online,2025-07-31,NO
1172,18889,105237,1761.67,completed,online,2025-07-31,NO
3121,7333,105992,1015.36,failed,online,2025-07-31,NO
3503,3810,106237,809.37,failed,online,2025-07-31,NO
3667,41023,106675,1022.41,completed,online,2025-07-31,NO
3019,34853,106908,37.08,failed,online,2025-07-31,NO
1446,29695,108338,1406.44,completed,UNKNOWN,2025-07-31,NO
2229,5926,110794,131.73,failed,online,2025-07-31,NO
343,43457,112000,527.85,completed,online,2025-07-31,NO
4813,15107,116591,1783.21,completed,online,2025-07-31,NO
1,22866,120172,207.11,completed,online,2025-07-31,NO
1573,27660,121730,203.68,completed,online,2025-07-31,NO
3536,14409,123927,1410.41,completed,online,2025-07-31,NO
1772,21346,124309,897.03,completed,online,2025-07-31,NO
2365,1882,126171,500.5,failed,online,2025-07-31,NO
851,46475,126261,791.01,completed,online,2025-07-31,NO
4567,17634,128188,1581.1,completed,online,2025-07-31,NO
3980,39196,129657,1947.38,failed,online,2025-07-31,NO
4414,37820,129930,1425.22,completed,online,2025-07-31,NO
1521,16203,130385,1013.91,completed,online,2025-07-31,NO
2382,36967,144367,1224.9,failed,online,2025-07-31,NO
1,27500,149608,385.22,failed,online,2025-07-31,NO
2767,29872,149724,707.68,failed,online,2025-07-31,NO
3482,43955,1198,1270.44,failed,online,2025-09-22,NO
1,1294,2842,862.99,completed,online,2025-09-22,NO
4838,8285,3207,167.6,failed,online,2025-09-22,NO
4120,48564,3706,1777.06,completed,online,2025-09-22,NO
1,2371,4209,1389.38,completed,online,2025-09-22,NO
2220,7874,4521,1443.99,completed,online,2025-09-22,NO
940,41331,5527,851.16,completed,online,2025-09-22,NO
971,32534,5640,60.07,failed,online,2025-09-22,NO
1,382,6154,1187.33,failed,online,2025-09-22,NO
3473,17769,8211,1323.34,completed,online,2025-09-22,NO
4868,20983,13832,1546.79,failed,online,2025-09-22,NO
1,25990,23059,890.95,failed,online,2025-09-22,NO
1,8143,23166,1751.24,failed,online,2025-09-22,NO
2719,42090,24011,313.94,failed,online,2025-09-22,NO
1,37489,24853,1528.05,completed,online,2025-09-22,NO
1,40109,26111,1394.25,completed,online,2025-09-22,NO
2252,46628,29359,906.35,failed,online,2025-09-22,NO
528,8165,31096,1848.47,failed,online,2025-09-22,NO
2468,10359,34828,404.23,failed,online,2025-09-22,NO
4456,14298,40824,1114.52,failed,online,2025-09-22,NO
1940,23725,41838,1882.96,failed,online,2025-09-22,NO
1,4469,45800,190.34,completed,online,2025-09-22,NO
2075,18319,48780,435.93,completed,online,2025-09-22,NO
1,21107,53995,1583.09,completed,online,2025-09-22,NO
1,16720,54070,757.89,completed,online,2025-09-22,NO
1472,28798,54766,305.29,completed,online,2025-09-22,NO
3919,32647,55824,459.42,completed,online,2025-09-22,NO
2100,47606,58923,1668.51,failed,online,2025-09-22,NO
3324,21446,61487,249.03,completed,online,2025-09-22,NO
1455,21724,63658,1602.78,failed,online,2025-09-22,NO
1201,35396,64739,1622.37,failed,online,2025-09-22,NO
3112,48146,77872,1091.11,completed,online,2025-09-22,NO
792,6836,78891,1185.61,failed,online,2025-09-22,NO
1,37223,79035,310.17,completed,online,2025-09-22,NO
1,5413,79889,17.0,completed,online,2025-09-22,NO
1383,12113,80884,330.96,completed,online,2025-09-22,NO
2536,7620,88037,1433.87,completed,online,2025-09-22,NO
4182,22155,89641,889.93,completed,online,2025-09-22,NO
4402,43646,90745,951.77,failed,online,2025-09-22,NO
2100,6778,91052,1509.72,failed,online,2025-09-22,NO
1,12925,91170,1616.12,failed,online,2025-09-22,NO
3835,45646,93192,1565.86,completed,online,2025-09-22,NO
701,44601,94201,1858.95,failed,online,2025-09-22,NO
3254,32740,95994,1305.72,completed,online,2025-09-22,NO
3713,28586,99091,904.1,completed,online,2025-09-22,NO
694,12288,100774,481.73,completed,online,2025-09-22,NO
85,29639,101561,1049.48,failed,online,2025-09-22,NO
1,48911,103350,1232.84,failed,online,2025-09-22,NO
4957,25992,107588,506.6,failed,online,2025-09-22,NO
3624,24519,107942,471.18,failed,online,2025-09-22,NO
423,30057,108755,1927.49,failed,online,2025-09-22,NO
1,42482,108844,1313.68,failed,online,2025-09-22,NO
4030,41094,109682,443.53,failed,online,2025-09-22,NO
4719,38954,110906,261.83,completed,online,2025-09-22,NO
1759,39,111098,1442.56,failed,online,2025-09-22,NO
42,27799,111747,1535.27,completed,online,2025-09-22,NO
1,43974,113515,949.04,failed,online,2025-09-22,NO
4897,23488,113787,721.3,failed,online,2025-09-22,NO
778,43309,124023,1678.84,completed,online,2025-09-22,NO
731,49687,124096,1757.79,completed,online,2025-09-22,NO
1,20935,124907,443.21,completed,online,2025-09-22,NO
51,28992,128676,913.26,completed,UNKNOWN,2025-09-22,NO
1,49316,129444,1479.5,completed,online,2025-09-22,NO
4948,40602,129599,1791.23,failed,online,2025-09-22,NO
1,37640,134077,238.39,completed,online,2025-09-22,NO
4640,20216,136441,1746.7,failed,online,2025-09-22,NO
879,41944,137332,560.64,completed,online,2025-09-22,NO
2829,43567,138026,555.43,completed,online,2025-09-22,NO
763,6806,139138,811.77,completed,online,2025-09-22,NO
2304,8119,140178,1772.8,completed,UNKNOWN,2025-09-22,NO
2388,23510,140693,688.66,failed,online,2025-09-22,NO
1,35263,140826,1841.59,completed,online,2025-09-22,NO
1182,30667,140896,1396.55,completed,online,2025-09-22,NO
43,34911,140938,1249.84,failed,online,2025-09-22,NO
2806,32267,141299,1778.51,failed,online,2025-09-22,NO
1302,41473,141494,1323.74,completed,online,2025-09-22,NO
39,4089,142304,1269.02,completed,online,2025-09-22,NO
1,471,142764,1453.07,failed,online,2025-09-22,NO
3031,2593,143197,925.66,failed,online,2025-09-22,NO
4734,16736,144339,1757.47,failed,online,2025-09-22,NO
422,11076,147982,1286.78,failed,online,2025-09-22,NO
1008,26928,149446,1513.42,failed,online,2025-09-22,NO
4392,44470,338,1817.11,failed,online,2025-06-02,NO
2906,32405,2397,1948.12,failed,online,2025-06-02,NO
1,4423,4340,488.39,completed,online,2025-06-02,NO
3328,16321,4947,282.13,failed,online,2025-06-02,NO
963,19700,8341,1205.75,failed,online,2025-06-02,NO
1,4330,10152,1799.99,failed,online,2025-06-02,NO
3868,7503,11003,696.84,completed,online,2025-06-02,NO
2803,27880,11198,1269.28,failed,online,2025-06-02,NO
4498,32063,11866,310.68,completed,online,2025-06-02,NO
1,17161,11964,413.77,failed,online,2025-06-02,NO
2615,49157,16039,1829.18,completed,online,2025-06-02,NO
2673,42768,17227,1283.89,completed,online,2025-06-02,NO
2025,9799,17614,1624.97,failed,online,2025-06-02,NO
1,36233,17905,1130.05,failed,online,2025-06-02,NO
4067,7860,19953,79.45,completed,online,2025-06-02,NO
665,32652,23818,1587.83,failed,online,2025-06-02,NO
4048,47771,24579,1436.16,completed,online,2025-06-02,NO
3387,6452,27900,524.0,failed,online,2025-06-02,NO
991,18187,32413,1439.16,failed,online,2025-06-02,NO
1373,22940,33169,800.97,completed,online,2025-06-02,NO
1001,9658,34329,776.86,failed,online,2025-06-02,NO
4025,34187,37512,86.2,completed,online,2025-06-02,NO
1699,7251,45666,105.97,completed,online,2025-06-02,NO
605,8167,49757,367.51,failed,UNKNOWN,2025-06-02,NO
1,42748,49907,1409.45,completed,online,2025-06-02,NO
3309,35096,51422,1373.26,failed,online,2025-06-02,NO
902,34931,51890,1555.95,failed,online,2025-06-02,NO
3692,31327,53566,289.2,completed,online,2025-06-02,NO
3451,24206,54084,23.86,failed,online,2025-06-02,NO
1158,11905,55018,1719.15,failed,online,2025-06-02,NO
2693,32279,56859,584.55,failed,online,2025-06-02,NO
3693,36431,57303,340.18,failed,online,2025-06-02,NO
3447,705,58159,381.41,failed,online,2025-06-02,NO
1038,20325,59998,28.29,failed,online,2025-06-02,NO
768,43993,62031,1353.51,completed,online,2025-06-02,NO
2406,13644,64371,1960.69,completed,online,2025-06-02,NO
4531,41060,64462,285.11,completed,online,2025-06-02,NO
1659,16018,64567,1699.55,completed,online,2025-06-02,NO
1,35666,66832,990.62,failed,online,2025-06-02,NO
771,49487,67189,1505.65,completed,online,2025-06-02,NO
1,22331,68219,741.49,failed,online,2025-06-02,NO
1,16796,68364,584.7,completed,online,2025-06-02,NO
1,20517,70595,628.64,completed,online,2025-06-02,NO
1633,43246,70947,1551.71,failed,online,2025-06-02,NO
3209,43296,71931,514.34,failed,online,2025-06-02,NO
3553,21848,72944,854.03,completed,online,2025-06-02,NO
1,38420,73328,393.7,completed,online,2025-06-02,NO
1276,38081,75917,71.9,failed,online,2025-06-02,NO
1,28901,80068,1299.72,completed,online,2025-06-02,NO
3321,43620,84574,976.95,completed,online,2025-06-02,NO
666,31992,87838,1771.86,failed,online,2025-06-02,NO
1997,36896,90108,1360.04,completed,online,2025-06-02,NO
3156,33908,90230,1380.28,failed,online,2025-06-02,NO
2259,33000,93366,859.59,failed,online,2025-06-02,NO
1,32964,93523,1813.27,failed,online,2025-06-02,NO
1210,49940,97414,1782.78,completed,online,2025-06-02,NO
4273,1786,102550,1420.09,failed,online,2025-06-02,NO
1,6166,103063,473.07,completed,online,2025-06-02,NO
4579,15152,104779,1963.68,failed,online,2025-06-02,NO
3317,4150,105613,1788.1,failed,online,2025-06-02,NO
4202,14903,105685,401.66,failed,online,2025-06-02,NO
880,40016,106780,806.41,failed,online,2025-06-02,NO
3999,14236,111052,1793.92,completed,online,2025-06-02,NO
2992,14888,111578,1625.22,failed,online,2025-06-02,NO
4169,35496,115785,758.41,failed,online,2025-06-02,NO
3512,49652,116203,1543.04,completed,online,2025-06-02,NO
1718,4107,117842,1139.37,completed,online,2025-06-02,NO
457,9462,117865,632.51,failed,online,2025-06-02,NO
1709,33090,118447,999.83,completed,online,2025-06-02,NO
2334,30931,122625,1087.0,failed,online,2025-06-02,NO
2902,20477,122913,139.37,completed,online,2025-06-02,NO
1,28763,123458,985.83,failed,online,2025-06-02,NO
162,49907,129190,681.26,completed,online,2025-06-02,NO
1,18259,130669,191.67,failed,online,2025-06-02,NO
1398,3754,131996,48.93,failed,online,2025-06-02,NO
4697,1467,135500,390.77,completed,online,2025-06-02,NO
1864,40715,136017,731.51,failed,online,2025-06-02,NO
3531,6370,137123,1348.55,completed,UNKNOWN,2025-06-02,NO
2031,31107,137191,1747.32,failed,online,2025-06-02,NO
1555,42491,138255,627.69,completed,online,2025-06-02,NO
1339,34565,147334,1747.31,completed,online,2025-06-02,NO
669,16733,148532,1527.34,completed,online,2025-06-02,NO
1617,41090,1476,657.69,completed,online,2025-02-03,NO
4622,40376,7464,1815.43,completed,online,2025-02-03,NO
3490,26762,8543,787.84,failed,online,2025-02-03,NO
1676,24690,8942,770.72,failed,online,2025-02-03,NO
3959,28851,10707,427.67,failed,online,2025-02-03,NO
1762,35666,10969,352.91,completed,online,2025-02-03,NO
1,3466,11877,1703.76,completed,online,2025-02-03,NO
2881,41348,15346,998.68,failed,online,2025-02-03,NO
14,23933,19616,1575.86,completed,online,2025-02-03,NO
2359,19560,21593,1760.07,completed,online,2025-02-03,NO
1,3615,22039,1585.04,failed,online,2025-02-03,NO
1,26607,23600,1120.47,completed,online,2025-02-03,NO
1081,11617,24055,1871.45,completed,online,2025-02-03,NO
1791,18361,24514,1522.09,failed,online,2025-02-03,NO
3553,39599,24934,860.32,completed,online,2025-02-03,NO
1,7837,26311,1239.43,failed,online,2025-02-03,NO
1,32363,27061,1049.32,failed,online,2025-02-03,NO
2334,31387,27749,930.19,completed,online,2025-02-03,NO
3863,47498,28300,1599.03,failed,online,2025-02-03,NO
940,1256,30574,1317.21,completed,online,2025-02-03,NO
134,11772,31450,1722.21,failed,online,2025-02-03,NO
677,7369,32432,1507.0,failed,online,2025-02-03,NO
4571,19717,34087,406.0,failed,online,2025-02-03,NO
4801,19165,34135,1545.29,completed,online,2025-02-03,NO
1689,40175,35835,838.99,failed,online,2025-02-03,NO
1321,42701,38242,650.58,failed,online,2025-02-03,NO
2008,30779,39503,1957.66,failed,online,2025-02-03,NO
553,8084,42040,1822.21,failed,online,2025-02-03,NO
1,22375,43318,1862.56,failed,online,2025-02-03,NO
482,25823,43637,88.15,failed,UNKNOWN,2025-02-03,NO
4030,43630,45796,799.51,completed,online,2025-02-03,NO
1,2224,46409,1392.49,completed,online,2025-02-03,NO
706,31151,50575,896.36,failed,online,2025-02-03,NO
13,36454,52827,1848.42,completed,online,2025-02-03,NO
2749,30189,57609,1896.98,completed,online,2025-02-03,NO
1297,31832,59085,1172.13,failed,online,2025-02-03,NO
988,35404,59377,944.69,failed,online,2025-02-03,NO
1495,36992,59923,1955.54,completed,online,2025-02-03,NO
2487,6707,60740,313.89,failed,online,2025-02-03,NO
458,34677,61139,1774.22,failed,online,2025-02-03,NO
3378,500,63174,75.81,completed,online,2025-02-03,NO
2147,8696,68627,1267.81,completed,online,2025-02-03,NO
45,17056,73383,1652.83,failed,online,2025-02-03,NO
1,29704,75797,1482.83,failed,online,2025-02-03,NO
3313,18575,76586,1892.38,failed,online,2025-02-03,NO
4725,392,81229,293.58,completed,online,2025-02-03,NO
2225,9758,82913,745.81,completed,online,2025-02-03,NO
2004,9008,85769,430.85,failed,online,2025-02-03,NO
1,23279,87474,950.41,completed,online,2025-02-03,NO
2885,25734,90116,117.41,failed,online,2025-02-03,NO
2322,39460,91559,1037.88,failed,online,2025-02-03,NO
3575,6606,94795,1307.31,completed,online,2025-02-03,NO
2475,2735,97843,1556.22,failed,online,2025-02-03,NO
2419,18921,99298,1853.42,failed,online,2025-02-03,NO
2131,18079,100637,1445.35,completed,online,2025-02-03,NO
4841,10538,103711,1815.88,failed,online,2025-02-03,NO
1365,25992,104304,500.96,completed,online,2025-02-03,NO
4901,46675,107812,312.86,completed,online,2025-02-03,NO
3696,39178,110283,542.46,failed,online,2025-02-03,NO
828,22237,111105,1276.65,failed,online,2025-02-03,NO
1349,42468,111181,378.48,failed,online,2025-02-03,NO
2602,15146,111914,476.43,completed,online,2025-02-03,NO
3312,22528,112953,905.05,completed,online,2025-02-03,NO
1,8578,113908,6765.739781616082,completed,online,2025-02-03,NO
198,7509,119876,233.16,failed,online,2025-02-03,NO
1027,38881,125305,901.96,completed,online,2025-02-03,NO
1970,46185,125691,1588.08,completed,online,2025-02-03,NO
1676,33064,126788,1020.75,completed,online,2025-02-03,NO
1341,22156,129144,169.49,completed,online,2025-02-03,NO
1,7118,130777,1275.56,completed,online,2025-02-03,NO
3506,18493,131631,448.06,completed,online,2025-02-03,NO
4622,43733,132887,1370.31,completed,online,2025-02-03,NO
784,2130,133348,1626.84,completed,online,2025-02-03,NO
2533,43759,136322,990.03,completed,online,2025-02-03,NO
3071,17281,136478,626.71,completed,online,2025-02-03,NO
3469,3193,138151,1720.71,completed,online,2025-02-03,NO
2364,23606,138896,432.64,failed,online,2025-02-03,NO
4717,47735,139598,365.72,failed,online,2025-02-03,NO
564,23812,145520,1795.19,failed,online,2025-02-03,NO
969,39362,148701,1870.36,failed,online,2025-02-03,NO
1650,44304,149704,129.83,failed,online,2025-02-03,NO
3006,4125,2324,1003.83,completed,online,2025-07-02,NO
1,45556,7713,1913.67,completed,online,2025-07-02,NO
518,27430,7767,491.76,failed,online,2025-07-02,NO
2909,27525,9432,1762.48,failed,online,2025-07-02,NO
3133,46594,10837,580.6,completed,online,2025-07-02,NO
3726,8989,12270,782.98,completed,online,2025-07-02,NO
1,8562,14753,1676.24,failed,online,2025-07-02,NO
2387,35325,16277,58.44,completed,online,2025-07-02,NO
2506,17844,17379,772.04,completed,online,2025-07-02,NO
1315,16805,17445,379.33,failed,online,2025-07-02,NO
2252,37835,18086,486.57,completed,online,2025-07-02,NO
400,1667,20110,1472.5,failed,online,2025-07-02,NO
3466,13045,21649,868.64,failed,online,2025-07-02,NO
2810,6033,22794,1538.43,failed,online,2025-07-02,NO
3062,39832,25166,884.25,failed,online,2025-07-02,NO
1,9852,25684,912.19,failed,online,2025-07-02,NO
1278,24519,29366,1308.46,failed,online,2025-07-02,NO
3780,9879,31833,983.9,completed,online,2025-07-02,NO
977,3758,33380,476.52,completed,online,2025-07-02,NO
1436,26359,33397,1213.68,failed,online,2025-07-02,NO
2708,24868,33660,1448.01,failed,online,2025-07-02,NO
1,21136,41118,564.44,completed,online,2025-07-02,NO
2123,26257,44101,55.07,completed,online,2025-07-02,NO
1648,4676,45780,1949.13,failed,online,2025-07-02,NO
1739,20770,47288,1752.48,failed,online,2025-07-02,NO
2797,16909,53505,1841.69,completed,online,2025-07-02,NO
2765,20215,54420,542.95,completed,UNKNOWN,2025-07-02,NO
4992,40372,56986,205.68,completed,online,2025-07-02,NO
1,10101,57663,189.07,completed,online,2025-07-02,NO
2151,6832,58741,1781.87,completed,online,2025-07-02,NO
303,48318,60607,1201.31,completed,online,2025-07-02,NO
1,30526,62308,69.7,failed,online,2025-07-02,NO
2076,34133,63558,217.24,failed,online,2025-07-02,NO
4607,30905,64401,1726.24,failed,online,2025-07-02,NO
1,46714,72081,379.25,completed,online,2025-07-02,NO
1,8494,73982,1546.91,failed,online,2025-07-02,NO
4123,22996,75421,114.54,failed,online,2025-07-02,NO
3153,43455,80865,877.71,completed,online,2025-07-02,NO
2890,10756,81933,1632.35,completed,online,2025-07-02,NO
1,21060,83013,227.11,failed,online,2025-07-02,NO
2293,41309,83119,1530.95,completed,online,2025-07-02,NO
4127,37244,86453,764.43,failed,online,2025-07-02,NO
523,18197,86705,489.7,completed,online,2025-07-02,NO
1224,5649,87201,743.14,failed,UNKNOWN,2025-07-02,NO
4140,37594,87276,1985.11,completed,online,2025-07-02,NO
2532,16779,94272,1649.55,completed,online,2025-07-02,NO
459,8620,94883,1856.53,failed,online,2025-07-02,NO
4818,16274,99244,554.97,failed,online,2025-07-02,NO
4764,26702,100623,927.22,failed,online,2025-07-02,NO
4207,4920,101550,902.21,completed,online,2025-07-02,NO
1240,31095,102991,8922.015269880927,completed,online,2025-07-02,NO
3793,28792,105512,716.24,failed,online,2025-07-02,NO
3021,245,105618,125.91,completed,online,2025-07-02,NO
4605,24071,105784,1532.88,completed,online,2025-07-02,NO
3310,34778,107000,1386.3,completed,online,2025-07-02,NO
4833,45281,108324,550.31,completed,online,2025-07-02,NO
2689,19132,113581,1755.86,failed,online,2025-07-02,NO
4239,1163,113820,936.19,failed,online,2025-07-02,NO
4865,13802,114289,267.56,completed,online,2025-07-02,NO
1,7019,115342,1743.19,failed,online,2025-07-02,NO
273,35677,115664,361.59,completed,online,2025-07-02,NO
4920,17619,118499,1157.29,failed,online,2025-07-02,NO
4851,42660,120741,1015.27,completed,online,2025-07-02,NO
4415,5036,122192,1280.61,completed,online,2025-07-02,NO
2745,5844,123644,714.56,failed,online,2025-07-02,NO
3411,39799,124026,1305.55,failed,online,2025-07-02,NO
3971,32014,126292,804.03,completed,online,2025-07-02,NO
4804,30162,126650,1165.06,failed,online,2025-07-02,NO
2658,15818,128027,225.8,completed,UNKNOWN,2025-07-02,NO
1,38025,129092,1413.11,completed,online,2025-07-02,NO
873,44364,133284,356.9,completed,online,2025-07-02,NO
2469,2030,134040,339.44,failed,online,2025-07-02,NO
1,37972,135948,690.01,failed,online,2025-07-02,NO
1877,10345,136102,769.25,completed,online,2025-07-02,NO
2698,13808,137918,84.99,failed,online,2025-07-02,NO
3701,26317,140768,308.18,completed,online,2025-07-02,NO
1,48771,143578,1839.38,failed,online,2025-07-02,NO
1072,8572,143801,616.62,failed,online,2025-07-02,NO
2942,21996,144975,1394.49,completed,online,2025-07-02,NO
3675,37525,146739,362.13,completed,online,2025-07-02,NO
1,8699,148372,146.08,completed,online,2025-07-02,NO
2032,18062,5897,952.98,failed,online,2025-04-18,NO
1509,21213,12755,49.67,completed,online,2025-04-18,NO
1,6190,15083,213.09,failed,online,2025-04-18,NO
196,24959,19297,1227.98,failed,online,2025-04-18,NO
4057,8220,19962,1473.98,completed,online,2025-04-18,NO
1,36470,20946,1067.49,failed,online,2025-04-18,NO
1566,45963,23443,1896.29,completed,online,2025-04-18,NO
3590,37515,23696,636.26,failed,online,2025-04-18,NO
2873,35180,29044,1126.47,completed,online,2025-04-18,NO
2606,46250,32075,968.65,failed,online,2025-04-18,NO
3491,2997,32118,1076.31,completed,online,2025-04-18,NO
1,25543,34780,1381.76,completed,online,2025-04-18,NO
3891,36365,35371,73.49,completed,online,2025-04-18,NO
1138,26817,35905,136.01,failed,online,2025-04-18,NO
1,44371,39517,1505.89,completed,online,2025-04-18,NO
2716,21817,39702,1493.37,completed,online,2025-04-18,NO
523,20959,42166,1074.82,failed,online,2025-04-18,NO
4761,4648,42450,1139.58,failed,online,2025-04-18,NO
3759,43774,42637,1234.47,failed,online,2025-04-18,NO
698,11357,44407,1011.8,failed,online,2025-04-18,NO
4111,19739,45688,1453.42,failed,online,2025-04-18,NO
1,34508,46729,486.23,failed,online,2025-04-18,NO
4778,22733,47774,670.7,failed,online,2025-04-18,NO
4568,668,52063,1257.59,completed,online,2025-04-18,NO
3808,11412,52513,382.07,failed,online,2025-04-18,NO
3063,24237,54089,767.96,completed,online,2025-04-18,NO
501,18056,55488,1369.28,failed,online,2025-04-18,NO
1,10672,57202,1372.05,failed,online,2025-04-18,NO
1302,31035,57287,327.72,completed,online,2025-04-18,NO
1806,38753,59084,497.18,failed,online,2025-04-18,NO
1,28691,59886,879.32,failed,online,2025-04-18,NO
356,14561,66947,1070.51,completed,online,2025-04-18,NO
3574,5226,67822,1446.38,failed,online,2025-04-18,NO
3551,19042,70672,284.29,failed,online,2025-04-18,NO
1,9416,71434,1566.9,failed,online,2025-04-18,NO
1341,44930,71971,1986.51,failed,UNKNOWN,2025-04-18,NO
1481,8125,75887,686.26,failed,online,2025-04-18,NO
1,14553,76397,487.42,failed,online,2025-04-18,NO
1217,25741,76700,1810.09,failed,online,2025-04-18,NO
1247,5910,79876,1024.49,completed,online,2025-04-18,NO
3717,12073,79918,709.15,completed,UNKNOWN,2025-04-18,NO
2458,45881,83286,518.21,failed,online,2025-04-18,NO
2896,4231,84272,9102.775070465861,failed,online,2025-04-18,NO
671,33734,84477,1241.1,completed,online,2025-04-18,NO
558,6427,85621,1187.92,completed,online,2025-04-18,NO
1691,21912,89122,1833.13,failed,online,2025-04-18,NO
3546,28755,90487,1246.4,completed,online,2025-04-18,NO
972,12624,91166,1027.38,failed,online,2025-04-18,NO
1,16228,91545,1248.88,completed,online,2025-04-18,NO
4194,14508,93925,177.11,failed,online,2025-04-18,NO
1455,45649,97786,1096.61,failed,online,2025-04-18,NO
4277,29417,99149,849.26,completed,online,2025-04-18,NO
2437,45317,101163,1551.67,failed,online,2025-04-18,NO
3512,37537,105257,44.31,failed,online,2025-04-18,NO
1382,32705,112726,577.73,failed,online,2025-04-18,NO
144,43521,114136,1902.16,completed,online,2025-04-18,NO
3112,44720,115603,1617.39,failed,online,2025-04-18,NO
4487,33056,116516,180.51,failed,online,2025-04-18,NO
1,2045,118807,1912.59,failed,online,2025-04-18,NO
3990,23848,118884,1530.92,failed,online,2025-04-18,NO
4708,12456,118957,290.49,completed,online,2025-04-18,NO
642,15016,119305,864.3,completed,online,2025-04-18,NO
4995,3402,121781,975.02,failed,online,2025-04-18,NO
4537,36525,121976,365.56,failed,online,2025-04-18,NO
1,8002,122409,1104.4,failed,online,2025-04-18,NO
2725,3978,122804,905.23,failed,online,2025-04-18,NO
1,47613,123513,1822.74,failed,online,2025-04-18,NO
2930,46561,125536,455.68,completed,online,2025-04-18,NO
1632,28601,126341,1884.06,failed,online,2025-04-18,NO
1001,5077,127918,1329.81,failed,online,2025-04-18,NO
1,18876,130418,513.48,failed,online,2025-04-18,NO
3726,4884,131817,1913.84,failed,online,2025-04-18,NO
2959,32375,134842,439.98,failed,online,2025-04-18,NO
3496,35307,136971,1445.55,failed,online,2025-04-18,NO
3182,9491,140421,331.28,failed,online,2025-04-18,NO
1,28057,141160,1652.96,failed,online,2025-04-18,NO
1,2436,141463,5666.005239149958,failed,online,2025-04-18,NO
1,33548,141640,651.13,completed,online,2025-04-18,NO
1,24699,142408,514.87,failed,online,2025-04-18,NO
1238,11924,145686,1304.16,failed,online,2025-04-18,NO
3603,12619,146430,1291.63,completed,online,2025-04-18,NO
1,30698,149589,158.21,completed,online,2025-04-18,NO
2045,22453,3044,1663.56,failed,online,2025-01-27,NO
3597,47228,3462,1803.28,failed,online,2025-01-27,NO
804,10027,4652,1943.06,completed,online,2025-01-27,NO
2576,30764,4887,1682.68,failed,online,2025-01-27,NO
3996,31293,5731,822.42,failed,online,2025-01-27,NO
4517,48785,5952,449.23,completed,online,2025-01-27,NO
2400,36971,8182,539.02,completed,online,2025-01-27,NO
3756,3833,8421,400.98,failed,online,2025-01-27,NO
1,14571,10164,410.94,failed,online,2025-01-27,NO
210,7691,12156,543.3,completed,online,2025-01-27,NO
3828,2645,12180,525.22,completed,online,2025-01-27,NO
2550,18963,12997,246.09,completed,online,2025-01-27,NO
3168,26337,14859,489.47,completed,online,2025-01-27,NO
1,36846,18830,1310.52,completed,online,2025-01-27,NO
569,36046,19916,583.45,completed,online,2025-01-27,NO
1916,10883,21178,1401.87,failed,online,2025-01-27,NO
3000,17591,24122,1441.58,failed,online,2025-01-27,NO
4508,25520,27067,102.21,failed,online,2025-01-27,NO
4507,26583,27880,1952.6,failed,online,2025-01-27,NO
4073,38503,30580,1018.88,failed,online,2025-01-27,NO
3298,30312,34190,1233.63,failed,online,2025-01-27,NO
1,44214,35189,394.25,failed,online,2025-01-27,NO
1126,10239,43956,690.4,completed,online,2025-01-27,NO
1,2961,48758,1697.57,completed,UNKNOWN,2025-01-27,NO
4799,30554,49402,1582.88,completed,online,2025-01-27,NO
1,4126,52396,819.06,failed,online,2025-01-27,NO
2017,49153,56894,713.06,failed,online,2025-01-27,NO
3589,11818,57132,771.89,completed,online,2025-01-27,NO
103,47797,63182,809.86,completed,online,2025-01-27,NO
790,9349,63979,753.95,completed,online,2025-01-27,NO
1999,36161,64809,419.8,completed,online,2025-01-27,NO
1025,48367,67254,619.88,failed,online,2025-01-27,NO
4275,37500,69132,934.76,failed,online,2025-01-27,NO
1,17626,73712,1877.32,completed,online,2025-01-27,NO
899,18799,73779,1921.27,completed,online,2025-01-27,NO
2728,48657,75140,1018.06,completed,online,2025-01-27,NO
2404,3552,75980,1740.92,failed,online,2025-01-27,NO
3521,12783,78690,358.04,failed,online,2025-01-27,NO
1897,13979,79998,48.9,failed,online,2025-01-27,NO
3657,450,80385,699.95,failed,online,2025-01-27,NO
1,23090,80529,331.02,failed,online,2025-01-27,NO
3757,27925,81160,204.78,failed,online,2025-01-27,NO
1,46154,82135,382.94,failed,online,2025-01-27,NO
3135,21972,83238,1558.45,completed,online,2025-01-27,NO
2356,2785,83609,1564.63,failed,online,2025-01-27,NO
4304,41842,85115,1179.83,failed,online,2025-01-27,NO
2486,40819,85892,52.0,failed,online,2025-01-27,NO
2680,30816,87965,716.41,failed,online,2025-01-27,NO
2578,14881,89821,77.65,failed,online,2025-01-27,NO
896,9018,92227,45.84,failed,online,2025-01-27,NO
2527,14077,92849,1767.89,completed,online,2025-01-27,NO
617,7866,93226,304.14,completed,online,2025-01-27,NO
1,25379,93234,678.05,failed,online,2025-01-27,NO
1,35122,94334,1174.84,failed,online,2025-01-27,NO
1751,7442,96499,1293.74,completed,online,2025-01-27,NO
449,16637,105192,461.02,failed,online,2025-01-27,NO
4260,32923,110833,864.38,failed,online,2025-01-27,NO
3361,45783,115916,792.7,completed,online,2025-01-27,NO
4805,47774,116090,1818.71,failed,online,2025-01-27,NO
119,32927,119410,1593.25,completed,online,2025-01-27,NO
2609,48868,119512,1254.24,failed,online,2025-01-27,NO
1272,29432,119630,758.48,completed,online,2025-01-27,NO
374,1612,124031,692.18,failed,online,2025-01-27,NO
4961,42803,127501,1310.21,completed,online,2025-01-27,NO
4770,27137,128434,1704.85,completed,online,2025-01-27,NO
2204,9723,128439,1358.64,completed,online,2025-01-27,NO
3846,49323,128451,879.18,failed,online,2025-01-27,NO
3730,36104,131376,1288.47,failed,online,2025-01-27,NO
260,43863,132316,1382.18,completed,online,2025-01-27,NO
1,40530,132356,1283.45,failed,online,2025-01-27,NO
4634,31557,132674,1051.36,failed,online,2025-01-27,NO
433,21109,134821,87.78,completed,online,2025-01-27,NO
2632,14275,134899,740.6,completed,online,2025-01-27,NO
4097,15960,135362,453.35,failed,online,2025-01-27,NO
1600,2771,136413,1048.4,failed,online,2025-01-27,NO
1789,36607,141435,1489.04,completed,online,2025-01-27,NO
1506,31792,144121,1129.83,failed,online,2025-01-27,NO
3154,21626,144844,1179.76,failed,online,2025-01-27,NO
4814,37832,145470,1595.03,failed,online,2025-01-27,NO
1,35110,146926,489.81,completed,online,2025-01-27,NO
2618,37328,148814,779.37,failed,online,2025-01-27,NO
4420,16713,149279,854.51,failed,online,2025-01-27,NO
1031,44202,4334,506.47,completed,online,2025-01-22,NO
1,21986,6388,1505.53,failed,online,2025-01-22,NO
4824,42760,7995,509.7,failed,online,2025-01-22,NO
1221,23245,8424,193.13,failed,online,2025-01-22,NO
1096,21542,9904,1427.22,completed,online,2025-01-22,NO
1,39651,10612,90.63,failed,online,2025-01-22,NO
4596,5127,13987,1237.82,failed,online,2025-01-22,NO
1,16846,14392,768.4,failed,online,2025-01-22,NO
4718,1643,15350,1003.68,completed,online,2025-01-22,NO
1661,29234,19502,1100.15,completed,online,2025-01-22,NO
1991,40688,19587,1026.57,completed,online,2025-01-22,NO
3768,12472,22876,827.39,completed,online,2025-01-22,NO
4866,18587,22878,227.31,completed,online,2025-01-22,NO
3462,9343,22902,1044.68,failed,online,2025-01-22,NO
3071,26772,27022,867.63,failed,online,2025-01-22,NO
573,36671,33024,1309.63,completed,online,2025-01-22,NO
4784,2232,35422,580.68,failed,online,2025-01-22,NO
2104,24664,35858,339.87,completed,online,2025-01-22,NO
4777,6386,36360,1847.42,failed,online,2025-01-22,NO
3930,25258,36435,1019.21,completed,online,2025-01-22,NO
1,19713,38331,1273.59,completed,online,2025-01-22,NO
4920,2814,41359,323.33,failed,online,2025-01-22,NO
1,4899,47519,984.45,completed,online,2025-01-22,NO
3785,42180,48154,1113.98,failed,online,2025-01-22,NO
2054,30646,48658,1454.19,failed,UNKNOWN,2025-01-22,NO
370,25053,52274,583.53,completed,online,2025-01-22,NO
4301,17083,53345,688.59,completed,online,2025-01-22,NO
3541,21299,53857,1252.84,failed,online,2025-01-22,NO
1,13617,54141,1916.72,completed,online,2025-01-22,NO
4625,34733,54257,421.34,completed,online,2025-01-22,NO
32,19668,55216,433.56,completed,online,2025-01-22,NO
1,6504,56011,9402.849069502972,completed,online,2025-01-22,NO
1,36402,56330,105.66,failed,online,2025-01-22,NO
2079,32469,60320,206.37,failed,online,2025-01-22,NO
2379,4822,60971,785.69,completed,online,2025-01-22,NO
1855,11010,67154,6418.461722268681,completed,online,2025-01-22,NO
2273,21897,69032,1460.31,failed,online,2025-01-22,NO
1,47841,71169,549.76,completed,online,2025-01-22,NO
2176,16935,77665,264.48,completed,online,2025-01-22,NO
2341,9879,80076,1694.9,completed,online,2025-01-22,NO
4832,23940,82558,487.45,failed,online,2025-01-22,NO
4665,48955,84926,1436.14,completed,online,2025-01-22,NO
462,17620,85744,1377.49,completed,online,2025-01-22,NO
324,11169,89092,196.69,completed,online,2025-01-22,NO
1,43664,89952,99.73,completed,online,2025-01-22,NO
4393,16921,91760,1016.02,completed,online,2025-01-22,NO
1,41646,93332,961.95,completed,online,2025-01-22,NO
3248,1806,94670,182.58,failed,online,2025-01-22,NO
659,13552,96318,1277.38,failed,online,2025-01-22,NO
3891,41458,97243,127.36,failed,online,2025-01-22,NO
4216,35812,98028,561.17,failed,online,2025-01-22,NO
3286,41191,99679,354.53,failed,online,2025-01-22,NO
2483,30956,101538,1862.53,completed,online,2025-01-22,NO
1,24379,106340,1126.25,completed,online,2025-01-22,NO
1458,12308,107744,1784.95,failed,online,2025-01-22,NO
4219,47235,109508,180.1,completed,online,2025-01-22,NO
3543,29432,109532,1794.65,failed,online,2025-01-22,NO
99,13428,110469,1382.41,failed,online,2025-01-22,NO
668,27346,111827,1758.81,failed,online,2025-01-22,NO
2720,16845,117228,664.22,completed,online,2025-01-22,NO
4831,27148,117543,1239.01,completed,online,2025-01-22,NO
439,24423,123153,1156.18,completed,online,2025-01-22,NO
4140,30702,124397,1781.31,completed,online,2025-01-22,NO
96,12116,124703,1253.7,failed,online,2025-01-22,NO
1,15164,125824,1997.73,failed,online,2025-01-22,NO
1643,39309,127289,318.31,completed,online,2025-01-22,NO
2767,39047,130423,1536.73,completed,online,2025-01-22,NO
710,18253,131512,1815.17,completed,UNKNOWN,2025-01-22,NO
4803,24254,131890,1025.78,completed,online,2025-01-22,NO
1,9041,133320,410.53,completed,online,2025-01-22,NO
1,27926,135771,1976.83,completed,online,2025-01-22,NO
1809,38890,136682,852.09,completed,online,2025-01-22,NO
2024,10676,137594,1864.73,failed,online,2025-01-22,NO
1,22634,138196,1462.92,completed,online,2025-01-22,NO
3661,44209,139622,1966.61,completed,online,2025-01-22,NO
4421,46324,140114,781.46,failed,online,2025-01-22,NO
1,16045,142633,5041.368928235349,completed,online,2025-01-22,NO
4319,19533,145171,1220.56,completed,online,2025-01-22,NO
387,36178,148373,630.1,completed,online,2025-01-22,NO
1,32089,149147,1173.17,completed,online,2025-01-22,NO
4968,20221,2430,1630.77,completed,online,2025-12-01,NO
1,18633,3376,1361.81,failed,online,2025-12-01,NO
4946,8416,4421,427.61,failed,online,2025-12-01,NO
4117,14700,4797,1903.34,failed,online,2025-12-01,NO
2688,49923,5141,311.53,completed,online,2025-12-01,NO
1089,39307,6580,6545.947422778056,completed,online,2025-12-01,NO
348,13095,6942,483.86,failed,online,2025-12-01,NO
1565,29551,7942,1328.8,completed,online,2025-12-01,NO
3960,2671,8625,479.63,completed,online,2025-12-01,NO
1442,43431,19034,78.31,completed,online,2025-12-01,NO
1,20893,22318,131.39,failed,online,2025-12-01,NO
3901,8100,25298,1659.88,failed,online,2025-12-01,NO
47,33728,28812,1459.54,completed,online,2025-12-01,NO
4168,19820,30989,239.01,completed,online,2025-12-01,NO
3761,26072,31009,1858.61,failed,online,2025-12-01,NO
1905,38903,31081,211.13,completed,online,2025-12-01,NO
3162,12416,32372,1458.24,failed,online,2025-12-01,NO
2380,34236,32451,624.34,failed,online,2025-12-01,NO
4244,7009,33747,1441.72,completed,online,2025-12-01,NO
2076,2445,34325,1544.55,failed,online,2025-12-01,NO
1,17581,35699,1053.52,completed,online,2025-12-01,NO
919,5123,36033,184.41,completed,online,2025-12-01,NO
1,39214,36268,576.62,failed,online,2025-12-01,NO
298,49089,37105,1257.31,completed,online,2025-12-01,NO
2904,36955,38771,1069.43,completed,online,2025-12-01,NO
1,11157,38881,494.02,completed,online,2025-12-01,NO
2948,6117,39180,1506.09,completed,online,2025-12-01,NO
1,28315,41319,1202.65,completed,online,2025-12-01,NO
805,42432,44690,666.7,completed,online,2025-12-01,NO
3422,10280,45148,752.29,completed,online,2025-12-01,NO
3069,2398,49933,1992.11,failed,online,2025-12-01,NO
4633,26820,50861,869.67,failed,online,2025-12-01,NO
4384,18703,52254,1572.54,completed,online,2025-12-01,NO
2423,49461,53600,1023.8,completed,online,2025-12-01,NO
668,43420,53925,1588.45,completed,online,2025-12-01,NO
569,2987,55245,526.21,completed,online,2025-12-01,NO
1433,47826,55337,1925.35,failed,online,2025-12-01,NO
2231,39868,65121,1238.78,failed,online,2025-12-01,NO
3447,8958,66836,101.42,completed,online,2025-12-01,NO
3863,13923,67331,1580.74,failed,online,2025-12-01,NO
2301,20457,71577,1726.98,failed,online,2025-12-01,NO
716,12775,75932,1211.26,failed,online,2025-12-01,NO
2988,49857,76973,1334.33,completed,online,2025-12-01,NO
1,13400,77926,452.69,failed,online,2025-12-01,NO
1,36133,83478,1086.55,completed,online,2025-12-01,NO
1,1662,84195,1055.54,completed,online,2025-12-01,NO
4472,26885,84725,1728.18,failed,online,2025-12-01,NO
2965,45803,87395,209.11,failed,online,2025-12-01,NO
4125,9908,88135,492.54,completed,online,2025-12-01,NO
3995,23817,90632,1973.83,failed,online,2025-12-01,NO
3832,32123,94224,1142.82,failed,online,2025-12-01,NO
3449,27822,95307,188.72,completed,online,2025-12-01,NO
4761,29665,99087,807.58,failed,online,2025-12-01,NO
1877,11524,104586,687.86,failed,UNKNOWN,2025-12-01,NO
1,10227,106536,1629.05,completed,online,2025-12-01,NO
3928,43923,107447,323.09,completed,online,2025-12-01,NO
1,16578,107563,1840.52,failed,online,2025-12-01,NO
1,32364,108981,1451.48,failed,online,2025-12-01,NO
1,36830,109992,897.7,failed,online,2025-12-01,NO
2837,5916,111225,1479.28,failed,online,2025-12-01,NO
2560,8795,113204,1461.82,completed,online,2025-12-01,NO
1543,4346,115684,1971.35,completed,online,2025-12-01,NO
3963,15960,116123,192.81,completed,online,2025-12-01,NO
4853,31983,118051,108.74,completed,online,2025-12-01,NO
1,18836,118490,1237.4,completed,online,2025-12-01,NO
4389,5203,118907,1130.45,failed,online,2025-12-01,NO
1,12205,120534,996.93,completed,online,2025-12-01,NO
2261,4680,121831,1040.23,failed,online,2025-12-01,NO
1534,42878,122814,395.36,failed,online,2025-12-01,NO
4186,7611,123089,239.58,completed,online,2025-12-01,NO
1,38619,124546,1932.67,failed,online,2025-12-01,NO
1761,43631,132764,1392.39,failed,online,2025-12-01,NO
4884,27430,133498,554.42,failed,online,2025-12-01,NO
4525,7116,137356,1377.52,failed,online,2025-12-01,NO
4512,35453,140807,1724.03,failed,online,2025-12-01,NO
4659,6961,142226,1019.56,failed,online,2025-12-01,NO
4056,29486,143140,1895.89,completed,online,2025-12-01,NO
450,14825,143692,1326.54,failed,online,2025-12-01,NO
4111,19900,146362,1406.51,failed,online,2025-12-01,NO
3760,15838,149361,1222.83,completed,online,2025-12-01,NO
142,41300,149976,1458.28,completed,online,2025-12-01,NO
2999,35044,1242,840.18,failed,online,2025-04-18,NO
504,28543,4775,263.27,completed,online,2025-04-18,NO
2906,47757,9404,1600.12,completed,online,2025-04-18,NO
1642,31902,10220,296.05,completed,online,2025-04-18,NO
2500,47403,14150,243.06,completed,online,2025-04-18,NO
2501,21046,14282,1997.23,failed,online,2025-04-18,NO
4188,35726,19046,1736.32,failed,online,2025-04-18,NO
2516,19014,20206,1677.93,completed,online,2025-04-18,NO
3544,5770,21069,80.13,completed,online,2025-04-18,NO
1,46913,22657,1031.13,completed,online,2025-04-18,NO
2523,28679,23430,1281.42,failed,UNKNOWN,2025-04-18,NO
4990,11450,24226,1163.35,failed,online,2025-04-18,NO
883,28803,25635,1732.12,completed,online,2025-04-18,NO
3439,15783,29275,1269.87,completed,online,2025-04-18,NO
3908,13600,30168,317.6,completed,online,2025-04-18,NO
2388,43843,32437,408.12,completed,online,2025-04-18,NO
116,18921,33194,372.93,completed,online,2025-04-18,NO
1,49120,33405,638.13,failed,UNKNOWN,2025-04-18,NO
4090,4324,43679,1264.41,completed,online,2025-04-18,NO
865,13345,46145,167.9,completed,online,2025-04-18,NO
992,48963,47794,496.47,failed,online,2025-04-18,NO
1,13345,48560,1212.41,completed,online,2025-04-18,NO
1,2689,48835,210.41,failed,online,2025-04-18,NO
1212,36751,49065,89.3,failed,online,2025-04-18,NO
778,24143,50579,28.23,completed,online,2025-04-18,NO
4540,301,50922,1965.16,failed,online,2025-04-18,NO
2659,20379,51988,1075.18,failed,online,2025-04-18,NO
4696,33694,52671,1735.85,completed,online,2025-04-18,NO
76,41857,53169,596.77,failed,online,2025-04-18,NO
678,42405,53840,1235.04,completed,online,2025-04-18,NO
1,15589,61063,584.01,completed,online,2025-04-18,NO
3212,25109,62347,695.52,completed,online,2025-04-18,NO
1,5404,63136,44.63,failed,online,2025-04-18,NO
2229,2502,63950,1575.85,failed,online,2025-04-18,NO
3719,43413,65365,1549.32,failed,online,2025-04-18,NO
1,16860,65620,17.89,failed,online,2025-04-18,NO
2857,15468,66089,125.49,completed,online,2025-04-18,NO
1,38288,66514,229.91,failed,online,2025-04-18,NO
473,36966,66845,595.22,failed,online,2025-04-18,NO
537,25639,67876,1691.32,completed,online,2025-04-18,NO
3684,48017,68423,935.05,failed,online,2025-04-18,NO
1977,36742,75015,1574.64,failed,online,2025-04-18,NO
2374,46146,75966,1671.61,completed,online,2025-04-18,NO
940,16772,77117,167.32,completed,online,2025-04-18,NO
4884,35568,77782,1575.01,completed,online,2025-04-18,NO
409,48856,78549,453.41,completed,online,2025-04-18,NO
4871,43428,82882,337.52,failed,online,2025-04-18,NO
3906,32227,83374,1627.01,failed,online,2025-04-18,NO
55,237,86636,1103.05,completed,online,2025-04-18,NO
2445,22505,86650,1344.22,failed,online,2025-04-18,NO
1,12479,87270,572.3,failed,online,2025-04-18,NO
423,15874,88665,699.02,completed,online,2025-04-18,NO
4915,43696,90006,1156.27,completed,online,2025-04-18,NO
362,46531,91205,239.87,completed,online,2025-04-18,NO
1,27131,93119,1240.69,failed,online,2025-04-18,NO
4714,22525,96636,997.03,completed,online,2025-04-18,NO
1673,42951,102792,1433.51,completed,online,2025-04-18,NO
1,44227,104657,1240.21,completed,online,2025-04-18,NO
138,25029,105787,1702.69,completed,online,2025-04-18,NO
728,14352,107082,891.68,completed,online,2025-04-18,NO
4260,41215,107394,441.18,failed,online,2025-04-18,NO
2076,38950,112896,365.96,completed,online,2025-04-18,NO
2000,23366,116860,1223.34,failed,online,2025-04-18,NO
4548,29935,117936,1835.86,completed,online,2025-04-18,NO
1,7384,118403,32.89,failed,online,2025-04-18,NO
3147,48099,119508,784.45,completed,online,2025-04-18,NO
1087,31156,120607,1640.61,failed,online,2025-04-18,NO
4666,26935,122473,609.31,failed,online,2025-04-18,NO
1,12724,126297,50.77,failed,online,2025-04-18,NO
4801,35837,127000,736.69,completed,online,2025-04-18,NO
1,19950,127351,1061.57,failed,online,2025-04-18,NO
4752,6146,127740,1480.14,completed,online,2025-04-18,NO
1,47324,127829,1144.2,failed,online,2025-04-18,NO
2196,26934,130856,1899.99,completed,online,2025-04-18,NO
1,29539,132298,326.02,completed,online,2025-04-18,NO
718,45788,137209,1422.37,completed,online,2025-04-18,NO
3744,35695,137237,115.88,failed,online,2025-04-18,NO
2300,15858,140564,1477.91,failed,online,2025-04-18,NO
580,21185,142665,1226.24,completed,online,2025-04-18,NO
1365,19219,146488,269.2,completed,online,2025-04-18,NO
4982,12004,146753,5274.077098102745,failed,online,2025-04-18,NO
4120,48157,7367,364.51,failed,online,2025-12-07,NO
269,36625,8329,513.67,completed,online,2025-12-07,NO
1287,23547,8722,920.29,completed,online,2025-12-07,NO
2666,5092,8826,797.76,completed,online,2025-12-07,NO
1485,2571,9451,1291.19,completed,online,2025-12-07,NO
1,11881,9551,1098.69,failed,online,2025-12-07,NO
4195,10036,11170,1201.16,failed,online,2025-12-07,NO
1582,23292,13051,353.19,failed,online,2025-12-07,NO
1621,22144,14035,496.25,completed,online,2025-12-07,NO
4099,21788,15024,14.63,completed,online,2025-12-07,NO
1,11325,15162,1893.84,failed,online,2025-12-07,NO
1,13721,17589,1630.68,failed,online,2025-12-07,NO
2799,23835,17985,1465.73,completed,online,2025-12-07,NO
4309,41241,18539,1950.34,completed,online,2025-12-07,NO
1,17185,21394,1076.57,completed,online,2025-12-07,NO
1,20150,24429,1798.73,completed,online,2025-12-07,NO
1293,23817,26683,1507.87,completed,online,2025-12-07,NO
3247,9069,27741,1998.78,completed,online,2025-12-07,NO
3886,9482,33679,1057.06,failed,online,2025-12-07,NO
3925,49188,34672,634.95,failed,online,2025-12-07,NO
3511,25025,35635,444.47,completed,online,2025-12-07,NO
585,6733,38041,969.25,failed,online,2025-12-07,NO
1,36785,38342,553.28,failed,online,2025-12-07,NO
1,38978,42017,1217.86,completed,online,2025-12-07,NO
1,4322,48602,1591.26,completed,online,2025-12-07,NO
2819,674,49240,1475.76,failed,online,2025-12-07,NO
1,19096,50065,1327.41,completed,online,2025-12-07,NO
2305,11860,50609,1861.43,completed,online,2025-12-07,NO
2389,33413,51765,32.62,completed,online,2025-12-07,NO
4062,21749,52638,571.62,failed,online,2025-12-07,NO
4417,18927,54602,1252.42,completed,online,2025-12-07,NO
3249,5907,54713,1454.67,failed,online,2025-12-07,NO
4175,29014,56012,1560.4,completed,online,2025-12-07,NO
4599,26269,59910,1901.39,failed,online,2025-12-07,NO
1136,23252,61215,254.46,completed,online,2025-12-07,NO
416,4329,65686,468.74,completed,online,2025-12-07,NO
1,20974,69123,1773.67,completed,online,2025-12-07,NO
1,26507,70859,779.73,failed,online,2025-12-07,NO
3272,25458,71613,304.66,completed,online,2025-12-07,NO
1,28884,71960,1896.42,completed,online,2025-12-07,NO
538,10255,76236,889.71,failed,online,2025-12-07,NO
1,17390,77097,1352.5,completed,online,2025-12-07,NO
4739,15110,77832,945.47,failed,UNKNOWN,2025-12-07,NO
4142,18878,79588,364.81,failed,online,2025-12-07,NO
1,22828,83394,210.13,failed,online,2025-12-07,NO
2986,29923,83614,1654.93,completed,online,2025-12-07,NO
1742,29177,86117,1792.1,completed,online,2025-12-07,NO
1,3834,87219,1419.19,failed,online,2025-12-07,NO
1910,22180,90430,1267.28,completed,online,2025-12-07,NO
4942,32402,95118,1819.86,failed,online,2025-12-07,NO
1,29985,100066,423.76,completed,online,2025-12-07,NO
1,27808,100074,917.02,completed,online,2025-12-07,NO
1955,49149,101927,1438.56,failed,online,2025-12-07,NO
1,17635,104274,376.01,completed,online,2025-12-07,NO
3497,15491,104282,1262.59,failed,online,2025-12-07,NO
1,10189,104566,1701.65,completed,online,2025-12-07,NO
993,48442,106383,1727.88,failed,online,2025-12-07,NO
4469,44041,107133,1404.27,failed,online,2025-12-07,NO
1,37197,107328,769.31,failed,online,2025-12-07,NO
2370,46746,111710,991.82,completed,online,2025-12-07,NO
3428,13000,112735,1753.07,completed,online,2025-12-07,NO
629,9580,115696,1995.29,failed,online,2025-12-07,NO
1118,12602,116355,976.34,completed,online,2025-12-07,NO
3861,45137,116829,1128.74,completed,online,2025-12-07,NO
2898,28487,117356,1663.31,completed,online,2025-12-07,NO
1997,28045,117634,1762.16,failed,online,2025-12-07,NO
1,14231,117828,949.22,completed,online,2025-12-07,NO
3509,7483,118340,1781.37,failed,online,2025-12-07,NO
1628,26104,119056,436.78,completed,online,2025-12-07,NO
1,11553,119753,646.77,failed,UNKNOWN,2025-12-07,NO
2929,36890,119827,380.27,completed,online,2025-12-07,NO
1214,7967,124472,1625.51,completed,online,2025-12-07,NO
2671,26986,130733,234.4,completed,online,2025-12-07,NO
3605,32331,134075,996.63,completed,online,2025-12-07,NO
340,23747,136615,1312.72,completed,online,2025-12-07,NO
1526,20786,139891,859.06,completed,online,2025-12-07,NO
4577,13691,143077,1429.73,completed,online,2025-12-07,NO
1,46321,143989,1936.87,failed,online,2025-12-07,NO
1,36868,144025,275.83,failed,online,2025-12-07,NO
933,45425,146400,1606.16,completed,online,2025-12-07,NO
1,35872,149669,850.95,completed,online,2025-12-07,NO
1003,31143,4549,1883.73,failed,online,2025-08-07,NO
2287,32871,7189,612.35,completed,online,2025-08-07,NO
1602,33209,7778,397.7,failed,online,2025-08-07,NO
2114,2387,7946,653.84,failed,online,2025-08-07,NO
1515,15362,8057,815.85,completed,online,2025-08-07,NO
3228,38514,8838,336.24,completed,online,2025-08-07,NO
2843,35933,8933,379.17,failed,online,2025-08-07,NO
2736,24302,8963,1926.7,completed,online,2025-08-07,NO
3728,34856,9277,1839.81,failed,online,2025-08-07,NO
3308,30467,9680,173.18,completed,online,2025-08-07,NO
1,5066,10399,613.34,failed,online,2025-08-07,NO
107,16281,13642,41.86,completed,online,2025-08-07,NO
3306,9132,14773,1046.43,completed,online,2025-08-07,NO
3626,45970,18967,1822.48,completed,online,2025-08-07,NO
2723,43095,21592,1700.2,completed,online,2025-08-07,NO
3966,19783,23572,510.48,completed,online,2025-08-07,NO
718,35029,24716,1000.97,failed,online,2025-08-07,NO
3405,35651,28940,886.31,failed,online,2025-08-07,NO
4940,48173,29195,1252.47,completed,online,2025-08-07,NO
558,3669,29869,1773.19,failed,online,2025-08-07,NO
3895,39243,29972,1195.71,completed,online,2025-08-07,NO
729,44917,32161,1753.9,completed,online,2025-08-07,NO
275,16696,33512,441.03,failed,online,2025-08-07,NO
4803,41429,36466,1946.1,completed,online,2025-08-07,NO
3133,42833,39229,1250.16,failed,online,2025-08-07,NO
1981,27894,44209,1545.6,failed,online,2025-08-07,NO
1202,16444,46198,1891.28,failed,online,2025-08-07,NO
1392,19667,49794,1271.05,completed,online,2025-08-07,NO
649,36755,50105,1963.27,failed,online,2025-08-07,NO
4737,18180,50364,1114.22,failed,online,2025-08-07,NO
2087,20314,52477,1086.46,failed,online,2025-08-07,NO
3598,45694,55066,289.98,completed,online,2025-08-07,NO
1259,25418,55656,969.78,completed,online,2025-08-07,NO
2197,39272,56353,779.46,completed,online,2025-08-07,NO
1,17823,57309,456.07,failed,online,2025-08-07,NO
1,20412,57936,419.68,completed,online,2025-08-07,NO
4841,49495,58734,592.02,completed,online,2025-08-07,NO
269,14531,58813,1477.65,completed,online,2025-08-07,NO
2463,37573,66908,661.15,failed,online,2025-08-07,NO
3905,29168,67372,1317.72,completed,online,2025-08-07,NO
869,26558,71797,827.29,failed,online,2025-08-07,NO
4024,21790,71890,1683.17,completed,online,2025-08-07,NO
1,49183,73709,1225.09,failed,online,2025-08-07,NO
1834,20040,74410,517.77,failed,online,2025-08-07,NO
2964,46179,75356,1545.44,completed,online,2025-08-07,NO
4149,5143,77593,958.12,completed,online,2025-08-07,NO
2919,27383,77613,436.27,failed,online,2025-08-07,NO
213,22326,77787,22.03,failed,online,2025-08-07,NO
3588,2183,77909,1916.44,completed,online,2025-08-07,NO
1,16210,78692,118.29,failed,online,2025-08-07,NO
2586,6387,80772,1879.35,completed,online,2025-08-07,NO
1,16355,84210,1503.72,failed,online,2025-08-07,NO
1,30349,86678,546.68,completed,online,2025-08-07,NO
3334,24980,86850,1668.57,failed,online,2025-08-07,NO
489,28912,88677,1601.35,completed,online,2025-08-07,NO
1880,18572,89603,524.5,completed,UNKNOWN,2025-08-07,NO
4310,22003,91255,196.6,completed,online,2025-08-07,NO
1138,38197,98547,118.3,failed,online,2025-08-07,NO
3906,12882,100346,1802.11,failed,online,2025-08-07,NO
1,48170,100636,427.52,completed,online,2025-08-07,NO
4589,6251,101096,1171.68,completed,online,2025-08-07,NO
1,40042,101536,1048.28,failed,online,2025-08-07,NO
1,34513,103094,597.36,failed,online,2025-08-07,NO
2574,29066,104400,162.05,failed,online,2025-08-07,NO
4163,29769,104707,1524.71,completed,online,2025-08-07,NO
1905,12885,112419,1291.34,completed,online,2025-08-07,NO
3237,47698,112635,93.19,completed,online,2025-08-07,NO
2481,48364,116641,83.28,completed,online,2025-08-07,NO
281,48958,117158,43.0,completed,online,2025-08-07,NO
3791,39675,117282,1210.21,failed,online,2025-08-07,NO
3,10875,118792,1864.78,failed,online,2025-08-07,NO
802,37131,122068,717.7,completed,online,2025-08-07,NO
3977,45676,124061,1498.79,failed,online,2025-08-07,NO
1470,9895,124852,1160.67,completed,online,2025-08-07,NO
3631,13158,132865,1059.72,completed,online,2025-08-07,NO
4678,24295,133194,687.75,completed,online,2025-08-07,NO
4566,45709,139397,1833.35,completed,online,2025-08-07,NO
3564,11928,142314,24.64,failed,online,2025-08-07,NO
1,15805,143163,1256.4,completed,online,2025-08-07,NO
2909,46971,144205,727.39,failed,online,2025-08-07,NO
3194,15183,149746,389.46,completed,online,2025-08-07,NO
1307,25067,1026,1570.53,failed,online,2025-02-27,NO
4213,11329,2994,667.2,completed,online,2025-02-27,NO
2171,40864,4262,519.58,completed,online,2025-02-27,NO
4541,39256,6984,426.79,failed,online,2025-02-27,NO
1387,47843,7806,489.58,completed,online,2025-02-27,NO
1630,19732,8078,1693.24,completed,online,2025-02-27,NO
4232,42434,10877,1792.61,completed,online,2025-02-27,NO
2070,16584,11030,1824.96,completed,online,2025-02-27,NO
3367,9813,12112,1775.86,failed,online,2025-02-27,NO
1476,49034,12125,1236.96,failed,online,2025-02-27,NO
85,3395,19389,941.57,failed,online,2025-02-27,NO
1522,8800,20593,9526.044370069889,completed,online,2025-02-27,NO
1,29797,23698,170.84,completed,online,2025-02-27,NO
3946,38268,26364,763.44,completed,online,2025-02-27,NO
4173,3922,29051,426.89,failed,online,2025-02-27,NO
4081,44384,30653,1189.45,completed,online,2025-02-27,NO
3928,18766,34153,699.42,failed,online,2025-02-27,NO
1117,28142,36775,578.14,failed,online,2025-02-27,NO
115,45360,40387,1172.88,failed,UNKNOWN,2025-02-27,NO
4844,25964,40508,1200.55,failed,online,2025-02-27,NO
4748,18030,41664,1120.32,failed,online,2025-02-27,NO
584,38203,41790,1894.68,failed,online,2025-02-27,NO
1,1140,41853,1957.1,completed,online,2025-02-27,NO
3209,35941,43682,780.53,failed,online,2025-02-27,NO
1128,36755,45805,217.26,failed,online,2025-02-27,NO
514,3266,46630,1463.42,completed,online,2025-02-27,NO
3970,43096,49349,787.22,failed,online,2025-02-27,NO
1700,9978,49401,1033.33,completed,online,2025-02-27,NO
1,10551,50915,1049.63,failed,online,2025-02-27,NO
3544,31978,54475,1821.97,completed,online,2025-02-27,NO
352,9480,58993,216.95,completed,online,2025-02-27,NO
2967,42557,59318,1270.06,completed,online,2025-02-27,NO
2175,23114,59449,1257.77,completed,online,2025-02-27,NO
3887,5090,61614,1605.58,completed,online,2025-02-27,NO
1100,27922,61634,1833.66,completed,online,2025-02-27,NO
182,44256,62401,931.4,completed,online,2025-02-27,NO
4695,25136,64396,1867.46,failed,online,2025-02-27,NO
1002,34535,66811,1020.5,failed,online,2025-02-27,NO
975,35657,69523,1132.38,completed,online,2025-02-27,NO
1,14055,71200,297.23,failed,online,2025-02-27,NO
3599,48732,72102,640.35,completed,online,2025-02-27,NO
1,30128,73514,889.55,completed,online,2025-02-27,NO
1,41676,73703,1912.76,completed,online,2025-02-27,NO
3360,13484,75744,413.04,failed,online,2025-02-27,NO
3981,22583,77031,584.52,failed,online,2025-02-27,NO
1,17038,77090,1123.38,completed,online,2025-02-27,NO
1,37660,80517,1093.54,completed,online,2025-02-27,NO
2752,12375,80825,974.13,failed,online,2025-02-27,NO
166,22427,82777,1757.63,completed,online,2025-02-27,NO
4165,43346,84181,1355.1,completed,online,2025-02-27,NO
1,30603,84552,869.18,completed,online,2025-02-27,NO
1,49474,88730,709.93,completed,online,2025-02-27,NO
4730,12679,89393,1025.32,completed,online,2025-02-27,NO
1315,1962,90738,668.65,completed,online,2025-02-27,NO
3191,12108,91290,1911.56,failed,online,2025-02-27,NO
3551,1796,91724,729.62,failed,online,2025-02-27,NO
3262,24857,94044,1720.74,failed,online,2025-02-27,NO
4487,16330,95480,1371.14,failed,UNKNOWN,2025-02-27,NO
307,11839,97203,1429.6,completed,online,2025-02-27,NO
955,8512,101070,426.43,failed,online,2025-02-27,NO
1225,38528,105852,1066.61,failed,online,2025-02-27,NO
4476,11365,110626,617.99,failed,online,2025-02-27,NO
2576,14099,111585,1695.81,completed,UNKNOWN,2025-02-27,NO
4398,776,112074,1317.03,failed,online,2025-02-27,NO
1,49558,114119,1534.51,failed,online,2025-02-27,NO
1,36880,114607,1335.3,completed,online,2025-02-27,NO
1,23132,114792,1008.22,failed,online,2025-02-27,NO
2712,38403,122396,1111.47,completed,online,2025-02-27,NO
1151,6883,127161,1654.93,completed,online,2025-02-27,NO
1,49610,127736,780.86,completed,online,2025-02-27,NO
861,30064,128649,1643.08,failed,online,2025-02-27,NO
3671,4677,128673,453.74,failed,online,2025-02-27,NO
4652,12747,129016,436.81,failed,online,2025-02-27,NO
53,34774,129806,1250.8,failed,online,2025-02-27,NO
4490,565,131117,294.38,completed,online,2025-02-27,NO
3003,48005,132419,1389.46,completed,online,2025-02-27,NO
1,35285,133769,16.96,completed,online,2025-02-27,NO
1,5080,142015,1051.71,completed,online,2025-02-27,NO
3758,31205,142134,1988.51,completed,online,2025-02-27,NO
808,34296,147997,289.35,completed,online,2025-02-27,NO
1,173,149193,545.04,completed,online,2025-02-27,NO
4968,38649,880,1549.02,completed,online,2025-12-13,NO
3247,21817,1072,1329.57,failed,online,2025-12-13,NO
3907,16207,4436,60.3,completed,online,2025-12-13,NO
2399,25292,9709,1823.91,completed,online,2025-12-13,NO
1180,30760,12029,124.92,completed,online,2025-12-13,NO
1990,34949,12696,1215.2,completed,online,2025-12-13,NO
4699,7789,13606,792.41,completed,online,2025-12-13,NO
1,3276,16096,905.91,failed,online,2025-12-13,NO
4225,37678,16404,971.27,failed,online,2025-12-13,NO
2646,1132,17034,631.31,failed,online,2025-12-13,NO
1,15914,20310,705.41,completed,online,2025-12-13,NO
2449,6351,20383,1736.38,completed,online,2025-12-13,NO
2218,39867,25482,525.02,failed,online,2025-12-13,NO
1,8365,26130,1441.7,completed,online,2025-12-13,NO
1,23743,26572,134.42,completed,online,2025-12-13,NO
2169,37985,28305,572.5,completed,online,2025-12-13,NO
1373,11612,28463,1934.36,failed,online,2025-12-13,NO
1,42711,30089,328.62,failed,online,2025-12-13,NO
1,48374,32373,1668.45,completed,online,2025-12-13,NO
2056,6049,32995,1700.8,failed,online,2025-12-13,NO
855,10506,33695,515.3,completed,online,2025-12-13,NO
1,11109,36179,1162.48,failed,online,2025-12-13,NO
4266,46720,39152,144.08,failed,online,2025-12-13,NO
3443,36437,42808,1553.54,failed,online,2025-12-13,NO
1,48750,44765,1357.84,failed,online,2025-12-13,NO
4712,18516,46304,904.52,completed,online,2025-12-13,NO
626,28814,48131,1304.51,completed,online,2025-12-13,NO
4394,7891,48749,1072.11,completed,online,2025-12-13,NO
3261,2733,49188,192.15,completed,online,2025-12-13,NO
2660,22261,52720,1726.2,failed,online,2025-12-13,NO
3145,13523,53220,1096.74,failed,online,2025-12-13,NO
3281,40382,54525,1625.09,failed,online,2025-12-13,NO
3706,11872,54715,562.73,failed,online,2025-12-13,NO
4433,10592,60779,1869.89,completed,online,2025-12-13,NO
1,20018,61160,343.87,completed,online,2025-12-13,NO
1786,6123,65503,1930.09,completed,online,2025-12-13,NO
4286,29745,65535,210.82,failed,online,2025-12-13,NO
1,11116,66870,584.02,completed,online,2025-12-13,NO
3442,44342,69295,1490.76,completed,online,2025-12-13,NO
1,18922,72223,572.65,failed,online,2025-12-13,NO
3980,24882,73883,441.98,completed,online,2025-12-13,NO
1,47118,79270,25.04,failed,online,2025-12-13,NO
1,47521,80674,815.2,failed,online,2025-12-13,NO
212,17699,82400,1035.51,completed,online,2025-12-13,NO
4182,42099,82443,1993.93,failed,online,2025-12-13,NO
4865,19571,82488,1458.06,completed,online,2025-12-13,NO
2093,15901,84393,469.95,completed,online,2025-12-13,NO
2255,8106,86441,1035.9,failed,online,2025-12-13,NO
4930,43276,90594,760.29,failed,online,2025-12-13,NO
1,14419,94290,1322.04,failed,online,2025-12-13,NO
4934,33930,96931,1046.92,failed,online,2025-12-13,NO
2665,23156,99839,861.62,failed,online,2025-12-13,NO
71,19225,100741,787.43,completed,online,2025-12-13,NO
2033,603,101017,248.71,failed,online,2025-12-13,NO
4719,14454,101803,684.71,failed,online,2025-12-13,NO
1185,12747,103610,692.69,failed,online,2025-12-13,NO
238,41820,106302,1583.25,completed,online,2025-12-13,NO
1,47083,106672,1911.34,completed,online,2025-12-13,NO
63,14703,109194,589.89,completed,online,2025-12-13,NO
18,20426,109443,663.51,completed,online,2025-12-13,NO
3311,26597,110072,987.28,completed,online,2025-12-13,NO
3867,42677,114955,179.74,completed,online,2025-12-13,NO
1,3507,115136,1978.26,failed,online,2025-12-13,NO
1432,2480,115400,1894.06,completed,online,2025-12-13,NO
4999,4370,118344,1624.71,failed,online,2025-12-13,NO
2439,547,121266,532.63,failed,online,2025-12-13,NO
2073,47835,123229,1171.28,completed,online,2025-12-13,NO
3879,1060,123357,1264.35,failed,online,2025-12-13,NO
1,2285,125379,1550.55,failed,online,2025-12-13,NO
2062,6754,132597,662.79,completed,online,2025-12-13,NO
1,36490,132746,1024.52,failed,online,2025-12-13,NO
1,19674,133611,372.39,failed,online,2025-12-13,NO
1,6820,135506,636.98,completed,online,2025-12-13,NO
2246,44129,136539,1148.33,completed,online,2025-12-13,NO
2560,5558,137653,728.02,failed,online,2025-12-13,NO
415,30271,137664,281.52,completed,online,2025-12-13,NO
1,27561,140259,1205.01,failed,online,2025-12-13,NO
1,5150,140536,1360.33,failed,online,2025-12-13,NO
4019,23487,140874,69.86,completed,online,2025-12-13,NO
4340,49566,145679,1467.52,failed,online,2025-12-13,NO
2173,11025,149568,728.33,failed,online,2025-12-13,NO
2042,48683,149741,1704.06,failed,online,2025-12-13,NO
1829,3217,117,862.69,failed,online,2025-05-30,NO
2392,22987,1100,154.53,failed,online,2025-05-30,NO
3849,43828,9483,1441.28,completed,online,2025-05-30,NO
1,12326,10442,1535.81,completed,online,2025-05-30,NO
1028,1280,11988,1177.22,completed,online,2025-05-30,NO
1,35890,13752,1754.32,failed,online,2025-05-30,NO
714,21793,14903,49.14,completed,online,2025-05-30,NO
1099,30022,15514,112.41,failed,online,2025-05-30,NO
750,9342,16849,744.92,completed,online,2025-05-30,NO
1,47463,17484,356.23,completed,online,2025-05-30,NO
1,47417,18763,753.11,completed,online,2025-05-30,NO
3223,8254,22448,497.33,completed,online,2025-05-30,NO
3605,1200,22998,1056.23,completed,online,2025-05-30,NO
2206,40804,23270,1611.54,failed,online,2025-05-30,NO
1932,13891,23704,1676.71,completed,online,2025-05-30,NO
2887,45343,25515,1175.06,failed,online,2025-05-30,NO
1,3532,27580,393.86,completed,online,2025-05-30,NO
2224,18276,31027,698.84,completed,online,2025-05-30,NO
1,48612,33659,1379.29,failed,online,2025-05-30,NO
3037,41915,33852,72.96,failed,online,2025-05-30,NO
968,37313,35518,438.7,failed,online,2025-05-30,NO
1547,41581,37099,1495.92,failed,online,2025-05-30,NO
1823,35399,40722,523.09,completed,online,2025-05-30,NO
1,22739,44418,1514.97,failed,online,2025-05-30,NO
1194,48282,44928,1402.54,failed,online,2025-05-30,NO
1,42265,45974,1916.54,failed,online,2025-05-30,NO
1711,19573,46228,133.0,completed,online,2025-05-30,NO
1,42838,48384,751.78,completed,online,2025-05-30,NO
3437,21840,50885,737.99,completed,online,2025-05-30,NO
1019,11615,54760,1877.72,failed,online,2025-05-30,NO
863,48368,54931,946.2,completed,online,2025-05-30,NO
367,11823,56819,617.57,completed,online,2025-05-30,NO
307,42652,57682,1176.46,failed,online,2025-05-30,NO
2477,39259,58240,1753.39,failed,online,2025-05-30,NO
4088,32588,58405,567.47,failed,online,2025-05-30,NO
3648,14472,59413,1741.92,completed,online,2025-05-30,NO
1,49845,59693,706.88,completed,UNKNOWN,2025-05-30,NO
4270,28338,63776,832.52,completed,online,2025-05-30,NO
1,32609,64774,1173.28,completed,online,2025-05-30,NO
4445,40473,68370,760.86,failed,online,2025-05-30,NO
855,22276,73303,1437.93,completed,online,2025-05-30,NO
1130,45731,73861,1717.84,failed,online,2025-05-30,NO
1,27474,79141,148.69,completed,online,2025-05-30,NO
645,33460,81824,897.9,completed,UNKNOWN,2025-05-30,NO
4746,6507,82615,1467.97,failed,online,2025-05-30,NO
4929,23896,82638,1420.08,failed,UNKNOWN,2025-05-30,NO
4918,43744,87976,958.13,completed,UNKNOWN,2025-05-30,NO
1,2340,90405,366.74,failed,online,2025-05-30,NO
4007,34644,94420,1252.04,completed,online,2025-05-30,NO
3034,18791,96619,1800.99,completed,online,2025-05-30,NO
3656,31397,97372,1458.05,completed,online,2025-05-30,NO
3125,33230,99909,650.71,completed,online,2025-05-30,NO
1,29821,102396,1822.17,completed,online,2025-05-30,NO
1,39390,104515,1597.69,completed,online,2025-05-30,NO
823,7593,108246,861.86,completed,online,2025-05-30,NO
724,39141,113117,1589.13,completed,online,2025-05-30,NO
2007,1892,118720,1855.39,completed,online,2025-05-30,NO
4666,393,119123,1239.79,failed,online,2025-05-30,NO
4423,11218,120173,1612.64,completed,online,2025-05-30,NO
503,9059,120975,1118.96,completed,online,2025-05-30,NO
2199,642,121800,1288.01,completed,online,2025-05-30,NO
1,1865,122054,1338.04,failed,online,2025-05-30,NO
3272,1173,124113,856.32,failed,online,2025-05-30,NO
4569,17193,125296,98.43,failed,online,2025-05-30,NO
3605,3451,125929,1842.73,completed,online,2025-05-30,NO
1,23752,127040,1901.03,completed,online,2025-05-30,NO
4391,15650,127850,1294.01,completed,online,2025-05-30,NO
1,39011,130047,616.35,failed,online,2025-05-30,NO
358,22099,132102,647.16,completed,online,2025-05-30,NO
846,6765,132580,652.49,completed,online,2025-05-30,NO
4020,21956,136174,951.03,failed,online,2025-05-30,NO
823,45836,137130,453.3,failed,online,2025-05-30,NO
2339,24087,137988,1953.23,completed,online,2025-05-30,NO
441,24837,140556,530.41,failed,online,2025-05-30,NO
3179,11487,140679,276.98,completed,online,2025-05-30,NO
1023,18539,141702,490.72,failed,online,2025-05-30,NO
1,3503,144066,500.55,completed,online,2025-05-30,NO
1707,10865,144827,1254.71,completed,online,2025-05-30,NO
4303,41608,146515,990.25,failed,online,2025-05-30,NO
3157,48447,147799,67.04,completed,online,2025-05-30,NO
1020,17228,147869,1256.35,failed,online,2025-05-30,NO
3477,44322,2515,1736.22,failed,online,2025-11-14,NO
851,28998,2740,1231.39,failed,online,2025-11-14,NO
1664,39657,3032,421.52,completed,online,2025-11-14,NO
627,3153,3172,315.42,failed,online,2025-11-14,NO
4305,20476,4038,1883.25,failed,online,2025-11-14,NO
3461,35437,4703,1246.69,completed,online,2025-11-14,NO
947,4344,8216,1676.33,completed,online,2025-11-14,NO
1,34058,8551,1304.93,completed,online,2025-11-14,NO
2735,24050,10130,1563.42,failed,online,2025-11-14,NO
1769,26344,10953,1863.12,completed,online,2025-11-14,NO
1,39760,11956,953.68,failed,UNKNOWN,2025-11-14,NO
4356,46911,12474,1125.56,failed,online,2025-11-14,NO
1872,9059,12598,1764.63,failed,online,2025-11-14,NO
1907,42827,14533,240.37,completed,online,2025-11-14,NO
1,42695,14535,1605.27,completed,online,2025-11-14,NO
3029,45433,16736,1004.24,completed,online,2025-11-14,NO
2857,9086,18651,1396.66,failed,online,2025-11-14,NO
1,3177,18936,1149.02,failed,online,2025-11-14,NO
3338,46771,19166,1625.21,failed,online,2025-11-14,NO
746,22333,22767,425.57,failed,online,2025-11-14,NO
4533,7513,22831,1425.3,completed,online,2025-11-14,NO
2565,5928,23639,826.18,failed,online,2025-11-14,NO
3341,1998,24041,771.77,completed,UNKNOWN,2025-11-14,NO
1448,25771,28875,1853.02,failed,online,2025-11-14,NO
3209,35321,29309,1740.08,completed,online,2025-11-14,NO
3368,36588,29542,1645.6,completed,online,2025-11-14,NO
1,44618,32333,1897.83,failed,online,2025-11-14,NO
2852,35664,33549,1314.33,completed,online,2025-11-14,NO
4882,19416,34788,1364.12,completed,online,2025-11-14,NO
4753,18425,35274,471.66,completed,online,2025-11-14,NO
1791,44556,38101,1679.73,completed,online,2025-11-14,NO
1,16856,41714,1040.76,failed,online,2025-11-14,NO
1,31975,42406,1522.19,failed,online,2025-11-14,NO
1035,43980,42562,1008.59,failed,online,2025-11-14,NO
1594,24174,45402,988.12,completed,online,2025-11-14,NO
792,33780,47833,1984.72,completed,online,2025-11-14,NO
1,12689,48932,575.75,failed,online,2025-11-14,NO
377,8642,54858,1187.17,completed,online,2025-11-14,NO
1,2986,55504,1461.55,completed,online,2025-11-14,NO
1663,37693,55562,320.6,failed,online,2025-11-14,NO
4428,12956,58388,5161.287140290635,completed,online,2025-11-14,NO
3328,13278,60430,1519.41,completed,online,2025-11-14,NO
4727,7248,71150,1859.1,failed,online,2025-11-14,NO
3826,17588,76135,245.42,failed,online,2025-11-14,NO
4780,46672,77811,576.4,failed,UNKNOWN,2025-11-14,NO
1,30363,78550,1297.32,failed,online,2025-11-14,NO
159,27165,79437,593.35,failed,online,2025-11-14,NO
1693,39171,81154,383.93,completed,online,2025-11-14,NO
3665,25296,84200,1297.1,completed,online,2025-11-14,NO
4630,17078,86934,1451.12,failed,online,2025-11-14,NO
4415,35880,86949,1580.36,completed,online,2025-11-14,NO
1001,29310,92943,1119.23,failed,online,2025-11-14,NO
1,2487,94438,253.8,completed,online,2025-11-14,NO
1,10387,100645,1690.16,failed,online,2025-11-14,NO
3821,28,101502,1495.78,failed,online,2025-11-14,NO
1,49669,103374,1186.06,completed,online,2025-11-14,NO
4347,23369,104477,1413.59,failed,online,2025-11-14,NO
2131,6141,104817,845.65,completed,online,2025-11-14,NO
2219,32360,105026,1459.02,failed,online,2025-11-14,NO
3020,29989,106533,1799.41,failed,online,2025-11-14,NO
1,28953,107872,1865.51,failed,online,2025-11-14,NO
310,24484,108641,463.15,completed,online,2025-11-14,NO
4478,31572,109853,295.84,completed,online,2025-11-14,NO
1,25738,112236,256.46,completed,online,2025-11-14,NO
2012,43993,116705,1657.88,completed,online,2025-11-14,NO
4283,7364,117468,836.69,completed,online,2025-11-14,NO
2760,9516,119115,1369.57,failed,online,2025-11-14,NO
2370,9785,124326,1764.64,completed,online,2025-11-14,NO
2137,25776,126498,625.94,completed,online,2025-11-14,NO
25,39522,126655,1053.67,failed,online,2025-11-14,NO
1,37353,128275,364.91,failed,online,2025-11-14,NO
4553,27559,129331,1054.98,failed,online,2025-11-14,NO
1,35155,131439,332.31,completed,online,2025-11-14,NO
1474,20446,132178,1927.9,completed,online,2025-11-14,NO
455,8415,135210,1923.1,completed,online,2025-11-14,NO
1,28468,137751,1174.74,failed,online,2025-11-14,NO
154,45758,142247,1393.36,completed,online,2025-11-14,NO
2938,36307,143463,1121.8,completed,online,2025-11-14,NO
1,17585,144657,1299.42,failed,online,2025-11-14,NO
3956,16063,146204,629.87,failed,online,2025-11-14,NO
2846,3397,147617,1305.23,completed,online,2025-11-14,NO
963,33400,1859,521.66,failed,online,2025-09-09,NO
984,33762,1862,1846.1,failed,online,2025-09-09,NO
799,8877,2493,1327.35,completed,online,2025-09-09,NO
2709,29734,6058,349.72,failed,online,2025-09-09,NO
1197,3852,6475,1274.87,failed,online,2025-09-09,NO
1748,42443,9785,1055.79,completed,online,2025-09-09,NO
1,13371,13736,386.2,completed,online,2025-09-09,NO
1,47112,14294,323.74,completed,online,2025-09-09,NO
3980,29272,17917,1320.38,completed,online,2025-09-09,NO
1366,34952,20442,967.87,completed,online,2025-09-09,NO
4820,42411,23079,519.33,failed,online,2025-09-09,NO
4472,63,24534,699.13,failed,online,2025-09-09,NO
3418,44286,25258,1807.9,completed,online,2025-09-09,NO
1,6748,27248,367.2,completed,online,2025-09-09,NO
4567,32092,28888,598.68,failed,online,2025-09-09,NO
3185,42075,29201,1715.3,completed,online,2025-09-09,NO
1,42446,33005,1445.88,failed,online,2025-09-09,NO
2724,5923,33249,1724.53,failed,online,2025-09-09,NO
1,17687,37108,1619.06,completed,online,2025-09-09,NO
1730,24625,38198,1472.99,completed,UNKNOWN,2025-09-09,NO
4494,9173,41562,1523.26,failed,online,2025-09-09,NO
4665,13479,41767,52.42,failed,online,2025-09-09,NO
1176,14535,42605,1089.56,failed,online,2025-09-09,NO
1079,5800,46144,140.92,failed,online,2025-09-09,NO
4269,35622,54444,1629.49,completed,online,2025-09-09,NO
2136,904,54934,1697.27,failed,online,2025-09-09,NO
2199,30000,57186,95.38,completed,online,2025-09-09,NO
3365,40085,57257,886.58,failed,online,2025-09-09,NO
59,38478,59089,433.06,completed,online,2025-09-09,NO
1444,38738,62715,1849.63,failed,online,2025-09-09,NO
4443,34280,63335,503.41,failed,online,2025-09-09,NO
1,39241,65730,1399.85,completed,online,2025-09-09,NO
1,2128,66081,1505.73,completed,online,2025-09-09,NO
821,12196,66774,1354.6,failed,online,2025-09-09,NO
1608,12634,68836,119.26,completed,online,2025-09-09,NO
1,45527,69116,353.47,failed,online,2025-09-09,NO
3281,40028,69513,1333.54,completed,online,2025-09-09,NO
1491,47304,75540,1831.91,completed,online,2025-09-09,NO
4758,16073,75945,1874.16,completed,online,2025-09-09,NO
283,6998,76525,528.95,completed,online,2025-09-09,NO
1,25616,78565,262.87,failed,online,2025-09-09,NO
1,31530,79422,71.16,completed,online,2025-09-09,NO
1527,16134,79440,1228.62,failed,online,2025-09-09,NO
1691,1460,80049,1467.96,failed,online,2025-09-09,NO
3559,521,87094,1085.31,failed,online,2025-09-09,NO
1056,26249,87466,1882.25,completed,online,2025-09-09,NO
1838,2165,91623,1725.75,failed,online,2025-09-09,NO
3435,47527,93465,782.23,completed,online,2025-09-09,NO
1810,13119,93634,803.56,failed,online,2025-09-09,NO
1035,32515,94276,1472.54,failed,online,2025-09-09,NO
1969,8473,95822,1335.09,completed,online,2025-09-09,NO
1,4306,96993,664.81,failed,online,2025-09-09,NO
3932,40081,97592,1424.08,failed,online,2025-09-09,NO
4289,5187,104103,1847.54,completed,online,2025-09-09,NO
1227,42888,105320,833.35,failed,online,2025-09-09,NO
1,22792,106713,281.71,failed,online,2025-09-09,NO
1516,32882,110998,1810.66,failed,online,2025-09-09,NO
297,5992,112673,921.12,failed,online,2025-09-09,NO
4053,49037,113022,891.25,completed,online,2025-09-09,NO
3688,28733,114414,55.73,failed,online,2025-09-09,NO
3982,16474,114674,1998.01,failed,online,2025-09-09,NO
2363,5632,115748,291.54,completed,online,2025-09-09,NO
805,31901,116217,434.08,failed,online,2025-09-09,NO
1444,37889,117204,1884.85,completed,online,2025-09-09,NO
1861,29308,119044,759.73,completed,online,2025-09-09,NO
1629,18360,121632,54.31,failed,online,2025-09-09,NO
3353,22556,122263,300.85,failed,online,2025-09-09,NO
1939,46486,122279,487.31,failed,online,2025-09-09,NO
1,11957,122506,1219.42,failed,online,2025-09-09,NO
1,46731,122942,1818.13,failed,online,2025-09-09,NO
1,12422,124802,392.44,completed,online,2025-09-09,NO
2710,35132,125359,736.76,failed,online,2025-09-09,NO
4265,24147,126719,498.2,failed,online,2025-09-09,NO
3712,42219,132037,1941.78,completed,online,2025-09-09,NO
4479,16532,133044,1534.32,failed,online,2025-09-09,NO
3735,4934,134052,1220.74,completed,online,2025-09-09,NO
728,25420,134890,602.54,completed,online,2025-09-09,NO
3021,24041,135541,455.05,completed,online,2025-09-09,NO
3917,23328,137795,144.0,failed,online,2025-09-09,NO
1,2874,143655,999.62,failed,online,2025-09-09,NO
342,49269,144098,851.47,failed,online,2025-09-09,NO
548,49024,149800,1690.43,failed,online,2025-09-09,NO
1,26685,1277,1408.88,completed,online,2025-11-05,NO
241,12558,6662,1114.11,completed,online,2025-11-05,NO
1,27127,6871,684.59,failed,online,2025-11-05,NO
4630,34004,7056,42.39,failed,online,2025-11-05,NO
1,33984,10060,999.3,failed,online,2025-11-05,NO
816,15383,10970,1730.28,completed,online,2025-11-05,NO
4122,9250,12342,814.0,failed,online,2025-11-05,NO
4603,46881,14149,325.76,completed,online,2025-11-05,NO
1144,4912,14738,317.09,failed,online,2025-11-05,NO
2930,48794,16203,855.26,failed,online,2025-11-05,NO
823,27437,16751,1904.79,completed,online,2025-11-05,NO
1,13271,19423,1429.55,completed,online,2025-11-05,NO
3424,10528,19728,1844.8,failed,online,2025-11-05,NO
2364,37906,21848,258.28,failed,online,2025-11-05,NO
3242,45,22148,1573.25,completed,online,2025-11-05,NO
4544,1834,31874,132.67,failed,online,2025-11-05,NO
4191,42018,33419,1252.93,completed,online,2025-11-05,NO
2493,36411,34646,1748.36,failed,online,2025-11-05,NO
1011,14562,37976,1145.08,completed,online,2025-11-05,NO
3473,47018,39484,1484.69,completed,online,2025-11-05,NO
896,37145,44474,1631.56,completed,online,2025-11-05,NO
1770,34141,46116,75.64,completed,online,2025-11-05,NO
2695,37185,47748,594.49,failed,online,2025-11-05,NO
312,46166,48123,1763.56,failed,online,2025-11-05,NO
661,41487,50005,1869.9,completed,online,2025-11-05,NO
1,19742,50845,14.3,failed,online,2025-11-05,NO
1,11409,51042,924.26,completed,online,2025-11-05,NO
3744,42088,51674,522.44,failed,online,2025-11-05,NO
1,28822,53270,1425.84,completed,online,2025-11-05,NO
4301,46024,53796,623.99,completed,online,2025-11-05,NO
632,8231,54666,1626.57,completed,online,2025-11-05,NO
3113,29234,57106,304.63,failed,online,2025-11-05,NO
3751,14186,58360,1726.14,failed,online,2025-11-05,NO
1768,42663,59965,227.79,completed,online,2025-11-05,NO
1336,13894,63466,36.44,failed,online,2025-11-05,NO
4451,3924,67963,697.75,completed,online,2025-11-05,NO
1,20870,69479,1772.3,failed,UNKNOWN,2025-11-05,NO
4152,18947,69480,1374.63,completed,online,2025-11-05,NO
4929,43716,70084,1071.77,completed,online,2025-11-05,NO
757,11573,71471,471.47,failed,online,2025-11-05,NO
2102,21603,72280,1781.87,failed,online,2025-11-05,NO
1,27888,72377,1553.87,failed,online,2025-11-05,NO
2003,44989,76729,1999.26,failed,online,2025-11-05,NO
1611,39965,77402,1582.21,completed,online,2025-11-05,NO
2171,48460,78947,1377.07,failed,online,2025-11-05,NO
1166,12692,80206,1689.99,failed,online,2025-11-05,NO
521,46962,84373,1631.5,failed,online,2025-11-05,NO
641,5020,84779,1417.85,failed,online,2025-11-05,NO
1,7676,87545,1936.76,completed,online,2025-11-05,NO
3187,20424,90463,1604.68,completed,online,2025-11-05,NO
1677,39244,92604,267.06,completed,online,2025-11-05,NO
2347,10394,95885,1418.06,completed,online,2025-11-05,NO
1896,5622,96180,287.44,failed,online,2025-11-05,NO
3044,8696,97917,233.69,completed,online,2025-11-05,NO
1291,22271,98105,1421.62,failed,online,2025-11-05,NO
2903,8314,98342,1920.97,failed,online,2025-11-05,NO
1995,23780,101097,1148.37,completed,online,2025-11-05,NO
1,28265,103887,796.87,failed,online,2025-11-05,NO
4622,8978,105388,1708.1,failed,online,2025-11-05,NO
3607,48617,105970,1829.44,failed,online,2025-11-05,NO
1620,22680,107005,485.19,completed,online,2025-11-05,NO
3172,33192,107625,1015.94,failed,online,2025-11-05,NO
4964,32323,111233,1993.22,failed,online,2025-11-05,NO
4383,7596,112493,459.2,completed,online,2025-11-05,NO
4278,4436,117267,1116.18,failed,online,2025-11-05,NO
1325,11652,122005,1436.22,failed,online,2025-11-05,NO
836,43649,122572,140.89,completed,UNKNOWN,2025-11-05,NO
2875,22773,124759,1899.45,completed,online,2025-11-05,NO
4112,48480,125180,1203.11,completed,online,2025-11-05,NO
2611,26528,128207,275.49,failed,online,2025-11-05,NO
2632,46059,128731,1006.99,failed,online,2025-11-05,NO
1319,36261,129225,1674.7,failed,online,2025-11-05,NO
331,38216,129643,767.22,failed,online,2025-11-05,NO
4419,49834,134534,1880.91,failed,online,2025-11-05,NO
4440,22629,135651,510.25,completed,online,2025-11-05,NO
1096,15030,136589,43.75,completed,online,2025-11-05,NO
670,38031,139684,1470.5,completed,online,2025-11-05,NO
1,26582,142975,1558.88,completed,online,2025-11-05,NO
1790,3331,144621,1419.43,completed,online,2025-11-05,NO
4266,30836,147019,821.21,completed,online,2025-11-05,NO
3739,14849,147416,1719.06,completed,online,2025-11-05,NO
1156,34094,1303,1271.51,failed,online,2025-07-13,NO
3588,6939,2750,731.66,failed,online,2025-07-13,NO
4215,46958,3124,1432.96,completed,online,2025-07-13,NO
3762,42207,3744,1031.25,completed,online,2025-07-13,NO
1017,13977,8947,194.48,completed,online,2025-07-13,NO
2174,9723,9039,1802.54,failed,online,2025-07-13,NO
2282,13064,9344,1005.47,completed,online,2025-07-13,NO
4401,47446,10209,1543.24,completed,online,2025-07-13,NO
264,39350,11159,1609.49,completed,online,2025-07-13,NO
2672,27252,11558,444.61,completed,online,2025-07-13,NO
1370,19906,12006,1902.09,failed,online,2025-07-13,NO
3954,14927,12118,867.49,failed,online,2025-07-13,NO
2509,41209,13085,556.39,failed,online,2025-07-13,NO
4182,46492,16386,455.51,failed,online,2025-07-13,NO
3796,32243,19172,1719.03,failed,online,2025-07-13,NO
3714,19078,19207,5318.748954100713,failed,online,2025-07-13,NO
3798,1362,20125,1434.57,completed,online,2025-07-13,NO
2495,44839,27441,1171.62,completed,online,2025-07-13,NO
1428,14665,28631,315.4,failed,online,2025-07-13,NO
1,47355,29442,1602.17,failed,online,2025-07-13,NO
1,587,33012,443.13,failed,online,2025-07-13,NO
1,30214,37768,1370.19,completed,online,2025-07-13,NO
106,9067,37902,1714.88,failed,online,2025-07-13,NO
4109,36669,40600,46.09,completed,UNKNOWN,2025-07-13,NO
1855,40351,43600,319.51,failed,online,2025-07-13,NO
1,47471,44095,951.14,completed,online,2025-07-13,NO
4080,49073,45587,1213.29,completed,online,2025-07-13,NO
947,37246,48164,366.17,completed,online,2025-07-13,NO
8,40723,50021,338.57,completed,online,2025-07-13,NO
1494,49860,50196,780.44,failed,online,2025-07-13,NO
67,7816,56522,1684.42,completed,online,2025-07-13,NO
4121,18047,58058,967.47,failed,online,2025-07-13,NO
3222,14830,62706,196.5,completed,online,2025-07-13,NO
4943,5295,66814,180.33,completed,online,2025-07-13,NO
911,20316,67689,767.57,failed,online,2025-07-13,NO
4008,6727,68220,1159.09,failed,online,2025-07-13,NO
2408,14282,69137,1241.79,completed,online,2025-07-13,NO
1748,45945,72407,136.86,completed,online,2025-07-13,NO
4757,13380,73973,1284.97,failed,online,2025-07-13,NO
2711,12217,75304,1031.55,completed,online,2025-07-13,NO
1264,36747,76755,602.7,failed,online,2025-07-13,NO
958,28809,78681,357.39,completed,online,2025-07-13,NO
4888,45700,82750,1386.88,failed,online,2025-07-13,NO
1,25785,83900,738.74,completed,online,2025-07-13,NO
4583,25851,85572,1849.23,failed,online,2025-07-13,NO
1197,1589,85743,239.16,completed,online,2025-07-13,NO
176,12247,85914,43.22,failed,online,2025-07-13,NO
162,49540,85915,80.31,completed,online,2025-07-13,NO
1,14920,87501,1184.97,failed,online,2025-07-13,NO
4285,6670,90200,1537.94,completed,online,2025-07-13,NO
3856,35575,91926,1434.14,failed,online,2025-07-13,NO
1832,25340,93550,1851.38,failed,online,2025-07-13,NO
53,18033,94086,1305.44,completed,online,2025-07-13,NO
73,16349,95268,611.71,failed,online,2025-07-13,NO
1641,14728,96857,763.72,failed,online,2025-07-13,NO
3922,5538,97684,64.23,completed,online,2025-07-13,NO
1773,41975,97810,699.67,failed,online,2025-07-13,NO
1787,46940,98437,516.86,completed,online,2025-07-13,NO
496,39208,100000,168.16,failed,online,2025-07-13,NO
1,27157,102286,495.19,failed,online,2025-07-13,NO
2872,38495,103472,1820.89,completed,online,2025-07-13,NO
660,15256,104110,1506.95,failed,online,2025-07-13,NO
839,3671,108083,1685.87,completed,online,2025-07-13,NO
1,4351,108342,1504.62,failed,online,2025-07-13,NO
2905,47723,108997,1135.92,completed,online,2025-07-13,NO
1,10686,112057,1801.14,completed,online,2025-07-13,NO
1,46024,112076,351.18,failed,online,2025-07-13,NO
1179,35404,115993,356.66,failed,online,2025-07-13,NO
636,42594,116211,352.84,completed,online,2025-07-13,NO
2584,46520,117659,317.79,failed,online,2025-07-13,NO
2249,27886,119641,1510.23,completed,online,2025-07-13,NO
42,25510,121154,1130.13,failed,online,2025-07-13,NO
2408,48136,125113,932.55,failed,online,2025-07-13,NO
2171,37569,126136,1463.48,failed,online,2025-07-13,NO
267,15937,129208,1385.09,failed,online,2025-07-13,NO
2001,30760,132268,772.72,completed,online,2025-07-13,NO
178,37455,136256,671.77,failed,online,2025-07-13,NO
1,47711,137976,1415.61,completed,online,2025-07-13,NO
1026,31078,139281,1356.55,completed,online,2025-07-13,NO
2919,17139,144939,1530.02,completed,online,2025-07-13,NO
2071,18668,149380,569.15,completed,online,2025-07-13,NO
3071,1943,1550,1242.48,failed,online,2025-02-22,NO
2068,31308,2392,1781.96,failed,online,2025-02-22,NO
1,34475,5212,1690.14,completed,online,2025-02-22,NO
1,16758,6440,1864.21,completed,online,2025-02-22,NO
1,21533,8011,843.8,completed,online,2025-02-22,NO
2635,5820,11280,816.31,failed,online,2025-02-22,NO
2701,34692,11541,565.53,completed,online,2025-02-22,NO
650,11891,12459,1330.08,failed,online,2025-02-22,NO
420,466,17805,1361.82,failed,online,2025-02-22,NO
3922,48638,21225,450.07,completed,online,2025-02-22,NO
4404,30910,22592,1331.63,failed,online,2025-02-22,NO
3117,6849,23120,1628.28,completed,online,2025-02-22,NO
1489,22547,24448,594.79,completed,online,2025-02-22,NO
1510,44404,28063,44.22,failed,online,2025-02-22,NO
2376,22725,30150,634.33,failed,online,2025-02-22,NO
4025,40398,31908,972.27,completed,online,2025-02-22,NO
3522,28584,32291,399.39,completed,online,2025-02-22,NO
1,48486,35709,53.99,failed,online,2025-02-22,NO
1,44601,37675,1953.79,completed,online,2025-02-22,NO
3825,48383,39796,1163.88,completed,online,2025-02-22,NO
3333,18956,44543,1462.02,failed,online,2025-02-22,NO
4021,40393,45731,262.51,failed,online,2025-02-22,NO
1617,3083,48850,34.92,failed,online,2025-02-22,NO
3078,12427,48875,214.05,completed,online,2025-02-22,NO
3581,13312,49358,1086.46,completed,online,2025-02-22,NO
1,7241,50354,543.07,completed,online,2025-02-22,NO
1,40395,51594,1094.94,failed,online,2025-02-22,NO
3254,35030,52822,1633.7,completed,online,2025-02-22,NO
1192,38398,53344,1723.79,completed,online,2025-02-22,NO
1,45148,53565,1938.2,completed,online,2025-02-22,NO
3143,45535,55591,987.58,failed,online,2025-02-22,NO
1885,13759,58850,574.72,failed,online,2025-02-22,NO
2513,35484,64223,1141.98,failed,online,2025-02-22,NO
725,31304,64768,213.97,completed,online,2025-02-22,NO
2591,1926,65131,1117.46,failed,online,2025-02-22,NO
2314,35773,65784,1676.28,failed,online,2025-02-22,NO
3278,6789,70787,1057.03,failed,online,2025-02-22,NO
4351,15441,71411,227.87,failed,online,2025-02-22,NO
757,48154,71729,1307.42,completed,online,2025-02-22,NO
2065,36408,73231,1783.57,failed,online,2025-02-22,NO
3052,38584,73442,897.29,failed,online,2025-02-22,NO
3389,34755,74178,1420.48,failed,online,2025-02-22,NO
1,36075,76550,1579.96,failed,online,2025-02-22,NO
4327,33464,77935,1562.6,failed,online,2025-02-22,NO
1,16075,80308,1971.81,completed,online,2025-02-22,NO
1,31632,83417,1208.81,completed,online,2025-02-22,NO
445,42069,83997,790.25,failed,online,2025-02-22,NO
1606,16874,84306,1874.42,failed,online,2025-02-22,NO
1,42026,85349,581.31,completed,online,2025-02-22,NO
2588,38951,85633,576.07,completed,online,2025-02-22,NO
4010,43192,87368,1304.58,completed,online,2025-02-22,NO
3381,37570,90890,1503.64,completed,online,2025-02-22,NO
3052,36326,92917,1827.31,completed,online,2025-02-22,NO
4192,42445,98967,152.6,completed,online,2025-02-22,NO
3183,21831,100400,10.67,failed,online,2025-02-22,NO
3692,23754,100901,759.62,completed,online,2025-02-22,NO
1,8862,101508,1830.37,completed,online,2025-02-22,NO
4039,34022,103066,468.17,completed,online,2025-02-22,NO
728,31237,105440,377.1,completed,online,2025-02-22,NO
3683,52,106478,1015.32,failed,online,2025-02-22,NO
556,30919,106907,1693.03,completed,online,2025-02-22,NO
107,13251,113721,935.07,failed,online,2025-02-22,NO
534,21131,114918,879.18,completed,online,2025-02-22,NO
1068,47366,115923,701.71,failed,online,2025-02-22,NO
143,38687,117083,682.95,completed,online,2025-02-22,NO
1,35857,120380,1027.04,failed,online,2025-02-22,NO
3775,36992,121796,463.62,completed,online,2025-02-22,NO
3444,21604,121983,48.39,completed,online,2025-02-22,NO
4316,15426,122729,1432.86,failed,online,2025-02-22,NO
3745,39718,124345,794.87,failed,online,2025-02-22,NO
17,7158,125801,110.94,completed,online,2025-02-22,NO
3524,11332,126572,881.49,failed,online,2025-02-22,NO
3111,26410,130376,1131.87,completed,online,2025-02-22,NO
4266,2343,131093,689.54,completed,online,2025-02-22,NO
1388,7711,132312,1297.68,failed,online,2025-02-22,NO
764,33056,134218,1342.37,completed,online,2025-02-22,NO
2586,38951,134967,1949.9,completed,online,2025-02-22,NO
2718,18377,140270,1403.62,failed,online,2025-02-22,NO
4074,3733,142687,684.49,failed,online,2025-02-22,NO
3052,7835,143034,1109.74,completed,online,2025-02-22,NO
3630,10475,144227,1265.56,completed,online,2025-02-22,NO
3313,17797,5610,678.56,completed,online,2025-06-01,NO
4955,44235,7128,1547.35,completed,online,2025-06-01,NO
905,16470,7931,96.7,completed,online,2025-06-01,NO
4922,47867,11207,906.4,failed,online,2025-06-01,NO
2563,15806,17274,46.81,completed,online,2025-06-01,NO
4716,5482,18177,1346.82,failed,online,2025-06-01,NO
2324,32770,18700,1078.45,failed,online,2025-06-01,NO
1659,10982,19027,483.33,failed,online,2025-06-01,NO
2955,1831,19820,160.82,failed,online,2025-06-01,NO
1933,42918,21251,1561.66,completed,online,2025-06-01,NO
2999,17265,24294,806.29,failed,online,2025-06-01,NO
3032,45749,24437,709.83,completed,online,2025-06-01,NO
1,11421,25897,1278.49,failed,online,2025-06-01,NO
3863,42858,33123,20.13,completed,online,2025-06-01,NO
935,18617,35494,243.26,failed,online,2025-06-01,NO
4623,3466,36861,120.33,completed,online,2025-06-01,NO
1977,17037,39008,289.96,completed,online,2025-06-01,NO
2150,12563,39175,1133.89,completed,online,2025-06-01,NO
1989,46297,39527,323.75,completed,online,2025-06-01,NO
2629,26332,40848,787.6,completed,online,2025-06-01,NO
1,10135,42408,1849.13,failed,online,2025-06-01,NO
1856,27897,42538,1491.52,failed,online,2025-06-01,NO
2792,2214,44190,1657.99,failed,UNKNOWN,2025-06-01,NO
2757,27919,44770,646.02,failed,online,2025-06-01,NO
3919,42430,46515,62.81,completed,online,2025-06-01,NO
4076,20943,50674,322.25,completed,online,2025-06-01,NO
3181,28134,54585,1349.74,failed,online,2025-06-01,NO
3360,2057,55735,402.11,failed,online,2025-06-01,NO
2436,35117,56262,151.23,failed,online,2025-06-01,NO
4040,4772,57088,93.88,completed,online,2025-06-01,NO
1888,23619,60885,1627.28,failed,online,2025-06-01,NO
1354,22388,62163,1055.03,completed,online,2025-06-01,NO
2677,8619,64449,1047.55,completed,online,2025-06-01,NO
3032,42020,65430,514.98,completed,online,2025-06-01,NO
2359,40484,66191,715.92,failed,online,2025-06-01,NO
1,10345,67155,864.72,completed,online,2025-06-01,NO
4663,40943,67920,1976.63,failed,online,2025-06-01,NO
923,33465,69337,63.1,completed,online,2025-06-01,NO
4262,14522,71120,1798.84,failed,UNKNOWN,2025-06-01,NO
2818,47111,71858,1829.91,failed,online,2025-06-01,NO
1,43089,72386,1996.7,failed,online,2025-06-01,NO
775,40548,76064,933.54,failed,online,2025-06-01,NO
1,46437,79430,707.85,completed,online,2025-06-01,NO
438,49757,80272,732.58,completed,online,2025-06-01,NO
4982,29694,80417,1098.91,completed,online,2025-06-01,NO
2193,8512,80988,1682.96,failed,online,2025-06-01,NO
1645,9080,82579,802.15,failed,online,2025-06-01,NO
4297,2493,83990,689.14,failed,online,2025-06-01,NO
3747,36519,84075,1333.71,completed,online,2025-06-01,NO
1657,40764,84138,1000.85,completed,online,2025-06-01,NO
2554,34587,84764,555.14,failed,online,2025-06-01,NO
1049,29556,84964,1971.04,completed,online,2025-06-01,NO
1,15982,85280,1292.94,failed,online,2025-06-01,NO
1178,2785,93434,1062.01,failed,online,2025-06-01,NO
2105,16461,93675,604.15,completed,online,2025-06-01,NO
3700,35101,94558,1572.25,completed,online,2025-06-01,NO
2998,29845,97156,836.77,failed,online,2025-06-01,NO
4946,8609,97643,1582.78,completed,online,2025-06-01,NO
1,30934,103240,1014.56,failed,online,2025-06-01,NO
1361,30904,104442,1575.19,failed,online,2025-06-01,NO
2516,35857,104818,1398.94,failed,online,2025-06-01,NO
3772,11561,105210,1500.51,failed,online,2025-06-01,NO
1845,32688,106728,1698.67,completed,online,2025-06-01,NO
304,49818,109773,262.12,completed,online,2025-06-01,NO
2648,25456,110544,1792.2,failed,online,2025-06-01,NO
4928,1134,113411,259.41,failed,online,2025-06-01,NO
2717,390,114189,1819.79,completed,online,2025-06-01,NO
1295,12081,114821,622.87,completed,online,2025-06-01,NO
322,46048,118283,961.25,failed,online,2025-06-01,NO
344,40788,119924,123.2,completed,online,2025-06-01,NO
222,29141,120986,1030.37,completed,online,2025-06-01,NO
4077,32322,121475,1964.27,completed,online,2025-06-01,NO
4410,25661,122803,454.92,failed,online,2025-06-01,NO
4390,11301,124107,1590.27,failed,online,2025-06-01,NO
1,34060,127086,1834.22,failed,UNKNOWN,2025-06-01,NO
4485,27427,130018,467.89,failed,UNKNOWN,2025-06-01,NO
1,31732,132625,1590.04,completed,online,2025-06-01,NO
678,46647,135035,883.72,failed,online,2025-06-01,NO
721,35479,144363,862.2,completed,online,2025-06-01,NO
1134,38694,146405,969.06,failed,online,2025-06-01,NO
4599,34162,146735,897.27,failed,online,2025-06-01,NO
1780,48470,970,1665.91,completed,online,2025-04-29,NO
1881,14439,1505,442.15,completed,online,2025-04-29,NO
1,26622,3595,1298.77,failed,online,2025-04-29,NO
1541,45836,4246,433.44,completed,online,2025-04-29,NO
2507,3764,5055,544.59,failed,online,2025-04-29,NO
2406,35132,6904,1464.67,completed,online,2025-04-29,NO
1,31449,10889,1403.35,completed,UNKNOWN,2025-04-29,NO
1402,5240,11014,1809.97,failed,online,2025-04-29,NO
2729,39745,11694,1240.46,failed,online,2025-04-29,NO
1439,20386,12881,969.37,failed,online,2025-04-29,NO
1,47087,15835,217.7,completed,online,2025-04-29,NO
1536,49049,16798,1435.14,failed,online,2025-04-29,NO
4805,39311,16839,1739.41,completed,online,2025-04-29,NO
2091,43132,17119,1759.9,failed,online,2025-04-29,NO
2572,20525,17751,88.57,failed,online,2025-04-29,NO
1,46846,19162,1101.19,failed,online,2025-04-29,NO
3445,14905,22887,136.63,failed,online,2025-04-29,NO
4929,28090,24873,925.74,failed,UNKNOWN,2025-04-29,NO
1,6335,26500,1277.63,completed,online,2025-04-29,NO
3737,35439,30159,1766.23,failed,online,2025-04-29,NO
3816,9489,31046,1723.97,completed,online,2025-04-29,NO
3739,29853,32440,1250.88,completed,online,2025-04-29,NO
1,21274,34887,61.41,failed,online,2025-04-29,NO
1,26178,39203,1653.91,completed,UNKNOWN,2025-04-29,NO
2002,33192,39931,468.13,completed,online,2025-04-29,NO
3532,16309,45213,910.17,failed,online,2025-04-29,NO
787,39665,48620,1633.71,failed,online,2025-04-29,NO
4708,16008,52767,1146.83,failed,online,2025-04-29,NO
3055,21440,54042,792.23,completed,online,2025-04-29,NO
1,38386,54306,425.55,failed,online,2025-04-29,NO
20,36330,55607,1140.18,failed,online,2025-04-29,NO
127,8645,56656,153.46,failed,online,2025-04-29,NO
1006,8973,57725,938.06,completed,online,2025-04-29,NO
1613,48548,62092,1058.47,failed,UNKNOWN,2025-04-29,NO
4349,34899,62562,1811.58,completed,online,2025-04-29,NO
1536,24654,62839,1994.07,completed,online,2025-04-29,NO
4581,24915,63139,297.44,completed,online,2025-04-29,NO
1987,5501,63392,941.03,failed,online,2025-04-29,NO
1,25061,66347,1129.96,failed,UNKNOWN,2025-04-29,NO
4090,39387,69048,1199.05,completed,online,2025-04-29,NO
4213,9657,72734,766.23,failed,online,2025-04-29,NO
220,13295,74775,283.24,failed,online,2025-04-29,NO
4752,18369,76190,1342.44,completed,UNKNOWN,2025-04-29,NO
1,45100,76728,1817.53,completed,online,2025-04-29,NO
724,14990,78664,281.01,completed,online,2025-04-29,NO
1834,49048,79168,1577.89,failed,online,2025-04-29,NO
277,24692,81839,339.3,failed,online,2025-04-29,NO
1266,30822,81846,1678.89,failed,online,2025-04-29,NO
2319,12274,81854,421.85,completed,online,2025-04-29,NO
1,20069,81945,701.23,failed,online,2025-04-29,NO
630,35533,83472,1911.33,failed,online,2025-04-29,NO
4433,16929,83488,1071.22,failed,online,2025-04-29,NO
1627,26558,85419,365.11,failed,online,2025-04-29,NO
340,25086,86954,203.49,failed,online,2025-04-29,NO
737,8110,93749,353.46,failed,online,2025-04-29,NO
2746,10889,94156,1119.88,completed,online,2025-04-29,NO
1197,36621,96744,1179.18,failed,online,2025-04-29,NO
1387,14559,97509,1184.73,failed,online,2025-04-29,NO
4575,31616,99051,958.26,failed,online,2025-04-29,NO
56,40641,100442,1480.49,completed,online,2025-04-29,NO
870,12359,100909,306.09,completed,online,2025-04-29,NO
2722,33937,101478,1266.57,completed,online,2025-04-29,NO
1,31686,104295,1698.02,completed,online,2025-04-29,NO
1,21203,109224,610.56,failed,online,2025-04-29,NO
1,28933,111170,145.43,completed,online,2025-04-29,NO
2800,25224,112123,607.49,completed,online,2025-04-29,NO
1,6748,115625,388.87,completed,online,2025-04-29,NO
1,40737,118102,571.61,completed,online,2025-04-29,NO
2878,35520,122303,36.5,failed,online,2025-04-29,NO
1560,37012,122907,1527.52,completed,online,2025-04-29,NO
1386,8445,123832,595.02,failed,online,2025-04-29,NO
3269,5006,123999,1963.46,failed,online,2025-04-29,NO
2590,13786,128521,1087.59,completed,online,2025-04-29,NO
4079,6036,128859,309.18,failed,online,2025-04-29,NO
114,21481,130330,1430.06,failed,online,2025-04-29,NO
1843,14399,131170,1584.05,failed,online,2025-04-29,NO
1,45436,138870,1978.1,completed,online,2025-04-29,NO
1,667,141352,1873.58,failed,online,2025-04-29,NO
4328,22230,141714,392.61,failed,online,2025-04-29,NO
1,9631,142799,1509.38,failed,online,2025-04-29,NO
1,48640,147808,168.6,completed,online,2025-04-29,NO
1,7406,149299,224.49,completed,online,2025-04-29,NO
4374,44436,207,125.28,completed,online,2025-09-27,NO
4995,39990,849,457.83,completed,online,2025-09-27,NO
1904,22333,1036,1228.15,failed,online,2025-09-27,NO
3022,2470,7438,1918.32,failed,online,2025-09-27,NO
1,24984,9872,1785.09,completed,online,2025-09-27,NO
717,11897,12950,339.84,failed,online,2025-09-27,NO
4806,37899,15536,412.62,completed,online,2025-09-27,NO
840,30238,17152,1688.23,completed,online,2025-09-27,NO
740,40444,19093,909.01,failed,online,2025-09-27,NO
1,13864,19269,305.32,completed,online,2025-09-27,NO
1,4912,20417,730.28,completed,online,2025-09-27,NO
1,29660,20829,1324.11,failed,online,2025-09-27,NO
3992,41233,22138,21.28,completed,online,2025-09-27,NO
1431,11838,24182,1713.15,completed,online,2025-09-27,NO
993,39954,25975,1240.68,completed,online,2025-09-27,NO
1,26303,27426,1396.25,completed,online,2025-09-27,NO
4246,30048,37641,1878.71,failed,online,2025-09-27,NO
3107,6373,37882,1979.11,failed,online,2025-09-27,NO
3268,20996,39389,42.85,completed,online,2025-09-27,NO
2932,45112,39888,82.07,failed,online,2025-09-27,NO
1,12033,41058,426.31,failed,online,2025-09-27,NO
1,3692,44150,455.36,completed,online,2025-09-27,NO
112,26243,46834,213.12,failed,online,2025-09-27,NO
1,10404,48293,617.23,failed,online,2025-09-27,NO
2607,28707,49278,1496.27,completed,online,2025-09-27,NO
826,17346,51153,383.68,failed,online,2025-09-27,NO
4955,49914,51259,557.4,failed,online,2025-09-27,NO
754,37351,53078,1476.34,failed,online,2025-09-27,NO
2506,43821,54616,301.12,completed,online,2025-09-27,NO
4773,13116,56550,357.98,failed,online,2025-09-27,NO
1106,35084,58046,1977.38,completed,online,2025-09-27,NO
3987,48138,60537,1552.72,failed,online,2025-09-27,NO
4940,45665,63202,311.52,completed,UNKNOWN,2025-09-27,NO
672,38247,64967,548.56,completed,online,2025-09-27,NO
4003,39943,65410,546.9,failed,online,2025-09-27,NO
1661,42535,66232,1854.05,failed,online,2025-09-27,NO
4474,44412,70193,1558.14,completed,online,2025-09-27,NO
1606,28595,72673,1370.52,failed,online,2025-09-27,NO
551,11085,73103,1868.13,failed,online,2025-09-27,NO
1,48557,73454,1832.86,completed,online,2025-09-27,NO
4141,10650,73726,1782.28,completed,online,2025-09-27,NO
1,4443,79781,899.4,failed,online,2025-09-27,NO
2285,14412,86116,1746.45,failed,online,2025-09-27,NO
127,23940,87608,1611.89,failed,online,2025-09-27,NO
821,692,88419,227.22,failed,UNKNOWN,2025-09-27,NO
1655,49534,88768,570.45,completed,online,2025-09-27,NO
1,6416,92667,1003.93,completed,online,2025-09-27,NO
2607,45210,95230,1306.4,failed,online,2025-09-27,NO
735,45159,95591,46.56,completed,online,2025-09-27,NO
633,12820,96113,1689.27,completed,online,2025-09-27,NO
1578,28533,99418,1289.95,failed,online,2025-09-27,NO
2599,24288,101010,1550.15,completed,online,2025-09-27,NO
2379,26060,103433,1154.11,completed,online,2025-09-27,NO
2100,26097,103444,182.4,failed,online,2025-09-27,NO
39,37858,106587,1144.44,completed,online,2025-09-27,NO
2189,44813,109169,1239.68,failed,online,2025-09-27,NO
1852,48826,109756,9009.410500917747,failed,online,2025-09-27,NO
1,34261,111078,1227.14,failed,online,2025-09-27,NO
2972,25674,113106,863.97,completed,online,2025-09-27,NO
3200,10749,114696,1942.44,failed,online,2025-09-27,NO
4079,3454,114874,477.98,completed,UNKNOWN,2025-09-27,NO
2955,34922,115030,249.26,failed,online,2025-09-27,NO
2955,5326,117534,600.57,failed,online,2025-09-27,NO
1,19243,118112,459.46,completed,online,2025-09-27,NO
3427,36766,118736,1269.23,completed,online,2025-09-27,NO
1,4634,122254,1000.77,completed,online,2025-09-27,NO
4292,29857,124823,1683.06,completed,online,2025-09-27,NO
1235,7352,127602,574.18,failed,online,2025-09-27,NO
371,42999,129343,1345.76,completed,online,2025-09-27,NO
660,387,130198,1059.17,failed,online,2025-09-27,NO
2863,31638,130851,808.25,completed,online,2025-09-27,NO
4814,31521,131754,367.99,failed,online,2025-09-27,NO
4861,49284,133204,1968.34,failed,online,2025-09-27,NO
1,472,133512,1011.84,failed,online,2025-09-27,NO
3390,31159,133890,824.24,completed,online,2025-09-27,NO
46,23879,135936,1889.25,completed,online,2025-09-27,NO
82,46559,139111,1040.38,failed,online,2025-09-27,NO
3165,18980,139955,380.66,completed,online,2025-09-27,NO
1,37636,144978,1064.42,completed,online,2025-09-27,NO
4288,44967,147873,1789.6,completed,online,2025-09-27,NO
1557,7103,149011,1334.37,failed,online,2025-09-27,NO
3169,8567,6322,1080.86,completed,online,2025-08-04,NO
1303,7705,7143,1655.92,failed,online,2025-08-04,NO
709,49437,8206,1697.77,failed,online,2025-08-04,NO
1,5268,8610,1622.46,completed,online,2025-08-04,NO
3418,5376,10940,1459.96,completed,online,2025-08-04,NO
2210,12099,10986,146.5,completed,online,2025-08-04,NO
1893,40266,11715,309.44,failed,online,2025-08-04,NO
1,48594,12356,1140.11,failed,online,2025-08-04,NO
787,10423,12687,1956.94,completed,online,2025-08-04,NO
2862,30736,15783,1382.24,completed,online,2025-08-04,NO
4173,15797,17332,1792.36,completed,online,2025-08-04,NO
1,4838,17571,1611.21,failed,online,2025-08-04,NO
3174,7292,17935,767.56,completed,online,2025-08-04,NO
2423,21957,21117,1393.05,failed,online,2025-08-04,NO
1598,16566,21522,292.99,failed,UNKNOWN,2025-08-04,NO
4049,4868,25425,855.13,completed,online,2025-08-04,NO
391,34814,26896,934.51,failed,online,2025-08-04,NO
989,24952,28963,815.69,completed,online,2025-08-04,NO
2546,1472,29717,1664.37,failed,online,2025-08-04,NO
1621,45656,31088,1976.04,completed,online,2025-08-04,NO
317,27732,31876,425.07,failed,online,2025-08-04,NO
1,14605,35859,614.31,failed,online,2025-08-04,NO
2537,34482,38156,656.98,failed,online,2025-08-04,NO
3392,4965,39290,195.7,completed,online,2025-08-04,NO
1863,26701,45260,608.1,completed,online,2025-08-04,NO
163,13080,52394,1215.09,completed,online,2025-08-04,NO
1836,22449,56628,1720.2,completed,online,2025-08-04,NO
3232,10123,58979,282.12,failed,online,2025-08-04,NO
3910,23199,60592,523.17,completed,online,2025-08-04,NO
1,38750,62026,199.88,failed,online,2025-08-04,NO
147,22678,63775,74.09,failed,online,2025-08-04,NO
1,11374,65639,581.07,failed,online,2025-08-04,NO
1,31802,67440,439.24,failed,online,2025-08-04,NO
4627,14968,68486,1033.52,failed,online,2025-08-04,NO
2836,12990,71093,1072.33,failed,online,2025-08-04,NO
2734,41986,71611,136.45,completed,online,2025-08-04,NO
392,7113,71934,243.54,completed,online,2025-08-04,NO
4972,12935,76762,1452.87,failed,online,2025-08-04,NO
1,34279,77326,1251.01,completed,online,2025-08-04,NO
3577,11374,81028,453.52,completed,online,2025-08-04,NO
4366,23456,81094,1173.62,failed,online,2025-08-04,NO
1635,21917,82982,1716.58,completed,online,2025-08-04,NO
3896,47889,83063,733.33,completed,online,2025-08-04,NO
2794,20095,84579,698.71,failed,online,2025-08-04,NO
4158,47953,86410,1284.02,completed,online,2025-08-04,NO
4049,22863,87357,1460.77,completed,online,2025-08-04,NO
825,32186,91846,1859.84,failed,online,2025-08-04,NO
2794,10806,92672,603.44,completed,online,2025-08-04,NO
4471,43056,93870,1897.32,completed,online,2025-08-04,NO
967,31727,94878,1397.19,failed,online,2025-08-04,NO
2230,11123,97076,1398.53,completed,online,2025-08-04,NO
3983,19238,99299,1635.84,failed,online,2025-08-04,NO
2324,571,100196,909.71,completed,online,2025-08-04,NO
2264,23853,100384,1705.38,completed,online,2025-08-04,NO
2548,26171,102164,698.34,completed,online,2025-08-04,NO
1,61,104716,575.09,failed,online,2025-08-04,NO
2552,35919,105103,1156.82,failed,online,2025-08-04,NO
1043,41759,106248,1798.6,failed,online,2025-08-04,NO
2549,42687,107104,1888.63,failed,online,2025-08-04,NO
4585,39099,108313,1468.91,completed,online,2025-08-04,NO
2727,31917,110133,813.3,failed,online,2025-08-04,NO
4927,21346,114400,1008.43,completed,online,2025-08-04,NO
1287,45835,116746,236.78,failed,online,2025-08-04,NO
1,16058,118484,504.9,failed,online,2025-08-04,NO
2041,7573,119246,678.67,completed,online,2025-08-04,NO
4713,43754,121113,1156.37,failed,online,2025-08-04,NO
2329,4186,121991,1298.21,failed,online,2025-08-04,NO
3598,19341,124196,765.59,completed,online,2025-08-04,NO
3799,23059,125556,342.47,completed,online,2025-08-04,NO
2637,6625,126534,882.3,completed,online,2025-08-04,NO
3240,22985,127089,966.86,failed,online,2025-08-04,NO
1,48189,128046,1746.11,failed,online,2025-08-04,NO
3361,46088,133171,1096.85,failed,online,2025-08-04,NO
1,38682,135958,605.05,failed,online,2025-08-04,NO
2643,1461,138077,66.12,failed,online,2025-08-04,NO
1,45751,139123,841.86,failed,online,2025-08-04,NO
1167,19193,139276,60.07,completed,online,2025-08-04,NO
1116,5706,142646,756.53,completed,online,2025-08-04,NO
2320,39727,142759,495.07,completed,online,2025-08-04,NO
3380,30750,147142,1727.15,completed,online,2025-08-04,NO
1819,3978,149948,1142.76,completed,online,2025-08-04,NO
3322,35453,2328,805.59,failed,online,2025-11-08,NO
341,15185,4122,690.94,failed,online,2025-11-08,NO
3760,39750,5053,1158.28,completed,online,2025-11-08,NO
2652,21972,8339,432.01,failed,online,2025-11-08,NO
1186,16433,10225,465.13,completed,UNKNOWN,2025-11-08,NO
4169,32274,14014,536.62,failed,online,2025-11-08,NO
328,19758,18770,837.0,failed,online,2025-11-08,NO
3568,34578,27510,679.24,completed,online,2025-11-08,NO
3416,13638,31822,444.15,completed,online,2025-11-08,NO
2720,21034,32126,795.22,failed,online,2025-11-08,NO
593,44507,34733,468.12,failed,online,2025-11-08,NO
1,16595,36572,1712.17,failed,online,2025-11-08,NO
3379,5755,37547,871.69,completed,online,2025-11-08,NO
3463,19143,38494,1865.95,completed,online,2025-11-08,NO
1,21747,39136,1749.85,failed,online,2025-11-08,NO
1511,20534,39809,295.31,completed,online,2025-11-08,NO
439,5788,41371,1799.23,completed,online,2025-11-08,NO
4164,17526,42742,977.63,failed,online,2025-11-08,NO
2170,2909,43788,1439.59,completed,online,2025-11-08,NO
432,33034,44609,1290.09,completed,online,2025-11-08,NO
187,25238,44795,713.27,completed,online,2025-11-08,NO
4186,3253,45145,1443.17,completed,online,2025-11-08,NO
1,3640,45385,885.91,completed,online,2025-11-08,NO
275,33395,46533,1861.12,completed,online,2025-11-08,NO
2132,528,46941,382.3,completed,online,2025-11-08,NO
274,4495,47721,659.51,failed,online,2025-11-08,NO
1203,35581,49233,1261.95,completed,online,2025-11-08,NO
557,2614,53405,1640.92,completed,online,2025-11-08,NO
1,43713,55322,1584.43,failed,online,2025-11-08,NO
4766,43772,64511,1957.13,completed,online,2025-11-08,NO
1,34644,64721,951.12,completed,online,2025-11-08,NO
1,46212,64844,1708.8,failed,online,2025-11-08,NO
3349,43660,64902,1830.99,completed,online,2025-11-08,NO
4189,12782,65662,49.6,completed,UNKNOWN,2025-11-08,NO
299,44560,66185,788.94,completed,UNKNOWN,2025-11-08,NO
2349,17757,66948,1244.06,failed,online,2025-11-08,NO
3540,49071,67096,895.87,failed,online,2025-11-08,NO
3623,11127,67609,97.08,failed,online,2025-11-08,NO
1548,28028,68197,1786.39,completed,online,2025-11-08,NO
1243,19570,69207,126.35,completed,online,2025-11-08,NO
1,40409,69955,1744.63,completed,online,2025-11-08,NO
716,25402,70570,1443.59,failed,online,2025-11-08,NO
686,45656,71322,963.96,completed,online,2025-11-08,NO
1593,9789,73203,891.32,failed,online,2025-11-08,NO
1975,31863,75257,1905.52,completed,online,2025-11-08,NO
1166,24820,76177,49.7,failed,online,2025-11-08,NO
3145,1504,78581,295.2,completed,online,2025-11-08,NO
1,41635,78917,1713.71,completed,online,2025-11-08,NO
1031,7002,80818,265.71,completed,online,2025-11-08,NO
2833,35694,89969,1359.91,failed,online,2025-11-08,NO
3577,48673,90617,302.05,completed,online,2025-11-08,NO
1,13054,92305,1413.45,completed,online,2025-11-08,NO
1,27294,94677,1036.65,completed,online,2025-11-08,NO
2634,40642,94884,288.12,completed,online,2025-11-08,NO
1,27962,96606,67.79,failed,online,2025-11-08,NO
1,28462,99527,185.46,failed,online,2025-11-08,NO
123,21851,99881,308.47,completed,online,2025-11-08,NO
4644,30790,100392,704.26,failed,online,2025-11-08,NO
1,11403,100843,1317.04,failed,online,2025-11-08,NO
3902,2137,100926,1618.6,failed,online,2025-11-08,NO
2612,18672,103376,108.74,completed,online,2025-11-08,NO
4684,48041,105050,1613.68,completed,online,2025-11-08,NO
2181,6609,105644,1977.92,completed,online,2025-11-08,NO
1,27520,106458,268.08,completed,online,2025-11-08,NO
62,39573,114480,1746.22,failed,online,2025-11-08,NO
3296,102,114681,122.21,failed,online,2025-11-08,NO
1,42146,116625,1205.27,failed,online,2025-11-08,NO
1971,8412,117789,1399.26,failed,online,2025-11-08,NO
2484,2484,121818,1595.34,completed,online,2025-11-08,NO
628,2183,124984,134.9,completed,online,2025-11-08,NO
1,1101,129249,606.91,completed,online,2025-11-08,NO
1241,45358,130505,317.01,completed,online,2025-11-08,NO
2593,23680,130929,1260.39,completed,online,2025-11-08,NO
1433,9719,132635,144.67,failed,online,2025-11-08,NO
1,17378,132736,828.16,completed,online,2025-11-08,NO
1161,37304,135735,8305.049689999945,failed,online,2025-11-08,NO
2875,18318,139205,709.2,completed,online,2025-11-08,NO
3621,41645,140457,204.01,completed,online,2025-11-08,NO
4928,4201,140513,1149.46,completed,online,2025-11-08,NO
601,32733,143673,20.52,failed,online,2025-11-08,NO
1,37110,148770,461.86,completed,online,2025-11-08,NO
