product_id,customer_id,transaction_id,amount,status,channel,transaction_date,fraud_flag
1,38934,61,556.63,failed,online,2025-05-23,NO
3769,32238,687,1932.8,failed,online,2025-05-23,NO
1500,9130,728,1999.48,failed,online,2025-05-23,NO
320,46436,3170,865.14,completed,online,2025-05-23,NO
814,35948,3723,1486.69,failed,online,2025-05-23,NO
2467,12689,8425,913.99,completed,online,2025-05-23,NO
3109,3642,10925,326.66,completed,online,2025-05-23,NO
1025,14506,14601,819.98,failed,online,2025-05-23,NO
172,1236,16180,1416.64,completed,online,2025-05-23,NO
2685,20061,17475,1537.76,failed,online,2025-05-23,NO
3666,11167,20892,1511.4,completed,online,2025-05-23,NO
758,20206,21799,1556.47,completed,online,2025-05-23,NO
1,7732,23534,1480.4,completed,online,2025-05-23,NO
4066,49126,25266,1391.16,failed,online,2025-05-23,NO
3454,39070,25734,187.65,completed,online,2025-05-23,NO
4270,31161,26761,1317.87,completed,online,2025-05-23,NO
2161,8111,29378,835.66,completed,online,2025-05-23,NO
1382,5404,30157,214.52,failed,online,2025-05-23,NO
4053,7538,34954,842.7,completed,online,2025-05-23,NO
1,13491,35088,295.46,failed,online,2025-05-23,NO
2455,6484,40686,1909.75,failed,online,2025-05-23,NO
1,34338,42058,1199.2,failed,online,2025-05-23,NO
723,25769,45400,1005.21,completed,online,2025-05-23,NO
2533,27498,45640,763.35,completed,online,2025-05-23,NO
1,38662,46832,1186.77,completed,online,2025-05-23,NO
4575,34852,47082,1095.47,completed,online,2025-05-23,NO
2495,1646,48039,107.34,failed,online,2025-05-23,NO
3375,13271,48484,958.85,failed,online,2025-05-23,NO
878,20511,52592,1776.29,failed,online,2025-05-23,NO
91,29567,52867,1896.6,completed,online,2025-05-23,NO
809,22122,53453,1293.56,failed,online,2025-05-23,NO
4671,21464,56569,8558.281306162686,failed,online,2025-05-23,NO
1235,11982,57418,485.97,failed,online,2025-05-23,NO
3967,34037,57630,1263.73,failed,online,2025-05-23,NO
2142,24144,58317,1546.34,failed,online,2025-05-23,NO
1,27561,59957,253.7,completed,online,2025-05-23,NO
3019,29582,60553,1405.13,completed,online,2025-05-23,NO
2747,18749,62164,275.46,completed,online,2025-05-23,NO
1,9214,62176,769.41,failed,online,2025-05-23,NO
1,44371,64013,1332.11,failed,online,2025-05-23,NO
4681,10201,65596,858.71,completed,online,2025-05-23,NO
2236,1315,67128,1417.26,failed,online,2025-05-23,NO
3084,31284,67659,423.72,completed,online,2025-05-23,NO
1441,48882,68110,1787.62,failed,online,2025-05-23,NO
4865,23955,68587,946.59,completed,online,2025-05-23,NO
2008,5124,70470,1188.42,failed,online,2025-05-23,NO
4881,13841,70738,1294.16,completed,online,2025-05-23,NO
3167,8134,70882,113.84,failed,online,2025-05-23,NO
1968,37214,72429,1435.04,failed,online,2025-05-23,NO
4679,21513,83381,825.66,completed,online,2025-05-23,NO
4247,44055,84069,1839.48,completed,online,2025-05-23,NO
1,31542,84289,1083.01,completed,online,2025-05-23,NO
3777,28110,88298,1989.94,completed,online,2025-05-23,NO
2364,26860,88866,743.94,completed,online,2025-05-23,NO
4852,43352,90377,467.17,failed,online,2025-05-23,NO
2036,19795,90502,13.48,completed,online,2025-05-23,NO
1,38596,91859,248.72,completed,online,2025-05-23,NO
4589,35733,93769,811.48,failed,online,2025-05-23,NO
1865,39046,94586,984.69,failed,online,2025-05-23,NO
3720,43498,95520,452.34,completed,online,2025-05-23,NO
1096,10944,96057,1344.18,failed,online,2025-05-23,NO
2326,8785,96708,856.1,completed,online,2025-05-23,NO
2433,5627,97290,215.24,failed,online,2025-05-23,NO
1753,37097,97518,1628.05,failed,online,2025-05-23,NO
1,43953,99411,1619.64,failed,online,2025-05-23,NO
3199,26752,99754,1669.5,failed,online,2025-05-23,NO
128,26329,101588,1763.88,failed,online,2025-05-23,NO
3543,12129,104352,1662.09,completed,online,2025-05-23,NO
1,33943,104845,1191.66,failed,online,2025-05-23,NO
177,36838,107140,338.86,failed,online,2025-05-23,NO
1,3274,108146,311.02,failed,online,2025-05-23,NO
1692,2876,111988,1217.05,failed,online,2025-05-23,NO
2821,21209,115678,389.76,failed,online,2025-05-23,NO
3082,686,116510,394.68,completed,online,2025-05-23,NO
4564,7096,119758,1602.62,completed,online,2025-05-23,NO
4480,47892,120039,1265.64,completed,online,2025-05-23,NO
1,10790,122001,1171.21,completed,online,2025-05-23,NO
1430,44012,123324,1253.28,failed,online,2025-05-23,NO
2119,32615,125030,1776.54,completed,online,2025-05-23,NO
500,13583,125407,461.95,failed,online,2025-05-23,NO
3940,34085,125639,1796.77,completed,online,2025-05-23,NO
1,23452,129969,1729.7,failed,online,2025-05-23,NO
162,30585,133982,734.1,completed,online,2025-05-23,NO
3782,5001,136089,1756.37,completed,online,2025-05-23,NO
444,41889,138638,1715.03,completed,online,2025-05-23,NO
1260,12129,138840,1440.78,completed,online,2025-05-23,NO
855,21201,139331,104.92,failed,online,2025-05-23,NO
3938,3770,142368,293.43,failed,online,2025-05-23,NO
4224,38075,145289,924.56,completed,online,2025-05-23,NO
3068,46948,147051,464.97,failed,online,2025-05-23,NO
3199,24204,147537,219.13,failed,online,2025-05-23,NO
1252,12304,1220,1126.89,failed,online,2025-10-02,NO
2131,16751,2571,381.77,completed,online,2025-10-02,NO
2612,24543,2691,89.06,failed,online,2025-10-02,NO
4323,1721,3509,1960.63,failed,online,2025-10-02,NO
1,39004,6335,567.5,failed,online,2025-10-02,NO
1241,42795,6406,11.34,failed,online,2025-10-02,NO
3321,5738,7740,608.0,completed,online,2025-10-02,NO
3605,31951,9576,1705.56,failed,online,2025-10-02,NO
1179,32091,12538,1842.85,completed,online,2025-10-02,NO
4076,11593,13577,1307.21,completed,online,2025-10-02,NO
2878,31966,17898,1994.2,failed,online,2025-10-02,NO
4629,22028,20394,1905.56,completed,online,2025-10-02,NO
3413,18601,20933,1345.13,failed,online,2025-10-02,NO
4247,38175,22031,286.65,completed,online,2025-10-02,NO
1,47931,27498,1965.82,failed,UNKNOWN,2025-10-02,NO
4518,46869,29552,1818.24,failed,online,2025-10-02,NO
4560,37482,33212,1922.34,completed,online,2025-10-02,NO
2307,16461,33728,1373.03,completed,online,2025-10-02,NO
4716,12501,35456,1369.14,completed,online,2025-10-02,NO
4004,19544,36882,444.64,completed,online,2025-10-02,NO
2795,20405,37178,1507.07,completed,online,2025-10-02,NO
2453,33355,37554,1227.78,failed,online,2025-10-02,NO
1,41929,39782,1682.93,failed,online,2025-10-02,NO
4681,15724,44551,290.09,completed,online,2025-10-02,NO
1486,19912,46246,732.24,completed,online,2025-10-02,NO
1,22481,48042,25.4,failed,online,2025-10-02,NO
1,16055,48362,1737.54,failed,online,2025-10-02,NO
2584,17582,48365,1390.98,completed,online,2025-10-02,NO
2324,45732,49391,1417.15,failed,online,2025-10-02,NO
2145,46699,50611,1839.17,completed,UNKNOWN,2025-10-02,NO
4125,8972,51602,886.25,completed,online,2025-10-02,NO
3999,20529,54860,859.97,completed,online,2025-10-02,NO
2564,33708,55084,905.73,completed,online,2025-10-02,NO
1,7338,56163,818.62,failed,online,2025-10-02,NO
772,15011,56340,983.18,failed,online,2025-10-02,NO
2304,15093,60413,248.39,failed,online,2025-10-02,NO
1,48079,62915,1521.35,failed,online,2025-10-02,NO
1465,36380,63133,566.93,failed,online,2025-10-02,NO
368,17884,63675,1196.25,completed,online,2025-10-02,NO
3235,39197,63763,1927.27,failed,online,2025-10-02,NO
4654,10996,64204,892.92,failed,online,2025-10-02,NO
55,38746,64522,1067.39,completed,online,2025-10-02,NO
1254,37808,66190,1675.68,completed,online,2025-10-02,NO
3889,37669,71296,1614.63,completed,online,2025-10-02,NO
438,24909,72511,1792.55,completed,online,2025-10-02,NO
1,44850,73147,793.28,completed,online,2025-10-02,NO
1,43528,79439,107.15,failed,online,2025-10-02,NO
1,2996,79894,1866.12,failed,online,2025-10-02,NO
1339,2462,80690,1228.73,completed,online,2025-10-02,NO
1,30933,81688,1331.81,completed,online,2025-10-02,NO
3545,33979,82128,71.81,failed,online,2025-10-02,NO
3019,10122,82313,634.74,failed,online,2025-10-02,NO
3704,17738,83758,804.62,completed,online,2025-10-02,NO
3217,48477,84983,604.35,failed,online,2025-10-02,NO
375,17039,87961,1917.36,failed,online,2025-10-02,NO
2166,23291,88582,492.82,completed,online,2025-10-02,NO
1,34175,90724,183.46,failed,UNKNOWN,2025-10-02,NO
1,20816,91513,1717.58,failed,online,2025-10-02,NO
4350,21997,93057,36.63,failed,online,2025-10-02,NO
212,40532,93561,1294.13,failed,online,2025-10-02,NO
3075,35593,99205,310.24,completed,online,2025-10-02,NO
2350,10954,99748,1844.94,failed,online,2025-10-02,NO
2142,32122,100520,204.59,completed,online,2025-10-02,NO
2310,24238,104901,8016.641273539615,completed,online,2025-10-02,NO
933,34198,105886,1101.85,completed,online,2025-10-02,NO
4084,18775,108954,1036.39,failed,online,2025-10-02,NO
3284,22687,112468,788.37,failed,online,2025-10-02,NO
3533,24206,115096,538.89,completed,online,2025-10-02,NO
849,9440,116719,380.95,failed,online,2025-10-02,NO
4139,714,118655,160.91,failed,online,2025-10-02,NO
4856,48984,120939,1567.3,completed,online,2025-10-02,NO
4955,18643,123666,1646.57,failed,online,2025-10-02,NO
1,931,123800,1100.3,completed,online,2025-10-02,NO
754,24240,125011,914.25,failed,online,2025-10-02,NO
1,27696,127246,396.84,failed,online,2025-10-02,NO
2263,38479,127454,1506.74,completed,online,2025-10-02,NO
1711,45785,129127,290.05,failed,online,2025-10-02,NO
429,31932,129275,1863.46,failed,online,2025-10-02,NO
1986,326,131283,1895.17,completed,online,2025-10-02,NO
1,49526,132501,1084.12,completed,online,2025-10-02,NO
433,45965,134823,307.5,failed,online,2025-10-02,NO
4566,33474,137424,43.98,failed,online,2025-10-02,NO
2400,28417,139529,373.75,failed,online,2025-10-02,NO
3520,1664,140008,591.77,failed,online,2025-10-02,NO
1106,22857,142061,688.32,failed,online,2025-10-02,NO
2227,39301,142177,1883.18,failed,online,2025-10-02,NO
704,19304,142439,1344.18,completed,online,2025-10-02,NO
1,1770,142700,1757.42,completed,online,2025-10-02,NO
2010,32154,144334,487.02,failed,online,2025-10-02,NO
4137,44434,145048,401.34,completed,online,2025-10-02,NO
55,9628,148347,853.58,completed,online,2025-10-02,NO
2870,2720,2616,1769.56,failed,online,2025-06-10,NO
905,6023,9512,700.12,failed,online,2025-06-10,NO
4474,45552,10861,1743.74,completed,online,2025-06-10,NO
1067,29830,12744,1941.73,completed,online,2025-06-10,NO
4328,18252,14488,1804.38,failed,online,2025-06-10,NO
4226,14314,14944,931.05,completed,online,2025-06-10,NO
313,30634,19180,1775.35,failed,online,2025-06-10,NO
1902,5,20917,1892.47,completed,online,2025-06-10,NO
3601,33961,21732,517.39,failed,online,2025-06-10,NO
2229,44807,22752,1424.63,failed,online,2025-06-10,NO
1,8040,23336,276.41,completed,online,2025-06-10,NO
4475,49271,23421,298.8,failed,online,2025-06-10,NO
1456,35798,31694,1644.79,completed,online,2025-06-10,NO
1,32523,33607,851.4,failed,online,2025-06-10,NO
102,9570,35865,1620.43,completed,online,2025-06-10,NO
1771,20258,37589,1170.86,completed,online,2025-06-10,NO
4917,15423,38821,1423.21,completed,online,2025-06-10,NO
1,35287,39907,426.99,failed,online,2025-06-10,NO
1,48619,40482,196.77,failed,UNKNOWN,2025-06-10,NO
1,8761,40626,1943.68,completed,online,2025-06-10,NO
458,41501,41639,803.09,completed,online,2025-06-10,NO
77,7288,42818,648.94,failed,online,2025-06-10,NO
1292,6426,44620,1087.99,completed,online,2025-06-10,NO
1273,15018,45416,1506.08,failed,online,2025-06-10,NO
1,14955,45513,1873.02,completed,online,2025-06-10,NO
1716,38912,47062,1051.11,failed,online,2025-06-10,NO
3631,37368,50734,1138.08,completed,online,2025-06-10,NO
4613,23863,50933,831.41,completed,UNKNOWN,2025-06-10,NO
3266,43154,51398,988.12,failed,online,2025-06-10,NO
2042,9876,53703,765.87,completed,UNKNOWN,2025-06-10,NO
871,5773,53839,390.83,completed,online,2025-06-10,NO
3342,8173,53890,8285.502453963014,failed,online,2025-06-10,NO
2706,49791,59754,844.76,completed,online,2025-06-10,NO
1043,45051,60359,1292.15,completed,online,2025-06-10,NO
1,49376,60554,65.37,failed,online,2025-06-10,NO
2799,46541,66144,1312.36,failed,online,2025-06-10,NO
1,14179,66953,1510.38,completed,online,2025-06-10,NO
1,14059,67175,1759.41,failed,online,2025-06-10,NO
3634,10421,68360,97.44,completed,online,2025-06-10,NO
2893,31485,69970,1308.33,completed,online,2025-06-10,NO
468,31206,70143,1054.16,completed,online,2025-06-10,NO
3939,3932,70351,1008.63,completed,online,2025-06-10,NO
2608,35975,75411,1033.73,completed,online,2025-06-10,NO
1577,10647,77269,1613.28,failed,online,2025-06-10,NO
2055,10361,79266,1858.34,failed,UNKNOWN,2025-06-10,NO
762,19793,79476,1680.41,completed,online,2025-06-10,NO
821,38584,80161,1264.1,completed,online,2025-06-10,NO
526,7946,80199,70.64,failed,online,2025-06-10,NO
2369,45863,83104,1466.76,completed,online,2025-06-10,NO
1,22953,85321,945.94,completed,online,2025-06-10,NO
1,4448,86045,857.36,failed,online,2025-06-10,NO
2771,47378,86078,1585.42,failed,online,2025-06-10,NO
3765,42318,90490,915.88,failed,online,2025-06-10,NO
1,18537,91700,951.8,failed,online,2025-06-10,NO
1059,36330,92285,1281.09,failed,online,2025-06-10,NO
1,4842,93236,191.26,failed,online,2025-06-10,NO
3975,16310,95792,613.93,completed,online,2025-06-10,NO
4099,49795,98379,1647.49,completed,online,2025-06-10,NO
1531,39084,99023,671.74,completed,online,2025-06-10,NO
322,38472,103210,1813.15,failed,online,2025-06-10,NO
731,25182,107183,1097.67,failed,online,2025-06-10,NO
330,7470,109125,9086.559785060279,failed,online,2025-06-10,NO
4297,10838,109172,1647.68,failed,online,2025-06-10,NO
99,42699,110077,1166.12,completed,online,2025-06-10,NO
2818,48050,110272,1398.13,failed,online,2025-06-10,NO
835,40173,110721,174.12,failed,online,2025-06-10,NO
2547,25726,112653,314.3,failed,online,2025-06-10,NO
714,28644,113397,1331.36,completed,online,2025-06-10,NO
1828,6055,116063,1421.49,failed,online,2025-06-10,NO
465,24617,117740,1027.34,completed,online,2025-06-10,NO
422,13599,119796,1515.85,failed,online,2025-06-10,NO
2619,7383,123809,368.14,failed,online,2025-06-10,NO
980,34256,125177,1179.18,failed,online,2025-06-10,NO
1,16816,127074,225.26,failed,online,2025-06-10,NO
1521,6147,127897,1743.1,failed,online,2025-06-10,NO
1,14516,129905,996.85,completed,online,2025-06-10,NO
236,36514,129987,868.99,failed,online,2025-06-10,NO
1,22187,134354,361.38,failed,online,2025-06-10,NO
996,37024,134419,352.98,completed,online,2025-06-10,NO
1,44363,136129,1504.41,completed,online,2025-06-10,NO
1,17076,136380,653.57,failed,online,2025-06-10,NO
4179,44380,136490,562.77,failed,online,2025-06-10,NO
1,15673,138032,874.56,completed,online,2025-06-10,NO
11,4227,140123,1989.7,failed,online,2025-06-10,NO
1429,42347,140915,367.34,failed,online,2025-06-10,NO
730,30292,141784,1110.16,failed,online,2025-06-10,NO
2220,7794,144175,1632.01,failed,online,2025-06-10,NO
3071,4245,145038,1746.2,completed,online,2025-06-10,NO
4374,45170,146489,1601.62,failed,online,2025-06-10,NO
3325,5477,147276,1196.93,completed,online,2025-06-10,NO
225,39728,148150,368.89,completed,online,2025-06-10,NO
1,9737,3629,1671.39,completed,online,2025-01-16,NO
3025,48231,4912,1586.78,completed,online,2025-01-16,NO
412,22009,5856,1473.99,failed,online,2025-01-16,NO
579,27977,7093,1534.19,completed,online,2025-01-16,NO
4425,43241,8080,968.79,failed,online,2025-01-16,NO
2605,34562,13380,1802.38,failed,online,2025-01-16,NO
2688,22755,16233,871.42,completed,online,2025-01-16,NO
1,29976,16803,1877.97,failed,online,2025-01-16,NO
3818,39615,18421,558.03,completed,online,2025-01-16,NO
4816,48548,20491,1229.8,completed,online,2025-01-16,NO
4061,38193,21567,78.95,failed,online,2025-01-16,NO
4151,6425,21685,120.27,completed,online,2025-01-16,NO
4645,40930,25665,987.83,failed,online,2025-01-16,NO
1,35361,25696,763.71,failed,online,2025-01-16,NO
845,49,25814,71.7,failed,online,2025-01-16,NO
1,13709,25893,116.62,completed,online,2025-01-16,NO
3328,23222,26058,1689.42,completed,online,2025-01-16,NO
1,268,26780,987.1,failed,online,2025-01-16,NO
1485,22231,27191,870.82,completed,online,2025-01-16,NO
1699,10406,28342,1860.14,failed,UNKNOWN,2025-01-16,NO
81,15756,30920,1292.25,failed,online,2025-01-16,NO
2141,43518,33023,109.53,completed,online,2025-01-16,NO
3385,39730,33846,430.74,failed,online,2025-01-16,NO
3820,5140,34033,476.75,completed,online,2025-01-16,NO
1,19331,34621,1421.09,completed,online,2025-01-16,NO
892,29769,35893,1893.85,failed,online,2025-01-16,NO
1141,38221,36007,1803.8,failed,online,2025-01-16,NO
4072,38240,36808,1433.43,completed,online,2025-01-16,NO
1681,18751,38337,1906.79,completed,online,2025-01-16,NO
2904,38651,38809,449.61,failed,online,2025-01-16,NO
192,6439,40981,212.51,failed,online,2025-01-16,NO
4260,37440,43873,1640.52,completed,online,2025-01-16,NO
635,40439,46877,1863.19,failed,online,2025-01-16,NO
1053,22251,49479,864.26,completed,online,2025-01-16,NO
186,47370,50420,263.65,completed,online,2025-01-16,NO
1,7213,51093,1667.7,failed,online,2025-01-16,NO
1,28882,51993,943.91,failed,online,2025-01-16,NO
1912,6546,53408,495.54,completed,online,2025-01-16,NO
4605,26663,54510,112.76,failed,online,2025-01-16,NO
3954,41193,56709,1191.0,failed,online,2025-01-16,NO
271,49978,57718,600.97,failed,online,2025-01-16,NO
187,40098,61121,1405.79,failed,online,2025-01-16,NO
1,35159,63987,411.56,failed,online,2025-01-16,NO
1938,34226,64651,1465.52,failed,online,2025-01-16,NO
2166,23233,67103,1834.62,failed,online,2025-01-16,NO
2307,43086,68803,111.49,failed,online,2025-01-16,NO
1,37199,69748,1470.82,failed,online,2025-01-16,NO
1065,41188,69866,617.86,completed,online,2025-01-16,NO
1379,43468,70784,623.66,failed,online,2025-01-16,NO
1,16870,71107,914.96,failed,online,2025-01-16,NO
4544,24741,71368,872.92,completed,online,2025-01-16,NO
2626,31937,72397,1680.97,failed,online,2025-01-16,NO
2981,21316,72641,415.1,failed,online,2025-01-16,NO
1086,21056,76614,5830.640002068725,failed,online,2025-01-16,NO
1,8719,76672,1178.62,completed,online,2025-01-16,NO
2333,45080,77563,1949.75,completed,online,2025-01-16,NO
348,45773,78325,258.88,failed,online,2025-01-16,NO
3386,38876,79450,244.95,failed,UNKNOWN,2025-01-16,NO
1,13982,80422,1124.67,completed,online,2025-01-16,NO
3511,30997,80767,1458.0,failed,online,2025-01-16,NO
1803,29960,81097,1093.47,completed,online,2025-01-16,NO
1040,44757,88411,1755.03,completed,online,2025-01-16,NO
769,41699,89608,1979.76,completed,online,2025-01-16,NO
3542,27653,89862,1194.07,failed,online,2025-01-16,NO
1,47994,90720,114.1,completed,online,2025-01-16,NO
2559,38195,91761,190.62,failed,UNKNOWN,2025-01-16,NO
10,8058,92073,428.42,failed,online,2025-01-16,NO
1572,11172,92620,1898.23,completed,online,2025-01-16,NO
341,24149,94151,206.12,failed,online,2025-01-16,NO
66,26681,95599,1904.07,failed,online,2025-01-16,NO
1630,32259,96719,1365.99,failed,online,2025-01-16,NO
4846,26724,97511,1787.67,failed,online,2025-01-16,NO
3153,14736,99949,1316.3,completed,online,2025-01-16,NO
1,45279,100038,1291.63,failed,online,2025-01-16,NO
3795,31937,102104,532.11,completed,online,2025-01-16,NO
2289,49136,104307,645.69,completed,online,2025-01-16,NO
657,48082,104573,1698.02,failed,online,2025-01-16,NO
2966,27284,105051,628.13,failed,online,2025-01-16,NO
3501,21208,106900,911.56,failed,online,2025-01-16,NO
82,33518,115797,1368.81,failed,online,2025-01-16,NO
1631,15052,116544,81.45,completed,online,2025-01-16,NO
1,4139,118462,1003.6,completed,online,2025-01-16,NO
4162,18291,119958,1320.75,failed,online,2025-01-16,NO
1,48994,120637,247.53,failed,online,2025-01-16,NO
1506,46271,130839,1658.94,failed,online,2025-01-16,NO
2747,24462,136181,852.17,failed,online,2025-01-16,NO
2428,45050,138532,498.14,completed,online,2025-01-16,NO
3901,46232,138713,47.7,completed,online,2025-01-16,NO
1,35421,146649,578.97,failed,online,2025-01-16,NO
2554,4807,148262,904.51,failed,online,2025-01-16,NO
1,4690,148637,708.42,completed,online,2025-01-16,NO
1166,18768,149538,1902.42,failed,online,2025-01-16,NO
2538,25895,1426,1363.88,failed,online,2025-09-16,NO
1,3548,2656,834.0,failed,online,2025-09-16,NO
4855,12086,3390,1973.18,failed,online,2025-09-16,NO
3319,45547,3673,1852.74,completed,online,2025-09-16,NO
2542,35908,3691,1896.77,failed,online,2025-09-16,NO
1802,18407,4899,717.64,failed,online,2025-09-16,NO
1282,42131,5003,122.02,failed,online,2025-09-16,NO
4948,38581,9926,1713.88,failed,online,2025-09-16,NO
212,23836,14945,544.09,completed,online,2025-09-16,NO
4349,35956,17444,846.09,failed,online,2025-09-16,NO
4141,12463,22096,600.54,failed,online,2025-09-16,NO
1,44895,22806,1610.98,failed,online,2025-09-16,NO
1,18043,25193,1217.02,completed,online,2025-09-16,NO
4006,13059,28729,408.3,failed,online,2025-09-16,NO
3767,17329,28856,496.89,completed,online,2025-09-16,NO
1894,44654,29115,1853.54,failed,online,2025-09-16,NO
2681,11612,29261,373.95,failed,online,2025-09-16,NO
3727,11651,30541,710.49,completed,online,2025-09-16,NO
3754,9662,30569,1015.04,failed,online,2025-09-16,NO
3169,21842,31224,594.32,completed,online,2025-09-16,NO
3455,1430,35043,1465.39,failed,online,2025-09-16,NO
1549,8496,35174,470.83,failed,online,2025-09-16,NO
4235,30797,35816,728.44,failed,online,2025-09-16,NO
1740,35448,36791,1611.55,completed,online,2025-09-16,NO
3314,46558,36807,6290.482939342591,completed,online,2025-09-16,NO
3656,4568,37247,1431.6,completed,online,2025-09-16,NO
172,21567,38450,20.26,completed,online,2025-09-16,NO
1,17814,40197,875.27,failed,online,2025-09-16,NO
3014,4600,43088,588.59,failed,online,2025-09-16,NO
1,42786,48997,1720.77,failed,online,2025-09-16,NO
2267,48874,52149,1840.84,failed,online,2025-09-16,NO
828,35625,58955,13.87,completed,online,2025-09-16,NO
2733,36603,59785,1362.68,completed,online,2025-09-16,NO
3210,32376,61509,1565.61,completed,online,2025-09-16,NO
2494,39873,61628,1715.76,completed,online,2025-09-16,NO
3813,41879,62526,1129.52,completed,online,2025-09-16,NO
1,33264,63411,768.29,completed,online,2025-09-16,NO
3982,4753,64588,1407.37,completed,online,2025-09-16,NO
1,25358,68038,617.41,completed,online,2025-09-16,NO
2884,39170,69204,1153.89,completed,online,2025-09-16,NO
450,40922,69281,8270.729305202962,completed,online,2025-09-16,NO
1731,49880,70658,1605.12,failed,online,2025-09-16,NO
241,6326,71073,428.99,failed,online,2025-09-16,NO
1998,410,75228,1007.56,completed,online,2025-09-16,NO
3065,18750,76756,1494.94,failed,online,2025-09-16,NO
2955,44415,78298,145.89,completed,online,2025-09-16,NO
2376,22021,78954,405.15,completed,online,2025-09-16,NO
2898,47290,82476,1977.55,completed,online,2025-09-16,NO
273,13294,86070,704.97,failed,online,2025-09-16,NO
1113,17416,86429,1814.45,failed,online,2025-09-16,NO
1001,3283,92831,158.74,failed,online,2025-09-16,NO
2187,796,94502,1158.45,completed,online,2025-09-16,NO
1,2520,95871,1252.02,completed,online,2025-09-16,NO
2216,14928,96291,1477.15,completed,online,2025-09-16,NO
3025,5172,96884,1354.94,completed,online,2025-09-16,NO
1788,28336,97564,1134.8,completed,online,2025-09-16,NO
4613,36358,97733,1532.97,completed,online,2025-09-16,NO
3240,7103,98582,1745.9,failed,UNKNOWN,2025-09-16,NO
3888,49012,100288,708.68,failed,online,2025-09-16,NO
2086,43091,100351,1107.26,failed,online,2025-09-16,NO
1,47541,101544,1793.04,completed,online,2025-09-16,NO
4564,6351,102377,329.02,completed,online,2025-09-16,NO
3972,44632,102734,48.99,completed,online,2025-09-16,NO
2966,44601,104861,1848.43,failed,online,2025-09-16,NO
709,41025,106013,130.76,failed,online,2025-09-16,NO
3181,47411,108147,1653.84,failed,online,2025-09-16,NO
2951,45211,110385,401.31,completed,online,2025-09-16,NO
2973,2218,111888,373.52,failed,online,2025-09-16,NO
3793,29021,114051,1098.1,failed,online,2025-09-16,NO
476,18663,114412,971.63,failed,online,2025-09-16,NO
285,1697,115547,1259.44,failed,online,2025-09-16,NO
280,10409,116895,1796.8,completed,online,2025-09-16,NO
4142,44542,117785,1986.45,completed,online,2025-09-16,NO
2749,40868,119485,511.19,completed,online,2025-09-16,NO
20,4524,121155,1141.44,failed,online,2025-09-16,NO
3873,13005,124411,1669.19,completed,online,2025-09-16,NO
290,11100,125586,671.43,completed,online,2025-09-16,NO
1,15758,128570,1823.54,failed,online,2025-09-16,NO
1066,1599,128606,135.76,completed,online,2025-09-16,NO
4486,34927,132249,1628.31,completed,online,2025-09-16,NO
4673,10479,133360,1175.5,completed,online,2025-09-16,NO
2460,17490,135756,1093.98,failed,online,2025-09-16,NO
1,1551,137212,1691.8,failed,online,2025-09-16,NO
3519,22483,137576,796.06,completed,online,2025-09-16,NO
3825,10267,140033,1668.19,failed,online,2025-09-16,NO
2936,21161,140343,168.97,failed,online,2025-09-16,NO
4419,38607,140488,1597.88,completed,online,2025-09-16,NO
186,1598,142193,519.36,failed,online,2025-09-16,NO
1341,43431,144878,1411.47,completed,online,2025-09-16,NO
2187,12777,148032,189.0,failed,online,2025-09-16,NO
1,9714,1460,163.15,completed,online,2025-06-14,NO
1464,32506,1582,1032.8,completed,online,2025-06-14,NO
780,14499,3790,1582.91,failed,online,2025-06-14,NO
1,41716,6010,1602.34,failed,online,2025-06-14,NO
3445,46429,10708,301.95,failed,online,2025-06-14,NO
104,28987,11941,840.93,completed,online,2025-06-14,NO
1,19036,12857,1159.98,failed,online,2025-06-14,NO
1120,24142,13967,1563.6,completed,online,2025-06-14,NO
3260,41046,15364,1373.03,failed,online,2025-06-14,NO
1,43418,21579,1007.96,completed,online,2025-06-14,NO
677,31332,25288,1381.68,completed,online,2025-06-14,NO
678,40310,31118,592.03,failed,online,2025-06-14,NO
1,1722,32232,1348.65,completed,online,2025-06-14,NO
485,335,32425,1796.3,completed,online,2025-06-14,NO
393,1437,35945,505.05,failed,online,2025-06-14,NO
141,47025,35969,158.27,failed,online,2025-06-14,NO
726,22562,37300,1999.2,failed,online,2025-06-14,NO
743,42591,38082,150.78,completed,online,2025-06-14,NO
3130,14140,38111,1938.22,completed,online,2025-06-14,NO
1615,25567,38438,378.86,completed,online,2025-06-14,NO
4358,45195,40315,1806.76,failed,online,2025-06-14,NO
1,33799,45891,1049.02,failed,online,2025-06-14,NO
710,14143,46479,1586.11,failed,online,2025-06-14,NO
1813,41693,47209,552.83,completed,online,2025-06-14,NO
1267,26933,47806,382.41,failed,online,2025-06-14,NO
2982,33987,50991,445.58,completed,online,2025-06-14,NO
1451,34445,51773,1522.03,failed,online,2025-06-14,NO
3652,30847,53025,1876.74,completed,online,2025-06-14,NO
717,29137,58166,1347.54,completed,online,2025-06-14,NO
1250,18057,61664,1460.5,failed,online,2025-06-14,NO
217,38691,61835,593.51,completed,online,2025-06-14,NO
3464,22366,62535,341.28,failed,online,2025-06-14,NO
1917,44463,64365,561.9,completed,online,2025-06-14,NO
1,28363,68124,1298.78,completed,online,2025-06-14,NO
909,44568,68272,1721.66,failed,online,2025-06-14,NO
1477,38337,68792,1404.23,failed,online,2025-06-14,NO
3938,21635,71821,1089.94,completed,online,2025-06-14,NO
4067,37794,73661,1341.27,completed,online,2025-06-14,NO
4026,30120,76483,1279.63,completed,online,2025-06-14,NO
1,24385,76978,1906.83,failed,online,2025-06-14,NO
1,34139,77594,972.97,completed,online,2025-06-14,NO
3709,49460,79212,1100.13,failed,online,2025-06-14,NO
1,19085,80947,1317.08,failed,online,2025-06-14,NO
1,38434,81036,967.14,failed,online,2025-06-14,NO
1,1571,83856,931.46,failed,online,2025-06-14,NO
785,36764,86256,454.28,failed,online,2025-06-14,NO
3127,9124,90205,778.79,failed,online,2025-06-14,NO
3139,3045,91069,1704.04,completed,online,2025-06-14,NO
2015,3278,91357,675.49,completed,online,2025-06-14,NO
4675,25390,92219,1770.9,failed,online,2025-06-14,NO
1707,13374,93315,14.64,completed,online,2025-06-14,NO
240,19265,94341,1615.38,completed,online,2025-06-14,NO
3483,22988,95934,1098.65,completed,online,2025-06-14,NO
765,9047,98840,1668.31,completed,online,2025-06-14,NO
2229,14420,103411,674.09,failed,online,2025-06-14,NO
3046,12838,104562,1430.05,completed,online,2025-06-14,NO
305,38812,105240,1741.63,failed,online,2025-06-14,NO
2287,43278,108110,1933.08,failed,online,2025-06-14,NO
2501,16621,108333,580.66,failed,online,2025-06-14,NO
3217,32546,108894,738.48,failed,online,2025-06-14,NO
2925,15337,109398,1701.72,completed,online,2025-06-14,NO
1179,10987,110299,540.78,completed,online,2025-06-14,NO
2065,39256,110522,1844.46,completed,online,2025-06-14,NO
3561,28639,110746,271.19,failed,online,2025-06-14,NO
1430,41961,114509,1759.09,failed,online,2025-06-14,NO
1171,13487,115857,67.82,failed,online,2025-06-14,NO
4950,32099,118822,1258.88,completed,online,2025-06-14,NO
3082,37563,123335,1312.87,completed,online,2025-06-14,NO
1,1134,123878,917.88,completed,online,2025-06-14,NO
192,44822,124367,1134.88,failed,online,2025-06-14,NO
2211,45784,125364,1082.95,completed,online,2025-06-14,NO
3347,1152,126593,950.78,failed,online,2025-06-14,NO
2144,27135,127554,1329.8,failed,online,2025-06-14,NO
4489,4474,127562,1161.48,completed,online,2025-06-14,NO
3633,36425,127704,349.89,completed,online,2025-06-14,NO
1,28076,128996,1999.4,failed,online,2025-06-14,NO
1594,35283,130163,830.98,completed,online,2025-06-14,NO
1644,4935,133069,575.84,completed,online,2025-06-14,NO
58,31005,134722,1490.66,completed,online,2025-06-14,NO
474,24050,135176,843.49,failed,online,2025-06-14,NO
1,9556,136176,892.75,failed,online,2025-06-14,NO
1,7023,136977,1219.89,completed,online,2025-06-14,NO
3372,18351,137878,454.28,completed,online,2025-06-14,NO
1,26329,139399,1433.27,failed,online,2025-06-14,NO
1,36997,143074,1940.65,failed,online,2025-06-14,NO
310,29577,143479,667.66,failed,online,2025-06-14,NO
3869,40579,146010,1942.39,failed,online,2025-06-14,NO
1,7976,146990,475.22,failed,online,2025-06-14,NO
1139,33037,147894,1441.95,failed,online,2025-06-14,NO
1690,15468,149088,1510.31,completed,online,2025-06-14,NO
1,6496,149223,829.02,completed,online,2025-06-14,NO
2249,34596,357,1978.33,failed,online,2025-10-03,NO
1402,46394,3362,1904.7,completed,online,2025-10-03,NO
1,47706,3939,300.67,completed,online,2025-10-03,NO
526,42710,4019,778.16,failed,online,2025-10-03,NO
1,1920,7415,962.81,completed,online,2025-10-03,NO
1426,47830,7625,691.69,completed,online,2025-10-03,NO
3578,23518,10307,593.89,completed,online,2025-10-03,NO
3245,42391,10552,73.91,failed,online,2025-10-03,NO
3900,16706,10856,569.96,failed,online,2025-10-03,NO
3573,45749,11790,1417.79,completed,online,2025-10-03,NO
4244,26625,12183,1114.3,failed,online,2025-10-03,NO
2172,14979,13114,1029.93,completed,online,2025-10-03,NO
1,25974,13813,1204.26,completed,online,2025-10-03,NO
1459,22941,14819,1346.79,failed,online,2025-10-03,NO
2158,34679,16379,277.05,completed,online,2025-10-03,NO
1,38013,16559,69.65,completed,online,2025-10-03,NO
2051,17847,18855,1321.06,failed,online,2025-10-03,NO
1175,27586,20049,1970.94,completed,online,2025-10-03,NO
1902,7559,22526,213.48,completed,online,2025-10-03,NO
1,13039,30182,1413.34,completed,online,2025-10-03,NO
1279,34490,32741,714.95,completed,online,2025-10-03,NO
3631,46906,37804,626.7,failed,online,2025-10-03,NO
1741,46107,40007,1239.85,failed,online,2025-10-03,NO
1,7989,41705,848.46,completed,online,2025-10-03,NO
4147,49044,42865,1448.63,failed,online,2025-10-03,NO
1,24796,43038,1711.68,failed,online,2025-10-03,NO
3400,43602,44532,663.39,completed,online,2025-10-03,NO
1,25316,45810,1924.58,failed,online,2025-10-03,NO
1,45755,46265,321.58,failed,online,2025-10-03,NO
2650,7788,47287,525.69,failed,online,2025-10-03,NO
4065,32835,47883,610.68,completed,online,2025-10-03,NO
1360,20968,50543,1330.18,completed,online,2025-10-03,NO
1329,36482,53681,279.46,failed,online,2025-10-03,NO
1666,9303,55364,1834.38,failed,online,2025-10-03,NO
2530,33351,57408,374.07,failed,online,2025-10-03,NO
1612,32076,57968,837.48,failed,online,2025-10-03,NO
862,45579,58137,1776.7,completed,online,2025-10-03,NO
3932,1414,58279,542.8,failed,online,2025-10-03,NO
1886,30304,58554,1255.08,completed,online,2025-10-03,NO
3277,48473,58815,126.15,failed,online,2025-10-03,NO
163,31704,59595,1147.4,completed,online,2025-10-03,NO
1,22966,64285,941.02,failed,online,2025-10-03,NO
103,13501,65107,307.49,failed,online,2025-10-03,NO
3887,7239,65842,1693.18,completed,online,2025-10-03,NO
1506,11584,68312,1480.26,completed,online,2025-10-03,NO
2704,1800,69149,14.14,completed,online,2025-10-03,NO
2258,42850,75376,1260.76,failed,online,2025-10-03,NO
4943,42422,78713,1736.2,failed,online,2025-10-03,NO
1,21735,80611,910.56,failed,online,2025-10-03,NO
2398,2451,81136,653.18,completed,online,2025-10-03,NO
2629,752,83054,1295.62,failed,online,2025-10-03,NO
2621,45788,83521,1168.21,failed,online,2025-10-03,NO
3080,4486,84292,1720.26,failed,online,2025-10-03,NO
3412,25665,84830,1608.73,completed,online,2025-10-03,NO
1185,21088,85541,1012.55,completed,online,2025-10-03,NO
737,23044,85714,142.42,completed,online,2025-10-03,NO
3087,2681,85845,1616.32,completed,online,2025-10-03,NO
1,19611,85882,88.56,failed,online,2025-10-03,NO
1545,14830,87737,716.34,failed,online,2025-10-03,NO
944,49442,91235,743.47,failed,online,2025-10-03,NO
201,1886,94517,238.95,failed,online,2025-10-03,NO
1,8923,94690,852.95,completed,online,2025-10-03,NO
4527,27640,95605,1907.26,completed,online,2025-10-03,NO
3186,49347,101711,237.04,completed,online,2025-10-03,NO
4504,42389,102837,842.17,completed,online,2025-10-03,NO
3438,5350,103808,1706.89,completed,online,2025-10-03,NO
1895,23929,109285,749.11,completed,online,2025-10-03,NO
4687,26361,109707,557.99,failed,online,2025-10-03,NO
1,24169,110113,226.62,completed,online,2025-10-03,NO
4769,25191,111422,1432.21,completed,UNKNOWN,2025-10-03,NO
1,38731,111755,859.32,failed,online,2025-10-03,NO
1037,27310,112906,1033.24,completed,online,2025-10-03,NO
3862,43832,113356,1423.52,completed,online,2025-10-03,NO
120,40,115060,1140.78,failed,online,2025-10-03,NO
3918,29272,116857,1684.58,completed,online,2025-10-03,NO
1,5512,118516,1726.09,completed,online,2025-10-03,NO
1923,22527,120099,1447.27,failed,online,2025-10-03,NO
2504,33906,122697,555.89,failed,online,2025-10-03,NO
3742,14673,124491,1645.64,failed,online,2025-10-03,NO
1,35414,125654,446.74,completed,online,2025-10-03,NO
2128,48659,126090,1448.42,failed,online,2025-10-03,NO
547,46327,126240,1098.54,failed,online,2025-10-03,NO
2515,25175,129395,1825.38,completed,online,2025-10-03,NO
3193,31558,132213,1216.85,completed,online,2025-10-03,NO
3432,3785,132972,1044.18,failed,online,2025-10-03,NO
601,28592,133324,1193.25,failed,online,2025-10-03,NO
1,32160,134797,813.96,failed,online,2025-10-03,NO
1290,14141,136712,629.21,completed,online,2025-10-03,NO
4032,1306,145407,696.21,failed,online,2025-10-03,NO
1646,12473,146512,1870.48,completed,online,2025-10-03,NO
3537,3728,148622,1079.73,failed,online,2025-10-03,NO
1632,24320,206,10.06,failed,online,2025-08-17,NO
3891,37094,1355,1629.09,failed,online,2025-08-17,NO
559,6305,4352,1102.97,completed,online,2025-08-17,NO
1032,38617,6980,1547.0,failed,online,2025-08-17,NO
3342,37904,10829,318.78,completed,online,2025-08-17,NO
3878,40239,11844,1546.3,failed,online,2025-08-17,NO
1,38006,13616,963.69,completed,online,2025-08-17,NO
1528,22,17326,27.92,completed,online,2025-08-17,NO
1166,31913,18167,1065.63,completed,online,2025-08-17,NO
2161,7796,21207,1283.98,completed,online,2025-08-17,NO
488,7251,23912,216.77,failed,online,2025-08-17,NO
4741,45495,24035,832.72,failed,online,2025-08-17,NO
2952,26845,25103,555.42,failed,online,2025-08-17,NO
1911,41748,25411,1947.65,completed,online,2025-08-17,NO
3202,13682,28141,840.18,completed,online,2025-08-17,NO
1617,12976,30154,1662.73,completed,online,2025-08-17,NO
4903,18924,30315,259.06,failed,online,2025-08-17,NO
720,34212,32471,1693.02,completed,online,2025-08-17,NO
1,9340,34876,148.47,completed,online,2025-08-17,NO
1753,22554,36678,703.01,failed,online,2025-08-17,NO
3590,2701,36863,1847.24,completed,online,2025-08-17,NO
1,21919,37608,36.35,completed,online,2025-08-17,NO
314,31763,39439,542.25,failed,online,2025-08-17,NO
1,9446,41535,781.66,completed,online,2025-08-17,NO
661,39065,46121,1879.4,completed,online,2025-08-17,NO
1511,43858,46349,652.24,failed,online,2025-08-17,NO
1,379,47947,1267.61,failed,online,2025-08-17,NO
2899,30768,48768,1756.28,failed,online,2025-08-17,NO
1221,43352,49440,1655.36,completed,online,2025-08-17,NO
1876,131,51103,227.37,completed,online,2025-08-17,NO
2800,48350,52020,1757.61,failed,online,2025-08-17,NO
1961,20762,52076,179.2,completed,online,2025-08-17,NO
2421,19485,52976,735.55,completed,online,2025-08-17,NO
1028,27383,55950,1882.3,completed,online,2025-08-17,NO
2539,44814,56586,1233.18,completed,online,2025-08-17,NO
573,3753,56841,247.27,failed,online,2025-08-17,NO
4855,31431,57695,1536.06,completed,online,2025-08-17,NO
818,34874,57960,1158.66,failed,online,2025-08-17,NO
1588,23299,58307,1671.94,failed,online,2025-08-17,NO
145,275,58969,92.88,completed,online,2025-08-17,NO
4137,20669,67247,623.15,failed,online,2025-08-17,NO
3801,45308,67371,1899.94,failed,online,2025-08-17,NO
412,32325,67699,1202.13,completed,online,2025-08-17,NO
1,14405,68104,106.67,failed,online,2025-08-17,NO
353,49391,70894,676.35,completed,online,2025-08-17,NO
1,48820,71017,834.93,failed,online,2025-08-17,NO
1,13300,72031,106.01,completed,online,2025-08-17,NO
390,19197,72965,832.92,completed,online,2025-08-17,NO
3415,17887,73489,405.99,failed,online,2025-08-17,NO
1694,34973,75445,1583.39,completed,online,2025-08-17,NO
4583,5751,79452,1796.03,completed,online,2025-08-17,NO
349,28764,86292,878.65,completed,online,2025-08-17,NO
3335,10879,86540,1942.4,completed,online,2025-08-17,NO
1819,28678,86613,871.26,failed,online,2025-08-17,NO
1,37906,87867,1507.81,completed,online,2025-08-17,NO
1,23495,89799,85.52,completed,online,2025-08-17,NO
64,38834,90544,432.08,completed,online,2025-08-17,NO
1522,21990,95554,673.43,completed,online,2025-08-17,NO
2810,14468,96220,236.97,completed,online,2025-08-17,NO
3368,18032,97505,131.1,failed,online,2025-08-17,NO
4080,34881,100576,385.0,completed,online,2025-08-17,NO
979,30935,101943,537.47,completed,online,2025-08-17,NO
3002,15430,103726,696.62,failed,online,2025-08-17,NO
1159,6313,104096,185.25,completed,online,2025-08-17,NO
874,18132,105776,281.81,completed,online,2025-08-17,NO
1,10982,106710,1184.5,failed,online,2025-08-17,NO
2599,39775,107004,608.99,completed,UNKNOWN,2025-08-17,NO
4166,11016,107800,115.34,failed,online,2025-08-17,NO
1,4881,109670,486.85,failed,online,2025-08-17,NO
4572,8545,111458,262.01,failed,online,2025-08-17,NO
256,42038,113980,1741.28,completed,online,2025-08-17,NO
4952,43074,115029,407.83,failed,online,2025-08-17,NO
1536,30465,115181,1696.59,completed,online,2025-08-17,NO
3810,45214,120725,1192.32,completed,online,2025-08-17,NO
1,28814,122840,604.0,completed,online,2025-08-17,NO
949,22039,124616,775.86,failed,online,2025-08-17,NO
1,44401,126097,1230.11,failed,online,2025-08-17,NO
1,33708,127155,900.07,failed,online,2025-08-17,NO
3586,20365,128680,1316.39,failed,online,2025-08-17,NO
1,39390,128893,237.59,failed,online,2025-08-17,NO
1,30541,130546,1290.65,failed,online,2025-08-17,NO
3276,31796,131527,770.05,completed,online,2025-08-17,NO
1060,43292,131823,1897.23,failed,online,2025-08-17,NO
4774,35038,134901,1570.4,completed,online,2025-08-17,NO
4705,12019,135991,1748.71,completed,online,2025-08-17,NO
829,44882,136623,1041.52,failed,online,2025-08-17,NO
650,2792,139236,1755.65,completed,online,2025-08-17,NO
4053,35383,141550,1940.34,completed,online,2025-08-17,NO
3723,4746,143976,1802.97,failed,online,2025-08-17,NO
3315,19823,145910,1447.26,completed,online,2025-08-17,NO
1,24269,146457,673.79,failed,online,2025-08-17,NO
1,44768,1574,1990.03,failed,online,2025-05-17,NO
4890,375,1890,271.45,completed,online,2025-05-17,NO
1,30397,2580,1761.92,completed,online,2025-05-17,NO
4199,25417,4408,651.46,completed,online,2025-05-17,NO
1,5218,5320,905.9,failed,UNKNOWN,2025-05-17,NO
1,24439,7244,1839.59,completed,online,2025-05-17,NO
1560,48649,7895,1261.68,failed,online,2025-05-17,NO
1045,5564,10053,1588.67,completed,online,2025-05-17,NO
1,26282,11367,1778.8,completed,online,2025-05-17,NO
1,17715,14410,90.25,failed,online,2025-05-17,NO
1,33212,15146,1857.39,failed,online,2025-05-17,NO
2568,4412,15790,959.36,failed,online,2025-05-17,NO
1,9793,15974,1774.62,failed,online,2025-05-17,NO
3272,36512,18405,1082.4,completed,online,2025-05-17,NO
3330,49143,20519,1786.07,failed,online,2025-05-17,NO
1503,6739,20821,1701.39,completed,online,2025-05-17,NO
2031,17305,21771,1524.0,completed,online,2025-05-17,NO
3527,9850,21944,1108.58,completed,online,2025-05-17,NO
1738,20252,22021,786.01,failed,online,2025-05-17,NO
3934,31081,22409,845.18,failed,online,2025-05-17,NO
1,39695,23025,1291.49,completed,online,2025-05-17,NO
4174,3773,28760,330.38,failed,online,2025-05-17,NO
4289,41009,28948,902.76,failed,online,2025-05-17,NO
4494,18858,30584,1370.1,failed,online,2025-05-17,NO
3925,45988,34736,810.96,failed,online,2025-05-17,NO
3543,31354,35670,1364.8,completed,online,2025-05-17,NO
1,36774,35908,1965.43,completed,online,2025-05-17,NO
4789,44596,35950,1976.03,failed,online,2025-05-17,NO
1,45575,43835,1450.87,failed,online,2025-05-17,NO
2529,33380,44111,861.22,failed,online,2025-05-17,NO
845,42815,47346,1409.41,completed,online,2025-05-17,NO
68,38320,47724,1088.65,completed,online,2025-05-17,NO
4628,30197,48206,1377.48,completed,online,2025-05-17,NO
2362,38477,50994,1075.1,completed,online,2025-05-17,NO
1,4392,53047,1884.88,completed,online,2025-05-17,NO
3338,226,55042,901.48,completed,online,2025-05-17,NO
4703,12468,57100,1176.18,completed,online,2025-05-17,NO
951,26176,59445,792.36,failed,online,2025-05-17,NO
1,18528,60263,816.95,completed,online,2025-05-17,NO
765,14800,60540,902.12,completed,online,2025-05-17,NO
4080,49899,61235,1840.84,completed,online,2025-05-17,NO
1726,3169,62453,36.72,completed,online,2025-05-17,NO
2189,13845,63253,727.21,failed,online,2025-05-17,NO
3165,42550,65672,1843.5,failed,online,2025-05-17,NO
2128,12450,66926,1850.11,completed,online,2025-05-17,NO
1167,6322,68247,960.36,failed,online,2025-05-17,NO
983,35359,75850,904.63,failed,online,2025-05-17,NO
3900,42480,76110,210.51,failed,online,2025-05-17,NO
4660,716,79882,921.53,failed,online,2025-05-17,NO
4117,8032,80534,1434.44,completed,online,2025-05-17,NO
673,10235,81041,1943.98,completed,online,2025-05-17,NO
1965,41706,81312,1755.04,failed,online,2025-05-17,NO
4582,43014,83514,1032.03,completed,online,2025-05-17,NO
4984,42422,83793,1208.8,failed,online,2025-05-17,NO
3809,48005,84217,1195.29,failed,online,2025-05-17,NO
1986,25023,84240,1679.02,completed,online,2025-05-17,NO
3585,5686,85643,653.12,failed,online,2025-05-17,NO
4533,21122,91643,1398.93,completed,online,2025-05-17,NO
4409,25424,93287,572.29,completed,online,2025-05-17,NO
4024,22501,97448,152.47,completed,online,2025-05-17,NO
1754,20971,97749,919.89,failed,online,2025-05-17,NO
1741,18951,99738,1548.24,completed,online,2025-05-17,NO
999,3181,101994,1910.97,failed,online,2025-05-17,NO
1,17370,102404,1453.61,completed,online,2025-05-17,NO
4386,36273,102485,1864.25,failed,online,2025-05-17,NO
3129,14664,103139,630.7,completed,online,2025-05-17,NO
1,33926,104964,1345.84,failed,online,2025-05-17,NO
2438,13914,107974,1262.12,failed,online,2025-05-17,NO
1,33418,108858,791.5,completed,online,2025-05-17,NO
651,31114,111559,1530.1,completed,online,2025-05-17,NO
3211,15784,115345,903.92,failed,online,2025-05-17,NO
1204,7245,116527,1288.43,completed,online,2025-05-17,NO
4809,1899,119199,565.6,completed,online,2025-05-17,NO
1320,21931,119680,1222.29,completed,online,2025-05-17,NO
3523,6757,119914,847.81,completed,online,2025-05-17,NO
4433,26165,122052,1088.41,failed,online,2025-05-17,NO
1,2017,124118,1503.07,completed,online,2025-05-17,NO
1363,21235,125812,1946.41,failed,online,2025-05-17,NO
2318,40407,129609,552.3,failed,online,2025-05-17,NO
1742,25358,130331,755.39,failed,online,2025-05-17,NO
1,19857,130527,1039.49,completed,online,2025-05-17,NO
4570,26517,131224,1769.9,failed,online,2025-05-17,NO
229,45989,131564,1390.21,completed,online,2025-05-17,NO
4825,2652,131792,764.73,failed,online,2025-05-17,NO
1786,49054,131861,1409.95,completed,online,2025-05-17,NO
1,42642,134177,1584.03,completed,online,2025-05-17,NO
4505,31991,137761,1952.97,failed,online,2025-05-17,NO
3804,20886,143688,1032.15,failed,online,2025-05-17,NO
1818,27152,143770,1872.85,failed,online,2025-05-17,NO
967,44967,144139,860.4,failed,online,2025-05-17,NO
257,30880,145578,1006.58,failed,online,2025-05-17,NO
1369,40948,83,1562.16,failed,online,2025-07-11,NO
2276,17974,2000,922.96,completed,online,2025-07-11,NO
3556,18083,2555,1630.17,completed,online,2025-07-11,NO
1,44105,3110,1970.13,failed,online,2025-07-11,NO
91,12418,3299,1155.68,failed,online,2025-07-11,NO
4321,6436,5169,1925.72,completed,online,2025-07-11,NO
4296,12042,5684,1356.49,completed,online,2025-07-11,NO
1,32002,6905,544.63,failed,online,2025-07-11,NO
2890,6201,7671,1043.4,completed,online,2025-07-11,NO
863,42016,8968,1006.31,completed,online,2025-07-11,NO
1,45740,16162,1981.39,completed,online,2025-07-11,NO
1,49624,16897,1671.33,completed,online,2025-07-11,NO
2030,20617,17422,1424.65,completed,online,2025-07-11,NO
4955,36372,17849,1628.65,failed,online,2025-07-11,NO
381,25625,21031,583.06,failed,online,2025-07-11,NO
2442,37828,23750,1290.79,failed,online,2025-07-11,NO
1,20017,23843,715.24,completed,online,2025-07-11,NO
4031,12543,23933,312.9,completed,online,2025-07-11,NO
1,11998,26677,1015.05,completed,online,2025-07-11,NO
3230,33677,27014,971.83,completed,online,2025-07-11,NO
1,42772,27689,256.27,completed,online,2025-07-11,NO
2284,31482,27712,8164.973613127991,completed,online,2025-07-11,NO
1,42012,28735,947.01,failed,online,2025-07-11,NO
1664,25350,31054,641.4,completed,online,2025-07-11,NO
1206,40603,34454,17.0,failed,online,2025-07-11,NO
1,35969,36339,47.52,completed,online,2025-07-11,NO
24,47406,38325,903.65,completed,online,2025-07-11,NO
1561,42561,45179,1033.17,failed,online,2025-07-11,NO
1884,49489,47151,1066.23,failed,online,2025-07-11,NO
3973,26484,48027,459.11,failed,online,2025-07-11,NO
1545,13885,48796,309.45,completed,online,2025-07-11,NO
4594,13619,50323,749.65,failed,online,2025-07-11,NO
1022,28544,50799,24.79,failed,online,2025-07-11,NO
1391,2290,54018,1241.73,completed,online,2025-07-11,NO
1,650,54711,30.53,completed,online,2025-07-11,NO
1894,2885,55194,520.11,failed,online,2025-07-11,NO
1341,42240,56536,539.34,completed,UNKNOWN,2025-07-11,NO
3092,35336,61236,567.54,completed,online,2025-07-11,NO
3834,2337,61566,1315.99,completed,online,2025-07-11,NO
324,37005,65813,292.4,failed,online,2025-07-11,NO
1,17531,70654,1334.95,failed,online,2025-07-11,NO
4083,28061,71057,451.85,failed,online,2025-07-11,NO
1,28753,72055,1007.05,failed,online,2025-07-11,NO
1,10521,73020,183.26,completed,online,2025-07-11,NO
1607,7423,77398,542.95,completed,online,2025-07-11,NO
607,10464,78402,275.76,completed,online,2025-07-11,NO
1,32229,78525,1624.34,completed,online,2025-07-11,NO
3070,35821,79899,507.0,completed,online,2025-07-11,NO
1,43995,81245,376.81,completed,online,2025-07-11,NO
1354,31434,81601,981.87,failed,online,2025-07-11,NO
4094,23877,81692,509.95,failed,online,2025-07-11,NO
2205,36330,82870,339.04,completed,online,2025-07-11,NO
1034,28503,85968,563.73,failed,online,2025-07-11,NO
1327,43795,86950,610.92,completed,online,2025-07-11,NO
2088,24364,87318,34.6,completed,online,2025-07-11,NO
1655,20826,90545,118.35,failed,online,2025-07-11,NO
1,42385,90844,1453.09,completed,online,2025-07-11,NO
1,3723,91898,148.22,failed,online,2025-07-11,NO
1,41211,93368,239.35,completed,online,2025-07-11,NO
2264,28723,94794,514.9,completed,online,2025-07-11,NO
1,34687,96221,1264.02,failed,online,2025-07-11,NO
2192,36179,96935,1474.77,completed,online,2025-07-11,NO
1752,43927,98285,1573.43,completed,online,2025-07-11,NO
1431,2516,105204,1531.23,failed,online,2025-07-11,NO
3162,40885,106760,949.8,failed,online,2025-07-11,NO
1,14269,107061,579.23,failed,online,2025-07-11,NO
3270,48948,107316,950.47,failed,online,2025-07-11,NO
4309,37689,110098,858.11,failed,online,2025-07-11,NO
4689,37909,110754,609.26,failed,online,2025-07-11,NO
1788,26645,111029,394.96,failed,online,2025-07-11,NO
2113,19955,111344,1668.54,failed,online,2025-07-11,NO
3679,38941,114167,1437.08,failed,online,2025-07-11,NO
1245,46073,114813,1567.12,failed,online,2025-07-11,NO
1,14497,124066,105.95,completed,online,2025-07-11,NO
2894,36266,128405,800.29,failed,online,2025-07-11,NO
2304,24382,129224,1847.61,failed,online,2025-07-11,NO
1180,34977,131349,367.54,completed,online,2025-07-11,NO
4037,8055,131543,1716.75,failed,online,2025-07-11,NO
4824,45471,134972,674.69,completed,online,2025-07-11,NO
2169,45281,135974,906.34,completed,online,2025-07-11,NO
460,39687,136605,1867.17,completed,online,2025-07-11,NO
3459,33216,137128,1658.42,completed,online,2025-07-11,NO
833,39357,137418,1380.4,completed,online,2025-07-11,NO
4829,43827,138912,1965.18,completed,online,2025-07-11,NO
1370,27772,141244,987.19,completed,online,2025-07-11,NO
1,41203,141346,86.21,failed,online,2025-07-11,NO
3050,21904,142823,1506.64,failed,online,2025-07-11,NO
2118,11923,143004,786.89,completed,online,2025-07-11,NO
240,45706,146626,772.07,completed,online,2025-07-11,NO
3572,901,147367,37.18,completed,online,2025-07-11,NO
3625,24692,148403,748.48,failed,online,2025-07-11,NO
1,47983,3311,247.22,failed,online,2025-04-05,NO
3271,20492,4540,1813.11,failed,online,2025-04-05,NO
3076,22947,7702,1598.55,completed,online,2025-04-05,NO
1,1483,9222,1458.63,completed,online,2025-04-05,NO
3746,29722,9415,1468.93,completed,online,2025-04-05,NO
820,34663,13788,1651.03,completed,online,2025-04-05,NO
491,1778,15310,721.64,completed,online,2025-04-05,NO
3621,32550,17413,1691.66,completed,online,2025-04-05,NO
1180,35619,20197,1585.22,failed,online,2025-04-05,NO
694,8275,21728,553.13,completed,online,2025-04-05,NO
3162,38422,27675,1808.58,failed,online,2025-04-05,NO
1,46427,29777,417.33,failed,online,2025-04-05,NO
1,31862,31665,491.56,failed,online,2025-04-05,NO
1,1754,34694,726.98,failed,online,2025-04-05,NO
1559,42596,37726,266.17,completed,online,2025-04-05,NO
1929,49717,37984,980.14,completed,online,2025-04-05,NO
1111,12940,38877,1798.92,failed,online,2025-04-05,NO
4402,27217,39839,136.82,completed,online,2025-04-05,NO
1937,22319,41149,234.4,completed,online,2025-04-05,NO
1,8666,42207,394.21,failed,online,2025-04-05,NO
440,9971,42251,1264.74,completed,online,2025-04-05,NO
1236,5817,42957,892.6,completed,online,2025-04-05,NO
3792,46056,43780,1441.73,completed,online,2025-04-05,NO
3135,41178,45317,237.32,failed,online,2025-04-05,NO
61,15674,49004,701.29,completed,online,2025-04-05,NO
1,2133,49799,137.63,failed,online,2025-04-05,NO
502,33743,54854,1840.47,completed,online,2025-04-05,NO
1748,12330,55231,261.39,completed,online,2025-04-05,NO
1,25148,58423,1203.45,completed,online,2025-04-05,NO
3190,13564,59620,1977.83,completed,online,2025-04-05,NO
1652,12562,60919,868.21,completed,online,2025-04-05,NO
4253,9977,65347,1599.34,failed,online,2025-04-05,NO
1229,343,66788,1689.25,completed,online,2025-04-05,NO
3182,11767,67252,1071.11,completed,online,2025-04-05,NO
3791,32060,67809,1016.54,failed,online,2025-04-05,NO
2294,12036,68991,1045.71,failed,online,2025-04-05,NO
4273,18429,69424,1236.04,failed,online,2025-04-05,NO
1,29988,72597,1409.11,completed,online,2025-04-05,NO
1404,15472,78600,237.13,completed,online,2025-04-05,NO
4106,8124,79084,585.88,failed,online,2025-04-05,NO
2143,42610,81030,159.55,completed,online,2025-04-05,NO
374,46454,82121,1356.92,completed,online,2025-04-05,NO
4861,170,88013,43.21,completed,online,2025-04-05,NO
2683,4243,90266,1566.72,completed,online,2025-04-05,NO
3153,39981,92599,1644.27,failed,online,2025-04-05,NO
2016,35177,94522,1950.34,failed,online,2025-04-05,NO
1487,47176,95235,1409.88,completed,UNKNOWN,2025-04-05,NO
1,32318,95645,1928.44,completed,online,2025-04-05,NO
1,24084,95833,646.36,failed,online,2025-04-05,NO
1,47206,96748,676.33,failed,online,2025-04-05,NO
241,40460,97068,298.64,completed,online,2025-04-05,NO
1,20172,98242,1281.05,failed,online,2025-04-05,NO
1854,47280,98440,1643.12,failed,online,2025-04-05,NO
3647,19085,99499,715.43,completed,online,2025-04-05,NO
2309,7033,101643,1673.66,failed,online,2025-04-05,NO
38,31307,104140,606.83,failed,online,2025-04-05,NO
3192,29484,106343,1929.65,failed,online,2025-04-05,NO
1801,45347,106474,337.14,completed,online,2025-04-05,NO
2980,11664,107115,1077.19,failed,online,2025-04-05,NO
638,38145,108441,293.08,failed,online,2025-04-05,NO
4199,28569,108734,326.14,completed,online,2025-04-05,NO
1612,42465,110174,1555.6,failed,online,2025-04-05,NO
3002,25040,111824,1542.35,failed,online,2025-04-05,NO
733,36002,112684,746.46,failed,online,2025-04-05,NO
2152,29551,113308,1743.86,completed,online,2025-04-05,NO
2340,37020,114627,923.83,completed,online,2025-04-05,NO
4546,17539,114970,1483.68,failed,online,2025-04-05,NO
2155,39211,115751,1521.5,failed,online,2025-04-05,NO
1874,21184,116446,496.8,completed,online,2025-04-05,NO
2264,30063,118023,886.59,failed,online,2025-04-05,NO
1154,20802,119672,574.29,completed,online,2025-04-05,NO
4155,49670,120176,1325.26,completed,online,2025-04-05,NO
3865,26012,124194,897.62,completed,online,2025-04-05,NO
1514,34545,130837,255.89,completed,online,2025-04-05,NO
1,19451,130955,839.42,failed,online,2025-04-05,NO
493,39834,131013,1037.7,failed,online,2025-04-05,NO
943,47067,131089,1282.09,completed,online,2025-04-05,NO
3730,26999,132327,1436.08,completed,online,2025-04-05,NO
1161,18311,136499,9751.047820725587,failed,online,2025-04-05,NO
4335,11530,136629,147.41,failed,online,2025-04-05,NO
4519,42513,139004,1885.86,completed,online,2025-04-05,NO
559,20541,139163,10.27,failed,online,2025-04-05,NO
3023,19721,139514,329.25,completed,online,2025-04-05,NO
2294,19824,142520,1508.6,failed,online,2025-04-05,NO
1,6732,142716,1560.36,failed,online,2025-04-05,NO
2588,44876,143277,1012.5,completed,online,2025-04-05,NO
3338,20844,143423,70.35,failed,online,2025-04-05,NO
871,12539,144009,200.4,completed,online,2025-04-05,NO
3225,35083,145314,1288.51,completed,online,2025-04-05,NO
3974,18250,146621,710.87,completed,online,2025-04-05,NO
3202,33960,484,285.77,failed,online,2026-01-01,NO
1,439,1301,583.62,completed,online,2026-01-01,NO
2408,42590,2911,1287.68,completed,online,2026-01-01,NO
1,23967,3754,703.6,failed,online,2026-01-01,NO
2914,43691,3806,732.82,completed,online,2026-01-01,NO
108,43353,8509,797.32,completed,online,2026-01-01,NO
1029,47667,13029,280.71,failed,online,2026-01-01,NO
1,5530,13749,1507.5,failed,online,2026-01-01,NO
1,15871,14930,1260.88,completed,online,2026-01-01,NO
35,8225,15012,352.83,failed,online,2026-01-01,NO
4932,47369,17394,653.67,completed,online,2026-01-01,NO
1731,33510,17941,109.65,completed,online,2026-01-01,NO
1,11479,19320,1022.17,completed,online,2026-01-01,NO
4473,34721,20231,1807.56,completed,online,2026-01-01,NO
4348,23935,21890,1619.36,failed,online,2026-01-01,NO
1513,37603,24116,825.42,failed,online,2026-01-01,NO
3232,24152,24295,1461.27,completed,online,2026-01-01,NO
2629,13280,25978,645.08,failed,online,2026-01-01,NO
2134,27185,27934,779.59,failed,online,2026-01-01,NO
2126,38994,28111,75.49,failed,online,2026-01-01,NO
855,13146,32705,1923.31,failed,online,2026-01-01,NO
4949,23342,32752,1438.96,failed,online,2026-01-01,NO
3199,6909,34612,688.01,failed,online,2026-01-01,NO
1,32438,35046,888.71,failed,online,2026-01-01,NO
217,12921,35085,1656.97,completed,online,2026-01-01,NO
1398,47232,37770,1828.17,failed,online,2026-01-01,NO
3969,30046,38275,1910.0,completed,online,2026-01-01,NO
1046,11328,40704,1654.11,completed,online,2026-01-01,NO
2692,23953,40992,1046.91,completed,online,2026-01-01,NO
4881,15531,43869,1389.39,completed,online,2026-01-01,NO
3762,24613,44614,1221.66,completed,online,2026-01-01,NO
1942,49137,45863,923.31,completed,online,2026-01-01,NO
346,6048,46906,475.68,failed,online,2026-01-01,NO
1871,10904,47812,161.85,completed,online,2026-01-01,NO
981,28161,49360,1636.37,completed,online,2026-01-01,NO
2995,17482,51584,297.43,failed,online,2026-01-01,NO
1,1608,54383,1642.46,completed,online,2026-01-01,NO
2802,19452,59167,1100.01,failed,online,2026-01-01,NO
4581,18846,66906,818.05,failed,online,2026-01-01,NO
1703,3225,67754,688.84,failed,online,2026-01-01,NO
3926,14877,68387,1478.78,completed,online,2026-01-01,NO
1512,21244,73616,605.77,failed,online,2026-01-01,NO
3093,16436,79079,1302.02,failed,online,2026-01-01,NO
1030,14870,79238,1385.69,completed,online,2026-01-01,NO
916,41408,79370,1400.61,completed,online,2026-01-01,NO
2395,15752,81822,321.56,completed,online,2026-01-01,NO
4986,36712,82240,1134.91,failed,online,2026-01-01,NO
3829,20785,84098,1132.92,failed,online,2026-01-01,NO
185,40599,84842,1802.18,completed,online,2026-01-01,NO
3769,47468,85477,1657.51,completed,online,2026-01-01,NO
1,45575,85870,1908.51,completed,online,2026-01-01,NO
1,32262,89079,273.19,completed,online,2026-01-01,NO
1,48194,91277,1640.53,completed,online,2026-01-01,NO
990,12317,91660,1333.86,failed,online,2026-01-01,NO
4706,2993,95400,368.12,failed,online,2026-01-01,NO
3152,13173,95652,70.81,failed,online,2026-01-01,NO
4146,26623,96306,288.58,failed,online,2026-01-01,NO
1081,7863,96768,1249.89,failed,online,2026-01-01,NO
924,34944,97554,1364.1,failed,online,2026-01-01,NO
2266,23119,99848,1817.49,completed,online,2026-01-01,NO
1,7268,99976,328.52,completed,online,2026-01-01,NO
1,24345,102995,349.08,failed,online,2026-01-01,NO
4177,21698,103226,666.67,failed,online,2026-01-01,NO
2334,25762,103987,686.75,failed,online,2026-01-01,NO
6,21112,110216,1600.59,failed,online,2026-01-01,NO
4766,15137,112367,919.64,failed,online,2026-01-01,NO
1,47835,113877,1778.06,completed,online,2026-01-01,NO
4267,23642,115717,987.73,completed,online,2026-01-01,NO
4871,45500,120115,749.45,completed,online,2026-01-01,NO
1106,13392,122806,1649.73,failed,online,2026-01-01,NO
4258,7992,123535,1611.2,failed,online,2026-01-01,NO
822,43130,125932,439.69,completed,online,2026-01-01,NO
2474,38900,125936,1258.28,failed,online,2026-01-01,NO
3492,46716,129461,709.84,completed,online,2026-01-01,NO
1,8568,129709,396.83,completed,online,2026-01-01,NO
730,5131,129729,1099.5,failed,online,2026-01-01,NO
3322,41274,130707,1546.0,failed,online,2026-01-01,NO
614,37897,133180,936.34,completed,online,2026-01-01,NO
3746,46969,133546,1260.93,completed,online,2026-01-01,NO
2085,26183,134935,1443.87,completed,online,2026-01-01,NO
3311,13662,135429,1853.06,failed,online,2026-01-01,NO
2716,17177,136167,1761.83,completed,online,2026-01-01,NO
4622,894,137832,761.37,completed,online,2026-01-01,NO
1,45567,142176,712.83,completed,online,2026-01-01,NO
1655,48768,143382,1806.36,failed,online,2026-01-01,NO
3540,22428,144405,1869.42,failed,online,2026-01-01,NO
41,8979,145226,346.86,completed,online,2026-01-01,NO
1,19140,145241,1669.68,failed,online,2026-01-01,NO
826,46225,146478,1885.1,failed,online,2026-01-01,NO
202,7735,148028,546.85,failed,UNKNOWN,2026-01-01,NO
4998,18978,148417,857.4,failed,online,2026-01-01,NO
3487,19313,6031,83.24,completed,online,2025-01-20,NO
3008,24822,9028,458.82,completed,online,2025-01-20,NO
1530,45315,11179,466.49,completed,online,2025-01-20,NO
3942,10053,11646,1801.64,failed,online,2025-01-20,NO
1,4246,12115,1815.44,completed,online,2025-01-20,NO
2786,39655,12645,986.57,completed,online,2025-01-20,NO
1,39148,14747,141.53,completed,online,2025-01-20,NO
2635,45642,20241,598.71,completed,online,2025-01-20,NO
1,12142,20996,280.53,completed,online,2025-01-20,NO
4578,36854,21107,1208.07,failed,online,2025-01-20,NO
1,40509,21195,1211.2,failed,online,2025-01-20,NO
2035,12548,23541,1602.26,completed,online,2025-01-20,NO
2508,19539,30426,375.2,completed,online,2025-01-20,NO
4027,5231,30798,1115.53,failed,online,2025-01-20,NO
2534,13610,31075,222.46,failed,online,2025-01-20,NO
1,15754,31273,1591.95,completed,online,2025-01-20,NO
1509,41594,35223,902.68,completed,online,2025-01-20,NO
1687,43391,35270,314.02,completed,online,2025-01-20,NO
4933,30986,35664,998.1,failed,online,2025-01-20,NO
680,25686,36885,198.48,completed,online,2025-01-20,NO
1,10649,36920,356.14,completed,online,2025-01-20,NO
2269,36578,39522,854.26,completed,online,2025-01-20,NO
863,17107,41583,1077.44,completed,online,2025-01-20,NO
1963,44982,42075,123.27,failed,online,2025-01-20,NO
4355,5235,42607,1149.2,failed,online,2025-01-20,NO
4429,24516,42848,519.38,completed,online,2025-01-20,NO
3345,40364,43464,601.87,failed,online,2025-01-20,NO
4437,3165,43700,1238.69,completed,online,2025-01-20,NO
1,43932,44529,1299.87,completed,online,2025-01-20,NO
1,21335,44866,592.98,completed,online,2025-01-20,NO
2005,770,45541,1981.01,completed,online,2025-01-20,NO
1,38637,45892,1184.1,failed,online,2025-01-20,NO
1775,47966,47073,1467.72,failed,online,2025-01-20,NO
4240,38811,47589,1177.52,failed,online,2025-01-20,NO
2283,5768,47617,1212.42,completed,online,2025-01-20,NO
1627,44352,48359,41.08,failed,online,2025-01-20,NO
1,10559,50720,1824.31,completed,online,2025-01-20,NO
2243,16432,54683,365.6,failed,online,2025-01-20,NO
1378,13869,56499,1341.03,completed,online,2025-01-20,NO
1045,46861,58468,1208.65,completed,online,2025-01-20,NO
4335,530,58760,495.45,completed,online,2025-01-20,NO
1,6341,61185,565.97,failed,online,2025-01-20,NO
1,1516,61610,523.66,completed,online,2025-01-20,NO
1,4570,61641,1715.11,completed,online,2025-01-20,NO
1,34609,61910,1144.04,failed,online,2025-01-20,NO
1562,2280,62941,677.6,completed,online,2025-01-20,NO
3385,49372,66319,1629.79,completed,online,2025-01-20,NO
3604,2307,67119,1925.84,failed,online,2025-01-20,NO
1,29400,68380,1029.02,failed,online,2025-01-20,NO
4436,36244,71874,1136.12,failed,online,2025-01-20,NO
2785,1841,72916,1989.22,completed,online,2025-01-20,NO
1112,17184,77510,1301.63,completed,online,2025-01-20,NO
1,29407,77914,461.68,completed,online,2025-01-20,NO
1,49937,78066,1517.58,failed,online,2025-01-20,NO
4284,3727,78323,1358.1,completed,online,2025-01-20,NO
1076,9553,78654,73.15,completed,online,2025-01-20,NO
767,33048,79496,222.01,failed,online,2025-01-20,NO
1135,1764,81102,1453.59,failed,online,2025-01-20,NO
2426,40891,83523,1404.93,failed,online,2025-01-20,NO
4731,32222,86403,1089.05,completed,online,2025-01-20,NO
1,43438,86957,648.85,completed,online,2025-01-20,NO
4338,47213,87304,1830.44,failed,online,2025-01-20,NO
3182,46494,91955,1785.15,failed,online,2025-01-20,NO
2384,18432,94573,321.17,failed,online,2025-01-20,NO
2830,47202,98448,493.81,completed,online,2025-01-20,NO
1,48761,103215,378.98,failed,online,2025-01-20,NO
1,24547,103874,514.44,failed,online,2025-01-20,NO
3188,26793,108492,423.95,completed,online,2025-01-20,NO
324,30324,111122,896.36,failed,online,2025-01-20,NO
1488,15251,111858,263.66,completed,online,2025-01-20,NO
3051,49056,112106,1190.31,failed,online,2025-01-20,NO
4199,15582,113195,1456.1,failed,online,2025-01-20,NO
1,1269,113937,1417.35,failed,online,2025-01-20,NO
1,42255,116784,1386.35,failed,online,2025-01-20,NO
2927,21271,119251,1787.68,failed,online,2025-01-20,NO
1319,1127,119544,1190.5,failed,online,2025-01-20,NO
159,4419,121219,1879.69,completed,online,2025-01-20,NO
3479,18569,121470,1990.18,completed,online,2025-01-20,NO
3519,23559,122767,1829.27,completed,online,2025-01-20,NO
1633,9841,122865,1196.15,completed,online,2025-01-20,NO
1,33925,129038,715.98,failed,online,2025-01-20,NO
4547,28175,132919,1901.89,failed,online,2025-01-20,NO
1,12832,134507,1648.05,failed,online,2025-01-20,NO
155,24434,136125,700.13,failed,online,2025-01-20,NO
610,44341,137099,857.47,completed,online,2025-01-20,NO
124,37686,140070,272.54,completed,online,2025-01-20,NO
660,39814,140419,1694.27,completed,online,2025-01-20,NO
2385,38973,143789,586.94,completed,online,2025-01-20,NO
1686,15581,144012,426.36,completed,online,2025-01-20,NO
1,1636,146884,1115.66,completed,online,2025-01-20,NO
205,49430,148115,39.82,completed,online,2025-01-20,NO
4255,14065,2339,1599.08,completed,online,2025-06-24,NO
3064,1073,4826,1975.52,failed,UNKNOWN,2025-06-24,NO
561,43982,7081,1925.85,failed,online,2025-06-24,NO
4467,6467,10336,1597.59,completed,online,2025-06-24,NO
2278,16821,12712,250.21,failed,online,2025-06-24,NO
139,32805,17503,1630.31,completed,online,2025-06-24,NO
1,40999,19909,1638.69,failed,online,2025-06-24,NO
1,30455,20347,971.41,completed,online,2025-06-24,NO
1938,44656,20913,905.21,completed,online,2025-06-24,NO
81,30761,22124,1102.58,completed,online,2025-06-24,NO
1815,30513,23952,275.28,completed,online,2025-06-24,NO
1067,1509,24053,109.4,completed,online,2025-06-24,NO
1,31742,24151,302.59,completed,online,2025-06-24,NO
1,35643,25181,1635.14,completed,online,2025-06-24,NO
272,17274,25923,1414.91,failed,online,2025-06-24,NO
1931,35125,28085,1977.9,completed,online,2025-06-24,NO
2268,12213,28170,743.32,completed,online,2025-06-24,NO
526,17397,28752,735.88,failed,online,2025-06-24,NO
958,1602,29388,857.47,failed,online,2025-06-24,NO
4991,49794,30832,802.62,failed,online,2025-06-24,NO
1555,24878,33141,990.15,completed,online,2025-06-24,NO
4802,13717,33431,241.41,failed,online,2025-06-24,NO
4142,37547,34029,39.98,failed,online,2025-06-24,NO
2750,36331,34515,435.33,failed,online,2025-06-24,NO
126,9676,35228,1822.98,completed,online,2025-06-24,NO
1,46194,36764,689.82,failed,online,2025-06-24,NO
3654,9374,36776,304.15,completed,online,2025-06-24,NO
3841,10881,38004,1261.83,completed,online,2025-06-24,NO
1893,7919,38128,829.37,failed,online,2025-06-24,NO
4177,39533,38526,1504.27,failed,online,2025-06-24,NO
1822,26044,44448,128.49,failed,online,2025-06-24,NO
4178,21254,45227,306.57,failed,online,2025-06-24,NO
703,30107,46278,1722.5,completed,online,2025-06-24,NO
4508,45931,46523,696.22,completed,online,2025-06-24,NO
1,48607,47068,1674.71,completed,online,2025-06-24,NO
2669,42125,47830,1856.44,completed,online,2025-06-24,NO
1,22088,49711,1335.83,failed,online,2025-06-24,NO
3066,47518,56096,88.38,failed,online,2025-06-24,NO
780,41733,56305,1730.77,failed,online,2025-06-24,NO
4873,15875,57733,1880.38,failed,online,2025-06-24,NO
1,34252,58568,1928.7,failed,online,2025-06-24,NO
1,31818,58696,228.19,completed,online,2025-06-24,NO
3501,32426,61032,990.11,failed,online,2025-06-24,NO
1,18048,62738,289.35,failed,online,2025-06-24,NO
1,9516,63087,827.83,failed,online,2025-06-24,NO
1,9482,63501,1833.12,completed,online,2025-06-24,NO
3370,10580,63509,446.75,failed,online,2025-06-24,NO
1561,15705,67813,1287.11,completed,online,2025-06-24,NO
311,45748,68119,523.65,completed,online,2025-06-24,NO
4383,28764,68445,908.92,failed,online,2025-06-24,NO
4845,43777,68616,605.2,completed,online,2025-06-24,NO
939,17345,69637,445.38,failed,online,2025-06-24,NO
3174,36608,71407,1049.64,completed,online,2025-06-24,NO
1,45835,76509,1467.06,failed,online,2025-06-24,NO
4834,25130,80672,1836.7,completed,online,2025-06-24,NO
1,46233,80731,1651.78,completed,online,2025-06-24,NO
1738,12216,82860,1999.45,completed,online,2025-06-24,NO
4664,38012,83393,879.1,failed,online,2025-06-24,NO
4958,7510,84278,905.91,failed,online,2025-06-24,NO
4611,41520,87369,730.01,failed,online,2025-06-24,NO
3661,10222,88409,904.42,failed,online,2025-06-24,NO
3909,3235,88813,888.47,completed,online,2025-06-24,NO
3942,30243,93160,1647.76,completed,online,2025-06-24,NO
1226,743,94144,783.2,failed,online,2025-06-24,NO
815,48632,96893,995.47,completed,online,2025-06-24,NO
50,3155,98621,910.97,failed,online,2025-06-24,NO
3509,26716,101088,1306.62,completed,online,2025-06-24,NO
4398,4325,102606,362.5,completed,online,2025-06-24,NO
1723,18465,105032,1606.86,completed,online,2025-06-24,NO
2881,26176,107259,1342.43,completed,online,2025-06-24,NO
937,5910,109069,409.15,completed,online,2025-06-24,NO
913,9162,110717,328.23,failed,online,2025-06-24,NO
3731,36102,111097,1274.09,failed,online,2025-06-24,NO
1,15833,111171,1114.49,completed,UNKNOWN,2025-06-24,NO
2453,12232,116560,883.13,failed,online,2025-06-24,NO
3942,7593,118338,878.53,completed,online,2025-06-24,NO
1598,1641,119593,1595.89,completed,online,2025-06-24,NO
1,34911,121738,1603.66,failed,online,2025-06-24,NO
3092,4151,122083,239.07,completed,online,2025-06-24,NO
3006,28803,125458,1860.0,completed,online,2025-06-24,NO
303,26400,129768,1104.86,completed,online,2025-06-24,NO
2061,40712,132445,1477.97,completed,online,2025-06-24,NO
2055,27013,132692,1522.07,failed,online,2025-06-24,NO
1,43795,134640,711.52,failed,UNKNOWN,2025-06-24,NO
247,21751,135966,392.87,failed,online,2025-06-24,NO
4710,23631,141279,1693.78,completed,online,2025-06-24,NO
1,43690,142466,69.13,failed,online,2025-06-24,NO
114,30018,142640,1529.11,completed,online,2025-06-24,NO
1758,35057,144146,950.49,completed,online,2025-06-24,NO
2855,36674,146209,475.63,failed,online,2025-06-24,NO
3350,28206,147286,1033.08,completed,online,2025-06-24,NO
268,3843,404,935.66,completed,online,2025-11-09,NO
2209,7815,411,843.06,completed,online,2025-11-09,NO
1,42695,3259,748.41,failed,online,2025-11-09,NO
4378,15743,3879,786.6,completed,online,2025-11-09,NO
3242,47481,4862,1751.12,completed,online,2025-11-09,NO
3842,27553,8609,1804.4,failed,online,2025-11-09,NO
1,37441,10129,481.94,completed,online,2025-11-09,NO
3926,11874,10542,1938.89,failed,online,2025-11-09,NO
3029,24293,13058,1695.22,failed,online,2025-11-09,NO
1954,5340,13865,1922.64,failed,online,2025-11-09,NO
2660,29064,16307,1306.19,failed,online,2025-11-09,NO
4546,2957,17256,1042.48,failed,online,2025-11-09,NO
1,4018,18017,1582.27,failed,online,2025-11-09,NO
1166,30174,19908,1558.32,failed,online,2025-11-09,NO
4996,13767,20266,45.21,completed,online,2025-11-09,NO
1425,45439,25634,1008.53,failed,online,2025-11-09,NO
2989,640,25899,1748.45,completed,online,2025-11-09,NO
2833,15502,26552,380.05,failed,online,2025-11-09,NO
1,3669,27201,1263.48,failed,online,2025-11-09,NO
4621,42085,27923,1953.91,failed,online,2025-11-09,NO
614,27984,28190,706.21,completed,online,2025-11-09,NO
4168,10196,31066,108.01,completed,online,2025-11-09,NO
1,13926,31310,1135.14,failed,online,2025-11-09,NO
702,10797,32438,1372.6,completed,online,2025-11-09,NO
1,9711,35374,1369.45,completed,online,2025-11-09,NO
1892,1958,39886,462.97,completed,online,2025-11-09,NO
1,44372,41950,1147.08,completed,online,2025-11-09,NO
1253,9458,42239,1622.38,completed,online,2025-11-09,NO
1,18773,43181,1319.46,failed,online,2025-11-09,NO
1,10243,48970,610.46,failed,online,2025-11-09,NO
4774,1798,50085,356.49,failed,online,2025-11-09,NO
2835,6221,51553,75.87,failed,online,2025-11-09,NO
1,28819,51713,1199.7,failed,online,2025-11-09,NO
1281,16829,53262,1391.68,completed,online,2025-11-09,NO
1105,23602,54274,1503.21,completed,online,2025-11-09,NO
21,49361,56254,1466.76,failed,online,2025-11-09,NO
3000,1391,57300,1208.2,failed,online,2025-11-09,NO
2639,26952,58239,881.68,completed,online,2025-11-09,NO
998,19065,60087,385.56,completed,online,2025-11-09,NO
1,15795,64299,114.47,completed,online,2025-11-09,NO
3414,22069,65534,1397.48,completed,online,2025-11-09,NO
1,25378,65870,863.23,completed,online,2025-11-09,NO
1,10880,66070,1070.31,completed,online,2025-11-09,NO
910,37846,73928,345.93,completed,online,2025-11-09,NO
1,5501,74088,1448.85,completed,online,2025-11-09,NO
172,47899,74648,1848.77,failed,online,2025-11-09,NO
4237,5272,75499,1338.52,completed,online,2025-11-09,NO
2536,40471,80601,564.6,completed,online,2025-11-09,NO
1607,10150,81336,113.61,failed,online,2025-11-09,NO
2755,16342,82189,1041.3,completed,online,2025-11-09,NO
3111,3582,84023,118.83,failed,online,2025-11-09,NO
3053,39454,85983,1958.89,completed,online,2025-11-09,NO
47,18475,88898,723.27,failed,online,2025-11-09,NO
2860,33766,90714,1255.75,completed,online,2025-11-09,NO
4662,36176,90716,674.78,failed,online,2025-11-09,NO
3827,29366,92280,885.49,failed,online,2025-11-09,NO
3771,12838,93087,1690.32,completed,online,2025-11-09,NO
2564,1060,94019,192.39,failed,online,2025-11-09,NO
3032,10520,94459,1044.61,completed,online,2025-11-09,NO
1,28174,94519,680.5,completed,online,2025-11-09,NO
1610,14090,95134,1384.92,failed,online,2025-11-09,NO
177,3595,95438,1300.07,completed,online,2025-11-09,NO
3254,15413,97955,1226.16,completed,online,2025-11-09,NO
1,22394,99508,539.98,failed,online,2025-11-09,NO
1590,49435,100487,896.5,completed,online,2025-11-09,NO
3733,13926,102595,584.22,failed,online,2025-11-09,NO
1582,40755,103144,639.02,failed,online,2025-11-09,NO
83,47590,103484,986.83,failed,online,2025-11-09,NO
1,13412,106108,1605.96,completed,online,2025-11-09,NO
1052,67,111605,1270.56,failed,online,2025-11-09,NO
3597,32714,113522,588.75,completed,online,2025-11-09,NO
990,49373,115497,1348.61,failed,online,2025-11-09,NO
2067,32085,116343,1783.86,completed,online,2025-11-09,NO
4009,9230,117805,226.52,failed,online,2025-11-09,NO
3637,39224,118551,832.87,completed,online,2025-11-09,NO
4719,31727,118962,274.32,failed,online,2025-11-09,NO
4129,47521,120542,585.91,failed,online,2025-11-09,NO
496,44368,124738,408.77,failed,online,2025-11-09,NO
1,40636,125316,667.08,failed,online,2025-11-09,NO
1593,389,127769,1026.55,completed,UNKNOWN,2025-11-09,NO
2604,21796,131545,7443.550569641846,failed,online,2025-11-09,NO
513,16881,132239,1099.04,completed,online,2025-11-09,NO
3690,31087,135347,1639.16,completed,online,2025-11-09,NO
3856,36824,136457,1226.27,completed,online,2025-11-09,NO
1777,23137,139224,458.27,completed,online,2025-11-09,NO
196,14974,139361,165.39,failed,online,2025-11-09,NO
3812,41791,139665,32.41,completed,online,2025-11-09,NO
1189,39857,140839,759.76,completed,online,2025-11-09,NO
113,4383,142311,715.32,failed,online,2025-11-09,NO
2124,27647,143453,653.95,failed,online,2025-11-09,NO
1,32499,145282,210.6,completed,online,2025-11-09,NO
4928,11498,550,1811.28,completed,online,2025-09-10,NO
2869,11704,1239,1874.84,failed,UNKNOWN,2025-09-10,NO
405,23929,3781,1976.83,failed,online,2025-09-10,NO
2186,5934,4048,1097.6,completed,online,2025-09-10,NO
2214,17397,10646,253.44,completed,online,2025-09-10,NO
2109,2959,12557,1274.39,failed,online,2025-09-10,NO
2049,12635,15036,998.31,failed,online,2025-09-10,NO
878,32040,16210,1547.66,completed,online,2025-09-10,NO
575,38539,17471,1946.84,completed,online,2025-09-10,NO
3749,9412,19123,1413.08,failed,online,2025-09-10,NO
4385,44762,20272,129.07,completed,online,2025-09-10,NO
273,14858,21646,1635.34,failed,online,2025-09-10,NO
1103,6208,22554,154.82,failed,online,2025-09-10,NO
441,5951,26891,1103.94,failed,online,2025-09-10,NO
4159,4155,27089,396.15,failed,online,2025-09-10,NO
504,33289,27350,1338.45,failed,online,2025-09-10,NO
1,7150,29760,1909.21,completed,online,2025-09-10,NO
1,46576,33457,890.35,failed,online,2025-09-10,NO
3438,4533,35230,994.83,failed,online,2025-09-10,NO
2349,37385,35959,416.93,completed,online,2025-09-10,NO
2082,47785,36497,97.74,completed,online,2025-09-10,NO
3318,49413,37253,7620.51611605048,completed,online,2025-09-10,NO
2742,46631,41266,1891.42,failed,online,2025-09-10,NO
3754,10884,41949,1605.96,completed,online,2025-09-10,NO
1,35885,43789,304.33,failed,online,2025-09-10,NO
4903,34514,46842,1204.41,failed,online,2025-09-10,NO
4119,15502,49709,1838.13,failed,online,2025-09-10,NO
2858,36932,52523,471.19,failed,online,2025-09-10,NO
3548,28431,52754,682.8,completed,online,2025-09-10,NO
1,44394,53686,188.64,completed,online,2025-09-10,NO
4554,16197,55609,1821.12,completed,online,2025-09-10,NO
3792,47847,56432,48.62,failed,online,2025-09-10,NO
1,20787,59526,214.22,failed,online,2025-09-10,NO
1,23989,59937,1098.04,failed,online,2025-09-10,NO
2093,13068,62761,1363.12,completed,online,2025-09-10,NO
1411,32482,63128,53.52,completed,online,2025-09-10,NO
2950,15562,63361,1824.46,failed,online,2025-09-10,NO
1944,37299,65969,1801.4,completed,online,2025-09-10,NO
2261,17277,68159,597.03,completed,online,2025-09-10,NO
2322,34343,68208,448.44,failed,online,2025-09-10,NO
1260,11825,71738,354.48,failed,online,2025-09-10,NO
236,14356,72064,243.55,completed,UNKNOWN,2025-09-10,NO
3418,36473,73468,1263.03,failed,online,2025-09-10,NO
721,5603,74697,1869.76,completed,online,2025-09-10,NO
1118,32379,78063,467.21,failed,online,2025-09-10,NO
4488,20869,78341,1694.77,failed,online,2025-09-10,NO
4541,37833,79199,1925.25,failed,online,2025-09-10,NO
1,1155,81396,1607.63,failed,online,2025-09-10,NO
4108,43758,83376,1985.69,completed,online,2025-09-10,NO
4536,24420,83714,1579.11,failed,online,2025-09-10,NO
1344,25333,85921,1336.55,completed,online,2025-09-10,NO
4647,28848,86889,657.39,completed,online,2025-09-10,NO
2655,29343,89992,1087.35,completed,online,2025-09-10,NO
3935,7773,92157,1703.66,completed,online,2025-09-10,NO
2123,36704,92554,968.13,failed,online,2025-09-10,NO
4370,49006,96494,780.75,failed,online,2025-09-10,NO
3263,15319,96715,695.84,failed,UNKNOWN,2025-09-10,NO
626,3608,97150,432.65,completed,online,2025-09-10,NO
1128,8994,98114,1693.99,completed,online,2025-09-10,NO
1,31111,98424,1660.62,completed,online,2025-09-10,NO
1,37777,100167,789.74,failed,online,2025-09-10,NO
1,36666,100180,1202.4,failed,online,2025-09-10,NO
4516,40257,100407,1246.4,completed,online,2025-09-10,NO
4181,17517,100701,1323.43,completed,online,2025-09-10,NO
3256,35995,103250,1545.86,failed,online,2025-09-10,NO
3752,15159,103915,1614.98,completed,UNKNOWN,2025-09-10,NO
333,24083,104179,1957.67,failed,online,2025-09-10,NO
1430,6727,104676,846.94,failed,online,2025-09-10,NO
3625,19500,110771,893.06,completed,online,2025-09-10,NO
4137,48669,113863,1595.43,completed,online,2025-09-10,NO
1652,24542,115205,1993.84,completed,online,2025-09-10,NO
3902,13164,115904,391.02,completed,online,2025-09-10,NO
3612,20765,116119,1273.71,completed,online,2025-09-10,NO
1,49835,118535,491.18,completed,online,2025-09-10,NO
3001,42975,122146,545.91,completed,online,2025-09-10,NO
1,49805,122655,921.3,completed,online,2025-09-10,NO
2724,14133,123864,786.34,completed,online,2025-09-10,NO
1883,2780,126110,1118.84,failed,UNKNOWN,2025-09-10,NO
3794,44415,127890,1747.78,completed,online,2025-09-10,NO
1,29111,130920,573.52,failed,online,2025-09-10,NO
3616,1023,131136,1984.92,completed,online,2025-09-10,NO
2075,10702,132043,103.08,failed,online,2025-09-10,NO
3923,3185,132311,1905.4,failed,online,2025-09-10,NO
1,46767,135912,174.95,completed,online,2025-09-10,NO
1311,37660,136138,534.04,failed,online,2025-09-10,NO
3107,7982,136208,1062.41,failed,online,2025-09-10,NO
3595,11048,137373,1701.34,failed,online,2025-09-10,NO
4495,1709,139512,1301.65,failed,online,2025-09-10,NO
2661,17652,142292,1786.55,completed,online,2025-09-10,NO
4110,32201,148823,856.22,failed,online,2025-09-10,NO
2862,47478,1435,915.8,failed,online,2025-09-27,NO
4264,13956,5324,797.77,failed,online,2025-09-27,NO
4839,37279,7578,1486.83,failed,online,2025-09-27,NO
3967,2895,7722,1280.47,failed,online,2025-09-27,NO
3566,2556,7925,1442.23,completed,online,2025-09-27,NO
3014,32427,9086,62.05,completed,online,2025-09-27,NO
1,24236,10507,330.51,failed,online,2025-09-27,NO
3790,28315,10574,126.14,failed,online,2025-09-27,NO
2782,36098,21696,1091.63,failed,online,2025-09-27,NO
1,17272,23914,1501.52,completed,online,2025-09-27,NO
2727,5888,26833,1939.61,failed,online,2025-09-27,NO
4508,47541,26977,1937.63,completed,online,2025-09-27,NO
1,34700,27151,955.49,completed,online,2025-09-27,NO
733,25562,28596,1206.76,completed,online,2025-09-27,NO
2514,26645,30008,432.73,completed,UNKNOWN,2025-09-27,NO
4616,30677,31123,1740.52,failed,online,2025-09-27,NO
2521,30072,32080,1860.6,completed,online,2025-09-27,NO
158,32452,35498,1688.7,completed,online,2025-09-27,NO
828,31768,37436,1936.65,failed,online,2025-09-27,NO
1695,1109,37839,525.01,failed,online,2025-09-27,NO
201,47322,38377,709.9,completed,online,2025-09-27,NO
271,28232,40522,755.67,failed,online,2025-09-27,NO
4263,11200,40831,1348.48,failed,online,2025-09-27,NO
1,13207,41745,1313.23,failed,online,2025-09-27,NO
4662,37735,42827,1185.24,completed,online,2025-09-27,NO
1,40950,43599,1780.33,failed,online,2025-09-27,NO
1,45661,44707,1493.41,failed,online,2025-09-27,NO
724,8807,46204,1140.6,failed,online,2025-09-27,NO
1274,13000,47274,414.15,failed,online,2025-09-27,NO
4391,4788,48096,363.84,completed,online,2025-09-27,NO
445,35826,49334,52.81,completed,online,2025-09-27,NO
1674,30822,51186,501.92,failed,online,2025-09-27,NO
3013,30674,52350,1385.37,completed,online,2025-09-27,NO
1990,36470,55291,1522.67,completed,online,2025-09-27,NO
1,1974,55429,1440.19,failed,online,2025-09-27,NO
695,10726,58167,824.2,completed,online,2025-09-27,NO
495,22702,60123,1111.78,completed,online,2025-09-27,NO
1375,29990,60350,1513.7,failed,online,2025-09-27,NO
820,6276,60493,1105.31,failed,online,2025-09-27,NO
3999,8584,62566,1655.34,failed,online,2025-09-27,NO
1564,27286,64742,909.18,completed,online,2025-09-27,NO
3675,33152,65322,1528.92,failed,online,2025-09-27,NO
4939,21956,67673,113.17,failed,online,2025-09-27,NO
2597,13890,69603,1968.55,failed,online,2025-09-27,NO
1954,7744,72448,656.13,failed,online,2025-09-27,NO
1,42380,75203,170.46,completed,online,2025-09-27,NO
1779,25640,76071,1473.04,completed,online,2025-09-27,NO
1751,34236,76966,530.35,failed,online,2025-09-27,NO
4907,17450,77604,798.28,failed,online,2025-09-27,NO
1680,45879,81565,1000.8,failed,online,2025-09-27,NO
1866,43920,82789,174.49,failed,online,2025-09-27,NO
1942,14594,85242,815.35,completed,online,2025-09-27,NO
1,11543,89972,1581.36,completed,online,2025-09-27,NO
4470,20746,90882,1570.83,completed,online,2025-09-27,NO
3664,26578,92292,842.22,completed,online,2025-09-27,NO
1,1163,94225,828.15,completed,online,2025-09-27,NO
499,40844,94616,877.91,failed,online,2025-09-27,NO
1,21190,94734,85.53,failed,online,2025-09-27,NO
2462,4077,99634,963.47,failed,online,2025-09-27,NO
1901,18677,100750,235.34,completed,online,2025-09-27,NO
1,24877,101033,425.48,failed,online,2025-09-27,NO
4121,9474,101823,1529.88,failed,online,2025-09-27,NO
3188,46377,103363,264.77,completed,online,2025-09-27,NO
790,32776,104021,161.01,completed,online,2025-09-27,NO
207,14499,104095,1308.21,completed,online,2025-09-27,NO
4270,46053,104156,169.28,completed,online,2025-09-27,NO
1,28394,108261,267.48,completed,online,2025-09-27,NO
324,45368,108887,731.67,failed,online,2025-09-27,NO
1,11747,110341,1080.06,completed,online,2025-09-27,NO
2487,25582,110547,1104.66,failed,online,2025-09-27,NO
4122,14721,112490,1877.81,completed,online,2025-09-27,NO
3189,3819,113063,1913.38,completed,online,2025-09-27,NO
1110,3020,114100,90.7,completed,online,2025-09-27,NO
76,44306,116474,161.78,completed,online,2025-09-27,NO
3693,36308,117070,73.74,failed,online,2025-09-27,NO
2881,2407,118846,163.34,completed,online,2025-09-27,NO
4326,37457,120651,1273.81,completed,online,2025-09-27,NO
3314,46359,121997,1630.96,completed,online,2025-09-27,NO
4137,14795,122170,224.69,completed,online,2025-09-27,NO
3694,7302,124230,944.64,failed,online,2025-09-27,NO
1272,21414,126228,1371.49,failed,online,2025-09-27,NO
1,46181,132121,1843.27,failed,online,2025-09-27,NO
3647,20461,133552,648.17,failed,online,2025-09-27,NO
4465,4805,135286,532.98,completed,online,2025-09-27,NO
2157,38075,136308,1472.28,completed,online,2025-09-27,NO
362,47391,137844,721.72,completed,online,2025-09-27,NO
1,37746,138302,1993.4,completed,online,2025-09-27,NO
2521,6567,143312,250.84,failed,online,2025-09-27,NO
1,47561,144754,328.82,failed,online,2025-09-27,NO
1266,5919,148640,191.44,failed,online,2025-09-27,NO
4525,40931,149272,813.22,failed,online,2025-09-27,NO
2869,21068,222,454.99,completed,online,2025-04-11,NO
4155,15293,7418,1796.76,completed,online,2025-04-11,NO
2174,39910,9165,94.59,failed,online,2025-04-11,NO
3911,47075,14462,1829.53,completed,online,2025-04-11,NO
1240,39207,15027,652.06,completed,online,2025-04-11,NO
1397,47709,17448,1087.08,failed,online,2025-04-11,NO
1,18475,23604,888.41,failed,online,2025-04-11,NO
556,42943,25496,757.21,failed,online,2025-04-11,NO
1,42773,26333,399.79,completed,online,2025-04-11,NO
3462,21762,26966,287.84,completed,online,2025-04-11,NO
3485,19604,30134,1398.96,failed,online,2025-04-11,NO
1,14895,31285,1767.93,failed,online,2025-04-11,NO
1,41862,32367,825.79,completed,online,2025-04-11,NO
1868,35411,32547,1172.32,completed,online,2025-04-11,NO
1190,2067,33243,1562.67,completed,online,2025-04-11,NO
1,3280,35846,1894.75,completed,UNKNOWN,2025-04-11,NO
1,19542,40893,189.94,completed,online,2025-04-11,NO
3935,8229,42977,727.87,failed,online,2025-04-11,NO
4774,20935,43925,589.71,completed,online,2025-04-11,NO
1,26384,47706,1040.92,completed,online,2025-04-11,NO
2461,39596,49455,1817.12,failed,online,2025-04-11,NO
4506,6381,50292,704.46,completed,online,2025-04-11,NO
4340,7813,52253,484.04,failed,online,2025-04-11,NO
4095,30879,52965,1092.13,completed,online,2025-04-11,NO
2296,45261,54963,619.56,completed,online,2025-04-11,NO
1,44027,55100,1381.05,completed,online,2025-04-11,NO
1,17017,55890,1171.26,failed,online,2025-04-11,NO
4561,45647,60048,399.04,failed,online,2025-04-11,NO
1,32448,60382,1652.96,completed,online,2025-04-11,NO
3574,28254,60591,710.78,completed,online,2025-04-11,NO
4851,24373,60718,565.37,failed,online,2025-04-11,NO
1309,40889,61584,919.03,failed,online,2025-04-11,NO
1,5737,62699,1508.14,failed,online,2025-04-11,NO
1161,5168,65978,979.3,completed,online,2025-04-11,NO
665,4562,66562,1139.05,completed,online,2025-04-11,NO
4452,9097,68078,569.66,failed,online,2025-04-11,NO
4541,32215,68332,1432.15,completed,online,2025-04-11,NO
1636,6785,69399,1216.89,completed,online,2025-04-11,NO
864,19232,72889,536.27,failed,online,2025-04-11,NO
1,48926,73438,1772.8,failed,online,2025-04-11,NO
3171,34728,76792,1989.0,completed,online,2025-04-11,NO
3393,30972,77130,487.37,completed,online,2025-04-11,NO
2703,30316,77547,421.61,failed,online,2025-04-11,NO
1,28576,79090,172.0,failed,UNKNOWN,2025-04-11,NO
1452,21019,83656,773.62,failed,online,2025-04-11,NO
171,43317,84403,561.28,completed,UNKNOWN,2025-04-11,NO
3187,40660,86313,1430.45,failed,online,2025-04-11,NO
4737,42664,98901,83.41,completed,online,2025-04-11,NO
4363,40827,100871,1115.92,failed,online,2025-04-11,NO
2485,47075,100972,774.38,completed,online,2025-04-11,NO
1246,16324,102669,761.4,completed,online,2025-04-11,NO
864,23996,104437,160.04,completed,online,2025-04-11,NO
1043,29157,104494,1003.41,completed,online,2025-04-11,NO
677,29105,104659,1488.66,completed,online,2025-04-11,NO
1904,27220,105168,483.4,failed,online,2025-04-11,NO
779,41447,105462,399.8,completed,online,2025-04-11,NO
2177,19441,111831,20.66,completed,online,2025-04-11,NO
18,2346,112349,719.84,completed,online,2025-04-11,NO
161,15475,112752,1576.14,failed,online,2025-04-11,NO
3906,18650,114819,1031.81,failed,online,2025-04-11,NO
292,45893,115401,1205.45,failed,online,2025-04-11,NO
3929,30703,116298,8753.592509267279,completed,online,2025-04-11,NO
831,25055,116475,1722.89,failed,online,2025-04-11,NO
3763,38534,117661,855.18,completed,online,2025-04-11,NO
2653,42771,118647,55.53,failed,online,2025-04-11,NO
4163,40611,120768,180.39,failed,online,2025-04-11,NO
1,45125,121513,1154.01,failed,online,2025-04-11,NO
2521,17718,121947,386.42,completed,online,2025-04-11,NO
2519,19595,122710,1041.04,completed,online,2025-04-11,NO
317,22259,123886,1226.3,completed,online,2025-04-11,NO
434,31265,124370,206.02,failed,online,2025-04-11,NO
2881,12446,126200,1800.14,completed,online,2025-04-11,NO
809,18648,126310,324.84,failed,online,2025-04-11,NO
1,15720,126500,849.66,failed,online,2025-04-11,NO
1818,26670,126536,1867.48,completed,online,2025-04-11,NO
3148,49088,127488,648.77,completed,online,2025-04-11,NO
858,21538,128560,1460.9,failed,online,2025-04-11,NO
1583,34950,129100,44.47,failed,online,2025-04-11,NO
3887,14925,129259,1848.19,failed,online,2025-04-11,NO
421,8158,131033,118.26,failed,online,2025-04-11,NO
2713,10243,133038,1255.73,failed,online,2025-04-11,NO
1422,19997,133653,28.14,failed,online,2025-04-11,NO
1997,28982,137738,856.15,completed,online,2025-04-11,NO
2407,7948,139473,1203.35,failed,online,2025-04-11,NO
4921,33101,144462,781.97,completed,online,2025-04-11,NO
2302,27485,144664,1851.26,failed,online,2025-04-11,NO
1,40364,145011,655.37,completed,online,2025-04-11,NO
4017,28734,146036,900.91,completed,online,2025-04-11,NO
3593,2717,146899,1636.56,failed,online,2025-04-11,NO
1,40875,149935,352.26,completed,online,2025-04-11,NO
4582,45497,6252,733.12,failed,online,2025-09-21,NO
1,36691,11144,760.97,failed,online,2025-09-21,NO
1,13055,12370,1616.62,completed,online,2025-09-21,NO
3262,8867,12903,1175.48,completed,online,2025-09-21,NO
3245,7829,12946,7976.939066822217,failed,online,2025-09-21,NO
3727,34615,13447,120.59,failed,online,2025-09-21,NO
1,8006,13911,1619.85,completed,online,2025-09-21,NO
1,36058,14500,490.77,completed,online,2025-09-21,NO
4442,36938,16069,969.96,completed,online,2025-09-21,NO
4254,47574,16781,1074.42,failed,online,2025-09-21,NO
687,26406,19731,255.0,failed,online,2025-09-21,NO
2256,36424,22117,1848.33,failed,online,2025-09-21,NO
4455,27943,22264,1648.06,failed,online,2025-09-21,NO
2625,30617,26272,1871.71,completed,online,2025-09-21,NO
223,8427,26903,797.23,failed,online,2025-09-21,NO
1,13864,27402,1460.3,completed,online,2025-09-21,NO
4385,32186,28411,1513.87,failed,online,2025-09-21,NO
983,8864,30971,1336.64,completed,online,2025-09-21,NO
970,39377,31091,1190.41,failed,online,2025-09-21,NO
1483,30824,31315,1751.5,completed,online,2025-09-21,NO
3938,23700,32374,1126.37,failed,online,2025-09-21,NO
1251,22818,33566,1314.75,failed,online,2025-09-21,NO
2053,5302,34143,401.8,failed,online,2025-09-21,NO
3162,4752,35737,1580.3,failed,online,2025-09-21,NO
1654,17985,35886,412.49,completed,online,2025-09-21,NO
1,28724,36116,1644.19,failed,online,2025-09-21,NO
2113,9564,37908,520.17,completed,online,2025-09-21,NO
1044,49208,38407,916.23,failed,online,2025-09-21,NO
2522,38818,42093,132.61,completed,online,2025-09-21,NO
2203,48271,45032,1573.45,failed,online,2025-09-21,NO
1925,25448,45281,416.85,completed,online,2025-09-21,NO
1,1594,47898,309.6,completed,online,2025-09-21,NO
2688,1871,50227,336.88,failed,online,2025-09-21,NO
4595,38778,51869,1961.26,failed,online,2025-09-21,NO
1,32454,54957,926.89,completed,online,2025-09-21,NO
1,35768,56014,587.29,failed,online,2025-09-21,NO
1,7300,56691,1850.42,completed,online,2025-09-21,NO
854,49790,57982,891.78,completed,online,2025-09-21,NO
1471,46134,57990,1511.05,failed,online,2025-09-21,NO
4247,40103,59961,1603.73,failed,online,2025-09-21,NO
1372,24044,60185,804.48,failed,online,2025-09-21,NO
1622,20097,61247,1936.84,completed,online,2025-09-21,NO
4364,43108,61815,1521.88,failed,online,2025-09-21,NO
4990,47056,64979,1616.39,completed,online,2025-09-21,NO
2926,37074,65084,215.92,failed,online,2025-09-21,NO
4929,48576,67350,1436.62,failed,online,2025-09-21,NO
4019,35690,68125,1649.29,failed,online,2025-09-21,NO
3198,16198,68945,1427.54,completed,online,2025-09-21,NO
1,8065,70329,1899.75,failed,online,2025-09-21,NO
1090,3090,72930,374.75,completed,online,2025-09-21,NO
2125,23879,73362,160.05,failed,online,2025-09-21,NO
2627,2337,73493,1841.45,completed,online,2025-09-21,NO
1631,23864,74229,597.04,failed,online,2025-09-21,NO
1393,28317,74525,1629.59,failed,online,2025-09-21,NO
4081,35385,74796,380.3,failed,online,2025-09-21,NO
1030,49589,75319,555.87,completed,online,2025-09-21,NO
837,28947,75329,478.77,failed,online,2025-09-21,NO
1,48389,79341,226.38,failed,UNKNOWN,2025-09-21,NO
386,17379,81127,1367.84,failed,online,2025-09-21,NO
1,47015,85428,792.33,failed,online,2025-09-21,NO
4066,44413,86487,1018.85,completed,online,2025-09-21,NO
2518,5416,86747,303.52,failed,online,2025-09-21,NO
1,45955,93707,481.03,failed,online,2025-09-21,NO
1818,3473,97260,32.54,completed,online,2025-09-21,NO
3912,24727,97449,1726.47,failed,online,2025-09-21,NO
2789,34560,97484,727.83,completed,online,2025-09-21,NO
2273,24960,97812,1055.53,failed,online,2025-09-21,NO
3315,23916,98365,1831.12,failed,online,2025-09-21,NO
4401,18928,98981,1140.28,failed,online,2025-09-21,NO
1540,34396,99607,1456.1,failed,online,2025-09-21,NO
4792,40147,102926,773.63,completed,online,2025-09-21,NO
3131,1838,103031,1653.21,failed,online,2025-09-21,NO
2781,23112,103507,1490.41,completed,online,2025-09-21,NO
1825,11190,106027,277.13,failed,online,2025-09-21,NO
1388,40262,107109,245.54,failed,online,2025-09-21,NO
2272,6928,107335,1958.62,completed,online,2025-09-21,NO
4536,49020,112693,233.99,failed,online,2025-09-21,NO
1345,37805,113178,696.46,failed,online,2025-09-21,NO
1,10331,113593,1494.78,completed,online,2025-09-21,NO
522,959,115649,506.57,failed,online,2025-09-21,NO
4021,5353,119020,556.86,failed,online,2025-09-21,NO
3284,19608,125132,486.17,failed,online,2025-09-21,NO
3192,9111,131059,1403.76,failed,online,2025-09-21,NO
1875,27382,134039,691.63,completed,online,2025-09-21,NO
3216,8827,136822,961.43,completed,online,2025-09-21,NO
1,47241,137407,8599.568810449466,failed,online,2025-09-21,NO
1117,25414,140238,1397.31,failed,online,2025-09-21,NO
1,26898,140892,1163.31,completed,online,2025-09-21,NO
2062,24273,145812,256.7,failed,online,2025-09-21,NO
1568,304,146132,449.52,completed,UNKNOWN,2025-09-21,NO
481,21208,146563,1960.78,completed,online,2025-09-21,NO
3214,14745,955,9712.650668244154,completed,online,2025-01-26,NO
3313,28664,1510,1509.14,completed,online,2025-01-26,NO
1412,35467,1723,560.25,failed,online,2025-01-26,NO
2198,12280,3140,35.75,completed,online,2025-01-26,NO
3755,49036,3579,1852.47,failed,online,2025-01-26,NO
2413,15299,5300,1945.46,completed,online,2025-01-26,NO
2469,33824,8399,747.51,failed,online,2025-01-26,NO
1,36110,11883,1478.34,failed,online,2025-01-26,NO
2442,34947,14278,508.92,completed,online,2025-01-26,NO
3010,42,14336,467.81,failed,online,2025-01-26,NO
68,38760,14775,960.98,completed,online,2025-01-26,NO
1,46068,16532,16.21,failed,online,2025-01-26,NO
233,48560,18798,129.48,completed,online,2025-01-26,NO
1,7159,18979,982.71,failed,online,2025-01-26,NO
2569,8010,20724,1747.3,failed,online,2025-01-26,NO
2023,12740,23505,143.31,failed,online,2025-01-26,NO
1,23504,24612,1627.78,failed,online,2025-01-26,NO
3694,19417,26379,1369.3,failed,online,2025-01-26,NO
3910,48882,26949,1486.88,failed,online,2025-01-26,NO
799,4386,27837,699.55,failed,online,2025-01-26,NO
4013,42565,27977,1249.08,failed,online,2025-01-26,NO
4554,41139,27978,925.28,failed,online,2025-01-26,NO
1,43888,30517,1346.34,failed,online,2025-01-26,NO
4233,36622,32781,612.21,completed,online,2025-01-26,NO
3391,40837,34761,431.69,completed,online,2025-01-26,NO
1,14812,36977,409.53,failed,online,2025-01-26,NO
117,11031,38855,5665.940966346687,failed,online,2025-01-26,NO
4489,7712,40631,1722.02,completed,online,2025-01-26,NO
1313,34626,41068,785.48,failed,online,2025-01-26,NO
1,29254,41946,559.87,failed,online,2025-01-26,NO
1775,15429,46621,1774.37,failed,UNKNOWN,2025-01-26,NO
4794,6751,47186,420.54,failed,online,2025-01-26,NO
1,37922,50003,1291.48,failed,online,2025-01-26,NO
2871,31835,51467,149.32,completed,online,2025-01-26,NO
1168,15162,52627,18.68,completed,online,2025-01-26,NO
3160,27845,53108,1085.18,failed,online,2025-01-26,NO
3376,49440,53528,1151.88,failed,online,2025-01-26,NO
4760,2592,54125,677.71,failed,online,2025-01-26,NO
1,33686,56371,1636.27,failed,online,2025-01-26,NO
2576,3805,59476,1675.62,failed,online,2025-01-26,NO
2222,28358,60815,271.48,completed,online,2025-01-26,NO
1053,32435,61145,1450.3,completed,online,2025-01-26,NO
250,15876,62256,417.29,completed,online,2025-01-26,NO
1687,40564,62826,173.99,completed,online,2025-01-26,NO
2181,12883,65037,906.82,failed,online,2025-01-26,NO
4218,24683,65570,638.12,completed,online,2025-01-26,NO
815,2665,66138,1201.76,failed,online,2025-01-26,NO
1,569,69667,1142.95,failed,online,2025-01-26,NO
568,5970,71061,87.0,completed,online,2025-01-26,NO
2260,13246,71599,259.52,completed,online,2025-01-26,NO
3260,37613,72490,115.93,completed,online,2025-01-26,NO
1626,22210,79307,1944.05,failed,online,2025-01-26,NO
1,3236,79700,630.25,failed,online,2025-01-26,NO
2487,22435,81935,982.5,failed,online,2025-01-26,NO
3922,16688,82454,1656.94,failed,online,2025-01-26,NO
3795,23563,87349,1438.48,completed,online,2025-01-26,NO
2319,14139,88166,708.35,failed,online,2025-01-26,NO
527,20591,88571,1121.34,failed,online,2025-01-26,NO
1750,14104,89201,1909.66,failed,online,2025-01-26,NO
116,43115,91678,156.39,completed,online,2025-01-26,NO
1,38959,93308,241.98,completed,online,2025-01-26,NO
3226,34989,94041,1059.31,failed,online,2025-01-26,NO
3033,4889,95477,1102.5,completed,online,2025-01-26,NO
4597,16206,97608,483.08,completed,online,2025-01-26,NO
2899,8331,98184,999.29,failed,online,2025-01-26,NO
590,35258,99806,1038.51,failed,online,2025-01-26,NO
1,1098,103849,699.68,failed,online,2025-01-26,NO
1,2546,105109,496.21,failed,online,2025-01-26,NO
2147,39606,107698,1497.17,failed,online,2025-01-26,NO
3070,47630,108452,1864.89,failed,online,2025-01-26,NO
1714,3417,109442,1597.76,failed,online,2025-01-26,NO
643,5736,110868,801.02,completed,online,2025-01-26,NO
2763,33500,110882,1138.36,completed,online,2025-01-26,NO
1,19956,111087,78.91,failed,online,2025-01-26,NO
4267,9381,114741,913.92,completed,online,2025-01-26,NO
822,14567,116054,1409.06,completed,online,2025-01-26,NO
1292,9473,116494,1395.74,failed,online,2025-01-26,NO
1306,39080,119166,1732.01,completed,online,2025-01-26,NO
1667,42423,124696,710.67,failed,online,2025-01-26,NO
4953,12170,126682,1336.5,completed,online,2025-01-26,NO
4612,49124,128720,459.55,completed,online,2025-01-26,NO
1,21512,129222,1087.05,completed,online,2025-01-26,NO
1,43267,134953,814.23,failed,online,2025-01-26,NO
981,32566,136401,1759.74,completed,online,2025-01-26,NO
2196,17063,137352,98.76,completed,online,2025-01-26,NO
170,29130,139229,356.92,failed,online,2025-01-26,NO
3363,25182,141120,1890.5,completed,online,2025-01-26,NO
1,29053,144075,7342.842743745752,failed,online,2025-01-26,NO
3932,29053,145288,1078.93,completed,online,2025-01-26,NO
1,31332,149029,1789.37,completed,online,2025-01-26,NO
3565,12977,149732,1021.12,failed,online,2025-01-26,NO
3572,28948,1886,933.16,completed,online,2025-04-01,NO
1,46027,3577,1396.61,failed,online,2025-04-01,NO
3685,1540,5787,485.49,completed,online,2025-04-01,NO
2240,15663,6476,403.72,failed,online,2025-04-01,NO
155,43870,6937,1370.82,failed,online,2025-04-01,NO
1,16911,8090,1242.39,failed,UNKNOWN,2025-04-01,NO
4270,45679,8460,244.93,failed,online,2025-04-01,NO
4669,17824,10635,1834.69,completed,online,2025-04-01,NO
4165,22848,18496,534.01,failed,online,2025-04-01,NO
4178,41567,19448,1365.35,completed,online,2025-04-01,NO
4621,524,20672,1794.57,failed,online,2025-04-01,NO
1,44198,20810,1775.49,failed,online,2025-04-01,NO
2657,25915,21232,887.95,completed,online,2025-04-01,NO
1,40161,21312,99.75,completed,online,2025-04-01,NO
3899,25591,22616,1544.31,completed,online,2025-04-01,NO
3251,14567,22802,739.1,failed,online,2025-04-01,NO
1286,41528,26155,1130.84,failed,online,2025-04-01,NO
3928,1851,33403,591.65,completed,online,2025-04-01,NO
1318,14086,33842,674.6,failed,online,2025-04-01,NO
2380,38,34295,1027.76,failed,online,2025-04-01,NO
2024,23991,36802,1880.26,failed,online,2025-04-01,NO
2466,17895,37268,719.19,failed,online,2025-04-01,NO
1553,17452,38779,549.22,completed,online,2025-04-01,NO
1,16951,38868,188.12,completed,online,2025-04-01,NO
1,45510,41370,1701.97,completed,online,2025-04-01,NO
1,5671,43859,1742.26,failed,online,2025-04-01,NO
993,27981,47076,144.06,failed,online,2025-04-01,NO
2335,21329,49032,1015.7,completed,online,2025-04-01,NO
1273,19707,49881,682.82,completed,online,2025-04-01,NO
3242,43302,51070,948.49,completed,online,2025-04-01,NO
3555,46056,51647,1020.4,failed,online,2025-04-01,NO
4764,45446,53578,1736.65,failed,online,2025-04-01,NO
1830,15583,55193,770.28,failed,online,2025-04-01,NO
1,47838,56165,654.6,failed,online,2025-04-01,NO
4361,7133,59161,342.69,completed,online,2025-04-01,NO
4567,36538,60207,1966.15,failed,online,2025-04-01,NO
1,34152,60771,698.26,completed,UNKNOWN,2025-04-01,NO
4645,25214,70594,1444.12,failed,online,2025-04-01,NO
1,16018,70713,1277.99,completed,online,2025-04-01,NO
1300,37989,71572,1415.37,failed,online,2025-04-01,NO
4575,7105,71606,1800.12,completed,online,2025-04-01,NO
1,39694,72050,81.96,completed,online,2025-04-01,NO
3016,5264,72406,1631.25,failed,online,2025-04-01,NO
4186,49645,73646,341.75,failed,online,2025-04-01,NO
1958,39831,77488,142.33,failed,online,2025-04-01,NO
2086,49386,78202,1794.38,completed,online,2025-04-01,NO
3874,11224,79222,985.11,failed,online,2025-04-01,NO
855,44294,80011,868.85,completed,online,2025-04-01,NO
1,32997,81176,779.54,completed,online,2025-04-01,NO
2043,23538,81236,344.52,completed,online,2025-04-01,NO
404,10615,81260,1349.8,failed,online,2025-04-01,NO
1784,20495,81269,1396.94,failed,online,2025-04-01,NO
1,34459,83878,1435.65,completed,online,2025-04-01,NO
365,19427,84598,375.37,completed,online,2025-04-01,NO
645,28520,86171,250.57,completed,online,2025-04-01,NO
813,39850,87111,528.59,failed,online,2025-04-01,NO
1,34525,90393,242.82,completed,online,2025-04-01,NO
3110,14371,93968,634.11,completed,online,2025-04-01,NO
4390,21134,94219,1477.44,completed,online,2025-04-01,NO
3393,21384,94379,972.3,failed,online,2025-04-01,NO
1691,1451,97587,1573.02,completed,online,2025-04-01,NO
1,36091,100236,542.95,failed,online,2025-04-01,NO
3570,2339,101128,659.77,failed,online,2025-04-01,NO
1,22968,101667,1172.72,completed,online,2025-04-01,NO
2744,34848,101998,1019.06,completed,online,2025-04-01,NO
1003,20203,102188,1112.64,completed,online,2025-04-01,NO
4364,48021,102311,429.25,failed,online,2025-04-01,NO
3069,33043,106976,855.84,failed,online,2025-04-01,NO
934,27652,108427,108.01,completed,online,2025-04-01,NO
3800,41964,108572,1883.25,completed,online,2025-04-01,NO
1,25895,110296,1190.29,completed,online,2025-04-01,NO
3319,36487,110952,410.89,failed,online,2025-04-01,NO
1,34604,111730,151.35,failed,online,2025-04-01,NO
2332,37393,118877,599.77,completed,online,2025-04-01,NO
1,18425,124124,1581.09,failed,online,2025-04-01,NO
2665,17644,125562,1916.12,failed,online,2025-04-01,NO
1,45064,127737,852.38,completed,online,2025-04-01,NO
1023,7596,131122,1567.52,completed,online,2025-04-01,NO
1,18101,131137,239.58,completed,online,2025-04-01,NO
687,42395,133291,1854.97,failed,online,2025-04-01,NO
661,29220,134123,1557.24,completed,online,2025-04-01,NO
3674,48917,134308,1965.78,completed,online,2025-04-01,NO
3301,25424,134475,774.04,completed,online,2025-04-01,NO
3378,26826,141631,662.18,completed,online,2025-04-01,NO
3070,23910,142795,1250.96,failed,online,2025-04-01,NO
4321,43169,144430,1124.47,failed,online,2025-04-01,NO
1,18997,145168,1840.81,failed,online,2025-04-01,NO
1,31023,145889,1340.0,failed,online,2025-04-01,NO
4299,11898,146131,787.84,failed,online,2025-04-01,NO
1,42516,148741,697.31,completed,online,2025-04-01,NO
2814,17155,149034,328.26,failed,online,2025-04-01,NO
1,6320,2744,933.86,failed,online,2025-11-21,NO
1296,14466,3275,130.09,failed,online,2025-11-21,NO
3430,48749,6281,1446.22,completed,online,2025-11-21,NO
1003,37734,11238,1056.94,failed,online,2025-11-21,NO
3262,13155,11528,1643.36,failed,online,2025-11-21,NO
1634,22664,13042,610.69,completed,online,2025-11-21,NO
3875,47432,13744,1998.39,failed,online,2025-11-21,NO
1,11288,16620,1568.09,failed,online,2025-11-21,NO
3103,38191,18280,638.66,completed,online,2025-11-21,NO
1,12787,19447,362.94,completed,online,2025-11-21,NO
4818,45272,19673,910.85,completed,online,2025-11-21,NO
3869,38692,20725,52.8,failed,online,2025-11-21,NO
1231,16380,21180,424.17,failed,online,2025-11-21,NO
1902,35971,24824,995.22,failed,online,2025-11-21,NO
2063,48957,25396,348.93,failed,online,2025-11-21,NO
2189,8073,26786,159.17,failed,online,2025-11-21,NO
4513,20068,30216,1092.48,completed,online,2025-11-21,NO
1,3089,30474,186.93,completed,online,2025-11-21,NO
1220,17853,30501,933.6,failed,online,2025-11-21,NO
2185,8755,33377,1537.31,completed,online,2025-11-21,NO
164,115,35416,1011.34,completed,online,2025-11-21,NO
3498,21914,41100,1349.36,completed,online,2025-11-21,NO
3211,7959,41992,226.6,failed,online,2025-11-21,NO
1793,40207,44455,1584.49,completed,online,2025-11-21,NO
2209,3070,44960,540.39,completed,online,2025-11-21,NO
2374,8816,46551,1591.35,failed,online,2025-11-21,NO
1,38988,46727,60.47,completed,online,2025-11-21,NO
2863,28814,48081,1420.13,failed,online,2025-11-21,NO
1,8244,49778,1346.33,completed,online,2025-11-21,NO
3855,37823,50131,179.8,failed,online,2025-11-21,NO
2019,34033,51744,598.32,completed,online,2025-11-21,NO
5,6676,52953,1370.53,failed,online,2025-11-21,NO
1745,5407,55624,1144.71,completed,online,2025-11-21,NO
950,28900,59105,1471.95,failed,online,2025-11-21,NO
203,4667,59106,653.63,failed,online,2025-11-21,NO
2854,34728,59112,566.2,failed,online,2025-11-21,NO
3475,32156,59451,144.7,completed,online,2025-11-21,NO
1,19810,59946,1004.15,completed,online,2025-11-21,NO
2845,14661,61816,1579.61,completed,online,2025-11-21,NO
2491,45003,62267,37.94,failed,online,2025-11-21,NO
1,28918,66170,7966.048704858702,failed,online,2025-11-21,NO
548,35976,66954,340.52,completed,online,2025-11-21,NO
1,49412,67660,71.46,completed,online,2025-11-21,NO
3444,21023,68930,1592.4,completed,online,2025-11-21,NO
2093,32344,70178,1778.0,failed,online,2025-11-21,NO
1,27410,73737,252.5,completed,online,2025-11-21,NO
1,28703,75834,1735.79,completed,online,2025-11-21,NO
3692,8157,77005,1670.41,completed,online,2025-11-21,NO
4752,10810,77997,766.01,completed,online,2025-11-21,NO
2680,40361,80972,20.25,failed,online,2025-11-21,NO
3664,39146,81239,344.01,failed,online,2025-11-21,NO
1,49606,84787,564.73,completed,online,2025-11-21,NO
1,38764,86272,84.31,completed,online,2025-11-21,NO
1,33468,87990,613.65,completed,online,2025-11-21,NO
2462,28835,90521,1803.61,failed,UNKNOWN,2025-11-21,NO
1,39027,91496,513.12,failed,online,2025-11-21,NO
2986,12812,92708,903.2,completed,online,2025-11-21,NO
490,22909,93730,1981.42,completed,online,2025-11-21,NO
1,38746,94498,645.68,failed,online,2025-11-21,NO
764,16381,95880,1216.91,failed,online,2025-11-21,NO
486,44000,97975,1651.79,completed,online,2025-11-21,NO
1,43030,98548,1123.19,completed,online,2025-11-21,NO
903,43454,98911,1931.8,failed,online,2025-11-21,NO
1215,37538,99895,241.74,completed,online,2025-11-21,NO
3155,15743,101135,1011.99,completed,online,2025-11-21,NO
4932,31269,102013,482.37,failed,online,2025-11-21,NO
293,1955,103197,61.85,completed,online,2025-11-21,NO
1224,35649,104166,1384.68,failed,online,2025-11-21,NO
2201,49590,106565,580.0,failed,online,2025-11-21,NO
661,10503,107683,1786.45,failed,online,2025-11-21,NO
942,23773,108601,582.08,failed,online,2025-11-21,NO
4712,6962,113420,947.68,completed,online,2025-11-21,NO
2896,25382,113795,279.1,completed,online,2025-11-21,NO
728,45127,118000,84.94,failed,online,2025-11-21,NO
1992,26125,118056,677.63,completed,online,2025-11-21,NO
2661,45737,118253,525.7,failed,online,2025-11-21,NO
2488,26597,122510,710.41,completed,online,2025-11-21,NO
1,47270,129594,1310.45,failed,online,2025-11-21,NO
1,16813,130736,88.08,completed,online,2025-11-21,NO
4808,33232,133530,211.83,completed,online,2025-11-21,NO
4972,40054,136109,749.91,failed,online,2025-11-21,NO
1,39773,136395,1335.77,failed,online,2025-11-21,NO
45,38168,140051,1040.29,completed,online,2025-11-21,NO
3534,27556,144559,1527.13,completed,online,2025-11-21,NO
1,14788,144568,522.56,completed,online,2025-11-21,NO
2493,22069,145492,1750.59,completed,online,2025-11-21,NO
1869,19834,146535,644.47,failed,online,2025-11-21,NO
3451,22578,148921,1492.92,completed,online,2025-11-21,NO
2650,15578,149657,440.2,completed,online,2025-11-21,NO
683,19913,149776,983.67,failed,online,2025-11-21,NO
1629,44099,149871,1012.62,failed,online,2025-11-21,NO
83,34667,2737,608.1,completed,online,2025-12-29,NO
1,44444,2806,907.9,failed,online,2025-12-29,NO
3160,31620,3004,834.97,completed,online,2025-12-29,NO
2584,38147,3915,1160.25,completed,online,2025-12-29,NO
2647,33640,8837,149.68,completed,online,2025-12-29,NO
1664,41063,11173,1466.27,completed,online,2025-12-29,NO
2763,49124,11576,886.49,completed,online,2025-12-29,NO
1589,4845,11850,1443.11,failed,online,2025-12-29,NO
3131,29389,12427,1993.37,completed,online,2025-12-29,NO
1391,48776,12699,1924.24,completed,online,2025-12-29,NO
3149,25656,13846,912.45,completed,online,2025-12-29,NO
4589,221,13871,1972.92,failed,online,2025-12-29,NO
1,12292,14651,167.05,failed,online,2025-12-29,NO
2892,28287,15692,1021.57,completed,online,2025-12-29,NO
3686,47501,16607,66.7,failed,online,2025-12-29,NO
1802,23009,16906,1377.49,completed,online,2025-12-29,NO
3394,22317,17832,403.98,failed,online,2025-12-29,NO
1123,17231,17936,373.71,completed,online,2025-12-29,NO
2578,1652,19430,1423.47,failed,online,2025-12-29,NO
1011,404,20392,682.44,failed,online,2025-12-29,NO
4099,11154,21836,1725.0,completed,online,2025-12-29,NO
3064,38141,23937,253.58,completed,online,2025-12-29,NO
1,5322,26569,859.09,failed,online,2025-12-29,NO
4917,11833,28506,1173.79,completed,online,2025-12-29,NO
2879,30082,33635,1177.24,completed,online,2025-12-29,NO
4580,28835,34922,1419.95,failed,online,2025-12-29,NO
250,31362,38572,374.36,failed,online,2025-12-29,NO
326,11113,38577,1912.37,completed,online,2025-12-29,NO
1249,32300,43919,314.33,completed,online,2025-12-29,NO
2705,12385,44990,731.95,completed,online,2025-12-29,NO
2892,12331,47305,1672.63,failed,online,2025-12-29,NO
2380,38966,49398,556.78,failed,online,2025-12-29,NO
721,38151,53606,1407.29,failed,online,2025-12-29,NO
3217,27343,54394,1038.86,failed,online,2025-12-29,NO
1,31119,55025,1656.31,completed,online,2025-12-29,NO
3764,33898,55418,806.81,failed,online,2025-12-29,NO
1574,13924,59056,1379.25,completed,online,2025-12-29,NO
4433,30704,60585,934.55,failed,online,2025-12-29,NO
1051,21375,61061,956.05,completed,online,2025-12-29,NO
4427,5285,63208,1011.42,failed,online,2025-12-29,NO
359,36373,65614,1213.71,completed,online,2025-12-29,NO
2097,31490,70412,934.03,failed,online,2025-12-29,NO
2803,41974,70872,1152.89,failed,online,2025-12-29,NO
1,39377,70978,1770.44,completed,online,2025-12-29,NO
252,32593,71553,177.2,completed,online,2025-12-29,NO
3457,4070,73544,1781.52,completed,online,2025-12-29,NO
4003,19231,74751,748.02,completed,online,2025-12-29,NO
461,21262,76820,180.58,completed,online,2025-12-29,NO
4715,16271,79875,93.68,failed,UNKNOWN,2025-12-29,NO
1302,28545,81689,1627.72,failed,online,2025-12-29,NO
1129,12189,82113,1360.86,completed,online,2025-12-29,NO
4573,23504,83210,1267.27,failed,online,2025-12-29,NO
4327,4503,83580,1127.15,failed,online,2025-12-29,NO
417,31226,84236,686.44,failed,online,2025-12-29,NO
4799,46951,85045,923.02,completed,online,2025-12-29,NO
3922,8212,85470,1361.23,completed,online,2025-12-29,NO
631,13171,87289,1757.06,failed,online,2025-12-29,NO
3327,44930,90533,1858.42,completed,online,2025-12-29,NO
2746,43076,92922,636.1,completed,online,2025-12-29,NO
3592,26774,93507,754.45,failed,online,2025-12-29,NO
4311,22911,97113,1658.37,failed,online,2025-12-29,NO
2113,16893,98743,1622.14,completed,online,2025-12-29,NO
3452,47760,101037,501.5,failed,online,2025-12-29,NO
4962,16792,103675,1975.93,failed,online,2025-12-29,NO
4208,10157,103682,1188.98,failed,online,2025-12-29,NO
2272,3144,108353,1347.44,failed,online,2025-12-29,NO
3266,5314,108634,1463.98,failed,online,2025-12-29,NO
653,32145,108677,246.42,failed,online,2025-12-29,NO
4430,37404,109265,456.29,completed,online,2025-12-29,NO
4279,5939,113985,1131.34,failed,online,2025-12-29,NO
1128,22912,116165,1454.09,completed,online,2025-12-29,NO
2233,46775,116440,32.58,completed,online,2025-12-29,NO
2297,31809,117528,699.1,completed,online,2025-12-29,NO
3223,28731,119108,820.03,failed,online,2025-12-29,NO
1,20173,121918,1829.53,completed,online,2025-12-29,NO
2319,33297,126567,1695.77,completed,UNKNOWN,2025-12-29,NO
322,24470,126920,1887.84,failed,online,2025-12-29,NO
1,37030,128337,527.22,failed,online,2025-12-29,NO
1420,25019,128390,1265.5,failed,online,2025-12-29,NO
2561,43322,131165,1080.55,failed,online,2025-12-29,NO
4914,36747,131176,1628.7,failed,online,2025-12-29,NO
1,19891,131303,1906.6,completed,online,2025-12-29,NO
3972,24763,133673,1467.23,failed,online,2025-12-29,NO
2019,2334,134581,552.45,failed,online,2025-12-29,NO
4370,23372,138232,704.72,completed,online,2025-12-29,NO
3266,19662,139713,1559.14,completed,online,2025-12-29,NO
929,3458,141278,775.4,completed,online,2025-12-29,NO
404,6294,142155,512.55,failed,UNKNOWN,2025-12-29,NO
1,36096,143877,672.27,failed,online,2025-12-29,NO
1896,20072,144977,463.04,completed,online,2025-12-29,NO
4380,30633,751,1709.02,failed,UNKNOWN,2025-08-08,NO
4360,31777,2309,1642.64,failed,online,2025-08-08,NO
1056,24769,4503,1809.75,failed,online,2025-08-08,NO
2592,28577,6565,1952.43,failed,online,2025-08-08,NO
3059,44984,7163,1273.44,completed,online,2025-08-08,NO
470,7682,8540,1699.1,failed,online,2025-08-08,NO
1,36520,9487,896.14,completed,online,2025-08-08,NO
1,13664,10457,1537.81,failed,online,2025-08-08,NO
4556,16726,28460,1489.61,failed,online,2025-08-08,NO
1,7023,29403,1485.65,failed,online,2025-08-08,NO
328,25351,31329,678.68,completed,online,2025-08-08,NO
2197,35968,33760,1557.72,completed,online,2025-08-08,NO
3959,33247,34625,1410.07,completed,online,2025-08-08,NO
4002,31293,35176,591.73,completed,online,2025-08-08,NO
1686,8447,35766,1908.94,failed,online,2025-08-08,NO
77,33032,37611,1137.04,completed,UNKNOWN,2025-08-08,NO
3164,20605,41542,146.72,failed,online,2025-08-08,NO
1,47495,41648,1474.45,completed,online,2025-08-08,NO
1856,25211,43135,411.79,completed,online,2025-08-08,NO
1250,39528,48099,389.32,failed,online,2025-08-08,NO
1404,38209,49259,958.14,completed,online,2025-08-08,NO
1178,46707,52836,1813.74,failed,online,2025-08-08,NO
2726,37798,53269,256.79,completed,online,2025-08-08,NO
3152,45655,53964,313.09,completed,online,2025-08-08,NO
275,4020,54269,1714.85,failed,online,2025-08-08,NO
1538,34016,57944,309.03,failed,online,2025-08-08,NO
2484,45437,58432,1335.61,completed,online,2025-08-08,NO
2640,2926,58965,1103.78,failed,online,2025-08-08,NO
2586,5016,59174,1058.85,completed,online,2025-08-08,NO
1184,28567,61290,1443.7,completed,online,2025-08-08,NO
1308,35066,61547,1349.31,failed,online,2025-08-08,NO
4734,18143,63292,1977.41,failed,online,2025-08-08,NO
1,49440,64027,1350.64,failed,online,2025-08-08,NO
755,46675,64341,1621.81,completed,online,2025-08-08,NO
1,19991,65521,1190.85,completed,online,2025-08-08,NO
2518,33817,70148,1007.73,completed,online,2025-08-08,NO
1,13693,70976,1927.28,completed,online,2025-08-08,NO
1570,39757,71956,151.4,completed,online,2025-08-08,NO
1971,38743,72400,1171.13,failed,online,2025-08-08,NO
1138,5534,73057,714.98,failed,online,2025-08-08,NO
1,3405,74331,834.99,failed,online,2025-08-08,NO
2977,35282,74599,330.96,completed,online,2025-08-08,NO
583,22326,78197,1123.84,failed,online,2025-08-08,NO
468,409,82503,277.4,failed,online,2025-08-08,NO
462,21382,85361,587.62,completed,online,2025-08-08,NO
4708,28919,88416,808.66,failed,UNKNOWN,2025-08-08,NO
4991,19287,90045,1230.28,completed,online,2025-08-08,NO
4688,41450,91072,96.91,failed,online,2025-08-08,NO
4982,48680,93115,1020.6,failed,online,2025-08-08,NO
4067,8935,94401,550.06,failed,online,2025-08-08,NO
4458,3461,96594,1978.27,failed,online,2025-08-08,NO
1,19373,97294,1273.08,failed,online,2025-08-08,NO
4446,15658,101481,666.47,completed,online,2025-08-08,NO
3886,36142,102040,178.12,completed,online,2025-08-08,NO
3423,33212,106335,608.96,completed,online,2025-08-08,NO
1,19483,108199,66.96,completed,online,2025-08-08,NO
2951,3235,108252,1309.36,failed,online,2025-08-08,NO
1689,29646,108611,626.61,completed,online,2025-08-08,NO
3463,25491,110151,1202.12,completed,online,2025-08-08,NO
4900,9354,110800,243.75,failed,online,2025-08-08,NO
3670,27964,111063,963.79,completed,online,2025-08-08,NO
4982,9888,112740,1601.24,completed,online,2025-08-08,NO
546,2792,114709,868.01,failed,online,2025-08-08,NO
4463,31625,115251,537.66,completed,online,2025-08-08,NO
1302,37024,116447,1470.47,completed,online,2025-08-08,NO
1744,258,118600,602.28,failed,online,2025-08-08,NO
1,25387,118623,1813.64,failed,online,2025-08-08,NO
764,25208,118702,1780.05,failed,online,2025-08-08,NO
2355,22319,119592,1974.38,failed,online,2025-08-08,NO
1,7292,119904,157.56,completed,online,2025-08-08,NO
1,25208,121483,283.69,failed,online,2025-08-08,NO
1,1,124246,1204.48,completed,online,2025-08-08,NO
1,17986,124599,1121.43,failed,online,2025-08-08,NO
3922,16624,125005,705.39,completed,online,2025-08-08,NO
1,5991,125604,1616.86,completed,online,2025-08-08,NO
4946,10925,126392,412.65,completed,online,2025-08-08,NO
3198,15380,130060,1949.28,completed,online,2025-08-08,NO
1210,34439,133451,551.67,failed,online,2025-08-08,NO
2076,32158,137474,9936.311757725009,completed,online,2025-08-08,NO
3118,22863,138837,453.24,completed,online,2025-08-08,NO
3293,8168,138867,830.98,completed,online,2025-08-08,NO
684,21848,142164,1089.86,completed,online,2025-08-08,NO
1,42599,142367,1227.01,completed,online,2025-08-08,NO
3961,23384,143066,346.36,completed,online,2025-08-08,NO
1319,46641,143846,1037.38,failed,online,2025-08-08,NO
4919,45709,145360,304.27,failed,online,2025-08-08,NO
1023,21036,146062,1047.47,completed,online,2025-08-08,NO
2499,32832,146233,1226.91,failed,online,2025-08-08,NO
1642,19240,147597,1794.16,failed,UNKNOWN,2025-08-08,NO
1,39611,148328,283.43,failed,online,2025-08-08,NO
2116,43836,551,1897.66,completed,online,2025-08-09,NO
2761,31656,825,83.64,completed,online,2025-08-09,NO
956,14713,1572,879.63,completed,online,2025-08-09,NO
2223,49034,1744,1873.75,failed,online,2025-08-09,NO
1494,3413,2208,1328.3,completed,online,2025-08-09,NO
1767,25633,3227,1208.83,completed,online,2025-08-09,NO
1,46319,4856,808.06,completed,online,2025-08-09,NO
1316,6942,5275,512.2,completed,online,2025-08-09,NO
3484,32135,6614,248.52,failed,online,2025-08-09,NO
2412,21951,7104,1708.26,failed,online,2025-08-09,NO
2886,22810,9457,1616.29,failed,online,2025-08-09,NO
4457,32054,12040,128.48,completed,online,2025-08-09,NO
2064,42617,12991,294.26,completed,online,2025-08-09,NO
3411,36120,15334,140.08,completed,online,2025-08-09,NO
1,43230,16149,1947.67,completed,online,2025-08-09,NO
3353,11917,16478,821.76,completed,online,2025-08-09,NO
4355,7223,21811,1507.96,completed,online,2025-08-09,NO
3435,25484,24172,108.08,completed,online,2025-08-09,NO
4839,17669,24615,1789.03,failed,online,2025-08-09,NO
519,49809,29137,67.05,failed,online,2025-08-09,NO
4094,45163,29666,1246.78,completed,online,2025-08-09,NO
2354,40592,30062,1386.91,completed,online,2025-08-09,NO
4775,24806,32462,25.72,completed,online,2025-08-09,NO
1793,29890,32558,38.55,completed,online,2025-08-09,NO
1,35378,35418,1554.9,failed,online,2025-08-09,NO
1344,32315,37477,1755.9,failed,online,2025-08-09,NO
2237,14691,40129,1838.23,failed,online,2025-08-09,NO
1,25295,40562,1081.9,completed,UNKNOWN,2025-08-09,NO
237,44072,42245,117.75,completed,online,2025-08-09,NO
4824,34517,45320,549.25,failed,online,2025-08-09,NO
1,48303,46717,211.29,failed,online,2025-08-09,NO
81,19659,46813,1369.14,failed,online,2025-08-09,NO
4295,35246,47410,43.28,failed,online,2025-08-09,NO
668,20263,47933,625.31,completed,online,2025-08-09,NO
2533,7932,50387,1979.37,completed,online,2025-08-09,NO
4055,9048,50866,63.14,completed,online,2025-08-09,NO
1,29105,52603,865.9,completed,online,2025-08-09,NO
279,8614,53621,1066.05,completed,online,2025-08-09,NO
1170,39195,56884,1028.21,failed,online,2025-08-09,NO
1,11652,58362,1418.98,completed,online,2025-08-09,NO
2049,25953,59941,74.42,completed,online,2025-08-09,NO
4310,17650,60892,222.85,failed,online,2025-08-09,NO
3957,35854,61341,855.11,failed,online,2025-08-09,NO
134,31698,64089,117.14,failed,online,2025-08-09,NO
1,30297,64147,1697.29,completed,online,2025-08-09,NO
1637,21877,64491,560.35,completed,online,2025-08-09,NO
995,5900,64548,1294.19,failed,online,2025-08-09,NO
3076,26486,66391,1171.75,completed,online,2025-08-09,NO
2552,40775,67518,1331.43,failed,online,2025-08-09,NO
1069,4337,67537,1060.09,completed,online,2025-08-09,NO
4861,38691,71235,613.59,completed,online,2025-08-09,NO
1825,30054,72759,1427.16,failed,online,2025-08-09,NO
1,46514,75718,1049.51,failed,online,2025-08-09,NO
1706,26750,76850,123.79,completed,online,2025-08-09,NO
1701,46058,77375,6818.130108904959,completed,online,2025-08-09,NO
3135,45366,77726,540.12,failed,online,2025-08-09,NO
4380,48505,77829,1402.95,failed,online,2025-08-09,NO
1125,21785,78571,581.23,completed,online,2025-08-09,NO
2156,5272,81352,782.79,completed,online,2025-08-09,NO
817,49762,85012,1249.82,failed,online,2025-08-09,NO
1,39110,87006,507.35,failed,online,2025-08-09,NO
490,35974,91126,1837.91,failed,online,2025-08-09,NO
978,29240,95197,1735.93,failed,online,2025-08-09,NO
3140,39634,95396,1886.66,completed,online,2025-08-09,NO
1450,1984,101641,556.12,completed,online,2025-08-09,NO
4405,39116,101702,753.41,failed,online,2025-08-09,NO
2040,39107,103402,1447.65,completed,online,2025-08-09,NO
2031,3722,106764,425.12,completed,online,2025-08-09,NO
3922,13141,108506,1638.08,failed,online,2025-08-09,NO
2108,34069,109111,939.73,failed,online,2025-08-09,NO
1121,39245,110795,1830.31,completed,online,2025-08-09,NO
3208,30539,110837,491.95,completed,online,2025-08-09,NO
1,38149,111090,1431.77,failed,online,2025-08-09,NO
2953,42222,112538,1714.87,completed,online,2025-08-09,NO
1495,33604,117264,891.63,failed,online,2025-08-09,NO
2002,35313,120505,1533.04,completed,online,2025-08-09,NO
2368,24956,122330,1687.79,completed,online,2025-08-09,NO
1,19453,126601,1578.67,failed,online,2025-08-09,NO
2014,22231,127647,477.15,completed,online,2025-08-09,NO
1,37771,127927,896.31,failed,online,2025-08-09,NO
4974,7310,128891,235.53,failed,online,2025-08-09,NO
2290,38839,130884,258.65,completed,online,2025-08-09,NO
2231,41361,131491,745.41,failed,online,2025-08-09,NO
1,14783,133062,176.1,completed,online,2025-08-09,NO
983,25088,138055,766.56,failed,online,2025-08-09,NO
1,9520,139069,1453.64,completed,online,2025-08-09,NO
2915,36500,139476,1985.48,completed,online,2025-08-09,NO
4069,27688,140218,1381.93,failed,online,2025-08-09,NO
2292,14262,142331,915.24,failed,online,2025-08-09,NO
1471,24398,144996,1280.21,failed,online,2025-08-09,NO
2549,43825,337,798.51,completed,online,2025-05-01,NO
1,48667,1402,1683.75,completed,online,2025-05-01,NO
1,19597,2890,130.98,completed,online,2025-05-01,NO
3733,19972,4596,776.49,completed,online,2025-05-01,NO
3432,40012,7062,48.09,completed,online,2025-05-01,NO
1853,21392,8559,822.43,failed,online,2025-05-01,NO
1,33804,12354,434.56,completed,online,2025-05-01,NO
837,43372,12552,453.96,completed,online,2025-05-01,NO
2428,34900,13535,1983.3,failed,online,2025-05-01,NO
148,25344,13639,1983.86,completed,online,2025-05-01,NO
1545,31315,15456,486.31,completed,online,2025-05-01,NO
4640,38714,17951,1713.6,completed,online,2025-05-01,NO
2809,22335,20576,1702.53,failed,online,2025-05-01,NO
1,49231,22790,1169.42,failed,online,2025-05-01,NO
4238,29315,23427,1823.56,failed,online,2025-05-01,NO
2840,36046,25792,1354.23,failed,online,2025-05-01,NO
1,10516,25994,735.86,completed,online,2025-05-01,NO
3181,17815,27220,1261.03,completed,online,2025-05-01,NO
68,23932,29372,496.39,failed,online,2025-05-01,NO
480,26253,30604,1795.67,completed,online,2025-05-01,NO
1213,46047,32927,1592.7,completed,online,2025-05-01,NO
1229,23261,33173,1239.14,failed,online,2025-05-01,NO
4536,3284,33439,417.53,failed,online,2025-05-01,NO
3557,32612,33829,1603.54,failed,online,2025-05-01,NO
4574,10793,36398,1300.83,failed,online,2025-05-01,NO
615,17273,36683,1333.89,failed,UNKNOWN,2025-05-01,NO
2273,46453,39277,393.97,completed,online,2025-05-01,NO
2372,21475,39498,1755.95,failed,online,2025-05-01,NO
2385,6800,40778,1838.8,failed,online,2025-05-01,NO
3885,9474,42695,1070.87,completed,online,2025-05-01,NO
1283,22713,42811,1305.45,failed,online,2025-05-01,NO
3943,43215,48381,348.17,completed,online,2025-05-01,NO
1961,27419,48752,1189.12,failed,online,2025-05-01,NO
702,6752,49013,1035.13,failed,online,2025-05-01,NO
4082,6961,50080,1563.53,completed,online,2025-05-01,NO
4508,31491,53171,981.97,completed,online,2025-05-01,NO
1,8307,56602,1579.59,failed,online,2025-05-01,NO
390,25116,57420,1349.82,failed,online,2025-05-01,NO
1,17515,58989,95.05,failed,online,2025-05-01,NO
1,47787,62000,466.04,failed,online,2025-05-01,NO
1,44591,63455,1744.63,completed,online,2025-05-01,NO
941,12294,65171,913.19,completed,online,2025-05-01,NO
4469,42505,65697,992.36,failed,online,2025-05-01,NO
2803,7825,66946,365.21,failed,online,2025-05-01,NO
2415,11406,67112,178.11,failed,online,2025-05-01,NO
1,31473,67307,781.07,completed,online,2025-05-01,NO
1724,29269,67491,1415.17,completed,online,2025-05-01,NO
1,30246,68429,253.24,completed,online,2025-05-01,NO
2823,46140,69443,1774.19,failed,online,2025-05-01,NO
1506,41669,69468,302.75,failed,online,2025-05-01,NO
2406,13262,71823,1750.85,failed,online,2025-05-01,NO
4644,16746,75942,416.82,completed,online,2025-05-01,NO
203,40202,76247,540.98,failed,online,2025-05-01,NO
2701,42069,82281,1381.22,failed,online,2025-05-01,NO
1,47813,83182,575.43,failed,online,2025-05-01,NO
2547,21051,84155,1689.66,failed,online,2025-05-01,NO
1847,8584,85685,1148.41,completed,online,2025-05-01,NO
2415,38468,86416,1719.5,completed,online,2025-05-01,NO
3437,35104,88134,647.47,completed,online,2025-05-01,NO
604,13574,88442,671.31,failed,online,2025-05-01,NO
1288,40663,89704,270.62,failed,online,2025-05-01,NO
2273,38914,90146,1206.87,completed,online,2025-05-01,NO
1801,19937,90731,448.66,failed,online,2025-05-01,NO
581,27827,91032,1831.94,completed,online,2025-05-01,NO
2525,17233,92003,225.29,failed,online,2025-05-01,NO
1,9903,98133,344.33,failed,online,2025-05-01,NO
1,2343,98856,1933.46,failed,UNKNOWN,2025-05-01,NO
4776,22323,100593,863.33,completed,online,2025-05-01,NO
20,30214,101158,1706.92,failed,online,2025-05-01,NO
2516,26755,105716,1514.03,completed,online,2025-05-01,NO
1424,6654,105876,435.7,failed,online,2025-05-01,NO
1986,9969,107317,1980.29,failed,online,2025-05-01,NO
3021,22247,108119,906.68,failed,online,2025-05-01,NO
631,31180,108142,1549.73,failed,online,2025-05-01,NO
1,49165,108282,157.16,failed,online,2025-05-01,NO
986,32336,109168,651.53,completed,online,2025-05-01,NO
2286,22827,115562,899.22,completed,online,2025-05-01,NO
2582,30377,118026,1270.11,completed,online,2025-05-01,NO
2954,41069,119782,395.55,completed,online,2025-05-01,NO
2796,22362,121270,147.75,completed,online,2025-05-01,NO
1,46141,127335,1354.71,completed,online,2025-05-01,NO
210,42919,131735,985.9,completed,online,2025-05-01,NO
2113,30031,132665,420.67,completed,online,2025-05-01,NO
839,21354,135064,60.5,completed,online,2025-05-01,NO
1495,7393,136746,65.51,failed,online,2025-05-01,NO
1,23336,136957,1101.4,failed,online,2025-05-01,NO
1,33402,137082,1117.94,completed,online,2025-05-01,NO
3178,29723,137604,784.99,failed,online,2025-05-01,NO
3501,24997,137755,674.33,failed,online,2025-05-01,NO
1691,22285,143090,1270.44,completed,online,2025-05-01,NO
759,48168,145098,1251.33,failed,online,2025-05-01,NO
1080,466,2299,612.48,completed,online,2025-06-12,NO
1,10538,3292,1494.95,failed,online,2025-06-12,NO
552,49277,6400,49.64,failed,online,2025-06-12,NO
1942,2653,8475,157.11,failed,online,2025-06-12,NO
2392,1347,11561,799.3,completed,online,2025-06-12,NO
4189,9198,12612,876.57,completed,online,2025-06-12,NO
2506,47917,14068,1467.23,completed,online,2025-06-12,NO
1743,10310,14678,797.55,failed,online,2025-06-12,NO
1,26875,14782,874.17,completed,online,2025-06-12,NO
4456,36066,20007,1061.51,completed,online,2025-06-12,NO
824,19136,21738,869.49,failed,online,2025-06-12,NO
3439,24929,22475,1436.36,completed,online,2025-06-12,NO
182,44825,23280,1568.66,failed,online,2025-06-12,NO
3592,16483,24840,1112.75,failed,online,2025-06-12,NO
3751,30180,24976,336.01,failed,online,2025-06-12,NO
911,12355,25426,830.44,completed,online,2025-06-12,NO
1948,45153,27852,1854.22,failed,online,2025-06-12,NO
2272,29470,28897,1207.13,failed,online,2025-06-12,NO
761,39299,29747,1470.89,completed,online,2025-06-12,NO
1,19857,35018,66.08,completed,online,2025-06-12,NO
510,42488,35075,565.89,completed,online,2025-06-12,NO
4601,18167,36242,1007.58,completed,online,2025-06-12,NO
4525,38208,39364,841.72,failed,online,2025-06-12,NO
1763,41813,42851,40.5,failed,online,2025-06-12,NO
3667,42350,44281,172.71,failed,online,2025-06-12,NO
535,28253,45798,1305.52,failed,online,2025-06-12,NO
1494,2406,47769,845.49,failed,online,2025-06-12,NO
1,39094,49623,18.9,completed,UNKNOWN,2025-06-12,NO
1788,3637,49745,525.15,completed,online,2025-06-12,NO
613,4683,49875,1505.64,completed,online,2025-06-12,NO
1,13330,50240,1302.42,completed,online,2025-06-12,NO
1,39718,50976,113.02,completed,online,2025-06-12,NO
2871,42697,51404,91.33,failed,online,2025-06-12,NO
4907,41367,51848,1818.81,completed,online,2025-06-12,NO
1398,329,52743,321.33,failed,online,2025-06-12,NO
1560,58,53490,1236.82,failed,online,2025-06-12,NO
3201,47930,55240,1070.65,failed,online,2025-06-12,NO
3758,24853,55505,1388.02,completed,online,2025-06-12,NO
1,40068,56303,1774.84,failed,online,2025-06-12,NO
1057,14464,57680,297.27,failed,online,2025-06-12,NO
3269,31068,58047,1715.46,failed,online,2025-06-12,NO
1,25087,58524,1577.64,completed,online,2025-06-12,NO
2732,7200,60448,787.11,failed,online,2025-06-12,NO
4364,2488,60685,1725.65,completed,online,2025-06-12,NO
2716,35955,61853,717.13,failed,online,2025-06-12,NO
2347,27,64503,1103.04,failed,online,2025-06-12,NO
2352,27933,66343,925.23,failed,online,2025-06-12,NO
2592,39616,66586,1728.27,failed,online,2025-06-12,NO
1,16551,67718,485.45,failed,online,2025-06-12,NO
4606,30962,73761,1324.08,failed,online,2025-06-12,NO
4181,43317,73828,1158.2,failed,online,2025-06-12,NO
1,8519,75233,1788.78,completed,online,2025-06-12,NO
1947,3870,77081,1924.48,completed,online,2025-06-12,NO
2931,35934,82462,1460.19,completed,online,2025-06-12,NO
3934,30766,83342,1586.57,completed,online,2025-06-12,NO
933,25970,86038,391.6,completed,online,2025-06-12,NO
2846,44128,87583,103.32,failed,online,2025-06-12,NO
4060,16204,94859,570.63,failed,online,2025-06-12,NO
1,30320,95703,1560.65,completed,online,2025-06-12,NO
1,28630,100272,1989.55,completed,online,2025-06-12,NO
1461,20564,101719,1829.22,completed,online,2025-06-12,NO
1764,1119,101768,1893.66,failed,online,2025-06-12,NO
3335,1286,105259,660.22,completed,online,2025-06-12,NO
1,36584,107761,1665.07,completed,online,2025-06-12,NO
3452,8821,108050,792.82,completed,online,2025-06-12,NO
1077,39270,108979,1404.43,completed,online,2025-06-12,NO
1,36398,109164,1700.76,failed,online,2025-06-12,NO
1989,39024,109689,1621.1,failed,online,2025-06-12,NO
1,37859,110231,191.72,failed,online,2025-06-12,NO
290,38479,111850,1788.89,failed,online,2025-06-12,NO
2987,47207,112402,586.41,completed,online,2025-06-12,NO
2913,15942,114379,1779.73,completed,online,2025-06-12,NO
1,5994,114846,1010.03,completed,online,2025-06-12,NO
4017,24061,116432,698.19,completed,online,2025-06-12,NO
4432,2530,122268,318.54,failed,online,2025-06-12,NO
1,22585,123493,1349.64,failed,online,2025-06-12,NO
4608,38780,126760,927.07,failed,online,2025-06-12,NO
2041,32878,131235,1859.8,completed,online,2025-06-12,NO
1,1630,132294,784.22,completed,online,2025-06-12,NO
4374,33374,133292,327.85,failed,online,2025-06-12,NO
1,17411,133460,74.11,failed,online,2025-06-12,NO
2808,42463,134568,967.37,failed,online,2025-06-12,NO
3338,33110,135094,107.45,completed,online,2025-06-12,NO
2014,14186,135439,665.9,failed,online,2025-06-12,NO
1,32601,135909,18.53,failed,online,2025-06-12,NO
4584,18540,137782,1842.55,completed,online,2025-06-12,NO
3502,15523,142489,115.83,completed,UNKNOWN,2025-06-12,NO
12,3404,142786,1945.36,failed,online,2025-06-12,NO
1068,32174,145219,1054.82,failed,online,2025-06-12,NO
2351,18435,147329,1877.34,completed,online,2025-06-12,NO
4382,39868,148810,1731.17,failed,online,2025-06-12,NO
4372,11407,878,27.99,completed,online,2025-06-22,NO
1,22071,9289,1598.46,completed,online,2025-06-22,NO
371,46830,11860,103.64,completed,online,2025-06-22,NO
3157,36271,12189,937.87,completed,online,2025-06-22,NO
1281,23091,13262,233.5,failed,online,2025-06-22,NO
674,43418,13536,1466.04,failed,online,2025-06-22,NO
1,5523,19115,1544.67,failed,online,2025-06-22,NO
2263,10942,19606,270.75,completed,online,2025-06-22,NO
311,36455,19890,193.08,completed,online,2025-06-22,NO
2824,46223,20126,361.73,failed,online,2025-06-22,NO
3805,16425,21024,443.85,failed,online,2025-06-22,NO
960,40380,21230,1412.9,completed,online,2025-06-22,NO
3974,42134,22943,1039.08,completed,online,2025-06-22,NO
4513,37236,23660,782.73,completed,online,2025-06-22,NO
2908,40459,24484,141.69,failed,online,2025-06-22,NO
828,46870,24541,953.2,failed,online,2025-06-22,NO
2025,37327,27157,1281.87,failed,online,2025-06-22,NO
4670,48856,28326,918.28,failed,online,2025-06-22,NO
3193,8973,29222,1171.19,completed,online,2025-06-22,NO
4518,28800,29764,1229.77,failed,online,2025-06-22,NO
4929,27848,32699,1660.85,failed,online,2025-06-22,NO
4051,42808,33787,1711.31,failed,online,2025-06-22,NO
3521,39225,34069,1215.4,failed,online,2025-06-22,NO
1,32880,35220,1975.03,completed,online,2025-06-22,NO
60,47273,37221,807.39,completed,online,2025-06-22,NO
3127,22848,37539,1488.01,completed,online,2025-06-22,NO
367,642,39060,97.91,failed,online,2025-06-22,NO
3945,7228,40085,676.53,failed,online,2025-06-22,NO
4038,1211,41063,939.5,failed,online,2025-06-22,NO
1202,14178,41341,770.18,completed,online,2025-06-22,NO
564,5996,41437,1564.12,failed,online,2025-06-22,NO
2130,35114,41916,1252.68,completed,online,2025-06-22,NO
4993,6657,42276,1270.32,completed,online,2025-06-22,NO
1290,41390,43014,1715.02,completed,online,2025-06-22,NO
1,1477,46275,1622.75,failed,online,2025-06-22,NO
387,20426,50535,1920.73,completed,online,2025-06-22,NO
1584,39365,52097,1894.31,failed,online,2025-06-22,NO
1601,5084,53742,735.51,completed,online,2025-06-22,NO
1,24814,53962,1020.72,completed,online,2025-06-22,NO
904,18180,54501,900.02,failed,online,2025-06-22,NO
4380,35559,55312,1138.51,failed,online,2025-06-22,NO
1012,14142,56335,416.48,completed,online,2025-06-22,NO
1058,7349,57551,1069.56,failed,online,2025-06-22,NO
3157,45302,58610,471.38,failed,online,2025-06-22,NO
1,11509,61009,277.19,failed,online,2025-06-22,NO
1,41581,66743,248.32,failed,online,2025-06-22,NO
2181,21760,68791,447.29,failed,online,2025-06-22,NO
3045,44461,69473,1168.85,failed,online,2025-06-22,NO
3942,45191,69802,871.25,failed,online,2025-06-22,NO
2646,4949,69883,746.29,completed,online,2025-06-22,NO
1,46515,72267,1014.93,completed,online,2025-06-22,NO
1842,36880,72622,1325.11,failed,online,2025-06-22,NO
1,1630,74047,1838.83,completed,online,2025-06-22,NO
2351,37953,79425,1191.32,failed,online,2025-06-22,NO
3115,2960,80080,671.76,completed,online,2025-06-22,NO
1438,41644,80846,280.92,completed,online,2025-06-22,NO
2739,33098,81663,1384.18,failed,online,2025-06-22,NO
1,47639,82786,682.05,failed,online,2025-06-22,NO
953,29508,85559,922.43,failed,online,2025-06-22,NO
1,6897,86842,536.82,failed,online,2025-06-22,NO
1972,12274,87457,1638.12,failed,online,2025-06-22,NO
1,14987,88836,1150.84,failed,online,2025-06-22,NO
4471,26984,89370,1622.18,completed,online,2025-06-22,NO
1,21347,93276,1615.67,failed,online,2025-06-22,NO
1,13372,98905,1329.03,completed,online,2025-06-22,NO
1773,32312,101765,1191.46,failed,online,2025-06-22,NO
654,49148,102166,93.24,failed,online,2025-06-22,NO
4308,8120,103103,1639.56,completed,online,2025-06-22,NO
2548,49402,103636,797.03,completed,online,2025-06-22,NO
1481,39528,104228,90.25,completed,online,2025-06-22,NO
1,11099,106398,1858.37,completed,online,2025-06-22,NO
3376,32335,108041,1525.04,completed,online,2025-06-22,NO
1483,47823,109552,1560.94,failed,online,2025-06-22,NO
2017,37005,110409,484.29,failed,online,2025-06-22,NO
1020,36999,111328,1713.93,completed,online,2025-06-22,NO
1719,37340,113636,1711.15,completed,online,2025-06-22,NO
1,27525,120413,265.12,completed,online,2025-06-22,NO
3400,25260,123907,109.41,failed,online,2025-06-22,NO
3296,48667,128385,1804.62,failed,online,2025-06-22,NO
1,7066,131088,1359.03,completed,online,2025-06-22,NO
950,41133,132184,600.03,completed,online,2025-06-22,NO
375,30230,133505,1252.53,completed,online,2025-06-22,NO
3837,12407,135821,1611.64,failed,online,2025-06-22,NO
1,12842,136936,1673.62,completed,online,2025-06-22,NO
1044,6429,138340,1411.44,completed,online,2025-06-22,NO
1,12765,138801,180.32,failed,online,2025-06-22,NO
3511,37703,141582,656.59,failed,online,2025-06-22,NO
980,872,144673,94.05,completed,online,2025-06-22,NO
1,8277,147378,815.97,completed,online,2025-06-22,NO
4363,46847,148900,354.09,failed,online,2025-06-22,NO
559,22273,149670,1101.38,failed,online,2025-06-22,NO
2920,2119,1008,75.82,completed,online,2025-11-09,NO
2185,33658,2128,1120.98,completed,online,2025-11-09,NO
271,26367,2613,1383.46,completed,online,2025-11-09,NO
1214,1169,3272,1624.74,failed,online,2025-11-09,NO
3636,22590,4680,1643.8,failed,online,2025-11-09,NO
975,27511,4928,1163.71,completed,online,2025-11-09,NO
2695,3548,6541,1385.14,completed,online,2025-11-09,NO
439,47464,9074,1207.02,failed,online,2025-11-09,NO
3884,4336,9353,954.93,completed,online,2025-11-09,NO
3692,38750,12147,1333.06,completed,online,2025-11-09,NO
2828,27502,12849,452.27,completed,online,2025-11-09,NO
3015,26553,14145,980.19,completed,online,2025-11-09,NO
4955,48354,14156,1854.69,completed,online,2025-11-09,NO
1071,999,15635,1825.26,failed,online,2025-11-09,NO
3453,37062,20290,487.33,completed,online,2025-11-09,NO
1,38487,21914,1661.46,completed,online,2025-11-09,NO
4395,27053,24132,1291.59,failed,online,2025-11-09,NO
1786,40045,28226,905.52,failed,online,2025-11-09,NO
4458,38198,28336,818.48,failed,online,2025-11-09,NO
1,13896,29887,1467.22,completed,online,2025-11-09,NO
4230,43360,30201,506.55,failed,online,2025-11-09,NO
2718,34034,31179,1300.58,failed,online,2025-11-09,NO
1039,41138,32548,1283.41,completed,online,2025-11-09,NO
1,15428,32851,109.52,failed,online,2025-11-09,NO
2145,28878,33424,1282.65,failed,online,2025-11-09,NO
4622,44489,33451,357.82,failed,online,2025-11-09,NO
49,48153,33982,56.51,completed,online,2025-11-09,NO
1103,19842,34389,377.06,completed,online,2025-11-09,NO
1,9479,34608,393.25,failed,online,2025-11-09,NO
1,39903,39818,1160.06,failed,online,2025-11-09,NO
4000,9757,41864,674.71,failed,online,2025-11-09,NO
4166,42129,44958,347.05,completed,online,2025-11-09,NO
976,4250,47201,1695.89,completed,online,2025-11-09,NO
3018,17809,47412,304.24,failed,UNKNOWN,2025-11-09,NO
3904,39658,51608,1275.73,failed,online,2025-11-09,NO
1180,38792,51673,991.43,failed,online,2025-11-09,NO
1,12096,53187,554.18,failed,online,2025-11-09,NO
1,940,53355,1546.66,completed,online,2025-11-09,NO
1,17368,54847,148.02,completed,online,2025-11-09,NO
2096,16196,55206,1005.69,completed,online,2025-11-09,NO
2780,21645,56199,1307.04,failed,online,2025-11-09,NO
1447,26377,56563,1292.27,completed,online,2025-11-09,NO
4797,49900,60957,434.86,failed,online,2025-11-09,NO
2341,49840,62677,1042.23,failed,online,2025-11-09,NO
3395,19029,69799,1767.31,failed,online,2025-11-09,NO
1588,12702,71754,1075.57,completed,online,2025-11-09,NO
1,20239,72921,644.63,failed,online,2025-11-09,NO
604,32326,73432,1475.38,failed,online,2025-11-09,NO
1,29481,76052,1570.14,failed,online,2025-11-09,NO
2281,15157,79147,204.56,failed,online,2025-11-09,NO
1211,22143,82387,1614.11,completed,online,2025-11-09,NO
1,13950,85116,1463.16,failed,online,2025-11-09,NO
4911,31892,87085,1958.42,failed,online,2025-11-09,NO
3430,38298,87495,1804.1,completed,online,2025-11-09,NO
4787,19123,89531,1135.66,failed,online,2025-11-09,NO
480,40788,90047,435.59,failed,online,2025-11-09,NO
1741,27214,95618,1047.5,completed,online,2025-11-09,NO
2957,12113,98789,94.96,failed,online,2025-11-09,NO
229,44261,106961,832.98,completed,online,2025-11-09,NO
1325,19567,108364,1998.04,failed,online,2025-11-09,NO
1521,15648,109565,1993.3,completed,online,2025-11-09,NO
1,5149,111195,1036.51,completed,online,2025-11-09,NO
1999,28060,113004,360.27,failed,online,2025-11-09,NO
1,7226,113524,433.59,completed,online,2025-11-09,NO
4494,1922,114512,829.1,completed,online,2025-11-09,NO
743,18454,114843,468.79,failed,online,2025-11-09,NO
4838,48585,119568,1870.19,failed,online,2025-11-09,NO
1,42536,119722,1564.16,failed,online,2025-11-09,NO
942,48469,120238,1686.98,failed,online,2025-11-09,NO
2947,35857,122416,1117.97,failed,online,2025-11-09,NO
520,23258,123970,1574.96,completed,online,2025-11-09,NO
341,29450,124481,509.43,completed,online,2025-11-09,NO
1127,45164,127358,1533.47,failed,online,2025-11-09,NO
2926,583,131279,570.9,failed,online,2025-11-09,NO
1,29743,132126,1857.14,completed,online,2025-11-09,NO
1,38944,133819,1255.2,failed,online,2025-11-09,NO
1007,18532,135229,100.63,failed,online,2025-11-09,NO
4894,48922,135392,1003.82,failed,online,2025-11-09,NO
657,29160,135432,1342.21,failed,online,2025-11-09,NO
269,37104,137595,717.64,completed,online,2025-11-09,NO
1830,10396,138155,995.28,failed,online,2025-11-09,NO
133,45138,139565,770.46,failed,online,2025-11-09,NO
111,28168,141243,994.74,completed,online,2025-11-09,NO
170,9213,141885,967.8,completed,online,2025-11-09,NO
3818,30657,142395,342.02,failed,online,2025-11-09,NO
1,39605,143398,1866.63,failed,online,2025-11-09,NO
4106,41942,144534,932.23,failed,online,2025-11-09,NO
2908,19691,144938,1292.14,failed,online,2025-11-09,NO
4861,20707,146216,736.6,failed,online,2025-11-09,NO
1302,31872,147880,383.46,failed,online,2025-11-09,NO
4968,18739,148648,1850.63,completed,online,2025-11-09,NO
1,16624,3113,1007.42,failed,online,2025-03-05,NO
4589,21646,4222,649.76,completed,online,2025-03-05,NO
3088,21721,4310,522.14,completed,online,2025-03-05,NO
3503,31563,5859,455.23,failed,online,2025-03-05,NO
262,43465,6269,717.95,failed,online,2025-03-05,NO
3637,1041,6423,1627.7,failed,online,2025-03-05,NO
1908,49537,10488,361.9,failed,online,2025-03-05,NO
4161,20825,12916,363.53,completed,online,2025-03-05,NO
4659,44560,13733,625.1,failed,online,2025-03-05,NO
1,39693,14893,1358.36,failed,online,2025-03-05,NO
1,48697,15139,198.03,failed,online,2025-03-05,NO
4378,32739,15198,1447.72,failed,online,2025-03-05,NO
2220,47068,18581,605.38,completed,online,2025-03-05,NO
3148,30842,19047,59.37,failed,online,2025-03-05,NO
1236,8813,19365,502.18,failed,online,2025-03-05,NO
3674,23079,25119,1125.01,completed,online,2025-03-05,NO
1611,22698,26199,1796.39,completed,online,2025-03-05,NO
4297,42171,26563,1123.76,failed,UNKNOWN,2025-03-05,NO
1176,1231,27530,195.25,completed,online,2025-03-05,NO
1072,2832,29638,1094.44,completed,online,2025-03-05,NO
1695,34621,29793,1615.84,completed,online,2025-03-05,NO
3348,42531,35760,828.81,failed,online,2025-03-05,NO
874,31098,38091,187.49,failed,online,2025-03-05,NO
4158,28165,38163,896.53,failed,online,2025-03-05,NO
4276,34942,38754,1448.95,failed,online,2025-03-05,NO
3104,5491,40628,1783.63,completed,online,2025-03-05,NO
1,148,40865,1294.08,completed,online,2025-03-05,NO
910,31059,41506,1550.87,completed,online,2025-03-05,NO
3329,48266,45492,901.57,failed,online,2025-03-05,NO
2674,1332,46888,653.47,completed,online,2025-03-05,NO
3515,19642,48030,935.23,completed,online,2025-03-05,NO
288,33717,48060,195.92,failed,online,2025-03-05,NO
1423,10552,49824,788.12,failed,online,2025-03-05,NO
892,10638,56352,909.82,failed,online,2025-03-05,NO
2694,35980,58386,1631.64,failed,online,2025-03-05,NO
732,48533,62631,1292.78,failed,online,2025-03-05,NO
1,7221,63178,619.76,completed,online,2025-03-05,NO
63,18897,64499,358.6,failed,online,2025-03-05,NO
493,38288,65338,567.33,completed,online,2025-03-05,NO
4845,32775,65448,930.8,failed,online,2025-03-05,NO
2186,47962,69673,815.05,failed,UNKNOWN,2025-03-05,NO
1,46125,71344,1595.49,completed,online,2025-03-05,NO
1,41967,71458,331.19,failed,online,2025-03-05,NO
4991,17184,71920,589.61,failed,online,2025-03-05,NO
1839,33811,72033,401.19,completed,online,2025-03-05,NO
1,4361,73373,1312.22,failed,online,2025-03-05,NO
2371,9953,74015,325.89,failed,online,2025-03-05,NO
1,41486,74324,63.58,failed,online,2025-03-05,NO
3768,5745,74877,1098.85,completed,online,2025-03-05,NO
311,12853,75794,447.65,completed,online,2025-03-05,NO
1,19541,79997,907.14,completed,online,2025-03-05,NO
374,31114,84899,466.72,completed,online,2025-03-05,NO
330,10309,88660,147.79,completed,online,2025-03-05,NO
1732,811,89022,336.86,failed,online,2025-03-05,NO
1,5061,89086,1357.89,completed,online,2025-03-05,NO
2,10628,89486,483.1,completed,online,2025-03-05,NO
4984,36226,89674,1398.26,completed,online,2025-03-05,NO
3020,5642,90279,1241.17,failed,online,2025-03-05,NO
1366,31434,91048,148.39,failed,online,2025-03-05,NO
3988,35681,91960,260.37,failed,online,2025-03-05,NO
1411,36839,92792,1623.85,failed,online,2025-03-05,NO
1814,2602,93758,211.84,completed,online,2025-03-05,NO
4643,8860,95821,1035.7,completed,online,2025-03-05,NO
3120,5973,97144,864.75,completed,online,2025-03-05,NO
2799,49563,97928,37.91,completed,online,2025-03-05,NO
544,8150,101233,999.45,failed,online,2025-03-05,NO
3644,9064,102337,1600.65,completed,online,2025-03-05,NO
1123,31217,103097,1811.84,failed,online,2025-03-05,NO
277,6733,106272,934.35,failed,online,2025-03-05,NO
2400,35348,110459,1206.35,failed,online,2025-03-05,NO
1529,20707,111159,624.0,failed,online,2025-03-05,NO
1,48705,112733,662.75,failed,online,2025-03-05,NO
4671,9260,114008,538.89,failed,online,2025-03-05,NO
1361,48865,116964,629.7,failed,online,2025-03-05,NO
4402,16932,118178,1892.43,completed,online,2025-03-05,NO
4148,42312,119150,1092.64,failed,UNKNOWN,2025-03-05,NO
3176,19848,121034,1838.15,failed,online,2025-03-05,NO
600,44212,126362,1034.85,failed,online,2025-03-05,NO
4815,770,128788,1636.88,completed,online,2025-03-05,NO
1508,12464,130860,1164.79,completed,online,2025-03-05,NO
242,24680,133807,1477.96,failed,online,2025-03-05,NO
2630,36022,134954,516.33,completed,online,2025-03-05,NO
1,49388,135461,105.22,failed,online,2025-03-05,NO
2939,40653,138022,1499.02,failed,online,2025-03-05,NO
4974,30257,139083,1362.98,completed,online,2025-03-05,NO
1,45347,139852,7675.809714658122,failed,online,2025-03-05,NO
1618,44323,144378,580.02,completed,online,2025-03-05,NO
1,38419,146177,1510.24,completed,online,2025-03-05,NO
3653,14904,147681,1832.93,completed,online,2025-03-05,NO
449,5051,147904,1908.77,completed,online,2025-03-05,NO
1,35219,148568,1629.76,completed,online,2025-03-05,NO
1,26127,2768,785.25,completed,online,2025-03-07,NO
700,30128,4202,1041.86,completed,online,2025-03-07,NO
3885,4277,8987,1528.12,completed,online,2025-03-07,NO
1528,47495,9444,778.08,completed,online,2025-03-07,NO
1,22397,10447,972.27,failed,online,2025-03-07,NO
2696,8556,12496,1034.42,completed,online,2025-03-07,NO
3842,19508,13459,1719.54,failed,online,2025-03-07,NO
1419,11555,14152,1373.49,failed,online,2025-03-07,NO
3667,46418,14444,1786.28,completed,online,2025-03-07,NO
4900,14101,21750,654.89,failed,online,2025-03-07,NO
3393,31486,21950,703.4,completed,online,2025-03-07,NO
3441,4565,24413,469.88,completed,online,2025-03-07,NO
2579,46817,24941,358.82,completed,online,2025-03-07,NO
1201,24758,28850,1001.62,completed,online,2025-03-07,NO
1,6656,34481,1321.61,completed,online,2025-03-07,NO
1395,41963,34881,1801.71,completed,online,2025-03-07,NO
3779,3906,35763,1836.94,completed,online,2025-03-07,NO
1,36851,38632,1745.08,failed,online,2025-03-07,NO
941,31813,42465,1682.67,completed,online,2025-03-07,NO
4214,39342,44581,1011.1,failed,online,2025-03-07,NO
3686,2658,46539,1660.48,completed,online,2025-03-07,NO
938,46242,47145,755.15,completed,online,2025-03-07,NO
2851,1605,49883,1259.33,completed,UNKNOWN,2025-03-07,NO
1,41005,52157,1682.94,failed,online,2025-03-07,NO
3847,33749,52529,430.49,failed,online,2025-03-07,NO
1285,38721,52748,1323.22,completed,online,2025-03-07,NO
1,47508,53626,932.66,completed,online,2025-03-07,NO
1296,18725,54675,994.48,failed,online,2025-03-07,NO
1806,37583,55034,1630.7,completed,online,2025-03-07,NO
1034,18927,55214,1874.75,completed,online,2025-03-07,NO
2142,31822,57909,109.86,completed,online,2025-03-07,NO
2786,31243,61716,412.6,completed,online,2025-03-07,NO
2978,20879,65053,929.49,failed,online,2025-03-07,NO
1729,36528,72836,543.49,failed,online,2025-03-07,NO
662,34578,73909,1513.09,failed,online,2025-03-07,NO
4885,15353,74805,1934.12,failed,UNKNOWN,2025-03-07,NO
1,15127,76252,1909.46,failed,online,2025-03-07,NO
506,30884,77774,84.88,completed,online,2025-03-07,NO
3776,3940,77982,1933.9,failed,online,2025-03-07,NO
4246,27371,79110,8282.039932116477,completed,online,2025-03-07,NO
1989,46142,81680,1544.77,completed,online,2025-03-07,NO
329,19462,82179,1369.43,completed,online,2025-03-07,NO
471,32806,82937,1747.75,failed,online,2025-03-07,NO
1,20001,83824,621.74,completed,online,2025-03-07,NO
1,9932,86054,949.51,failed,online,2025-03-07,NO
1,18017,88284,349.07,failed,online,2025-03-07,NO
232,14974,90432,850.81,failed,online,2025-03-07,NO
4044,27288,91143,483.29,failed,online,2025-03-07,NO
4175,34650,91202,85.17,failed,online,2025-03-07,NO
4405,48424,92332,1833.65,completed,online,2025-03-07,NO
538,10711,94636,1122.45,completed,online,2025-03-07,NO
4418,31469,98052,587.9,failed,online,2025-03-07,NO
1,29946,99366,132.47,failed,online,2025-03-07,NO
274,27375,99907,621.5,completed,online,2025-03-07,NO
1,27611,100762,1241.28,failed,online,2025-03-07,NO
1,3822,105221,1395.22,completed,online,2025-03-07,NO
1,3073,106797,1479.26,completed,online,2025-03-07,NO
1,47347,106968,47.22,failed,online,2025-03-07,NO
4002,34142,107793,606.15,completed,online,2025-03-07,NO
3470,47898,107984,767.3,completed,online,2025-03-07,NO
4866,6556,109737,1689.34,completed,online,2025-03-07,NO
3236,39880,111644,465.72,failed,online,2025-03-07,NO
4835,11319,113507,1274.19,completed,online,2025-03-07,NO
1563,518,114632,1945.57,failed,online,2025-03-07,NO
1,14621,117291,1435.56,completed,online,2025-03-07,NO
588,37972,117389,1387.82,completed,online,2025-03-07,NO
636,28834,118565,1385.45,failed,online,2025-03-07,NO
4452,40480,118916,605.17,failed,online,2025-03-07,NO
2855,47156,119316,205.23,failed,online,2025-03-07,NO
1,9888,120096,1538.53,failed,online,2025-03-07,NO
1,6780,120121,387.34,failed,online,2025-03-07,NO
2878,18721,120355,1681.75,failed,online,2025-03-07,NO
2962,10849,120750,1127.87,completed,online,2025-03-07,NO
1307,9088,122960,731.46,failed,online,2025-03-07,NO
3632,37988,124567,1202.06,completed,online,2025-03-07,NO
3965,47303,125023,211.71,failed,online,2025-03-07,NO
1873,34016,126657,1208.53,failed,online,2025-03-07,NO
2431,37175,127081,1362.22,failed,online,2025-03-07,NO
3560,43123,131113,166.15,completed,online,2025-03-07,NO
136,11745,134554,983.66,completed,online,2025-03-07,NO
3884,44103,135256,233.67,completed,online,2025-03-07,NO
1834,42303,136010,419.32,completed,online,2025-03-07,NO
1,43159,136624,847.14,failed,online,2025-03-07,NO
3491,46237,137234,359.99,failed,online,2025-03-07,NO
3465,19264,138132,291.53,completed,online,2025-03-07,NO
6,14274,138743,380.74,completed,online,2025-03-07,NO
1627,8913,141106,806.64,completed,online,2025-03-07,NO
3060,39522,144545,614.09,failed,online,2025-03-07,NO
1783,9135,147211,1555.48,failed,online,2025-03-07,NO
4655,8760,147672,107.93,failed,online,2025-03-07,NO
2093,23721,1044,668.95,completed,online,2025-01-06,NO
137,29122,9240,511.34,completed,online,2025-01-06,NO
4671,11001,11788,1119.31,completed,online,2025-01-06,NO
2977,14632,12860,334.48,failed,online,2025-01-06,NO
2554,17872,13147,1052.97,completed,online,2025-01-06,NO
1,24090,15312,58.37,completed,online,2025-01-06,NO
3032,41629,15899,1824.12,completed,online,2025-01-06,NO
1556,23688,15980,213.5,completed,online,2025-01-06,NO
1,15092,16030,902.24,completed,online,2025-01-06,NO
2701,22351,17902,171.77,completed,UNKNOWN,2025-01-06,NO
3709,22443,22010,205.33,completed,online,2025-01-06,NO
1,43964,22518,1096.94,completed,online,2025-01-06,NO
2899,48355,24130,553.53,failed,online,2025-01-06,NO
752,4187,24418,1587.76,completed,online,2025-01-06,NO
3912,19661,25991,934.93,failed,online,2025-01-06,NO
4337,17656,27075,1916.4,failed,online,2025-01-06,NO
1239,4346,29373,972.94,failed,online,2025-01-06,NO
1,46447,30546,1286.74,completed,online,2025-01-06,NO
1,14672,32213,681.54,completed,online,2025-01-06,NO
880,27286,32282,1155.4,completed,online,2025-01-06,NO
4330,36570,32720,1802.04,completed,online,2025-01-06,NO
2016,48752,34896,1788.0,failed,online,2025-01-06,NO
1534,18586,36281,1054.06,completed,online,2025-01-06,NO
2997,41784,38405,1675.91,failed,online,2025-01-06,NO
644,8534,38832,1748.01,failed,online,2025-01-06,NO
3816,24224,39481,53.56,failed,online,2025-01-06,NO
466,27259,40349,510.13,failed,UNKNOWN,2025-01-06,NO
1,45178,40410,749.05,failed,online,2025-01-06,NO
4096,544,47425,1880.37,completed,online,2025-01-06,NO
1,17542,48551,1389.73,completed,online,2025-01-06,NO
1189,9798,54267,617.14,completed,online,2025-01-06,NO
3367,34656,55158,175.55,failed,online,2025-01-06,NO
3872,18443,55825,1672.03,completed,online,2025-01-06,NO
2930,1161,57345,1798.41,failed,online,2025-01-06,NO
1849,31563,57675,1888.89,failed,online,2025-01-06,NO
4960,18995,60416,1252.79,completed,online,2025-01-06,NO
3134,5867,62407,1703.35,failed,online,2025-01-06,NO
1,42512,64899,1203.9,completed,online,2025-01-06,NO
3675,39415,66253,1215.67,completed,online,2025-01-06,NO
1,24500,66411,566.39,completed,online,2025-01-06,NO
2529,12014,69076,1766.52,completed,online,2025-01-06,NO
418,28654,69451,335.0,failed,online,2025-01-06,NO
1,26319,73517,250.79,completed,online,2025-01-06,NO
422,46763,75582,665.29,failed,online,2025-01-06,NO
1936,44963,77848,1920.79,failed,online,2025-01-06,NO
766,40498,78760,1556.7,completed,online,2025-01-06,NO
1238,25300,79354,1104.74,failed,online,2025-01-06,NO
4964,25157,81374,819.21,completed,online,2025-01-06,NO
1,4011,82109,181.27,failed,online,2025-01-06,NO
1008,14842,85750,1586.95,completed,online,2025-01-06,NO
4601,11816,87086,379.19,completed,online,2025-01-06,NO
3229,38303,88913,1194.87,completed,online,2025-01-06,NO
2469,27890,89701,1921.91,failed,online,2025-01-06,NO
1773,29072,90169,543.28,failed,online,2025-01-06,NO
1573,39993,90225,1973.56,completed,online,2025-01-06,NO
2357,13793,91908,1553.87,failed,UNKNOWN,2025-01-06,NO
2511,5253,94324,815.46,completed,online,2025-01-06,NO
3120,19036,98501,107.7,failed,online,2025-01-06,NO
1,19612,99596,1436.92,completed,online,2025-01-06,NO
2160,25716,101107,195.32,completed,online,2025-01-06,NO
2601,22732,104777,219.7,failed,online,2025-01-06,NO
3011,18646,110285,158.88,failed,online,2025-01-06,NO
4272,1100,112963,743.64,completed,online,2025-01-06,NO
3278,42471,113014,227.86,completed,online,2025-01-06,NO
41,14496,113141,667.26,failed,online,2025-01-06,NO
4372,20845,113298,125.0,completed,online,2025-01-06,NO
3631,22454,116861,143.71,completed,online,2025-01-06,NO
2631,24938,117084,742.83,failed,online,2025-01-06,NO
1450,40430,118281,603.83,completed,online,2025-01-06,NO
1,9623,119040,1212.43,completed,online,2025-01-06,NO
2961,41778,120540,1839.08,failed,online,2025-01-06,NO
1683,7152,122228,858.47,completed,online,2025-01-06,NO
4670,47070,124242,334.99,completed,online,2025-01-06,NO
1,3806,124466,1852.9,failed,online,2025-01-06,NO
4824,12451,126522,1341.1,failed,UNKNOWN,2025-01-06,NO
4465,8634,127273,1403.53,failed,online,2025-01-06,NO
168,40757,129820,1197.89,completed,online,2025-01-06,NO
1,22860,131360,1056.29,failed,online,2025-01-06,NO
1,20546,134018,124.78,completed,online,2025-01-06,NO
3599,39867,134556,59.58,completed,online,2025-01-06,NO
1,22473,135442,1652.73,failed,online,2025-01-06,NO
4361,31423,135785,402.42,completed,online,2025-01-06,NO
166,11968,135894,1193.27,failed,online,2025-01-06,NO
3612,7145,136710,382.19,failed,online,2025-01-06,NO
4580,42460,139594,418.46,failed,online,2025-01-06,NO
1036,44919,141935,526.13,completed,online,2025-01-06,NO
4843,12328,143723,389.37,failed,online,2025-01-06,NO
4594,36464,143761,732.19,failed,online,2025-01-06,NO
3677,22700,143852,1910.12,completed,online,2025-01-06,NO
470,2198,145128,476.72,failed,online,2025-01-06,NO
