product_id,customer_id,transaction_id,amount,status,channel,transaction_date,fraud_flag
1,18502,1276,693.01,failed,online,2025-08-19,NO
3528,14319,1477,1632.3,completed,online,2025-08-19,NO
2477,41451,2052,1937.48,failed,online,2025-08-19,NO
1,1611,5597,1275.16,completed,online,2025-08-19,NO
1,13849,8612,238.59,completed,online,2025-08-19,NO
1,37873,14315,616.03,completed,online,2025-08-19,NO
4072,6238,14771,1409.34,failed,online,2025-08-19,NO
2744,15179,14783,871.09,completed,online,2025-08-19,NO
828,43824,14809,474.88,failed,online,2025-08-19,NO
1920,24853,15219,1751.01,failed,online,2025-08-19,NO
2609,40701,17543,1915.02,failed,online,2025-08-19,NO
2470,17581,21452,1775.96,failed,online,2025-08-19,NO
4632,32724,22023,885.53,completed,online,2025-08-19,NO
4466,35910,23371,70.3,completed,online,2025-08-19,NO
1106,30181,23682,1932.16,failed,online,2025-08-19,NO
668,22106,24303,1847.98,completed,online,2025-08-19,NO
521,5608,24650,1590.93,failed,online,2025-08-19,NO
1,5390,27466,1594.28,failed,online,2025-08-19,NO
700,46198,27891,1650.32,failed,online,2025-08-19,NO
1,5570,27966,717.57,failed,online,2025-08-19,NO
3049,18741,28094,768.29,completed,online,2025-08-19,NO
1351,23579,29011,1046.11,completed,online,2025-08-19,NO
2310,6874,30802,1700.46,completed,online,2025-08-19,NO
2696,22841,32940,760.12,completed,online,2025-08-19,NO
643,49843,37399,677.67,completed,online,2025-08-19,NO
1,47996,38601,877.04,completed,online,2025-08-19,NO
1,1272,40493,1483.93,failed,online,2025-08-19,NO
3822,538,44139,480.53,completed,online,2025-08-19,NO
2014,7600,44205,1054.45,completed,online,2025-08-19,NO
377,40065,44766,1348.84,failed,online,2025-08-19,NO
1,38739,45680,201.05,completed,online,2025-08-19,NO
1,38159,47602,392.41,completed,online,2025-08-19,NO
938,33146,47680,1924.23,completed,online,2025-08-19,NO
4016,40446,49968,389.56,completed,online,2025-08-19,NO
1890,42661,50694,1401.01,failed,online,2025-08-19,NO
1,19509,51109,5680.920546621092,failed,UNKNOWN,2025-08-19,NO
1247,30628,51895,384.07,failed,online,2025-08-19,NO
1554,34043,52424,1231.05,failed,online,2025-08-19,NO
4719,38973,54024,1538.55,failed,online,2025-08-19,NO
539,23325,55487,1439.76,completed,online,2025-08-19,NO
3376,25246,55594,122.61,completed,online,2025-08-19,NO
4664,12388,57972,1546.14,failed,online,2025-08-19,NO
1,27238,60731,1427.09,failed,online,2025-08-19,NO
4143,27818,62021,772.07,failed,online,2025-08-19,NO
3278,10740,62418,1632.31,failed,online,2025-08-19,NO
1,39073,63515,837.17,completed,online,2025-08-19,NO
1,27603,65234,1938.49,failed,online,2025-08-19,NO
4198,13824,66667,248.01,failed,UNKNOWN,2025-08-19,NO
2400,45497,67225,1942.16,completed,online,2025-08-19,NO
700,11744,69197,748.77,failed,online,2025-08-19,NO
1,6294,71499,263.91,failed,online,2025-08-19,NO
3860,35686,74282,1807.67,completed,online,2025-08-19,NO
229,32544,76053,49.54,completed,online,2025-08-19,NO
297,19641,80157,966.79,failed,online,2025-08-19,NO
2369,34692,80680,1353.59,completed,online,2025-08-19,NO
3307,35540,82672,1114.03,failed,online,2025-08-19,NO
1172,78,86472,1221.86,completed,online,2025-08-19,NO
1202,40336,94028,401.71,failed,online,2025-08-19,NO
281,12046,94803,835.69,completed,online,2025-08-19,NO
2554,40313,99867,1878.23,failed,online,2025-08-19,NO
3940,14073,101547,535.08,failed,online,2025-08-19,NO
3442,32794,101781,88.41,completed,online,2025-08-19,NO
1,17002,101968,924.91,completed,online,2025-08-19,NO
3676,23962,102839,1748.08,failed,online,2025-08-19,NO
689,41457,103199,1348.16,failed,online,2025-08-19,NO
1025,35191,105150,661.69,completed,online,2025-08-19,NO
882,36796,105972,701.73,completed,online,2025-08-19,NO
960,6677,106226,754.75,completed,online,2025-08-19,NO
4495,47424,107231,150.86,completed,online,2025-08-19,NO
295,24365,108628,722.54,failed,online,2025-08-19,NO
4766,38539,109700,740.31,failed,online,2025-08-19,NO
1,5346,109892,1549.24,completed,online,2025-08-19,NO
1540,24336,110288,184.25,completed,online,2025-08-19,NO
1,8896,110301,182.12,failed,online,2025-08-19,NO
1480,30838,111064,1280.71,completed,online,2025-08-19,NO
2633,25714,111884,948.68,failed,online,2025-08-19,NO
1840,29580,120364,1856.6,completed,online,2025-08-19,NO
713,45658,122790,1942.43,failed,UNKNOWN,2025-08-19,NO
2680,1798,125502,1938.67,completed,online,2025-08-19,NO
1429,24398,126688,299.3,completed,online,2025-08-19,NO
1,1558,127653,994.12,failed,online,2025-08-19,NO
324,25123,128941,1761.24,completed,online,2025-08-19,NO
1569,24021,129065,63.53,completed,online,2025-08-19,NO
3376,47281,129597,992.37,failed,online,2025-08-19,NO
3035,13645,129767,1012.51,completed,online,2025-08-19,NO
853,4558,131705,555.44,completed,online,2025-08-19,NO
4553,43815,134531,1865.33,completed,online,2025-08-19,NO
1666,17636,135827,1292.26,failed,online,2025-08-19,NO
1529,43914,136497,1437.44,failed,online,2025-08-19,NO
2140,25283,137080,687.39,failed,online,2025-08-19,NO
649,39373,143182,25.66,failed,online,2025-08-19,NO
1965,21460,144803,1775.82,completed,online,2025-08-19,NO
209,22278,145960,1881.28,failed,online,2025-08-19,NO
4341,2315,146275,488.92,failed,online,2025-08-19,NO
241,42239,147556,429.68,completed,online,2025-08-19,NO
1,22824,148001,1903.42,completed,online,2025-08-19,NO
1199,33197,148413,704.01,completed,online,2025-08-19,NO
2594,25560,194,1171.03,failed,online,2025-06-27,NO
1,48805,1362,1987.88,completed,online,2025-06-27,NO
1,22440,4447,926.82,failed,online,2025-06-27,NO
839,20455,7170,451.28,failed,online,2025-06-27,NO
881,43411,8309,1228.88,failed,online,2025-06-27,NO
1,46843,8572,315.89,completed,online,2025-06-27,NO
1404,38045,9061,1613.66,failed,online,2025-06-27,NO
2581,24031,9198,1202.79,completed,online,2025-06-27,NO
1747,26147,10716,1412.87,completed,online,2025-06-27,NO
4844,34445,10872,1702.67,failed,online,2025-06-27,NO
497,25025,11597,34.56,failed,online,2025-06-27,NO
4365,4503,12100,756.6,failed,online,2025-06-27,NO
585,46762,12304,789.65,failed,online,2025-06-27,NO
543,12236,12313,1164.71,failed,online,2025-06-27,NO
3848,11976,14181,256.73,completed,online,2025-06-27,NO
2991,12812,14708,278.34,failed,UNKNOWN,2025-06-27,NO
1,16984,16792,1554.76,completed,online,2025-06-27,NO
4052,11380,18067,789.55,completed,online,2025-06-27,NO
1,36028,20280,608.38,failed,online,2025-06-27,NO
4382,1761,23456,1913.22,failed,online,2025-06-27,NO
857,4990,24143,1281.2,completed,online,2025-06-27,NO
1,12560,24950,1971.03,completed,online,2025-06-27,NO
532,29897,26029,1332.74,failed,online,2025-06-27,NO
2854,29672,26308,292.32,completed,online,2025-06-27,NO
3355,25655,27832,1437.12,completed,online,2025-06-27,NO
2652,116,28996,332.39,failed,online,2025-06-27,NO
1523,42296,29247,268.86,completed,online,2025-06-27,NO
2211,41708,29414,80.45,completed,online,2025-06-27,NO
4748,23489,30382,127.27,failed,online,2025-06-27,NO
1708,46440,33565,1646.98,completed,online,2025-06-27,NO
4705,18884,37364,97.97,failed,online,2025-06-27,NO
3630,8174,38695,1894.68,failed,online,2025-06-27,NO
757,3752,40356,1368.88,completed,online,2025-06-27,NO
1234,40379,43233,1979.05,completed,online,2025-06-27,NO
1,3904,43340,311.37,completed,online,2025-06-27,NO
733,44305,43864,1413.55,completed,online,2025-06-27,NO
3222,46514,45558,1305.72,failed,online,2025-06-27,NO
1,15054,46406,210.99,completed,online,2025-06-27,NO
4260,29996,47905,1110.58,completed,online,2025-06-27,NO
1,11641,53768,1784.01,completed,online,2025-06-27,NO
2883,38448,54863,997.16,completed,online,2025-06-27,NO
232,2117,54901,1982.12,completed,online,2025-06-27,NO
2733,24450,55921,259.96,completed,online,2025-06-27,NO
2669,28304,59134,1789.58,failed,online,2025-06-27,NO
3993,4455,59927,532.56,failed,online,2025-06-27,NO
4452,47304,60941,667.37,completed,online,2025-06-27,NO
4340,3748,62156,1198.93,failed,online,2025-06-27,NO
1533,36804,65317,224.81,failed,online,2025-06-27,NO
983,41669,66398,1868.42,failed,online,2025-06-27,NO
2008,48146,69103,1948.49,completed,online,2025-06-27,NO
3248,22012,69107,367.78,completed,online,2025-06-27,NO
1420,21553,70094,133.97,failed,online,2025-06-27,NO
1,49504,70865,265.75,failed,online,2025-06-27,NO
2014,28678,71623,128.32,failed,online,2025-06-27,NO
1883,47334,74151,690.37,completed,online,2025-06-27,NO
1423,6117,74883,824.98,failed,online,2025-06-27,NO
4268,16287,76149,978.85,failed,online,2025-06-27,NO
1788,20339,78679,470.07,completed,online,2025-06-27,NO
1147,2392,78768,1607.41,failed,online,2025-06-27,NO
1122,47207,79536,437.1,completed,online,2025-06-27,NO
2476,16144,81785,1944.11,failed,online,2025-06-27,NO
4524,25129,86929,850.16,completed,online,2025-06-27,NO
2588,6131,87277,1845.84,completed,online,2025-06-27,NO
1023,49875,89073,530.12,completed,online,2025-06-27,NO
1,19558,90820,1426.63,completed,online,2025-06-27,NO
1799,27076,92257,518.09,completed,online,2025-06-27,NO
4739,34137,93710,134.99,completed,online,2025-06-27,NO
3145,7191,94754,155.96,completed,online,2025-06-27,NO
1605,23111,95312,994.13,completed,online,2025-06-27,NO
2182,24761,97283,1016.48,failed,online,2025-06-27,NO
1867,29814,97844,285.28,failed,online,2025-06-27,NO
4427,30081,98163,1559.55,failed,online,2025-06-27,NO
2868,7272,98673,1203.27,completed,online,2025-06-27,NO
1,26946,99971,1909.66,failed,online,2025-06-27,NO
191,6077,100186,677.06,failed,online,2025-06-27,NO
1,14307,101118,563.51,failed,online,2025-06-27,NO
1,9690,101690,1006.1,completed,online,2025-06-27,NO
3844,34495,102142,221.99,completed,online,2025-06-27,NO
2729,12163,103266,13.58,failed,online,2025-06-27,NO
4660,34194,105007,450.16,failed,online,2025-06-27,NO
1,35485,106472,1539.23,completed,online,2025-06-27,NO
3880,35790,107832,937.7,completed,online,2025-06-27,NO
3255,13917,111581,154.53,completed,online,2025-06-27,NO
2462,46100,117719,864.83,failed,online,2025-06-27,NO
1400,17106,117813,219.79,completed,online,2025-06-27,NO
1376,12506,119669,452.65,failed,online,2025-06-27,NO
2007,30131,127249,1114.31,completed,online,2025-06-27,NO
4862,26544,127250,1777.94,failed,online,2025-06-27,NO
2570,48377,128181,1935.89,completed,online,2025-06-27,NO
3725,23900,128948,1984.21,completed,online,2025-06-27,NO
4608,20392,129313,175.69,completed,online,2025-06-27,NO
2745,28686,132433,250.39,completed,online,2025-06-27,NO
3097,43219,132632,1567.73,failed,online,2025-06-27,NO
3906,6828,137057,462.02,failed,online,2025-06-27,NO
4385,48788,141301,1304.8,failed,online,2025-06-27,NO
2757,4991,142087,1847.59,completed,online,2025-06-27,NO
2697,2257,147149,1061.52,failed,online,2025-06-27,NO
1491,18400,1790,1263.42,failed,UNKNOWN,2025-04-09,NO
4829,26381,4578,1501.5,completed,online,2025-04-09,NO
1,23100,5816,1475.39,completed,online,2025-04-09,NO
3933,18845,9322,846.5,failed,online,2025-04-09,NO
3762,3986,13525,654.38,completed,online,2025-04-09,NO
2506,21876,16126,1145.76,failed,online,2025-04-09,NO
1628,27140,16560,649.96,failed,online,2025-04-09,NO
2449,28526,16824,1450.29,failed,online,2025-04-09,NO
1,40366,17786,289.36,completed,online,2025-04-09,NO
1,2228,20632,1220.65,failed,online,2025-04-09,NO
1,20414,22375,824.72,failed,online,2025-04-09,NO
2802,24821,24089,1311.24,completed,online,2025-04-09,NO
1456,24242,24555,1176.68,failed,online,2025-04-09,NO
2148,19808,25844,1582.8,completed,online,2025-04-09,NO
920,48205,25912,855.12,failed,online,2025-04-09,NO
4340,42048,25990,1220.16,failed,online,2025-04-09,NO
2971,12541,27070,637.34,failed,online,2025-04-09,NO
3423,45402,28737,1817.43,completed,online,2025-04-09,NO
1,20441,29059,337.47,failed,online,2025-04-09,NO
602,35626,30883,623.61,failed,online,2025-04-09,NO
1,31292,31750,799.38,failed,online,2025-04-09,NO
106,49740,32727,1274.45,completed,online,2025-04-09,NO
4799,49999,34022,78.68,completed,online,2025-04-09,NO
1,42392,35344,125.16,completed,online,2025-04-09,NO
2215,29160,37424,1496.14,completed,online,2025-04-09,NO
1792,34615,37595,520.9,completed,UNKNOWN,2025-04-09,NO
3975,18007,39431,824.89,failed,online,2025-04-09,NO
3825,40300,39624,1870.2,failed,online,2025-04-09,NO
3719,40321,41267,1238.02,failed,online,2025-04-09,NO
559,28060,41877,1922.59,completed,online,2025-04-09,NO
433,2680,43199,1124.38,completed,online,2025-04-09,NO
2330,43657,44215,1122.47,completed,online,2025-04-09,NO
1381,32850,49376,652.33,failed,online,2025-04-09,NO
858,44322,50122,303.18,completed,online,2025-04-09,NO
3468,29793,51341,321.16,completed,online,2025-04-09,NO
1731,49552,56007,1310.4,completed,online,2025-04-09,NO
1,32895,57031,1367.77,failed,online,2025-04-09,NO
4444,48409,60529,913.68,failed,online,2025-04-09,NO
1,1569,60976,42.4,completed,online,2025-04-09,NO
4230,38315,61863,1000.51,completed,online,2025-04-09,NO
4051,23976,64712,1007.33,failed,online,2025-04-09,NO
731,38075,67830,1187.51,failed,online,2025-04-09,NO
716,49985,69293,1152.04,completed,online,2025-04-09,NO
1632,10769,73325,752.05,completed,online,2025-04-09,NO
1,4864,79039,1227.12,failed,online,2025-04-09,NO
3729,26394,79169,1305.93,completed,online,2025-04-09,NO
1,1824,79184,557.84,completed,online,2025-04-09,NO
763,28683,79929,1430.1,failed,online,2025-04-09,NO
1148,985,80913,190.82,completed,online,2025-04-09,NO
699,552,81706,783.47,failed,online,2025-04-09,NO
1,41781,83315,490.34,completed,online,2025-04-09,NO
3924,11870,84468,1417.26,failed,online,2025-04-09,NO
979,30907,85657,108.79,completed,online,2025-04-09,NO
911,32025,86250,764.33,completed,online,2025-04-09,NO
3261,30917,87538,321.81,failed,online,2025-04-09,NO
2875,36640,87738,1489.34,failed,online,2025-04-09,NO
1,27453,89051,865.72,completed,online,2025-04-09,NO
3575,36254,90314,732.2,completed,online,2025-04-09,NO
1401,23969,91666,930.42,completed,online,2025-04-09,NO
1000,7962,92613,1425.24,failed,online,2025-04-09,NO
1,12740,93973,730.66,failed,online,2025-04-09,NO
1,49929,96906,434.41,completed,online,2025-04-09,NO
2001,33354,98835,1976.5,completed,online,2025-04-09,NO
2679,800,102416,869.27,completed,online,2025-04-09,NO
2534,47952,102923,878.45,failed,online,2025-04-09,NO
761,21504,103624,787.67,failed,online,2025-04-09,NO
1262,3889,103778,292.95,failed,online,2025-04-09,NO
3469,28463,103964,388.39,failed,online,2025-04-09,NO
2633,22851,104296,6634.469978585936,completed,online,2025-04-09,NO
4209,12932,104518,617.15,completed,online,2025-04-09,NO
164,6717,107290,582.62,completed,online,2025-04-09,NO
1210,21930,109839,1256.22,failed,online,2025-04-09,NO
2804,20283,110185,447.03,completed,online,2025-04-09,NO
1,1112,111830,44.91,completed,online,2025-04-09,NO
3148,2176,112686,1339.43,failed,online,2025-04-09,NO
1581,13507,112817,1315.72,completed,online,2025-04-09,NO
1,47482,114221,305.16,failed,online,2025-04-09,NO
3413,48796,115090,1867.65,completed,online,2025-04-09,NO
1,48080,117751,984.14,completed,online,2025-04-09,NO
8,13013,120266,275.21,failed,online,2025-04-09,NO
1,36580,126576,573.01,failed,online,2025-04-09,NO
2996,34373,126800,585.14,completed,online,2025-04-09,NO
1,49007,128702,272.97,completed,online,2025-04-09,NO
3800,36905,130449,412.55,failed,online,2025-04-09,NO
2280,43669,131447,1704.62,failed,online,2025-04-09,NO
719,42584,133533,592.03,completed,online,2025-04-09,NO
1,15544,135725,1649.32,completed,online,2025-04-09,NO
1993,8999,141918,1897.51,completed,online,2025-04-09,NO
1,39463,142643,767.68,completed,online,2025-04-09,NO
4422,24616,142974,996.24,failed,online,2025-04-09,NO
4838,41141,143764,603.28,completed,online,2025-04-09,NO
3251,36704,145302,1676.38,failed,online,2025-04-09,NO
1386,11531,146321,1932.72,completed,online,2025-04-09,NO
449,6354,147322,1272.03,completed,online,2025-04-09,NO
4096,38699,147515,1271.16,failed,online,2025-04-09,NO
4245,10758,147544,652.86,failed,online,2025-04-09,NO
2740,1694,147623,1325.99,completed,online,2025-04-09,NO
2317,41163,939,1198.97,completed,online,2025-02-13,NO
1090,30382,2771,1519.28,completed,online,2025-02-13,NO
1,37866,3260,1139.33,failed,online,2025-02-13,NO
4133,5126,3500,1941.12,completed,online,2025-02-13,NO
1,36247,4851,1999.91,failed,online,2025-02-13,NO
1,11209,6630,1722.42,completed,online,2025-02-13,NO
176,39873,7342,1172.07,failed,online,2025-02-13,NO
4916,923,9169,1284.52,completed,online,2025-02-13,NO
528,49684,9395,1639.5,failed,online,2025-02-13,NO
1,3238,9456,737.39,completed,online,2025-02-13,NO
1,44492,9568,187.1,completed,online,2025-02-13,NO
871,24194,11639,1179.7,completed,online,2025-02-13,NO
1273,30429,13717,1944.99,completed,online,2025-02-13,NO
1341,13026,15305,1420.19,completed,online,2025-02-13,NO
4017,19904,17793,1332.77,failed,online,2025-02-13,NO
4528,33345,23658,1400.54,completed,online,2025-02-13,NO
3332,18610,24299,304.62,completed,online,2025-02-13,NO
4661,43878,24570,900.72,completed,online,2025-02-13,NO
1,18146,24823,1177.73,completed,online,2025-02-13,NO
1920,20151,25874,507.07,completed,online,2025-02-13,NO
1,24214,27195,1430.69,failed,online,2025-02-13,NO
1,5795,27573,771.25,completed,online,2025-02-13,NO
4133,32174,29076,1689.35,completed,online,2025-02-13,NO
1,30584,29811,116.57,failed,online,2025-02-13,NO
2100,40807,31197,372.4,failed,online,2025-02-13,NO
4106,10366,31281,1629.83,failed,online,2025-02-13,NO
303,33359,33904,842.93,completed,online,2025-02-13,NO
1,44937,34284,1826.34,completed,online,2025-02-13,NO
2513,16437,40021,957.8,completed,online,2025-02-13,NO
947,26525,40423,1407.13,failed,online,2025-02-13,NO
1,26857,40434,860.11,failed,online,2025-02-13,NO
224,32357,41389,1756.49,completed,online,2025-02-13,NO
1093,9175,44882,719.66,completed,online,2025-02-13,NO
1,49006,45509,918.75,failed,online,2025-02-13,NO
697,7667,46491,1093.89,failed,online,2025-02-13,NO
544,7150,49862,1367.98,failed,online,2025-02-13,NO
1487,49441,54938,1957.51,failed,online,2025-02-13,NO
945,48717,57518,140.4,failed,online,2025-02-13,NO
3818,4978,59590,1242.04,failed,online,2025-02-13,NO
4962,28308,61390,1343.61,completed,UNKNOWN,2025-02-13,NO
2694,27631,66631,845.93,failed,online,2025-02-13,NO
573,25279,69879,1149.57,completed,online,2025-02-13,NO
215,15334,73374,1496.32,completed,online,2025-02-13,NO
4675,8576,73842,1401.74,completed,UNKNOWN,2025-02-13,NO
2741,32955,75122,1533.92,failed,online,2025-02-13,NO
1632,48184,77020,11.89,failed,online,2025-02-13,NO
180,33635,80616,291.86,completed,online,2025-02-13,NO
1267,17669,81621,1959.92,completed,online,2025-02-13,NO
5000,7964,82459,1671.74,failed,online,2025-02-13,NO
4621,41512,83571,1332.9,failed,online,2025-02-13,NO
1,18690,83604,1613.2,completed,online,2025-02-13,NO
1353,48978,84009,1680.85,completed,online,2025-02-13,NO
3788,46617,84684,1368.67,failed,online,2025-02-13,NO
4111,28449,86681,822.22,failed,online,2025-02-13,NO
4991,44155,89442,1098.28,completed,online,2025-02-13,NO
3262,39730,89523,516.4,completed,online,2025-02-13,NO
4082,11771,90573,895.32,completed,online,2025-02-13,NO
2390,33791,92886,942.57,completed,online,2025-02-13,NO
3662,43278,95755,25.82,completed,online,2025-02-13,NO
1,46246,100792,1259.28,completed,online,2025-02-13,NO
2528,1960,100891,606.13,completed,online,2025-02-13,NO
4222,27506,101142,1366.8,failed,online,2025-02-13,NO
2324,7698,101393,432.42,failed,online,2025-02-13,NO
485,16986,103940,1264.45,failed,online,2025-02-13,NO
2284,48201,105668,1898.35,completed,online,2025-02-13,NO
4585,29614,106712,418.63,failed,UNKNOWN,2025-02-13,NO
995,32163,107045,1336.86,failed,online,2025-02-13,NO
1329,49683,108063,1202.16,failed,online,2025-02-13,NO
2231,4138,110602,666.71,completed,online,2025-02-13,NO
2754,2153,111640,304.53,failed,online,2025-02-13,NO
2911,48080,111641,1613.52,completed,online,2025-02-13,NO
3239,33416,112396,979.3,failed,online,2025-02-13,NO
3530,44038,112833,1012.43,failed,online,2025-02-13,NO
1,28291,113267,318.84,failed,online,2025-02-13,NO
1,21402,113815,239.58,completed,online,2025-02-13,NO
3551,29968,116040,1701.3,completed,online,2025-02-13,NO
4957,44004,116324,1828.4,completed,online,2025-02-13,NO
1,13987,123264,1895.71,failed,online,2025-02-13,NO
3595,40067,124181,17.57,failed,online,2025-02-13,NO
4068,37880,127033,712.0,completed,online,2025-02-13,NO
1,640,127418,55.46,completed,online,2025-02-13,NO
4969,889,128063,624.81,completed,online,2025-02-13,NO
4162,46109,128068,517.91,failed,online,2025-02-13,NO
1418,45586,133999,182.16,failed,online,2025-02-13,NO
3894,49336,134459,542.86,completed,online,2025-02-13,NO
4593,21587,137151,727.85,failed,online,2025-02-13,NO
1,47848,137312,204.92,completed,online,2025-02-13,NO
2381,4209,138717,1950.41,failed,online,2025-02-13,NO
53,19963,139196,1720.11,failed,online,2025-02-13,NO
1218,12293,139377,351.95,completed,online,2025-02-13,NO
3264,12056,140157,703.63,failed,online,2025-02-13,NO
1928,38463,141384,737.26,completed,online,2025-02-13,NO
3054,33854,142548,1248.42,failed,online,2025-02-13,NO
4868,5662,143377,886.06,failed,online,2025-02-13,NO
1653,16968,144048,173.93,completed,online,2025-02-13,NO
1275,9442,148018,893.43,completed,online,2025-02-13,NO
3287,19620,148051,414.83,failed,online,2025-02-13,NO
4355,37109,523,702.43,failed,online,2025-10-29,NO
3625,27537,2136,1281.99,completed,online,2025-10-29,NO
3362,34586,2267,1463.41,completed,online,2025-10-29,NO
459,903,4552,413.78,completed,online,2025-10-29,NO
48,19844,5180,1374.39,completed,online,2025-10-29,NO
3324,15467,5561,86.28,failed,online,2025-10-29,NO
9,41532,7299,539.66,completed,online,2025-10-29,NO
1,30313,8102,818.33,completed,online,2025-10-29,NO
415,27723,8137,1058.24,completed,online,2025-10-29,NO
1,11440,8697,197.27,failed,online,2025-10-29,NO
2472,21722,8746,1578.61,completed,online,2025-10-29,NO
1,21664,9963,246.68,completed,online,2025-10-29,NO
2256,22361,16550,1203.11,completed,online,2025-10-29,NO
4655,16623,17432,1336.23,failed,online,2025-10-29,NO
1,27929,19140,1552.87,failed,online,2025-10-29,NO
3074,10842,22059,658.46,completed,online,2025-10-29,NO
308,13870,25555,870.87,failed,online,2025-10-29,NO
1646,21133,25713,1014.6,completed,online,2025-10-29,NO
4946,2551,27203,777.92,completed,online,2025-10-29,NO
61,45497,27311,1905.04,failed,online,2025-10-29,NO
1,39566,30075,821.42,failed,online,2025-10-29,NO
3319,1454,31487,885.43,completed,online,2025-10-29,NO
1018,12787,32626,749.92,completed,online,2025-10-29,NO
1393,3099,33492,620.05,completed,online,2025-10-29,NO
1616,25469,34633,872.59,failed,online,2025-10-29,NO
1,23443,35748,906.38,completed,online,2025-10-29,NO
3816,10111,36234,1657.96,failed,online,2025-10-29,NO
1,18788,36500,1946.84,failed,online,2025-10-29,NO
4578,38447,39015,1237.23,completed,online,2025-10-29,NO
1,23161,41710,212.89,completed,online,2025-10-29,NO
2857,39466,43810,194.73,failed,online,2025-10-29,NO
167,28303,44104,254.32,completed,online,2025-10-29,NO
1,39004,44278,157.57,failed,online,2025-10-29,NO
1,30809,44386,575.85,completed,online,2025-10-29,NO
580,10741,44573,1752.45,failed,online,2025-10-29,NO
1175,9484,50041,1914.45,failed,online,2025-10-29,NO
1445,8792,50404,1535.51,failed,online,2025-10-29,NO
2045,18124,52310,1787.91,completed,online,2025-10-29,NO
2288,7545,52938,1000.23,failed,online,2025-10-29,NO
4652,32602,54143,1311.19,completed,online,2025-10-29,NO
78,43978,57633,395.07,completed,online,2025-10-29,NO
1,6852,58142,641.32,completed,online,2025-10-29,NO
1,28276,59018,119.7,failed,online,2025-10-29,NO
4971,21920,59649,585.36,failed,online,2025-10-29,NO
1,4165,64276,521.87,completed,online,2025-10-29,NO
3572,9992,68718,1112.51,completed,online,2025-10-29,NO
3281,39039,69039,1773.81,completed,online,2025-10-29,NO
1275,12127,69641,300.96,completed,online,2025-10-29,NO
1,5661,70387,865.12,failed,online,2025-10-29,NO
267,6268,70510,1882.41,failed,online,2025-10-29,NO
3439,31347,71345,7928.475495307201,failed,online,2025-10-29,NO
2890,28695,71615,1839.79,failed,online,2025-10-29,NO
4249,38817,71953,1679.0,failed,online,2025-10-29,NO
1,35857,72580,1944.31,completed,online,2025-10-29,NO
1,39044,72594,473.27,completed,online,2025-10-29,NO
1,13187,72968,350.76,failed,online,2025-10-29,NO
3029,33256,75040,1833.59,completed,online,2025-10-29,NO
933,30982,75943,646.35,failed,online,2025-10-29,NO
235,3483,83228,813.52,failed,online,2025-10-29,NO
1,14355,84688,1612.76,failed,online,2025-10-29,NO
479,36906,85925,1789.22,failed,online,2025-10-29,NO
4940,9988,87162,1008.38,completed,online,2025-10-29,NO
1,30750,89394,1406.71,failed,online,2025-10-29,NO
2823,21535,90344,1788.23,completed,online,2025-10-29,NO
1,13625,90795,813.24,failed,online,2025-10-29,NO
1,28786,91967,1709.24,failed,online,2025-10-29,NO
1131,22404,93533,249.99,completed,online,2025-10-29,NO
1504,19719,94294,864.05,failed,online,2025-10-29,NO
3572,1218,95924,855.91,completed,online,2025-10-29,NO
4396,27638,96769,1576.35,completed,online,2025-10-29,NO
1,15196,96828,758.29,completed,online,2025-10-29,NO
1,48991,97424,79.14,failed,UNKNOWN,2025-10-29,NO
1939,30884,97827,349.81,failed,online,2025-10-29,NO
2794,21364,98469,971.0,completed,online,2025-10-29,NO
3558,38282,98659,1504.14,failed,online,2025-10-29,NO
1,45847,98934,827.75,completed,online,2025-10-29,NO
1150,34834,99868,174.34,failed,online,2025-10-29,NO
2701,11190,102904,1736.29,completed,online,2025-10-29,NO
3137,38868,104636,1658.46,completed,online,2025-10-29,NO
1,30232,105374,1540.24,completed,online,2025-10-29,NO
3684,7935,107445,1330.14,completed,online,2025-10-29,NO
884,34350,108179,1001.43,completed,online,2025-10-29,NO
1,19484,109187,139.82,failed,online,2025-10-29,NO
4254,31162,112319,67.87,failed,online,2025-10-29,NO
1,1640,112767,1386.54,completed,online,2025-10-29,NO
1450,46943,116545,1144.12,completed,online,2025-10-29,NO
1160,22753,116976,530.23,failed,online,2025-10-29,NO
1991,2136,121533,1067.76,completed,online,2025-10-29,NO
1431,47761,124908,426.91,failed,online,2025-10-29,NO
1847,23694,125421,349.06,failed,online,2025-10-29,NO
1874,26520,125874,334.87,failed,online,2025-10-29,NO
4923,42121,126525,1134.73,failed,online,2025-10-29,NO
2881,44529,126744,814.87,failed,online,2025-10-29,NO
935,1437,128382,726.85,failed,online,2025-10-29,NO
3779,23234,140106,352.89,failed,online,2025-10-29,NO
1,28484,145257,1010.25,completed,online,2025-10-29,NO
2194,12611,145383,865.9,failed,online,2025-10-29,NO
2779,2362,148293,1107.17,completed,online,2025-10-29,NO
3762,31959,3418,1252.88,failed,online,2025-07-28,NO
1,21500,6025,1339.36,completed,online,2025-07-28,NO
983,49992,7565,1640.52,failed,online,2025-07-28,NO
3183,10082,8156,497.93,completed,online,2025-07-28,NO
518,13124,9171,934.84,completed,online,2025-07-28,NO
1294,29090,10642,164.75,completed,online,2025-07-28,NO
856,12550,11292,1171.31,failed,online,2025-07-28,NO
3047,36147,11451,1340.73,completed,online,2025-07-28,NO
960,37056,12524,671.98,completed,online,2025-07-28,NO
3988,2906,14413,1369.48,completed,online,2025-07-28,NO
4165,35364,15324,909.46,completed,online,2025-07-28,NO
2653,47535,16013,921.76,failed,online,2025-07-28,NO
1303,19731,18729,1565.04,failed,online,2025-07-28,NO
2762,25065,19287,690.21,failed,online,2025-07-28,NO
1494,49980,19492,782.56,failed,online,2025-07-28,NO
2285,40733,19558,1803.92,failed,online,2025-07-28,NO
2614,31535,20568,433.38,failed,online,2025-07-28,NO
1,11942,20963,1566.37,completed,online,2025-07-28,NO
516,19972,25954,1103.91,completed,online,2025-07-28,NO
1179,14904,26762,994.77,completed,UNKNOWN,2025-07-28,NO
1,34794,27590,7485.842390493528,completed,online,2025-07-28,NO
2853,42832,28401,1668.29,failed,online,2025-07-28,NO
18,44541,28971,236.74,failed,online,2025-07-28,NO
56,4427,29165,659.37,completed,online,2025-07-28,NO
2955,41289,29510,1207.41,completed,online,2025-07-28,NO
1,31301,31284,458.24,completed,online,2025-07-28,NO
2418,45729,33825,1111.16,completed,online,2025-07-28,NO
2048,25648,34843,1285.39,failed,online,2025-07-28,NO
2363,32581,36484,970.98,completed,online,2025-07-28,NO
938,22542,41709,556.59,failed,online,2025-07-28,NO
1,19264,42502,1771.86,completed,online,2025-07-28,NO
1012,9642,45735,743.93,failed,online,2025-07-28,NO
437,41142,47630,1723.57,completed,online,2025-07-28,NO
1,45466,52414,979.93,failed,online,2025-07-28,NO
1,9881,52601,238.55,completed,online,2025-07-28,NO
1499,21512,56462,221.39,failed,online,2025-07-28,NO
2005,9413,59532,574.64,failed,online,2025-07-28,NO
1265,13060,60952,230.9,failed,online,2025-07-28,NO
4441,31607,61467,1121.33,completed,online,2025-07-28,NO
4270,45893,62290,509.04,failed,online,2025-07-28,NO
344,44576,63502,1943.81,completed,online,2025-07-28,NO
151,32127,63904,296.26,failed,online,2025-07-28,NO
731,37619,66033,876.74,failed,online,2025-07-28,NO
4984,38504,66165,1705.91,failed,online,2025-07-28,NO
4247,46421,66997,701.36,completed,online,2025-07-28,NO
2321,39232,67292,1174.87,completed,online,2025-07-28,NO
3127,47068,67538,586.73,completed,online,2025-07-28,NO
1420,5075,68344,168.32,completed,online,2025-07-28,NO
4261,14764,69861,1469.39,completed,online,2025-07-28,NO
1,42116,70082,851.71,failed,online,2025-07-28,NO
1,49019,72405,1199.57,completed,online,2025-07-28,NO
3053,25030,72474,1384.26,completed,online,2025-07-28,NO
2421,2965,74320,1737.4,failed,online,2025-07-28,NO
3986,47111,75398,1243.98,completed,online,2025-07-28,NO
4731,42948,76383,375.6,failed,online,2025-07-28,NO
2502,43758,77285,974.54,completed,online,2025-07-28,NO
3774,3898,83118,1836.9,failed,online,2025-07-28,NO
4253,35667,83165,9921.952546336792,failed,online,2025-07-28,NO
1,46146,84946,1018.31,failed,online,2025-07-28,NO
1698,48624,85436,994.97,failed,online,2025-07-28,NO
2690,30056,85537,274.02,completed,online,2025-07-28,NO
971,48395,85739,1635.44,failed,online,2025-07-28,NO
702,48996,90394,726.81,completed,online,2025-07-28,NO
741,19173,90807,1903.15,failed,online,2025-07-28,NO
2014,18637,93071,1581.49,completed,online,2025-07-28,NO
1,48183,93586,808.28,completed,online,2025-07-28,NO
129,43407,96349,898.24,completed,online,2025-07-28,NO
3072,17923,96438,251.76,completed,online,2025-07-28,NO
4477,38674,96754,1106.69,failed,UNKNOWN,2025-07-28,NO
2116,44452,98540,733.24,failed,online,2025-07-28,NO
1,14455,99678,883.12,completed,online,2025-07-28,NO
2445,21230,103492,1411.89,completed,online,2025-07-28,NO
2116,31002,106062,1326.31,completed,online,2025-07-28,NO
2548,30720,106345,1295.36,completed,online,2025-07-28,NO
3504,21427,110959,401.33,failed,online,2025-07-28,NO
564,44052,112591,25.01,failed,online,2025-07-28,NO
3113,48809,113959,1757.47,completed,online,2025-07-28,NO
4638,40401,115155,1544.25,failed,online,2025-07-28,NO
4066,30200,117038,1764.14,completed,online,2025-07-28,NO
1745,24755,117403,495.68,completed,online,2025-07-28,NO
1,14772,119386,1601.65,failed,online,2025-07-28,NO
1,12408,121142,1909.06,failed,online,2025-07-28,NO
3469,42592,121361,470.82,completed,online,2025-07-28,NO
2124,43222,122967,279.1,completed,online,2025-07-28,NO
4624,1053,124792,786.93,failed,online,2025-07-28,NO
1,44364,128480,1605.8,failed,online,2025-07-28,NO
2585,36929,130138,452.91,failed,online,2025-07-28,NO
3406,22406,133037,1627.12,completed,online,2025-07-28,NO
3446,3619,135328,735.69,failed,online,2025-07-28,NO
2251,39188,137779,1461.9,failed,online,2025-07-28,NO
802,35275,141517,1055.24,completed,online,2025-07-28,NO
1,43078,142961,1975.34,completed,online,2025-07-28,NO
2349,7378,144614,118.31,completed,online,2025-07-28,NO
1134,19813,144947,1647.07,completed,online,2025-07-28,NO
3358,15035,148072,755.85,failed,online,2025-07-28,NO
1701,11596,148472,481.73,completed,online,2025-07-28,NO
3548,6169,249,702.66,failed,online,2025-08-27,NO
1,16124,3974,1593.22,failed,online,2025-08-27,NO
56,16495,4473,253.47,completed,online,2025-08-27,NO
2201,32020,5498,265.48,completed,online,2025-08-27,NO
1,40017,5757,1072.45,failed,online,2025-08-27,NO
4559,5924,6274,1005.0,completed,online,2025-08-27,NO
3598,38442,6851,239.44,failed,online,2025-08-27,NO
4745,42291,7840,926.38,completed,online,2025-08-27,NO
4702,1094,10621,1924.64,completed,online,2025-08-27,NO
4001,22671,10794,657.14,completed,online,2025-08-27,NO
4515,11168,11046,935.86,failed,online,2025-08-27,NO
1,47545,12938,1163.42,failed,online,2025-08-27,NO
3388,33801,15477,52.24,completed,online,2025-08-27,NO
4667,5982,16374,1820.74,completed,online,2025-08-27,NO
1125,5060,17507,192.71,completed,online,2025-08-27,NO
4579,8142,19268,36.85,completed,online,2025-08-27,NO
4332,38255,19624,1005.02,completed,online,2025-08-27,NO
2759,38164,21347,591.49,failed,online,2025-08-27,NO
4141,48431,21889,1645.48,completed,online,2025-08-27,NO
3010,46913,26895,1328.12,completed,online,2025-08-27,NO
409,24863,27243,1024.56,completed,online,2025-08-27,NO
1356,46587,28281,130.55,completed,online,2025-08-27,NO
3626,36566,30129,700.32,completed,online,2025-08-27,NO
1515,24092,30726,1626.36,completed,online,2025-08-27,NO
1,6438,30743,884.97,completed,online,2025-08-27,NO
2532,15034,30805,1128.84,completed,online,2025-08-27,NO
2760,29233,34244,376.11,completed,online,2025-08-27,NO
6,30864,34627,1222.83,failed,online,2025-08-27,NO
2251,43217,36639,1326.8,failed,online,2025-08-27,NO
1,2145,38482,514.3,completed,online,2025-08-27,NO
124,27212,44014,443.65,failed,online,2025-08-27,NO
1199,30788,45543,854.94,completed,online,2025-08-27,NO
1,7755,47723,947.58,failed,online,2025-08-27,NO
176,36968,49274,1465.33,completed,online,2025-08-27,NO
200,7299,51814,446.1,failed,online,2025-08-27,NO
1414,17585,53213,1776.24,completed,online,2025-08-27,NO
4250,16242,53791,720.68,completed,online,2025-08-27,NO
4877,43021,56010,1368.85,failed,online,2025-08-27,NO
2270,13739,56413,1894.65,failed,online,2025-08-27,NO
581,48868,61184,1525.68,failed,online,2025-08-27,NO
3932,16208,61347,408.42,completed,online,2025-08-27,NO
2171,45026,61356,1090.96,completed,online,2025-08-27,NO
1,31510,64273,839.1,failed,online,2025-08-27,NO
2225,19087,65325,1802.72,failed,online,2025-08-27,NO
4353,44552,65731,1909.6,completed,online,2025-08-27,NO
1,34047,69647,109.99,completed,online,2025-08-27,NO
3782,3995,69925,1405.08,failed,online,2025-08-27,NO
1,36740,71323,734.04,failed,online,2025-08-27,NO
1331,6530,73970,1048.68,completed,online,2025-08-27,NO
3952,8307,74538,1872.98,completed,online,2025-08-27,NO
3223,19717,82328,221.1,failed,online,2025-08-27,NO
4951,1577,83671,1132.56,failed,online,2025-08-27,NO
1,36780,84875,1559.54,completed,online,2025-08-27,NO
2631,24894,84934,827.6,completed,online,2025-08-27,NO
2715,4261,86473,1316.16,failed,online,2025-08-27,NO
1,18215,86767,132.53,completed,online,2025-08-27,NO
4799,17074,86987,1985.96,failed,online,2025-08-27,NO
1,7296,95249,572.78,completed,online,2025-08-27,NO
1230,13248,95596,1972.81,completed,online,2025-08-27,NO
4546,16184,97152,1479.38,failed,online,2025-08-27,NO
2416,24488,99283,171.2,failed,online,2025-08-27,NO
4565,15199,99515,1726.51,completed,online,2025-08-27,NO
2354,2533,99550,1198.2,failed,online,2025-08-27,NO
3308,12737,100887,1555.3,failed,online,2025-08-27,NO
361,35217,101891,1531.91,completed,online,2025-08-27,NO
1,31247,103513,964.86,completed,online,2025-08-27,NO
1,39411,106037,1612.11,completed,online,2025-08-27,NO
3415,36813,107129,1966.04,failed,online,2025-08-27,NO
1095,49312,107249,1954.16,completed,online,2025-08-27,NO
495,22850,107841,1972.35,failed,online,2025-08-27,NO
1,451,109314,112.79,completed,online,2025-08-27,NO
3306,48786,109498,1445.03,completed,online,2025-08-27,NO
1,47303,114409,381.87,failed,online,2025-08-27,NO
498,41701,116647,1208.36,completed,online,2025-08-27,NO
1,20170,117537,1966.93,failed,online,2025-08-27,NO
799,34803,117765,162.79,failed,online,2025-08-27,NO
4812,6414,118335,954.68,failed,online,2025-08-27,NO
1,39786,120278,1709.13,completed,online,2025-08-27,NO
4237,5646,122929,607.37,completed,online,2025-08-27,NO
4934,623,124111,1464.12,failed,online,2025-08-27,NO
1,31859,124635,382.05,completed,online,2025-08-27,NO
423,26142,126388,60.78,completed,online,2025-08-27,NO
1053,32662,126633,819.31,completed,online,2025-08-27,NO
1,13628,130361,1268.98,failed,online,2025-08-27,NO
3323,5289,130615,1975.45,failed,online,2025-08-27,NO
4945,42266,131101,1402.8,failed,online,2025-08-27,NO
3874,24657,131767,334.93,failed,online,2025-08-27,NO
3595,31321,131885,1924.99,failed,UNKNOWN,2025-08-27,NO
799,17784,134129,489.09,failed,online,2025-08-27,NO
1,23472,137857,1525.13,completed,online,2025-08-27,NO
4383,6741,139491,1337.71,failed,online,2025-08-27,NO
1391,19898,140412,1085.54,completed,online,2025-08-27,NO
166,12933,144055,1086.25,failed,online,2025-08-27,NO
3636,15258,144963,1946.02,completed,online,2025-08-27,NO
582,14277,145925,1082.86,completed,online,2025-08-27,NO
4610,694,146632,1557.48,failed,online,2025-08-27,NO
397,17779,149562,1201.92,failed,online,2025-08-27,NO
2313,38730,156,1675.19,failed,online,2025-07-17,NO
1125,49505,4339,625.11,failed,online,2025-07-17,NO
2092,12174,4675,430.03,completed,online,2025-07-17,NO
1,29900,5104,544.57,failed,online,2025-07-17,NO
4830,32275,6120,1072.74,failed,online,2025-07-17,NO
3345,42825,12248,561.26,failed,online,2025-07-17,NO
2909,9968,12455,1345.05,failed,online,2025-07-17,NO
343,26887,12718,142.7,completed,online,2025-07-17,NO
2561,20405,13298,568.49,completed,online,2025-07-17,NO
1890,44044,14460,1177.37,failed,online,2025-07-17,NO
2800,27340,15675,149.15,completed,online,2025-07-17,NO
1,38211,15737,792.8,completed,online,2025-07-17,NO
1,11158,17514,389.85,completed,online,2025-07-17,NO
1,38059,19682,448.86,failed,online,2025-07-17,NO
969,20499,20976,160.58,failed,online,2025-07-17,NO
1034,1063,23791,1307.14,completed,online,2025-07-17,NO
556,1598,24286,190.45,failed,online,2025-07-17,NO
245,15767,24385,1936.63,failed,online,2025-07-17,NO
2376,34976,25858,1419.66,completed,online,2025-07-17,NO
3640,18528,25910,711.49,completed,online,2025-07-17,NO
1,12903,28615,698.61,failed,online,2025-07-17,NO
4407,26738,29477,797.07,failed,online,2025-07-17,NO
1178,47775,29674,1381.77,failed,online,2025-07-17,NO
272,14400,32366,1850.6,completed,online,2025-07-17,NO
449,8119,35333,225.64,completed,online,2025-07-17,NO
1547,21001,36907,1680.81,failed,online,2025-07-17,NO
4474,43587,37779,822.01,completed,online,2025-07-17,NO
2462,42358,38399,1467.62,failed,online,2025-07-17,NO
3479,25719,38599,1028.35,completed,online,2025-07-17,NO
3134,37646,39377,677.05,completed,online,2025-07-17,NO
2210,43941,39418,1084.83,completed,online,2025-07-17,NO
1064,1320,41144,1820.22,failed,online,2025-07-17,NO
2183,19238,41574,314.2,failed,online,2025-07-17,NO
748,1913,42104,1294.45,completed,online,2025-07-17,NO
2326,43098,44367,1234.02,failed,online,2025-07-17,NO
1,11638,44368,1611.58,completed,online,2025-07-17,NO
4474,21366,46299,1112.17,failed,online,2025-07-17,NO
4550,9724,47122,1831.04,completed,online,2025-07-17,NO
1,7721,48783,1246.97,failed,online,2025-07-17,NO
2075,22982,53770,605.66,failed,online,2025-07-17,NO
297,5487,54310,465.34,failed,online,2025-07-17,NO
1,36887,54507,1927.99,completed,online,2025-07-17,NO
2993,44409,55737,1252.06,failed,online,2025-07-17,NO
1,19727,56494,1949.7,failed,online,2025-07-17,NO
4918,611,57353,1846.1,completed,online,2025-07-17,NO
2048,16464,60343,720.3,failed,online,2025-07-17,NO
227,20395,60987,1227.51,failed,online,2025-07-17,NO
3400,43404,61677,639.63,failed,online,2025-07-17,NO
1,16592,62876,1764.67,failed,online,2025-07-17,NO
180,42468,67827,1826.42,failed,online,2025-07-17,NO
3695,27083,73510,672.87,failed,online,2025-07-17,NO
4838,20714,75145,1172.75,completed,online,2025-07-17,NO
1861,15185,75546,435.08,failed,online,2025-07-17,NO
2422,34824,76660,63.69,completed,online,2025-07-17,NO
3385,4376,77765,1351.74,failed,online,2025-07-17,NO
4737,13703,77882,1986.8,failed,online,2025-07-17,NO
1,46223,77942,1257.14,completed,online,2025-07-17,NO
3478,7030,78932,1571.35,completed,online,2025-07-17,NO
1,34823,79447,1201.87,completed,online,2025-07-17,NO
3540,40384,80473,1824.24,completed,online,2025-07-17,NO
1287,19817,81966,465.09,failed,online,2025-07-17,NO
1349,23867,86214,1297.09,completed,online,2025-07-17,NO
1,28653,91671,859.31,completed,online,2025-07-17,NO
300,11407,92580,1940.3,completed,online,2025-07-17,NO
4894,823,94273,70.77,failed,online,2025-07-17,NO
3273,42624,94574,1642.15,failed,online,2025-07-17,NO
584,47127,94674,973.28,failed,online,2025-07-17,NO
3765,24192,95908,1024.28,completed,online,2025-07-17,NO
2538,5654,96341,681.52,completed,online,2025-07-17,NO
1120,37302,97822,710.02,completed,online,2025-07-17,NO
1161,12164,100880,493.13,failed,online,2025-07-17,NO
2176,32150,101396,1518.74,completed,online,2025-07-17,NO
1559,45717,102155,1183.42,completed,online,2025-07-17,NO
966,33639,102860,760.75,completed,online,2025-07-17,NO
3502,9889,104546,869.77,failed,online,2025-07-17,NO
4130,29814,106913,1801.24,completed,online,2025-07-17,NO
1430,13271,107202,1350.3,completed,online,2025-07-17,NO
3138,46151,107823,1824.13,completed,online,2025-07-17,NO
4064,9664,114459,1905.21,failed,online,2025-07-17,NO
3063,27745,124540,552.44,failed,online,2025-07-17,NO
1139,2020,124674,70.1,completed,online,2025-07-17,NO
2967,24829,125523,140.71,failed,UNKNOWN,2025-07-17,NO
4713,20001,126162,712.16,completed,online,2025-07-17,NO
2571,23538,126238,354.1,failed,online,2025-07-17,NO
1518,19112,127149,1204.0,failed,online,2025-07-17,NO
2281,28665,128416,1303.06,completed,online,2025-07-17,NO
1,47490,128616,1343.14,completed,online,2025-07-17,NO
236,41903,128638,1248.81,failed,online,2025-07-17,NO
1972,15377,136278,1640.81,completed,online,2025-07-17,NO
3691,8837,136610,303.91,completed,online,2025-07-17,NO
1,23094,136718,489.17,failed,online,2025-07-17,NO
2744,18672,139966,322.91,failed,online,2025-07-17,NO
4602,17632,144064,1875.6,completed,online,2025-07-17,NO
4386,8107,144474,299.6,failed,online,2025-07-17,NO
1,35651,145746,1325.92,completed,online,2025-07-17,NO
918,25062,146191,1568.31,completed,online,2025-07-17,NO
155,9981,146291,1972.27,completed,online,2025-07-17,NO
3328,23058,63,1625.88,completed,online,2025-12-26,NO
1682,6992,564,918.46,failed,online,2025-12-26,NO
1,8750,3662,628.17,completed,online,2025-12-26,NO
2004,224,4271,112.64,failed,online,2025-12-26,NO
1,10923,7526,500.98,completed,online,2025-12-26,NO
2557,9766,8016,428.73,completed,online,2025-12-26,NO
1,9809,9350,1708.28,failed,online,2025-12-26,NO
1,24801,10946,1619.87,failed,online,2025-12-26,NO
1,14437,12633,1526.78,completed,online,2025-12-26,NO
4865,31591,12887,508.6,failed,online,2025-12-26,NO
3499,9352,17833,1839.67,completed,online,2025-12-26,NO
1,9996,19105,597.42,failed,online,2025-12-26,NO
4298,18207,22384,8700.10138424599,completed,online,2025-12-26,NO
1986,34494,27439,568.78,completed,online,2025-12-26,NO
1468,49400,30572,659.98,completed,online,2025-12-26,NO
1,24211,33642,913.75,completed,online,2025-12-26,NO
222,44927,36836,107.55,failed,online,2025-12-26,NO
1,4548,36875,1424.29,completed,online,2025-12-26,NO
3927,32045,37231,1642.23,failed,online,2025-12-26,NO
1315,42384,39344,521.3,completed,online,2025-12-26,NO
998,34284,39709,1947.96,completed,online,2025-12-26,NO
2280,39210,42252,1730.01,completed,online,2025-12-26,NO
1,43708,43767,1829.47,failed,online,2025-12-26,NO
3103,42957,47020,1476.21,completed,online,2025-12-26,NO
3098,513,48603,1767.29,completed,online,2025-12-26,NO
2544,22658,55444,1478.73,failed,online,2025-12-26,NO
3754,46311,55687,64.42,completed,online,2025-12-26,NO
3284,30709,56122,473.81,failed,online,2025-12-26,NO
3873,5867,56697,910.88,completed,online,2025-12-26,NO
181,32143,57593,1788.08,failed,online,2025-12-26,NO
3245,44255,57643,1443.87,failed,online,2025-12-26,NO
1846,25799,57805,1599.09,failed,online,2025-12-26,NO
2144,3849,57869,1295.66,failed,online,2025-12-26,NO
1967,17653,58962,1509.61,completed,online,2025-12-26,NO
1820,35929,61439,1757.43,failed,online,2025-12-26,NO
3887,12914,61586,1223.45,failed,online,2025-12-26,NO
4989,31015,62248,238.51,failed,online,2025-12-26,NO
1,37598,62803,156.21,completed,online,2025-12-26,NO
1,17774,62920,1670.01,failed,online,2025-12-26,NO
3055,44016,65531,950.69,completed,online,2025-12-26,NO
1,14963,69837,217.91,failed,online,2025-12-26,NO
3313,9680,70338,1470.71,failed,online,2025-12-26,NO
3369,4540,72210,326.83,failed,online,2025-12-26,NO
2117,5385,72747,599.78,failed,online,2025-12-26,NO
1,45568,74672,948.21,failed,online,2025-12-26,NO
1,9126,77041,1800.71,completed,online,2025-12-26,NO
1,23320,78607,1470.93,completed,UNKNOWN,2025-12-26,NO
4677,4613,78966,994.93,failed,online,2025-12-26,NO
1,30983,79500,865.69,completed,online,2025-12-26,NO
4012,9830,80732,543.85,failed,online,2025-12-26,NO
623,12492,86008,1918.37,failed,online,2025-12-26,NO
1048,2244,87498,1379.19,failed,online,2025-12-26,NO
1760,36726,89046,1352.98,failed,online,2025-12-26,NO
1,24430,89085,718.0,failed,online,2025-12-26,NO
1,43838,89390,183.65,completed,online,2025-12-26,NO
1525,42108,90017,1287.0,completed,online,2025-12-26,NO
2512,35128,90823,1734.12,failed,online,2025-12-26,NO
1932,43282,91851,877.72,completed,online,2025-12-26,NO
3396,805,93990,461.15,failed,online,2025-12-26,NO
1955,20475,94037,380.66,failed,online,2025-12-26,NO
3325,42542,95103,975.11,failed,online,2025-12-26,NO
1762,44359,95239,1421.02,completed,online,2025-12-26,NO
316,34335,95350,95.36,completed,online,2025-12-26,NO
883,11257,96678,165.29,completed,online,2025-12-26,NO
2540,19060,97623,1121.34,completed,online,2025-12-26,NO
511,37079,97943,1655.09,completed,online,2025-12-26,NO
2728,28171,98278,1343.25,failed,online,2025-12-26,NO
4379,19167,98575,1445.81,failed,online,2025-12-26,NO
563,7451,99637,1638.96,failed,online,2025-12-26,NO
2362,30834,101127,504.87,completed,online,2025-12-26,NO
3796,43572,103113,1843.08,completed,online,2025-12-26,NO
2092,30803,105692,1229.14,failed,online,2025-12-26,NO
2225,28289,109393,412.79,failed,online,2025-12-26,NO
4576,15761,109924,1206.7,failed,online,2025-12-26,NO
1082,35116,110554,626.45,completed,online,2025-12-26,NO
4526,31392,110723,852.84,failed,online,2025-12-26,NO
2714,31636,110931,892.34,completed,online,2025-12-26,NO
1,40044,111907,1691.75,failed,online,2025-12-26,NO
2073,13836,112259,578.37,failed,online,2025-12-26,NO
4940,21117,115317,1087.03,completed,online,2025-12-26,NO
1,49935,116002,185.96,completed,online,2025-12-26,NO
4791,10797,116550,923.58,failed,online,2025-12-26,NO
2339,37508,120310,1675.41,completed,online,2025-12-26,NO
1232,31165,123344,603.89,failed,online,2025-12-26,NO
4960,8616,125880,121.12,completed,online,2025-12-26,NO
4828,45022,128524,1932.36,failed,online,2025-12-26,NO
3986,31015,128654,1091.37,completed,online,2025-12-26,NO
2546,26417,133550,1138.67,completed,online,2025-12-26,NO
4096,747,136939,1889.15,failed,online,2025-12-26,NO
2517,43259,137981,1553.25,completed,online,2025-12-26,NO
1,16677,138770,775.86,completed,online,2025-12-26,NO
1,19366,140678,828.99,completed,online,2025-12-26,NO
2908,48599,143591,975.95,completed,online,2025-12-26,NO
888,13311,146458,1292.95,completed,online,2025-12-26,NO
1683,25448,147133,1489.18,completed,online,2025-12-26,NO
2492,21374,147480,73.46,completed,online,2025-12-26,NO
1,28784,148082,164.24,completed,online,2025-12-26,NO
1,38712,1470,1468.47,completed,online,2025-12-27,NO
4384,9823,2912,1612.3,failed,online,2025-12-27,NO
1145,23445,3158,1706.02,completed,online,2025-12-27,NO
2745,24236,3398,1291.77,failed,online,2025-12-27,NO
3831,37173,3803,513.82,failed,UNKNOWN,2025-12-27,NO
1374,41185,5393,1867.5,failed,online,2025-12-27,NO
830,7494,5661,1557.76,failed,online,2025-12-27,NO
350,21531,6653,123.96,failed,online,2025-12-27,NO
1,49183,7774,590.45,completed,online,2025-12-27,NO
3784,30105,7907,1278.32,completed,online,2025-12-27,NO
243,28413,8731,612.12,failed,online,2025-12-27,NO
650,15520,10476,385.56,failed,online,2025-12-27,NO
4819,48826,11145,1264.88,completed,online,2025-12-27,NO
12,26910,14172,209.3,failed,online,2025-12-27,NO
4401,3503,15985,771.63,completed,online,2025-12-27,NO
2809,18735,16970,87.94,completed,online,2025-12-27,NO
1,37502,17978,423.7,completed,online,2025-12-27,NO
2651,34126,19181,14.22,failed,online,2025-12-27,NO
1203,25999,19919,1068.58,failed,online,2025-12-27,NO
3563,12295,21481,1693.08,failed,online,2025-12-27,NO
172,1371,24170,1423.79,failed,online,2025-12-27,NO
1861,24713,25646,419.35,failed,online,2025-12-27,NO
1,25508,27170,1603.06,completed,online,2025-12-27,NO
2063,5913,29028,540.05,completed,online,2025-12-27,NO
1,13027,29169,1041.55,failed,online,2025-12-27,NO
635,19700,31539,643.95,failed,online,2025-12-27,NO
1307,45437,32058,1548.22,failed,online,2025-12-27,NO
1,1210,32913,1183.57,completed,online,2025-12-27,NO
3116,22433,33996,27.43,failed,online,2025-12-27,NO
1873,33641,34473,196.38,failed,online,2025-12-27,NO
554,19784,37621,1831.64,failed,online,2025-12-27,NO
3132,38205,38061,1520.6,completed,online,2025-12-27,NO
1080,48646,41146,1510.96,failed,online,2025-12-27,NO
3655,14956,41353,527.9,failed,online,2025-12-27,NO
463,8696,41529,473.59,failed,online,2025-12-27,NO
1,29403,42473,1704.27,failed,online,2025-12-27,NO
2004,10362,42784,963.68,failed,online,2025-12-27,NO
4071,47388,44252,1861.08,completed,online,2025-12-27,NO
2869,43455,45255,613.08,completed,online,2025-12-27,NO
3425,6566,45841,228.04,completed,online,2025-12-27,NO
3033,16874,46325,539.85,failed,online,2025-12-27,NO
1825,31483,47397,1365.34,completed,online,2025-12-27,NO
3691,5041,49210,197.01,failed,online,2025-12-27,NO
2119,32923,50503,1240.13,failed,online,2025-12-27,NO
3294,12605,50811,237.77,failed,online,2025-12-27,NO
1975,7754,53015,1353.97,failed,online,2025-12-27,NO
4506,5659,53794,201.87,completed,online,2025-12-27,NO
3880,10916,57110,396.14,completed,online,2025-12-27,NO
2651,1835,57874,1867.42,completed,online,2025-12-27,NO
535,19311,61037,11.81,failed,online,2025-12-27,NO
4712,13376,61512,305.67,completed,online,2025-12-27,NO
4628,49992,65499,120.35,failed,online,2025-12-27,NO
607,40246,66130,808.63,failed,online,2025-12-27,NO
2625,14881,67859,1285.16,completed,online,2025-12-27,NO
3862,37747,67919,928.2,completed,online,2025-12-27,NO
549,670,70698,135.59,completed,online,2025-12-27,NO
2076,5915,70819,417.79,failed,online,2025-12-27,NO
1512,13395,76246,1671.54,completed,online,2025-12-27,NO
596,17006,77845,1247.82,failed,online,2025-12-27,NO
2905,1183,80035,360.79,failed,UNKNOWN,2025-12-27,NO
1,11700,82686,211.42,failed,online,2025-12-27,NO
2517,45290,84197,1040.06,completed,online,2025-12-27,NO
1569,9734,84735,169.15,completed,online,2025-12-27,NO
1,19711,86922,1222.85,completed,online,2025-12-27,NO
1402,46553,90138,1812.52,completed,UNKNOWN,2025-12-27,NO
4845,29509,92319,680.4,failed,online,2025-12-27,NO
2280,6512,92880,1527.84,completed,online,2025-12-27,NO
324,9908,93129,1349.29,completed,online,2025-12-27,NO
273,29845,95181,1352.56,completed,online,2025-12-27,NO
1,39663,96073,1515.81,completed,online,2025-12-27,NO
4785,30219,97635,1891.61,failed,online,2025-12-27,NO
4784,37848,97958,147.05,completed,online,2025-12-27,NO
2062,5149,98678,1780.9,completed,online,2025-12-27,NO
2422,530,99074,1984.77,completed,online,2025-12-27,NO
1577,44606,100357,268.96,completed,online,2025-12-27,NO
4462,13424,101581,1237.8,completed,online,2025-12-27,NO
1814,10368,104539,171.8,completed,online,2025-12-27,NO
1744,25407,106150,1300.48,failed,online,2025-12-27,NO
2337,15018,107764,1906.89,failed,online,2025-12-27,NO
1500,45994,121536,1119.6,failed,online,2025-12-27,NO
1655,43655,123435,690.14,failed,online,2025-12-27,NO
1,28852,123737,1999.93,completed,online,2025-12-27,NO
3531,23063,127247,1613.09,failed,online,2025-12-27,NO
2234,36656,128064,470.01,completed,online,2025-12-27,NO
427,33155,128222,1572.86,failed,online,2025-12-27,NO
1728,31534,129280,1907.89,completed,online,2025-12-27,NO
4167,26670,130476,239.02,completed,online,2025-12-27,NO
4545,48789,130797,1123.34,completed,online,2025-12-27,NO
39,28986,133042,1932.63,failed,online,2025-12-27,NO
1,9701,134488,552.65,failed,online,2025-12-27,NO
1395,39249,136329,1960.81,completed,online,2025-12-27,NO
1770,47840,137791,354.85,failed,online,2025-12-27,NO
1201,1110,139221,6236.619144598818,failed,online,2025-12-27,NO
3728,20326,141773,1093.99,failed,online,2025-12-27,NO
1,28207,144721,1902.77,failed,online,2025-12-27,NO
4703,30862,147311,180.53,failed,online,2025-12-27,NO
4879,32494,148151,736.76,completed,online,2025-12-27,NO
810,34753,1984,1916.47,completed,UNKNOWN,2025-06-17,NO
2298,23316,3874,729.75,failed,online,2025-06-17,NO
1,17462,4701,446.02,completed,online,2025-06-17,NO
1888,47216,5107,48.19,completed,online,2025-06-17,NO
4950,5078,5698,829.38,failed,online,2025-06-17,NO
4441,19824,6589,1433.24,completed,online,2025-06-17,NO
4218,12282,7277,524.14,failed,online,2025-06-17,NO
1,17676,9795,468.75,failed,online,2025-06-17,NO
2108,34397,11731,118.5,completed,online,2025-06-17,NO
4208,40907,16324,945.1,failed,online,2025-06-17,NO
1,18712,17622,1289.82,failed,online,2025-06-17,NO
337,41224,20426,106.4,completed,online,2025-06-17,NO
854,41919,20972,1813.18,failed,online,2025-06-17,NO
2332,1736,21426,1091.09,failed,online,2025-06-17,NO
2970,28533,22121,1920.14,failed,online,2025-06-17,NO
1679,27922,23853,1171.82,completed,online,2025-06-17,NO
3115,29110,23920,192.23,failed,online,2025-06-17,NO
2104,4821,25206,301.77,completed,online,2025-06-17,NO
944,1590,25307,1013.74,failed,online,2025-06-17,NO
4544,47907,26641,1560.77,failed,online,2025-06-17,NO
2359,6579,27216,529.79,completed,online,2025-06-17,NO
784,8556,28364,236.31,failed,online,2025-06-17,NO
1763,5416,30162,1767.91,completed,online,2025-06-17,NO
3961,40173,30991,1101.04,failed,online,2025-06-17,NO
2428,12548,31883,1811.69,completed,online,2025-06-17,NO
183,20803,32887,50.24,failed,online,2025-06-17,NO
2070,16141,33423,1346.3,failed,online,2025-06-17,NO
4912,33917,35749,887.23,failed,online,2025-06-17,NO
1574,41122,35750,1226.86,failed,online,2025-06-17,NO
4409,7347,35941,201.75,completed,online,2025-06-17,NO
2275,1531,38192,1983.41,completed,online,2025-06-17,NO
1,21949,41891,645.48,completed,online,2025-06-17,NO
2761,21938,42831,432.94,completed,online,2025-06-17,NO
1,20463,42904,1712.55,failed,online,2025-06-17,NO
81,43165,42915,243.44,completed,online,2025-06-17,NO
1632,38867,43217,1767.43,completed,online,2025-06-17,NO
1,45733,45479,740.97,completed,online,2025-06-17,NO
2449,13538,45503,1359.07,failed,online,2025-06-17,NO
1835,8520,48066,367.56,failed,online,2025-06-17,NO
1,44433,48879,366.41,completed,online,2025-06-17,NO
3880,41317,50644,1601.22,failed,online,2025-06-17,NO
883,39537,50689,1961.77,failed,online,2025-06-17,NO
475,14373,50970,627.43,completed,online,2025-06-17,NO
2150,36109,51220,8406.235161753491,failed,online,2025-06-17,NO
3088,10112,54634,158.52,completed,online,2025-06-17,NO
1,40900,59849,552.49,completed,online,2025-06-17,NO
2599,49349,59869,590.01,completed,online,2025-06-17,NO
2435,11162,60778,309.87,failed,online,2025-06-17,NO
934,15243,61301,1165.09,completed,online,2025-06-17,NO
992,20308,62324,72.73,failed,online,2025-06-17,NO
48,16841,66550,642.08,failed,online,2025-06-17,NO
4110,25345,67237,759.19,completed,online,2025-06-17,NO
1,19769,68942,997.36,completed,online,2025-06-17,NO
2754,42723,69452,678.74,failed,online,2025-06-17,NO
3482,34975,76038,366.41,failed,online,2025-06-17,NO
230,28036,79405,972.19,completed,online,2025-06-17,NO
1,29971,81170,742.22,failed,online,2025-06-17,NO
1,41676,82085,1985.62,completed,online,2025-06-17,NO
1,25808,82761,12.63,completed,online,2025-06-17,NO
3195,29800,89160,77.85,failed,online,2025-06-17,NO
2141,33342,89964,1013.37,failed,online,2025-06-17,NO
1,22330,90975,264.37,failed,online,2025-06-17,NO
1253,5004,94904,1982.75,failed,online,2025-06-17,NO
2415,4913,95387,1381.05,completed,online,2025-06-17,NO
2209,23632,96864,1422.66,failed,online,2025-06-17,NO
3857,40958,97559,776.85,failed,online,2025-06-17,NO
1682,28077,98799,1515.36,failed,online,2025-06-17,NO
3935,32857,101750,1520.04,completed,online,2025-06-17,NO
1283,25278,103068,256.06,completed,online,2025-06-17,NO
1289,30949,103404,1917.51,failed,online,2025-06-17,NO
962,23731,105098,228.53,completed,UNKNOWN,2025-06-17,NO
339,17265,105552,587.92,failed,online,2025-06-17,NO
3051,8788,107220,1380.76,failed,online,2025-06-17,NO
1657,47406,107550,181.94,completed,online,2025-06-17,NO
571,35121,112283,1548.59,failed,online,2025-06-17,NO
1,28363,116407,623.02,failed,online,2025-06-17,NO
4346,48276,117086,677.02,completed,online,2025-06-17,NO
1392,36009,119536,1461.04,completed,online,2025-06-17,NO
3019,13337,119806,1963.6,failed,online,2025-06-17,NO
2315,37622,121029,1564.85,completed,online,2025-06-17,NO
255,6535,121136,163.01,failed,online,2025-06-17,NO
3202,35010,125181,270.27,failed,online,2025-06-17,NO
4243,2814,127520,1534.59,completed,online,2025-06-17,NO
4839,46987,127757,753.05,failed,online,2025-06-17,NO
3112,534,131584,1090.26,failed,online,2025-06-17,NO
3641,5983,131872,541.47,failed,online,2025-06-17,NO
2746,41100,136640,1156.56,completed,online,2025-06-17,NO
4037,10639,137284,192.21,completed,online,2025-06-17,NO
4594,44545,138668,876.62,completed,online,2025-06-17,NO
4365,11052,140653,658.95,failed,online,2025-06-17,NO
2723,12014,142366,1903.48,completed,online,2025-06-17,NO
4110,2334,144444,550.08,completed,online,2025-06-17,NO
65,13482,147692,659.76,failed,online,2025-06-17,NO
4149,12406,148247,1370.44,failed,online,2025-06-17,NO
3190,4641,149175,385.26,completed,online,2025-06-17,NO
3816,14962,149265,43.78,failed,online,2025-06-17,NO
1236,47767,149333,1087.55,failed,online,2025-06-17,NO
3732,3532,983,1725.66,failed,online,2025-10-15,NO
2876,29553,2831,1328.54,completed,online,2025-10-15,NO
1458,37471,3125,1345.92,completed,online,2025-10-15,NO
3017,18955,4016,429.88,failed,online,2025-10-15,NO
2464,35395,5206,157.7,completed,online,2025-10-15,NO
1408,25030,5577,1140.25,completed,online,2025-10-15,NO
3575,36294,6365,1318.57,completed,online,2025-10-15,NO
1028,6840,9088,325.9,failed,online,2025-10-15,NO
3465,36152,10115,1063.79,completed,online,2025-10-15,NO
1,15174,11132,1875.91,completed,online,2025-10-15,NO
2985,42658,11703,252.22,completed,online,2025-10-15,NO
1935,38004,11847,1037.94,completed,online,2025-10-15,NO
4196,32463,15319,1717.59,failed,online,2025-10-15,NO
1146,15329,19306,404.68,completed,online,2025-10-15,NO
1,28398,20336,1220.88,failed,online,2025-10-15,NO
4826,39487,21845,1295.44,failed,online,2025-10-15,NO
1,21588,23116,6913.547417931402,completed,online,2025-10-15,NO
711,15032,26275,226.26,failed,online,2025-10-15,NO
2720,1409,27230,371.58,failed,online,2025-10-15,NO
2507,28132,30714,894.7,failed,online,2025-10-15,NO
1479,40773,32157,1096.99,completed,online,2025-10-15,NO
3675,44382,32894,979.15,completed,online,2025-10-15,NO
632,7331,34085,1110.5,completed,online,2025-10-15,NO
357,20677,38646,1301.81,completed,online,2025-10-15,NO
1109,47685,39472,1937.51,failed,online,2025-10-15,NO
126,39170,42029,167.58,failed,online,2025-10-15,NO
2429,5948,42220,1966.1,completed,online,2025-10-15,NO
1,31296,42464,1018.54,failed,online,2025-10-15,NO
992,48942,42679,618.6,failed,online,2025-10-15,NO
1,7548,43059,419.27,failed,online,2025-10-15,NO
4142,33533,52834,640.03,completed,online,2025-10-15,NO
1,32624,53937,1692.94,completed,online,2025-10-15,NO
2532,34672,56922,464.52,completed,online,2025-10-15,NO
1,33429,57295,1301.77,failed,online,2025-10-15,NO
3895,48677,57544,1050.06,failed,online,2025-10-15,NO
1648,978,57832,788.89,completed,online,2025-10-15,NO
898,47978,59058,1724.99,failed,online,2025-10-15,NO
2845,22699,62054,1545.5,completed,online,2025-10-15,NO
4578,20528,63251,1591.39,completed,online,2025-10-15,NO
3371,35655,63425,960.52,failed,online,2025-10-15,NO
3747,46836,63719,322.98,completed,online,2025-10-15,NO
4814,8199,69884,934.57,completed,online,2025-10-15,NO
4864,36517,71052,348.37,completed,online,2025-10-15,NO
1966,37312,71303,212.1,completed,online,2025-10-15,NO
38,10252,71624,197.04,completed,online,2025-10-15,NO
4545,49848,73133,899.11,failed,online,2025-10-15,NO
1,39342,73875,1365.1,failed,online,2025-10-15,NO
2048,23108,75322,850.54,completed,online,2025-10-15,NO
4799,30164,77349,1845.69,completed,online,2025-10-15,NO
1179,46084,78287,1393.75,failed,online,2025-10-15,NO
4113,13705,78626,651.11,completed,online,2025-10-15,NO
3906,37857,78930,1855.4,failed,online,2025-10-15,NO
4122,8353,79725,526.92,completed,online,2025-10-15,NO
1176,18743,81022,1734.64,failed,online,2025-10-15,NO
1,47014,82477,716.29,completed,online,2025-10-15,NO
1759,42056,83839,1069.46,completed,online,2025-10-15,NO
1734,14651,83940,229.54,failed,online,2025-10-15,NO
61,10358,83969,1252.51,failed,online,2025-10-15,NO
3814,21090,84355,1375.98,failed,online,2025-10-15,NO
3339,31248,84993,289.11,failed,online,2025-10-15,NO
1,27253,87727,55.77,completed,online,2025-10-15,NO
675,49328,88497,1666.61,failed,online,2025-10-15,NO
1464,24414,89280,1869.63,completed,online,2025-10-15,NO
429,26587,92264,1092.24,failed,online,2025-10-15,NO
2188,32129,94494,1086.65,completed,online,2025-10-15,NO
279,41558,95342,1311.0,completed,online,2025-10-15,NO
2310,43654,95962,409.11,completed,online,2025-10-15,NO
4503,38862,96176,1078.16,completed,online,2025-10-15,NO
4428,28665,100341,1936.31,completed,online,2025-10-15,NO
4932,45108,101986,1158.02,completed,online,2025-10-15,NO
1513,47302,103211,421.69,failed,online,2025-10-15,NO
4667,40122,103764,998.65,completed,online,2025-10-15,NO
4159,46464,109635,973.7,completed,online,2025-10-15,NO
4603,4145,110853,1280.75,completed,online,2025-10-15,NO
3200,23212,112193,694.99,failed,online,2025-10-15,NO
5,918,116244,696.66,failed,online,2025-10-15,NO
204,476,120402,1963.34,completed,online,2025-10-15,NO
2063,27014,121027,1219.85,failed,online,2025-10-15,NO
1538,9438,124559,34.91,completed,online,2025-10-15,NO
1769,35037,124634,715.8,failed,online,2025-10-15,NO
238,22693,125410,150.65,completed,online,2025-10-15,NO
3578,19180,127527,1085.82,completed,online,2025-10-15,NO
1,43509,130131,543.82,completed,online,2025-10-15,NO
1,26284,130286,1980.01,completed,online,2025-10-15,NO
1829,43817,130658,1931.39,completed,online,2025-10-15,NO
4999,16151,132893,889.22,failed,online,2025-10-15,NO
1693,198,133080,1728.62,completed,online,2025-10-15,NO
1,40265,134599,106.28,failed,online,2025-10-15,NO
2247,12164,135372,1272.56,completed,online,2025-10-15,NO
197,4354,136961,373.74,failed,online,2025-10-15,NO
3236,3027,142026,324.86,completed,online,2025-10-15,NO
2410,8004,142758,1472.69,failed,online,2025-10-15,NO
1086,25031,142888,396.33,failed,UNKNOWN,2025-10-15,NO
621,19684,144214,721.92,completed,online,2025-10-15,NO
4843,35820,144755,1983.64,failed,online,2025-10-15,NO
774,44051,147614,224.3,completed,online,2025-10-15,NO
1,36230,292,1465.22,failed,online,2025-09-09,NO
3529,44072,3049,301.21,completed,online,2025-09-09,NO
994,36433,3383,1353.27,failed,online,2025-09-09,NO
1,33662,12452,1020.59,failed,online,2025-09-09,NO
426,11319,12576,1538.37,failed,online,2025-09-09,NO
4678,12018,15562,1734.85,failed,online,2025-09-09,NO
662,17157,16336,1677.0,completed,online,2025-09-09,NO
290,22990,16655,1264.26,completed,online,2025-09-09,NO
2742,4464,17111,1901.85,failed,online,2025-09-09,NO
822,45564,20559,1647.54,failed,online,2025-09-09,NO
4700,3342,21470,404.65,completed,online,2025-09-09,NO
1,49711,22911,885.5,completed,online,2025-09-09,NO
2427,15885,23091,1401.78,failed,online,2025-09-09,NO
1985,31102,23751,1251.81,failed,online,2025-09-09,NO
1,5030,26028,1263.56,completed,online,2025-09-09,NO
703,30937,29870,278.29,completed,online,2025-09-09,NO
1,43406,31603,1939.51,failed,online,2025-09-09,NO
878,39034,32219,1561.44,failed,online,2025-09-09,NO
1,35831,33799,660.75,completed,online,2025-09-09,NO
811,36971,38528,280.77,completed,online,2025-09-09,NO
2747,22826,42016,1527.22,failed,online,2025-09-09,NO
672,7725,43277,1242.32,failed,online,2025-09-09,NO
1,25685,44351,163.77,completed,online,2025-09-09,NO
1,5501,45147,265.34,failed,online,2025-09-09,NO
4928,40202,47599,188.74,failed,online,2025-09-09,NO
2981,42032,52032,975.37,completed,online,2025-09-09,NO
1,13287,53284,1099.03,failed,online,2025-09-09,NO
3218,1513,54505,551.48,completed,online,2025-09-09,NO
1801,31217,54782,1495.78,failed,online,2025-09-09,NO
850,43760,56449,1324.33,completed,online,2025-09-09,NO
2863,37366,59022,1171.11,failed,online,2025-09-09,NO
1,48074,61285,1741.76,failed,online,2025-09-09,NO
1,3633,61415,1489.22,completed,online,2025-09-09,NO
1,49840,63809,1042.59,completed,online,2025-09-09,NO
1,40265,68143,1916.22,completed,online,2025-09-09,NO
748,22760,70675,1896.16,completed,online,2025-09-09,NO
1825,39548,74654,1220.93,failed,online,2025-09-09,NO
3774,34695,76466,409.59,failed,UNKNOWN,2025-09-09,NO
3360,43608,76961,812.6,failed,online,2025-09-09,NO
1,18286,79656,1940.83,failed,online,2025-09-09,NO
2943,27217,79718,29.02,completed,online,2025-09-09,NO
1328,28169,79745,476.8,failed,online,2025-09-09,NO
2585,6628,80364,1671.46,failed,online,2025-09-09,NO
3475,12030,81829,1010.18,completed,online,2025-09-09,NO
1,12478,82552,1522.36,completed,online,2025-09-09,NO
2785,44698,83061,1891.91,failed,online,2025-09-09,NO
1,5846,83455,930.98,failed,online,2025-09-09,NO
3927,44543,86961,1171.63,completed,online,2025-09-09,NO
4396,46792,87678,201.37,failed,online,2025-09-09,NO
4769,49196,88169,1415.24,completed,online,2025-09-09,NO
1580,23441,88494,1501.72,failed,online,2025-09-09,NO
3212,29591,89121,1363.08,failed,online,2025-09-09,NO
1,9214,89493,7590.466272311115,completed,online,2025-09-09,NO
1,30661,90876,177.03,failed,online,2025-09-09,NO
1,13861,94051,1857.49,failed,online,2025-09-09,NO
3326,2747,94298,675.52,completed,UNKNOWN,2025-09-09,NO
4542,15328,94619,874.16,completed,online,2025-09-09,NO
3766,38207,95485,992.74,completed,online,2025-09-09,NO
4524,15218,96896,1256.6,completed,online,2025-09-09,NO
1,4394,98170,654.25,completed,online,2025-09-09,NO
1677,31727,100599,1350.99,completed,online,2025-09-09,NO
237,35305,100611,1635.61,completed,online,2025-09-09,NO
4422,16313,101530,467.16,failed,online,2025-09-09,NO
1,9766,104541,678.62,failed,online,2025-09-09,NO
3775,18967,104870,1650.55,completed,online,2025-09-09,NO
494,42753,106984,973.06,completed,online,2025-09-09,NO
191,1108,107263,267.91,failed,UNKNOWN,2025-09-09,NO
4041,28412,108729,764.63,completed,online,2025-09-09,NO
887,44600,109605,523.0,failed,online,2025-09-09,NO
1730,4240,111000,1562.16,failed,online,2025-09-09,NO
3761,23340,111101,873.44,completed,online,2025-09-09,NO
2733,24008,112207,1814.17,completed,online,2025-09-09,NO
1,21085,114592,1105.4,completed,online,2025-09-09,NO
3193,44454,119177,1714.12,failed,online,2025-09-09,NO
4930,42779,122495,1798.49,failed,online,2025-09-09,NO
2557,9028,123372,1030.57,completed,online,2025-09-09,NO
1378,13462,124169,31.66,failed,online,2025-09-09,NO
1,9218,124894,235.64,completed,online,2025-09-09,NO
231,20610,131822,465.96,failed,online,2025-09-09,NO
1,27989,132752,444.15,failed,online,2025-09-09,NO
2828,6068,137196,1754.91,failed,online,2025-09-09,NO
797,30510,137285,82.36,failed,online,2025-09-09,NO
4346,15892,139939,912.9,completed,online,2025-09-09,NO
392,28739,140026,640.33,completed,online,2025-09-09,NO
4129,6151,140386,1260.65,completed,online,2025-09-09,NO
1800,40226,140498,689.69,completed,online,2025-09-09,NO
3867,2879,140652,416.48,failed,online,2025-09-09,NO
1,17351,140878,1383.72,completed,online,2025-09-09,NO
1,21526,141012,784.3,failed,online,2025-09-09,NO
3870,5611,144548,470.24,completed,online,2025-09-09,NO
3131,8220,145230,660.36,completed,online,2025-09-09,NO
1,40369,145863,1660.52,failed,online,2025-09-09,NO
3977,25216,147811,27.69,failed,online,2025-09-09,NO
3980,11893,147876,1507.86,failed,online,2025-09-09,NO
4709,18232,148036,1391.93,completed,online,2025-09-09,NO
2756,20910,149137,909.06,completed,online,2025-09-09,NO
3521,45928,149641,1202.17,completed,online,2025-09-09,NO
93,4716,1140,1072.92,completed,online,2025-08-12,NO
1520,39223,6001,1615.64,failed,online,2025-08-12,NO
820,29444,8670,779.17,completed,online,2025-08-12,NO
1231,42650,9554,1897.31,completed,online,2025-08-12,NO
835,25657,11049,169.17,completed,online,2025-08-12,NO
3215,28863,12426,1176.75,completed,online,2025-08-12,NO
4859,45998,12499,1975.75,completed,online,2025-08-12,NO
3229,28082,13143,1822.1,completed,online,2025-08-12,NO
1520,22268,14405,1490.91,failed,online,2025-08-12,NO
3267,27293,14599,1742.8,completed,online,2025-08-12,NO
2475,11383,21355,1736.09,failed,online,2025-08-12,NO
3449,18061,23075,1095.85,completed,online,2025-08-12,NO
1,25537,23896,1994.36,failed,online,2025-08-12,NO
4253,6302,27797,1904.98,failed,online,2025-08-12,NO
4997,468,28382,1825.76,failed,online,2025-08-12,NO
1531,29249,29062,504.72,failed,online,2025-08-12,NO
1,15389,31757,491.87,failed,online,2025-08-12,NO
1,28233,31910,141.38,completed,online,2025-08-12,NO
4714,10227,32348,1664.94,completed,online,2025-08-12,NO
3045,15040,32524,1616.01,completed,online,2025-08-12,NO
951,7500,34877,130.46,failed,online,2025-08-12,NO
533,26892,37453,559.09,failed,online,2025-08-12,NO
2319,47992,38860,1937.95,failed,online,2025-08-12,NO
3118,34883,40350,1731.05,completed,online,2025-08-12,NO
1457,180,40885,605.36,completed,online,2025-08-12,NO
1708,10551,42636,127.35,failed,online,2025-08-12,NO
1,13029,45522,1098.64,completed,online,2025-08-12,NO
3431,48069,46495,980.88,failed,online,2025-08-12,NO
1,47357,47879,77.73,failed,online,2025-08-12,NO
3342,19128,48390,1992.3,failed,online,2025-08-12,NO
1061,16444,49007,875.48,failed,online,2025-08-12,NO
4666,31970,50708,749.51,completed,online,2025-08-12,NO
1500,33951,51286,639.48,failed,online,2025-08-12,NO
2511,19738,51680,604.73,failed,online,2025-08-12,NO
3473,8941,52418,718.82,failed,online,2025-08-12,NO
1762,15131,52633,1108.68,failed,online,2025-08-12,NO
1215,22926,57785,1967.65,completed,online,2025-08-12,NO
4321,47717,60137,428.86,completed,online,2025-08-12,NO
587,47166,61403,336.96,failed,online,2025-08-12,NO
2241,48093,67058,59.23,completed,online,2025-08-12,NO
2069,20844,72285,810.69,completed,online,2025-08-12,NO
2516,34778,74531,1063.25,failed,online,2025-08-12,NO
3974,9205,74818,1713.9,failed,online,2025-08-12,NO
4985,16034,75215,1074.7,completed,online,2025-08-12,NO
2374,6125,75295,1281.03,completed,online,2025-08-12,NO
1,43374,77691,1133.53,failed,online,2025-08-12,NO
3595,12578,80792,965.38,completed,online,2025-08-12,NO
1116,38172,83081,192.69,completed,online,2025-08-12,NO
4072,17269,84054,1012.81,failed,online,2025-08-12,NO
3080,820,84366,1245.62,completed,online,2025-08-12,NO
1975,31915,94584,501.82,failed,online,2025-08-12,NO
253,3830,95070,373.11,failed,online,2025-08-12,NO
2440,22744,95804,231.23,completed,online,2025-08-12,NO
2483,43441,96666,1835.13,failed,online,2025-08-12,NO
1,8380,96799,958.93,failed,online,2025-08-12,NO
4143,22168,97220,111.6,completed,online,2025-08-12,NO
2510,11792,97628,1074.83,completed,online,2025-08-12,NO
4603,43173,101876,1544.72,completed,online,2025-08-12,NO
617,595,102249,206.9,completed,online,2025-08-12,NO
2763,20127,102369,12.15,completed,online,2025-08-12,NO
1441,37806,105092,1146.18,completed,online,2025-08-12,NO
1,17629,105624,1614.81,completed,online,2025-08-12,NO
3767,22328,109148,295.32,completed,online,2025-08-12,NO
2635,21719,110437,832.72,completed,online,2025-08-12,NO
1299,36014,110810,1473.34,completed,online,2025-08-12,NO
4384,43569,111628,1180.7,completed,online,2025-08-12,NO
2254,40986,111737,333.23,failed,online,2025-08-12,NO
2592,1196,112141,57.37,failed,online,2025-08-12,NO
3996,13086,112894,1547.34,completed,online,2025-08-12,NO
1,42652,116277,1555.8,completed,online,2025-08-12,NO
4963,26971,116691,92.33,completed,online,2025-08-12,NO
1004,25878,118457,1913.25,failed,online,2025-08-12,NO
1,31481,119265,1123.73,completed,online,2025-08-12,NO
743,22696,119447,68.2,completed,online,2025-08-12,NO
3820,14503,119764,1707.96,failed,online,2025-08-12,NO
4328,29788,120166,984.39,completed,online,2025-08-12,NO
2136,8927,121887,266.81,failed,online,2025-08-12,NO
1380,47794,123684,125.23,completed,online,2025-08-12,NO
1,11281,123768,1603.39,failed,online,2025-08-12,NO
3814,12569,123807,824.0,completed,online,2025-08-12,NO
3080,34069,124075,1240.87,completed,online,2025-08-12,NO
2004,47970,124490,1921.9,completed,online,2025-08-12,NO
974,7063,125085,629.6,completed,online,2025-08-12,NO
4436,23454,125563,1156.38,failed,online,2025-08-12,NO
1879,12250,130918,1504.94,completed,online,2025-08-12,NO
4675,37658,136355,1103.15,failed,online,2025-08-12,NO
1,28601,137852,1092.92,completed,online,2025-08-12,NO
3874,10733,137983,816.12,completed,online,2025-08-12,NO
4794,35937,138204,439.97,failed,online,2025-08-12,NO
1429,48254,139761,517.24,failed,online,2025-08-12,NO
3626,9458,140631,328.52,completed,online,2025-08-12,NO
686,19719,142402,140.92,failed,online,2025-08-12,NO
1,21539,143914,1777.86,failed,online,2025-08-12,NO
3319,47958,144936,309.09,completed,online,2025-08-12,NO
344,34133,148481,797.21,failed,online,2025-08-12,NO
1,39911,148821,396.61,failed,online,2025-08-12,NO
1,33542,1905,594.37,completed,online,2025-11-26,NO
1260,40298,2211,1348.41,completed,online,2025-11-26,NO
936,4978,3412,1668.85,completed,online,2025-11-26,NO
1,44650,3938,1648.66,failed,online,2025-11-26,NO
1,40015,5515,590.74,completed,online,2025-11-26,NO
2279,21487,7442,1590.0,failed,online,2025-11-26,NO
1249,17464,9118,724.16,completed,online,2025-11-26,NO
3860,37001,9447,291.64,failed,online,2025-11-26,NO
1884,16030,10665,603.11,failed,online,2025-11-26,NO
1,10558,19817,1928.32,completed,online,2025-11-26,NO
2695,48762,20419,350.56,completed,online,2025-11-26,NO
3089,37738,20537,1949.16,failed,online,2025-11-26,NO
589,24484,21996,96.73,completed,online,2025-11-26,NO
2610,31599,22286,867.2,completed,online,2025-11-26,NO
1527,6484,25034,1316.03,failed,online,2025-11-26,NO
150,33261,25312,789.63,completed,online,2025-11-26,NO
2027,12886,26597,1057.58,completed,online,2025-11-26,NO
1058,17675,27887,1650.76,completed,online,2025-11-26,NO
2647,27240,29040,230.2,completed,online,2025-11-26,NO
1292,44393,30775,1104.36,completed,online,2025-11-26,NO
1958,17340,32743,209.2,completed,online,2025-11-26,NO
2981,2718,32806,1651.07,completed,online,2025-11-26,NO
3592,4789,33546,1198.31,failed,online,2025-11-26,NO
1,24222,34553,288.49,failed,online,2025-11-26,NO
2663,30985,37106,1070.88,failed,online,2025-11-26,NO
2960,3164,38182,496.53,completed,online,2025-11-26,NO
2780,12879,38473,1965.19,completed,online,2025-11-26,NO
1,22357,39576,873.6,failed,online,2025-11-26,NO
3796,37995,40037,1873.0,failed,online,2025-11-26,NO
694,21598,41346,143.43,completed,online,2025-11-26,NO
1,11412,44737,132.63,failed,online,2025-11-26,NO
1,14572,48617,1752.22,completed,online,2025-11-26,NO
4383,9087,48641,1718.52,failed,online,2025-11-26,NO
1,44510,50476,1917.52,failed,online,2025-11-26,NO
3102,45055,51859,1236.73,completed,online,2025-11-26,NO
3412,34245,53733,435.27,failed,online,2025-11-26,NO
4036,45272,55104,106.36,completed,online,2025-11-26,NO
4816,33553,55271,1456.53,completed,online,2025-11-26,NO
3471,14018,55759,1835.2,failed,online,2025-11-26,NO
1,6877,56810,42.92,completed,online,2025-11-26,NO
4746,31756,58288,444.66,failed,online,2025-11-26,NO
2644,34937,59830,1662.02,failed,online,2025-11-26,NO
3197,49458,60587,978.03,completed,online,2025-11-26,NO
3886,47622,62377,796.05,failed,online,2025-11-26,NO
1,5509,65749,1535.09,completed,online,2025-11-26,NO
4106,35432,66018,1264.95,completed,online,2025-11-26,NO
30,36799,67226,1311.06,completed,online,2025-11-26,NO
1,7987,68923,577.48,completed,online,2025-11-26,NO
3094,1094,69071,120.9,completed,online,2025-11-26,NO
2698,18855,70689,971.98,failed,online,2025-11-26,NO
12,22184,74372,1886.52,failed,online,2025-11-26,NO
4858,4350,78781,1161.73,completed,online,2025-11-26,NO
2098,48568,78942,997.4,completed,online,2025-11-26,NO
1819,44127,79120,1254.09,completed,online,2025-11-26,NO
3617,38542,79290,463.56,completed,online,2025-11-26,NO
1064,22340,80007,533.94,failed,online,2025-11-26,NO
2150,31584,81965,493.09,completed,online,2025-11-26,NO
1048,42176,85330,1984.32,completed,online,2025-11-26,NO
3800,4809,86608,80.12,failed,online,2025-11-26,NO
1949,41828,86823,1245.53,failed,online,2025-11-26,NO
1,7621,88051,464.83,completed,online,2025-11-26,NO
1110,18211,88428,1599.99,completed,online,2025-11-26,NO
1945,22579,89207,1479.76,failed,online,2025-11-26,NO
2768,35165,90161,1522.67,failed,online,2025-11-26,NO
2938,35830,91061,1400.64,completed,online,2025-11-26,NO
1,23860,91361,1003.91,failed,online,2025-11-26,NO
238,7792,91848,1494.07,completed,online,2025-11-26,NO
1,7199,92856,1383.27,failed,online,2025-11-26,NO
2156,41459,95910,602.93,failed,online,2025-11-26,NO
2987,18312,96898,418.04,completed,online,2025-11-26,NO
4779,37003,101360,417.03,completed,online,2025-11-26,NO
177,2806,102612,1406.63,failed,UNKNOWN,2025-11-26,NO
1722,37491,104047,273.75,completed,online,2025-11-26,NO
3634,49912,110540,334.59,completed,online,2025-11-26,NO
323,49914,110990,1414.73,failed,online,2025-11-26,NO
3652,34968,111066,703.44,completed,online,2025-11-26,NO
3544,23061,112111,1750.43,completed,online,2025-11-26,NO
2403,46975,112756,1667.24,failed,online,2025-11-26,NO
3285,11493,112866,254.31,failed,online,2025-11-26,NO
949,25293,114214,1590.98,failed,online,2025-11-26,NO
1947,10572,116214,764.01,completed,online,2025-11-26,NO
2378,18429,116851,1817.9,completed,online,2025-11-26,NO
1410,12903,118425,1528.02,failed,online,2025-11-26,NO
556,42046,121433,1331.1,failed,online,2025-11-26,NO
4252,31036,126248,1279.05,completed,online,2025-11-26,NO
2574,3866,128079,1058.38,completed,online,2025-11-26,NO
4551,41305,128322,762.29,failed,online,2025-11-26,NO
596,33334,134703,1094.65,failed,online,2025-11-26,NO
4189,30834,136110,15.94,failed,online,2025-11-26,NO
3506,15450,139943,1883.74,failed,online,2025-11-26,NO
1624,3264,140071,1148.13,failed,online,2025-11-26,NO
2131,13416,142272,609.38,failed,online,2025-11-26,NO
3104,28248,143219,9129.066328100787,completed,online,2025-11-26,NO
1,38357,144421,957.12,completed,online,2025-11-26,NO
4303,28867,146894,1564.25,completed,online,2025-11-26,NO
334,8018,149717,1355.25,completed,online,2025-11-26,NO
4014,23295,1782,291.75,failed,online,2025-01-14,NO
2545,11826,2314,1488.78,failed,UNKNOWN,2025-01-14,NO
3180,5570,4878,913.62,completed,online,2025-01-14,NO
2056,39052,8860,627.1,completed,online,2025-01-14,NO
2811,9083,8959,1084.07,completed,online,2025-01-14,NO
3395,18646,10568,246.25,completed,online,2025-01-14,NO
2337,1763,11454,708.57,completed,online,2025-01-14,NO
3251,1489,12082,1432.74,failed,online,2025-01-14,NO
2654,12586,12858,1573.08,completed,online,2025-01-14,NO
4271,24722,13309,211.56,failed,online,2025-01-14,NO
1,465,16112,663.5,failed,online,2025-01-14,NO
4989,14659,16482,216.63,completed,online,2025-01-14,NO
158,33115,17425,1739.59,failed,online,2025-01-14,NO
4971,2371,17857,514.0,failed,online,2025-01-14,NO
4742,12324,18952,1262.53,failed,online,2025-01-14,NO
1824,43123,19120,437.12,completed,online,2025-01-14,NO
1654,34345,19220,1052.51,failed,online,2025-01-14,NO
4828,43140,19982,1155.73,completed,online,2025-01-14,NO
1,23271,21059,1024.74,failed,online,2025-01-14,NO
3993,49850,22847,376.18,failed,online,2025-01-14,NO
4770,25488,26514,547.2,completed,online,2025-01-14,NO
2258,43498,28053,409.7,completed,UNKNOWN,2025-01-14,NO
2807,19000,30600,1825.09,failed,online,2025-01-14,NO
3798,46510,31982,1261.19,completed,online,2025-01-14,NO
916,4007,35149,968.97,completed,online,2025-01-14,NO
1125,45515,39209,316.68,failed,online,2025-01-14,NO
1,29675,39406,1185.41,failed,online,2025-01-14,NO
2819,2992,40690,662.54,failed,online,2025-01-14,NO
1,8371,40868,319.43,completed,online,2025-01-14,NO
3555,35277,42136,1053.58,completed,online,2025-01-14,NO
20,1070,42960,1491.24,completed,online,2025-01-14,NO
3300,13766,43489,1208.76,completed,online,2025-01-14,NO
4809,15863,46568,1159.03,failed,online,2025-01-14,NO
1375,9138,46768,903.54,failed,online,2025-01-14,NO
459,18595,47092,1133.35,failed,online,2025-01-14,NO
2401,26440,47594,1126.46,completed,online,2025-01-14,NO
2352,14965,47670,1362.85,failed,online,2025-01-14,NO
4761,10753,53094,1251.07,completed,online,2025-01-14,NO
1479,44718,55872,1155.61,failed,online,2025-01-14,NO
2592,11536,56408,568.24,failed,online,2025-01-14,NO
625,12084,57811,62.91,failed,online,2025-01-14,NO
1,2537,59162,470.32,failed,online,2025-01-14,NO
3725,47370,60262,1401.61,failed,online,2025-01-14,NO
942,13038,60539,727.85,failed,online,2025-01-14,NO
2013,13928,60648,350.12,completed,online,2025-01-14,NO
2216,21855,62300,1681.7,failed,online,2025-01-14,NO
822,37891,62460,466.22,failed,online,2025-01-14,NO
2921,32716,66620,1603.37,completed,online,2025-01-14,NO
1759,29592,68129,1298.49,failed,online,2025-01-14,NO
1480,1332,73565,534.1,completed,online,2025-01-14,NO
3432,46391,76131,1698.24,failed,online,2025-01-14,NO
2629,47476,76806,986.12,failed,online,2025-01-14,NO
942,49259,79783,944.08,failed,online,2025-01-14,NO
2476,36264,80288,737.24,completed,online,2025-01-14,NO
4695,36847,83005,1306.32,completed,online,2025-01-14,NO
790,47663,83659,562.12,failed,online,2025-01-14,NO
74,3983,85378,7604.217613592937,failed,online,2025-01-14,NO
3745,24064,86594,369.73,completed,online,2025-01-14,NO
1,42721,87284,1109.47,failed,online,2025-01-14,NO
3493,47909,90051,871.56,failed,online,2025-01-14,NO
1718,18321,90126,881.35,failed,online,2025-01-14,NO
4447,34230,90860,1289.06,completed,online,2025-01-14,NO
3512,14053,95890,858.03,completed,online,2025-01-14,NO
4364,20993,97030,1493.27,completed,online,2025-01-14,NO
4991,3731,98851,1916.81,failed,online,2025-01-14,NO
537,38739,99215,551.19,completed,online,2025-01-14,NO
2459,40446,101640,1399.57,failed,online,2025-01-14,NO
2480,42743,102158,396.88,failed,online,2025-01-14,NO
1228,9191,104997,640.79,completed,online,2025-01-14,NO
3131,48480,105400,47.47,completed,UNKNOWN,2025-01-14,NO
3334,29685,106105,1484.25,failed,online,2025-01-14,NO
1,21585,107167,1518.11,completed,online,2025-01-14,NO
1753,11003,109192,174.74,completed,online,2025-01-14,NO
580,13227,110640,836.69,completed,online,2025-01-14,NO
4507,44651,110835,708.6,completed,online,2025-01-14,NO
3245,13974,111504,305.13,failed,online,2025-01-14,NO
1006,4877,112884,1856.55,failed,online,2025-01-14,NO
3109,6055,113193,1858.64,completed,online,2025-01-14,NO
3674,20387,115506,590.56,completed,online,2025-01-14,NO
3636,33783,118549,1825.0,completed,online,2025-01-14,NO
4142,44886,119083,646.55,completed,online,2025-01-14,NO
393,29129,123320,467.76,failed,online,2025-01-14,NO
1781,40072,125485,1962.09,completed,online,2025-01-14,NO
4301,6417,126975,315.15,failed,online,2025-01-14,NO
4701,40794,127889,1784.38,completed,online,2025-01-14,NO
2686,44636,128268,1292.38,failed,UNKNOWN,2025-01-14,NO
4769,8366,132235,1865.92,completed,online,2025-01-14,NO
1,4705,132320,398.14,completed,online,2025-01-14,NO
4651,3952,132322,425.29,failed,online,2025-01-14,NO
2526,10939,134995,1905.15,completed,online,2025-01-14,NO
1,42097,137640,294.32,failed,online,2025-01-14,NO
4001,9234,137718,1650.39,failed,online,2025-01-14,NO
3990,21473,138030,1477.82,failed,online,2025-01-14,NO
887,44984,144189,1367.48,completed,online,2025-01-14,NO
1831,22256,144579,1237.66,failed,online,2025-01-14,NO
3673,42584,148734,1522.66,completed,online,2025-01-14,NO
4650,9773,2422,1990.44,completed,online,2025-02-07,NO
1,2104,3759,1408.7,failed,online,2025-02-07,NO
2721,25347,4739,734.26,completed,online,2025-02-07,NO
914,36889,5489,895.26,failed,online,2025-02-07,NO
4173,45477,6379,914.05,completed,online,2025-02-07,NO
1,39232,8611,268.97,completed,online,2025-02-07,NO
295,13378,11740,1443.44,failed,online,2025-02-07,NO
634,24222,18441,1931.64,failed,online,2025-02-07,NO
1347,20329,19960,1446.68,failed,UNKNOWN,2025-02-07,NO
1,44632,22568,1342.12,failed,online,2025-02-07,NO
2072,24748,22576,440.16,failed,online,2025-02-07,NO
364,25010,35224,1479.77,failed,online,2025-02-07,NO
1599,4757,36252,1448.89,completed,online,2025-02-07,NO
535,28161,39242,1874.39,failed,online,2025-02-07,NO
4452,11130,39956,1758.88,completed,online,2025-02-07,NO
3608,40288,40422,260.41,failed,online,2025-02-07,NO
4140,41908,43069,1013.05,failed,online,2025-02-07,NO
1,26877,43111,1766.88,failed,online,2025-02-07,NO
1,739,45436,1397.9,failed,online,2025-02-07,NO
695,38538,46471,1309.57,completed,online,2025-02-07,NO
4319,1620,47899,1661.03,completed,online,2025-02-07,NO
4788,35368,50350,66.11,failed,online,2025-02-07,NO
3777,18155,51609,407.28,completed,online,2025-02-07,NO
1086,46879,53070,44.03,completed,online,2025-02-07,NO
3396,31289,57085,853.25,failed,online,2025-02-07,NO
2075,2521,57491,1544.72,completed,online,2025-02-07,NO
3041,33745,57627,388.46,completed,online,2025-02-07,NO
4568,27575,57710,269.36,completed,online,2025-02-07,NO
1712,6630,58176,1193.7,failed,online,2025-02-07,NO
1,26592,62133,906.57,failed,online,2025-02-07,NO
1796,38860,62796,1606.77,completed,online,2025-02-07,NO
1,12311,63261,1041.39,completed,online,2025-02-07,NO
2308,20152,64061,1673.99,failed,online,2025-02-07,NO
1,17954,68419,505.99,failed,online,2025-02-07,NO
2514,4610,70661,928.48,failed,online,2025-02-07,NO
3879,22500,70739,1951.21,completed,online,2025-02-07,NO
1,23015,71652,210.07,completed,online,2025-02-07,NO
1,8085,72748,880.03,completed,online,2025-02-07,NO
1,20793,72946,1870.49,failed,online,2025-02-07,NO
1,22502,75131,249.62,failed,online,2025-02-07,NO
3310,48371,78175,1331.51,failed,online,2025-02-07,NO
608,23444,80713,263.48,completed,online,2025-02-07,NO
604,13791,81377,847.09,completed,online,2025-02-07,NO
3403,35343,83983,73.96,failed,online,2025-02-07,NO
1815,43155,85074,110.54,completed,online,2025-02-07,NO
1309,23787,87346,681.95,completed,online,2025-02-07,NO
1,198,88404,876.87,failed,online,2025-02-07,NO
1,23073,88805,335.64,completed,online,2025-02-07,NO
238,42475,90357,1485.78,failed,online,2025-02-07,NO
1,39242,92615,1206.91,failed,online,2025-02-07,NO
3377,487,98758,1455.23,completed,online,2025-02-07,NO
4083,27,100033,473.13,completed,UNKNOWN,2025-02-07,NO
1596,14823,100736,211.6,completed,online,2025-02-07,NO
4500,48963,100888,482.12,completed,online,2025-02-07,NO
1,20793,100954,1500.0,completed,online,2025-02-07,NO
1,46298,101869,960.1,failed,online,2025-02-07,NO
4594,11078,103104,527.83,failed,online,2025-02-07,NO
1,33145,104867,1521.22,completed,online,2025-02-07,NO
372,23548,107168,1168.85,completed,online,2025-02-07,NO
3198,26726,107356,1402.36,failed,online,2025-02-07,NO
3264,26200,108188,1653.14,failed,online,2025-02-07,NO
3631,45837,108411,1909.06,completed,online,2025-02-07,NO
1155,19292,112001,1784.49,completed,online,2025-02-07,NO
3036,44878,112004,260.87,failed,online,2025-02-07,NO
4517,207,113177,737.42,failed,online,2025-02-07,NO
4946,9329,117559,1428.9,failed,online,2025-02-07,NO
178,4756,118621,1826.78,failed,online,2025-02-07,NO
1,7494,118648,1258.09,failed,UNKNOWN,2025-02-07,NO
3331,42050,118730,866.88,failed,online,2025-02-07,NO
1012,11594,118834,1787.77,completed,online,2025-02-07,NO
3379,49165,119195,867.76,completed,online,2025-02-07,NO
3538,17296,119820,676.42,completed,online,2025-02-07,NO
1,25798,121316,1437.28,failed,online,2025-02-07,NO
3141,32249,121881,1057.39,completed,online,2025-02-07,NO
4135,19888,125711,1731.71,failed,online,2025-02-07,NO
1,19357,126324,1601.21,failed,online,2025-02-07,NO
1126,43324,126361,1959.84,completed,online,2025-02-07,NO
4011,2089,127551,1205.27,completed,online,2025-02-07,NO
4909,16783,127572,1986.73,completed,online,2025-02-07,NO
1437,18147,128558,1727.51,failed,online,2025-02-07,NO
3463,20555,130011,1820.97,failed,online,2025-02-07,NO
1509,36098,130957,262.41,failed,online,2025-02-07,NO
780,27579,131119,1264.21,failed,online,2025-02-07,NO
2047,34042,131524,107.18,failed,online,2025-02-07,NO
1,27858,134100,956.9,failed,online,2025-02-07,NO
4089,22016,135017,416.6,completed,online,2025-02-07,NO
268,27224,136272,445.58,failed,online,2025-02-07,NO
2232,30106,137244,680.32,failed,online,2025-02-07,NO
2391,6628,139078,1783.96,failed,online,2025-02-07,NO
1389,14306,139552,1390.33,completed,online,2025-02-07,NO
2501,4840,141626,1914.52,failed,online,2025-02-07,NO
717,42694,141776,576.04,completed,online,2025-02-07,NO
1,1135,142999,1782.91,completed,online,2025-02-07,NO
4955,36268,144161,932.98,completed,online,2025-02-07,NO
1,34572,144608,1323.16,failed,online,2025-02-07,NO
4199,15865,145796,606.36,completed,online,2025-02-07,NO
1,41776,149435,1149.3,completed,online,2025-02-07,NO
4150,34808,3708,726.97,failed,online,2025-06-21,NO
1,13020,4738,1417.33,failed,online,2025-06-21,NO
1,26428,7046,1178.96,failed,online,2025-06-21,NO
3224,41300,7271,1866.48,completed,online,2025-06-21,NO
1425,9902,8402,20.17,failed,online,2025-06-21,NO
3688,37617,8766,762.31,completed,online,2025-06-21,NO
2716,22234,9058,1558.29,completed,online,2025-06-21,NO
3033,42482,9768,360.24,failed,online,2025-06-21,NO
2547,32686,10907,1290.66,completed,online,2025-06-21,NO
3689,18013,11659,989.25,completed,online,2025-06-21,NO
2264,29461,12291,683.3,completed,online,2025-06-21,NO
1653,48605,12578,729.19,completed,online,2025-06-21,NO
2063,36296,13884,1247.0,completed,online,2025-06-21,NO
1877,41155,14445,116.53,failed,online,2025-06-21,NO
3291,19492,14949,301.03,completed,online,2025-06-21,NO
1,26343,15832,149.88,failed,online,2025-06-21,NO
2501,43882,16001,1231.56,completed,online,2025-06-21,NO
3065,14350,17313,1700.95,failed,online,2025-06-21,NO
2637,40293,17517,1071.88,failed,online,2025-06-21,NO
1,40745,19876,1924.49,failed,online,2025-06-21,NO
1,9972,22775,268.77,failed,online,2025-06-21,NO
713,5329,25664,1979.84,failed,online,2025-06-21,NO
3497,41170,28825,236.13,failed,online,2025-06-21,NO
1,10138,29706,1705.81,failed,online,2025-06-21,NO
3104,11403,30563,1638.52,failed,online,2025-06-21,NO
2418,21213,32914,178.06,completed,online,2025-06-21,NO
2981,8353,40275,1753.34,failed,online,2025-06-21,NO
2019,44687,42615,1327.28,completed,online,2025-06-21,NO
1780,26507,43939,1573.68,failed,online,2025-06-21,NO
2811,39142,44695,16.73,failed,online,2025-06-21,NO
499,36798,45369,299.86,completed,online,2025-06-21,NO
1748,33510,48741,118.19,failed,online,2025-06-21,NO
2084,46610,50664,1231.42,completed,online,2025-06-21,NO
888,47075,51295,1515.72,completed,online,2025-06-21,NO
2986,30808,55097,1065.55,completed,online,2025-06-21,NO
1165,7901,55166,1825.22,failed,online,2025-06-21,NO
1910,40980,56779,1496.04,failed,online,2025-06-21,NO
3897,34582,56949,86.74,completed,online,2025-06-21,NO
2660,44014,56997,178.02,completed,online,2025-06-21,NO
1,12166,59341,666.19,failed,online,2025-06-21,NO
2143,30092,59810,1939.8,completed,online,2025-06-21,NO
1,20569,60817,1908.7,completed,online,2025-06-21,NO
4415,24077,60883,691.3,failed,online,2025-06-21,NO
1701,17184,61662,1340.56,completed,online,2025-06-21,NO
2277,47357,61981,1314.09,failed,online,2025-06-21,NO
1532,49034,69014,1123.08,failed,online,2025-06-21,NO
1433,48274,69931,623.14,failed,online,2025-06-21,NO
3174,25641,70192,1156.18,failed,online,2025-06-21,NO
1324,30696,70638,1969.47,failed,online,2025-06-21,NO
4555,41920,73172,261.05,failed,online,2025-06-21,NO
2138,10975,74275,1825.04,failed,online,2025-06-21,NO
1,22731,77742,1932.65,failed,online,2025-06-21,NO
3328,40246,80684,1308.04,completed,online,2025-06-21,NO
4375,2651,81517,1651.4,completed,online,2025-06-21,NO
4924,2061,81651,1441.84,completed,online,2025-06-21,NO
1954,31572,81994,1305.26,completed,online,2025-06-21,NO
3997,1539,89010,1992.95,completed,online,2025-06-21,NO
1,31429,92033,1531.02,failed,online,2025-06-21,NO
3094,5568,92898,1060.91,failed,online,2025-06-21,NO
559,17146,94191,623.71,completed,online,2025-06-21,NO
146,26943,96058,114.86,failed,online,2025-06-21,NO
3622,6040,96573,458.25,failed,online,2025-06-21,NO
4937,25950,96702,1127.44,failed,online,2025-06-21,NO
1556,32844,97332,539.36,failed,online,2025-06-21,NO
1,46094,99921,686.43,failed,online,2025-06-21,NO
3476,43612,106139,68.0,failed,online,2025-06-21,NO
1,35739,109375,1613.86,failed,UNKNOWN,2025-06-21,NO
1118,43382,109858,1721.03,failed,online,2025-06-21,NO
3265,23762,112545,1091.4,completed,online,2025-06-21,NO
1,2123,114788,764.03,completed,online,2025-06-21,NO
1,41470,116038,266.2,completed,online,2025-06-21,NO
4167,2159,117486,1408.48,failed,online,2025-06-21,NO
1,45695,119333,568.22,failed,online,2025-06-21,NO
4922,42194,119913,207.11,completed,online,2025-06-21,NO
3089,10352,122581,1872.66,completed,online,2025-06-21,NO
2966,42219,123171,372.03,failed,online,2025-06-21,NO
3261,26536,123589,1574.47,completed,online,2025-06-21,NO
3147,6567,124109,37.03,completed,online,2025-06-21,NO
1,7953,125189,464.23,failed,online,2025-06-21,NO
1,33602,126055,1410.51,failed,online,2025-06-21,NO
1,32761,126707,795.61,completed,online,2025-06-21,NO
2014,6426,128138,609.48,failed,online,2025-06-21,NO
523,14095,128388,672.04,failed,online,2025-06-21,NO
838,11959,128924,1237.71,completed,online,2025-06-21,NO
4841,15950,130182,1866.07,completed,online,2025-06-21,NO
3010,35238,131689,744.14,failed,online,2025-06-21,NO
356,41278,132577,371.19,failed,online,2025-06-21,NO
1,3791,133625,1770.53,completed,online,2025-06-21,NO
3580,19105,137096,1861.63,failed,online,2025-06-21,NO
4359,2020,139482,1355.6,failed,online,2025-06-21,NO
3175,13316,141551,511.16,failed,online,2025-06-21,NO
802,44985,142092,1451.61,completed,online,2025-06-21,NO
1931,3664,145375,263.14,failed,online,2025-06-21,NO
1032,1751,145790,63.45,completed,online,2025-06-21,NO
4447,11013,146221,1848.4,completed,online,2025-06-21,NO
2966,22509,146714,185.41,completed,online,2025-06-21,NO
3633,31583,149104,1565.94,completed,online,2025-06-21,NO
3117,34658,483,73.21,failed,online,2025-04-08,NO
961,10088,942,1071.27,completed,online,2025-04-08,NO
1,39038,2222,1424.87,failed,online,2025-04-08,NO
4204,28601,2815,1719.72,completed,online,2025-04-08,NO
418,33861,3050,1083.68,failed,online,2025-04-08,NO
2688,2584,4556,1061.48,failed,online,2025-04-08,NO
3439,47701,6305,809.76,failed,online,2025-04-08,NO
1643,33275,7708,1766.03,failed,online,2025-04-08,NO
1,1293,9185,94.84,failed,online,2025-04-08,NO
3196,25702,9424,748.41,completed,online,2025-04-08,NO
2858,32134,9626,931.49,completed,online,2025-04-08,NO
3112,49727,10624,940.3,completed,online,2025-04-08,NO
1942,46983,11395,1518.08,completed,online,2025-04-08,NO
2490,23115,12521,322.55,failed,online,2025-04-08,NO
1,13730,13031,1799.95,completed,online,2025-04-08,NO
4958,40826,13473,1080.43,failed,online,2025-04-08,NO
4848,36951,13973,1021.47,failed,online,2025-04-08,NO
1257,46958,15281,487.0,completed,online,2025-04-08,NO
139,19693,15912,435.48,failed,online,2025-04-08,NO
4831,47801,15917,1246.51,failed,online,2025-04-08,NO
4410,36493,19419,60.42,completed,online,2025-04-08,NO
1,30694,20584,1212.62,completed,online,2025-04-08,NO
1,48234,22181,774.17,failed,online,2025-04-08,NO
1,19711,26800,1996.25,completed,online,2025-04-08,NO
1,36006,29130,1158.82,failed,online,2025-04-08,NO
1,49489,30984,718.44,completed,online,2025-04-08,NO
2,32560,31036,393.16,failed,online,2025-04-08,NO
1166,33098,32281,1258.56,failed,online,2025-04-08,NO
1,3803,33388,1414.8,completed,online,2025-04-08,NO
3137,5865,36246,42.79,failed,online,2025-04-08,NO
2540,30574,37943,1091.16,failed,online,2025-04-08,NO
4217,2452,38107,630.02,failed,online,2025-04-08,NO
4195,25678,38334,283.9,completed,online,2025-04-08,NO
1,9354,39064,905.74,completed,online,2025-04-08,NO
4986,31940,42593,776.29,failed,online,2025-04-08,NO
1674,32911,42906,959.06,completed,online,2025-04-08,NO
2069,22602,45463,346.1,failed,online,2025-04-08,NO
2602,47935,45836,307.32,completed,online,2025-04-08,NO
1,10642,47952,1357.21,failed,online,2025-04-08,NO
100,22956,48687,1767.23,completed,online,2025-04-08,NO
1,45010,49373,1125.8,completed,online,2025-04-08,NO
129,14637,49417,1650.87,failed,online,2025-04-08,NO
2823,34377,49643,6426.385763278662,failed,online,2025-04-08,NO
3442,13077,49820,1610.15,failed,online,2025-04-08,NO
2606,37174,50619,566.64,completed,online,2025-04-08,NO
1,21200,51330,603.12,failed,online,2025-04-08,NO
2544,3753,52391,1555.16,failed,online,2025-04-08,NO
3664,37960,53279,1407.31,completed,online,2025-04-08,NO
1596,13046,59796,1270.39,completed,online,2025-04-08,NO
1810,21667,63760,1070.48,completed,online,2025-04-08,NO
655,8171,66217,630.53,completed,online,2025-04-08,NO
4598,27748,66238,1810.55,failed,online,2025-04-08,NO
1526,31044,67688,1126.84,completed,online,2025-04-08,NO
860,26329,69062,420.43,completed,online,2025-04-08,NO
1,22027,71591,170.9,completed,online,2025-04-08,NO
1273,32212,78848,1232.26,completed,online,2025-04-08,NO
4144,31056,80946,1989.92,failed,online,2025-04-08,NO
1,34845,86890,1532.95,failed,online,2025-04-08,NO
2849,43001,86975,1399.99,failed,online,2025-04-08,NO
2137,33890,88912,1795.25,completed,online,2025-04-08,NO
2472,38764,90375,482.14,failed,online,2025-04-08,NO
1963,149,90508,330.36,failed,UNKNOWN,2025-04-08,NO
4179,22890,90912,1588.74,failed,online,2025-04-08,NO
1,35752,95506,143.41,completed,online,2025-04-08,NO
1,44975,97998,1391.94,completed,online,2025-04-08,NO
1,49443,101533,14.04,completed,online,2025-04-08,NO
3014,44885,102675,1869.3,completed,online,2025-04-08,NO
1945,4049,105854,1130.0,failed,online,2025-04-08,NO
3065,23700,111420,123.8,failed,online,2025-04-08,NO
1930,14851,111600,629.67,completed,online,2025-04-08,NO
1,4183,112120,1680.0,failed,online,2025-04-08,NO
4168,2069,115299,1072.79,failed,online,2025-04-08,NO
2946,582,115552,1254.51,failed,UNKNOWN,2025-04-08,NO
1112,38732,117147,375.23,completed,online,2025-04-08,NO
3355,6658,117871,1194.9,completed,online,2025-04-08,NO
1,24103,118633,1273.03,completed,online,2025-04-08,NO
252,30557,121313,1279.63,completed,online,2025-04-08,NO
1,23570,121599,1304.9,failed,online,2025-04-08,NO
4748,41659,121611,1158.18,failed,online,2025-04-08,NO
1,17929,125266,739.99,completed,online,2025-04-08,NO
1675,44224,126566,1884.68,completed,online,2025-04-08,NO
4921,43490,126663,176.65,failed,online,2025-04-08,NO
1823,35529,127238,1797.86,completed,online,2025-04-08,NO
3618,5407,127628,230.27,failed,online,2025-04-08,NO
1,4576,127999,1789.48,completed,online,2025-04-08,NO
1746,11549,130229,1068.07,failed,online,2025-04-08,NO
1,4213,130965,1424.5,completed,online,2025-04-08,NO
3341,1909,136339,1281.94,failed,online,2025-04-08,NO
1929,23689,137223,1160.31,failed,online,2025-04-08,NO
4625,25632,137650,1447.15,failed,online,2025-04-08,NO
1381,43774,138405,1898.76,failed,online,2025-04-08,NO
3929,35926,138635,272.03,completed,online,2025-04-08,NO
1,9337,144806,1675.63,completed,online,2025-04-08,NO
4990,16158,145264,1491.91,completed,online,2025-04-08,NO
3412,13980,146446,1158.5,completed,online,2025-04-08,NO
2790,8809,147421,1445.19,failed,online,2025-04-08,NO
3322,35127,149692,1477.5,failed,online,2025-04-08,NO
1948,33780,969,865.4,completed,online,2025-01-30,NO
2165,44969,1218,902.51,completed,online,2025-01-30,NO
1,39906,1255,1747.48,completed,online,2025-01-30,NO
2731,30263,1603,155.27,completed,online,2025-01-30,NO
2437,19783,1632,1749.23,completed,online,2025-01-30,NO
1,36817,4137,193.56,failed,online,2025-01-30,NO
690,12172,6179,1219.66,failed,UNKNOWN,2025-01-30,NO
1,17761,6827,1900.43,failed,online,2025-01-30,NO
1520,1519,7570,1911.37,completed,UNKNOWN,2025-01-30,NO
1,23575,12561,556.08,failed,online,2025-01-30,NO
4193,23504,14637,1644.4,completed,online,2025-01-30,NO
1,2235,18076,860.54,completed,online,2025-01-30,NO
4588,376,18960,200.17,completed,online,2025-01-30,NO
3051,30627,21488,1976.07,completed,online,2025-01-30,NO
4315,1458,23248,745.58,completed,online,2025-01-30,NO
4321,35326,25826,893.54,completed,online,2025-01-30,NO
4025,37454,25856,1182.06,completed,online,2025-01-30,NO
4482,20100,26716,223.32,failed,online,2025-01-30,NO
4256,30786,28102,1271.12,completed,online,2025-01-30,NO
1,12656,28698,802.59,completed,online,2025-01-30,NO
1,29153,29237,988.81,completed,online,2025-01-30,NO
1,37027,29954,1765.35,completed,online,2025-01-30,NO
4290,16211,30308,1103.05,failed,online,2025-01-30,NO
4566,16212,30858,1532.19,completed,online,2025-01-30,NO
1,37687,33087,180.8,failed,online,2025-01-30,NO
4817,14902,33497,1542.48,completed,online,2025-01-30,NO
1,43688,35555,1096.75,failed,online,2025-01-30,NO
1518,47905,37718,1712.4,failed,online,2025-01-30,NO
1871,40354,39094,979.35,completed,online,2025-01-30,NO
4383,29085,39978,1017.26,completed,online,2025-01-30,NO
2871,41956,40650,595.94,completed,online,2025-01-30,NO
3067,45437,42437,1402.66,completed,online,2025-01-30,NO
1,27029,43658,350.41,completed,online,2025-01-30,NO
1107,17836,45256,1471.46,failed,online,2025-01-30,NO
3987,43679,46536,1974.67,completed,online,2025-01-30,NO
2857,31274,48017,1731.92,failed,online,2025-01-30,NO
417,35572,48058,1378.91,completed,online,2025-01-30,NO
1862,32743,48248,335.25,failed,online,2025-01-30,NO
1,29709,49057,448.68,completed,online,2025-01-30,NO
3304,29158,49456,1847.65,failed,online,2025-01-30,NO
3131,32040,49466,1193.43,failed,online,2025-01-30,NO
1842,14518,50357,1326.79,completed,online,2025-01-30,NO
766,13321,52221,1603.84,failed,online,2025-01-30,NO
56,9380,53362,1318.32,completed,online,2025-01-30,NO
615,46742,55501,242.78,failed,online,2025-01-30,NO
1,35602,56378,8387.438388516312,failed,online,2025-01-30,NO
4993,171,63837,1587.84,failed,online,2025-01-30,NO
895,12993,65314,1789.61,completed,online,2025-01-30,NO
4478,42816,68789,1090.4,failed,online,2025-01-30,NO
3594,42168,68975,1966.61,failed,online,2025-01-30,NO
3,1862,69901,1556.95,failed,online,2025-01-30,NO
2390,44526,70280,934.7,completed,online,2025-01-30,NO
1797,5223,70761,1354.22,failed,online,2025-01-30,NO
1,9705,71548,370.46,completed,online,2025-01-30,NO
1,38911,76081,775.7,completed,online,2025-01-30,NO
1372,10597,76422,1299.05,completed,online,2025-01-30,NO
4110,39184,80365,1823.7,completed,online,2025-01-30,NO
1701,35862,81250,451.75,completed,online,2025-01-30,NO
2026,25322,83275,1041.15,failed,online,2025-01-30,NO
3870,16633,84359,1882.28,completed,online,2025-01-30,NO
4463,38180,84541,1640.28,failed,online,2025-01-30,NO
4619,43081,84965,615.16,completed,online,2025-01-30,NO
4915,28704,86366,1722.16,failed,online,2025-01-30,NO
2032,48775,91916,1963.04,completed,online,2025-01-30,NO
3915,39646,92208,402.26,failed,online,2025-01-30,NO
2548,36116,95146,1575.83,failed,online,2025-01-30,NO
707,23225,96105,71.36,completed,online,2025-01-30,NO
797,31130,96167,864.94,completed,online,2025-01-30,NO
1920,45217,99292,1817.12,failed,online,2025-01-30,NO
436,40657,106718,1538.23,failed,online,2025-01-30,NO
2507,15054,107100,1448.5,completed,online,2025-01-30,NO
1,39301,107976,913.8,completed,online,2025-01-30,NO
52,16690,108299,1986.78,failed,online,2025-01-30,NO
4996,5573,109313,1622.12,completed,online,2025-01-30,NO
4121,24505,114660,1911.91,failed,online,2025-01-30,NO
3792,32673,114763,1579.15,completed,online,2025-01-30,NO
1615,22072,117076,1814.39,failed,online,2025-01-30,NO
2651,20296,118517,392.26,failed,online,2025-01-30,NO
495,3338,120535,1812.21,failed,online,2025-01-30,NO
3640,10422,123309,253.76,completed,online,2025-01-30,NO
1,44496,125844,1180.49,failed,online,2025-01-30,NO
800,19198,128426,56.8,completed,online,2025-01-30,NO
1,1370,129214,1120.28,completed,online,2025-01-30,NO
4490,18021,129815,326.16,completed,online,2025-01-30,NO
1,36665,137864,1474.98,completed,online,2025-01-30,NO
1227,24420,138783,177.01,completed,online,2025-01-30,NO
1143,6421,138859,464.15,completed,online,2025-01-30,NO
1,12700,140146,1839.75,completed,online,2025-01-30,NO
1568,10489,140358,1814.87,failed,online,2025-01-30,NO
1,43485,140596,70.94,failed,online,2025-01-30,NO
3584,2763,141056,1635.97,completed,online,2025-01-30,NO
1993,9541,141497,1050.94,failed,online,2025-01-30,NO
4788,45456,142409,1034.36,completed,online,2025-01-30,NO
2553,2699,143612,248.47,completed,online,2025-01-30,NO
4724,5954,145858,1560.28,failed,online,2025-01-30,NO
1,48404,149258,581.13,failed,online,2025-01-30,NO
2170,20984,1654,49.12,failed,online,2025-01-14,NO
3865,38392,4440,1240.12,completed,online,2025-01-14,NO
307,1763,4808,548.74,completed,online,2025-01-14,NO
449,36028,5808,257.54,failed,online,2025-01-14,NO
466,47174,9186,1439.14,failed,online,2025-01-14,NO
4557,47882,9242,1998.43,failed,online,2025-01-14,NO
2409,8826,9389,1013.5,failed,online,2025-01-14,NO
1,485,9959,1340.79,failed,online,2025-01-14,NO
1738,38060,11378,1820.69,completed,online,2025-01-14,NO
2535,28566,12364,1963.88,failed,online,2025-01-14,NO
3852,38440,12586,386.15,completed,online,2025-01-14,NO
4343,26787,14719,1225.63,failed,online,2025-01-14,NO
1,40111,15946,1470.03,completed,online,2025-01-14,NO
1743,32796,16261,1757.04,failed,online,2025-01-14,NO
2659,38989,22805,618.63,failed,online,2025-01-14,NO
1214,26913,24314,50.73,completed,online,2025-01-14,NO
1715,34635,24593,1688.77,completed,online,2025-01-14,NO
2424,5569,26510,1294.29,completed,online,2025-01-14,NO
4806,29979,28587,266.17,completed,online,2025-01-14,NO
3914,4591,29219,17.13,completed,online,2025-01-14,NO
4415,6096,29761,1210.16,failed,online,2025-01-14,NO
350,5019,31221,1941.55,completed,online,2025-01-14,NO
1,21689,31420,1549.31,completed,online,2025-01-14,NO
3576,36428,37100,1441.49,completed,online,2025-01-14,NO
367,3673,37613,968.27,failed,online,2025-01-14,NO
2554,37860,37994,1412.98,completed,online,2025-01-14,NO
2946,992,38271,158.3,failed,online,2025-01-14,NO
3845,38060,39873,704.27,failed,online,2025-01-14,NO
2035,11729,40209,687.43,failed,online,2025-01-14,NO
1,48475,41674,1400.02,failed,online,2025-01-14,NO
350,49060,42668,630.54,completed,online,2025-01-14,NO
1,14986,43757,280.21,failed,online,2025-01-14,NO
2022,30180,47788,1946.78,failed,online,2025-01-14,NO
1867,31307,52869,1413.34,failed,online,2025-01-14,NO
2046,42683,54177,1011.47,completed,online,2025-01-14,NO
1783,24354,54837,1736.66,completed,online,2025-01-14,NO
2476,151,55516,900.52,completed,online,2025-01-14,NO
2521,6592,56268,113.5,completed,online,2025-01-14,NO
3986,11683,57583,1882.33,completed,online,2025-01-14,NO
1450,46662,58773,498.93,failed,online,2025-01-14,NO
4229,886,60397,1815.07,completed,online,2025-01-14,NO
4681,16128,60615,1055.94,failed,online,2025-01-14,NO
3257,18242,60668,1832.84,completed,online,2025-01-14,NO
1,27538,61625,637.61,failed,online,2025-01-14,NO
1404,5743,62959,1226.18,completed,online,2025-01-14,NO
1165,33115,64094,276.17,completed,online,2025-01-14,NO
3911,13179,66880,967.05,completed,online,2025-01-14,NO
4008,45005,67540,304.22,failed,online,2025-01-14,NO
4999,45000,69575,1021.93,completed,online,2025-01-14,NO
4904,7477,70685,476.3,failed,online,2025-01-14,NO
1,16213,71697,118.73,failed,online,2025-01-14,NO
3211,14717,72227,1916.4,failed,online,2025-01-14,NO
1,47962,73992,1773.79,failed,UNKNOWN,2025-01-14,NO
1,48742,75759,887.58,failed,online,2025-01-14,NO
1,14004,77590,1926.31,completed,online,2025-01-14,NO
360,46257,82143,604.68,failed,online,2025-01-14,NO
1050,44552,82298,1792.76,completed,online,2025-01-14,NO
1,46167,85874,1345.36,completed,online,2025-01-14,NO
456,19357,87530,1154.06,completed,online,2025-01-14,NO
4631,1973,87908,578.28,failed,online,2025-01-14,NO
4454,39967,91968,659.55,failed,online,2025-01-14,NO
602,13594,93864,1505.01,completed,online,2025-01-14,NO
1,31926,94176,1000.78,completed,online,2025-01-14,NO
4195,16619,94995,1476.37,completed,online,2025-01-14,NO
1,32263,96284,52.43,completed,online,2025-01-14,NO
829,5586,97806,1153.13,completed,online,2025-01-14,NO
1740,39561,97859,279.07,failed,online,2025-01-14,NO
2137,28547,98517,1610.6,completed,online,2025-01-14,NO
4173,37658,99080,1786.21,completed,online,2025-01-14,NO
28,35312,101888,1299.93,failed,online,2025-01-14,NO
4417,4550,104788,1149.21,completed,online,2025-01-14,NO
2660,19933,106480,1180.33,failed,online,2025-01-14,NO
2686,42557,107376,1584.16,completed,online,2025-01-14,NO
2982,28981,108358,1584.89,completed,online,2025-01-14,NO
4198,23072,108860,773.07,completed,online,2025-01-14,NO
2720,29806,111467,675.12,failed,online,2025-01-14,NO
2694,41142,113286,452.87,failed,online,2025-01-14,NO
1792,11568,114233,201.18,completed,online,2025-01-14,NO
2534,45314,114490,805.46,failed,online,2025-01-14,NO
1,34039,119035,1695.38,completed,online,2025-01-14,NO
1,42843,120604,1615.04,completed,online,2025-01-14,NO
2431,12674,121492,1220.74,completed,online,2025-01-14,NO
3209,15751,121520,800.62,completed,online,2025-01-14,NO
3934,42093,123352,1628.13,failed,UNKNOWN,2025-01-14,NO
1681,18639,125617,1267.83,completed,online,2025-01-14,NO
1,27497,126013,862.46,completed,online,2025-01-14,NO
2401,15151,131780,651.85,completed,online,2025-01-14,NO
986,13780,134035,1351.29,completed,online,2025-01-14,NO
333,34419,134508,1307.65,failed,online,2025-01-14,NO
1,10136,134734,1862.11,completed,online,2025-01-14,NO
44,37058,135675,1292.68,completed,online,2025-01-14,NO
988,33835,137156,1603.0,failed,online,2025-01-14,NO
3806,21109,137731,1969.18,failed,online,2025-01-14,NO
2361,125,137806,1143.87,failed,online,2025-01-14,NO
1706,8107,139743,1766.26,completed,online,2025-01-14,NO
4062,37197,140850,1590.21,completed,online,2025-01-14,NO
2064,13928,3307,454.65,completed,online,2025-01-13,NO
1577,16910,4217,516.34,completed,online,2025-01-13,NO
1296,40638,4998,769.3,failed,online,2025-01-13,NO
1473,18170,5007,1365.25,completed,online,2025-01-13,NO
3494,26133,7273,1125.83,failed,online,2025-01-13,NO
2989,31916,9284,1529.54,completed,online,2025-01-13,NO
3513,26735,12005,1102.32,completed,online,2025-01-13,NO
4099,6422,13463,673.98,completed,online,2025-01-13,NO
4265,14088,17714,1296.23,completed,online,2025-01-13,NO
1084,16353,18368,185.92,failed,online,2025-01-13,NO
2335,14601,18458,1379.9,completed,online,2025-01-13,NO
3615,22418,18524,24.68,failed,online,2025-01-13,NO
3494,29370,19090,1291.2,completed,online,2025-01-13,NO
159,33574,20772,894.74,completed,online,2025-01-13,NO
1,39559,21176,729.12,completed,online,2025-01-13,NO
205,44073,21255,632.54,failed,online,2025-01-13,NO
1768,38459,23461,1750.67,completed,online,2025-01-13,NO
2780,35823,24628,951.1,completed,online,2025-01-13,NO
2845,27900,26832,1362.66,completed,online,2025-01-13,NO
997,31942,27451,659.78,failed,online,2025-01-13,NO
3271,13707,32667,1960.18,completed,online,2025-01-13,NO
10,31862,33890,1864.48,failed,online,2025-01-13,NO
1248,11062,35501,1735.9,failed,online,2025-01-13,NO
69,43447,38913,1267.67,failed,online,2025-01-13,NO
1,25365,39234,1250.89,failed,online,2025-01-13,NO
245,27128,40929,1829.68,failed,online,2025-01-13,NO
63,49080,42608,1997.26,failed,online,2025-01-13,NO
1,34372,42862,1261.77,failed,online,2025-01-13,NO
1503,47058,43723,927.49,failed,online,2025-01-13,NO
3555,23537,44118,1779.63,failed,online,2025-01-13,NO
204,20765,45021,1936.68,completed,online,2025-01-13,NO
1216,41406,45048,344.51,completed,online,2025-01-13,NO
1,11826,46763,560.89,completed,online,2025-01-13,NO
3683,26201,46989,1916.97,failed,online,2025-01-13,NO
4261,45051,47363,622.57,completed,online,2025-01-13,NO
1127,34755,49389,1692.44,completed,online,2025-01-13,NO
22,20545,49930,702.53,completed,UNKNOWN,2025-01-13,NO
2802,8283,56472,1588.73,completed,online,2025-01-13,NO
2630,38361,56648,811.48,failed,online,2025-01-13,NO
3933,32711,56707,423.07,completed,online,2025-01-13,NO
1,37960,57221,808.92,completed,online,2025-01-13,NO
1510,35959,58667,1221.77,failed,online,2025-01-13,NO
1,36606,59079,135.69,failed,online,2025-01-13,NO
181,48988,59223,1373.06,failed,online,2025-01-13,NO
1,37613,59342,1115.59,failed,online,2025-01-13,NO
1,34967,60874,5067.940433650047,failed,online,2025-01-13,NO
4404,39102,63901,1319.06,failed,online,2025-01-13,NO
1286,26002,66431,30.52,failed,online,2025-01-13,NO
3133,28830,70506,1819.82,failed,online,2025-01-13,NO
8,35997,73649,708.78,failed,online,2025-01-13,NO
2457,34914,75693,1171.65,failed,online,2025-01-13,NO
503,43736,78189,393.28,failed,online,2025-01-13,NO
1,4084,80543,1687.13,completed,online,2025-01-13,NO
833,29839,80676,1780.84,failed,online,2025-01-13,NO
3073,30428,80866,1798.01,failed,online,2025-01-13,NO
3790,34358,82487,1486.56,completed,online,2025-01-13,NO
1,15109,83042,537.36,completed,online,2025-01-13,NO
1,14812,83044,414.28,completed,online,2025-01-13,NO
2218,3966,84410,13.57,failed,online,2025-01-13,NO
3908,6667,88281,1283.31,failed,online,2025-01-13,NO
1,13895,89261,1263.99,completed,online,2025-01-13,NO
2685,32753,90399,974.48,failed,online,2025-01-13,NO
1,14724,90591,1646.65,completed,online,2025-01-13,NO
4868,45548,90728,1182.31,completed,online,2025-01-13,NO
963,19968,92515,1110.0,failed,online,2025-01-13,NO
3058,47398,92950,742.01,completed,online,2025-01-13,NO
1477,29500,93127,868.62,completed,online,2025-01-13,NO
4980,32219,94032,1519.05,completed,online,2025-01-13,NO
1,16116,95308,1930.32,completed,online,2025-01-13,NO
1789,47345,95682,1413.43,completed,online,2025-01-13,NO
4895,31443,97197,1731.55,completed,online,2025-01-13,NO
103,10890,97877,544.15,completed,online,2025-01-13,NO
1,9492,98430,430.74,failed,online,2025-01-13,NO
4199,18961,98490,756.19,completed,online,2025-01-13,NO
3731,49318,98665,693.02,completed,online,2025-01-13,NO
4513,26796,103847,887.8,failed,online,2025-01-13,NO
4833,23777,105077,286.63,completed,online,2025-01-13,NO
2497,45588,106170,1628.22,failed,online,2025-01-13,NO
4221,35875,108203,524.33,completed,online,2025-01-13,NO
1,16282,110841,1615.27,completed,online,2025-01-13,NO
4917,25525,112401,503.0,completed,online,2025-01-13,NO
3202,29586,117741,182.25,completed,online,2025-01-13,NO
3514,41917,119329,1580.36,failed,online,2025-01-13,NO
1,20237,121084,821.67,completed,online,2025-01-13,NO
2695,37607,121908,1405.12,failed,online,2025-01-13,NO
397,19369,123160,326.39,completed,online,2025-01-13,NO
2932,37078,126857,1963.33,failed,online,2025-01-13,NO
4803,47855,127614,1002.57,completed,online,2025-01-13,NO
364,14380,132273,1160.87,failed,online,2025-01-13,NO
2954,8358,139129,1153.33,completed,online,2025-01-13,NO
2213,4058,141587,1358.35,failed,online,2025-01-13,NO
3781,31126,142844,66.29,completed,online,2025-01-13,NO
631,16741,146342,1600.94,completed,online,2025-01-13,NO
1843,15046,147787,353.3,failed,online,2025-01-13,NO
2122,48728,148220,1076.59,completed,online,2025-01-13,NO
1,34199,148858,453.21,completed,online,2025-01-13,NO
3965,28375,2231,592.1,completed,online,2025-11-10,NO
908,42700,2655,21.88,completed,online,2025-11-10,NO
1,5851,2663,1973.63,completed,online,2025-11-10,NO
1648,37533,2683,1213.55,failed,online,2025-11-10,NO
1625,12088,2828,1333.4,failed,online,2025-11-10,NO
1917,43256,3490,1261.37,completed,online,2025-11-10,NO
1,28955,3498,1330.54,completed,online,2025-11-10,NO
1,20370,4391,300.2,failed,online,2025-11-10,NO
13,44930,5095,1758.62,completed,online,2025-11-10,NO
1,36727,11342,1909.04,completed,online,2025-11-10,NO
1,46196,13988,858.59,completed,online,2025-11-10,NO
2557,22028,14056,1831.84,failed,online,2025-11-10,NO
361,26233,14733,1737.57,failed,online,2025-11-10,NO
577,33578,15062,610.22,failed,online,2025-11-10,NO
1,15100,15967,1741.18,completed,online,2025-11-10,NO
336,11002,19848,1998.98,completed,online,2025-11-10,NO
3861,16429,19947,1327.29,completed,UNKNOWN,2025-11-10,NO
2859,3247,22608,1054.46,completed,online,2025-11-10,NO
1121,6090,25565,1145.28,completed,online,2025-11-10,NO
1349,33775,26637,1775.74,failed,online,2025-11-10,NO
294,48614,26796,8715.112157553696,completed,online,2025-11-10,NO
216,3376,30419,172.02,completed,online,2025-11-10,NO
984,12080,34132,468.72,completed,online,2025-11-10,NO
3530,8535,35554,626.73,completed,online,2025-11-10,NO
4685,9178,38549,1699.74,completed,online,2025-11-10,NO
1683,34016,38883,1185.6,completed,online,2025-11-10,NO
1,4908,39452,243.41,completed,online,2025-11-10,NO
1,1186,40559,860.3,completed,online,2025-11-10,NO
2345,36554,40883,1407.22,failed,online,2025-11-10,NO
1,47259,43175,761.04,completed,online,2025-11-10,NO
167,31736,44623,742.87,completed,online,2025-11-10,NO
1243,48732,48771,1662.65,failed,online,2025-11-10,NO
3053,3952,49044,1988.83,completed,online,2025-11-10,NO
1833,42145,51062,110.97,completed,online,2025-11-10,NO
4773,39126,52772,432.99,completed,online,2025-11-10,NO
4975,41564,53475,107.63,failed,online,2025-11-10,NO
1680,13047,56414,1433.61,failed,online,2025-11-10,NO
1699,46217,57181,993.03,failed,online,2025-11-10,NO
2452,28000,57289,1995.78,completed,online,2025-11-10,NO
2088,4323,61010,1573.37,failed,online,2025-11-10,NO
4120,36262,61276,138.66,failed,online,2025-11-10,NO
321,449,62354,47.83,failed,online,2025-11-10,NO
1,44415,62957,104.04,failed,online,2025-11-10,NO
3129,2838,63931,1500.94,completed,online,2025-11-10,NO
2051,11909,64219,967.67,completed,online,2025-11-10,NO
4884,10603,67347,809.77,completed,online,2025-11-10,NO
3937,25577,68443,1233.96,completed,online,2025-11-10,NO
1409,1924,70228,623.5,failed,online,2025-11-10,NO
2223,42567,70941,1227.1,failed,online,2025-11-10,NO
646,6568,70992,219.93,completed,online,2025-11-10,NO
1,17944,72784,1736.14,failed,online,2025-11-10,NO
4062,20750,79081,531.38,completed,online,2025-11-10,NO
964,26686,82000,821.2,failed,online,2025-11-10,NO
738,43644,82629,868.32,completed,online,2025-11-10,NO
3273,41362,83481,1850.74,completed,online,2025-11-10,NO
1,23480,85469,722.45,failed,online,2025-11-10,NO
1018,11684,85792,1381.76,failed,online,2025-11-10,NO
1,47801,85798,1344.8,failed,online,2025-11-10,NO
4955,13013,88598,1243.83,failed,online,2025-11-10,NO
4492,27199,89277,839.25,failed,online,2025-11-10,NO
2365,19966,90218,344.6,completed,online,2025-11-10,NO
779,1838,90280,193.37,failed,online,2025-11-10,NO
4443,36434,90385,884.49,failed,online,2025-11-10,NO
1,39550,91385,1903.73,failed,online,2025-11-10,NO
223,37289,91868,966.32,failed,online,2025-11-10,NO
4926,47202,92362,78.51,failed,online,2025-11-10,NO
1698,25465,93513,421.31,failed,online,2025-11-10,NO
1838,2644,95148,1640.47,failed,online,2025-11-10,NO
126,125,96076,1378.87,failed,online,2025-11-10,NO
279,12776,96079,929.92,failed,online,2025-11-10,NO
1,41038,97229,1499.84,completed,online,2025-11-10,NO
576,18700,98550,862.41,completed,online,2025-11-10,NO
2038,24021,98902,1582.31,completed,UNKNOWN,2025-11-10,NO
2226,17329,99662,170.23,completed,online,2025-11-10,NO
1617,7470,103517,846.01,completed,online,2025-11-10,NO
1731,28172,104404,1922.05,completed,online,2025-11-10,NO
1,48459,104972,1177.1,completed,online,2025-11-10,NO
1,49862,109247,1791.12,completed,online,2025-11-10,NO
497,17504,110613,1690.94,failed,online,2025-11-10,NO
473,5402,112891,35.3,failed,online,2025-11-10,NO
92,5221,117666,1110.89,completed,online,2025-11-10,NO
1978,14519,117704,1175.67,completed,online,2025-11-10,NO
2482,20397,121746,1056.15,failed,online,2025-11-10,NO
1,49655,122658,1235.94,failed,online,2025-11-10,NO
2175,42478,123572,1525.98,failed,online,2025-11-10,NO
2908,925,124611,676.76,failed,online,2025-11-10,NO
2074,2689,125467,1800.22,failed,online,2025-11-10,NO
1,12567,126473,205.68,completed,online,2025-11-10,NO
1833,47483,130570,427.82,completed,online,2025-11-10,NO
1629,31043,131156,1141.21,failed,online,2025-11-10,NO
1813,30467,132714,1190.33,failed,online,2025-11-10,NO
1472,45439,133863,956.37,completed,online,2025-11-10,NO
2851,29045,134865,1759.2,failed,online,2025-11-10,NO
1994,6999,135482,638.06,failed,online,2025-11-10,NO
1,2536,140330,1315.23,failed,online,2025-11-10,NO
1068,1746,141941,603.8,completed,online,2025-11-10,NO
1033,25162,145359,1374.71,failed,online,2025-11-10,NO
1432,31568,978,716.57,failed,online,2025-11-10,NO
2064,16465,3850,356.65,failed,online,2025-11-10,NO
1,6110,4273,172.49,failed,online,2025-11-10,NO
936,15306,5629,1397.14,completed,online,2025-11-10,NO
142,4838,6844,700.87,failed,online,2025-11-10,NO
3259,25343,8854,422.1,completed,online,2025-11-10,NO
653,34557,9960,75.18,completed,online,2025-11-10,NO
3608,11442,10920,503.7,completed,online,2025-11-10,NO
4712,32620,12560,1709.32,completed,online,2025-11-10,NO
562,13861,13043,1438.93,failed,online,2025-11-10,NO
1,6923,15095,997.95,failed,online,2025-11-10,NO
3828,24538,15512,688.07,completed,online,2025-11-10,NO
1215,4432,19290,1589.2,completed,online,2025-11-10,NO
210,16218,23258,482.3,completed,online,2025-11-10,NO
4400,15920,23356,1212.09,failed,online,2025-11-10,NO
553,34140,24156,413.82,completed,online,2025-11-10,NO
173,16662,24656,616.73,failed,online,2025-11-10,NO
1958,48083,26291,331.67,completed,online,2025-11-10,NO
2237,20708,29134,11.38,completed,online,2025-11-10,NO
1,29302,30608,783.93,failed,UNKNOWN,2025-11-10,NO
4323,27475,30760,990.33,completed,online,2025-11-10,NO
2236,36589,31471,426.29,failed,online,2025-11-10,NO
690,997,32740,1165.7,failed,online,2025-11-10,NO
1670,7978,35930,1154.65,completed,online,2025-11-10,NO
3590,6418,36196,199.35,failed,online,2025-11-10,NO
3900,4391,36640,1821.46,completed,online,2025-11-10,NO
1,23612,38854,1348.73,failed,online,2025-11-10,NO
1195,18300,39201,95.52,completed,online,2025-11-10,NO
1,13140,39854,72.68,completed,online,2025-11-10,NO
4835,31569,40297,961.53,completed,online,2025-11-10,NO
3232,35699,40830,550.95,failed,online,2025-11-10,NO
3938,28231,41158,1075.29,completed,online,2025-11-10,NO
4558,31389,41893,8847.76225680017,completed,online,2025-11-10,NO
1414,38220,42126,302.94,failed,online,2025-11-10,NO
3388,38196,43840,518.44,completed,online,2025-11-10,NO
4912,40739,45158,1893.18,completed,online,2025-11-10,NO
1455,4899,46624,8238.33100800886,failed,online,2025-11-10,NO
3117,25218,47760,987.43,completed,online,2025-11-10,NO
1,35698,48056,1126.1,completed,online,2025-11-10,NO
3434,37993,48642,1578.98,failed,online,2025-11-10,NO
198,49344,48766,380.34,completed,online,2025-11-10,NO
1875,34513,50047,804.12,failed,online,2025-11-10,NO
1301,21078,56399,436.72,failed,online,2025-11-10,NO
3159,12132,58939,912.54,completed,online,2025-11-10,NO
4841,49821,59507,1169.77,completed,online,2025-11-10,NO
2721,22640,61216,1388.93,failed,online,2025-11-10,NO
3363,20301,62288,320.39,failed,online,2025-11-10,NO
4154,3112,62461,717.48,failed,online,2025-11-10,NO
4096,13276,63334,1189.82,completed,online,2025-11-10,NO
2752,18959,67430,1550.63,failed,online,2025-11-10,NO
1833,19200,68031,1287.18,failed,online,2025-11-10,NO
2548,32832,70225,1559.99,failed,online,2025-11-10,NO
1855,25078,70230,170.67,completed,online,2025-11-10,NO
1462,22806,70458,1855.12,failed,online,2025-11-10,NO
2974,37462,70977,1486.87,failed,online,2025-11-10,NO
1858,20703,71676,501.67,completed,online,2025-11-10,NO
4022,37897,75798,1789.12,failed,online,2025-11-10,NO
3028,21437,76005,436.21,completed,online,2025-11-10,NO
1,38195,77810,1316.22,completed,online,2025-11-10,NO
1,36343,78370,1242.43,completed,online,2025-11-10,NO
1,40445,81899,1829.86,failed,online,2025-11-10,NO
2540,8729,91011,1254.99,failed,online,2025-11-10,NO
3886,4657,93306,1736.27,completed,online,2025-11-10,NO
2492,11430,96440,972.49,failed,online,2025-11-10,NO
927,13332,97195,1327.59,failed,online,2025-11-10,NO
2002,15638,97669,1156.71,failed,online,2025-11-10,NO
562,19271,98179,1638.06,completed,online,2025-11-10,NO
954,46923,103757,1003.64,completed,online,2025-11-10,NO
4104,48595,110033,226.48,failed,online,2025-11-10,NO
1,29080,110149,630.88,failed,online,2025-11-10,NO
1,37320,110274,841.92,completed,online,2025-11-10,NO
1,31847,110507,198.71,failed,online,2025-11-10,NO
2611,19943,113135,1050.86,failed,online,2025-11-10,NO
4463,30129,113231,1857.53,failed,online,2025-11-10,NO
413,11405,115286,756.77,failed,online,2025-11-10,NO
4534,29883,115650,1309.7,completed,online,2025-11-10,NO
1,44994,118010,1284.03,completed,online,2025-11-10,NO
2778,14535,118998,373.84,completed,online,2025-11-10,NO
3736,32921,119191,657.33,completed,online,2025-11-10,NO
4705,9354,125938,757.52,completed,online,2025-11-10,NO
3553,48555,126345,821.17,failed,online,2025-11-10,NO
1160,41789,127751,991.47,completed,online,2025-11-10,NO
77,18509,128999,1354.53,failed,online,2025-11-10,NO
4402,24105,134533,1587.4,completed,online,2025-11-10,NO
1,42006,134937,596.98,completed,online,2025-11-10,NO
3536,19639,135250,1506.89,failed,online,2025-11-10,NO
2295,30025,135354,158.14,completed,online,2025-11-10,NO
2856,48235,137688,218.88,completed,online,2025-11-10,NO
3232,288,138570,241.56,completed,online,2025-11-10,NO
1,37187,141018,938.06,failed,online,2025-11-10,NO
1710,46691,142922,65.65,completed,online,2025-11-10,NO
262,18648,143418,1094.48,completed,online,2025-11-10,NO
1556,14460,144261,1806.08,failed,online,2025-11-10,NO
567,14611,146286,220.75,failed,online,2025-11-10,NO
1224,8076,149021,1335.21,failed,online,2025-11-10,NO
1050,25032,149372,309.15,failed,online,2025-11-10,NO
1,37629,6055,458.47,completed,online,2025-04-23,NO
4726,25946,7805,1984.17,completed,online,2025-04-23,NO
3874,3299,8730,1678.65,completed,online,2025-04-23,NO
4673,6962,9156,288.67,completed,online,2025-04-23,NO
165,29365,9735,504.7,failed,online,2025-04-23,NO
2122,32150,10477,275.44,completed,online,2025-04-23,NO
1453,10726,12242,1599.15,failed,online,2025-04-23,NO
1206,33545,12410,987.66,completed,online,2025-04-23,NO
247,877,13564,1026.98,failed,online,2025-04-23,NO
4287,31103,14684,1865.45,completed,online,2025-04-23,NO
3531,41130,15390,1506.01,failed,online,2025-04-23,NO
1089,7658,18338,6479.045423404366,completed,UNKNOWN,2025-04-23,NO
1460,8190,20441,615.68,failed,online,2025-04-23,NO
1274,4303,22091,623.64,failed,online,2025-04-23,NO
80,17857,25727,798.81,failed,online,2025-04-23,NO
1,25115,26138,1645.78,completed,online,2025-04-23,NO
1254,27490,27326,292.86,failed,online,2025-04-23,NO
2053,44147,27334,1617.61,failed,online,2025-04-23,NO
2264,11997,27405,103.07,completed,online,2025-04-23,NO
1728,38976,31074,638.78,failed,online,2025-04-23,NO
1,35709,34101,1559.89,failed,online,2025-04-23,NO
704,49930,35470,554.2,completed,online,2025-04-23,NO
3517,24231,36010,615.91,failed,online,2025-04-23,NO
1,49930,37923,1162.37,failed,online,2025-04-23,NO
1,30751,39662,710.53,completed,online,2025-04-23,NO
1075,6344,42097,1611.83,completed,online,2025-04-23,NO
6,20084,42983,496.91,failed,online,2025-04-23,NO
4138,1735,43328,837.35,failed,online,2025-04-23,NO
921,48998,43750,269.99,completed,online,2025-04-23,NO
341,43610,43845,526.11,completed,online,2025-04-23,NO
3702,41749,43885,1238.9,failed,online,2025-04-23,NO
2041,34457,45516,643.48,completed,online,2025-04-23,NO
1237,30251,50654,948.54,completed,online,2025-04-23,NO
2962,37715,50760,772.63,completed,online,2025-04-23,NO
4034,15559,54447,597.96,completed,online,2025-04-23,NO
2707,16301,54990,1708.76,completed,online,2025-04-23,NO
3508,6821,56762,996.76,completed,online,2025-04-23,NO
4705,41960,58270,587.27,completed,online,2025-04-23,NO
1,46941,58986,806.9,completed,online,2025-04-23,NO
2235,6579,63129,1129.5,failed,online,2025-04-23,NO
3753,44280,63543,659.45,failed,online,2025-04-23,NO
785,46354,63633,597.4,completed,online,2025-04-23,NO
1,47172,65298,642.23,failed,online,2025-04-23,NO
1,9164,70527,1442.93,failed,online,2025-04-23,NO
1376,32042,71627,1515.71,completed,online,2025-04-23,NO
487,10388,72356,1928.99,completed,online,2025-04-23,NO
4697,33862,73285,494.92,failed,online,2025-04-23,NO
3933,37243,73460,1977.25,completed,online,2025-04-23,NO
3487,23133,74002,1450.35,completed,online,2025-04-23,NO
67,5464,75627,1380.09,failed,online,2025-04-23,NO
2740,20974,77895,1004.89,completed,online,2025-04-23,NO
2583,42052,80126,1832.73,failed,online,2025-04-23,NO
2489,28536,80620,398.21,completed,online,2025-04-23,NO
3564,47464,81759,1184.07,failed,online,2025-04-23,NO
3667,1508,82353,134.1,completed,online,2025-04-23,NO
2078,46179,86006,64.93,failed,online,2025-04-23,NO
4139,2668,86262,1339.24,failed,online,2025-04-23,NO
3227,17292,88083,341.38,failed,online,2025-04-23,NO
4119,6126,90050,398.65,completed,online,2025-04-23,NO
4502,16482,90378,874.94,completed,online,2025-04-23,NO
168,37948,90643,1986.3,completed,online,2025-04-23,NO
3418,43360,91471,793.18,failed,online,2025-04-23,NO
2392,34427,92005,1924.0,completed,online,2025-04-23,NO
2253,10554,93034,1845.12,failed,online,2025-04-23,NO
3645,21374,98049,1662.53,completed,online,2025-04-23,NO
3067,47843,99699,202.4,completed,online,2025-04-23,NO
655,48118,101372,1124.28,failed,online,2025-04-23,NO
1156,33995,103280,1775.12,failed,online,2025-04-23,NO
1,9577,103493,1064.29,completed,online,2025-04-23,NO
541,4808,103963,385.92,completed,online,2025-04-23,NO
3949,1912,108837,302.62,completed,online,2025-04-23,NO
1,16625,108852,992.8,failed,online,2025-04-23,NO
619,19148,109515,67.27,completed,online,2025-04-23,NO
3606,3975,109540,1968.59,completed,online,2025-04-23,NO
4393,40356,111616,1210.45,failed,online,2025-04-23,NO
2672,25259,114030,986.18,completed,online,2025-04-23,NO
3769,14196,114171,544.89,failed,online,2025-04-23,NO
311,16348,116404,1463.08,failed,online,2025-04-23,NO
1,23599,116973,1879.31,completed,online,2025-04-23,NO
1,32776,118646,842.54,failed,online,2025-04-23,NO
1,11933,125689,1082.9,completed,online,2025-04-23,NO
1083,35533,127091,946.8,completed,online,2025-04-23,NO
4871,13485,127735,1705.85,completed,online,2025-04-23,NO
2917,43052,129138,1229.11,completed,online,2025-04-23,NO
1193,35973,132229,1550.68,failed,online,2025-04-23,NO
1525,37013,132317,1779.36,completed,online,2025-04-23,NO
1596,31014,132395,1824.69,failed,online,2025-04-23,NO
3732,49824,136057,793.92,failed,online,2025-04-23,NO
3452,37948,136362,1607.7,completed,online,2025-04-23,NO
1,35636,137026,501.22,failed,online,2025-04-23,NO
1416,13108,138114,799.73,completed,online,2025-04-23,NO
3276,25521,141726,638.35,failed,online,2025-04-23,NO
1362,18815,142629,177.38,completed,online,2025-04-23,NO
1,31377,145330,1286.37,completed,online,2025-04-23,NO
875,12323,146789,232.99,failed,online,2025-04-23,NO
1,12486,149287,125.94,completed,online,2025-04-23,NO
2461,17720,171,1380.21,failed,online,2025-01-02,NO
1719,24047,286,1878.91,failed,online,2025-01-02,NO
4465,39209,706,1778.53,completed,online,2025-01-02,NO
1795,49365,1914,325.75,failed,online,2025-01-02,NO
4407,19106,4223,276.81,completed,online,2025-01-02,NO
3534,26748,5999,304.42,completed,online,2025-01-02,NO
3423,41763,6340,1164.04,failed,online,2025-01-02,NO
39,23578,7639,1504.76,failed,online,2025-01-02,NO
752,42007,8549,340.39,failed,online,2025-01-02,NO
2404,8437,9425,319.09,failed,online,2025-01-02,NO
4620,36809,11449,1281.66,failed,online,2025-01-02,NO
1,24928,14106,1155.65,failed,online,2025-01-02,NO
3018,17098,17867,1577.51,completed,online,2025-01-02,NO
1,17913,20591,1156.18,failed,online,2025-01-02,NO
4991,11902,20847,220.76,completed,online,2025-01-02,NO
492,31808,21085,1819.14,failed,online,2025-01-02,NO
301,44981,24609,458.77,failed,online,2025-01-02,NO
2603,5758,25112,594.89,failed,online,2025-01-02,NO
1785,39828,25787,1875.9,completed,online,2025-01-02,NO
1,40756,26014,1039.98,failed,online,2025-01-02,NO
2202,16641,26523,524.29,failed,online,2025-01-02,NO
2307,6157,28621,245.59,failed,online,2025-01-02,NO
1,8512,29824,1484.65,failed,online,2025-01-02,NO
3746,175,33498,261.71,completed,online,2025-01-02,NO
1792,34042,33858,1124.27,failed,online,2025-01-02,NO
836,39677,34417,1904.02,completed,online,2025-01-02,NO
740,42880,37313,164.95,completed,online,2025-01-02,NO
944,31295,38231,283.15,completed,online,2025-01-02,NO
1326,47789,39655,252.75,completed,online,2025-01-02,NO
1,20248,40932,545.01,failed,online,2025-01-02,NO
3599,19232,42293,165.04,failed,online,2025-01-02,NO
1,24165,42767,120.58,completed,online,2025-01-02,NO
1,16654,45294,1954.22,failed,online,2025-01-02,NO
1293,29763,47467,9496.255531129951,failed,online,2025-01-02,NO
1,26491,48026,823.3,completed,online,2025-01-02,NO
3062,46709,48770,1495.05,failed,online,2025-01-02,NO
3603,42120,48856,1811.21,completed,online,2025-01-02,NO
29,30050,49311,649.75,failed,online,2025-01-02,NO
3939,44054,55882,316.9,completed,online,2025-01-02,NO
1,29950,56427,305.67,failed,online,2025-01-02,NO
3302,36619,56519,876.34,failed,online,2025-01-02,NO
1,12712,56533,259.99,completed,online,2025-01-02,NO
680,45767,57648,157.16,completed,online,2025-01-02,NO
4750,25499,58332,307.92,failed,online,2025-01-02,NO
1877,24014,58337,936.04,completed,online,2025-01-02,NO
4504,43321,58514,1184.93,failed,online,2025-01-02,NO
1,34916,59071,1040.54,failed,UNKNOWN,2025-01-02,NO
1,38887,61159,1061.67,completed,online,2025-01-02,NO
1,32663,61802,1925.62,failed,online,2025-01-02,NO
1,25386,67139,1217.39,failed,online,2025-01-02,NO
4336,21326,70053,94.32,completed,online,2025-01-02,NO
4986,39856,74132,257.91,completed,online,2025-01-02,NO
3262,24458,75222,185.8,failed,online,2025-01-02,NO
2966,23076,76309,169.82,failed,online,2025-01-02,NO
1601,7097,78233,1602.7,completed,online,2025-01-02,NO
4224,12294,79123,1607.2,completed,online,2025-01-02,NO
4127,35692,79224,1785.79,failed,online,2025-01-02,NO
81,18866,79719,859.18,completed,UNKNOWN,2025-01-02,NO
1518,23216,80812,427.83,failed,online,2025-01-02,NO
1,13237,80948,435.76,completed,online,2025-01-02,NO
3234,9854,82929,1635.54,failed,online,2025-01-02,NO
487,18115,83583,880.16,failed,online,2025-01-02,NO
1447,18889,86009,1345.05,completed,online,2025-01-02,NO
2955,49236,89208,1234.29,completed,online,2025-01-02,NO
4273,38989,92960,858.8,completed,online,2025-01-02,NO
3654,1534,95980,1392.87,failed,online,2025-01-02,NO
1,43329,98172,579.72,completed,online,2025-01-02,NO
4512,30599,102509,1841.4,completed,online,2025-01-02,NO
2259,5439,102777,1963.47,completed,online,2025-01-02,NO
3247,49582,103605,223.04,failed,online,2025-01-02,NO
4258,22145,105273,418.53,completed,online,2025-01-02,NO
3413,32516,108160,1712.92,completed,online,2025-01-02,NO
4108,1383,109771,843.84,failed,online,2025-01-02,NO
2351,48947,112089,883.13,completed,online,2025-01-02,NO
4873,3084,115555,1012.27,completed,online,2025-01-02,NO
4200,8695,115925,588.72,failed,online,2025-01-02,NO
3981,49252,118013,512.88,failed,online,2025-01-02,NO
3631,41517,119916,1157.28,completed,online,2025-01-02,NO
2974,17671,121987,1874.85,failed,online,2025-01-02,NO
2170,13565,124766,551.71,failed,online,2025-01-02,NO
1521,26836,126197,705.52,completed,online,2025-01-02,NO
3574,1727,131688,766.49,failed,online,2025-01-02,NO
303,41090,135059,1866.29,completed,online,2025-01-02,NO
709,8601,135810,1922.16,completed,online,2025-01-02,NO
2196,32268,135884,1580.58,failed,online,2025-01-02,NO
2706,25351,137369,467.55,failed,online,2025-01-02,NO
1,16556,137540,1923.29,completed,online,2025-01-02,NO
2797,24917,139631,569.94,failed,online,2025-01-02,NO
766,21392,141858,1425.84,completed,online,2025-01-02,NO
809,27644,142479,255.9,completed,online,2025-01-02,NO
1,35702,144691,163.52,failed,online,2025-01-02,NO
580,31489,146074,1546.81,failed,online,2025-01-02,NO
192,4611,146520,515.46,failed,online,2025-01-02,NO
1893,28,147327,1528.39,completed,online,2025-01-02,NO
3445,1119,148069,134.01,failed,online,2025-01-02,NO
2856,41373,148982,305.45,completed,online,2025-01-02,NO
1,15228,149743,1857.22,failed,online,2025-01-02,NO
3136,11160,5285,953.1,completed,online,2025-06-04,NO
2344,43151,6097,37.09,failed,online,2025-06-04,NO
3163,27620,7970,255.32,completed,online,2025-06-04,NO
1,16261,8689,7341.977511161676,failed,online,2025-06-04,NO
1,22143,8986,1626.1,failed,online,2025-06-04,NO
1,39611,10230,1808.92,completed,online,2025-06-04,NO
840,20979,10281,1939.21,failed,online,2025-06-04,NO
3773,47709,12921,1464.9,completed,UNKNOWN,2025-06-04,NO
1981,2211,18334,698.59,failed,UNKNOWN,2025-06-04,NO
252,43709,19197,564.96,failed,online,2025-06-04,NO
1,32044,24136,1875.98,completed,online,2025-06-04,NO
599,1182,24890,516.36,failed,online,2025-06-04,NO
162,915,28234,1980.4,completed,online,2025-06-04,NO
2737,34751,28450,978.89,completed,online,2025-06-04,NO
1041,49231,31162,106.11,failed,online,2025-06-04,NO
1,28775,32625,1199.72,failed,online,2025-06-04,NO
1,23618,32680,136.52,completed,online,2025-06-04,NO
4574,24782,32968,1950.26,completed,online,2025-06-04,NO
4746,31898,34104,1435.83,failed,online,2025-06-04,NO
1796,24059,35021,1839.19,completed,online,2025-06-04,NO
221,45596,35153,1480.4,completed,online,2025-06-04,NO
1,25671,35876,1684.48,completed,online,2025-06-04,NO
4856,30417,35926,656.34,completed,online,2025-06-04,NO
4072,39267,38582,772.43,completed,online,2025-06-04,NO
88,24558,38717,1942.99,completed,online,2025-06-04,NO
413,43096,39597,1163.64,completed,online,2025-06-04,NO
3189,42825,41011,448.44,completed,online,2025-06-04,NO
47,13248,42613,943.03,completed,online,2025-06-04,NO
2867,48999,43052,1135.83,completed,online,2025-06-04,NO
3626,16207,43362,1142.66,failed,online,2025-06-04,NO
1632,2947,47355,1777.75,failed,online,2025-06-04,NO
1833,7416,49241,234.15,completed,online,2025-06-04,NO
633,35358,52719,1339.09,failed,online,2025-06-04,NO
1254,19601,54061,1658.68,completed,online,2025-06-04,NO
49,330,57326,1134.91,completed,online,2025-06-04,NO
1,12256,59750,1989.06,completed,online,2025-06-04,NO
1,13950,60455,362.7,failed,UNKNOWN,2025-06-04,NO
2414,40138,61385,8503.21077522302,completed,online,2025-06-04,NO
2399,44699,63426,1213.75,failed,online,2025-06-04,NO
1304,4738,66729,794.8,failed,online,2025-06-04,NO
2702,33114,67690,743.09,failed,online,2025-06-04,NO
2122,31649,67820,529.2,failed,online,2025-06-04,NO
4465,20653,67896,1902.68,failed,online,2025-06-04,NO
1264,48242,68007,102.72,failed,online,2025-06-04,NO
3567,36983,70935,594.77,completed,online,2025-06-04,NO
1,5126,72514,452.19,failed,online,2025-06-04,NO
4971,21085,72543,877.52,completed,online,2025-06-04,NO
1951,23921,72814,61.19,completed,online,2025-06-04,NO
2151,28857,76121,1183.18,completed,online,2025-06-04,NO
3630,23256,77881,171.09,completed,online,2025-06-04,NO
2076,43121,77907,192.12,failed,online,2025-06-04,NO
2534,14375,79205,669.11,failed,online,2025-06-04,NO
1,18894,79382,1951.72,completed,online,2025-06-04,NO
2053,22010,80307,1746.5,failed,online,2025-06-04,NO
4672,14570,81599,1934.21,failed,online,2025-06-04,NO
1,3972,81711,835.84,completed,online,2025-06-04,NO
4614,1595,83224,1942.9,completed,online,2025-06-04,NO
1583,38148,86017,1402.68,failed,online,2025-06-04,NO
1,37009,86623,60.67,completed,online,2025-06-04,NO
3218,6953,86841,16.4,failed,online,2025-06-04,NO
2793,31439,87396,9428.870834672307,failed,online,2025-06-04,NO
2790,21501,89509,1862.56,failed,online,2025-06-04,NO
3392,20039,91088,86.49,failed,online,2025-06-04,NO
1973,14508,92959,1342.73,failed,online,2025-06-04,NO
1468,48384,94152,509.71,failed,online,2025-06-04,NO
129,40337,95193,713.13,completed,online,2025-06-04,NO
472,8953,98541,801.94,failed,online,2025-06-04,NO
851,46822,99685,1933.17,failed,online,2025-06-04,NO
3633,21785,102359,1720.55,completed,online,2025-06-04,NO
1930,35298,105341,1171.5,failed,online,2025-06-04,NO
3778,39979,107077,214.27,completed,online,2025-06-04,NO
314,34598,107821,1107.5,completed,online,2025-06-04,NO
2173,46152,108473,536.19,completed,online,2025-06-04,NO
158,16025,111531,116.59,failed,online,2025-06-04,NO
394,21272,118185,1859.99,failed,online,2025-06-04,NO
3526,25438,118507,1493.08,completed,online,2025-06-04,NO
3994,215,120063,62.28,completed,online,2025-06-04,NO
1,34613,120465,528.55,completed,online,2025-06-04,NO
1,44281,121959,647.72,completed,online,2025-06-04,NO
1181,9597,123292,962.58,failed,online,2025-06-04,NO
1242,9174,124441,1031.47,failed,online,2025-06-04,NO
2541,12458,124733,1922.36,failed,online,2025-06-04,NO
1,24423,126449,1312.0,failed,online,2025-06-04,NO
85,27874,127087,1716.36,failed,online,2025-06-04,NO
4249,41028,127524,1824.84,completed,online,2025-06-04,NO
4923,36172,130046,1509.51,failed,online,2025-06-04,NO
988,13545,130888,619.05,completed,online,2025-06-04,NO
1,43964,137259,380.09,failed,online,2025-06-04,NO
324,43138,137377,434.87,completed,online,2025-06-04,NO
4510,30235,141033,1701.89,failed,online,2025-06-04,NO
3664,24722,141683,1874.05,failed,online,2025-06-04,NO
2158,41004,142049,593.0,completed,online,2025-06-04,NO
3471,11381,142788,130.31,completed,online,2025-06-04,NO
3956,18256,147083,1232.89,completed,online,2025-06-04,NO
1,2982,148292,167.14,completed,online,2025-06-04,NO
889,43676,148349,1311.03,failed,online,2025-06-04,NO
2724,18434,463,1260.01,failed,online,2025-06-01,NO
1069,11435,796,852.63,completed,online,2025-06-01,NO
1917,10715,1404,1514.6,failed,online,2025-06-01,NO
1453,29403,5547,1579.71,failed,online,2025-06-01,NO
943,30004,5655,1187.61,failed,online,2025-06-01,NO
2713,41465,5691,1194.48,completed,online,2025-06-01,NO
1,43348,5962,474.79,failed,online,2025-06-01,NO
2263,46391,8480,1835.71,failed,online,2025-06-01,NO
1,44441,12761,399.62,failed,online,2025-06-01,NO
1289,29679,13910,963.89,failed,online,2025-06-01,NO
891,27996,15532,652.71,completed,online,2025-06-01,NO
2510,3534,15619,1702.77,completed,online,2025-06-01,NO
3084,7822,16053,914.08,completed,online,2025-06-01,NO
1462,26038,18806,1916.14,failed,online,2025-06-01,NO
1,43691,20836,746.15,failed,online,2025-06-01,NO
243,46739,20921,1388.5,completed,online,2025-06-01,NO
3109,7893,21904,593.71,failed,online,2025-06-01,NO
478,24760,22275,1105.75,completed,online,2025-06-01,NO
2814,34502,27393,1270.45,failed,online,2025-06-01,NO
1,5962,27514,100.28,failed,online,2025-06-01,NO
1,31728,29464,759.71,completed,online,2025-06-01,NO
3896,41144,29673,1163.61,failed,online,2025-06-01,NO
4391,24571,29707,1885.49,failed,online,2025-06-01,NO
1,4121,32642,1899.73,failed,online,2025-06-01,NO
4312,7897,34645,844.81,completed,online,2025-06-01,NO
4741,4147,37930,80.2,failed,online,2025-06-01,NO
1302,43618,42978,1244.86,completed,online,2025-06-01,NO
4363,22748,43738,929.76,completed,online,2025-06-01,NO
1246,38215,50153,1855.88,completed,online,2025-06-01,NO
2462,28802,53159,686.07,completed,online,2025-06-01,NO
519,14152,53717,169.24,completed,online,2025-06-01,NO
235,24983,58287,763.96,completed,online,2025-06-01,NO
2662,25568,59448,1557.41,failed,online,2025-06-01,NO
2213,26530,63645,1063.04,failed,online,2025-06-01,NO
2884,185,65382,990.5,failed,online,2025-06-01,NO
161,49421,66512,780.21,completed,online,2025-06-01,NO
1635,24622,67208,442.02,failed,online,2025-06-01,NO
1,14001,67216,870.33,failed,online,2025-06-01,NO
1849,34866,67556,1450.88,completed,online,2025-06-01,NO
1,23367,68550,1941.84,failed,online,2025-06-01,NO
3721,47628,68579,127.78,failed,online,2025-06-01,NO
463,37543,68652,1445.96,failed,online,2025-06-01,NO
2648,30793,69441,1268.75,completed,online,2025-06-01,NO
1205,43643,71276,1236.57,failed,online,2025-06-01,NO
4720,28247,72520,1741.72,completed,online,2025-06-01,NO
3631,38209,73319,454.35,failed,online,2025-06-01,NO
2697,20513,73619,1982.3,failed,online,2025-06-01,NO
1016,20812,75027,1575.56,failed,online,2025-06-01,NO
1723,23990,75355,1718.59,completed,UNKNOWN,2025-06-01,NO
3141,3982,76515,161.26,failed,online,2025-06-01,NO
2762,17311,76840,970.62,failed,online,2025-06-01,NO
4172,9657,78622,1711.38,completed,online,2025-06-01,NO
3166,46135,80214,1119.07,completed,online,2025-06-01,NO
1,6455,80747,1726.79,failed,online,2025-06-01,NO
258,47167,80830,1494.03,failed,online,2025-06-01,NO
1040,45557,85922,1430.77,completed,online,2025-06-01,NO
3506,15680,87705,927.33,completed,online,2025-06-01,NO
240,24547,89632,231.67,failed,online,2025-06-01,NO
3007,14066,90692,1469.79,failed,online,2025-06-01,NO
2966,22763,92191,657.2,failed,online,2025-06-01,NO
1741,20128,92627,1022.39,failed,online,2025-06-01,NO
4079,24929,95045,627.9,completed,online,2025-06-01,NO
1,30647,96277,1734.92,failed,online,2025-06-01,NO
373,28984,101449,1705.83,completed,online,2025-06-01,NO
3876,22394,102371,1934.78,failed,online,2025-06-01,NO
1,485,104089,331.92,completed,online,2025-06-01,NO
82,25452,105180,937.72,completed,online,2025-06-01,NO
2994,33881,105687,19.99,failed,online,2025-06-01,NO
3688,12415,109628,13.7,failed,online,2025-06-01,NO
3049,839,110796,333.99,completed,online,2025-06-01,NO
1720,13308,113054,1761.29,failed,online,2025-06-01,NO
2784,18809,113266,395.63,failed,online,2025-06-01,NO
237,49373,114966,754.93,failed,online,2025-06-01,NO
2658,21730,116005,1494.43,failed,online,2025-06-01,NO
3955,12719,116807,397.14,failed,online,2025-06-01,NO
1340,10104,118864,791.82,completed,online,2025-06-01,NO
4522,36019,119263,1046.14,failed,online,2025-06-01,NO
4831,8448,122018,1124.52,failed,online,2025-06-01,NO
3029,13405,123812,98.69,completed,online,2025-06-01,NO
4077,1476,125351,1068.03,completed,online,2025-06-01,NO
884,10181,126357,1323.35,failed,online,2025-06-01,NO
451,24892,132042,61.6,failed,online,2025-06-01,NO
1,4858,133511,840.5,completed,online,2025-06-01,NO
3138,2528,134950,1747.13,completed,online,2025-06-01,NO
1,18604,137083,914.32,failed,online,2025-06-01,NO
1952,32423,137708,794.5,completed,online,2025-06-01,NO
3757,31155,137862,1140.88,failed,online,2025-06-01,NO
3783,29814,141320,1873.69,failed,online,2025-06-01,NO
1,37342,143198,1028.6,completed,online,2025-06-01,NO
4623,16146,143337,64.43,failed,online,2025-06-01,NO
4117,7149,143737,613.61,failed,online,2025-06-01,NO
3295,13192,144206,1427.23,failed,online,2025-06-01,NO
2765,9054,145572,654.95,completed,online,2025-06-01,NO
4159,43849,146224,1109.4,completed,online,2025-06-01,NO
1700,26968,147168,895.73,failed,online,2025-06-01,NO
3240,39599,148132,1593.66,failed,online,2025-06-01,NO
557,42364,148267,1394.27,completed,UNKNOWN,2025-06-01,NO
1038,40161,100,1303.24,completed,UNKNOWN,2025-01-06,NO
4424,21840,4427,1197.04,failed,online,2025-01-06,NO
3930,16237,6505,1557.25,completed,online,2025-01-06,NO
3463,24085,6641,277.7,completed,online,2025-01-06,NO
4085,3911,7741,168.2,failed,online,2025-01-06,NO
1089,36502,8606,72.25,completed,online,2025-01-06,NO
2767,27441,10669,1611.1,completed,online,2025-01-06,NO
2564,8334,13151,511.96,failed,online,2025-01-06,NO
4258,13331,15378,1565.74,completed,online,2025-01-06,NO
4174,43619,15944,298.58,completed,online,2025-01-06,NO
1779,7709,16465,1891.44,completed,online,2025-01-06,NO
1767,41014,16860,1295.43,failed,online,2025-01-06,NO
181,32281,18628,483.17,completed,online,2025-01-06,NO
2022,36401,18634,161.53,failed,online,2025-01-06,NO
491,601,21110,1643.62,completed,online,2025-01-06,NO
4212,49541,21947,1185.87,failed,online,2025-01-06,NO
4932,46003,23576,113.41,failed,online,2025-01-06,NO
313,17433,26310,1671.01,completed,online,2025-01-06,NO
2385,17681,26867,1143.62,completed,online,2025-01-06,NO
1,8658,29656,1285.69,failed,online,2025-01-06,NO
1,42990,30291,1236.76,completed,online,2025-01-06,NO
3180,22709,32902,1081.68,failed,online,2025-01-06,NO
311,44740,37543,913.53,completed,online,2025-01-06,NO
4860,49045,39797,518.12,completed,online,2025-01-06,NO
410,47224,40237,1039.58,completed,online,2025-01-06,NO
2901,33873,42796,1631.11,completed,online,2025-01-06,NO
1632,35694,43917,943.16,completed,online,2025-01-06,NO
1,20812,46242,133.0,completed,online,2025-01-06,NO
3451,26545,46612,1645.12,completed,online,2025-01-06,NO
3436,35481,48330,1544.07,completed,online,2025-01-06,NO
1233,16338,48579,1431.08,completed,online,2025-01-06,NO
1,13141,50363,1161.68,completed,online,2025-01-06,NO
494,4581,51143,442.96,failed,online,2025-01-06,NO
2459,46164,54795,879.68,failed,online,2025-01-06,NO
1,38145,55814,766.12,failed,UNKNOWN,2025-01-06,NO
3331,1386,55918,1270.16,completed,online,2025-01-06,NO
1482,25289,57531,1227.78,failed,online,2025-01-06,NO
465,33395,59144,223.4,completed,online,2025-01-06,NO
181,18275,59465,377.65,completed,online,2025-01-06,NO
2455,13726,59846,742.28,failed,online,2025-01-06,NO
449,2756,60818,241.76,failed,UNKNOWN,2025-01-06,NO
1738,30549,64195,1407.42,completed,online,2025-01-06,NO
1463,29227,65637,700.18,completed,online,2025-01-06,NO
2492,27036,65689,1441.99,failed,online,2025-01-06,NO
1557,2457,70741,329.62,failed,online,2025-01-06,NO
1852,9544,76362,694.77,failed,online,2025-01-06,NO
1,30536,76370,691.74,failed,online,2025-01-06,NO
2390,12762,79217,1563.82,completed,online,2025-01-06,NO
42,30520,80134,1163.04,failed,online,2025-01-06,NO
1676,2000,81892,34.25,completed,online,2025-01-06,NO
1983,38138,82294,1620.64,failed,online,2025-01-06,NO
4162,18239,85723,1105.72,completed,online,2025-01-06,NO
1615,11324,88575,1947.41,failed,online,2025-01-06,NO
2759,6105,89611,1985.4,failed,online,2025-01-06,NO
2719,40735,91873,1625.58,failed,online,2025-01-06,NO
1441,12906,93801,451.38,failed,online,2025-01-06,NO
3547,31769,94339,300.66,failed,online,2025-01-06,NO
66,39923,94594,877.84,failed,online,2025-01-06,NO
1,46947,95397,1693.98,completed,online,2025-01-06,NO
88,39969,95881,845.07,completed,online,2025-01-06,NO
1465,7787,96694,412.8,failed,online,2025-01-06,NO
141,7138,96821,333.84,completed,online,2025-01-06,NO
1,46165,97412,1435.3,failed,online,2025-01-06,NO
3406,45965,97469,1012.75,failed,online,2025-01-06,NO
2577,10271,99001,1994.41,failed,online,2025-01-06,NO
1,24074,101495,917.25,completed,online,2025-01-06,NO
2383,42531,102508,1904.51,completed,online,2025-01-06,NO
1638,30615,103032,1475.66,completed,online,2025-01-06,NO
4998,5583,103092,1357.57,completed,online,2025-01-06,NO
4193,11695,104410,52.39,failed,online,2025-01-06,NO
2262,29856,105145,147.28,completed,online,2025-01-06,NO
4969,10531,105514,601.34,failed,online,2025-01-06,NO
3627,38219,108380,415.72,completed,online,2025-01-06,NO
2710,22584,111785,462.18,completed,online,2025-01-06,NO
4567,46230,112350,1459.06,failed,online,2025-01-06,NO
830,38399,112366,1232.85,completed,online,2025-01-06,NO
1,11702,114098,1335.84,failed,online,2025-01-06,NO
3121,32494,114436,961.01,failed,online,2025-01-06,NO
3396,29988,118129,1717.21,failed,online,2025-01-06,NO
3572,10450,118254,1824.33,completed,online,2025-01-06,NO
3439,24091,118503,201.37,completed,online,2025-01-06,NO
1,34114,119436,1819.33,completed,online,2025-01-06,NO
2052,7657,123831,272.11,failed,online,2025-01-06,NO
1,4420,124576,1244.96,completed,online,2025-01-06,NO
472,38481,125740,815.64,completed,online,2025-01-06,NO
4459,312,127392,1726.42,failed,online,2025-01-06,NO
301,11917,128591,972.1,completed,online,2025-01-06,NO
4973,22279,129641,1758.2,failed,online,2025-01-06,NO
1,49978,130073,1758.06,failed,online,2025-01-06,NO
1723,42495,136476,981.81,failed,online,2025-01-06,NO
4951,28585,140342,620.58,failed,online,2025-01-06,NO
1095,41899,142707,689.84,completed,online,2025-01-06,NO
1253,45593,143205,347.64,failed,online,2025-01-06,NO
601,46992,144393,87.59,completed,online,2025-01-06,NO
1675,19121,148424,1574.51,failed,online,2025-01-06,NO
2190,11358,149534,893.79,failed,online,2025-01-06,NO
3447,42820,1052,1811.03,completed,online,2025-10-05,NO
767,7543,1827,1643.29,failed,online,2025-10-05,NO
1315,25803,5967,1505.96,failed,online,2025-10-05,NO
992,35074,7221,1703.04,completed,online,2025-10-05,NO
545,872,8191,471.73,completed,online,2025-10-05,NO
2262,8545,8311,308.55,completed,online,2025-10-05,NO
1359,37695,8880,1531.76,failed,online,2025-10-05,NO
2589,43776,9501,816.33,completed,online,2025-10-05,NO
1,3549,13148,289.81,failed,online,2025-10-05,NO
1,25444,15403,1818.36,failed,online,2025-10-05,NO
4835,40106,16358,1809.27,completed,online,2025-10-05,NO
1,11183,17483,179.99,failed,online,2025-10-05,NO
2878,43000,19703,999.61,failed,online,2025-10-05,NO
2958,20965,20787,25.63,completed,online,2025-10-05,NO
1,37800,20911,1107.43,completed,online,2025-10-05,NO
1325,31969,21057,1958.52,completed,online,2025-10-05,NO
2308,37235,21941,142.97,completed,online,2025-10-05,NO
1,39189,24315,654.18,completed,online,2025-10-05,NO
4857,38445,26392,1911.93,failed,online,2025-10-05,NO
1130,26040,28816,549.52,completed,online,2025-10-05,NO
1,23402,32829,1950.39,completed,online,2025-10-05,NO
1484,28488,39596,9608.347235725607,completed,online,2025-10-05,NO
3383,20794,41148,1696.75,failed,online,2025-10-05,NO
4330,40487,42246,662.44,failed,online,2025-10-05,NO
1567,9537,43226,549.94,completed,online,2025-10-05,NO
4782,35691,45413,316.31,completed,UNKNOWN,2025-10-05,NO
3312,9871,45917,597.55,failed,online,2025-10-05,NO
3561,30018,46395,1764.71,completed,online,2025-10-05,NO
1,1708,46451,1900.48,failed,online,2025-10-05,NO
4611,18211,46758,826.65,failed,online,2025-10-05,NO
4067,38805,47871,1943.08,failed,online,2025-10-05,NO
3372,18697,49486,1980.54,completed,online,2025-10-05,NO
2450,25524,51270,997.9,completed,online,2025-10-05,NO
3595,5457,56186,586.95,failed,online,2025-10-05,NO
1281,35540,57788,929.52,completed,online,2025-10-05,NO
3008,21249,58245,1510.05,failed,online,2025-10-05,NO
1748,28529,58829,1097.41,completed,online,2025-10-05,NO
2800,41031,59834,808.24,failed,online,2025-10-05,NO
3706,2767,61447,1100.61,completed,online,2025-10-05,NO
2281,41268,63029,1647.82,completed,online,2025-10-05,NO
1651,37527,63307,1861.5,completed,online,2025-10-05,NO
2473,32298,64686,595.16,failed,online,2025-10-05,NO
983,29111,64870,240.05,completed,online,2025-10-05,NO
1,8175,67233,321.23,failed,online,2025-10-05,NO
4365,34358,69336,1947.13,failed,online,2025-10-05,NO
1,14260,69885,101.57,completed,online,2025-10-05,NO
1,39805,72711,324.01,failed,online,2025-10-05,NO
3098,27888,73580,1126.39,completed,online,2025-10-05,NO
1,27123,73964,1718.15,failed,online,2025-10-05,NO
1643,44321,76830,603.3,completed,online,2025-10-05,NO
353,14322,79394,183.9,failed,online,2025-10-05,NO
4646,35924,79590,1139.35,completed,online,2025-10-05,NO
3566,11596,80328,367.44,failed,online,2025-10-05,NO
3480,27699,82481,236.39,completed,online,2025-10-05,NO
1,11321,83912,1106.22,failed,online,2025-10-05,NO
2773,29551,86182,1932.0,completed,online,2025-10-05,NO
2726,18979,86936,1480.45,completed,online,2025-10-05,NO
3768,18174,90484,677.09,completed,online,2025-10-05,NO
65,31959,92293,1446.62,completed,online,2025-10-05,NO
4445,27884,92425,1125.22,failed,online,2025-10-05,NO
3372,16767,94114,1061.6,completed,online,2025-10-05,NO
334,14475,95020,597.15,completed,online,2025-10-05,NO
1043,45655,95047,1613.67,failed,online,2025-10-05,NO
4676,47300,95389,733.36,failed,online,2025-10-05,NO
4400,2891,95611,448.33,failed,online,2025-10-05,NO
3861,39664,100207,1316.15,failed,online,2025-10-05,NO
1332,20352,100322,746.28,failed,online,2025-10-05,NO
4243,13763,100946,793.7,completed,online,2025-10-05,NO
4802,32478,102489,927.33,failed,online,2025-10-05,NO
245,19185,108765,1398.62,completed,online,2025-10-05,NO
4608,41807,109762,1169.32,completed,online,2025-10-05,NO
1052,704,110516,970.75,completed,online,2025-10-05,NO
1,44547,112165,572.19,failed,online,2025-10-05,NO
3572,46462,112260,1591.56,failed,online,2025-10-05,NO
5000,22101,115353,1333.85,completed,online,2025-10-05,NO
4803,44703,118101,1703.71,failed,UNKNOWN,2025-10-05,NO
1,28666,118188,374.76,completed,online,2025-10-05,NO
4744,7062,122778,1398.5,failed,online,2025-10-05,NO
1,14019,123055,195.3,completed,online,2025-10-05,NO
3593,5858,123202,264.0,completed,online,2025-10-05,NO
1,16622,123366,239.95,failed,online,2025-10-05,NO
3227,46166,123944,567.26,completed,online,2025-10-05,NO
758,38759,124808,1357.52,completed,online,2025-10-05,NO
1715,39595,125235,917.09,failed,online,2025-10-05,NO
871,2391,131369,819.6,completed,online,2025-10-05,NO
2203,4662,132754,210.86,completed,online,2025-10-05,NO
1,49665,132868,1286.18,failed,online,2025-10-05,NO
554,5000,133788,1680.86,failed,online,2025-10-05,NO
1,6241,134831,339.61,completed,online,2025-10-05,NO
2691,42982,135096,1247.64,completed,online,2025-10-05,NO
2393,7793,142521,918.67,completed,online,2025-10-05,NO
808,4736,144182,1380.88,failed,online,2025-10-05,NO
1,36299,146442,1809.9,failed,online,2025-10-05,NO
1,45651,146568,1126.69,completed,online,2025-10-05,NO
4914,26361,147723,1742.87,failed,online,2025-10-05,NO
1351,3905,149866,1546.19,failed,online,2025-10-05,NO
3324,23074,339,1208.16,completed,online,2025-04-30,NO
1,11939,511,693.18,completed,online,2025-04-30,NO
1,28653,2957,451.46,failed,online,2025-04-30,NO
973,4069,4420,952.75,failed,UNKNOWN,2025-04-30,NO
3108,37023,5057,1327.46,failed,online,2025-04-30,NO
4605,26608,5790,1753.76,failed,online,2025-04-30,NO
1,41849,5948,74.26,completed,online,2025-04-30,NO
2733,37781,8574,462.79,completed,online,2025-04-30,NO
4692,46600,10091,413.27,completed,online,2025-04-30,NO
4040,28820,13772,778.95,failed,online,2025-04-30,NO
4114,19907,15825,183.39,completed,online,2025-04-30,NO
3346,18781,15964,1385.47,completed,online,2025-04-30,NO
4795,22462,16796,974.35,completed,online,2025-04-30,NO
2814,7860,17551,1780.16,failed,online,2025-04-30,NO
2358,26437,18567,1162.92,failed,online,2025-04-30,NO
1278,13971,20151,863.98,failed,online,2025-04-30,NO
1,40389,21245,1134.79,failed,online,2025-04-30,NO
1835,49329,22196,1728.64,failed,online,2025-04-30,NO
1,35321,23563,1703.69,completed,online,2025-04-30,NO
544,37376,23606,1323.36,failed,online,2025-04-30,NO
1075,2420,23844,1157.65,completed,online,2025-04-30,NO
2654,13938,23944,818.13,completed,online,2025-04-30,NO
637,18173,24017,873.63,completed,online,2025-04-30,NO
1,39180,24043,1010.5,failed,online,2025-04-30,NO
1258,49375,24445,1795.11,failed,online,2025-04-30,NO
1,39867,28489,1752.96,completed,online,2025-04-30,NO
4127,47837,30534,573.89,failed,online,2025-04-30,NO
72,36390,31029,522.5,completed,online,2025-04-30,NO
247,360,34273,566.92,completed,online,2025-04-30,NO
3238,39691,37469,459.44,failed,online,2025-04-30,NO
2320,48511,37719,1797.83,completed,online,2025-04-30,NO
868,39873,40068,1561.09,completed,online,2025-04-30,NO
3787,43275,40167,433.94,failed,online,2025-04-30,NO
967,42272,40965,938.53,failed,online,2025-04-30,NO
2598,19462,41120,1091.55,completed,online,2025-04-30,NO
4149,2399,41482,714.1,completed,online,2025-04-30,NO
609,16322,41805,1229.57,failed,online,2025-04-30,NO
618,7976,43341,178.31,completed,online,2025-04-30,NO
1923,21054,47733,1837.31,completed,online,2025-04-30,NO
1,13193,48793,138.37,completed,online,2025-04-30,NO
4392,4301,53549,1207.96,completed,online,2025-04-30,NO
1,3713,53798,1827.61,completed,online,2025-04-30,NO
1,3783,58450,1173.73,completed,online,2025-04-30,NO
3909,36765,59064,692.1,completed,online,2025-04-30,NO
1,18837,59698,172.11,completed,online,2025-04-30,NO
2417,885,60188,382.11,completed,online,2025-04-30,NO
1,44586,60372,1120.94,failed,online,2025-04-30,NO
154,38181,61312,729.52,failed,online,2025-04-30,NO
4606,4866,62653,851.64,completed,online,2025-04-30,NO
2553,11178,69134,1808.2,failed,online,2025-04-30,NO
1,30812,73976,1159.53,failed,online,2025-04-30,NO
401,18436,82326,541.87,failed,online,2025-04-30,NO
4577,5301,83072,551.67,completed,online,2025-04-30,NO
3822,21435,84404,594.57,failed,online,2025-04-30,NO
3165,28296,85124,670.39,failed,online,2025-04-30,NO
1769,30921,86791,926.92,completed,online,2025-04-30,NO
1,32856,87179,9566.444431732822,failed,online,2025-04-30,NO
1,46192,88361,1554.09,failed,online,2025-04-30,NO
2490,48684,91469,81.92,failed,online,2025-04-30,NO
4129,49852,95660,1508.63,completed,online,2025-04-30,NO
1,17165,96721,1370.52,completed,online,2025-04-30,NO
1407,6974,96820,977.46,completed,online,2025-04-30,NO
4823,5460,97129,404.42,failed,online,2025-04-30,NO
2650,6584,98025,547.7,failed,online,2025-04-30,NO
869,1600,99082,1992.21,failed,online,2025-04-30,NO
1,18304,99523,156.32,failed,online,2025-04-30,NO
1,27166,101699,1343.47,failed,online,2025-04-30,NO
1,39828,102989,1095.46,failed,online,2025-04-30,NO
438,29170,103758,165.97,failed,online,2025-04-30,NO
1,40315,104077,1524.71,completed,online,2025-04-30,NO
2243,23390,104157,378.63,completed,online,2025-04-30,NO
492,18065,106156,886.88,failed,online,2025-04-30,NO
3976,30844,106845,1978.89,completed,online,2025-04-30,NO
1,2694,108232,1627.67,completed,online,2025-04-30,NO
1866,46668,111968,1214.72,failed,online,2025-04-30,NO
4264,32106,113630,530.63,failed,online,2025-04-30,NO
1765,44562,114546,1691.84,completed,online,2025-04-30,NO
1,25096,117831,1580.47,completed,online,2025-04-30,NO
2357,27487,118004,1270.5,failed,online,2025-04-30,NO
2724,48559,120323,1023.35,completed,online,2025-04-30,NO
3889,1054,125396,807.46,completed,online,2025-04-30,NO
4173,23402,126328,1689.44,completed,online,2025-04-30,NO
1,45962,127319,111.24,failed,online,2025-04-30,NO
252,14640,128060,1551.94,failed,online,2025-04-30,NO
2159,7432,128529,1728.85,failed,online,2025-04-30,NO
1,14198,129703,718.34,completed,online,2025-04-30,NO
1200,9663,131856,1863.32,completed,online,2025-04-30,NO
1419,28002,133299,211.17,failed,online,2025-04-30,NO
2499,1799,139590,1484.65,failed,online,2025-04-30,NO
3738,1852,140213,452.25,failed,online,2025-04-30,NO
1,19894,142593,668.29,failed,online,2025-04-30,NO
1447,10304,143252,1040.19,completed,online,2025-04-30,NO
1881,5290,145148,1775.27,failed,online,2025-04-30,NO
1,40776,146852,1380.57,failed,online,2025-04-30,NO
1943,489,147928,1395.32,failed,online,2025-04-30,NO
1356,29684,149146,502.24,completed,online,2025-04-30,NO
1,36467,149389,1056.2,failed,online,2025-04-30,NO
1974,40457,1189,1821.31,completed,online,2025-06-10,NO
1,38281,2785,496.72,failed,online,2025-06-10,NO
3817,28419,2892,645.98,failed,online,2025-06-10,NO
3545,34880,4220,1679.49,completed,online,2025-06-10,NO
3787,26198,5360,809.76,completed,online,2025-06-10,NO
3722,24980,6508,1090.73,completed,online,2025-06-10,NO
2766,12148,6595,75.74,completed,online,2025-06-10,NO
2627,33025,7285,60.5,completed,online,2025-06-10,NO
2598,25995,8455,877.09,completed,online,2025-06-10,NO
1,31876,9414,8750.485359972008,completed,online,2025-06-10,NO
1,5972,11594,1778.26,failed,online,2025-06-10,NO
2760,48042,12531,447.71,failed,online,2025-06-10,NO
4076,45122,15809,1565.74,completed,online,2025-06-10,NO
1,35717,16795,92.96,failed,online,2025-06-10,NO
1408,6627,17606,387.53,failed,online,2025-06-10,NO
1960,30604,18274,1062.71,failed,online,2025-06-10,NO
3684,40108,22199,1413.23,completed,online,2025-06-10,NO
1494,7229,24144,1065.7,failed,online,2025-06-10,NO
1,14191,24257,1140.57,failed,online,2025-06-10,NO
1,2481,27099,263.59,failed,online,2025-06-10,NO
1,19178,28699,314.08,failed,online,2025-06-10,NO
638,18721,28882,1068.65,completed,online,2025-06-10,NO
1011,27968,29353,10.15,failed,online,2025-06-10,NO
2823,7109,31621,36.07,failed,online,2025-06-10,NO
1315,30642,33036,239.99,completed,online,2025-06-10,NO
3525,31543,33900,1509.7,completed,online,2025-06-10,NO
2872,10930,35534,1231.1,completed,online,2025-06-10,NO
4088,26582,37968,1799.1,failed,online,2025-06-10,NO
351,29423,38373,693.69,failed,online,2025-06-10,NO
3764,13756,38828,20.44,completed,online,2025-06-10,NO
4701,22022,38999,320.79,failed,online,2025-06-10,NO
1026,15836,39793,1494.35,failed,online,2025-06-10,NO
1654,2892,40949,1684.59,failed,online,2025-06-10,NO
690,1212,41662,1859.71,completed,online,2025-06-10,NO
1582,13427,45588,1437.77,failed,online,2025-06-10,NO
1,42900,45994,815.38,failed,online,2025-06-10,NO
1120,33049,46458,849.81,completed,online,2025-06-10,NO
2342,40273,47970,1261.56,failed,online,2025-06-10,NO
1078,21815,48142,439.21,completed,UNKNOWN,2025-06-10,NO
134,14358,48868,1555.7,failed,online,2025-06-10,NO
590,41482,50401,1698.85,completed,online,2025-06-10,NO
4772,42330,53688,1850.05,failed,online,2025-06-10,NO
4138,20159,58276,1245.97,failed,online,2025-06-10,NO
1169,4714,58885,746.19,completed,online,2025-06-10,NO
3412,90,59299,333.31,failed,online,2025-06-10,NO
1399,43080,64893,68.02,failed,online,2025-06-10,NO
2456,43763,65242,1385.04,failed,online,2025-06-10,NO
501,48044,68017,328.35,completed,online,2025-06-10,NO
1,12424,68035,27.97,failed,online,2025-06-10,NO
4188,32037,69962,673.0,failed,online,2025-06-10,NO
250,13176,70871,909.63,failed,online,2025-06-10,NO
2842,5129,72801,1925.84,failed,online,2025-06-10,NO
531,22172,73945,438.34,completed,online,2025-06-10,NO
7,11092,76319,731.08,failed,online,2025-06-10,NO
1,29223,76439,1149.79,failed,online,2025-06-10,NO
4287,17807,80366,1313.77,completed,online,2025-06-10,NO
1,49442,81164,214.91,failed,online,2025-06-10,NO
603,258,82894,1442.1,completed,online,2025-06-10,NO
1847,9100,84600,732.03,completed,online,2025-06-10,NO
576,49726,89682,1131.29,failed,online,2025-06-10,NO
745,23656,91172,686.67,failed,online,2025-06-10,NO
2902,36316,92174,1189.58,completed,online,2025-06-10,NO
1643,10052,94406,282.07,completed,online,2025-06-10,NO
3456,46615,95625,1902.15,failed,online,2025-06-10,NO
1,29189,96070,721.54,completed,online,2025-06-10,NO
1,7960,96296,1159.11,failed,online,2025-06-10,NO
1,22074,98519,6356.454863560661,failed,online,2025-06-10,NO
1,17552,101749,407.95,failed,online,2025-06-10,NO
242,35446,102333,1571.02,failed,online,2025-06-10,NO
1,31027,103565,721.4,failed,online,2025-06-10,NO
1,28835,108919,1919.64,completed,online,2025-06-10,NO
2897,32765,113508,1527.28,failed,online,2025-06-10,NO
1,350,114024,648.58,completed,online,2025-06-10,NO
2536,25294,115277,1862.87,failed,online,2025-06-10,NO
2393,7328,120483,1374.5,completed,online,2025-06-10,NO
1,43447,122623,872.54,failed,online,2025-06-10,NO
150,36728,122820,414.58,completed,online,2025-06-10,NO
60,23726,123741,951.87,completed,online,2025-06-10,NO
2640,10983,125272,1795.52,completed,online,2025-06-10,NO
3591,20776,127958,265.32,failed,online,2025-06-10,NO
1,34194,129362,1081.24,completed,online,2025-06-10,NO
1069,993,131278,7439.586905878621,failed,online,2025-06-10,NO
1026,1795,132143,1743.55,failed,online,2025-06-10,NO
3906,12902,133647,77.76,failed,online,2025-06-10,NO
1361,19588,134163,688.83,failed,online,2025-06-10,NO
2739,9640,134302,1721.14,failed,online,2025-06-10,NO
1,10286,134431,1757.66,completed,online,2025-06-10,NO
2520,14493,136396,1729.59,failed,online,2025-06-10,NO
1,47417,138802,487.47,failed,online,2025-06-10,NO
4312,43259,140044,113.9,failed,online,2025-06-10,NO
4621,26734,141579,1858.81,completed,UNKNOWN,2025-06-10,NO
1011,34603,142199,1023.45,completed,online,2025-06-10,NO
1,9022,144769,1870.76,failed,online,2025-06-10,NO
962,19343,147652,539.78,completed,online,2025-06-10,NO
1773,25473,147693,1485.45,failed,online,2025-06-10,NO
550,21734,147944,1729.21,failed,online,2025-06-10,NO
4696,25488,149145,573.75,failed,online,2025-06-10,NO
