product_id,customer_id,transaction_id,amount,status,channel,transaction_date,fraud_flag
290,2589,1168,1322.49,completed,online,2025-05-10,NO
2640,24135,1911,1375.13,failed,UNKNOWN,2025-05-10,NO
1,49691,2129,1449.7,failed,online,2025-05-10,NO
4048,15101,3081,1815.11,failed,online,2025-05-10,NO
3131,3889,3684,1959.39,completed,online,2025-05-10,NO
2785,48140,4301,762.45,completed,online,2025-05-10,NO
2613,20562,4649,1209.61,completed,online,2025-05-10,NO
1,17628,6228,1310.66,failed,online,2025-05-10,NO
1042,10734,6969,1088.51,completed,online,2025-05-10,NO
3521,33200,12101,1993.31,failed,online,2025-05-10,NO
289,25178,12138,1324.62,completed,online,2025-05-10,NO
991,32497,14262,1257.72,failed,online,2025-05-10,NO
4010,1264,16439,1930.33,failed,online,2025-05-10,NO
4075,21556,17333,363.44,completed,online,2025-05-10,NO
3628,29481,19208,1459.38,failed,online,2025-05-10,NO
2415,8837,19483,1547.05,completed,online,2025-05-10,NO
1154,11610,22423,843.6,failed,online,2025-05-10,NO
858,10043,22827,320.39,failed,online,2025-05-10,NO
4630,29125,25457,1146.55,failed,online,2025-05-10,NO
1,37600,29448,84.32,completed,online,2025-05-10,NO
3877,49820,29839,862.85,failed,online,2025-05-10,NO
1,29139,30463,1668.41,completed,online,2025-05-10,NO
3500,18263,31617,1045.78,completed,online,2025-05-10,NO
1769,27242,33356,840.52,completed,online,2025-05-10,NO
4474,29542,34765,941.33,completed,online,2025-05-10,NO
3838,3275,37378,106.54,completed,online,2025-05-10,NO
4362,33709,38982,329.28,failed,online,2025-05-10,NO
3481,49359,39261,1484.51,failed,UNKNOWN,2025-05-10,NO
645,43415,39689,514.12,completed,online,2025-05-10,NO
4465,33008,40561,1030.57,failed,online,2025-05-10,NO
3139,21710,41732,550.09,failed,online,2025-05-10,NO
82,38538,42155,376.87,completed,online,2025-05-10,NO
1,34858,45136,361.99,completed,online,2025-05-10,NO
1,41768,46195,1913.91,completed,online,2025-05-10,NO
4527,19877,47134,1808.96,failed,online,2025-05-10,NO
2196,33558,48107,1813.08,completed,online,2025-05-10,NO
3977,35911,48340,1240.03,failed,online,2025-05-10,NO
2380,2385,48357,278.92,completed,online,2025-05-10,NO
1,7950,50126,925.25,completed,online,2025-05-10,NO
1731,25509,51919,1771.84,completed,online,2025-05-10,NO
1,44236,53182,1406.85,failed,online,2025-05-10,NO
891,4684,55754,827.42,completed,online,2025-05-10,NO
1,10706,56726,1695.4,completed,online,2025-05-10,NO
4081,16774,58553,900.61,completed,online,2025-05-10,NO
435,34306,68080,268.35,completed,online,2025-05-10,NO
4132,6691,68910,1361.45,failed,online,2025-05-10,NO
1252,23630,73248,1562.58,failed,online,2025-05-10,NO
1064,44674,77554,1756.11,completed,online,2025-05-10,NO
2707,47366,79018,903.54,completed,online,2025-05-10,NO
5,49645,82369,1746.21,failed,online,2025-05-10,NO
1807,15920,82407,1184.01,failed,online,2025-05-10,NO
2751,28022,83371,1942.0,failed,online,2025-05-10,NO
3393,30585,87597,1689.29,completed,online,2025-05-10,NO
656,19283,88946,310.53,failed,online,2025-05-10,NO
1479,33024,89365,108.28,failed,online,2025-05-10,NO
1,26132,90176,269.95,completed,online,2025-05-10,NO
1705,41839,90513,851.99,failed,online,2025-05-10,NO
4041,17798,91716,1032.93,failed,online,2025-05-10,NO
1,13452,91964,992.74,completed,online,2025-05-10,NO
2763,45098,95113,1733.57,completed,online,2025-05-10,NO
1747,30683,98466,554.71,completed,online,2025-05-10,NO
2371,33339,99490,300.01,failed,online,2025-05-10,NO
1,37370,101052,940.21,failed,online,2025-05-10,NO
4905,6868,101298,1501.25,failed,online,2025-05-10,NO
1593,34198,101461,1814.13,failed,online,2025-05-10,NO
2725,24382,101914,740.49,completed,online,2025-05-10,NO
2708,10708,102003,715.1,completed,online,2025-05-10,NO
1,19749,115874,906.74,completed,online,2025-05-10,NO
4178,3121,116789,1189.74,completed,online,2025-05-10,NO
4610,6573,116919,85.99,completed,online,2025-05-10,NO
3501,10334,118729,474.51,completed,online,2025-05-10,NO
2716,2498,118763,57.79,failed,online,2025-05-10,NO
3395,44893,119119,314.23,completed,online,2025-05-10,NO
3470,2757,120265,1725.69,failed,online,2025-05-10,NO
1,42565,121631,1428.33,completed,UNKNOWN,2025-05-10,NO
477,14415,121921,107.87,completed,online,2025-05-10,NO
1,35962,122233,496.2,completed,online,2025-05-10,NO
1,34389,124626,7806.7463031082025,completed,online,2025-05-10,NO
4423,12939,126689,1817.77,failed,online,2025-05-10,NO
3724,42219,126844,299.69,failed,online,2025-05-10,NO
3590,31744,126876,268.31,failed,online,2025-05-10,NO
3887,46285,128882,947.88,failed,online,2025-05-10,NO
1,21092,130558,1358.39,failed,online,2025-05-10,NO
1,22444,134667,575.14,completed,online,2025-05-10,NO
1,34203,135845,1560.16,failed,online,2025-05-10,NO
2674,29408,136131,977.36,failed,online,2025-05-10,NO
1,28312,136883,292.2,completed,online,2025-05-10,NO
2994,30235,138062,1048.64,completed,online,2025-05-10,NO
854,15298,138455,64.31,completed,online,2025-05-10,NO
892,24295,139479,393.41,failed,online,2025-05-10,NO
2481,41147,141070,706.42,failed,online,2025-05-10,NO
3217,44874,145942,1194.01,failed,online,2025-05-10,NO
735,6892,146092,878.45,failed,online,2025-05-10,NO
1310,114,148039,623.13,failed,online,2025-05-10,NO
4869,21434,149207,541.29,failed,online,2025-05-10,NO
165,16532,149318,1443.22,failed,online,2025-05-10,NO
4407,6586,2585,1404.86,failed,online,2025-09-01,NO
3454,49292,2794,1116.52,failed,online,2025-09-01,NO
2423,6167,4892,22.61,completed,online,2025-09-01,NO
1876,38151,5903,1685.64,completed,online,2025-09-01,NO
1,9113,6052,1540.25,failed,online,2025-09-01,NO
1,21897,6811,593.31,completed,online,2025-09-01,NO
1591,24828,8649,180.71,completed,online,2025-09-01,NO
4926,35131,8805,1547.14,failed,online,2025-09-01,NO
2961,784,9233,117.38,failed,online,2025-09-01,NO
2880,1765,10496,901.48,completed,online,2025-09-01,NO
4395,12575,10806,1750.33,completed,online,2025-09-01,NO
4832,11046,12571,613.64,completed,online,2025-09-01,NO
2788,43910,13237,127.36,completed,online,2025-09-01,NO
183,40760,14222,988.64,failed,online,2025-09-01,NO
2568,3449,14971,619.98,failed,online,2025-09-01,NO
1,18192,15371,1936.55,failed,online,2025-09-01,NO
4763,24217,15616,177.44,failed,online,2025-09-01,NO
1,6041,16639,744.19,completed,online,2025-09-01,NO
2128,17735,17231,1585.31,completed,UNKNOWN,2025-09-01,NO
1457,2704,17548,757.92,completed,online,2025-09-01,NO
433,30845,20074,1863.02,failed,online,2025-09-01,NO
2414,44908,20533,1570.93,completed,online,2025-09-01,NO
2022,21200,22791,557.37,completed,online,2025-09-01,NO
2198,36490,22925,1275.83,completed,online,2025-09-01,NO
1,14283,24510,1768.31,failed,online,2025-09-01,NO
2154,43198,25608,1415.52,completed,online,2025-09-01,NO
1425,5168,25846,248.22,completed,online,2025-09-01,NO
1,46811,26479,211.23,completed,online,2025-09-01,NO
241,11904,27595,1994.56,failed,online,2025-09-01,NO
1508,49572,33300,1159.48,failed,online,2025-09-01,NO
1,47865,34138,1016.63,failed,online,2025-09-01,NO
1,8303,34851,1804.45,failed,online,2025-09-01,NO
1,30577,35674,1841.63,completed,online,2025-09-01,NO
4635,25633,38957,789.39,completed,online,2025-09-01,NO
4367,16973,39756,1468.88,failed,online,2025-09-01,NO
2221,25664,40180,1521.61,failed,online,2025-09-01,NO
1745,34,41425,629.83,failed,online,2025-09-01,NO
182,6860,43894,268.06,failed,online,2025-09-01,NO
3097,11449,44424,1736.36,failed,online,2025-09-01,NO
1,18907,47445,132.75,failed,online,2025-09-01,NO
456,20896,48563,216.16,completed,online,2025-09-01,NO
798,19061,53800,206.1,completed,online,2025-09-01,NO
1867,26472,55491,312.41,completed,online,2025-09-01,NO
417,32140,58093,5709.964522187544,failed,online,2025-09-01,NO
1,24293,60560,605.98,failed,online,2025-09-01,NO
3342,46441,69964,1877.14,failed,online,2025-09-01,NO
4439,15827,71195,1734.23,failed,online,2025-09-01,NO
1754,31338,71781,305.01,failed,online,2025-09-01,NO
4696,16952,72879,1115.2,failed,online,2025-09-01,NO
4463,29124,73213,252.95,failed,online,2025-09-01,NO
4763,35821,75051,1719.12,failed,online,2025-09-01,NO
391,9233,75578,322.22,completed,online,2025-09-01,NO
1815,46740,76706,468.0,failed,online,2025-09-01,NO
4770,2220,77236,1971.9,completed,online,2025-09-01,NO
3299,12376,77497,1925.44,failed,online,2025-09-01,NO
1817,42599,77871,1619.7,failed,online,2025-09-01,NO
736,15321,81625,942.19,failed,online,2025-09-01,NO
2179,5355,81932,106.13,completed,online,2025-09-01,NO
255,40674,84397,594.81,failed,online,2025-09-01,NO
3972,20444,85023,893.85,completed,online,2025-09-01,NO
1072,20821,85997,706.85,failed,online,2025-09-01,NO
4843,42090,86911,1945.65,failed,online,2025-09-01,NO
113,32858,92619,1487.7,completed,online,2025-09-01,NO
1780,40253,95321,1323.45,completed,online,2025-09-01,NO
2858,16552,95825,1332.81,failed,online,2025-09-01,NO
1,34093,100422,245.58,failed,online,2025-09-01,NO
4920,46619,100664,185.24,failed,online,2025-09-01,NO
3427,24207,100681,1772.03,failed,online,2025-09-01,NO
51,3901,102244,481.29,completed,online,2025-09-01,NO
95,10855,102363,1919.65,failed,online,2025-09-01,NO
4376,42396,103957,1408.51,failed,online,2025-09-01,NO
1,43848,105244,562.71,completed,online,2025-09-01,NO
1136,39006,105843,148.21,completed,online,2025-09-01,NO
376,16404,106932,406.89,completed,online,2025-09-01,NO
2539,3924,107680,1173.45,failed,online,2025-09-01,NO
892,4088,108478,225.58,completed,online,2025-09-01,NO
1840,9936,108607,462.15,failed,online,2025-09-01,NO
423,26262,111475,1289.68,completed,online,2025-09-01,NO
3032,9832,117452,111.16,failed,online,2025-09-01,NO
1,27798,120008,1830.7,failed,online,2025-09-01,NO
310,42235,122944,70.35,failed,online,2025-09-01,NO
3466,20133,124996,1927.22,failed,online,2025-09-01,NO
87,3972,131615,1088.8,failed,online,2025-09-01,NO
483,23098,133951,367.41,failed,online,2025-09-01,NO
3643,34509,135287,123.98,completed,online,2025-09-01,NO
3032,29467,136399,1131.26,failed,online,2025-09-01,NO
4163,25674,137727,1134.37,failed,online,2025-09-01,NO
299,4588,138330,1229.79,failed,online,2025-09-01,NO
1343,12373,138623,887.07,failed,online,2025-09-01,NO
1,44532,140893,1824.23,completed,online,2025-09-01,NO
1,38870,142613,128.86,failed,online,2025-09-01,NO
903,3278,143467,1240.79,failed,online,2025-09-01,NO
4983,46147,144580,1242.37,completed,online,2025-09-01,NO
1624,38055,146105,1644.19,failed,online,2025-09-01,NO
1,38126,146410,623.1,failed,online,2025-09-01,NO
1,35211,147592,1291.6,completed,online,2025-09-01,NO
1827,46570,147659,595.76,completed,online,2025-09-01,NO
999,33473,2149,1324.55,failed,online,2025-06-26,NO
1,19887,2814,1387.26,failed,online,2025-06-26,NO
2756,11925,3420,390.37,completed,online,2025-06-26,NO
2531,10261,4163,720.06,failed,online,2025-06-26,NO
1,12836,6354,1338.37,failed,online,2025-06-26,NO
4038,23049,8107,1425.57,completed,online,2025-06-26,NO
1,43379,12957,1118.5,completed,online,2025-06-26,NO
594,6842,13311,1672.88,completed,online,2025-06-26,NO
154,35395,16357,637.18,failed,online,2025-06-26,NO
2744,18157,18475,1204.15,completed,online,2025-06-26,NO
4859,10597,22417,1141.27,completed,online,2025-06-26,NO
4591,49607,22511,1817.47,failed,online,2025-06-26,NO
3353,30401,24473,488.65,failed,online,2025-06-26,NO
3409,45148,24957,1653.29,failed,online,2025-06-26,NO
1,25065,25981,1094.41,completed,online,2025-06-26,NO
3729,9783,28410,123.28,completed,online,2025-06-26,NO
395,19676,29356,1941.62,failed,online,2025-06-26,NO
4054,36693,33289,1020.17,failed,UNKNOWN,2025-06-26,NO
2088,7003,37435,501.56,completed,online,2025-06-26,NO
3854,38387,38497,334.91,completed,online,2025-06-26,NO
1691,25364,42342,1932.04,failed,online,2025-06-26,NO
1,19002,44274,551.33,completed,online,2025-06-26,NO
4341,7068,44698,1068.38,completed,online,2025-06-26,NO
1,39141,45176,1328.58,failed,online,2025-06-26,NO
1,18051,45898,1404.22,failed,online,2025-06-26,NO
331,28028,47168,1585.15,failed,online,2025-06-26,NO
2066,26944,47604,974.35,completed,online,2025-06-26,NO
1,40507,50224,801.6,failed,online,2025-06-26,NO
1432,1398,54407,736.63,completed,online,2025-06-26,NO
391,32689,55369,1071.67,completed,online,2025-06-26,NO
2627,40205,59643,308.3,completed,online,2025-06-26,NO
3403,3632,62888,1397.69,failed,online,2025-06-26,NO
2365,3690,64327,1986.95,completed,online,2025-06-26,NO
3948,21249,64935,722.25,completed,online,2025-06-26,NO
1,10599,66509,1144.51,failed,online,2025-06-26,NO
264,287,66601,1707.09,failed,online,2025-06-26,NO
369,29203,68697,228.8,completed,online,2025-06-26,NO
1457,7290,70264,319.82,completed,online,2025-06-26,NO
1736,23429,73127,8067.894063578873,failed,online,2025-06-26,NO
4870,29681,74012,1330.96,failed,online,2025-06-26,NO
1263,33537,76076,1748.09,failed,online,2025-06-26,NO
2285,8373,76951,1265.54,failed,online,2025-06-26,NO
1,24730,77379,1926.53,failed,online,2025-06-26,NO
3155,49862,78577,228.09,completed,online,2025-06-26,NO
2919,18853,83476,1504.22,completed,online,2025-06-26,NO
1,7979,83929,467.81,completed,online,2025-06-26,NO
735,36766,85414,1797.49,completed,online,2025-06-26,NO
2814,34237,85683,421.2,completed,online,2025-06-26,NO
383,40544,86000,32.18,completed,online,2025-06-26,NO
1718,22701,86447,1531.73,failed,online,2025-06-26,NO
1,37439,88801,401.07,completed,online,2025-06-26,NO
4875,23117,89474,515.75,completed,online,2025-06-26,NO
4352,49448,90653,1108.39,failed,online,2025-06-26,NO
2500,16653,92784,1029.44,failed,online,2025-06-26,NO
1788,39557,93078,299.83,completed,online,2025-06-26,NO
1,21457,93562,1097.25,failed,online,2025-06-26,NO
3866,33214,93866,838.66,failed,online,2025-06-26,NO
736,255,94673,1506.27,completed,online,2025-06-26,NO
2001,422,95277,946.8,completed,online,2025-06-26,NO
676,22981,97306,1659.42,failed,online,2025-06-26,NO
2125,49888,97766,624.95,failed,online,2025-06-26,NO
3738,15176,99577,750.13,completed,online,2025-06-26,NO
1459,21405,100855,1809.66,completed,online,2025-06-26,NO
4023,49411,101975,219.91,completed,online,2025-06-26,NO
671,20238,103463,420.68,failed,online,2025-06-26,NO
2512,4880,104063,1789.72,completed,online,2025-06-26,NO
4906,44250,106562,219.97,failed,online,2025-06-26,NO
1667,6580,111198,91.66,completed,online,2025-06-26,NO
1165,39269,111821,794.85,completed,online,2025-06-26,NO
280,26307,112153,425.32,completed,online,2025-06-26,NO
1,41531,113559,1307.71,completed,online,2025-06-26,NO
298,7139,114227,712.24,completed,online,2025-06-26,NO
4972,15394,114492,556.77,failed,online,2025-06-26,NO
41,8011,117030,1681.08,completed,UNKNOWN,2025-06-26,NO
554,43230,117565,900.61,failed,online,2025-06-26,NO
3634,14206,121119,167.82,failed,online,2025-06-26,NO
2719,6232,121287,943.35,failed,online,2025-06-26,NO
1664,11022,121931,1219.94,completed,online,2025-06-26,NO
1874,21621,125224,460.98,failed,online,2025-06-26,NO
1883,13780,126789,1667.38,failed,online,2025-06-26,NO
1,47847,128704,1980.66,completed,online,2025-06-26,NO
3,43218,133881,750.47,failed,online,2025-06-26,NO
2711,4949,136738,393.57,failed,online,2025-06-26,NO
3392,42060,136990,1169.77,failed,online,2025-06-26,NO
2820,14410,137183,229.78,completed,online,2025-06-26,NO
822,43318,137396,1866.51,failed,online,2025-06-26,NO
3191,24231,138348,252.45,failed,online,2025-06-26,NO
3163,14224,140577,623.86,completed,online,2025-06-26,NO
2362,279,141214,935.86,completed,online,2025-06-26,NO
1,35740,141636,921.5,failed,online,2025-06-26,NO
3992,15588,141807,742.62,completed,online,2025-06-26,NO
3174,15099,142051,1667.86,completed,online,2025-06-26,NO
1,47724,142452,326.35,completed,online,2025-06-26,NO
1,1673,143473,35.94,failed,online,2025-06-26,NO
1363,19988,147645,749.01,failed,online,2025-06-26,NO
2005,1270,149883,1172.21,failed,online,2025-06-26,NO
4725,30474,2126,1611.87,completed,online,2025-02-01,NO
4954,41478,9011,1640.66,failed,online,2025-02-01,NO
197,39523,11336,1203.18,failed,online,2025-02-01,NO
753,30328,12211,1140.94,completed,online,2025-02-01,NO
3318,3458,13089,327.24,failed,online,2025-02-01,NO
4660,21849,13909,425.59,failed,online,2025-02-01,NO
4397,7940,16662,29.71,completed,online,2025-02-01,NO
1591,48543,16945,958.98,failed,online,2025-02-01,NO
1134,18152,17092,1564.7,failed,online,2025-02-01,NO
3845,49339,18992,1420.71,completed,online,2025-02-01,NO
1537,44815,21321,167.12,failed,online,2025-02-01,NO
2274,49432,23197,363.56,failed,online,2025-02-01,NO
164,16622,24278,1661.45,failed,online,2025-02-01,NO
3726,33079,25245,1263.68,completed,online,2025-02-01,NO
1,4539,28802,750.84,failed,online,2025-02-01,NO
1,14493,31333,1786.64,completed,online,2025-02-01,NO
2902,24773,32148,1086.49,completed,online,2025-02-01,NO
282,9579,38454,722.77,completed,online,2025-02-01,NO
4261,19869,39837,442.78,failed,online,2025-02-01,NO
2806,44612,40159,1311.93,failed,online,2025-02-01,NO
3980,7404,41528,1616.39,failed,online,2025-02-01,NO
3334,26226,41871,1295.87,failed,online,2025-02-01,NO
3739,39426,42344,1364.94,completed,online,2025-02-01,NO
3493,13659,47819,1509.6,completed,online,2025-02-01,NO
3329,11387,50479,833.92,completed,online,2025-02-01,NO
26,3354,51297,902.07,completed,online,2025-02-01,NO
3506,44692,51889,1177.3,completed,online,2025-02-01,NO
2683,18078,55564,1346.33,completed,online,2025-02-01,NO
4657,19853,55961,1297.69,failed,online,2025-02-01,NO
1672,44795,56756,603.09,failed,online,2025-02-01,NO
2853,39490,57421,1908.27,completed,online,2025-02-01,NO
3195,27157,57804,1280.87,failed,online,2025-02-01,NO
3131,44006,57901,859.02,completed,online,2025-02-01,NO
3245,4452,58451,1231.71,failed,online,2025-02-01,NO
1,24024,59126,699.71,failed,online,2025-02-01,NO
1,29137,59710,1048.1,failed,online,2025-02-01,NO
898,4708,60392,556.1,completed,online,2025-02-01,NO
4721,10994,60714,342.42,completed,online,2025-02-01,NO
1,34313,62161,1930.96,failed,online,2025-02-01,NO
1,4336,62960,545.63,completed,online,2025-02-01,NO
1,6516,66445,1763.1,failed,online,2025-02-01,NO
1176,49738,66681,1602.52,completed,online,2025-02-01,NO
1,20127,70009,1907.15,completed,online,2025-02-01,NO
4634,7694,71964,1191.76,failed,online,2025-02-01,NO
41,36138,76602,963.36,completed,online,2025-02-01,NO
2718,47237,76690,238.31,failed,online,2025-02-01,NO
2696,30940,80445,1177.58,failed,online,2025-02-01,NO
2887,26664,81886,875.3,completed,online,2025-02-01,NO
3705,15193,83598,1624.12,completed,online,2025-02-01,NO
706,24406,85465,1530.04,completed,online,2025-02-01,NO
1,16388,86187,1856.1,completed,online,2025-02-01,NO
295,36641,86938,138.43,failed,online,2025-02-01,NO
1,32519,88663,82.94,failed,online,2025-02-01,NO
1534,16863,92453,283.3,completed,online,2025-02-01,NO
2061,32113,92985,545.01,failed,online,2025-02-01,NO
2678,28383,93157,1039.63,failed,online,2025-02-01,NO
3979,14662,97185,472.5,completed,online,2025-02-01,NO
1930,30496,97677,1691.15,failed,online,2025-02-01,NO
441,21691,97902,756.84,failed,online,2025-02-01,NO
3586,28666,97934,162.44,completed,online,2025-02-01,NO
1,43480,100557,1371.01,failed,online,2025-02-01,NO
509,43354,100924,1262.83,failed,online,2025-02-01,NO
2682,26134,102851,1620.49,failed,online,2025-02-01,NO
4509,13248,103051,794.79,failed,online,2025-02-01,NO
506,24800,103478,1877.93,failed,online,2025-02-01,NO
1,10440,108068,1083.06,failed,online,2025-02-01,NO
408,12221,108639,200.2,completed,online,2025-02-01,NO
4125,23549,112080,1555.06,completed,online,2025-02-01,NO
3769,12181,116444,788.55,completed,online,2025-02-01,NO
2547,32080,116840,444.66,completed,online,2025-02-01,NO
3832,44234,118580,1576.25,failed,online,2025-02-01,NO
2672,31563,120160,1813.74,completed,online,2025-02-01,NO
4226,21343,122569,55.22,failed,online,2025-02-01,NO
1,11416,122682,511.28,completed,online,2025-02-01,NO
1786,1913,123028,829.69,failed,online,2025-02-01,NO
1292,26407,123297,612.02,completed,online,2025-02-01,NO
1,17687,123758,63.37,completed,online,2025-02-01,NO
4124,47201,123876,33.83,completed,online,2025-02-01,NO
1428,19893,126902,78.3,failed,online,2025-02-01,NO
2299,12774,127350,1083.92,completed,online,2025-02-01,NO
222,31506,127397,1452.99,completed,online,2025-02-01,NO
3819,25148,127975,521.51,failed,online,2025-02-01,NO
1923,2379,129181,437.67,failed,online,2025-02-01,NO
782,27267,132301,488.04,completed,online,2025-02-01,NO
3798,21065,133751,1091.83,completed,online,2025-02-01,NO
2645,41714,135115,1562.1,completed,online,2025-02-01,NO
129,9212,135933,546.8,failed,online,2025-02-01,NO
4940,21869,137011,1455.28,failed,online,2025-02-01,NO
930,20953,137582,904.72,completed,online,2025-02-01,NO
1824,31116,137947,650.16,failed,online,2025-02-01,NO
452,43780,138680,858.22,failed,online,2025-02-01,NO
1,24400,143947,660.31,completed,online,2025-02-01,NO
877,24787,146918,1822.58,completed,online,2025-02-01,NO
3661,24932,147103,467.29,failed,online,2025-02-01,NO
1,11118,149671,1150.21,completed,online,2025-02-01,NO
3882,6267,149787,1984.2,completed,online,2025-02-01,NO
1,14644,843,709.67,completed,online,2025-03-23,NO
1518,24793,2887,169.03,completed,online,2025-03-23,NO
3578,37185,2921,698.87,failed,UNKNOWN,2025-03-23,NO
1656,5166,4780,1326.18,completed,online,2025-03-23,NO
2375,5284,4956,668.3,completed,online,2025-03-23,NO
4593,31481,6087,1117.64,failed,online,2025-03-23,NO
1740,28607,6283,116.9,completed,online,2025-03-23,NO
2312,16526,7428,1250.82,completed,online,2025-03-23,NO
1846,8490,8552,212.8,failed,online,2025-03-23,NO
2119,20974,11372,138.88,completed,online,2025-03-23,NO
4212,4605,16217,1609.95,completed,online,2025-03-23,NO
775,13075,20858,1170.91,failed,online,2025-03-23,NO
2543,18897,22376,162.35,failed,online,2025-03-23,NO
312,13155,22644,960.87,completed,online,2025-03-23,NO
4387,47317,26039,634.45,completed,online,2025-03-23,NO
2402,33966,29037,510.62,completed,online,2025-03-23,NO
2579,48454,29931,461.26,failed,online,2025-03-23,NO
1635,38618,30090,1869.25,failed,online,2025-03-23,NO
3821,49203,32742,1613.93,failed,online,2025-03-23,NO
4289,11715,36446,707.36,completed,online,2025-03-23,NO
1477,46660,37637,1830.33,completed,online,2025-03-23,NO
1851,33725,38655,1444.69,completed,online,2025-03-23,NO
1,16647,38682,472.79,completed,online,2025-03-23,NO
3131,20433,38793,436.81,completed,online,2025-03-23,NO
958,2730,38848,1847.65,failed,online,2025-03-23,NO
1943,16997,41101,1564.61,completed,online,2025-03-23,NO
4734,23459,43532,855.8,completed,online,2025-03-23,NO
1367,1599,44564,1266.29,completed,online,2025-03-23,NO
1,5601,45297,1668.63,completed,online,2025-03-23,NO
1,21355,46129,278.02,failed,online,2025-03-23,NO
3991,43178,46584,1609.75,completed,online,2025-03-23,NO
2481,31662,49286,1455.87,completed,online,2025-03-23,NO
3621,33749,51108,1229.9,completed,online,2025-03-23,NO
4871,39512,51437,8420.39769921179,completed,online,2025-03-23,NO
3681,32807,53011,1517.77,completed,online,2025-03-23,NO
3132,27268,59138,925.71,failed,online,2025-03-23,NO
1,10648,60866,1217.17,completed,online,2025-03-23,NO
3524,31437,61119,1928.02,completed,online,2025-03-23,NO
3605,4535,62956,1812.87,failed,online,2025-03-23,NO
1,19072,65182,972.15,failed,online,2025-03-23,NO
1,25630,66757,996.75,completed,online,2025-03-23,NO
2816,36818,67611,704.15,failed,online,2025-03-23,NO
1626,44774,68756,203.44,failed,online,2025-03-23,NO
4686,36543,68848,1272.45,failed,online,2025-03-23,NO
1892,25346,68971,1166.72,completed,online,2025-03-23,NO
2698,25371,69380,1598.41,completed,online,2025-03-23,NO
1,39206,69486,397.43,failed,online,2025-03-23,NO
1118,29532,69654,463.13,failed,online,2025-03-23,NO
70,49708,71681,726.14,completed,online,2025-03-23,NO
1189,15859,72103,1270.88,completed,online,2025-03-23,NO
2188,45729,73742,1034.78,completed,online,2025-03-23,NO
2639,34978,74732,1806.79,completed,online,2025-03-23,NO
151,23489,75431,1081.54,completed,online,2025-03-23,NO
299,4453,75656,504.94,failed,online,2025-03-23,NO
4309,16106,82041,936.75,failed,online,2025-03-23,NO
308,1196,83066,845.34,completed,online,2025-03-23,NO
2954,1241,89203,30.02,failed,online,2025-03-23,NO
1,29388,91612,1475.23,completed,online,2025-03-23,NO
1,45683,95985,249.19,completed,online,2025-03-23,NO
4015,28263,96723,1163.23,failed,online,2025-03-23,NO
161,41922,96953,1732.71,failed,UNKNOWN,2025-03-23,NO
3985,1261,98649,558.05,failed,online,2025-03-23,NO
3525,12912,102156,169.48,completed,online,2025-03-23,NO
3381,48672,102234,1907.52,failed,online,2025-03-23,NO
1196,8624,104941,1595.42,failed,online,2025-03-23,NO
3533,26435,106648,1057.38,completed,online,2025-03-23,NO
1,3762,109697,1238.3,failed,online,2025-03-23,NO
3003,4157,109768,875.67,failed,online,2025-03-23,NO
451,430,109996,264.87,failed,online,2025-03-23,NO
2850,9450,111026,6223.718354416365,failed,online,2025-03-23,NO
3640,47514,111145,1038.18,failed,online,2025-03-23,NO
3597,32857,112724,214.18,completed,online,2025-03-23,NO
3628,4198,113849,1907.48,completed,online,2025-03-23,NO
511,617,114892,1586.59,failed,online,2025-03-23,NO
4469,40708,115094,130.72,completed,online,2025-03-23,NO
2303,34389,115571,1629.23,completed,online,2025-03-23,NO
541,41185,118463,1738.56,failed,online,2025-03-23,NO
4246,46500,120635,1088.22,failed,online,2025-03-23,NO
1,45143,123667,296.08,completed,online,2025-03-23,NO
3796,25940,126133,759.87,failed,online,2025-03-23,NO
1878,5204,127448,1849.42,failed,online,2025-03-23,NO
1050,15226,129793,359.86,completed,online,2025-03-23,NO
1341,49786,130240,193.49,completed,online,2025-03-23,NO
1234,7170,130853,187.98,completed,online,2025-03-23,NO
3122,29816,131282,816.68,completed,online,2025-03-23,NO
4071,1118,133748,977.96,failed,online,2025-03-23,NO
4420,38178,139416,584.56,failed,online,2025-03-23,NO
938,10348,139818,518.77,completed,online,2025-03-23,NO
2870,43285,141287,1503.83,failed,online,2025-03-23,NO
1,6007,143376,362.34,failed,online,2025-03-23,NO
4026,4907,145475,1963.74,failed,online,2025-03-23,NO
4045,26314,146087,1882.1,completed,online,2025-03-23,NO
716,49623,147045,897.77,failed,online,2025-03-23,NO
1073,32409,147539,786.08,completed,online,2025-03-23,NO
1,29845,149902,1570.71,completed,online,2025-03-23,NO
2397,15354,1678,872.76,completed,online,2025-11-08,NO
2997,39105,2995,1146.8,failed,online,2025-11-08,NO
4414,48778,5980,979.96,completed,online,2025-11-08,NO
178,43644,8414,870.89,completed,online,2025-11-08,NO
518,7518,9356,914.9,failed,online,2025-11-08,NO
2045,29930,9916,1201.42,completed,online,2025-11-08,NO
1974,10842,10789,716.48,failed,online,2025-11-08,NO
1,45114,11371,112.87,completed,online,2025-11-08,NO
755,8850,11704,1650.26,failed,online,2025-11-08,NO
4756,21749,12747,527.93,failed,online,2025-11-08,NO
4858,42669,13176,1266.78,completed,online,2025-11-08,NO
3959,25626,16466,1959.5,completed,online,2025-11-08,NO
4888,37037,16635,549.1,completed,online,2025-11-08,NO
4413,26503,18165,195.3,failed,online,2025-11-08,NO
1892,13392,20952,1407.14,failed,online,2025-11-08,NO
4375,37285,24783,1614.24,completed,online,2025-11-08,NO
4396,46847,33318,1337.52,completed,online,2025-11-08,NO
2980,31887,36642,647.06,failed,online,2025-11-08,NO
329,45986,38527,1293.86,failed,online,2025-11-08,NO
676,29136,39221,972.66,completed,online,2025-11-08,NO
2700,20333,40150,775.41,failed,online,2025-11-08,NO
1674,6911,42297,1840.24,completed,online,2025-11-08,NO
3054,38608,44542,109.34,completed,online,2025-11-08,NO
2967,30142,47536,767.92,completed,online,2025-11-08,NO
2801,19625,48433,1680.81,failed,online,2025-11-08,NO
2761,21355,49279,851.91,completed,online,2025-11-08,NO
2621,9243,50449,1059.63,completed,online,2025-11-08,NO
1811,30064,50938,1237.94,completed,UNKNOWN,2025-11-08,NO
1690,2974,51188,793.73,completed,online,2025-11-08,NO
1,37350,52073,1805.92,completed,online,2025-11-08,NO
1,9532,52974,1446.15,completed,online,2025-11-08,NO
559,30506,54072,890.01,failed,online,2025-11-08,NO
1,5837,55596,1957.53,completed,online,2025-11-08,NO
1858,9848,57555,1947.81,completed,online,2025-11-08,NO
1,47579,57918,1655.49,failed,online,2025-11-08,NO
1152,43909,58211,1091.9,completed,online,2025-11-08,NO
4523,9280,60224,1799.09,completed,online,2025-11-08,NO
1,46725,60535,110.17,failed,online,2025-11-08,NO
4103,21064,63594,846.08,completed,online,2025-11-08,NO
1,25375,63753,991.85,failed,online,2025-11-08,NO
1,29222,64282,468.95,completed,online,2025-11-08,NO
2175,39132,64867,488.09,failed,UNKNOWN,2025-11-08,NO
713,7783,67042,1205.49,failed,online,2025-11-08,NO
1443,22797,67724,62.23,completed,online,2025-11-08,NO
3934,48474,70396,1197.77,completed,online,2025-11-08,NO
4091,41114,71010,6643.030551233806,completed,online,2025-11-08,NO
765,43124,74323,200.35,completed,online,2025-11-08,NO
1,22113,79150,843.09,failed,online,2025-11-08,NO
1,16943,82064,1537.69,completed,online,2025-11-08,NO
3962,40279,82679,1307.79,failed,online,2025-11-08,NO
3296,45649,84143,678.9,completed,online,2025-11-08,NO
1,22744,90735,1570.6,failed,online,2025-11-08,NO
472,47695,91411,1673.75,failed,online,2025-11-08,NO
1,18476,91640,1815.31,failed,online,2025-11-08,NO
4609,36792,93209,1554.16,completed,online,2025-11-08,NO
2830,13192,93300,1129.03,failed,online,2025-11-08,NO
2800,33894,93937,1947.44,failed,online,2025-11-08,NO
3811,11181,95353,1548.87,completed,online,2025-11-08,NO
1133,37314,95805,1916.67,completed,online,2025-11-08,NO
1,45139,97545,932.7,failed,UNKNOWN,2025-11-08,NO
1,44616,98240,553.47,completed,online,2025-11-08,NO
2391,47445,100143,1932.62,failed,online,2025-11-08,NO
2663,39884,101572,81.77,completed,online,2025-11-08,NO
3536,36674,103228,575.48,completed,online,2025-11-08,NO
2968,35147,105357,869.76,failed,online,2025-11-08,NO
1,2434,106055,7843.442752138304,failed,online,2025-11-08,NO
1,41200,106151,351.76,completed,online,2025-11-08,NO
3905,12618,107377,1612.13,failed,online,2025-11-08,NO
1,47918,113667,783.57,failed,online,2025-11-08,NO
1,19204,114302,165.33,completed,online,2025-11-08,NO
2177,1664,115075,1122.1,failed,online,2025-11-08,NO
1,34166,115752,834.76,completed,online,2025-11-08,NO
1755,21321,116782,889.33,completed,online,2025-11-08,NO
4804,8447,117192,638.45,failed,online,2025-11-08,NO
1,46735,117558,153.12,failed,online,2025-11-08,NO
12,49078,118762,1103.81,failed,online,2025-11-08,NO
1632,832,119240,1870.6,failed,online,2025-11-08,NO
3740,42034,122870,1525.77,completed,online,2025-11-08,NO
4827,37233,123105,782.03,completed,online,2025-11-08,NO
3504,4200,123431,173.47,failed,online,2025-11-08,NO
1,44990,123467,1985.46,failed,online,2025-11-08,NO
1242,31003,124105,655.19,completed,online,2025-11-08,NO
1,25808,125991,1938.21,failed,online,2025-11-08,NO
3212,3541,128838,688.85,failed,online,2025-11-08,NO
4775,17944,128989,989.53,failed,online,2025-11-08,NO
1339,11388,129203,1114.88,failed,online,2025-11-08,NO
2915,16373,133508,938.49,failed,online,2025-11-08,NO
1782,32384,136132,1832.86,completed,online,2025-11-08,NO
1,42049,138634,402.83,completed,online,2025-11-08,NO
1,410,143972,1903.72,failed,online,2025-11-08,NO
976,28858,144176,1991.55,failed,online,2025-11-08,NO
1,45498,144358,634.9,failed,online,2025-11-08,NO
1,6999,145029,774.27,failed,online,2025-11-08,NO
1,8514,148251,1252.35,completed,online,2025-11-08,NO
2057,17351,149251,1214.95,completed,UNKNOWN,2025-11-08,NO
514,41144,149892,57.57,failed,online,2025-11-08,NO
4359,676,7201,1810.56,completed,online,2025-11-14,NO
4038,36414,8794,1910.99,failed,online,2025-11-14,NO
3381,9674,10253,1208.08,failed,online,2025-11-14,NO
1,33058,13750,581.52,failed,online,2025-11-14,NO
413,7734,15041,30.55,failed,online,2025-11-14,NO
1032,23332,16337,715.55,completed,online,2025-11-14,NO
4691,30146,17644,119.63,failed,online,2025-11-14,NO
25,34642,18383,993.9,failed,online,2025-11-14,NO
1,10095,22520,1665.7,completed,online,2025-11-14,NO
4679,5941,24717,857.43,failed,online,2025-11-14,NO
4123,32398,24770,1411.19,completed,online,2025-11-14,NO
597,48497,25811,705.67,failed,online,2025-11-14,NO
2630,7887,26302,1512.97,failed,online,2025-11-14,NO
2700,23826,30233,791.57,completed,online,2025-11-14,NO
1,46789,32011,1156.75,failed,online,2025-11-14,NO
2401,36972,34915,142.29,failed,online,2025-11-14,NO
1,45352,39247,646.27,failed,online,2025-11-14,NO
2169,5712,41256,1019.13,completed,online,2025-11-14,NO
2726,28772,43315,919.79,failed,online,2025-11-14,NO
2813,10485,44429,369.63,completed,online,2025-11-14,NO
2337,3411,47920,1526.58,failed,online,2025-11-14,NO
2904,10097,48036,705.71,failed,online,2025-11-14,NO
3101,23733,49138,80.88,completed,UNKNOWN,2025-11-14,NO
1,7489,49844,289.59,completed,online,2025-11-14,NO
3018,17850,53438,1907.75,failed,online,2025-11-14,NO
4792,27198,55050,922.41,completed,online,2025-11-14,NO
1832,49486,57037,1116.88,failed,online,2025-11-14,NO
1,11630,57501,679.42,completed,online,2025-11-14,NO
60,41996,58252,512.98,failed,online,2025-11-14,NO
3412,6765,58375,672.34,completed,online,2025-11-14,NO
3692,47667,58527,531.42,completed,online,2025-11-14,NO
1588,37381,58808,1193.57,failed,online,2025-11-14,NO
1,7497,60374,930.57,completed,online,2025-11-14,NO
1,40446,61227,1535.59,failed,online,2025-11-14,NO
4376,37779,61600,1355.96,completed,online,2025-11-14,NO
1,10292,61721,52.13,completed,online,2025-11-14,NO
4392,10166,62450,417.05,completed,online,2025-11-14,NO
970,24419,64603,290.89,completed,online,2025-11-14,NO
3092,14227,66110,1010.99,failed,online,2025-11-14,NO
1,84,66162,54.22,completed,online,2025-11-14,NO
2646,10482,66888,1082.24,completed,online,2025-11-14,NO
4057,40664,72432,659.42,failed,online,2025-11-14,NO
1,6674,74745,912.2,completed,online,2025-11-14,NO
1,1172,76004,601.24,failed,online,2025-11-14,NO
304,35283,79374,122.92,failed,online,2025-11-14,NO
1,15113,79708,1574.17,failed,online,2025-11-14,NO
4778,30457,80553,1819.4,failed,online,2025-11-14,NO
2046,552,84769,911.07,failed,online,2025-11-14,NO
1,37508,85412,1263.94,completed,online,2025-11-14,NO
1,12848,86867,248.1,failed,online,2025-11-14,NO
1,35815,92007,804.19,failed,online,2025-11-14,NO
3483,422,92578,1352.03,failed,online,2025-11-14,NO
1,28300,92767,1691.94,completed,online,2025-11-14,NO
4765,6203,93200,1617.77,failed,online,2025-11-14,NO
1,29609,93879,298.41,failed,online,2025-11-14,NO
3079,16735,95391,1800.82,failed,online,2025-11-14,NO
4677,32638,96593,507.33,failed,online,2025-11-14,NO
442,31571,96973,454.66,completed,online,2025-11-14,NO
1,26167,98462,1967.43,failed,online,2025-11-14,NO
1,38923,98803,1016.37,failed,online,2025-11-14,NO
1,17997,98940,279.19,completed,online,2025-11-14,NO
2952,49534,99373,854.33,failed,online,2025-11-14,NO
2545,39822,99683,568.3,failed,online,2025-11-14,NO
4612,22046,100482,1466.49,failed,online,2025-11-14,NO
4806,35193,100752,9858.690827912167,failed,online,2025-11-14,NO
1,49348,100878,619.7,failed,online,2025-11-14,NO
2901,7102,101251,967.42,failed,online,2025-11-14,NO
4950,20724,104632,1106.26,failed,online,2025-11-14,NO
3106,31997,105582,1082.83,failed,online,2025-11-14,NO
2031,17865,109691,656.42,completed,online,2025-11-14,NO
576,1738,109806,1191.24,failed,online,2025-11-14,NO
2441,49210,112615,1552.25,failed,online,2025-11-14,NO
1667,43327,113300,1064.67,failed,online,2025-11-14,NO
1,49443,116533,423.08,failed,online,2025-11-14,NO
4601,13685,116809,1866.23,failed,online,2025-11-14,NO
1584,33630,118113,719.59,completed,online,2025-11-14,NO
2999,14634,118814,455.26,completed,online,2025-11-14,NO
4554,45529,120174,1185.41,completed,online,2025-11-14,NO
1066,48822,120192,521.03,completed,online,2025-11-14,NO
834,3348,120688,204.75,completed,online,2025-11-14,NO
3978,46254,121515,72.48,failed,online,2025-11-14,NO
1202,14056,124919,1378.57,failed,online,2025-11-14,NO
323,3615,125493,30.79,completed,online,2025-11-14,NO
2319,34611,125790,1437.28,completed,online,2025-11-14,NO
1,37074,126426,560.81,completed,online,2025-11-14,NO
3786,25176,127313,29.19,completed,online,2025-11-14,NO
4916,33237,128122,1546.93,failed,online,2025-11-14,NO
3842,41167,129769,1513.11,failed,online,2025-11-14,NO
3354,32229,130299,1452.26,failed,online,2025-11-14,NO
1,8545,134492,1446.71,completed,online,2025-11-14,NO
341,33380,136152,377.89,completed,online,2025-11-14,NO
2308,20916,137000,168.91,completed,online,2025-11-14,NO
1,25363,142508,1621.65,failed,online,2025-11-14,NO
1504,37483,143281,610.66,failed,online,2025-11-14,NO
4303,25027,143425,742.16,completed,online,2025-11-14,NO
1,12854,146381,1807.22,failed,online,2025-11-14,NO
4185,38027,146826,790.88,failed,online,2025-11-14,NO
2211,39729,4838,1724.39,failed,online,2025-09-28,NO
3195,7926,6509,57.5,completed,online,2025-09-28,NO
279,46397,7321,71.78,completed,online,2025-09-28,NO
1195,3349,9615,21.43,failed,UNKNOWN,2025-09-28,NO
1212,7471,10984,1227.59,failed,online,2025-09-28,NO
1,6618,11326,1253.97,completed,online,2025-09-28,NO
1,7907,13052,757.52,failed,online,2025-09-28,NO
4221,28996,15454,97.26,failed,online,2025-09-28,NO
60,25309,17519,319.68,failed,online,2025-09-28,NO
4056,6218,17774,1421.23,failed,online,2025-09-28,NO
1651,35292,20141,320.04,failed,online,2025-09-28,NO
3341,31414,20223,891.4,failed,online,2025-09-28,NO
3911,48849,27015,102.88,failed,online,2025-09-28,NO
1,11456,28689,190.1,completed,online,2025-09-28,NO
4911,39387,28883,1591.95,completed,online,2025-09-28,NO
2783,16775,31801,86.5,completed,online,2025-09-28,NO
4901,48301,32536,1452.07,completed,online,2025-09-28,NO
1,39418,33764,1144.94,completed,online,2025-09-28,NO
4880,43487,35351,1711.18,completed,online,2025-09-28,NO
608,314,35603,1383.01,failed,online,2025-09-28,NO
1,19006,37299,1196.19,failed,online,2025-09-28,NO
2201,36482,38607,27.82,completed,online,2025-09-28,NO
3145,10747,40348,155.34,completed,online,2025-09-28,NO
3670,5618,40758,1051.98,completed,online,2025-09-28,NO
4860,11302,44660,245.75,completed,online,2025-09-28,NO
1,45992,45089,1253.83,failed,online,2025-09-28,NO
3021,35183,46365,1166.71,completed,online,2025-09-28,NO
4661,41850,49701,283.72,failed,online,2025-09-28,NO
3278,38991,50198,350.7,failed,online,2025-09-28,NO
1,26354,53525,560.41,completed,online,2025-09-28,NO
1,13673,54342,1083.53,completed,online,2025-09-28,NO
1100,34215,54959,133.85,completed,online,2025-09-28,NO
536,16509,55143,505.43,failed,online,2025-09-28,NO
873,34815,55838,1595.49,failed,online,2025-09-28,NO
1797,18128,56660,1084.83,failed,online,2025-09-28,NO
4073,19989,57267,538.55,completed,online,2025-09-28,NO
1559,44936,60456,1542.71,failed,online,2025-09-28,NO
1708,29186,65668,359.23,failed,online,2025-09-28,NO
1,13137,67277,1531.79,failed,online,2025-09-28,NO
1,15043,67489,1791.26,completed,online,2025-09-28,NO
4258,19101,68600,1389.45,failed,online,2025-09-28,NO
4463,14621,69664,1933.55,completed,online,2025-09-28,NO
3119,6227,70256,69.25,completed,online,2025-09-28,NO
3339,39548,74517,895.41,completed,online,2025-09-28,NO
1402,21368,74757,1004.62,completed,online,2025-09-28,NO
1,17271,76758,444.94,failed,online,2025-09-28,NO
532,29729,76842,1223.88,completed,online,2025-09-28,NO
4866,33972,77028,1622.47,completed,online,2025-09-28,NO
1469,9707,77745,303.46,completed,online,2025-09-28,NO
1939,33433,81225,895.02,completed,UNKNOWN,2025-09-28,NO
73,14176,82114,1949.67,completed,online,2025-09-28,NO
1,21559,83090,182.14,failed,online,2025-09-28,NO
3387,20518,84666,1919.32,completed,online,2025-09-28,NO
2492,4094,86278,1175.22,failed,online,2025-09-28,NO
4329,36254,88709,1307.97,completed,online,2025-09-28,NO
1,41255,89139,891.43,completed,online,2025-09-28,NO
947,2980,92614,769.49,failed,online,2025-09-28,NO
2838,27102,92731,899.58,failed,online,2025-09-28,NO
4288,7575,94278,338.76,completed,online,2025-09-28,NO
4592,33182,97180,134.99,completed,online,2025-09-28,NO
1335,32987,97181,1611.32,failed,online,2025-09-28,NO
1156,18552,97319,1999.37,completed,online,2025-09-28,NO
1,25354,98109,1175.57,completed,online,2025-09-28,NO
4221,30731,100687,507.46,failed,online,2025-09-28,NO
3348,30970,101855,730.57,failed,online,2025-09-28,NO
1013,28341,102692,570.75,failed,online,2025-09-28,NO
2342,3459,103052,1213.93,failed,online,2025-09-28,NO
2675,20404,104259,419.65,failed,online,2025-09-28,NO
2474,12681,104688,465.72,failed,online,2025-09-28,NO
3258,773,105987,275.52,failed,online,2025-09-28,NO
1435,28083,106485,809.45,completed,online,2025-09-28,NO
1378,31858,106552,871.8,completed,online,2025-09-28,NO
1,46517,110222,5529.784233550032,completed,online,2025-09-28,NO
4951,31688,110761,911.85,failed,online,2025-09-28,NO
1258,20586,118145,1058.24,completed,online,2025-09-28,NO
3448,30018,118715,1310.24,failed,online,2025-09-28,NO
3865,21110,120352,1943.77,completed,online,2025-09-28,NO
1,47961,121552,1305.31,completed,online,2025-09-28,NO
98,30741,124737,400.58,failed,online,2025-09-28,NO
4207,21638,125345,442.78,completed,online,2025-09-28,NO
4209,43151,126622,498.71,completed,online,2025-09-28,NO
1,12361,127459,1999.75,completed,online,2025-09-28,NO
4797,44944,134670,1051.96,failed,online,2025-09-28,NO
1065,44627,136315,563.4,completed,online,2025-09-28,NO
458,24698,136622,102.88,completed,online,2025-09-28,NO
3006,8595,139278,1536.43,failed,online,2025-09-28,NO
3301,30341,141014,1695.73,failed,online,2025-09-28,NO
3352,9618,141076,666.8,completed,online,2025-09-28,NO
2587,23318,141828,563.49,completed,online,2025-09-28,NO
4714,44615,142113,1145.48,completed,online,2025-09-28,NO
3597,26224,143922,1339.99,completed,online,2025-09-28,NO
1747,27038,145006,1191.76,failed,online,2025-09-28,NO
1376,3805,145210,1674.69,completed,online,2025-09-28,NO
4644,8361,145380,1086.14,completed,online,2025-09-28,NO
1801,34274,147469,1257.61,completed,online,2025-09-28,NO
3269,28906,1105,69.99,failed,online,2025-11-02,NO
4058,3667,1343,534.63,failed,online,2025-11-02,NO
3515,16275,2285,336.49,completed,online,2025-11-02,NO
1729,27522,4077,314.16,failed,online,2025-11-02,NO
1,35099,4634,29.83,failed,online,2025-11-02,NO
2926,49414,8791,585.83,completed,online,2025-11-02,NO
297,39914,10226,753.37,failed,online,2025-11-02,NO
2684,38520,11006,762.15,completed,online,2025-11-02,NO
1595,22873,14223,1885.74,completed,online,2025-11-02,NO
108,37701,15420,752.39,failed,UNKNOWN,2025-11-02,NO
1336,45462,16625,504.15,failed,online,2025-11-02,NO
4964,4005,16679,118.99,failed,online,2025-11-02,NO
1,2255,16730,648.67,failed,online,2025-11-02,NO
3805,24942,17553,614.75,completed,online,2025-11-02,NO
596,17777,21705,1497.69,failed,online,2025-11-02,NO
105,19103,22272,1965.79,failed,online,2025-11-02,NO
3761,18618,23614,1702.19,failed,online,2025-11-02,NO
1924,46300,25836,8779.692437443711,failed,online,2025-11-02,NO
3473,21184,27392,1550.82,completed,online,2025-11-02,NO
1136,24557,31595,366.63,completed,online,2025-11-02,NO
1,14750,31806,308.1,failed,online,2025-11-02,NO
2194,30815,32433,50.33,failed,online,2025-11-02,NO
4441,47042,34267,258.5,completed,online,2025-11-02,NO
1,22942,34350,1956.74,completed,online,2025-11-02,NO
910,38887,36755,1402.67,completed,online,2025-11-02,NO
1193,38996,41509,304.45,completed,online,2025-11-02,NO
3608,39169,45940,505.66,failed,online,2025-11-02,NO
4612,46784,47743,501.26,completed,online,2025-11-02,NO
664,7078,48255,206.75,completed,online,2025-11-02,NO
4176,18510,49184,577.25,completed,online,2025-11-02,NO
4167,13392,54182,1963.11,completed,online,2025-11-02,NO
1139,9382,56411,287.11,failed,online,2025-11-02,NO
1,22773,57685,10.53,completed,online,2025-11-02,NO
4536,10710,58350,666.2,failed,online,2025-11-02,NO
4221,41403,58831,966.42,completed,online,2025-11-02,NO
2472,46006,59091,1129.42,failed,online,2025-11-02,NO
3509,8536,60345,1811.49,failed,online,2025-11-02,NO
1,36431,60712,774.73,completed,online,2025-11-02,NO
131,41461,63099,645.15,failed,online,2025-11-02,NO
1238,32171,64135,627.1,completed,online,2025-11-02,NO
1740,10694,64615,155.8,failed,online,2025-11-02,NO
586,43170,65524,1381.57,completed,online,2025-11-02,NO
2622,219,69367,953.01,failed,online,2025-11-02,NO
3821,45014,72143,1635.97,completed,online,2025-11-02,NO
2560,29257,75247,680.07,failed,online,2025-11-02,NO
1595,20709,76322,1161.33,failed,online,2025-11-02,NO
1,47147,76436,997.14,completed,online,2025-11-02,NO
816,2958,76922,983.18,completed,online,2025-11-02,NO
4646,28931,77861,279.78,failed,online,2025-11-02,NO
2565,40056,78199,648.99,failed,online,2025-11-02,NO
3369,32243,80779,1219.25,failed,online,2025-11-02,NO
1253,8522,81059,40.52,failed,online,2025-11-02,NO
4012,42264,82769,793.99,failed,online,2025-11-02,NO
3299,40768,84804,1749.9,failed,online,2025-11-02,NO
4731,5859,86928,1295.75,completed,online,2025-11-02,NO
4169,5602,87995,1864.81,failed,online,2025-11-02,NO
1,2536,93049,1565.59,failed,online,2025-11-02,NO
3878,16320,94285,304.35,completed,online,2025-11-02,NO
1,6495,95556,1606.2,completed,online,2025-11-02,NO
2572,12218,99716,173.73,completed,online,2025-11-02,NO
2987,26861,101014,386.32,completed,online,2025-11-02,NO
239,7029,103992,122.85,completed,online,2025-11-02,NO
4483,6642,104154,1986.66,completed,online,2025-11-02,NO
3199,24451,104361,892.49,failed,online,2025-11-02,NO
2372,47160,104588,354.41,failed,online,2025-11-02,NO
1872,10453,106893,1967.84,completed,online,2025-11-02,NO
2270,12272,107152,1508.1,failed,online,2025-11-02,NO
3681,16515,107662,479.04,failed,online,2025-11-02,NO
3259,45314,110893,465.36,failed,online,2025-11-02,NO
651,7588,113070,1736.54,failed,online,2025-11-02,NO
1347,25675,113684,374.69,failed,online,2025-11-02,NO
4618,41552,115020,1356.04,failed,online,2025-11-02,NO
1,7275,115968,245.2,completed,online,2025-11-02,NO
1,6848,118280,200.9,completed,online,2025-11-02,NO
1174,6617,118534,1114.8,failed,online,2025-11-02,NO
2659,9124,119339,590.56,failed,online,2025-11-02,NO
1137,32158,123049,935.13,failed,online,2025-11-02,NO
4605,16291,123196,1697.08,completed,online,2025-11-02,NO
1,10144,123640,432.6,completed,online,2025-11-02,NO
1376,451,123682,1304.01,completed,online,2025-11-02,NO
2131,9415,124818,661.25,completed,online,2025-11-02,NO
2639,8910,128090,224.06,completed,online,2025-11-02,NO
4728,41486,128890,1135.67,failed,online,2025-11-02,NO
1,22122,129407,26.56,failed,online,2025-11-02,NO
1223,1380,129526,106.18,completed,online,2025-11-02,NO
1871,32991,129696,1968.98,completed,online,2025-11-02,NO
3639,42724,130206,539.32,failed,online,2025-11-02,NO
1,37621,130592,1709.29,failed,online,2025-11-02,NO
3611,13921,132448,992.63,completed,online,2025-11-02,NO
3476,48541,133567,1587.75,failed,online,2025-11-02,NO
4994,7650,140886,1180.53,failed,online,2025-11-02,NO
533,20893,143016,1050.29,failed,online,2025-11-02,NO
3955,5955,146046,1987.0,completed,online,2025-11-02,NO
754,22313,146058,1731.79,completed,online,2025-11-02,NO
1,26724,147091,1004.01,completed,online,2025-11-02,NO
1,27672,147828,1087.62,completed,online,2025-11-02,NO
4376,45080,1787,708.91,completed,online,2025-02-01,NO
2734,15279,2721,65.53,failed,online,2025-02-01,NO
345,48998,3546,644.82,failed,online,2025-02-01,NO
2066,11197,6095,509.87,failed,online,2025-02-01,NO
3741,12969,6639,1428.01,failed,online,2025-02-01,NO
4183,33344,7131,1462.41,failed,online,2025-02-01,NO
3727,5577,8198,393.13,failed,online,2025-02-01,NO
2656,39448,8857,852.22,failed,online,2025-02-01,NO
336,30864,9588,516.43,failed,online,2025-02-01,NO
1041,30684,10640,55.46,failed,online,2025-02-01,NO
1,7731,12757,1956.62,completed,online,2025-02-01,NO
2549,10568,14830,67.34,failed,online,2025-02-01,NO
1812,7555,17258,846.67,completed,online,2025-02-01,NO
1663,18010,21956,1420.15,failed,online,2025-02-01,NO
2440,8278,23900,1470.31,completed,online,2025-02-01,NO
3169,8652,28140,1873.99,completed,online,2025-02-01,NO
1,26951,29921,405.76,failed,online,2025-02-01,NO
561,24075,30197,357.36,failed,online,2025-02-01,NO
615,15793,31573,1166.26,failed,online,2025-02-01,NO
1,31056,31913,77.5,completed,online,2025-02-01,NO
1969,43387,33116,410.36,completed,online,2025-02-01,NO
1201,10569,34735,523.13,completed,online,2025-02-01,NO
446,34296,37599,325.44,failed,online,2025-02-01,NO
4134,9622,41507,598.4,completed,online,2025-02-01,NO
1,18534,43817,1155.96,failed,online,2025-02-01,NO
1,2196,44723,606.8,failed,online,2025-02-01,NO
2283,42358,46913,1253.28,completed,online,2025-02-01,NO
2416,10236,48805,328.66,completed,online,2025-02-01,NO
714,16339,49437,698.71,completed,online,2025-02-01,NO
957,21867,49540,1684.42,completed,online,2025-02-01,NO
1545,11352,51099,1959.86,completed,online,2025-02-01,NO
2032,20478,52012,375.57,completed,online,2025-02-01,NO
1,39746,55579,592.63,completed,online,2025-02-01,NO
3642,43881,55813,1445.43,failed,online,2025-02-01,NO
309,41787,55857,1040.86,failed,online,2025-02-01,NO
687,19297,59562,628.18,failed,online,2025-02-01,NO
4295,15688,60597,285.73,completed,online,2025-02-01,NO
3812,34771,61785,1402.09,failed,online,2025-02-01,NO
726,42184,61800,1861.04,failed,online,2025-02-01,NO
3605,43466,68090,1029.61,failed,online,2025-02-01,NO
4040,17736,69960,459.23,completed,online,2025-02-01,NO
1,14691,70168,275.84,completed,online,2025-02-01,NO
766,48590,73185,1251.07,completed,online,2025-02-01,NO
2805,38470,75997,1687.31,completed,online,2025-02-01,NO
1659,16059,77113,467.32,failed,online,2025-02-01,NO
3911,35200,79966,241.56,completed,online,2025-02-01,NO
2785,39587,80093,443.23,completed,online,2025-02-01,NO
1,19513,83012,580.26,failed,online,2025-02-01,NO
2988,33436,83939,1637.15,failed,online,2025-02-01,NO
1,32072,85377,1700.62,failed,online,2025-02-01,NO
4930,11680,85734,741.94,completed,online,2025-02-01,NO
942,6276,86539,787.23,failed,online,2025-02-01,NO
706,36207,88991,933.46,failed,online,2025-02-01,NO
3821,44152,89268,1590.67,failed,online,2025-02-01,NO
1,37282,89596,1307.97,completed,online,2025-02-01,NO
3873,16293,94864,619.81,failed,online,2025-02-01,NO
2270,30961,101727,531.42,failed,online,2025-02-01,NO
952,11267,101878,1628.23,completed,online,2025-02-01,NO
2261,45782,103084,1017.35,failed,online,2025-02-01,NO
1629,47633,103273,303.37,completed,online,2025-02-01,NO
1,40669,104446,1238.25,completed,online,2025-02-01,NO
2701,26940,104711,47.32,completed,online,2025-02-01,NO
1,4227,106216,1437.52,failed,online,2025-02-01,NO
1,8869,106798,1534.8,completed,online,2025-02-01,NO
3700,47377,108568,1292.64,failed,online,2025-02-01,NO
1831,21138,109985,1376.17,failed,online,2025-02-01,NO
666,41208,111679,737.4,completed,online,2025-02-01,NO
1,43023,112856,482.65,failed,online,2025-02-01,NO
3405,26755,113027,66.24,failed,online,2025-02-01,NO
778,17815,116526,1938.23,completed,online,2025-02-01,NO
2267,12413,117377,1863.35,failed,online,2025-02-01,NO
1540,37372,117400,219.9,failed,online,2025-02-01,NO
1,16319,117991,220.81,failed,online,2025-02-01,NO
854,37919,120805,1964.09,failed,online,2025-02-01,NO
4358,18537,122878,1635.22,failed,online,2025-02-01,NO
1557,2776,123770,1775.08,completed,online,2025-02-01,NO
4222,33172,125052,271.22,failed,online,2025-02-01,NO
3276,48501,126225,1484.81,failed,online,2025-02-01,NO
2433,23887,126731,819.56,completed,online,2025-02-01,NO
4233,4611,127284,880.78,failed,online,2025-02-01,NO
2188,10876,130270,449.37,completed,online,2025-02-01,NO
2632,11316,131436,844.55,completed,online,2025-02-01,NO
1711,7699,132013,1162.33,completed,online,2025-02-01,NO
1,12730,136166,1724.29,failed,online,2025-02-01,NO
1324,14586,137963,806.48,failed,online,2025-02-01,NO
2302,29940,138265,1077.5,completed,online,2025-02-01,NO
4093,29461,139408,424.51,failed,online,2025-02-01,NO
3350,46277,139510,382.12,completed,online,2025-02-01,NO
1862,20046,140047,1241.72,failed,online,2025-02-01,NO
1,39353,142845,1573.79,completed,online,2025-02-01,NO
219,41404,143880,1638.89,failed,online,2025-02-01,NO
1453,13780,146097,1155.11,completed,online,2025-02-01,NO
394,17440,146581,1812.41,failed,online,2025-02-01,NO
3202,47736,146744,1047.21,failed,online,2025-02-01,NO
460,29981,147907,677.02,failed,online,2025-02-01,NO
1831,45007,148435,1476.04,failed,online,2025-02-01,NO
859,20717,369,1391.16,failed,online,2025-03-31,NO
2639,1021,657,324.14,failed,online,2025-03-31,NO
857,4782,2266,910.08,failed,online,2025-03-31,NO
4701,38617,6590,516.51,failed,online,2025-03-31,NO
1795,16633,6995,697.96,completed,online,2025-03-31,NO
1,9576,7369,1689.91,failed,online,2025-03-31,NO
4984,35828,7585,121.17,failed,online,2025-03-31,NO
1,2094,11530,143.55,completed,online,2025-03-31,NO
1027,45014,11842,515.43,completed,online,2025-03-31,NO
306,36798,12019,1107.18,failed,online,2025-03-31,NO
448,12105,12275,1191.16,failed,online,2025-03-31,NO
4398,13274,13445,1986.3,completed,online,2025-03-31,NO
1258,15256,17653,53.32,completed,online,2025-03-31,NO
3655,3558,18752,1836.23,completed,online,2025-03-31,NO
1600,12078,20269,123.27,failed,online,2025-03-31,NO
20,27488,21875,498.39,failed,online,2025-03-31,NO
2676,14635,23379,888.32,failed,online,2025-03-31,NO
4125,410,23578,852.19,failed,online,2025-03-31,NO
2845,5029,23634,1107.56,failed,online,2025-03-31,NO
1,8444,24375,1564.0,failed,online,2025-03-31,NO
2971,28907,26540,763.03,completed,UNKNOWN,2025-03-31,NO
2776,1968,27890,501.34,failed,online,2025-03-31,NO
3902,36714,28362,43.0,failed,online,2025-03-31,NO
1190,21031,28406,1881.76,failed,online,2025-03-31,NO
186,29133,28602,1104.79,completed,online,2025-03-31,NO
2384,26895,29478,1029.37,failed,online,2025-03-31,NO
1627,26683,29885,327.74,completed,online,2025-03-31,NO
1389,3868,30634,339.07,completed,online,2025-03-31,NO
1,47537,31141,1402.73,completed,online,2025-03-31,NO
3976,25240,32649,284.62,completed,online,2025-03-31,NO
4327,27036,33002,1462.72,failed,online,2025-03-31,NO
3433,13774,33744,1142.71,completed,online,2025-03-31,NO
4460,3790,37957,1713.67,failed,online,2025-03-31,NO
1,24338,38871,1395.42,failed,online,2025-03-31,NO
420,7196,41451,1541.61,failed,online,2025-03-31,NO
423,34554,41980,1350.37,completed,online,2025-03-31,NO
1030,17252,43743,1094.75,completed,online,2025-03-31,NO
758,43788,44675,1806.09,completed,online,2025-03-31,NO
4958,39034,45270,1670.88,completed,online,2025-03-31,NO
4444,29076,45649,188.84,completed,online,2025-03-31,NO
3401,31835,46740,933.68,failed,online,2025-03-31,NO
3473,27494,47598,1172.62,failed,online,2025-03-31,NO
4199,37036,49369,1885.85,completed,online,2025-03-31,NO
4923,39532,53089,1390.83,completed,online,2025-03-31,NO
1,35321,55342,1323.31,failed,online,2025-03-31,NO
3631,34687,59769,86.79,completed,online,2025-03-31,NO
2577,35063,59887,500.83,completed,online,2025-03-31,NO
4440,27974,59892,911.64,failed,online,2025-03-31,NO
2222,6726,61934,1519.16,failed,online,2025-03-31,NO
3884,46651,62210,1568.31,completed,online,2025-03-31,NO
1,4563,62512,640.36,completed,online,2025-03-31,NO
4007,21096,65134,565.99,completed,online,2025-03-31,NO
2196,9644,65222,1727.41,failed,online,2025-03-31,NO
2009,1987,68916,381.67,failed,online,2025-03-31,NO
1601,21833,74252,311.24,completed,online,2025-03-31,NO
1,30762,75137,1403.4,completed,online,2025-03-31,NO
1,48044,77036,580.85,completed,online,2025-03-31,NO
1724,17704,77319,331.58,completed,online,2025-03-31,NO
1700,22289,80318,1528.72,failed,online,2025-03-31,NO
1,33258,81595,1354.95,failed,online,2025-03-31,NO
3164,49574,87812,60.92,failed,online,2025-03-31,NO
2896,3498,89413,1913.38,completed,online,2025-03-31,NO
1,34175,89793,1958.9,completed,online,2025-03-31,NO
29,7582,90702,1418.82,completed,online,2025-03-31,NO
2680,26254,92161,1443.6,failed,online,2025-03-31,NO
2193,6005,93197,1686.52,failed,online,2025-03-31,NO
369,10974,93803,601.99,failed,online,2025-03-31,NO
2732,34123,94056,196.96,failed,online,2025-03-31,NO
764,28634,94218,1611.83,failed,online,2025-03-31,NO
1588,47822,96608,1384.74,completed,online,2025-03-31,NO
1403,5934,96631,1049.52,completed,online,2025-03-31,NO
2770,1524,97242,148.74,completed,online,2025-03-31,NO
2851,12828,98959,1749.31,failed,online,2025-03-31,NO
38,46948,109595,626.26,completed,online,2025-03-31,NO
2894,48311,109649,217.5,failed,online,2025-03-31,NO
1032,11894,111978,457.22,completed,online,2025-03-31,NO
3238,31278,112572,1301.28,failed,online,2025-03-31,NO
3272,48583,115706,1361.59,completed,online,2025-03-31,NO
311,40014,117099,68.19,completed,online,2025-03-31,NO
4069,13317,117685,1391.2,completed,online,2025-03-31,NO
897,16602,118686,75.45,completed,online,2025-03-31,NO
1,30129,121151,31.16,completed,online,2025-03-31,NO
293,49566,121577,829.27,completed,online,2025-03-31,NO
126,18365,123078,63.46,failed,online,2025-03-31,NO
1504,11129,127260,1747.21,failed,online,2025-03-31,NO
1019,16807,128905,918.43,failed,online,2025-03-31,NO
376,39012,129044,234.12,failed,online,2025-03-31,NO
3360,21019,131257,1329.31,completed,online,2025-03-31,NO
1459,8162,131848,96.28,failed,online,2025-03-31,NO
3342,44855,135218,1858.49,completed,online,2025-03-31,NO
1614,17263,137254,845.42,failed,online,2025-03-31,NO
3655,16597,137843,1861.69,completed,online,2025-03-31,NO
3854,16042,139017,423.95,failed,online,2025-03-31,NO
923,10987,139679,1146.53,completed,online,2025-03-31,NO
1,36971,145042,426.31,failed,online,2025-03-31,NO
1,25139,149153,1872.83,failed,online,2025-03-31,NO
3778,20016,2173,1083.96,failed,online,2025-09-25,NO
1714,26330,2583,1458.15,completed,online,2025-09-25,NO
4580,49158,3886,1982.78,completed,online,2025-09-25,NO
492,41976,6712,454.2,failed,online,2025-09-25,NO
1,8911,10368,873.38,completed,online,2025-09-25,NO
1,9532,13713,624.06,completed,online,2025-09-25,NO
374,29727,14148,248.59,completed,UNKNOWN,2025-09-25,NO
2470,35057,15829,415.51,failed,online,2025-09-25,NO
2438,37122,19878,554.36,completed,online,2025-09-25,NO
2333,27483,22190,1734.26,failed,online,2025-09-25,NO
3331,45202,22315,923.14,completed,online,2025-09-25,NO
4442,28514,22521,160.09,completed,online,2025-09-25,NO
1880,17826,23063,1877.24,completed,online,2025-09-25,NO
92,7314,24498,907.77,completed,online,2025-09-25,NO
1137,34041,27332,127.07,failed,online,2025-09-25,NO
3822,49129,30868,1041.76,completed,online,2025-09-25,NO
1768,40300,31377,980.76,completed,online,2025-09-25,NO
1,27725,31710,250.9,failed,online,2025-09-25,NO
1,4733,31832,1028.73,completed,online,2025-09-25,NO
1436,6435,31962,232.61,completed,online,2025-09-25,NO
4786,15548,32047,1610.07,completed,online,2025-09-25,NO
1877,23055,33246,1316.61,completed,online,2025-09-25,NO
4041,17942,33753,415.57,completed,online,2025-09-25,NO
2095,23133,35294,929.42,failed,online,2025-09-25,NO
1,41701,36408,1847.16,failed,online,2025-09-25,NO
2495,4388,36510,1120.59,completed,online,2025-09-25,NO
1,7354,37018,591.83,failed,online,2025-09-25,NO
2687,26034,37489,6011.317263171711,completed,online,2025-09-25,NO
3842,37844,38160,1911.39,failed,online,2025-09-25,NO
4591,15981,38882,1553.57,failed,online,2025-09-25,NO
3963,21702,41814,311.7,failed,online,2025-09-25,NO
2643,2391,41978,1006.89,failed,online,2025-09-25,NO
205,39766,43084,812.8,failed,online,2025-09-25,NO
1,4572,45955,218.04,failed,online,2025-09-25,NO
4937,8912,46339,1889.42,failed,online,2025-09-25,NO
2681,38371,48145,1199.13,completed,online,2025-09-25,NO
1863,48353,49527,1265.42,completed,online,2025-09-25,NO
737,22619,50283,1040.8,failed,UNKNOWN,2025-09-25,NO
2827,22099,52218,113.52,completed,online,2025-09-25,NO
2957,21303,52507,825.38,completed,online,2025-09-25,NO
1,6878,53209,1122.48,completed,online,2025-09-25,NO
4611,46762,53340,1624.32,failed,online,2025-09-25,NO
1482,9982,54524,562.0,completed,online,2025-09-25,NO
986,20721,54851,1752.97,completed,online,2025-09-25,NO
3991,33468,55027,6419.049386418606,failed,online,2025-09-25,NO
1,13059,61477,162.53,completed,online,2025-09-25,NO
2826,9639,62780,1149.11,failed,online,2025-09-25,NO
354,48844,66132,1937.43,failed,online,2025-09-25,NO
1,43166,69347,1068.29,completed,online,2025-09-25,NO
4172,4337,72147,1350.89,failed,online,2025-09-25,NO
1419,677,72744,1647.27,failed,UNKNOWN,2025-09-25,NO
1,30059,72782,331.39,failed,online,2025-09-25,NO
247,10611,75872,115.04,failed,online,2025-09-25,NO
4925,49922,79470,831.75,completed,online,2025-09-25,NO
1558,19846,80727,874.24,completed,online,2025-09-25,NO
3102,8143,82883,15.76,completed,online,2025-09-25,NO
1,49489,84576,1894.83,failed,online,2025-09-25,NO
3953,36905,85193,7041.650144913511,failed,online,2025-09-25,NO
476,24094,87730,462.44,failed,online,2025-09-25,NO
1,20034,88737,1609.57,failed,online,2025-09-25,NO
1,10805,94199,44.18,completed,online,2025-09-25,NO
68,7559,97413,1809.6,completed,online,2025-09-25,NO
2768,32172,99905,160.71,completed,online,2025-09-25,NO
4609,35165,102691,1448.61,failed,online,2025-09-25,NO
191,30323,103122,1478.78,completed,online,2025-09-25,NO
2644,46255,103319,971.5,completed,online,2025-09-25,NO
4399,1452,103655,1728.35,completed,online,2025-09-25,NO
3389,14554,103673,1696.45,failed,online,2025-09-25,NO
1,48552,107021,282.07,failed,online,2025-09-25,NO
1665,28419,108213,1296.18,failed,online,2025-09-25,NO
1799,13804,109450,871.06,completed,online,2025-09-25,NO
2701,35896,111143,655.88,failed,online,2025-09-25,NO
117,11470,113450,195.96,failed,online,2025-09-25,NO
3260,27108,114851,198.84,failed,online,2025-09-25,NO
3615,21070,116500,697.32,failed,online,2025-09-25,NO
1,30601,118627,1720.99,failed,online,2025-09-25,NO
3730,48650,119910,535.05,failed,online,2025-09-25,NO
3387,18520,123421,1337.72,failed,online,2025-09-25,NO
617,14054,124329,1059.69,completed,online,2025-09-25,NO
1590,19999,125730,1127.52,failed,online,2025-09-25,NO
2915,22026,129137,99.8,completed,online,2025-09-25,NO
3889,16171,130580,424.71,failed,online,2025-09-25,NO
3125,1115,130948,1543.19,failed,online,2025-09-25,NO
545,13288,131196,1710.08,failed,online,2025-09-25,NO
3915,28867,131931,391.02,failed,online,2025-09-25,NO
4214,25772,132171,487.72,failed,online,2025-09-25,NO
3243,45027,133791,1046.82,failed,online,2025-09-25,NO
2406,6212,136601,1869.31,failed,online,2025-09-25,NO
4104,37726,137055,1155.2,completed,online,2025-09-25,NO
2785,25555,140331,726.96,failed,online,2025-09-25,NO
4326,11615,140645,1060.92,failed,online,2025-09-25,NO
3632,38244,144163,352.14,failed,online,2025-09-25,NO
3937,21238,145154,721.24,failed,online,2025-09-25,NO
2537,17634,146997,1864.95,completed,online,2025-09-25,NO
2100,49765,149640,63.71,completed,online,2025-09-25,NO
4369,49798,5727,1143.12,failed,online,2025-06-02,NO
2834,47003,6369,899.42,completed,online,2025-06-02,NO
1,7391,6534,270.7,failed,online,2025-06-02,NO
2050,407,7004,1619.09,failed,online,2025-06-02,NO
4565,9092,7480,15.88,failed,online,2025-06-02,NO
2850,22829,10486,1561.09,failed,online,2025-06-02,NO
784,37312,11223,423.15,failed,online,2025-06-02,NO
1932,36930,13333,1263.35,completed,online,2025-06-02,NO
4433,999,13370,722.04,completed,online,2025-06-02,NO
3375,28875,15176,1130.22,completed,online,2025-06-02,NO
2949,30252,15287,22.68,completed,online,2025-06-02,NO
1,18504,16852,409.37,failed,online,2025-06-02,NO
379,40406,19117,369.58,failed,online,2025-06-02,NO
4781,1864,20355,1992.11,failed,online,2025-06-02,NO
2267,32358,20995,142.18,completed,online,2025-06-02,NO
3031,23664,24012,1377.76,completed,online,2025-06-02,NO
1,22565,32972,1742.99,failed,online,2025-06-02,NO
1727,25260,33612,1435.82,failed,online,2025-06-02,NO
1,44926,36273,1123.9,completed,online,2025-06-02,NO
4812,13529,37288,12.36,failed,online,2025-06-02,NO
3482,7737,41324,854.22,failed,online,2025-06-02,NO
2036,37006,41964,243.36,failed,online,2025-06-02,NO
4106,4341,42466,1299.9,completed,online,2025-06-02,NO
1,17335,42707,867.49,completed,online,2025-06-02,NO
1043,43497,43793,650.37,failed,online,2025-06-02,NO
265,45858,44489,1632.78,failed,online,2025-06-02,NO
1660,48739,46287,298.68,completed,online,2025-06-02,NO
1162,44973,46861,759.87,completed,online,2025-06-02,NO
78,11921,47081,937.45,failed,online,2025-06-02,NO
2357,11707,47309,351.81,failed,online,2025-06-02,NO
118,25867,55122,846.57,failed,online,2025-06-02,NO
3636,1887,56119,654.69,completed,online,2025-06-02,NO
4940,17849,57083,348.45,completed,online,2025-06-02,NO
1,26702,58027,286.96,completed,online,2025-06-02,NO
2791,14059,58951,1612.48,failed,online,2025-06-02,NO
2629,9511,59035,1372.4,failed,online,2025-06-02,NO
1,44047,59312,268.32,failed,online,2025-06-02,NO
1,25811,62574,481.87,completed,online,2025-06-02,NO
1048,15537,66182,589.36,failed,online,2025-06-02,NO
1596,37911,66461,276.85,failed,online,2025-06-02,NO
3476,38573,67257,897.33,completed,online,2025-06-02,NO
1142,31667,68847,303.13,completed,online,2025-06-02,NO
1,7495,71705,627.69,failed,online,2025-06-02,NO
3067,22818,73701,43.14,completed,online,2025-06-02,NO
2878,33995,74044,501.43,completed,online,2025-06-02,NO
3585,1077,77350,1262.95,failed,online,2025-06-02,NO
4283,21509,78072,684.9,completed,online,2025-06-02,NO
2832,27955,79919,853.88,completed,online,2025-06-02,NO
1,10733,79945,1725.86,failed,online,2025-06-02,NO
1068,2383,80549,339.65,failed,online,2025-06-02,NO
4305,17851,82020,1513.94,failed,online,2025-06-02,NO
4468,34319,82435,801.42,failed,online,2025-06-02,NO
1,29956,83439,1099.89,completed,online,2025-06-02,NO
2741,9411,84180,604.07,completed,online,2025-06-02,NO
2179,36015,85092,1141.03,failed,online,2025-06-02,NO
2937,26349,89583,1370.58,failed,online,2025-06-02,NO
212,49535,90578,1284.53,completed,online,2025-06-02,NO
2372,2525,90613,930.07,failed,online,2025-06-02,NO
4275,241,90756,1227.72,failed,online,2025-06-02,NO
3677,35998,92630,430.3,failed,online,2025-06-02,NO
4185,40519,92835,6821.768971161127,failed,online,2025-06-02,NO
1,46657,93350,92.64,completed,online,2025-06-02,NO
4665,15858,95500,1570.62,completed,online,2025-06-02,NO
575,47971,102383,169.79,failed,online,2025-06-02,NO
3438,34139,109564,35.38,completed,online,2025-06-02,NO
1,32143,111147,915.23,failed,online,2025-06-02,NO
2546,10849,111234,125.88,completed,online,2025-06-02,NO
1,20574,112805,251.16,failed,online,2025-06-02,NO
1854,38765,113525,1989.74,completed,online,2025-06-02,NO
1,28257,114438,1069.53,failed,online,2025-06-02,NO
4824,22974,115169,1411.43,failed,online,2025-06-02,NO
3161,42695,115394,1715.2,completed,online,2025-06-02,NO
244,48383,115442,1142.56,completed,online,2025-06-02,NO
953,34791,116795,1579.23,failed,online,2025-06-02,NO
1209,12408,117554,1821.46,completed,online,2025-06-02,NO
4277,7211,118016,214.7,failed,online,2025-06-02,NO
2373,10683,120659,20.06,failed,online,2025-06-02,NO
211,1566,122218,1936.52,completed,online,2025-06-02,NO
3853,47514,124929,894.8,completed,online,2025-06-02,NO
2033,9673,126348,1026.17,completed,UNKNOWN,2025-06-02,NO
1,19619,126611,1789.43,completed,online,2025-06-02,NO
2533,9892,129734,1665.58,failed,online,2025-06-02,NO
3453,37854,132837,109.53,failed,online,2025-06-02,NO
3214,6610,133034,992.82,completed,online,2025-06-02,NO
1399,4683,135600,245.01,failed,online,2025-06-02,NO
3832,22895,137861,1297.9,failed,online,2025-06-02,NO
4238,26459,140530,402.54,failed,online,2025-06-02,NO
3922,894,140925,855.28,failed,online,2025-06-02,NO
4602,41551,141457,796.01,completed,online,2025-06-02,NO
2157,42487,141886,405.83,completed,online,2025-06-02,NO
1,48592,143606,246.77,completed,online,2025-06-02,NO
1201,8661,144626,1163.39,completed,online,2025-06-02,NO
2459,16359,146462,187.52,failed,online,2025-06-02,NO
4546,15912,146887,1498.97,completed,online,2025-06-02,NO
1891,8573,147885,133.62,failed,online,2025-06-02,NO
763,77,147918,1875.88,completed,online,2025-06-02,NO
2288,13365,151,782.4,failed,online,2025-05-26,NO
4457,42919,1660,1189.04,failed,online,2025-05-26,NO
3445,10903,3385,1299.16,failed,online,2025-05-26,NO
1,49975,5267,513.16,failed,online,2025-05-26,NO
394,20742,7314,1131.77,failed,online,2025-05-26,NO
3151,41358,7936,1104.02,failed,online,2025-05-26,NO
3565,44657,8301,151.8,completed,online,2025-05-26,NO
867,15449,9440,184.86,completed,online,2025-05-26,NO
4744,44365,10202,269.19,completed,online,2025-05-26,NO
3084,32695,13649,633.0,completed,online,2025-05-26,NO
50,49808,13941,68.89,completed,online,2025-05-26,NO
2415,42700,17942,834.9,failed,online,2025-05-26,NO
1,28695,19098,1233.79,failed,online,2025-05-26,NO
684,39994,19798,1618.86,completed,online,2025-05-26,NO
459,48951,20988,1558.82,completed,online,2025-05-26,NO
1537,6927,21253,1244.21,failed,online,2025-05-26,NO
2894,13259,21491,247.37,completed,online,2025-05-26,NO
1,2727,22462,1227.94,completed,online,2025-05-26,NO
353,48899,22464,247.22,completed,online,2025-05-26,NO
2468,4545,23074,862.72,failed,online,2025-05-26,NO
315,35271,23555,1143.05,failed,online,2025-05-26,NO
817,23177,24271,450.54,completed,online,2025-05-26,NO
1,8579,24444,1278.22,failed,online,2025-05-26,NO
1291,31794,27177,677.99,completed,online,2025-05-26,NO
1,15445,28647,341.5,failed,online,2025-05-26,NO
1,545,29118,1595.15,completed,online,2025-05-26,NO
2992,28679,30845,942.27,completed,online,2025-05-26,NO
3564,45884,31050,1890.25,failed,online,2025-05-26,NO
1,45516,31463,1887.14,failed,online,2025-05-26,NO
4620,26400,34651,209.84,completed,online,2025-05-26,NO
898,48956,35793,1152.79,completed,online,2025-05-26,NO
3752,6001,37279,930.66,failed,online,2025-05-26,NO
2790,16891,37315,1688.38,failed,online,2025-05-26,NO
1918,8831,37966,955.94,completed,online,2025-05-26,NO
3088,27801,44289,767.6,failed,online,2025-05-26,NO
1,43605,45264,1364.87,failed,online,2025-05-26,NO
4366,49336,46604,1240.12,failed,online,2025-05-26,NO
3671,29330,48014,1024.5,failed,online,2025-05-26,NO
1,161,48104,408.1,failed,online,2025-05-26,NO
4104,3358,49214,1992.33,completed,online,2025-05-26,NO
2032,36196,49475,596.46,failed,online,2025-05-26,NO
569,25178,51492,1051.91,failed,online,2025-05-26,NO
3250,28391,53818,1962.85,failed,online,2025-05-26,NO
3501,24061,54277,1465.97,completed,online,2025-05-26,NO
1,19262,54593,573.68,completed,online,2025-05-26,NO
3635,24608,55160,396.1,failed,online,2025-05-26,NO
4211,26897,56506,261.74,failed,online,2025-05-26,NO
4556,13541,62143,1173.48,failed,online,2025-05-26,NO
3119,27165,62967,14.85,failed,online,2025-05-26,NO
1,4176,63046,1201.74,completed,online,2025-05-26,NO
3732,48939,63659,1385.89,failed,online,2025-05-26,NO
1736,29875,64537,334.28,failed,online,2025-05-26,NO
1,40396,65063,1960.29,failed,online,2025-05-26,NO
4033,15984,67644,1117.0,failed,online,2025-05-26,NO
2046,32469,73609,1802.09,failed,online,2025-05-26,NO
1,2637,75472,52.3,failed,online,2025-05-26,NO
1108,47352,77112,819.51,completed,online,2025-05-26,NO
3201,31904,77364,1824.99,completed,online,2025-05-26,NO
3728,36872,77633,346.34,completed,online,2025-05-26,NO
2942,24243,79136,1201.9,failed,online,2025-05-26,NO
1,47693,79482,1830.22,failed,online,2025-05-26,NO
1,36536,81944,1167.8,failed,online,2025-05-26,NO
905,21031,82382,1429.52,completed,online,2025-05-26,NO
1772,34037,83832,1400.34,completed,online,2025-05-26,NO
1455,48902,85080,286.87,completed,online,2025-05-26,NO
917,48823,85466,1345.07,failed,online,2025-05-26,NO
1,14711,93493,233.95,completed,online,2025-05-26,NO
1,1949,94200,1726.26,failed,online,2025-05-26,NO
2356,29487,94475,836.28,completed,online,2025-05-26,NO
1,6176,95818,1869.66,completed,online,2025-05-26,NO
522,45229,96014,1680.94,completed,online,2025-05-26,NO
1501,17087,99977,820.28,failed,online,2025-05-26,NO
2671,7630,100022,655.59,failed,online,2025-05-26,NO
4769,39181,100352,793.4,completed,online,2025-05-26,NO
2419,5577,101011,999.83,failed,online,2025-05-26,NO
1,11526,101928,1583.7,completed,online,2025-05-26,NO
1363,11164,102706,1839.09,failed,online,2025-05-26,NO
2011,29622,105691,130.14,completed,online,2025-05-26,NO
4766,10745,105752,215.7,completed,online,2025-05-26,NO
2965,163,109624,619.77,failed,UNKNOWN,2025-05-26,NO
1,14011,110743,365.52,completed,online,2025-05-26,NO
2526,3646,110913,973.3,completed,online,2025-05-26,NO
329,9669,116839,1455.67,completed,online,2025-05-26,NO
3334,1763,119116,90.53,completed,online,2025-05-26,NO
1,31515,119214,97.8,failed,online,2025-05-26,NO
2788,6229,128642,1379.75,failed,online,2025-05-26,NO
1968,15563,128767,995.08,completed,online,2025-05-26,NO
1,419,129967,1747.07,failed,online,2025-05-26,NO
25,42250,132791,1321.39,completed,online,2025-05-26,NO
1919,2570,133666,819.24,failed,online,2025-05-26,NO
2579,4770,138316,1453.24,completed,online,2025-05-26,NO
126,2314,138399,563.17,failed,online,2025-05-26,NO
3316,40703,142086,1106.41,completed,online,2025-05-26,NO
3516,28966,142245,1281.66,failed,online,2025-05-26,NO
1,17155,142648,1867.74,failed,online,2025-05-26,NO
4506,13352,143168,1302.47,failed,online,2025-05-26,NO
1373,14360,149421,1641.28,failed,online,2025-05-26,NO
2691,42882,1875,1530.64,failed,online,2025-08-18,NO
3956,22401,4104,1542.66,completed,online,2025-08-18,NO
2463,18013,5080,1154.37,completed,online,2025-08-18,NO
4459,42370,6040,1826.69,failed,online,2025-08-18,NO
1239,46288,6124,1747.9,failed,online,2025-08-18,NO
4285,10174,6898,468.0,completed,online,2025-08-18,NO
2675,27851,10240,16.37,failed,online,2025-08-18,NO
1560,21361,10732,500.24,completed,online,2025-08-18,NO
1,47694,10947,1091.02,completed,online,2025-08-18,NO
3033,34331,11757,166.89,completed,online,2025-08-18,NO
2682,12451,15938,1366.18,completed,online,2025-08-18,NO
1,19043,17618,466.33,completed,online,2025-08-18,NO
1,20311,19358,1655.35,completed,online,2025-08-18,NO
2643,37950,20058,93.44,completed,online,2025-08-18,NO
2607,10197,20575,1295.41,failed,online,2025-08-18,NO
1042,49975,21116,1589.0,completed,online,2025-08-18,NO
2227,40055,21307,390.33,failed,online,2025-08-18,NO
2208,22394,23010,1048.13,failed,online,2025-08-18,NO
3203,20170,24129,1016.61,failed,online,2025-08-18,NO
571,13561,24764,1411.63,completed,online,2025-08-18,NO
1,39648,25812,936.68,completed,online,2025-08-18,NO
4332,32830,26440,1058.56,failed,online,2025-08-18,NO
2735,11103,26629,726.79,failed,online,2025-08-18,NO
4264,1754,28525,1241.78,failed,online,2025-08-18,NO
2689,31018,31172,1694.31,failed,online,2025-08-18,NO
4990,43044,31307,1040.8,failed,online,2025-08-18,NO
452,5954,31581,503.19,completed,online,2025-08-18,NO
548,32044,34509,1737.79,failed,online,2025-08-18,NO
3222,7206,37056,1089.97,completed,online,2025-08-18,NO
3619,22310,39407,267.27,failed,online,2025-08-18,NO
1,18176,41251,1098.04,failed,online,2025-08-18,NO
1309,36013,43010,1761.3,failed,online,2025-08-18,NO
1436,41094,43222,238.75,failed,online,2025-08-18,NO
3834,19893,43443,1627.47,failed,online,2025-08-18,NO
1752,45280,46883,1771.11,completed,online,2025-08-18,NO
3147,32765,49135,86.23,completed,online,2025-08-18,NO
1268,39996,51048,844.37,failed,online,2025-08-18,NO
884,34702,51629,555.37,failed,online,2025-08-18,NO
532,34138,52446,312.71,failed,online,2025-08-18,NO
3409,21179,52534,1437.46,completed,online,2025-08-18,NO
1464,38767,52919,1220.66,completed,online,2025-08-18,NO
4666,28928,53048,604.19,failed,online,2025-08-18,NO
2244,36790,53877,179.29,failed,online,2025-08-18,NO
771,38706,56638,938.64,failed,online,2025-08-18,NO
1,25855,58243,1827.2,completed,online,2025-08-18,NO
1,45342,59145,582.6,failed,online,2025-08-18,NO
3621,37680,64057,533.66,completed,online,2025-08-18,NO
2968,20731,65333,318.54,completed,online,2025-08-18,NO
288,46137,66176,861.09,completed,online,2025-08-18,NO
4948,38704,68266,231.93,completed,online,2025-08-18,NO
1019,35893,71342,1532.34,failed,online,2025-08-18,NO
1,1708,75789,1416.98,completed,online,2025-08-18,NO
1086,374,76283,570.62,failed,online,2025-08-18,NO
1689,8797,77709,1031.99,failed,online,2025-08-18,NO
2037,9905,77928,113.71,failed,online,2025-08-18,NO
4581,30261,78107,834.87,failed,online,2025-08-18,NO
4069,23344,78272,976.64,failed,online,2025-08-18,NO
1,20942,79836,446.67,completed,online,2025-08-18,NO
1,39180,83487,1179.73,failed,online,2025-08-18,NO
3549,28412,84436,1835.42,completed,online,2025-08-18,NO
3559,25698,86649,254.91,completed,online,2025-08-18,NO
978,5230,88285,317.44,failed,online,2025-08-18,NO
1427,13325,92629,1959.92,failed,online,2025-08-18,NO
4820,12057,94967,657.98,failed,online,2025-08-18,NO
4146,5824,95991,1575.3,completed,online,2025-08-18,NO
2284,32349,98290,9539.72974057292,completed,online,2025-08-18,NO
4027,46900,99530,1897.39,completed,online,2025-08-18,NO
2066,2506,102593,26.49,failed,online,2025-08-18,NO
4221,17628,107734,661.12,failed,online,2025-08-18,NO
1,17166,109683,113.05,failed,online,2025-08-18,NO
2919,15558,113639,1616.58,completed,online,2025-08-18,NO
3749,25224,114967,652.52,failed,online,2025-08-18,NO
3516,21488,116941,1343.31,completed,online,2025-08-18,NO
1,24786,120716,315.37,failed,online,2025-08-18,NO
1,42170,122036,953.63,completed,online,2025-08-18,NO
3696,439,122589,112.02,completed,online,2025-08-18,NO
4440,26711,124319,1789.27,completed,online,2025-08-18,NO
3053,24856,127507,759.59,completed,online,2025-08-18,NO
324,25191,127920,202.31,failed,online,2025-08-18,NO
4420,15150,128771,1350.89,completed,online,2025-08-18,NO
355,10026,129625,151.66,completed,online,2025-08-18,NO
4058,39293,130624,113.52,failed,online,2025-08-18,NO
3333,24909,130671,998.66,failed,online,2025-08-18,NO
601,38757,133109,1069.04,completed,online,2025-08-18,NO
1,24102,134063,392.56,completed,online,2025-08-18,NO
795,17538,135505,1185.94,completed,online,2025-08-18,NO
1606,48754,137530,9366.97000596983,completed,online,2025-08-18,NO
2851,1420,138304,1496.6,completed,online,2025-08-18,NO
3727,44607,139959,1239.51,completed,online,2025-08-18,NO
3978,15836,141799,577.51,failed,online,2025-08-18,NO
1445,2996,143243,1750.47,failed,online,2025-08-18,NO
1,35256,143901,879.18,failed,online,2025-08-18,NO
1,46336,148339,1938.62,completed,online,2025-08-18,NO
3854,45978,149598,613.02,completed,online,2025-08-18,NO
1,39217,149928,258.91,failed,online,2025-08-18,NO
4936,36091,459,619.78,completed,online,2025-06-13,NO
267,46383,1780,1180.23,failed,online,2025-06-13,NO
4626,45262,2321,1660.95,failed,online,2025-06-13,NO
3046,46931,2708,1041.83,completed,online,2025-06-13,NO
4374,47362,2927,1346.58,completed,online,2025-06-13,NO
361,46950,3493,1462.76,completed,online,2025-06-13,NO
2127,6230,3597,1272.29,completed,UNKNOWN,2025-06-13,NO
621,20274,4880,783.82,failed,online,2025-06-13,NO
1538,17927,5116,813.79,completed,online,2025-06-13,NO
4873,17941,7061,1608.7,completed,online,2025-06-13,NO
1500,31052,7755,640.26,completed,online,2025-06-13,NO
2090,47617,8093,78.0,failed,online,2025-06-13,NO
1,10363,8810,740.68,completed,online,2025-06-13,NO
4683,2547,9141,1255.33,completed,online,2025-06-13,NO
1,7361,13181,1870.61,completed,online,2025-06-13,NO
2425,39914,13933,698.65,failed,online,2025-06-13,NO
1074,7495,16004,56.87,completed,online,2025-06-13,NO
4690,37585,18799,522.54,failed,online,2025-06-13,NO
1,37993,20551,863.92,failed,online,2025-06-13,NO
571,27069,21062,278.68,failed,online,2025-06-13,NO
1896,31368,22556,272.1,failed,online,2025-06-13,NO
1,2337,25523,1795.67,completed,online,2025-06-13,NO
4102,6498,25644,391.17,failed,online,2025-06-13,NO
2069,19978,27013,1660.52,completed,online,2025-06-13,NO
4465,5693,27659,1479.63,completed,online,2025-06-13,NO
4355,17367,30003,1252.36,completed,online,2025-06-13,NO
3809,9775,30341,1691.05,completed,online,2025-06-13,NO
3594,42203,30415,1458.7,completed,online,2025-06-13,NO
1128,37506,31133,1194.57,failed,online,2025-06-13,NO
2895,20117,31160,572.17,failed,online,2025-06-13,NO
2395,38462,34798,1627.08,completed,online,2025-06-13,NO
709,20385,39415,1628.06,failed,online,2025-06-13,NO
3285,40863,39437,1179.03,completed,online,2025-06-13,NO
4885,2709,39781,250.11,failed,online,2025-06-13,NO
3920,6528,40812,1339.91,failed,online,2025-06-13,NO
2617,2623,42254,690.62,completed,online,2025-06-13,NO
1,11541,42986,200.13,completed,online,2025-06-13,NO
198,15191,44729,800.55,failed,online,2025-06-13,NO
1620,21086,48526,1310.76,completed,online,2025-06-13,NO
4177,5731,50134,1419.57,completed,online,2025-06-13,NO
4505,13722,50388,496.84,completed,online,2025-06-13,NO
4280,29818,50622,1684.23,failed,online,2025-06-13,NO
2277,33961,51374,485.85,failed,online,2025-06-13,NO
3006,38847,57569,1260.0,failed,online,2025-06-13,NO
1,12905,58407,1981.88,failed,online,2025-06-13,NO
1,23905,58611,1250.03,failed,online,2025-06-13,NO
1,19352,61362,12.26,completed,online,2025-06-13,NO
4394,25088,61994,145.1,failed,online,2025-06-13,NO
1263,9726,64398,1871.21,completed,online,2025-06-13,NO
3513,13653,66038,1751.2,failed,online,2025-06-13,NO
1726,13503,66525,721.3,completed,online,2025-06-13,NO
1621,24958,68710,1336.33,failed,UNKNOWN,2025-06-13,NO
3682,34209,70092,1118.07,completed,online,2025-06-13,NO
1188,1122,70676,1932.45,completed,online,2025-06-13,NO
3158,7303,71304,1000.42,failed,online,2025-06-13,NO
1998,42417,72083,1883.11,completed,online,2025-06-13,NO
1,34055,78835,984.97,completed,online,2025-06-13,NO
3078,15667,79191,302.59,failed,online,2025-06-13,NO
2974,23643,80109,1001.72,failed,online,2025-06-13,NO
1828,269,82594,407.12,failed,online,2025-06-13,NO
90,41877,83046,296.79,failed,online,2025-06-13,NO
221,19793,83313,1138.78,failed,online,2025-06-13,NO
4549,26281,83486,610.56,failed,online,2025-06-13,NO
1710,37874,86584,686.63,failed,online,2025-06-13,NO
991,4826,88959,988.91,failed,online,2025-06-13,NO
1543,725,90173,221.44,failed,online,2025-06-13,NO
2194,29485,92023,1120.04,failed,online,2025-06-13,NO
4706,17044,94311,1800.55,failed,online,2025-06-13,NO
1,3079,100275,861.01,completed,online,2025-06-13,NO
1,48321,100781,1155.61,failed,online,2025-06-13,NO
1,3769,101026,312.44,failed,online,2025-06-13,NO
1220,6680,102605,169.51,completed,online,2025-06-13,NO
4845,22238,104098,534.61,failed,online,2025-06-13,NO
42,13096,106350,1212.61,failed,online,2025-06-13,NO
1,6958,107608,1244.05,completed,online,2025-06-13,NO
1773,44134,108218,10.02,failed,online,2025-06-13,NO
2322,45578,109091,1396.02,failed,online,2025-06-13,NO
1,42497,110622,1988.21,completed,online,2025-06-13,NO
2462,30871,110725,91.86,completed,online,2025-06-13,NO
4483,48645,111568,1332.44,completed,online,2025-06-13,NO
2597,6673,117341,543.11,failed,online,2025-06-13,NO
3932,7034,118058,1473.07,completed,online,2025-06-13,NO
2972,34399,120819,1851.77,failed,online,2025-06-13,NO
3523,12413,122358,1175.59,failed,online,2025-06-13,NO
854,214,122508,1653.06,failed,online,2025-06-13,NO
4431,46253,125756,1498.36,failed,online,2025-06-13,NO
598,21449,128088,1773.83,failed,online,2025-06-13,NO
2383,49574,130875,150.19,failed,online,2025-06-13,NO
3495,31957,131049,385.22,failed,online,2025-06-13,NO
3996,41832,135418,94.62,completed,online,2025-06-13,NO
379,33130,139894,481.25,completed,online,2025-06-13,NO
1,11805,142940,1874.61,completed,online,2025-06-13,NO
1366,46392,146138,1825.51,completed,online,2025-06-13,NO
4912,33508,147173,1806.37,completed,online,2025-06-13,NO
464,24469,147249,621.89,failed,online,2025-06-13,NO
140,44779,147604,329.08,failed,online,2025-06-13,NO
2411,47591,1724,727.0,completed,online,2025-05-19,NO
3639,46869,5386,66.29,failed,online,2025-05-19,NO
1,21946,6059,1336.11,failed,online,2025-05-19,NO
1311,3831,8904,170.44,failed,online,2025-05-19,NO
344,38444,9221,263.61,completed,online,2025-05-19,NO
201,18506,10078,988.97,completed,online,2025-05-19,NO
1330,17745,11153,188.34,completed,online,2025-05-19,NO
3920,49983,11960,234.09,failed,online,2025-05-19,NO
1970,24514,12418,345.22,completed,online,2025-05-19,NO
3446,23101,12482,1874.4,failed,online,2025-05-19,NO
3024,49977,12766,1223.7,completed,online,2025-05-19,NO
1,38432,18513,124.65,failed,online,2025-05-19,NO
3171,17077,21765,965.2,completed,online,2025-05-19,NO
1909,32105,22279,1705.72,failed,online,2025-05-19,NO
1,24995,22485,457.08,completed,online,2025-05-19,NO
1,12503,22704,1828.39,failed,online,2025-05-19,NO
2045,14832,25347,306.31,completed,online,2025-05-19,NO
106,43989,25757,344.57,completed,online,2025-05-19,NO
774,10632,27764,526.72,failed,online,2025-05-19,NO
4664,37797,29192,1766.37,failed,online,2025-05-19,NO
2654,33740,31841,1320.05,failed,online,2025-05-19,NO
1,26378,32748,1836.11,failed,online,2025-05-19,NO
4440,3604,34784,1029.15,completed,online,2025-05-19,NO
3147,43259,37291,1186.96,completed,online,2025-05-19,NO
2552,27696,38246,780.71,completed,online,2025-05-19,NO
4853,4848,43047,9158.641570029642,failed,online,2025-05-19,NO
1,2536,46161,1289.06,completed,online,2025-05-19,NO
4765,28580,48337,512.71,completed,online,2025-05-19,NO
3899,33174,48725,977.95,completed,online,2025-05-19,NO
1,33780,48892,1957.6,failed,online,2025-05-19,NO
3290,42432,49661,1244.81,failed,online,2025-05-19,NO
1503,2042,51275,1891.11,failed,online,2025-05-19,NO
3557,41857,53012,1323.04,completed,online,2025-05-19,NO
2850,22610,53114,1197.51,completed,online,2025-05-19,NO
1257,30570,53274,705.47,completed,online,2025-05-19,NO
489,7625,53614,17.17,completed,online,2025-05-19,NO
1,30017,55839,1365.57,failed,online,2025-05-19,NO
3947,15150,56712,576.26,completed,online,2025-05-19,NO
1,27278,58156,978.68,failed,online,2025-05-19,NO
378,8338,58443,722.87,failed,online,2025-05-19,NO
3708,5453,58620,1933.41,completed,online,2025-05-19,NO
1933,34009,59544,1025.93,completed,online,2025-05-19,NO
926,18059,59770,804.78,completed,online,2025-05-19,NO
1,2379,62104,1506.74,failed,online,2025-05-19,NO
1875,33657,63135,1465.61,completed,online,2025-05-19,NO
1,31100,65594,555.09,failed,online,2025-05-19,NO
3984,8318,68039,1691.41,completed,online,2025-05-19,NO
1559,33496,70489,438.33,failed,online,2025-05-19,NO
4172,10201,71689,1330.23,completed,online,2025-05-19,NO
4821,44074,73275,327.93,failed,online,2025-05-19,NO
1228,3955,75092,1763.53,failed,online,2025-05-19,NO
810,7958,77702,500.14,completed,online,2025-05-19,NO
751,11905,78632,1436.16,completed,online,2025-05-19,NO
4509,21622,79481,478.85,failed,online,2025-05-19,NO
1337,6638,81086,1831.92,completed,online,2025-05-19,NO
4658,27296,81145,1448.28,failed,online,2025-05-19,NO
2525,41585,83277,1629.23,failed,online,2025-05-19,NO
629,22829,83407,259.78,completed,online,2025-05-19,NO
3412,41374,85838,1549.97,failed,online,2025-05-19,NO
4485,7096,86252,896.55,completed,online,2025-05-19,NO
4369,25944,89752,1195.49,failed,online,2025-05-19,NO
1,22315,90614,1687.81,failed,UNKNOWN,2025-05-19,NO
374,3351,91768,275.35,completed,online,2025-05-19,NO
1,36278,91811,315.69,completed,online,2025-05-19,NO
4814,16851,92017,1086.26,completed,online,2025-05-19,NO
1,8109,92967,1223.01,completed,online,2025-05-19,NO
1,8558,94072,446.54,failed,online,2025-05-19,NO
1455,42358,94335,820.71,completed,online,2025-05-19,NO
1,11404,95338,1154.84,failed,online,2025-05-19,NO
3071,5308,96210,488.0,failed,online,2025-05-19,NO
2112,31694,97266,1647.86,completed,online,2025-05-19,NO
1641,27584,102637,1539.72,completed,online,2025-05-19,NO
3571,41413,103027,13.87,completed,online,2025-05-19,NO
1,48064,105278,703.6,completed,online,2025-05-19,NO
643,42288,107941,1982.3,completed,online,2025-05-19,NO
3376,11847,108873,52.23,completed,online,2025-05-19,NO
4489,27232,109219,1393.73,failed,online,2025-05-19,NO
2133,8129,111187,6714.959787311768,failed,online,2025-05-19,NO
1,6247,112977,1729.67,completed,UNKNOWN,2025-05-19,NO
3544,49866,114467,951.5,failed,online,2025-05-19,NO
2690,49210,120277,958.23,failed,online,2025-05-19,NO
2887,30924,124350,1010.87,completed,online,2025-05-19,NO
1805,13187,125080,863.87,failed,online,2025-05-19,NO
2854,18895,125342,1833.62,failed,online,2025-05-19,NO
3880,15246,129908,1872.49,completed,online,2025-05-19,NO
969,10090,133446,708.5,failed,online,2025-05-19,NO
1703,25569,137700,1991.67,completed,online,2025-05-19,NO
4938,36734,141367,236.51,completed,online,2025-05-19,NO
1,10916,142391,1216.14,failed,online,2025-05-19,NO
1,31343,143001,1456.4,failed,online,2025-05-19,NO
1893,25723,144326,135.74,completed,online,2025-05-19,NO
4966,40505,145453,1133.05,completed,online,2025-05-19,NO
3245,29694,145630,499.92,completed,online,2025-05-19,NO
4749,9051,146196,1826.05,failed,online,2025-05-19,NO
78,6159,149457,244.3,completed,online,2025-05-19,NO
1,21144,2748,602.93,completed,online,2025-02-17,NO
1987,7457,2809,1358.94,failed,online,2025-02-17,NO
1,14497,4641,1543.46,failed,online,2025-02-17,NO
3978,20092,6538,1447.42,completed,online,2025-02-17,NO
1,44290,7033,987.19,completed,online,2025-02-17,NO
905,38653,7147,702.43,completed,online,2025-02-17,NO
1024,32578,9383,1220.92,failed,online,2025-02-17,NO
1801,34270,11931,953.72,completed,online,2025-02-17,NO
2958,37873,12292,213.67,failed,online,2025-02-17,NO
3987,46337,12589,446.23,completed,online,2025-02-17,NO
1,15916,17176,585.11,completed,online,2025-02-17,NO
2108,32308,17297,621.89,completed,online,2025-02-17,NO
3934,9563,17688,1103.11,completed,online,2025-02-17,NO
3170,8549,18162,966.53,failed,online,2025-02-17,NO
1,32410,19965,913.52,failed,online,2025-02-17,NO
3723,2448,23706,1159.62,completed,online,2025-02-17,NO
1227,33519,25576,124.86,failed,online,2025-02-17,NO
3653,42188,26484,894.05,completed,online,2025-02-17,NO
3925,4341,32831,1638.5,failed,online,2025-02-17,NO
1,6927,33060,1539.02,failed,online,2025-02-17,NO
1964,37928,33369,172.19,completed,online,2025-02-17,NO
1,17305,34197,1981.48,failed,online,2025-02-17,NO
3273,37188,34489,772.09,failed,online,2025-02-17,NO
554,32866,37811,1355.55,completed,online,2025-02-17,NO
43,20750,38146,84.41,failed,online,2025-02-17,NO
2139,21253,39761,756.68,failed,online,2025-02-17,NO
1,38057,41419,1274.17,completed,online,2025-02-17,NO
4828,24413,41778,1919.81,completed,online,2025-02-17,NO
1,49375,42817,775.76,completed,online,2025-02-17,NO
289,17860,44541,1280.41,failed,online,2025-02-17,NO
2497,12857,46073,948.22,failed,online,2025-02-17,NO
3476,16853,46216,517.9,failed,online,2025-02-17,NO
1,21512,47575,110.69,completed,online,2025-02-17,NO
2652,17040,49963,132.71,failed,online,2025-02-17,NO
1,34318,50613,1200.94,failed,online,2025-02-17,NO
753,26319,50712,1618.85,failed,online,2025-02-17,NO
4320,16527,52191,401.42,completed,online,2025-02-17,NO
1,38296,54614,732.81,completed,online,2025-02-17,NO
918,35731,61102,613.61,completed,online,2025-02-17,NO
2239,4483,61892,665.79,failed,online,2025-02-17,NO
1083,42844,63552,499.41,completed,online,2025-02-17,NO
2803,29683,64006,1242.59,completed,online,2025-02-17,NO
3438,48290,69377,431.29,completed,online,2025-02-17,NO
1,15375,69896,777.18,completed,online,2025-02-17,NO
230,13814,71083,640.1,completed,online,2025-02-17,NO
1170,19799,75451,203.95,completed,online,2025-02-17,NO
1,18454,75595,1904.85,completed,online,2025-02-17,NO
3977,40303,78633,1576.04,completed,online,2025-02-17,NO
2938,19239,78674,130.12,failed,online,2025-02-17,NO
1589,33285,80053,1999.96,completed,online,2025-02-17,NO
3682,6304,80801,1270.41,completed,online,2025-02-17,NO
3108,7418,81672,181.03,completed,online,2025-02-17,NO
560,43334,82657,1068.71,failed,online,2025-02-17,NO
13,23569,85491,973.63,failed,online,2025-02-17,NO
1457,43023,87906,127.82,completed,online,2025-02-17,NO
2610,37263,88956,1548.3,failed,online,2025-02-17,NO
2933,6178,89489,1672.2,completed,online,2025-02-17,NO
4303,33155,90069,1668.47,completed,online,2025-02-17,NO
3223,36105,90663,1170.23,completed,UNKNOWN,2025-02-17,NO
2342,37906,94767,1478.83,completed,online,2025-02-17,NO
3376,705,95859,434.95,completed,online,2025-02-17,NO
1055,14723,97558,399.56,completed,online,2025-02-17,NO
2244,38673,99386,165.35,failed,online,2025-02-17,NO
2663,9005,100389,684.97,failed,online,2025-02-17,NO
1604,33821,102196,641.93,completed,online,2025-02-17,NO
573,28792,103067,1960.99,completed,online,2025-02-17,NO
1386,48705,103612,913.9,completed,online,2025-02-17,NO
1449,28348,104589,553.21,failed,online,2025-02-17,NO
246,9214,106757,6524.775723385167,completed,online,2025-02-17,NO
3782,44389,111314,1610.63,completed,online,2025-02-17,NO
2004,8543,111753,709.35,completed,online,2025-02-17,NO
3416,20683,116910,201.86,completed,online,2025-02-17,NO
2606,31360,117455,317.77,failed,online,2025-02-17,NO
3754,43480,117944,412.65,failed,online,2025-02-17,NO
1,28875,119635,752.07,completed,online,2025-02-17,NO
581,42881,123314,680.69,completed,online,2025-02-17,NO
446,37395,124794,1008.46,failed,online,2025-02-17,NO
1,33009,128675,1381.95,failed,online,2025-02-17,NO
2520,10164,129423,621.8,failed,online,2025-02-17,NO
1724,28060,129899,1827.09,completed,online,2025-02-17,NO
4632,28062,131306,1371.73,failed,online,2025-02-17,NO
1879,11272,133136,1408.53,failed,online,2025-02-17,NO
3595,33511,133971,736.63,completed,online,2025-02-17,NO
4790,18174,135333,441.71,failed,online,2025-02-17,NO
1,5996,136277,699.29,completed,online,2025-02-17,NO
1125,28274,137354,1805.11,failed,online,2025-02-17,NO
1,7567,138345,217.85,failed,online,2025-02-17,NO
3527,40612,138490,144.5,completed,online,2025-02-17,NO
1,9574,141499,39.66,failed,online,2025-02-17,NO
2399,3857,142269,1481.46,completed,online,2025-02-17,NO
4799,3278,142985,1615.28,failed,online,2025-02-17,NO
3798,35278,142987,1226.81,failed,online,2025-02-17,NO
2174,22418,144054,1812.21,failed,online,2025-02-17,NO
497,10176,144498,1926.43,completed,online,2025-02-17,NO
65,6738,149854,1352.67,completed,online,2025-02-17,NO
353,33542,240,1803.49,completed,UNKNOWN,2025-06-17,NO
3653,10749,287,1070.73,failed,online,2025-06-17,NO
2525,6712,4243,137.69,failed,online,2025-06-17,NO
4684,5577,4358,1493.89,completed,online,2025-06-17,NO
327,16694,4894,122.22,completed,online,2025-06-17,NO
4205,19317,10616,709.41,completed,online,2025-06-17,NO
4330,36085,11251,1019.01,completed,online,2025-06-17,NO
1130,7713,12430,1132.61,completed,online,2025-06-17,NO
464,28288,15136,1672.18,completed,online,2025-06-17,NO
1,8716,15732,651.54,completed,online,2025-06-17,NO
2975,23342,15837,1422.9,failed,online,2025-06-17,NO
4091,30369,16903,1939.53,failed,online,2025-06-17,NO
3605,16053,19274,1570.82,completed,online,2025-06-17,NO
2858,21533,22358,1357.94,completed,online,2025-06-17,NO
3234,19677,23919,1841.67,completed,online,2025-06-17,NO
4790,15756,26259,1358.64,failed,online,2025-06-17,NO
1921,31469,33633,1408.11,completed,online,2025-06-17,NO
2694,44251,35323,622.01,failed,online,2025-06-17,NO
4401,21994,37810,9289.423695635383,failed,online,2025-06-17,NO
2846,3029,38016,149.02,completed,online,2025-06-17,NO
1676,28203,38833,1851.71,completed,online,2025-06-17,NO
1,7534,39129,1640.26,completed,online,2025-06-17,NO
2741,44476,39904,1656.71,completed,online,2025-06-17,NO
1477,26140,44563,65.93,failed,online,2025-06-17,NO
4137,1931,45006,1708.03,completed,online,2025-06-17,NO
1,15015,46858,1328.79,failed,online,2025-06-17,NO
3750,27920,46873,923.52,failed,online,2025-06-17,NO
1139,43935,47701,962.9,completed,online,2025-06-17,NO
2136,19035,47823,1599.7,completed,online,2025-06-17,NO
2729,14144,49697,1976.67,completed,online,2025-06-17,NO
82,24746,53922,1840.38,completed,online,2025-06-17,NO
2678,33565,54113,1760.89,completed,online,2025-06-17,NO
4694,197,54213,241.19,failed,online,2025-06-17,NO
3046,19726,59541,179.34,completed,online,2025-06-17,NO
4365,23213,59905,580.15,completed,online,2025-06-17,NO
2450,18981,60837,485.25,completed,online,2025-06-17,NO
852,22603,61567,1560.99,completed,online,2025-06-17,NO
4356,6661,61743,1500.83,failed,online,2025-06-17,NO
1,30547,64347,1793.23,completed,online,2025-06-17,NO
20,31979,64796,1949.36,failed,online,2025-06-17,NO
2775,31798,66548,1830.23,failed,online,2025-06-17,NO
420,32274,66914,1866.42,completed,online,2025-06-17,NO
3774,26990,67529,1265.48,failed,online,2025-06-17,NO
2842,39211,76912,1429.84,failed,online,2025-06-17,NO
4077,8474,80514,1711.96,completed,online,2025-06-17,NO
3609,3556,80922,472.95,failed,online,2025-06-17,NO
3090,43591,82066,702.72,failed,online,2025-06-17,NO
3750,41774,82226,1195.29,failed,online,2025-06-17,NO
4403,210,82274,502.51,failed,online,2025-06-17,NO
1,2509,84334,1884.1,failed,online,2025-06-17,NO
2753,31190,85298,1496.68,failed,online,2025-06-17,NO
4654,7932,85389,843.42,completed,online,2025-06-17,NO
1,5883,88121,145.74,failed,online,2025-06-17,NO
1558,26633,88637,770.86,failed,online,2025-06-17,NO
2831,41868,88755,1965.85,completed,online,2025-06-17,NO
2900,32399,89069,1026.52,failed,online,2025-06-17,NO
4680,34024,89842,609.12,failed,online,2025-06-17,NO
1,46038,90742,1004.51,failed,online,2025-06-17,NO
1,34939,93401,441.29,completed,online,2025-06-17,NO
2575,7068,94793,1329.35,failed,online,2025-06-17,NO
3605,35952,96117,672.66,completed,online,2025-06-17,NO
1,29626,98248,731.5,completed,online,2025-06-17,NO
4814,2281,103821,98.27,completed,online,2025-06-17,NO
1227,629,103981,281.12,failed,online,2025-06-17,NO
2214,7244,105421,837.79,failed,online,2025-06-17,NO
3464,43094,106144,1554.83,failed,online,2025-06-17,NO
2009,11326,107236,1661.86,completed,online,2025-06-17,NO
4049,24382,108547,840.9,completed,online,2025-06-17,NO
1,26441,113348,123.24,failed,online,2025-06-17,NO
4681,16593,115687,1526.7,failed,online,2025-06-17,NO
634,38640,118097,1115.88,completed,online,2025-06-17,NO
4605,9388,119012,1386.66,failed,online,2025-06-17,NO
4266,1359,119898,771.86,completed,online,2025-06-17,NO
4529,12497,119921,668.53,completed,online,2025-06-17,NO
3421,24376,120204,1109.41,completed,online,2025-06-17,NO
1308,35683,122797,1457.23,completed,online,2025-06-17,NO
1,11339,123810,100.28,completed,online,2025-06-17,NO
1729,30997,126336,48.55,failed,online,2025-06-17,NO
622,17786,126835,291.16,failed,online,2025-06-17,NO
1097,31731,128196,417.18,completed,online,2025-06-17,NO
1552,19753,128477,853.79,completed,online,2025-06-17,NO
3587,31084,128488,506.42,failed,online,2025-06-17,NO
1941,47282,132917,1301.88,completed,online,2025-06-17,NO
2442,23845,132959,1939.3,completed,online,2025-06-17,NO
1703,14129,134284,1219.83,failed,online,2025-06-17,NO
1029,36114,134460,1995.04,completed,online,2025-06-17,NO
2271,49034,135690,1007.85,completed,online,2025-06-17,NO
4057,25384,137326,1243.76,completed,online,2025-06-17,NO
4522,34449,139534,1635.56,failed,online,2025-06-17,NO
1960,48104,141895,641.81,completed,online,2025-06-17,NO
4962,45816,143358,1409.05,completed,online,2025-06-17,NO
1814,36683,146073,1815.81,completed,online,2025-06-17,NO
4270,41129,147235,670.04,failed,online,2025-06-17,NO
4781,5627,149303,1939.86,failed,online,2025-06-17,NO
1839,41279,1756,807.55,failed,online,2025-10-17,NO
696,31726,2910,1317.96,failed,online,2025-10-17,NO
1575,44143,4304,100.12,completed,online,2025-10-17,NO
3891,23825,5950,1243.84,failed,UNKNOWN,2025-10-17,NO
2443,47278,6961,111.66,failed,online,2025-10-17,NO
2768,36750,7228,1313.61,failed,online,2025-10-17,NO
1,21342,10019,669.91,completed,UNKNOWN,2025-10-17,NO
556,7049,10249,1609.31,failed,online,2025-10-17,NO
4263,41181,11652,1554.81,completed,online,2025-10-17,NO
570,18153,12815,752.02,failed,online,2025-10-17,NO
4819,37292,13123,781.84,failed,online,2025-10-17,NO
1564,1448,13397,95.05,completed,online,2025-10-17,NO
1,565,14716,82.84,failed,online,2025-10-17,NO
2714,29822,15530,1579.46,completed,online,2025-10-17,NO
436,38860,16236,956.58,completed,online,2025-10-17,NO
321,25939,19548,426.08,completed,online,2025-10-17,NO
2485,37333,23118,1583.88,failed,online,2025-10-17,NO
1,18777,23732,1542.01,failed,online,2025-10-17,NO
2035,13679,28069,259.09,completed,online,2025-10-17,NO
4114,2970,30668,831.71,failed,UNKNOWN,2025-10-17,NO
2002,28440,33471,1574.14,failed,online,2025-10-17,NO
1,36654,34921,948.08,completed,online,2025-10-17,NO
4663,37984,35804,1375.11,completed,online,2025-10-17,NO
1744,19447,35887,1127.6,completed,online,2025-10-17,NO
1,38177,36416,55.22,completed,online,2025-10-17,NO
2684,37829,38499,5717.269699598548,completed,online,2025-10-17,NO
1,36209,38944,445.79,failed,online,2025-10-17,NO
1666,34146,43115,1253.61,failed,online,2025-10-17,NO
563,1217,43421,1070.52,completed,online,2025-10-17,NO
1,47355,43858,1630.15,completed,online,2025-10-17,NO
4434,24998,44716,69.25,completed,online,2025-10-17,NO
1,14210,45013,1520.02,completed,online,2025-10-17,NO
1,25634,46264,1761.28,failed,online,2025-10-17,NO
401,7999,46669,877.71,failed,online,2025-10-17,NO
2552,322,46671,708.66,failed,online,2025-10-17,NO
4892,43220,53519,670.75,failed,online,2025-10-17,NO
2825,45880,58028,236.7,failed,online,2025-10-17,NO
2455,40692,58926,1606.91,completed,online,2025-10-17,NO
1,3039,61738,989.06,failed,online,2025-10-17,NO
666,22181,63293,1122.83,failed,online,2025-10-17,NO
4790,4578,64476,1922.13,failed,online,2025-10-17,NO
1942,34938,64933,1174.55,failed,online,2025-10-17,NO
3321,5021,67801,1750.1,completed,online,2025-10-17,NO
627,2640,68842,270.19,failed,online,2025-10-17,NO
2328,16048,69101,748.9,completed,online,2025-10-17,NO
2974,27283,71456,112.87,completed,online,2025-10-17,NO
4043,8686,73291,1663.41,completed,online,2025-10-17,NO
3936,28089,74129,1374.21,completed,online,2025-10-17,NO
2969,39819,74514,1641.33,failed,online,2025-10-17,NO
357,46515,75101,207.03,completed,online,2025-10-17,NO
4249,30435,75338,144.83,completed,online,2025-10-17,NO
1527,38267,75371,1890.67,failed,online,2025-10-17,NO
1568,18962,75566,835.14,failed,online,2025-10-17,NO
2370,28258,77520,415.12,failed,online,2025-10-17,NO
1,44001,77635,101.08,completed,online,2025-10-17,NO
3202,47199,77764,242.46,completed,online,2025-10-17,NO
3519,11167,78098,830.25,failed,online,2025-10-17,NO
4096,27381,78770,1073.06,failed,online,2025-10-17,NO
4361,32609,78934,474.48,completed,online,2025-10-17,NO
738,48215,79924,84.34,completed,online,2025-10-17,NO
4732,40538,80359,424.96,completed,online,2025-10-17,NO
2344,34953,85149,567.59,failed,online,2025-10-17,NO
1221,45338,90389,1709.47,failed,online,2025-10-17,NO
3816,42882,95685,1305.46,failed,online,2025-10-17,NO
3671,10692,98837,160.05,failed,online,2025-10-17,NO
1,12758,100538,1527.69,failed,online,2025-10-17,NO
3730,34597,100604,1348.26,completed,online,2025-10-17,NO
3218,750,102305,128.14,completed,online,2025-10-17,NO
3239,3544,102724,599.52,completed,online,2025-10-17,NO
84,2728,103265,1872.36,completed,online,2025-10-17,NO
1,33369,103594,821.39,failed,online,2025-10-17,NO
756,41918,106277,602.25,completed,online,2025-10-17,NO
2719,48888,107039,1475.12,completed,online,2025-10-17,NO
81,16781,107601,247.04,failed,online,2025-10-17,NO
3333,40481,108575,27.93,failed,online,2025-10-17,NO
4521,26321,112296,1408.27,failed,online,2025-10-17,NO
1,22686,115727,1495.23,failed,online,2025-10-17,NO
2356,41009,115907,678.7,completed,online,2025-10-17,NO
481,42233,118722,482.64,failed,online,2025-10-17,NO
1,28044,124359,594.31,failed,online,2025-10-17,NO
2361,43716,124779,881.53,failed,online,2025-10-17,NO
1246,25214,125134,41.61,failed,online,2025-10-17,NO
4112,8952,128930,457.65,completed,online,2025-10-17,NO
3783,39383,130753,1012.94,failed,online,2025-10-17,NO
3804,2188,132571,1238.42,completed,online,2025-10-17,NO
1,11854,135507,102.11,failed,online,2025-10-17,NO
477,2098,136007,1128.92,failed,online,2025-10-17,NO
2304,28828,136732,24.73,failed,online,2025-10-17,NO
945,27290,137025,44.08,failed,online,2025-10-17,NO
1802,8127,138480,1308.29,failed,online,2025-10-17,NO
4951,574,139435,85.52,failed,online,2025-10-17,NO
4713,9301,139738,1032.91,failed,online,2025-10-17,NO
4617,10611,142021,719.39,failed,online,2025-10-17,NO
1,3723,143649,1837.92,failed,online,2025-10-17,NO
289,11325,147661,259.1,completed,online,2025-10-17,NO
4770,16186,149026,1598.03,completed,UNKNOWN,2025-10-17,NO
2949,43140,659,77.53,completed,online,2025-02-21,NO
1,24201,7393,83.16,completed,online,2025-02-21,NO
1,21291,8520,1049.95,failed,online,2025-02-21,NO
963,11922,10797,766.77,failed,UNKNOWN,2025-02-21,NO
821,47238,12822,287.67,completed,online,2025-02-21,NO
301,36583,17279,1558.46,failed,online,2025-02-21,NO
3944,20499,17909,1465.1,failed,online,2025-02-21,NO
1350,10338,18314,287.29,failed,UNKNOWN,2025-02-21,NO
489,31868,19805,362.97,failed,online,2025-02-21,NO
230,21877,22460,1027.19,failed,online,2025-02-21,NO
1,28947,23186,1977.89,failed,online,2025-02-21,NO
4299,47635,23254,801.96,completed,online,2025-02-21,NO
1,20282,23597,1725.6,failed,online,2025-02-21,NO
1,34629,24522,465.39,completed,online,2025-02-21,NO
3400,15237,30164,394.01,failed,online,2025-02-21,NO
1,1392,30191,1656.17,completed,online,2025-02-21,NO
428,39767,30275,860.12,failed,online,2025-02-21,NO
4935,37187,32297,1895.21,completed,online,2025-02-21,NO
3868,41574,34615,996.58,failed,online,2025-02-21,NO
4338,13648,36178,73.11,failed,online,2025-02-21,NO
4372,14438,37936,1434.49,failed,online,2025-02-21,NO
1496,49792,38784,313.24,completed,online,2025-02-21,NO
3756,18250,40447,1660.09,completed,online,2025-02-21,NO
2545,35107,41079,1648.56,completed,online,2025-02-21,NO
3250,30965,42071,480.23,failed,online,2025-02-21,NO
2339,28627,43031,1566.99,completed,online,2025-02-21,NO
603,8173,44326,240.83,completed,online,2025-02-21,NO
2215,16974,45808,1607.79,failed,online,2025-02-21,NO
3210,28691,46359,1162.67,failed,online,2025-02-21,NO
2318,34665,46457,1088.7,failed,online,2025-02-21,NO
3634,30396,48358,1126.57,completed,online,2025-02-21,NO
1,9098,48708,72.18,failed,online,2025-02-21,NO
2610,1073,50181,1670.66,failed,online,2025-02-21,NO
3510,25294,51675,150.11,completed,online,2025-02-21,NO
3028,45299,51928,1651.42,failed,online,2025-02-21,NO
2508,20871,52747,1403.74,completed,online,2025-02-21,NO
3447,5204,53502,309.73,completed,online,2025-02-21,NO
870,46135,56554,212.68,completed,online,2025-02-21,NO
348,11317,56969,1286.43,failed,online,2025-02-21,NO
1,37935,58020,515.08,completed,online,2025-02-21,NO
1438,45691,60896,542.2,completed,online,2025-02-21,NO
2953,9519,62687,1623.3,failed,online,2025-02-21,NO
1575,14189,62827,744.18,failed,online,2025-02-21,NO
1319,40894,63562,246.17,completed,online,2025-02-21,NO
3031,28544,64461,719.7,failed,online,2025-02-21,NO
57,44531,65549,1960.72,completed,online,2025-02-21,NO
1253,19686,66055,292.2,failed,online,2025-02-21,NO
2701,18463,66759,1268.71,completed,online,2025-02-21,NO
2901,36553,66919,430.85,completed,online,2025-02-21,NO
514,6039,68092,224.3,completed,UNKNOWN,2025-02-21,NO
3859,36946,68330,413.96,completed,online,2025-02-21,NO
3661,693,71492,419.61,failed,online,2025-02-21,NO
1,18439,74749,1239.74,completed,online,2025-02-21,NO
2758,20421,75930,689.89,completed,online,2025-02-21,NO
1052,13308,79112,1521.2,completed,online,2025-02-21,NO
31,5715,80903,19.74,completed,online,2025-02-21,NO
3978,48037,81203,1326.35,failed,online,2025-02-21,NO
938,26198,82337,1901.26,failed,online,2025-02-21,NO
2077,36811,86776,524.87,failed,online,2025-02-21,NO
3506,11846,87733,1815.32,failed,online,2025-02-21,NO
1,30954,88091,1523.78,failed,online,2025-02-21,NO
1,1512,89095,738.3,failed,online,2025-02-21,NO
2366,15739,89714,730.34,completed,online,2025-02-21,NO
2497,13005,93121,767.05,failed,online,2025-02-21,NO
4964,14964,93369,204.08,failed,online,2025-02-21,NO
3473,1998,95558,729.5,failed,online,2025-02-21,NO
1320,5628,95639,504.06,failed,online,2025-02-21,NO
3192,15615,95817,987.92,completed,online,2025-02-21,NO
1,2221,99622,1404.32,failed,online,2025-02-21,NO
3148,32664,100534,1371.79,completed,online,2025-02-21,NO
1,34084,101319,366.32,failed,online,2025-02-21,NO
2584,4037,103049,1071.31,completed,online,2025-02-21,NO
1,15541,118772,235.56,failed,online,2025-02-21,NO
4057,38850,119384,1839.09,failed,online,2025-02-21,NO
1,20981,120098,981.36,failed,online,2025-02-21,NO
677,15651,120821,212.42,failed,online,2025-02-21,NO
4471,36785,123700,1227.63,completed,online,2025-02-21,NO
4726,22717,124480,354.58,completed,online,2025-02-21,NO
473,17739,126868,368.84,completed,online,2025-02-21,NO
1360,2460,128050,1389.67,failed,online,2025-02-21,NO
4083,8968,128203,730.73,failed,online,2025-02-21,NO
1,28993,128250,89.09,failed,online,2025-02-21,NO
1,43009,128593,1099.64,completed,online,2025-02-21,NO
4783,30129,128622,1008.53,completed,online,2025-02-21,NO
1373,48725,128817,1081.86,failed,online,2025-02-21,NO
121,26245,129647,6984.924914915677,completed,online,2025-02-21,NO
4484,16853,130381,1051.07,failed,online,2025-02-21,NO
4865,4064,131698,1230.38,failed,online,2025-02-21,NO
1002,17297,133186,1327.48,completed,online,2025-02-21,NO
4737,21050,133634,1564.06,failed,online,2025-02-21,NO
3811,47222,138068,886.03,failed,online,2025-02-21,NO
722,30580,140999,912.91,failed,online,2025-02-21,NO
1996,25204,141592,486.28,failed,online,2025-02-21,NO
814,8324,144038,893.07,completed,online,2025-02-21,NO
216,36313,148321,35.53,failed,online,2025-02-21,NO
1,25472,149895,98.66,failed,online,2025-02-21,NO
735,35130,135,1261.0,failed,online,2025-02-21,NO
160,11694,1860,1141.15,completed,online,2025-02-21,NO
1,8326,3520,1750.39,failed,online,2025-02-21,NO
1528,27931,3831,314.16,completed,online,2025-02-21,NO
4955,46138,3951,1803.96,failed,online,2025-02-21,NO
3528,19451,5145,1414.59,completed,online,2025-02-21,NO
4253,3777,5873,1559.67,failed,online,2025-02-21,NO
1,18127,9392,391.91,completed,online,2025-02-21,NO
956,49188,9609,1448.03,completed,online,2025-02-21,NO
721,26987,10999,493.51,failed,online,2025-02-21,NO
3181,26637,13501,127.99,failed,online,2025-02-21,NO
1,13625,13725,1815.45,failed,online,2025-02-21,NO
1986,33800,13820,8339.896267389873,failed,online,2025-02-21,NO
4084,39233,19581,1533.46,completed,online,2025-02-21,NO
3902,36751,23953,1819.24,completed,online,2025-02-21,NO
2625,13893,24864,1600.98,failed,online,2025-02-21,NO
4151,18838,25054,1914.23,completed,online,2025-02-21,NO
1,23426,25469,1840.17,failed,online,2025-02-21,NO
1685,36340,27676,571.47,completed,online,2025-02-21,NO
397,22468,28553,543.69,failed,online,2025-02-21,NO
1,26262,30326,967.93,completed,online,2025-02-21,NO
171,20839,31233,40.0,completed,online,2025-02-21,NO
40,3762,32119,1408.76,failed,online,2025-02-21,NO
2315,20622,33939,990.64,completed,online,2025-02-21,NO
1479,29784,34026,1204.88,failed,online,2025-02-21,NO
3895,48561,34558,535.55,completed,online,2025-02-21,NO
1,24632,35913,1279.84,failed,online,2025-02-21,NO
4909,10396,36835,598.94,failed,online,2025-02-21,NO
2248,40612,38074,1129.49,completed,online,2025-02-21,NO
3907,1834,40397,394.84,completed,online,2025-02-21,NO
2761,48392,42240,931.74,completed,online,2025-02-21,NO
1,4895,42529,510.93,completed,online,2025-02-21,NO
1730,42709,44072,160.25,failed,online,2025-02-21,NO
717,35364,44922,1967.65,failed,online,2025-02-21,NO
1,22566,47568,806.54,completed,online,2025-02-21,NO
2790,26721,48267,461.5,completed,online,2025-02-21,NO
3153,46637,48589,1456.98,completed,online,2025-02-21,NO
2402,47788,48722,596.5,failed,online,2025-02-21,NO
1,23283,48876,132.39,completed,online,2025-02-21,NO
1954,47193,51699,803.68,failed,online,2025-02-21,NO
1326,36517,57184,1760.3,failed,online,2025-02-21,NO
1501,29638,57346,768.44,completed,online,2025-02-21,NO
1105,23382,58227,1802.46,completed,online,2025-02-21,NO
1,31972,65236,1457.23,failed,online,2025-02-21,NO
4064,3656,66497,256.32,completed,online,2025-02-21,NO
344,47186,67181,1701.18,completed,online,2025-02-21,NO
4302,47728,67796,622.99,failed,online,2025-02-21,NO
4932,8935,72668,1151.07,failed,online,2025-02-21,NO
1,25153,76781,1512.1,completed,online,2025-02-21,NO
292,44635,76968,1459.73,failed,online,2025-02-21,NO
4526,49739,76987,805.25,completed,online,2025-02-21,NO
4047,13241,77757,238.52,completed,online,2025-02-21,NO
3937,32726,80180,652.22,completed,online,2025-02-21,NO
3260,15899,83953,246.64,failed,online,2025-02-21,NO
2860,35864,84958,848.77,completed,online,2025-02-21,NO
472,49600,86822,1979.37,failed,online,2025-02-21,NO
1,36349,88762,650.86,failed,online,2025-02-21,NO
1,29723,92360,1689.04,failed,online,2025-02-21,NO
1,11294,95016,1694.71,completed,online,2025-02-21,NO
158,39114,97279,1614.29,failed,online,2025-02-21,NO
1285,7230,100092,483.09,completed,online,2025-02-21,NO
827,27839,100748,306.1,failed,online,2025-02-21,NO
311,45130,103580,221.3,failed,online,2025-02-21,NO
1843,29678,105452,548.78,completed,online,2025-02-21,NO
1046,41266,105938,1968.29,failed,online,2025-02-21,NO
2513,25735,109415,135.91,failed,online,2025-02-21,NO
1728,35772,111610,120.37,failed,online,2025-02-21,NO
4983,21165,111658,868.67,failed,online,2025-02-21,NO
1,40978,111663,957.39,completed,online,2025-02-21,NO
2110,38287,113463,528.23,failed,online,2025-02-21,NO
3827,43502,114783,1892.13,failed,online,2025-02-21,NO
272,44421,114976,850.04,completed,online,2025-02-21,NO
1,21728,115681,126.33,completed,online,2025-02-21,NO
88,31234,116085,1114.02,failed,online,2025-02-21,NO
3339,22144,116134,1356.25,completed,online,2025-02-21,NO
3000,20184,119202,1221.26,completed,online,2025-02-21,NO
3504,24758,120282,452.93,completed,online,2025-02-21,NO
1,27359,120516,1364.41,completed,online,2025-02-21,NO
1855,34131,122046,37.53,completed,online,2025-02-21,NO
2872,44496,123398,979.17,failed,online,2025-02-21,NO
3142,2084,123566,1568.54,failed,online,2025-02-21,NO
1205,1803,125714,500.9,failed,online,2025-02-21,NO
4932,11841,127159,1139.03,completed,online,2025-02-21,NO
4519,15581,131249,150.55,failed,online,2025-02-21,NO
2277,3796,132284,337.97,failed,online,2025-02-21,NO
3129,32118,134310,1706.93,completed,online,2025-02-21,NO
1094,18165,140020,5917.039068037893,failed,online,2025-02-21,NO
3138,12884,141848,436.69,completed,online,2025-02-21,NO
1,8332,142598,1732.91,failed,online,2025-02-21,NO
1,43446,144914,1633.09,completed,online,2025-02-21,NO
832,7675,145719,1244.04,completed,online,2025-02-21,NO
1632,41152,146475,1665.54,failed,online,2025-02-21,NO
3919,326,147164,1411.78,failed,online,2025-02-21,NO
335,21618,148369,1507.16,failed,online,2025-02-21,NO
2349,4994,149184,612.5,completed,online,2025-02-21,NO
3253,24755,154,1108.86,failed,online,2025-01-22,NO
3067,38792,3816,1600.51,completed,online,2025-01-22,NO
1,12383,6081,672.01,completed,online,2025-01-22,NO
1,5620,7309,1309.71,failed,online,2025-01-22,NO
1,42068,7335,9305.84035811653,completed,online,2025-01-22,NO
351,30718,8620,1072.46,completed,online,2025-01-22,NO
2723,32132,9650,798.52,completed,online,2025-01-22,NO
1825,29142,10104,539.77,completed,online,2025-01-22,NO
4911,6081,10430,1237.95,completed,online,2025-01-22,NO
3685,35399,14579,1241.73,completed,online,2025-01-22,NO
1,32646,14823,483.58,failed,online,2025-01-22,NO
4218,2981,15834,465.45,completed,online,2025-01-22,NO
1,22493,16406,1396.25,failed,online,2025-01-22,NO
1657,37315,18219,1325.48,failed,online,2025-01-22,NO
1,31630,18412,1946.45,failed,online,2025-01-22,NO
1361,49244,18522,1520.66,completed,online,2025-01-22,NO
3274,9081,19159,685.9,failed,online,2025-01-22,NO
2117,36550,19343,210.22,completed,online,2025-01-22,NO
1426,10422,22645,135.73,failed,UNKNOWN,2025-01-22,NO
1052,11506,22741,1471.2,completed,online,2025-01-22,NO
1756,1730,24060,1464.09,failed,online,2025-01-22,NO
2589,43094,26579,1233.53,completed,online,2025-01-22,NO
2960,22674,26848,242.83,failed,online,2025-01-22,NO
1183,31475,27759,817.26,failed,online,2025-01-22,NO
1,49306,28438,1796.41,failed,online,2025-01-22,NO
510,10779,30627,739.96,completed,online,2025-01-22,NO
3618,7060,32121,386.83,failed,online,2025-01-22,NO
3882,2692,34050,1826.73,failed,online,2025-01-22,NO
3442,12197,34753,858.89,failed,online,2025-01-22,NO
2098,48566,36093,201.51,completed,online,2025-01-22,NO
132,15966,37124,859.76,failed,UNKNOWN,2025-01-22,NO
1,19068,39949,1130.2,failed,online,2025-01-22,NO
4463,14038,40451,1456.3,failed,online,2025-01-22,NO
1130,28429,44783,37.31,completed,online,2025-01-22,NO
775,19061,46068,1231.87,failed,online,2025-01-22,NO
3366,13673,46120,1629.37,failed,online,2025-01-22,NO
1952,39903,46208,1234.33,completed,online,2025-01-22,NO
443,49940,46392,691.51,completed,online,2025-01-22,NO
2356,48393,49537,441.29,completed,online,2025-01-22,NO
4936,11080,51281,1999.59,failed,online,2025-01-22,NO
2699,4688,51299,1453.23,completed,online,2025-01-22,NO
90,9670,52026,1504.72,completed,online,2025-01-22,NO
1,23414,59186,131.09,failed,online,2025-01-22,NO
86,48845,60445,1457.21,failed,online,2025-01-22,NO
244,27003,64897,1464.73,failed,online,2025-01-22,NO
1,37031,65629,1796.94,failed,online,2025-01-22,NO
2099,43540,65656,1378.09,failed,online,2025-01-22,NO
1008,6464,67056,953.56,completed,online,2025-01-22,NO
624,19832,67186,581.8,failed,online,2025-01-22,NO
3558,5162,67472,6071.955648696125,failed,online,2025-01-22,NO
4561,37290,68389,1526.97,failed,online,2025-01-22,NO
3778,31479,72482,307.79,completed,online,2025-01-22,NO
276,13781,77194,881.65,completed,online,2025-01-22,NO
1,29578,79106,51.35,failed,online,2025-01-22,NO
1,34671,79144,896.31,completed,online,2025-01-22,NO
1,47496,81852,919.37,completed,online,2025-01-22,NO
1630,3129,84327,667.82,completed,online,2025-01-22,NO
761,34466,84838,1561.83,completed,online,2025-01-22,NO
1,45350,87046,1360.16,failed,online,2025-01-22,NO
3201,14222,91477,831.84,completed,online,2025-01-22,NO
2242,2088,97172,1643.78,failed,online,2025-01-22,NO
2342,49775,98450,156.56,completed,online,2025-01-22,NO
3445,30822,98454,954.43,completed,online,2025-01-22,NO
1,11731,98825,493.61,failed,online,2025-01-22,NO
1,30788,99185,453.64,completed,online,2025-01-22,NO
145,18809,100077,229.31,failed,online,2025-01-22,NO
1,44604,103120,582.91,failed,online,2025-01-22,NO
4836,7664,103521,968.21,completed,online,2025-01-22,NO
1303,25155,105905,1707.99,completed,online,2025-01-22,NO
1,4432,108069,490.24,failed,online,2025-01-22,NO
2873,29115,110504,1526.45,completed,online,2025-01-22,NO
880,18297,112475,9264.682126460033,failed,online,2025-01-22,NO
4199,11276,112761,1933.88,failed,online,2025-01-22,NO
2376,4268,115405,744.1,completed,online,2025-01-22,NO
3826,29923,116984,875.5,completed,online,2025-01-22,NO
2905,6602,118576,1927.0,failed,online,2025-01-22,NO
1,19171,118964,373.25,failed,online,2025-01-22,NO
3533,47422,122132,54.48,completed,online,2025-01-22,NO
2777,32952,124960,491.39,failed,online,2025-01-22,NO
4003,42722,126569,1030.64,completed,online,2025-01-22,NO
382,37330,127169,371.47,failed,online,2025-01-22,NO
2870,33419,128292,1950.44,completed,online,2025-01-22,NO
1,22558,132226,327.9,failed,online,2025-01-22,NO
1,12185,134102,196.02,failed,online,2025-01-22,NO
1,49375,136535,1201.14,completed,online,2025-01-22,NO
2244,16126,140087,1789.56,failed,online,2025-01-22,NO
1,16422,142924,1057.28,completed,online,2025-01-22,NO
1272,28157,143710,1790.52,completed,online,2025-01-22,NO
4652,28137,147428,1818.5,failed,online,2025-01-22,NO
3853,48931,147542,1234.31,completed,online,2025-01-22,NO
277,48688,147648,1544.92,failed,online,2025-01-22,NO
2486,5125,148176,486.27,completed,online,2025-01-22,NO
2079,20296,148232,1983.77,completed,online,2025-01-22,NO
4840,47089,149081,893.59,failed,online,2025-01-22,NO
1334,21203,149319,1204.7,completed,online,2025-01-22,NO
4425,28328,1378,1538.34,failed,online,2025-09-21,NO
1576,19219,1634,1689.24,failed,online,2025-09-21,NO
1,4480,8172,729.9,completed,online,2025-09-21,NO
145,36002,8895,1254.35,completed,online,2025-09-21,NO
1894,103,11863,502.17,failed,online,2025-09-21,NO
774,27706,11927,648.43,failed,online,2025-09-21,NO
1,6811,12170,1194.49,failed,online,2025-09-21,NO
4905,7879,12355,1520.77,completed,online,2025-09-21,NO
1083,32883,12368,1683.58,failed,online,2025-09-21,NO
1,3361,15504,38.68,failed,online,2025-09-21,NO
3984,9107,22086,1664.53,completed,online,2025-09-21,NO
4050,38173,22461,1348.96,failed,online,2025-09-21,NO
1234,33697,24460,1851.42,completed,online,2025-09-21,NO
1,25796,26425,365.65,failed,online,2025-09-21,NO
503,8917,27039,1965.5,failed,online,2025-09-21,NO
3574,9159,28898,1426.89,completed,online,2025-09-21,NO
879,21580,29117,152.18,completed,online,2025-09-21,NO
1652,26730,29555,592.5,failed,online,2025-09-21,NO
1,46408,31716,1409.15,failed,online,2025-09-21,NO
4793,3994,33761,1115.76,failed,online,2025-09-21,NO
1,48385,35721,1804.08,completed,online,2025-09-21,NO
1846,30937,36940,131.05,completed,online,2025-09-21,NO
1142,39668,37356,284.98,failed,online,2025-09-21,NO
1673,49691,39436,1304.35,completed,online,2025-09-21,NO
165,24386,40338,109.89,failed,online,2025-09-21,NO
1118,35028,41716,1264.42,failed,online,2025-09-21,NO
1852,25726,42177,225.06,completed,online,2025-09-21,NO
1,32739,43211,979.42,failed,online,2025-09-21,NO
1938,10869,44430,471.28,failed,online,2025-09-21,NO
3296,16726,46179,441.05,completed,online,2025-09-21,NO
2703,16994,50349,464.76,completed,online,2025-09-21,NO
1,47344,51428,1930.31,failed,online,2025-09-21,NO
451,14796,52321,7006.132090906422,completed,online,2025-09-21,NO
2196,2897,59472,1095.39,failed,online,2025-09-21,NO
1,659,61537,568.86,failed,online,2025-09-21,NO
3731,27727,63155,1808.82,completed,online,2025-09-21,NO
1,38130,63842,299.88,completed,online,2025-09-21,NO
1,23007,70029,1014.24,failed,online,2025-09-21,NO
3028,33619,71045,981.86,failed,online,2025-09-21,NO
1,14448,71612,1344.66,completed,online,2025-09-21,NO
1,5553,72010,231.42,completed,online,2025-09-21,NO
1,17555,72707,638.26,failed,online,2025-09-21,NO
1335,48284,73491,714.92,completed,online,2025-09-21,NO
445,27885,75629,1097.76,failed,online,2025-09-21,NO
447,49859,77265,1861.34,failed,online,2025-09-21,NO
1,40354,77598,592.35,completed,online,2025-09-21,NO
3215,857,77647,1925.65,failed,online,2025-09-21,NO
1,30915,79574,225.45,completed,online,2025-09-21,NO
3980,735,81791,1478.32,completed,online,2025-09-21,NO
1,21169,84563,1880.32,completed,online,2025-09-21,NO
3763,6303,86845,1480.19,failed,online,2025-09-21,NO
2732,12045,87385,1999.93,completed,online,2025-09-21,NO
3118,17543,91452,12.76,completed,online,2025-09-21,NO
4599,27073,94505,1765.24,failed,online,2025-09-21,NO
1476,39249,96136,1087.41,failed,online,2025-09-21,NO
4238,46029,96212,1758.96,failed,online,2025-09-21,NO
4718,23532,98643,120.46,failed,online,2025-09-21,NO
1525,13771,101820,1334.25,completed,online,2025-09-21,NO
2331,12651,102978,1089.96,completed,online,2025-09-21,NO
2349,45955,103233,624.96,completed,online,2025-09-21,NO
4982,18650,107627,263.88,completed,online,2025-09-21,NO
2777,4002,108113,1360.18,failed,online,2025-09-21,NO
444,46384,110820,1185.93,completed,online,2025-09-21,NO
2454,2597,111197,33.18,completed,online,2025-09-21,NO
3257,33979,113194,1829.33,failed,online,2025-09-21,NO
396,9799,116250,1574.11,completed,online,2025-09-21,NO
1601,5233,117380,440.28,completed,online,2025-09-21,NO
4787,37539,117846,1664.86,completed,online,2025-09-21,NO
1584,35626,118156,427.75,completed,online,2025-09-21,NO
3033,28288,118984,1186.54,completed,online,2025-09-21,NO
1505,30518,119049,1214.09,failed,online,2025-09-21,NO
3639,27553,119422,79.37,completed,online,2025-09-21,NO
359,41602,120109,780.06,completed,online,2025-09-21,NO
4429,24945,122550,1578.29,completed,online,2025-09-21,NO
173,3735,122859,456.41,completed,online,2025-09-21,NO
1671,40331,124447,237.85,failed,online,2025-09-21,NO
2252,8688,124523,789.82,completed,online,2025-09-21,NO
621,29055,125007,1690.82,failed,online,2025-09-21,NO
1,47457,126564,1919.73,completed,online,2025-09-21,NO
2111,7567,131157,792.28,failed,online,2025-09-21,NO
4000,44630,132862,1310.46,failed,online,2025-09-21,NO
4217,5276,133391,1393.59,failed,online,2025-09-21,NO
3245,22972,134378,930.51,failed,online,2025-09-21,NO
891,15354,134623,728.0,failed,online,2025-09-21,NO
4861,3807,134829,1569.37,completed,online,2025-09-21,NO
821,30621,136774,817.97,failed,online,2025-09-21,NO
2185,31464,136796,338.85,failed,online,2025-09-21,NO
2446,41400,138150,979.21,completed,online,2025-09-21,NO
3477,21033,141069,514.23,completed,online,2025-09-21,NO
1,37519,144636,1562.92,failed,online,2025-09-21,NO
267,447,145361,139.29,completed,online,2025-09-21,NO
3099,13879,146295,334.58,completed,online,2025-09-21,NO
3257,9139,146933,271.44,failed,online,2025-09-21,NO
2322,24378,147738,1033.06,completed,online,2025-09-21,NO
1,34267,149869,1629.7,completed,online,2025-09-21,NO
4130,1922,1864,1672.87,failed,online,2025-03-14,NO
2866,6322,3077,885.56,completed,online,2025-03-14,NO
1148,40719,3639,1125.9,failed,online,2025-03-14,NO
3433,20986,8505,1098.36,failed,online,2025-03-14,NO
1652,42376,11473,508.42,completed,online,2025-03-14,NO
4605,6108,15352,665.58,failed,online,2025-03-14,NO
1425,8609,21154,887.62,completed,online,2025-03-14,NO
1,17943,21356,1569.57,completed,online,2025-03-14,NO
1,13174,23232,196.01,completed,online,2025-03-14,NO
865,11539,23749,31.27,failed,online,2025-03-14,NO
2035,7816,25031,5180.56120633432,completed,online,2025-03-14,NO
3977,2467,25597,1048.25,completed,online,2025-03-14,NO
4101,25117,26753,1019.68,failed,online,2025-03-14,NO
1,40736,27018,795.08,failed,online,2025-03-14,NO
2780,21447,28323,207.44,completed,online,2025-03-14,NO
2161,4119,33620,1897.19,failed,online,2025-03-14,NO
4956,35641,36914,1152.44,completed,online,2025-03-14,NO
1,39752,43569,323.63,completed,online,2025-03-14,NO
1054,1774,44606,808.72,failed,online,2025-03-14,NO
1,15560,45305,939.57,failed,online,2025-03-14,NO
2886,49801,46151,1836.44,failed,online,2025-03-14,NO
1,30230,47166,1765.33,completed,online,2025-03-14,NO
3573,22220,47193,757.19,failed,online,2025-03-14,NO
4677,35279,48762,941.91,completed,online,2025-03-14,NO
1255,43761,50064,737.02,completed,online,2025-03-14,NO
3136,36028,54201,1710.44,completed,online,2025-03-14,NO
375,44101,54937,1949.88,failed,online,2025-03-14,NO
1282,2163,56242,1293.43,completed,online,2025-03-14,NO
3127,2218,56708,776.68,failed,online,2025-03-14,NO
1,26747,58163,1815.06,completed,online,2025-03-14,NO
368,5571,64432,1913.85,completed,online,2025-03-14,NO
2566,15503,66016,1747.72,failed,online,2025-03-14,NO
3213,11439,66030,1877.88,failed,online,2025-03-14,NO
1,14911,67418,550.26,failed,online,2025-03-14,NO
3855,29459,68021,1265.14,failed,online,2025-03-14,NO
3750,22929,69121,1633.78,completed,online,2025-03-14,NO
2008,24293,71517,649.9,failed,online,2025-03-14,NO
5,37837,72982,865.93,completed,online,2025-03-14,NO
1,25756,73426,235.42,completed,online,2025-03-14,NO
2524,32549,74257,1915.53,completed,online,2025-03-14,NO
2414,14521,80095,1824.5,completed,online,2025-03-14,NO
4479,1764,80839,292.64,failed,online,2025-03-14,NO
4818,24121,81126,1944.11,failed,online,2025-03-14,NO
3741,23137,82165,806.69,completed,online,2025-03-14,NO
3849,20215,83322,1717.43,failed,online,2025-03-14,NO
1,49287,83829,1903.23,completed,online,2025-03-14,NO
1,9351,84905,717.71,completed,online,2025-03-14,NO
1343,29207,86404,653.92,completed,online,2025-03-14,NO
2390,15882,86455,1374.14,failed,online,2025-03-14,NO
1,16471,86807,187.53,failed,online,2025-03-14,NO
2891,28700,87923,1679.95,completed,online,2025-03-14,NO
4105,22616,90417,440.09,failed,online,2025-03-14,NO
3405,48579,91180,1876.04,failed,online,2025-03-14,NO
2629,11800,91621,467.26,completed,online,2025-03-14,NO
1204,33289,94805,409.48,completed,online,2025-03-14,NO
1939,743,95865,37.82,failed,online,2025-03-14,NO
1907,27446,96876,28.57,failed,online,2025-03-14,NO
297,36064,96878,787.17,completed,online,2025-03-14,NO
1,19199,97911,1561.79,failed,online,2025-03-14,NO
3912,43042,99451,543.11,failed,online,2025-03-14,NO
4094,17819,99517,670.6,failed,online,2025-03-14,NO
1154,2997,100201,330.6,completed,online,2025-03-14,NO
951,48444,100569,1775.95,completed,online,2025-03-14,NO
2300,24842,101104,1886.14,completed,online,2025-03-14,NO
1133,15166,101745,1723.16,failed,online,2025-03-14,NO
2192,9172,104324,1012.95,failed,online,2025-03-14,NO
2855,44635,106490,1709.99,completed,online,2025-03-14,NO
3758,39167,110075,768.86,failed,online,2025-03-14,NO
2393,4679,111412,549.73,completed,online,2025-03-14,NO
3543,41016,112628,662.28,completed,online,2025-03-14,NO
1304,34840,112987,5486.938537549712,failed,online,2025-03-14,NO
67,40877,112995,1325.28,completed,online,2025-03-14,NO
3535,16938,114016,989.21,completed,online,2025-03-14,NO
568,23675,115618,1797.03,failed,online,2025-03-14,NO
1,14952,116468,1991.01,failed,online,2025-03-14,NO
863,5965,119073,13.94,failed,online,2025-03-14,NO
1,29960,123221,1203.45,completed,online,2025-03-14,NO
1,39022,125079,1042.93,failed,online,2025-03-14,NO
1,37004,125154,1381.19,failed,online,2025-03-14,NO
1081,40379,125989,96.56,completed,online,2025-03-14,NO
1,41684,130128,1451.08,failed,online,2025-03-14,NO
2626,5577,132654,1753.2,completed,online,2025-03-14,NO
2885,9374,135173,1012.88,failed,online,2025-03-14,NO
969,33025,135985,1596.71,failed,online,2025-03-14,NO
1,12126,136743,65.45,completed,online,2025-03-14,NO
1,40745,136784,587.19,completed,online,2025-03-14,NO
1,35193,138005,1731.66,failed,online,2025-03-14,NO
889,33345,138598,343.47,completed,online,2025-03-14,NO
2262,20996,139432,1727.55,failed,online,2025-03-14,NO
1,42633,139877,1597.9,completed,online,2025-03-14,NO
1572,47074,144486,121.97,failed,online,2025-03-14,NO
2366,23756,146938,1565.66,completed,online,2025-03-14,NO
1,14471,147205,445.63,failed,online,2025-03-14,NO
4141,26290,147309,1557.52,failed,online,2025-03-14,NO
1038,26654,148723,1375.58,completed,online,2025-03-14,NO
1,20781,174,1466.12,failed,online,2025-03-24,NO
1,6526,1710,1160.37,completed,online,2025-03-24,NO
3966,12524,2514,839.45,completed,online,2025-03-24,NO
1,48778,6681,1193.64,completed,online,2025-03-24,NO
609,22936,6696,856.42,completed,online,2025-03-24,NO
1,29594,8709,1838.23,completed,online,2025-03-24,NO
2212,1445,9796,1446.95,completed,online,2025-03-24,NO
2838,20127,11739,409.32,completed,online,2025-03-24,NO
4143,6877,15691,1044.55,completed,online,2025-03-24,NO
620,47970,16588,751.69,failed,online,2025-03-24,NO
4919,38171,17375,884.91,completed,online,2025-03-24,NO
3717,45677,18788,1858.76,failed,online,2025-03-24,NO
2240,34030,19252,1524.17,completed,online,2025-03-24,NO
2463,26141,19405,512.41,completed,online,2025-03-24,NO
1,35424,21278,239.79,completed,online,2025-03-24,NO
511,26553,22440,1819.82,completed,online,2025-03-24,NO
1896,11564,27088,482.09,completed,online,2025-03-24,NO
3815,15567,29441,415.1,completed,online,2025-03-24,NO
1,8721,32096,341.72,completed,online,2025-03-24,NO
4613,15932,32140,1729.8,failed,online,2025-03-24,NO
1526,22851,32998,475.1,completed,online,2025-03-24,NO
1409,4282,34822,966.16,completed,online,2025-03-24,NO
2189,16016,35356,1616.35,completed,online,2025-03-24,NO
1701,25366,35697,77.69,completed,online,2025-03-24,NO
4815,18346,36618,869.38,completed,online,2025-03-24,NO
350,39190,38503,1023.98,completed,online,2025-03-24,NO
1,34483,39295,791.35,failed,online,2025-03-24,NO
2707,13829,41008,1036.85,failed,online,2025-03-24,NO
1182,35383,41257,740.94,completed,online,2025-03-24,NO
1,40989,41953,1205.27,completed,online,2025-03-24,NO
1591,33331,43685,1432.75,completed,online,2025-03-24,NO
618,6972,44654,1326.16,completed,online,2025-03-24,NO
4342,20180,45094,1044.87,completed,online,2025-03-24,NO
828,32863,45229,578.74,completed,online,2025-03-24,NO
4431,16904,46192,849.51,failed,online,2025-03-24,NO
4736,7622,46329,992.24,completed,online,2025-03-24,NO
4273,5082,51593,1713.95,failed,online,2025-03-24,NO
3062,38093,53018,434.04,failed,online,2025-03-24,NO
3925,26059,53856,283.09,completed,online,2025-03-24,NO
4009,33682,54735,1163.88,completed,online,2025-03-24,NO
1,10259,55082,99.38,failed,online,2025-03-24,NO
694,481,55575,310.71,completed,online,2025-03-24,NO
1,16396,56364,1154.81,completed,online,2025-03-24,NO
1444,10580,59388,484.41,completed,online,2025-03-24,NO
2249,30945,60013,177.88,completed,online,2025-03-24,NO
1,18873,63855,266.05,failed,online,2025-03-24,NO
4344,46475,64252,717.3,failed,online,2025-03-24,NO
2750,34955,64781,409.45,failed,online,2025-03-24,NO
1357,35511,66187,1650.47,failed,online,2025-03-24,NO
3554,46879,74467,1538.68,failed,online,2025-03-24,NO
1,12890,80512,380.21,failed,online,2025-03-24,NO
311,44908,83540,158.46,completed,online,2025-03-24,NO
2401,14891,83560,1459.23,completed,online,2025-03-24,NO
3324,10595,84457,461.91,completed,online,2025-03-24,NO
807,6051,85597,623.64,completed,online,2025-03-24,NO
1,23473,90507,1485.88,failed,online,2025-03-24,NO
367,26916,95629,875.89,completed,online,2025-03-24,NO
3387,24670,96260,1053.31,failed,online,2025-03-24,NO
964,48999,97136,738.52,failed,online,2025-03-24,NO
1,6415,97140,1880.83,completed,online,2025-03-24,NO
1390,31882,98191,1137.61,completed,online,2025-03-24,NO
2772,19926,98695,16.54,failed,online,2025-03-24,NO
4945,24430,99308,986.72,failed,online,2025-03-24,NO
1,22176,100361,350.38,completed,online,2025-03-24,NO
4085,608,100363,1298.19,completed,online,2025-03-24,NO
4445,16118,101205,127.45,failed,online,2025-03-24,NO
735,16510,101838,325.12,completed,online,2025-03-24,NO
1728,27284,102713,1987.28,completed,online,2025-03-24,NO
2018,4005,105052,1132.45,completed,online,2025-03-24,NO
1,35932,105820,13.68,completed,online,2025-03-24,NO
4527,25435,107007,1944.97,completed,online,2025-03-24,NO
2216,9424,109488,1092.04,completed,online,2025-03-24,NO
3837,29901,110773,1984.17,failed,online,2025-03-24,NO
4723,30051,111238,1479.29,completed,online,2025-03-24,NO
1,24578,116657,111.42,failed,online,2025-03-24,NO
1177,8087,118136,1032.48,completed,online,2025-03-24,NO
72,34782,122866,1911.16,failed,online,2025-03-24,NO
4282,14806,122966,1472.13,failed,online,2025-03-24,NO
1,21892,125368,1244.1,completed,online,2025-03-24,NO
1,26355,126216,976.45,failed,online,2025-03-24,NO
4106,8669,127643,1080.92,completed,online,2025-03-24,NO
2290,20083,129070,582.28,failed,online,2025-03-24,NO
1,20249,129078,932.24,completed,online,2025-03-24,NO
1,3043,129849,1894.75,failed,online,2025-03-24,NO
3832,3677,130748,995.0,failed,online,2025-03-24,NO
1721,15852,131760,80.37,completed,online,2025-03-24,NO
1,16231,132947,231.47,completed,online,2025-03-24,NO
370,10469,134695,1024.11,failed,online,2025-03-24,NO
4832,19935,134840,27.91,completed,online,2025-03-24,NO
1771,42336,137822,10.26,completed,online,2025-03-24,NO
3996,22245,139949,1154.4,failed,online,2025-03-24,NO
1,41407,142384,211.65,failed,online,2025-03-24,NO
2283,28848,144395,72.8,completed,online,2025-03-24,NO
1,37976,146558,152.33,failed,online,2025-03-24,NO
1,37466,149247,156.97,completed,online,2025-03-24,NO
165,22964,14,110.22,completed,online,2025-05-16,NO
2757,34846,682,1640.27,failed,online,2025-05-16,NO
4200,34112,14138,1427.08,failed,UNKNOWN,2025-05-16,NO
3889,40447,14288,1253.93,failed,online,2025-05-16,NO
1023,7260,15103,1149.77,completed,online,2025-05-16,NO
107,43240,15144,1289.22,completed,online,2025-05-16,NO
1,36025,15775,359.87,completed,online,2025-05-16,NO
659,31746,19822,882.42,completed,online,2025-05-16,NO
115,7571,23516,1184.94,completed,online,2025-05-16,NO
2944,34972,23685,7726.225108632389,completed,online,2025-05-16,NO
1,2876,25615,1568.77,completed,online,2025-05-16,NO
817,8293,29135,1558.21,completed,online,2025-05-16,NO
360,30496,30318,278.17,failed,online,2025-05-16,NO
118,17752,30323,1350.04,failed,online,2025-05-16,NO
3904,3181,32612,1016.47,failed,UNKNOWN,2025-05-16,NO
1793,21837,33025,168.38,failed,online,2025-05-16,NO
1,24624,33455,1153.33,completed,online,2025-05-16,NO
3487,35767,35421,581.69,completed,online,2025-05-16,NO
3227,15327,36493,921.95,failed,online,2025-05-16,NO
4963,31693,37182,333.79,completed,online,2025-05-16,NO
3315,16767,37578,1214.69,completed,online,2025-05-16,NO
776,29142,37592,1982.98,failed,online,2025-05-16,NO
30,9770,37695,621.6,failed,online,2025-05-16,NO
4360,22307,39614,601.98,completed,online,2025-05-16,NO
3231,9122,43916,586.08,completed,online,2025-05-16,NO
158,37792,43987,442.55,failed,online,2025-05-16,NO
2522,32910,44503,7443.445285741795,completed,online,2025-05-16,NO
1,47865,45126,994.4,failed,online,2025-05-16,NO
4601,40427,45931,1789.43,failed,UNKNOWN,2025-05-16,NO
3181,10354,50533,1185.59,failed,online,2025-05-16,NO
981,6920,55816,223.92,failed,online,2025-05-16,NO
1,15178,57778,422.86,failed,online,2025-05-16,NO
876,5857,61575,1194.48,failed,online,2025-05-16,NO
760,7518,62873,1099.0,failed,online,2025-05-16,NO
1,23185,64070,1642.73,failed,UNKNOWN,2025-05-16,NO
304,27617,67001,31.44,failed,online,2025-05-16,NO
4377,44443,67792,7337.9589742667395,failed,online,2025-05-16,NO
1,42688,69720,423.11,failed,online,2025-05-16,NO
4063,7736,70846,1119.52,completed,online,2025-05-16,NO
2459,25811,71233,1836.21,completed,online,2025-05-16,NO
1,49073,71929,1645.54,completed,online,2025-05-16,NO
3066,5643,73096,333.91,completed,online,2025-05-16,NO
1,14487,73535,447.44,completed,online,2025-05-16,NO
1,9738,74403,466.13,failed,online,2025-05-16,NO
930,38229,75687,24.06,failed,online,2025-05-16,NO
3719,20972,76010,926.96,completed,online,2025-05-16,NO
1,30240,77729,914.4,completed,online,2025-05-16,NO
750,667,77887,619.67,completed,online,2025-05-16,NO
1,29850,78209,682.43,completed,UNKNOWN,2025-05-16,NO
1281,1742,78965,1735.78,failed,online,2025-05-16,NO
4495,6971,80789,1990.7,completed,online,2025-05-16,NO
1,46730,82702,882.15,completed,online,2025-05-16,NO
2784,47942,83036,60.33,completed,online,2025-05-16,NO
1,47455,84006,87.31,failed,online,2025-05-16,NO
2171,35088,84034,906.53,failed,online,2025-05-16,NO
955,19196,84798,533.84,completed,online,2025-05-16,NO
1,30239,89298,674.23,failed,online,2025-05-16,NO
3135,2481,90132,1430.55,completed,online,2025-05-16,NO
4432,25481,90419,454.74,failed,UNKNOWN,2025-05-16,NO
4610,10000,91085,634.29,failed,online,2025-05-16,NO
282,30979,94902,890.49,completed,online,2025-05-16,NO
4738,35043,94974,513.41,completed,online,2025-05-16,NO
2845,38082,95824,1432.29,completed,online,2025-05-16,NO
3065,13354,96656,1114.89,completed,online,2025-05-16,NO
923,6604,98091,1756.76,failed,online,2025-05-16,NO
2844,49542,101322,310.85,failed,online,2025-05-16,NO
3610,38319,104516,448.66,failed,online,2025-05-16,NO
522,35674,108966,139.81,failed,online,2025-05-16,NO
716,27953,112049,1774.21,failed,online,2025-05-16,NO
1078,46746,118872,1162.23,failed,online,2025-05-16,NO
145,38239,119752,1398.73,failed,online,2025-05-16,NO
3074,32205,121211,747.64,completed,online,2025-05-16,NO
2703,41673,122214,1410.32,failed,online,2025-05-16,NO
704,29203,122679,1061.04,completed,online,2025-05-16,NO
3407,6880,124260,69.04,completed,online,2025-05-16,NO
56,40057,127870,1672.5,failed,online,2025-05-16,NO
4359,21879,133517,249.66,failed,online,2025-05-16,NO
2681,281,134590,1887.45,failed,online,2025-05-16,NO
2085,30536,135343,1952.08,failed,online,2025-05-16,NO
4309,30092,135529,1415.04,failed,online,2025-05-16,NO
767,14420,136552,1248.44,completed,online,2025-05-16,NO
4918,33708,137498,771.43,failed,online,2025-05-16,NO
1706,31783,138534,1864.75,failed,online,2025-05-16,NO
410,36795,138572,671.76,completed,online,2025-05-16,NO
3727,37707,139602,123.3,failed,online,2025-05-16,NO
3737,36636,139611,1227.85,failed,online,2025-05-16,NO
254,25871,139659,202.8,failed,online,2025-05-16,NO
1358,21378,141984,1917.4,failed,online,2025-05-16,NO
353,28257,142775,39.32,completed,online,2025-05-16,NO
1861,27771,142907,50.83,completed,online,2025-05-16,NO
2620,47474,145432,990.96,failed,online,2025-05-16,NO
3413,15531,146748,1793.09,completed,online,2025-05-16,NO
2035,18367,146913,831.35,completed,online,2025-05-16,NO
2460,34596,148793,1664.24,completed,online,2025-05-16,NO
1,21066,149727,873.72,failed,online,2025-05-16,NO
2275,10542,169,5106.408147135577,completed,online,2025-03-18,NO
3125,16471,2633,242.58,failed,online,2025-03-18,NO
3224,27706,3232,1711.16,completed,online,2025-03-18,NO
1329,25586,4325,706.8,failed,online,2025-03-18,NO
3471,8965,5227,1983.82,completed,online,2025-03-18,NO
2758,40783,6457,572.22,failed,online,2025-03-18,NO
1132,33672,9060,547.38,completed,online,2025-03-18,NO
1713,2756,11828,669.49,failed,online,2025-03-18,NO
2407,13352,15336,904.2,completed,online,2025-03-18,NO
4780,29565,15870,1060.12,completed,online,2025-03-18,NO
1,21752,16192,1999.76,failed,online,2025-03-18,NO
2427,2429,17062,1825.13,completed,online,2025-03-18,NO
4455,18405,21842,1059.88,failed,online,2025-03-18,NO
461,13281,21905,436.94,failed,online,2025-03-18,NO
1581,26759,26926,412.25,failed,online,2025-03-18,NO
1,47581,29374,1696.61,failed,online,2025-03-18,NO
1326,20231,29879,259.17,failed,online,2025-03-18,NO
1,43236,29906,521.66,completed,online,2025-03-18,NO
3084,19423,32790,722.63,completed,online,2025-03-18,NO
3226,4387,36623,526.86,completed,online,2025-03-18,NO
3963,3778,39519,627.65,completed,online,2025-03-18,NO
3877,25843,41321,1932.19,completed,online,2025-03-18,NO
4270,23993,42844,1384.88,failed,online,2025-03-18,NO
2763,42158,44991,1003.17,completed,online,2025-03-18,NO
1,3868,45167,1482.6,failed,online,2025-03-18,NO
1,38476,45205,1695.58,failed,online,2025-03-18,NO
1152,6051,46187,431.22,completed,online,2025-03-18,NO
3706,33070,49362,1959.83,failed,online,2025-03-18,NO
1,48617,49387,1170.66,completed,online,2025-03-18,NO
1,31311,50345,1175.39,completed,online,2025-03-18,NO
2467,47787,51691,1168.31,failed,online,2025-03-18,NO
4882,21983,52569,1704.62,failed,online,2025-03-18,NO
790,39151,54074,1107.4,completed,online,2025-03-18,NO
3540,40858,57477,1887.01,failed,online,2025-03-18,NO
1833,28572,58005,248.01,completed,online,2025-03-18,NO
2456,19894,58639,1007.56,completed,online,2025-03-18,NO
4106,26128,58823,389.6,failed,online,2025-03-18,NO
4330,8507,59385,292.27,failed,online,2025-03-18,NO
1,20784,59825,526.6,failed,online,2025-03-18,NO
4429,11088,60602,1286.17,completed,online,2025-03-18,NO
1,16636,62237,1439.83,failed,online,2025-03-18,NO
1,39783,62343,487.45,completed,online,2025-03-18,NO
4357,7038,64297,243.68,failed,online,2025-03-18,NO
1233,19036,64618,1273.17,completed,online,2025-03-18,NO
3122,37881,65290,92.01,failed,online,2025-03-18,NO
3698,32194,67908,1244.5,failed,online,2025-03-18,NO
2008,19873,68937,1580.22,failed,online,2025-03-18,NO
1,24303,69087,1626.44,completed,online,2025-03-18,NO
1320,40661,70267,164.69,failed,online,2025-03-18,NO
3511,38350,72874,1670.22,completed,online,2025-03-18,NO
643,46553,76573,1375.55,failed,online,2025-03-18,NO
1649,27921,76957,571.02,completed,online,2025-03-18,NO
1825,42562,78221,1151.18,failed,online,2025-03-18,NO
4683,3327,79023,1818.66,completed,online,2025-03-18,NO
4665,29010,80362,621.04,failed,online,2025-03-18,NO
919,10698,82537,956.44,completed,online,2025-03-18,NO
1,26210,83034,514.43,completed,online,2025-03-18,NO
1,13733,83241,1222.13,completed,online,2025-03-18,NO
2891,22151,84484,792.57,completed,online,2025-03-18,NO
2764,8502,86962,254.96,completed,online,2025-03-18,NO
1,30628,89831,756.7,completed,online,2025-03-18,NO
1445,13464,90495,374.68,failed,online,2025-03-18,NO
3931,20313,93881,1597.21,failed,online,2025-03-18,NO
528,45506,94482,871.72,completed,online,2025-03-18,NO
3076,46542,96576,1802.88,failed,online,2025-03-18,NO
1812,47127,97154,477.92,completed,online,2025-03-18,NO
4998,8407,98353,526.85,completed,online,2025-03-18,NO
1744,4419,99008,272.51,failed,online,2025-03-18,NO
131,47542,99436,1739.5,failed,online,2025-03-18,NO
3691,16270,102246,354.44,failed,online,2025-03-18,NO
1108,6351,107810,863.72,completed,online,2025-03-18,NO
3739,11890,108109,418.51,failed,online,2025-03-18,NO
4519,34609,110025,1585.82,failed,online,2025-03-18,NO
4775,14727,119323,882.78,completed,online,2025-03-18,NO
2420,15529,121945,1088.9,completed,online,2025-03-18,NO
1961,31969,125038,549.2,failed,online,2025-03-18,NO
1,34646,125731,179.46,completed,online,2025-03-18,NO
879,31195,127148,1992.28,failed,online,2025-03-18,NO
4261,16034,127383,523.12,failed,online,2025-03-18,NO
1460,27905,128171,1549.97,failed,online,2025-03-18,NO
1,25023,135727,1515.76,failed,online,2025-03-18,NO
2864,32411,135813,1009.8,completed,online,2025-03-18,NO
3704,41327,135815,779.37,completed,online,2025-03-18,NO
85,46894,136997,30.32,failed,UNKNOWN,2025-03-18,NO
3140,36846,138599,1089.72,failed,online,2025-03-18,NO
4751,37265,138952,1237.37,completed,online,2025-03-18,NO
1108,47376,141546,1335.14,completed,online,2025-03-18,NO
3564,49129,141782,233.71,completed,online,2025-03-18,NO
1,33314,143045,1575.58,completed,online,2025-03-18,NO
1,32497,143342,1039.94,completed,online,2025-03-18,NO
2998,20461,143668,880.6,failed,online,2025-03-18,NO
3904,14647,144741,90.95,failed,online,2025-03-18,NO
3106,19765,145387,1719.81,completed,online,2025-03-18,NO
628,4306,146538,1254.94,failed,online,2025-03-18,NO
1,12495,149633,1141.26,failed,online,2025-03-18,NO
568,41643,2602,1538.07,failed,online,2025-10-20,NO
4186,38511,3607,287.14,failed,online,2025-10-20,NO
2650,5103,7165,38.18,completed,online,2025-10-20,NO
4545,23731,8451,1207.5,completed,online,2025-10-20,NO
1,23805,11512,1515.73,failed,online,2025-10-20,NO
2537,10230,12307,727.68,failed,UNKNOWN,2025-10-20,NO
1229,2384,15471,1178.33,completed,online,2025-10-20,NO
1,45428,16113,194.26,completed,online,2025-10-20,NO
2109,10266,16251,1357.49,failed,online,2025-10-20,NO
2032,40364,19974,287.51,failed,online,2025-10-20,NO
1,46160,20230,925.26,failed,online,2025-10-20,NO
2337,1439,21731,1830.03,failed,online,2025-10-20,NO
1702,335,21908,391.77,completed,online,2025-10-20,NO
4177,44254,24876,596.14,completed,online,2025-10-20,NO
4446,23488,25226,1348.37,failed,online,2025-10-20,NO
2491,40128,25832,355.23,completed,online,2025-10-20,NO
3721,7676,26122,1248.02,failed,online,2025-10-20,NO
4431,46536,26886,336.8,completed,online,2025-10-20,NO
761,48820,30073,253.73,failed,online,2025-10-20,NO
780,44828,31191,904.24,failed,online,2025-10-20,NO
4674,33657,32728,1443.85,completed,online,2025-10-20,NO
1628,16241,35483,1907.19,failed,online,2025-10-20,NO
1,13236,36337,67.56,failed,online,2025-10-20,NO
2406,1585,38081,1010.21,completed,online,2025-10-20,NO
2925,30429,39536,1485.5,completed,online,2025-10-20,NO
2636,28481,41918,1199.29,completed,online,2025-10-20,NO
413,15988,42442,1561.16,completed,online,2025-10-20,NO
3117,5839,43028,1444.68,failed,online,2025-10-20,NO
3294,49658,44080,1456.75,completed,online,2025-10-20,NO
1,7076,50901,960.54,completed,online,2025-10-20,NO
1,34559,51296,412.55,completed,online,2025-10-20,NO
1,14753,52844,649.58,completed,online,2025-10-20,NO
824,39316,55318,722.25,failed,online,2025-10-20,NO
4413,1582,55809,278.43,failed,online,2025-10-20,NO
2957,38949,56625,1424.26,failed,online,2025-10-20,NO
2296,8525,57488,1405.24,failed,online,2025-10-20,NO
1273,39823,60754,1281.57,failed,online,2025-10-20,NO
1,24221,63789,495.26,failed,online,2025-10-20,NO
2939,25106,65170,676.26,completed,online,2025-10-20,NO
1907,35542,68645,1342.1,failed,online,2025-10-20,NO
3358,35274,68873,1340.73,failed,online,2025-10-20,NO
1,30853,70765,1795.8,completed,online,2025-10-20,NO
4255,29592,72572,610.89,failed,online,2025-10-20,NO
4551,13842,81690,261.53,completed,online,2025-10-20,NO
1,38542,82973,1990.28,failed,online,2025-10-20,NO
3317,5556,87956,596.75,completed,UNKNOWN,2025-10-20,NO
1,45252,89856,171.51,completed,online,2025-10-20,NO
1,40871,90066,1315.68,failed,online,2025-10-20,NO
1,29513,92200,162.85,failed,online,2025-10-20,NO
1452,26317,92498,1521.57,completed,online,2025-10-20,NO
1248,47899,93367,1378.72,completed,online,2025-10-20,NO
1,3567,93414,360.32,failed,online,2025-10-20,NO
3089,28852,94325,1399.72,completed,online,2025-10-20,NO
2903,48059,95815,354.17,completed,UNKNOWN,2025-10-20,NO
3395,42288,95925,961.32,failed,online,2025-10-20,NO
4648,22131,96141,1701.76,failed,online,2025-10-20,NO
3672,19435,96638,1891.12,failed,online,2025-10-20,NO
4235,45144,96865,1026.82,failed,online,2025-10-20,NO
1,16450,98586,68.12,failed,online,2025-10-20,NO
4276,32371,98867,339.85,failed,online,2025-10-20,NO
3926,18028,100370,494.09,completed,online,2025-10-20,NO
51,22137,100720,401.17,failed,online,2025-10-20,NO
3407,2108,103666,402.78,failed,online,2025-10-20,NO
4954,806,105772,710.38,failed,online,2025-10-20,NO
2404,3971,106416,554.19,completed,online,2025-10-20,NO
3133,33479,109348,1801.21,completed,online,2025-10-20,NO
191,21765,110919,633.4,completed,online,2025-10-20,NO
1,47148,111598,1840.42,failed,online,2025-10-20,NO
3482,3859,111984,1964.62,completed,online,2025-10-20,NO
3425,25107,115914,250.96,failed,online,2025-10-20,NO
1,26146,116987,820.39,failed,online,2025-10-20,NO
4066,39577,117723,782.54,failed,online,2025-10-20,NO
1,49332,117979,1803.81,failed,online,2025-10-20,NO
1,49403,118183,1810.98,completed,online,2025-10-20,NO
2715,1684,120573,345.17,completed,online,2025-10-20,NO
2561,34171,120894,234.22,completed,online,2025-10-20,NO
1043,19106,121200,163.84,failed,online,2025-10-20,NO
2967,28643,121216,1287.95,failed,online,2025-10-20,NO
1896,7248,123701,1460.53,completed,online,2025-10-20,NO
356,48604,127201,1279.64,failed,online,2025-10-20,NO
1625,43994,127567,1087.95,completed,online,2025-10-20,NO
1149,213,130412,36.18,completed,online,2025-10-20,NO
2211,35663,134476,1313.33,completed,online,2025-10-20,NO
3397,17573,134576,1055.7,failed,online,2025-10-20,NO
4059,12485,136368,432.24,failed,online,2025-10-20,NO
4020,46660,137655,1006.42,completed,online,2025-10-20,NO
2715,41838,137790,745.33,failed,online,2025-10-20,NO
3504,15781,139051,1805.03,completed,online,2025-10-20,NO
4643,1687,139451,350.7,failed,online,2025-10-20,NO
1,30300,141591,1026.32,completed,online,2025-10-20,NO
205,49394,142461,117.64,completed,online,2025-10-20,NO
2166,19601,142701,1785.87,completed,online,2025-10-20,NO
2607,48644,144439,9130.26400172059,completed,online,2025-10-20,NO
4569,41973,144813,1725.1,completed,online,2025-10-20,NO
2543,2540,147222,1291.04,failed,online,2025-10-20,NO
1,2439,119,1129.77,failed,online,2025-11-27,NO
1,13176,4360,1735.06,completed,online,2025-11-27,NO
316,10220,4611,153.25,failed,online,2025-11-27,NO
4616,32311,7007,600.39,completed,online,2025-11-27,NO
697,25880,7185,468.16,completed,online,2025-11-27,NO
4865,38619,7983,1564.48,failed,online,2025-11-27,NO
2977,30540,9111,1042.67,completed,online,2025-11-27,NO
3004,43669,9666,1075.37,completed,online,2025-11-27,NO
628,22786,11705,949.19,failed,online,2025-11-27,NO
1878,36675,13861,1175.32,failed,online,2025-11-27,NO
1968,23237,17855,481.36,completed,online,2025-11-27,NO
1,25162,18325,882.08,failed,online,2025-11-27,NO
3725,28068,18566,499.64,completed,online,2025-11-27,NO
2813,45515,19348,1616.48,failed,online,2025-11-27,NO
4886,20755,20350,1344.72,completed,online,2025-11-27,NO
1563,25128,20539,1759.94,failed,online,2025-11-27,NO
1334,37011,21878,613.79,failed,online,2025-11-27,NO
1,43669,22771,570.94,completed,online,2025-11-27,NO
4266,34039,25137,1501.86,failed,online,2025-11-27,NO
2446,5063,28353,795.46,completed,online,2025-11-27,NO
1192,43059,29230,1567.54,failed,online,2025-11-27,NO
800,26352,29736,1843.77,completed,online,2025-11-27,NO
1374,4693,32210,256.93,completed,online,2025-11-27,NO
2742,36688,33411,1666.69,failed,online,2025-11-27,NO
1050,2372,37394,1964.57,completed,online,2025-11-27,NO
2955,25988,37878,777.11,failed,online,2025-11-27,NO
4283,35534,38463,1149.94,completed,online,2025-11-27,NO
793,25518,39322,515.84,failed,online,2025-11-27,NO
3337,44555,45597,112.74,completed,online,2025-11-27,NO
2171,23719,47514,1562.62,failed,online,2025-11-27,NO
3320,7981,52551,1415.92,failed,online,2025-11-27,NO
1,33453,52674,1584.72,completed,online,2025-11-27,NO
810,14354,56491,1325.36,failed,online,2025-11-27,NO
1288,14041,56826,885.84,failed,online,2025-11-27,NO
1971,27249,57575,220.1,failed,online,2025-11-27,NO
2097,38731,57798,1709.11,completed,online,2025-11-27,NO
1,5194,60271,157.92,failed,online,2025-11-27,NO
726,42706,60895,1735.26,completed,online,2025-11-27,NO
1,8636,61624,1431.29,completed,online,2025-11-27,NO
862,22400,62295,1953.51,completed,online,2025-11-27,NO
1,45605,64495,1366.99,completed,online,2025-11-27,NO
292,42753,67956,474.32,completed,online,2025-11-27,NO
4487,2570,69175,762.87,completed,online,2025-11-27,NO
1,36856,70924,1563.09,failed,online,2025-11-27,NO
1,36447,74788,1469.91,completed,online,2025-11-27,NO
674,10089,75448,1210.39,completed,online,2025-11-27,NO
1,6006,77467,466.23,failed,online,2025-11-27,NO
1888,2534,81276,1270.34,failed,online,2025-11-27,NO
4224,10060,81700,1693.06,completed,online,2025-11-27,NO
1,41887,81787,863.1,failed,online,2025-11-27,NO
4469,39558,81897,1570.27,completed,online,2025-11-27,NO
4192,11690,83539,638.05,failed,online,2025-11-27,NO
4931,35367,84868,1922.74,failed,online,2025-11-27,NO
1264,31760,88041,1997.39,failed,online,2025-11-27,NO
2960,29636,90785,577.89,completed,online,2025-11-27,NO
629,17699,92944,124.64,completed,online,2025-11-27,NO
4931,20782,95339,280.06,completed,online,2025-11-27,NO
606,15027,96205,952.2,completed,online,2025-11-27,NO
3939,40205,97647,1879.91,failed,online,2025-11-27,NO
4142,49377,98216,735.4,failed,online,2025-11-27,NO
1,33273,99511,1676.89,failed,online,2025-11-27,NO
1,17085,99549,1259.68,failed,online,2025-11-27,NO
204,20339,99981,1103.89,failed,online,2025-11-27,NO
1339,21644,100495,1593.5,failed,online,2025-11-27,NO
1,15935,104202,1511.85,failed,online,2025-11-27,NO
1613,7042,107071,719.19,failed,online,2025-11-27,NO
1,32285,107134,1252.93,completed,online,2025-11-27,NO
1,37961,107604,1856.33,completed,online,2025-11-27,NO
1,47762,109437,1314.62,completed,online,2025-11-27,NO
2261,2363,114176,653.53,failed,online,2025-11-27,NO
1,45540,114364,1559.27,completed,online,2025-11-27,NO
1,47237,114840,517.92,completed,online,2025-11-27,NO
1,21250,114898,1270.56,completed,online,2025-11-27,NO
217,36427,118263,1255.28,failed,online,2025-11-27,NO
3955,9055,119738,620.09,completed,online,2025-11-27,NO
2367,26126,120486,144.27,completed,online,2025-11-27,NO
4431,24518,121371,614.66,completed,online,2025-11-27,NO
1291,37978,123459,631.41,failed,online,2025-11-27,NO
2805,17790,125058,8714.808700068941,failed,online,2025-11-27,NO
744,8855,128839,117.44,completed,online,2025-11-27,NO
2683,46795,131244,1722.57,completed,online,2025-11-27,NO
1595,8859,131258,789.84,completed,online,2025-11-27,NO
3713,4809,135031,110.25,completed,online,2025-11-27,NO
1175,26176,135105,132.55,completed,UNKNOWN,2025-11-27,NO
1,4241,137907,755.58,failed,online,2025-11-27,NO
2809,31875,138366,1520.56,failed,online,2025-11-27,NO
1,11421,139301,1071.09,failed,online,2025-11-27,NO
1,42279,140305,1030.64,completed,online,2025-11-27,NO
4693,31611,140959,498.16,completed,online,2025-11-27,NO
3204,40283,141624,524.88,completed,online,2025-11-27,NO
183,5736,142175,432.19,failed,online,2025-11-27,NO
1,33409,146830,220.9,completed,online,2025-11-27,NO
2124,46612,147368,1909.44,completed,online,2025-11-27,NO
1,27319,149320,904.63,failed,online,2025-11-27,NO
3329,5336,149766,305.22,completed,online,2025-11-27,NO
2790,18767,3029,750.09,completed,online,2025-05-20,NO
1775,22133,4197,1654.83,completed,online,2025-05-20,NO
4456,36880,4874,1610.15,completed,online,2025-05-20,NO
1397,15892,8163,1480.68,completed,online,2025-05-20,NO
2141,10566,11876,1662.06,completed,online,2025-05-20,NO
1,40649,13644,500.25,completed,online,2025-05-20,NO
1204,17407,16303,1517.4,completed,online,2025-05-20,NO
1,40475,16760,1096.13,failed,online,2025-05-20,NO
1864,38969,19171,277.21,failed,online,2025-05-20,NO
432,10005,19724,768.89,completed,online,2025-05-20,NO
2880,22729,20453,1767.73,completed,online,2025-05-20,NO
1048,42885,21314,1224.79,failed,online,2025-05-20,NO
3489,41601,23740,1754.91,failed,UNKNOWN,2025-05-20,NO
2230,4536,23851,1973.79,completed,online,2025-05-20,NO
1,31000,27471,1584.57,failed,online,2025-05-20,NO
4084,31812,28331,267.37,failed,UNKNOWN,2025-05-20,NO
685,37706,29891,1001.16,completed,online,2025-05-20,NO
3444,31840,30870,1404.33,completed,online,2025-05-20,NO
4501,18721,31418,672.13,completed,online,2025-05-20,NO
3530,39920,31625,1866.85,failed,online,2025-05-20,NO
1,19238,32648,1268.38,completed,online,2025-05-20,NO
2949,12024,32750,95.99,failed,online,2025-05-20,NO
2363,46253,34394,1322.37,completed,online,2025-05-20,NO
3710,12515,34466,1987.91,completed,online,2025-05-20,NO
1,8150,34924,1894.09,failed,online,2025-05-20,NO
4958,48280,35067,536.24,completed,online,2025-05-20,NO
1,47343,38865,100.75,completed,online,2025-05-20,NO
4382,17582,39820,1056.43,failed,online,2025-05-20,NO
2060,27476,39935,1024.98,completed,online,2025-05-20,NO
1,19025,40546,1113.26,failed,online,2025-05-20,NO
4370,41373,40590,1518.73,completed,online,2025-05-20,NO
1303,15180,41549,597.8,completed,online,2025-05-20,NO
1001,30372,42256,519.24,failed,online,2025-05-20,NO
3966,23745,46501,521.78,completed,online,2025-05-20,NO
1224,28102,48069,543.53,completed,online,2025-05-20,NO
3929,2802,48659,1100.59,completed,online,2025-05-20,NO
4018,33545,51342,1270.57,failed,online,2025-05-20,NO
3756,31123,52071,1977.13,completed,online,2025-05-20,NO
1936,26606,53416,1477.59,failed,online,2025-05-20,NO
234,38579,56567,413.75,completed,online,2025-05-20,NO
3830,15070,59570,1603.41,completed,online,2025-05-20,NO
1,20155,59808,7349.797199802762,completed,online,2025-05-20,NO
1,29711,60980,549.53,failed,online,2025-05-20,NO
2657,47063,62951,1930.79,completed,online,2025-05-20,NO
1,9122,62975,622.87,completed,online,2025-05-20,NO
3403,18318,63359,214.46,completed,online,2025-05-20,NO
3079,14573,65451,682.29,failed,online,2025-05-20,NO
1,9504,66651,1936.12,completed,online,2025-05-20,NO
2515,46411,67388,1537.11,completed,online,2025-05-20,NO
1,38886,68599,1214.63,completed,online,2025-05-20,NO
1382,41065,68879,436.78,completed,online,2025-05-20,NO
1,15516,71098,1462.74,completed,online,2025-05-20,NO
1,4595,74772,940.03,completed,online,2025-05-20,NO
3880,44333,74824,1076.74,failed,online,2025-05-20,NO
3261,44950,76192,719.6,failed,online,2025-05-20,NO
4881,14772,77078,906.12,completed,online,2025-05-20,NO
150,39297,80881,734.55,completed,online,2025-05-20,NO
901,18730,85000,1285.74,completed,online,2025-05-20,NO
1,36789,89322,597.08,failed,online,2025-05-20,NO
2138,49338,89753,1278.99,completed,online,2025-05-20,NO
1,32145,92230,1820.22,failed,online,2025-05-20,NO
4014,28479,94025,647.65,completed,online,2025-05-20,NO
959,26394,96410,296.45,failed,online,2025-05-20,NO
2191,43035,96649,1869.77,failed,online,2025-05-20,NO
87,19296,97575,1555.97,completed,online,2025-05-20,NO
1,42271,99325,1133.46,completed,online,2025-05-20,NO
1,12096,101362,615.65,completed,online,2025-05-20,NO
1908,44000,102584,1176.32,failed,online,2025-05-20,NO
53,42441,103710,1976.56,completed,online,2025-05-20,NO
3191,36349,104197,96.39,completed,online,2025-05-20,NO
4574,25458,104253,1309.28,failed,online,2025-05-20,NO
1,30898,104440,1145.24,failed,online,2025-05-20,NO
715,41421,105878,960.32,completed,online,2025-05-20,NO
337,25168,106492,564.17,failed,online,2025-05-20,NO
476,39063,106569,1709.44,completed,UNKNOWN,2025-05-20,NO
3819,40771,107307,1528.7,failed,online,2025-05-20,NO
1888,32516,109082,1420.0,completed,online,2025-05-20,NO
2599,22625,109859,1221.48,completed,online,2025-05-20,NO
4695,24196,110563,248.6,completed,online,2025-05-20,NO
1,12544,110916,96.33,failed,online,2025-05-20,NO
2384,30265,111719,1299.73,completed,online,2025-05-20,NO
430,18604,112183,555.24,failed,online,2025-05-20,NO
1,8210,115889,623.08,failed,online,2025-05-20,NO
1,4137,116369,1920.57,completed,online,2025-05-20,NO
1269,49428,122008,154.47,failed,online,2025-05-20,NO
1,27219,122429,830.42,completed,online,2025-05-20,NO
2176,34715,125128,804.18,completed,online,2025-05-20,NO
1,45882,129442,812.2,completed,online,2025-05-20,NO
3562,47292,134543,687.26,failed,online,2025-05-20,NO
3809,22925,134719,1934.04,failed,online,2025-05-20,NO
1056,15517,141573,1796.16,failed,online,2025-05-20,NO
4367,19076,142495,1334.87,completed,online,2025-05-20,NO
4231,6030,148236,502.08,failed,online,2025-05-20,NO
1,43423,149070,1747.19,failed,online,2025-05-20,NO
2674,42213,1763,741.45,failed,online,2025-03-19,NO
1,7374,2546,1992.48,completed,online,2025-03-19,NO
339,27252,6298,235.99,failed,online,2025-03-19,NO
3572,15929,7498,327.28,failed,online,2025-03-19,NO
2216,30489,9773,886.98,failed,online,2025-03-19,NO
1788,10656,11340,1106.33,failed,online,2025-03-19,NO
2790,3578,11555,279.83,completed,online,2025-03-19,NO
2260,9027,12402,353.9,failed,online,2025-03-19,NO
1,18970,13005,1353.35,completed,online,2025-03-19,NO
4005,24101,14479,1444.23,completed,online,2025-03-19,NO
1068,33011,16744,1409.43,completed,online,2025-03-19,NO
3119,16702,18890,1716.17,completed,online,2025-03-19,NO
4291,43813,32120,656.31,completed,online,2025-03-19,NO
502,3701,33071,232.0,completed,online,2025-03-19,NO
1274,17803,34836,822.17,failed,online,2025-03-19,NO
3,48864,36265,1291.13,completed,online,2025-03-19,NO
4098,21538,37360,360.34,completed,online,2025-03-19,NO
1948,37139,40228,1359.77,failed,online,2025-03-19,NO
4902,19286,44194,988.25,completed,online,2025-03-19,NO
42,43948,48178,888.34,failed,online,2025-03-19,NO
1,24279,48385,1697.04,failed,online,2025-03-19,NO
1,49285,48424,494.46,failed,online,2025-03-19,NO
1740,10062,49589,237.27,completed,online,2025-03-19,NO
3686,6340,49920,689.17,failed,online,2025-03-19,NO
740,33221,50860,489.45,failed,online,2025-03-19,NO
4718,25778,52433,198.98,failed,online,2025-03-19,NO
4632,30715,53445,1848.54,failed,online,2025-03-19,NO
4430,14802,53905,1790.1,completed,online,2025-03-19,NO
48,34904,57207,762.72,failed,online,2025-03-19,NO
3595,9841,58709,999.19,failed,online,2025-03-19,NO
1045,19587,58943,660.91,failed,online,2025-03-19,NO
2712,13357,59879,794.66,completed,online,2025-03-19,NO
4397,43175,60816,360.63,failed,online,2025-03-19,NO
3089,15173,62160,839.28,completed,online,2025-03-19,NO
1,23880,62523,998.39,failed,online,2025-03-19,NO
2455,48344,64856,1533.82,completed,online,2025-03-19,NO
4645,36788,65358,1287.08,completed,online,2025-03-19,NO
1756,34295,65438,399.87,failed,online,2025-03-19,NO
3008,25071,70640,969.18,completed,online,2025-03-19,NO
3149,32961,71375,758.41,failed,online,2025-03-19,NO
1,47551,72821,1198.02,completed,online,2025-03-19,NO
1,5182,73986,1708.33,completed,online,2025-03-19,NO
3316,49269,74673,689.85,failed,online,2025-03-19,NO
71,29438,74755,1001.5,completed,online,2025-03-19,NO
255,32851,81112,1564.66,completed,online,2025-03-19,NO
4920,36626,81281,1282.24,failed,online,2025-03-19,NO
3048,27896,83466,606.84,failed,online,2025-03-19,NO
197,35322,85316,764.97,completed,online,2025-03-19,NO
1834,9848,87244,748.62,failed,online,2025-03-19,NO
763,24416,87366,633.38,failed,online,2025-03-19,NO
4404,37004,88191,550.23,completed,online,2025-03-19,NO
2917,10520,88462,1355.07,failed,online,2025-03-19,NO
1845,19212,89098,561.63,failed,online,2025-03-19,NO
2644,39765,90945,478.1,completed,online,2025-03-19,NO
4857,18163,93178,1672.58,failed,online,2025-03-19,NO
1,3722,94568,1161.62,failed,online,2025-03-19,NO
3585,41858,94888,740.66,failed,online,2025-03-19,NO
3819,45317,97825,1420.87,failed,online,2025-03-19,NO
1900,21532,101177,1509.94,failed,online,2025-03-19,NO
3082,41978,103347,1330.92,completed,online,2025-03-19,NO
2964,15452,106307,1256.02,completed,online,2025-03-19,NO
2771,28398,107289,1100.67,completed,online,2025-03-19,NO
1,38134,107844,426.25,failed,online,2025-03-19,NO
1,19695,108078,1033.89,failed,online,2025-03-19,NO
4683,14120,109454,204.69,failed,online,2025-03-19,NO
339,20234,109458,662.63,completed,online,2025-03-19,NO
1,36515,115253,980.23,failed,online,2025-03-19,NO
2698,7295,115513,1752.67,failed,online,2025-03-19,NO
4956,37399,119381,678.59,failed,online,2025-03-19,NO
2223,9278,120456,1021.35,failed,online,2025-03-19,NO
2035,30594,120562,637.97,failed,online,2025-03-19,NO
1943,41124,123367,107.43,failed,online,2025-03-19,NO
4916,46633,123785,1182.36,completed,online,2025-03-19,NO
490,18795,124195,579.82,completed,online,2025-03-19,NO
4981,42661,124494,511.16,completed,online,2025-03-19,NO
1618,47105,125317,1617.67,failed,online,2025-03-19,NO
1,33773,126765,338.92,failed,online,2025-03-19,NO
2038,41930,126828,14.18,completed,online,2025-03-19,NO
1900,16250,126978,1170.12,completed,online,2025-03-19,NO
4149,1918,127460,1626.11,completed,online,2025-03-19,NO
455,4911,128245,1203.1,completed,online,2025-03-19,NO
2582,7989,128252,1537.01,completed,online,2025-03-19,NO
2029,27259,130353,442.96,failed,online,2025-03-19,NO
4414,828,132513,1618.55,completed,online,2025-03-19,NO
2385,4278,133357,1986.2,failed,online,2025-03-19,NO
264,36696,135323,530.64,completed,online,2025-03-19,NO
1,17847,137388,1412.29,failed,online,2025-03-19,NO
4914,4668,138284,525.72,failed,online,2025-03-19,NO
4784,47475,141450,708.04,completed,online,2025-03-19,NO
1,33707,141752,633.0,completed,online,2025-03-19,NO
4971,41014,144782,1539.22,completed,online,2025-03-19,NO
2258,16566,146003,310.38,completed,online,2025-03-19,NO
4962,40396,147080,722.91,completed,online,2025-03-19,NO
1,3816,149460,1221.81,completed,online,2025-03-19,NO
2294,5960,149510,746.62,completed,online,2025-03-19,NO
