product_id,customer_id,transaction_id,amount,status,channel,transaction_date,fraud_flag
1,17114,870,1656.06,failed,online,2025-12-22,NO
1,14971,2080,934.6,completed,online,2025-12-22,NO
2586,8178,5165,31.71,completed,online,2025-12-22,NO
3129,27821,6693,213.05,failed,online,2025-12-22,NO
3426,17642,7083,1318.06,completed,online,2025-12-22,NO
4133,1750,11567,913.7,completed,online,2025-12-22,NO
997,49019,14898,278.86,completed,online,2025-12-22,NO
462,9070,16034,64.89,failed,online,2025-12-22,NO
2934,9417,19128,575.73,completed,online,2025-12-22,NO
4281,274,20402,997.01,completed,online,2025-12-22,NO
2935,10814,26026,1507.62,failed,UNKNOWN,2025-12-22,NO
4457,35128,26034,702.4,completed,online,2025-12-22,NO
1,18591,29030,345.41,failed,online,2025-12-22,NO
2433,19796,31939,434.25,completed,online,2025-12-22,NO
3645,9031,34281,1703.32,failed,online,2025-12-22,NO
2541,3428,34426,866.91,failed,online,2025-12-22,NO
210,49483,34885,951.2,completed,online,2025-12-22,NO
1,24466,36929,1955.61,completed,online,2025-12-22,NO
134,42849,37076,1951.66,failed,online,2025-12-22,NO
2772,49016,37865,268.37,completed,online,2025-12-22,NO
3028,18467,41948,343.99,failed,online,2025-12-22,NO
1,10279,42706,724.31,completed,online,2025-12-22,NO
3603,33825,43605,1363.02,failed,online,2025-12-22,NO
1679,25976,45493,1773.72,failed,online,2025-12-22,NO
1,43171,48581,314.27,failed,online,2025-12-22,NO
4114,19390,50089,321.92,failed,online,2025-12-22,NO
4740,13821,50324,479.54,completed,online,2025-12-22,NO
3418,34365,51620,692.16,completed,online,2025-12-22,NO
1056,22487,56899,1902.43,completed,online,2025-12-22,NO
3716,27237,57938,1472.4,completed,online,2025-12-22,NO
3141,20575,59278,1385.85,failed,online,2025-12-22,NO
3640,6638,60666,328.47,failed,online,2025-12-22,NO
4802,48865,61336,1239.29,failed,online,2025-12-22,NO
4336,46658,61408,1867.76,completed,online,2025-12-22,NO
4108,29258,62872,1222.58,failed,online,2025-12-22,NO
4819,13022,66799,422.49,completed,online,2025-12-22,NO
29,10502,68523,1591.74,completed,online,2025-12-22,NO
3515,11943,69176,415.47,completed,online,2025-12-22,NO
1338,1381,69261,66.61,completed,online,2025-12-22,NO
2430,44224,69788,596.24,completed,online,2025-12-22,NO
228,32533,73598,1347.56,completed,online,2025-12-22,NO
1438,1162,74559,1893.26,failed,UNKNOWN,2025-12-22,NO
856,21564,74710,1466.86,completed,online,2025-12-22,NO
1482,47068,79019,813.75,failed,online,2025-12-22,NO
2234,29660,83836,1540.17,completed,online,2025-12-22,NO
3858,11689,86373,1823.64,failed,online,2025-12-22,NO
2552,16658,87272,1875.95,failed,online,2025-12-22,NO
3480,17290,87384,314.33,completed,online,2025-12-22,NO
1,18253,87491,1346.12,completed,online,2025-12-22,NO
4488,44953,87722,313.34,failed,online,2025-12-22,NO
1,22346,87746,929.96,completed,online,2025-12-22,NO
1,19181,88311,1427.06,completed,online,2025-12-22,NO
518,23983,91575,227.7,completed,online,2025-12-22,NO
3551,5986,93676,141.35,failed,online,2025-12-22,NO
4491,22241,94193,1217.21,failed,online,2025-12-22,NO
1,41,95187,1310.76,completed,online,2025-12-22,NO
1064,17569,96653,460.45,failed,online,2025-12-22,NO
1886,18135,98199,515.9,failed,online,2025-12-22,NO
2741,36836,100216,1100.13,completed,online,2025-12-22,NO
1687,10345,100731,418.55,failed,online,2025-12-22,NO
2375,8240,103712,1447.21,completed,online,2025-12-22,NO
103,38392,105133,904.71,completed,online,2025-12-22,NO
3530,30832,108839,1305.35,failed,online,2025-12-22,NO
1976,35121,109120,1184.59,completed,online,2025-12-22,NO
5,23095,110116,860.92,completed,online,2025-12-22,NO
2649,18426,110369,1126.3,failed,online,2025-12-22,NO
1,16532,111136,216.74,completed,online,2025-12-22,NO
1949,48016,111779,705.13,completed,online,2025-12-22,NO
4301,38617,115757,1384.8,failed,online,2025-12-22,NO
2012,34517,116129,1589.28,failed,online,2025-12-22,NO
2107,15141,119977,1893.68,completed,online,2025-12-22,NO
1759,28088,120091,875.77,failed,online,2025-12-22,NO
1,17238,121348,772.33,failed,online,2025-12-22,NO
1,37212,122579,1930.44,completed,online,2025-12-22,NO
344,22001,123377,1265.37,completed,online,2025-12-22,NO
1085,47477,127090,505.41,completed,UNKNOWN,2025-12-22,NO
4219,4474,127339,1678.34,completed,online,2025-12-22,NO
3032,23044,129859,1915.32,completed,online,2025-12-22,NO
1,13150,135198,81.56,failed,online,2025-12-22,NO
3695,196,138748,401.26,completed,online,2025-12-22,NO
1,32356,140942,593.68,failed,online,2025-12-22,NO
3146,13137,141019,1656.77,failed,online,2025-12-22,NO
799,1229,141855,248.2,failed,online,2025-12-22,NO
2729,43655,141931,1613.47,completed,online,2025-12-22,NO
2082,33632,142032,657.28,completed,online,2025-12-22,NO
3336,35033,144801,389.34,completed,online,2025-12-22,NO
2393,21857,1528,1160.82,completed,online,2025-12-24,NO
3087,25099,1987,1777.95,completed,online,2025-12-24,NO
665,9625,5051,1405.12,failed,online,2025-12-24,NO
1,46499,6513,562.89,completed,online,2025-12-24,NO
4087,24826,9013,696.79,failed,online,2025-12-24,NO
2448,14174,10146,703.91,failed,online,2025-12-24,NO
367,46002,10699,8218.24232989479,completed,online,2025-12-24,NO
3023,9337,15109,1215.58,failed,online,2025-12-24,NO
3989,3000,19774,929.62,completed,online,2025-12-24,NO
3776,43459,19808,1902.02,completed,online,2025-12-24,NO
4470,5787,25348,1825.29,completed,online,2025-12-24,NO
4027,16134,27840,120.43,completed,online,2025-12-24,NO
534,41798,28783,399.29,completed,online,2025-12-24,NO
2903,21465,28879,1591.25,completed,online,2025-12-24,NO
1,25031,30212,1902.9,completed,online,2025-12-24,NO
250,26449,37495,1397.32,failed,online,2025-12-24,NO
1,36941,37513,28.02,completed,online,2025-12-24,NO
2084,40808,38652,1267.73,completed,online,2025-12-24,NO
1,49641,41566,315.32,failed,online,2025-12-24,NO
1,7252,44293,824.7,failed,online,2025-12-24,NO
1976,36023,44381,1586.68,failed,online,2025-12-24,NO
3129,2489,49538,59.29,failed,online,2025-12-24,NO
1,45136,49636,385.12,completed,online,2025-12-24,NO
2351,38832,50875,1151.43,failed,online,2025-12-24,NO
3908,40939,52152,932.0,completed,online,2025-12-24,NO
1,30126,53968,1989.5,failed,online,2025-12-24,NO
3197,10450,53992,1337.7,failed,online,2025-12-24,NO
2251,27920,56722,1290.0,failed,online,2025-12-24,NO
856,30600,56881,357.86,completed,online,2025-12-24,NO
1389,18279,57049,903.86,failed,online,2025-12-24,NO
1,39896,58298,1656.12,failed,online,2025-12-24,NO
1,43452,59243,687.84,completed,online,2025-12-24,NO
4053,48964,60069,589.08,completed,online,2025-12-24,NO
556,2612,60845,1008.91,failed,online,2025-12-24,NO
1,36158,62808,947.2,completed,online,2025-12-24,NO
3647,37967,63945,1170.35,failed,online,2025-12-24,NO
4206,13284,64403,1548.65,failed,online,2025-12-24,NO
1,25289,67930,1090.55,completed,online,2025-12-24,NO
1171,39095,74026,26.79,completed,online,2025-12-24,NO
1550,42332,74208,1971.19,completed,online,2025-12-24,NO
568,34980,76389,532.63,failed,online,2025-12-24,NO
4419,10352,77070,1817.99,failed,online,2025-12-24,NO
1513,1847,81895,1394.53,completed,online,2025-12-24,NO
2269,9463,83334,736.96,completed,online,2025-12-24,NO
2397,12476,83621,103.16,completed,online,2025-12-24,NO
1675,32062,83741,715.31,completed,online,2025-12-24,NO
3430,13772,84487,1154.75,failed,online,2025-12-24,NO
2789,19209,88145,1512.92,completed,online,2025-12-24,NO
4558,12703,94932,349.92,failed,online,2025-12-24,NO
3163,40482,95766,1588.76,completed,online,2025-12-24,NO
4726,43381,96075,330.72,failed,online,2025-12-24,NO
3577,38331,96478,1614.3,failed,online,2025-12-24,NO
1756,47632,96788,1153.78,failed,online,2025-12-24,NO
4234,26358,99090,580.46,failed,online,2025-12-24,NO
1659,37998,100119,1591.79,completed,online,2025-12-24,NO
672,5924,101211,173.18,completed,online,2025-12-24,NO
1,26774,106622,413.89,completed,online,2025-12-24,NO
726,43156,106652,342.65,completed,online,2025-12-24,NO
3971,1372,106989,1635.41,failed,online,2025-12-24,NO
3341,37688,107867,283.07,failed,online,2025-12-24,NO
3388,5982,108222,1386.05,completed,online,2025-12-24,NO
1,35557,113915,100.62,failed,online,2025-12-24,NO
428,22234,114488,1621.32,failed,online,2025-12-24,NO
1,7126,114567,405.36,completed,online,2025-12-24,NO
1,46829,117686,1186.72,failed,UNKNOWN,2025-12-24,NO
3982,9627,120510,1061.82,completed,online,2025-12-24,NO
1503,18068,121268,528.82,failed,online,2025-12-24,NO
3661,38484,124939,1930.03,failed,online,2025-12-24,NO
873,24350,127346,1869.77,completed,online,2025-12-24,NO
3339,38906,127546,459.48,completed,online,2025-12-24,NO
1,8881,127896,78.15,failed,online,2025-12-24,NO
4814,4748,128016,1053.1,completed,online,2025-12-24,NO
1,3826,128213,624.5,completed,online,2025-12-24,NO
4624,5519,128852,1708.57,completed,online,2025-12-24,NO
3223,17803,129093,326.71,failed,online,2025-12-24,NO
1305,31138,129333,1746.05,failed,online,2025-12-24,NO
1,15577,132014,698.21,completed,online,2025-12-24,NO
2422,12589,133017,541.01,failed,online,2025-12-24,NO
1573,19966,134031,637.22,completed,online,2025-12-24,NO
1865,4674,139454,1663.65,failed,online,2025-12-24,NO
1096,8006,139900,582.52,completed,online,2025-12-24,NO
40,24939,140281,1330.48,completed,online,2025-12-24,NO
4641,36336,141443,483.03,failed,online,2025-12-24,NO
4424,40031,142330,1573.91,failed,online,2025-12-24,NO
536,7868,146803,1510.4,completed,online,2025-12-24,NO
4383,30196,147167,1170.29,completed,online,2025-12-24,NO
4628,49454,3033,871.71,failed,online,2025-09-22,NO
1,8609,4636,302.86,completed,online,2025-09-22,NO
1628,18663,8905,193.66,failed,online,2025-09-22,NO
1152,16224,9826,404.7,failed,online,2025-09-22,NO
1,34897,10217,230.74,completed,online,2025-09-22,NO
3824,15847,12732,594.83,failed,online,2025-09-22,NO
2391,38227,15605,326.71,failed,online,2025-09-22,NO
1455,16668,16003,1954.51,failed,online,2025-09-22,NO
30,8788,16023,225.4,completed,online,2025-09-22,NO
1,4075,17089,984.59,completed,online,2025-09-22,NO
4186,39141,17569,1171.92,completed,online,2025-09-22,NO
2814,44476,19527,1118.73,failed,online,2025-09-22,NO
778,15292,21536,1343.53,failed,online,2025-09-22,NO
3911,16815,24812,1060.76,failed,online,2025-09-22,NO
459,46103,28322,887.52,completed,online,2025-09-22,NO
4615,37276,31742,1037.31,failed,online,2025-09-22,NO
3292,4510,31762,1311.15,completed,online,2025-09-22,NO
3125,32163,33306,158.26,completed,online,2025-09-22,NO
3977,945,35404,1432.52,completed,online,2025-09-22,NO
525,24679,38533,1987.31,completed,online,2025-09-22,NO
4375,32929,39171,257.52,completed,online,2025-09-22,NO
1,6647,39205,279.07,completed,online,2025-09-22,NO
1873,42729,40345,1398.15,completed,online,2025-09-22,NO
3887,43608,40603,466.89,failed,online,2025-09-22,NO
978,3064,41593,94.84,failed,online,2025-09-22,NO
267,39148,43460,51.63,failed,online,2025-09-22,NO
1,49550,43536,104.5,completed,online,2025-09-22,NO
4350,30138,44412,207.2,failed,online,2025-09-22,NO
1,25035,44956,961.82,failed,online,2025-09-22,NO
2433,35138,47108,1440.81,failed,online,2025-09-22,NO
1222,12515,47245,1195.34,completed,online,2025-09-22,NO
1,28925,47658,1855.81,completed,online,2025-09-22,NO
3238,14194,48010,628.23,failed,online,2025-09-22,NO
980,46930,48360,1284.75,failed,online,2025-09-22,NO
2951,16411,51085,1760.38,completed,online,2025-09-22,NO
1,47811,52685,1839.89,completed,online,2025-09-22,NO
4310,10230,53596,1959.45,failed,online,2025-09-22,NO
736,15356,56181,1670.87,completed,online,2025-09-22,NO
1752,25122,62446,1025.89,completed,UNKNOWN,2025-09-22,NO
1099,7749,64632,404.93,failed,online,2025-09-22,NO
1,47296,66143,1996.68,completed,online,2025-09-22,NO
670,21568,66549,1850.19,completed,online,2025-09-22,NO
4383,3198,66776,1849.41,failed,online,2025-09-22,NO
2777,41443,67283,1573.58,completed,online,2025-09-22,NO
1095,16971,67834,1121.36,failed,online,2025-09-22,NO
4480,23183,68122,448.54,failed,online,2025-09-22,NO
1560,6739,69138,806.1,failed,online,2025-09-22,NO
2078,44774,69907,20.31,completed,online,2025-09-22,NO
3579,47153,72454,1723.08,completed,online,2025-09-22,NO
2833,12886,76332,14.02,failed,online,2025-09-22,NO
1,29898,77462,296.57,failed,online,2025-09-22,NO
3752,36850,77805,1117.28,failed,online,2025-09-22,NO
1113,2071,77813,784.21,completed,UNKNOWN,2025-09-22,NO
3283,26573,84539,1172.43,completed,online,2025-09-22,NO
656,9525,86334,686.42,failed,online,2025-09-22,NO
564,5149,88458,1422.57,completed,online,2025-09-22,NO
2713,12150,95716,1269.79,completed,online,2025-09-22,NO
3002,1633,96069,1159.3,completed,online,2025-09-22,NO
1,18902,96422,1544.14,completed,online,2025-09-22,NO
366,34947,96803,247.12,failed,online,2025-09-22,NO
2101,37596,98636,77.37,completed,online,2025-09-22,NO
3917,29440,101126,418.3,completed,online,2025-09-22,NO
3739,10098,102733,1730.96,failed,online,2025-09-22,NO
2243,1247,104470,477.9,completed,online,2025-09-22,NO
4169,22417,105306,1578.38,completed,online,2025-09-22,NO
1331,38026,108667,1325.11,failed,online,2025-09-22,NO
500,20035,108779,1009.88,completed,online,2025-09-22,NO
1,38250,110303,310.24,completed,online,2025-09-22,NO
969,39779,113367,1037.41,failed,online,2025-09-22,NO
2917,36970,118365,1589.69,failed,online,2025-09-22,NO
4982,43191,120835,879.84,failed,online,2025-09-22,NO
819,8232,121028,1937.57,completed,online,2025-09-22,NO
4590,7867,121718,7924.856661681486,completed,online,2025-09-22,NO
4516,43424,121788,948.3,completed,UNKNOWN,2025-09-22,NO
2781,624,127017,517.95,completed,online,2025-09-22,NO
1777,40671,128703,655.99,completed,online,2025-09-22,NO
4802,2371,129167,1610.95,failed,online,2025-09-22,NO
3551,9390,129337,1854.9,failed,online,2025-09-22,NO
2122,32811,135253,1109.33,failed,online,2025-09-22,NO
4115,5797,138014,246.59,failed,online,2025-09-22,NO
3479,21616,140292,980.73,failed,online,2025-09-22,NO
4710,24754,141496,1909.99,completed,online,2025-09-22,NO
2834,21786,143084,1645.47,failed,online,2025-09-22,NO
1275,44895,143807,1277.2,failed,online,2025-09-22,NO
1,45231,146532,109.25,failed,online,2025-09-22,NO
1137,34704,148582,834.3,completed,online,2025-09-22,NO
609,8155,1623,16.59,failed,online,2025-11-22,NO
4369,7898,1655,1000.46,failed,online,2025-11-22,NO
2426,46195,1668,1458.93,failed,online,2025-11-22,NO
1537,23168,3079,1414.78,failed,online,2025-11-22,NO
3174,4988,3820,688.27,completed,online,2025-11-22,NO
1415,45793,4802,1887.42,completed,online,2025-11-22,NO
3499,20703,5378,946.88,completed,online,2025-11-22,NO
3221,12134,10030,1804.67,failed,online,2025-11-22,NO
2716,38900,12923,1568.56,completed,online,2025-11-22,NO
4149,24193,14677,1732.58,completed,online,2025-11-22,NO
1,41121,16817,1580.64,failed,online,2025-11-22,NO
2493,19236,20849,1593.8,completed,online,2025-11-22,NO
101,25082,21196,1702.0,completed,online,2025-11-22,NO
4989,35368,24927,1657.28,completed,online,2025-11-22,NO
3008,39919,25652,1642.47,completed,online,2025-11-22,NO
3461,7637,27387,1973.17,completed,online,2025-11-22,NO
1,16762,30456,72.33,completed,online,2025-11-22,NO
119,32631,32179,1127.46,failed,online,2025-11-22,NO
3536,10963,32712,1308.89,completed,online,2025-11-22,NO
4882,1848,35282,284.19,completed,online,2025-11-22,NO
1,47924,36149,287.13,failed,online,2025-11-22,NO
1165,3998,36542,924.99,completed,online,2025-11-22,NO
2397,19061,36769,1489.2,failed,online,2025-11-22,NO
928,15749,37659,1552.14,failed,online,2025-11-22,NO
1,44844,37813,1288.8,completed,online,2025-11-22,NO
4571,12403,38688,1640.6,completed,online,2025-11-22,NO
1202,11069,41663,526.36,completed,online,2025-11-22,NO
1605,27963,42411,1590.5,completed,UNKNOWN,2025-11-22,NO
774,15654,44341,609.99,completed,online,2025-11-22,NO
1,43964,46282,1051.31,failed,online,2025-11-22,NO
1,27558,52261,1995.61,completed,online,2025-11-22,NO
4716,24113,54112,98.84,completed,online,2025-11-22,NO
1,36481,54528,497.08,completed,online,2025-11-22,NO
3325,24527,55585,1258.53,completed,online,2025-11-22,NO
4492,45922,58915,1678.68,failed,online,2025-11-22,NO
4371,28097,61847,34.49,completed,online,2025-11-22,NO
489,21409,64620,484.5,completed,online,2025-11-22,NO
3784,45553,68835,197.9,completed,online,2025-11-22,NO
4941,11402,69063,1864.85,completed,online,2025-11-22,NO
3825,8496,70496,66.67,completed,online,2025-11-22,NO
1,15311,72665,1092.93,completed,online,2025-11-22,NO
3436,21148,73770,40.85,failed,online,2025-11-22,NO
3455,11216,74436,877.4,completed,online,2025-11-22,NO
1,886,74945,1829.48,completed,online,2025-11-22,NO
3788,34078,79328,671.77,completed,online,2025-11-22,NO
3361,14777,83235,23.99,completed,online,2025-11-22,NO
1,4864,85611,299.61,failed,online,2025-11-22,NO
292,42290,89659,408.07,completed,online,2025-11-22,NO
2476,4907,90486,1901.45,failed,online,2025-11-22,NO
194,16968,91097,444.74,completed,online,2025-11-22,NO
1,34602,94650,1327.4,failed,online,2025-11-22,NO
3467,17483,98253,286.32,completed,online,2025-11-22,NO
3816,5035,98554,1659.15,failed,online,2025-11-22,NO
1,47704,99648,1361.18,completed,online,2025-11-22,NO
438,23948,100834,185.29,failed,online,2025-11-22,NO
2972,24706,101622,955.36,failed,online,2025-11-22,NO
1561,37525,103557,312.23,failed,online,2025-11-22,NO
1,45518,104856,1785.33,failed,online,2025-11-22,NO
2624,16380,105030,1405.51,completed,online,2025-11-22,NO
4593,31101,107711,1601.41,failed,online,2025-11-22,NO
2007,38797,109890,1930.12,failed,online,2025-11-22,NO
3343,5940,113827,118.17,completed,online,2025-11-22,NO
822,31357,113900,1533.75,completed,online,2025-11-22,NO
1212,32933,115001,884.32,completed,online,2025-11-22,NO
3766,241,118509,992.87,completed,online,2025-11-22,NO
4763,42714,118664,1555.03,completed,online,2025-11-22,NO
4387,19445,119928,1939.81,completed,online,2025-11-22,NO
1,7985,123310,1425.87,completed,online,2025-11-22,NO
2973,2138,123950,1877.74,failed,online,2025-11-22,NO
1,12011,124346,1421.99,completed,online,2025-11-22,NO
1053,36540,124689,165.59,completed,online,2025-11-22,NO
1224,14852,126011,473.1,completed,online,2025-11-22,NO
4772,34306,126816,1507.86,completed,online,2025-11-22,NO
3143,40848,128239,684.22,completed,online,2025-11-22,NO
1547,26600,129254,424.98,completed,online,2025-11-22,NO
3262,31774,129262,161.38,completed,online,2025-11-22,NO
1634,30045,129601,59.27,failed,online,2025-11-22,NO
1,4742,129940,1172.75,failed,online,2025-11-22,NO
3014,48529,136921,1024.74,completed,online,2025-11-22,NO
3046,45138,137046,1454.36,failed,online,2025-11-22,NO
870,27072,137902,259.51,completed,online,2025-11-22,NO
1400,16405,144165,810.86,failed,online,2025-11-22,NO
1149,16809,144828,1674.36,failed,online,2025-11-22,NO
2120,48413,146194,8641.025941154598,completed,online,2025-11-22,NO
1082,48063,147016,957.28,completed,online,2025-11-22,NO
1,30936,5091,1996.93,failed,UNKNOWN,2025-08-23,NO
1,23110,7652,685.54,failed,online,2025-08-23,NO
1,30509,12033,1372.55,completed,online,2025-08-23,NO
296,44044,13600,421.14,completed,online,2025-08-23,NO
1305,40294,13632,1064.78,failed,online,2025-08-23,NO
4184,13085,14019,1566.62,completed,online,2025-08-23,NO
505,21133,14953,724.2,completed,online,2025-08-23,NO
1,14024,19773,1939.56,completed,online,2025-08-23,NO
1,45849,20714,1101.66,failed,online,2025-08-23,NO
4220,40452,21982,297.06,failed,online,2025-08-23,NO
3544,17918,22720,1310.43,failed,online,2025-08-23,NO
432,16816,23241,343.35,completed,online,2025-08-23,NO
4834,36661,23266,1240.37,completed,online,2025-08-23,NO
4171,21090,23990,1970.78,completed,online,2025-08-23,NO
3283,43278,25927,1073.88,failed,online,2025-08-23,NO
1677,9340,26202,1436.64,failed,online,2025-08-23,NO
1639,40155,27300,1448.39,failed,online,2025-08-23,NO
2911,6187,27363,1835.87,failed,online,2025-08-23,NO
4857,33800,31048,717.56,failed,online,2025-08-23,NO
1,41890,31098,828.78,completed,online,2025-08-23,NO
4360,10002,31836,810.11,completed,online,2025-08-23,NO
1,11080,32228,721.05,completed,online,2025-08-23,NO
1,3084,33432,519.67,completed,online,2025-08-23,NO
2845,9295,35064,317.65,completed,online,2025-08-23,NO
120,46357,36743,254.04,completed,online,2025-08-23,NO
3047,26720,39159,490.53,completed,online,2025-08-23,NO
1,39338,39588,1148.03,failed,online,2025-08-23,NO
3370,19107,41036,1278.27,failed,online,2025-08-23,NO
4663,12095,41728,1653.72,failed,online,2025-08-23,NO
1761,36310,43827,885.31,completed,online,2025-08-23,NO
1942,45352,47265,1577.89,completed,online,2025-08-23,NO
1,44366,50374,1774.84,completed,online,2025-08-23,NO
2829,16725,51782,1649.55,failed,online,2025-08-23,NO
3273,29334,52790,1833.68,completed,online,2025-08-23,NO
2659,40765,58580,1809.17,completed,online,2025-08-23,NO
12,11961,63185,523.72,failed,online,2025-08-23,NO
4759,15822,64174,1330.96,failed,online,2025-08-23,NO
4119,36230,65255,935.57,failed,online,2025-08-23,NO
1178,45207,65772,1706.89,failed,online,2025-08-23,NO
259,48774,69560,536.28,completed,online,2025-08-23,NO
1,32274,71473,1783.16,failed,online,2025-08-23,NO
1,15477,71495,634.22,failed,online,2025-08-23,NO
2039,31534,74341,1210.11,failed,online,2025-08-23,NO
2555,31311,76188,1692.51,failed,online,2025-08-23,NO
3565,41991,77446,1517.06,completed,online,2025-08-23,NO
1,5312,87009,1404.22,failed,online,2025-08-23,NO
2003,2695,89328,946.36,failed,online,2025-08-23,NO
487,9443,89338,1395.13,failed,online,2025-08-23,NO
2362,37353,94679,885.76,completed,online,2025-08-23,NO
598,44435,98733,862.81,completed,online,2025-08-23,NO
1,49903,100089,1947.02,failed,online,2025-08-23,NO
1,27562,100606,904.58,failed,online,2025-08-23,NO
1900,41569,102259,28.55,completed,online,2025-08-23,NO
4046,17577,102791,1816.81,failed,online,2025-08-23,NO
508,45631,103649,1102.13,completed,online,2025-08-23,NO
2343,25716,104961,458.44,completed,online,2025-08-23,NO
2950,3942,105287,1764.6,failed,online,2025-08-23,NO
4051,42641,106729,1517.54,completed,online,2025-08-23,NO
2249,41750,107048,1111.7,completed,online,2025-08-23,NO
925,39499,108392,1845.53,completed,online,2025-08-23,NO
2452,13261,109129,473.64,completed,online,2025-08-23,NO
2732,17157,109451,117.69,completed,online,2025-08-23,NO
1,18463,109568,293.76,completed,online,2025-08-23,NO
4589,24360,110424,147.55,completed,online,2025-08-23,NO
582,41618,113565,1916.87,failed,online,2025-08-23,NO
1,11611,113768,1184.16,failed,UNKNOWN,2025-08-23,NO
1,46097,114583,281.1,completed,online,2025-08-23,NO
3148,9972,117351,501.61,failed,online,2025-08-23,NO
2393,5647,117361,1425.39,completed,online,2025-08-23,NO
4509,44873,125792,647.59,failed,online,2025-08-23,NO
4720,33170,126523,1751.96,failed,online,2025-08-23,NO
1,10573,128247,1914.44,completed,online,2025-08-23,NO
1654,26159,129169,1443.6,completed,online,2025-08-23,NO
2776,30764,129834,433.71,completed,online,2025-08-23,NO
2156,43628,134960,697.66,failed,online,2025-08-23,NO
1,7573,135695,23.55,completed,online,2025-08-23,NO
1070,4011,137897,1757.05,failed,online,2025-08-23,NO
1098,1088,138354,1690.11,failed,online,2025-08-23,NO
3099,39905,138607,1184.76,failed,online,2025-08-23,NO
1,30593,138765,1992.36,completed,online,2025-08-23,NO
1,17192,140869,527.77,completed,online,2025-08-23,NO
2183,17999,140987,399.27,failed,online,2025-08-23,NO
433,35015,142228,1022.48,completed,online,2025-08-23,NO
2970,8066,144969,1292.54,completed,online,2025-08-23,NO
4466,5135,145879,236.58,completed,online,2025-08-23,NO
1,11857,147160,1339.7,failed,online,2025-08-23,NO
75,36595,285,1499.79,failed,online,2025-05-22,NO
1,14278,2572,129.52,completed,online,2025-05-22,NO
2789,11780,4305,1429.14,completed,online,2025-05-22,NO
496,14161,7649,977.67,completed,online,2025-05-22,NO
3897,44820,11954,493.68,failed,online,2025-05-22,NO
4645,23486,12102,1834.62,failed,UNKNOWN,2025-05-22,NO
2578,4852,14105,138.36,completed,online,2025-05-22,NO
3504,6463,14876,1809.84,completed,online,2025-05-22,NO
4732,32917,16695,127.52,failed,online,2025-05-22,NO
2997,32552,17423,1288.41,completed,online,2025-05-22,NO
2154,25312,18947,1781.59,completed,online,2025-05-22,NO
3168,32497,19200,564.11,failed,online,2025-05-22,NO
4351,39773,20413,1895.09,completed,online,2025-05-22,NO
3948,31426,22909,177.89,failed,online,2025-05-22,NO
485,2491,25421,1734.47,completed,online,2025-05-22,NO
1,46038,26159,332.88,failed,online,2025-05-22,NO
4951,13016,29422,439.31,failed,online,2025-05-22,NO
3913,2015,40399,566.35,completed,online,2025-05-22,NO
734,27281,42005,927.63,completed,online,2025-05-22,NO
2519,46664,42440,1499.42,failed,online,2025-05-22,NO
1,46448,43747,226.55,completed,online,2025-05-22,NO
1489,29103,45768,771.16,completed,online,2025-05-22,NO
4579,47935,50581,769.49,failed,online,2025-05-22,NO
1,42778,51372,1009.39,failed,online,2025-05-22,NO
4512,8317,51567,294.14,failed,online,2025-05-22,NO
4167,21752,53699,1998.15,failed,online,2025-05-22,NO
2458,5018,57048,1451.44,failed,online,2025-05-22,NO
2862,49893,59030,822.72,completed,online,2025-05-22,NO
1,45071,59356,1340.36,completed,online,2025-05-22,NO
155,15277,59876,1749.36,completed,online,2025-05-22,NO
932,29721,60522,658.8,completed,online,2025-05-22,NO
355,47807,61192,775.46,failed,online,2025-05-22,NO
3937,38532,61305,476.64,completed,online,2025-05-22,NO
3323,7685,62459,724.49,failed,online,2025-05-22,NO
494,10870,62813,1268.34,completed,online,2025-05-22,NO
4830,33199,63948,342.31,failed,online,2025-05-22,NO
4316,24515,64822,1610.92,completed,online,2025-05-22,NO
1,15343,66433,1901.66,failed,online,2025-05-22,NO
609,29223,68808,21.88,completed,online,2025-05-22,NO
1827,34683,69449,1741.94,completed,online,2025-05-22,NO
3823,1488,70224,861.09,failed,online,2025-05-22,NO
1,2607,71033,1960.25,failed,online,2025-05-22,NO
1100,19134,73194,1352.82,completed,online,2025-05-22,NO
4430,13757,73452,513.86,completed,online,2025-05-22,NO
3348,32079,73492,1246.22,failed,online,2025-05-22,NO
92,12530,74982,221.69,completed,online,2025-05-22,NO
414,48020,76470,468.22,failed,online,2025-05-22,NO
408,11444,76691,930.47,failed,online,2025-05-22,NO
2025,7760,81259,94.36,completed,online,2025-05-22,NO
2578,1773,84004,1933.01,completed,online,2025-05-22,NO
4196,11304,85784,7060.370191817745,completed,online,2025-05-22,NO
4185,38561,86420,502.68,failed,online,2025-05-22,NO
1,25894,86761,1004.78,failed,online,2025-05-22,NO
1,71,91274,562.86,failed,online,2025-05-22,NO
1,24053,92458,1878.17,failed,online,2025-05-22,NO
3729,36090,93154,1433.74,completed,online,2025-05-22,NO
1,46012,93893,857.9,completed,online,2025-05-22,NO
4791,22058,94031,619.64,completed,online,2025-05-22,NO
728,43355,96704,11.25,completed,online,2025-05-22,NO
1153,23407,101790,325.12,failed,online,2025-05-22,NO
2300,29704,108057,689.72,failed,online,2025-05-22,NO
4632,31759,116319,685.01,failed,online,2025-05-22,NO
1178,32655,121555,1857.59,completed,online,2025-05-22,NO
1,35573,125666,1760.63,completed,online,2025-05-22,NO
4167,33696,126237,770.31,failed,online,2025-05-22,NO
3363,28346,126416,1206.32,failed,online,2025-05-22,NO
2452,26425,126648,1069.91,completed,online,2025-05-22,NO
594,24637,127332,1474.38,failed,online,2025-05-22,NO
2441,8342,130086,508.62,failed,online,2025-05-22,NO
768,1273,130122,730.65,failed,online,2025-05-22,NO
4338,44883,130254,1303.73,completed,online,2025-05-22,NO
3881,21893,130465,1563.82,failed,online,2025-05-22,NO
1411,34286,131198,880.89,failed,online,2025-05-22,NO
2400,27616,131727,1645.3,failed,online,2025-05-22,NO
32,48378,131975,600.02,failed,online,2025-05-22,NO
2473,22164,133030,1510.62,failed,online,2025-05-22,NO
2977,21937,133294,590.07,failed,online,2025-05-22,NO
1849,23114,135678,1395.32,completed,online,2025-05-22,NO
3652,31633,137680,1201.97,failed,online,2025-05-22,NO
3974,21325,139264,1362.39,completed,online,2025-05-22,NO
1006,1625,141875,1430.73,completed,online,2025-05-22,NO
1,17788,143124,269.67,completed,online,2025-05-22,NO
502,3975,146377,1380.31,completed,online,2025-05-22,NO
4194,2112,147524,144.55,completed,online,2025-05-22,NO
4259,41355,148104,407.24,failed,online,2025-05-22,NO
4595,7377,148635,92.51,failed,online,2025-05-22,NO
1443,32987,3133,1204.1,failed,online,2025-04-22,NO
4444,25611,4240,951.58,failed,online,2025-04-22,NO
1,33701,9442,1715.11,completed,online,2025-04-22,NO
2095,38629,10377,1979.17,failed,online,2025-04-22,NO
459,4685,10567,499.71,completed,online,2025-04-22,NO
778,325,10817,423.36,failed,online,2025-04-22,NO
3692,22521,11589,406.5,failed,online,2025-04-22,NO
745,25207,17263,1341.64,failed,online,2025-04-22,NO
4040,29510,19063,6431.201225106274,failed,online,2025-04-22,NO
3558,30341,19988,601.24,failed,online,2025-04-22,NO
1,12963,20434,1749.28,failed,online,2025-04-22,NO
1,39027,24728,961.88,failed,online,2025-04-22,NO
2799,21325,24889,810.16,completed,online,2025-04-22,NO
2096,6327,25125,1989.19,failed,online,2025-04-22,NO
1883,45771,26933,1569.54,completed,online,2025-04-22,NO
1,28567,27480,745.0,completed,online,2025-04-22,NO
1388,33764,30654,1257.38,completed,online,2025-04-22,NO
4445,34095,30744,1995.55,completed,online,2025-04-22,NO
335,9348,31111,1049.44,completed,online,2025-04-22,NO
4857,2796,31348,496.15,failed,online,2025-04-22,NO
1,24626,34031,1967.4,failed,online,2025-04-22,NO
1,35177,34778,146.63,failed,online,2025-04-22,NO
115,28073,36048,1517.28,completed,online,2025-04-22,NO
433,19812,38359,122.25,failed,online,2025-04-22,NO
1345,6552,39253,1427.48,failed,online,2025-04-22,NO
1,38972,39385,1657.83,failed,online,2025-04-22,NO
3983,30259,40739,1184.17,completed,online,2025-04-22,NO
4551,8328,42343,758.79,failed,online,2025-04-22,NO
3744,45179,42634,1192.02,completed,online,2025-04-22,NO
4206,20984,42671,812.13,failed,online,2025-04-22,NO
714,32462,42909,1879.97,completed,online,2025-04-22,NO
1,8737,43033,328.28,completed,online,2025-04-22,NO
416,39000,45202,1728.22,failed,online,2025-04-22,NO
307,43941,48231,674.45,failed,online,2025-04-22,NO
4697,16078,49094,1066.43,failed,online,2025-04-22,NO
2850,34527,51996,859.47,failed,online,2025-04-22,NO
3869,33230,55785,1799.13,completed,online,2025-04-22,NO
4104,813,58976,1062.84,completed,online,2025-04-22,NO
4800,33047,62333,68.52,failed,online,2025-04-22,NO
534,5876,62781,1076.61,completed,online,2025-04-22,NO
1,43412,63239,1508.35,completed,online,2025-04-22,NO
746,47158,64139,547.83,completed,online,2025-04-22,NO
1,2847,65099,654.6,failed,online,2025-04-22,NO
1283,35855,65192,1567.52,failed,online,2025-04-22,NO
1,5262,65367,1569.15,failed,online,2025-04-22,NO
1889,12463,66657,878.25,failed,online,2025-04-22,NO
1,37874,67997,1137.96,failed,online,2025-04-22,NO
403,45116,68170,1201.87,completed,online,2025-04-22,NO
3192,34893,69162,820.75,failed,online,2025-04-22,NO
1609,2134,69323,1164.86,failed,online,2025-04-22,NO
4760,15585,71732,325.9,failed,online,2025-04-22,NO
1338,9737,76293,683.08,failed,online,2025-04-22,NO
4232,18516,77756,1508.94,failed,online,2025-04-22,NO
1,8489,79577,1266.82,failed,online,2025-04-22,NO
2438,47505,79865,1724.66,failed,online,2025-04-22,NO
1,32491,80496,1111.02,completed,online,2025-04-22,NO
653,41903,82799,792.56,failed,online,2025-04-22,NO
4030,1594,84018,760.96,failed,online,2025-04-22,NO
1565,2879,84515,1625.73,completed,online,2025-04-22,NO
3455,26355,89539,566.43,completed,online,2025-04-22,NO
3081,49886,90012,422.94,completed,online,2025-04-22,NO
1686,41264,92764,1420.31,failed,online,2025-04-22,NO
1264,5257,94274,592.95,completed,online,2025-04-22,NO
4787,44264,97856,644.93,failed,online,2025-04-22,NO
1,46905,98601,895.59,failed,online,2025-04-22,NO
2958,46803,99216,843.21,completed,online,2025-04-22,NO
4761,41542,100150,1334.26,failed,online,2025-04-22,NO
1354,4222,104142,914.64,failed,online,2025-04-22,NO
3488,16862,106945,1549.89,failed,online,2025-04-22,NO
3534,26987,108115,123.99,completed,online,2025-04-22,NO
1,22860,111123,1721.17,failed,online,2025-04-22,NO
1644,45375,116709,1283.77,failed,online,2025-04-22,NO
3245,22384,118037,1543.77,completed,online,2025-04-22,NO
658,19657,121323,1351.72,completed,online,2025-04-22,NO
2438,6714,126863,1311.05,failed,online,2025-04-22,NO
1,31340,129182,1584.0,failed,online,2025-04-22,NO
1,22694,133864,825.69,completed,online,2025-04-22,NO
74,42244,137821,770.39,failed,online,2025-04-22,NO
1639,36744,139226,726.68,failed,UNKNOWN,2025-04-22,NO
1,37418,139689,1138.14,failed,online,2025-04-22,NO
1393,38220,140384,691.85,completed,online,2025-04-22,NO
905,17147,141009,797.53,completed,online,2025-04-22,NO
1124,44109,143399,1627.05,completed,online,2025-04-22,NO
689,39277,143679,1537.13,completed,online,2025-04-22,NO
1411,22071,143696,822.53,completed,online,2025-04-22,NO
760,11264,144433,89.62,failed,online,2025-04-22,NO
3578,12908,147573,1200.89,completed,online,2025-04-22,NO
577,29851,462,1307.65,completed,online,2025-08-17,NO
1131,39425,1950,879.45,completed,online,2025-08-17,NO
3112,28012,2841,1080.12,failed,online,2025-08-17,NO
2754,18595,5187,265.23,completed,online,2025-08-17,NO
1,11185,5941,433.13,completed,online,2025-08-17,NO
3635,3608,7180,524.76,completed,online,2025-08-17,NO
1,33390,7344,1990.17,completed,online,2025-08-17,NO
1,48375,8106,86.09,failed,online,2025-08-17,NO
1,48424,9014,1509.47,failed,online,2025-08-17,NO
1303,21451,9259,1101.64,completed,online,2025-08-17,NO
154,13060,10340,1101.54,completed,UNKNOWN,2025-08-17,NO
2600,20675,10901,808.07,completed,online,2025-08-17,NO
2732,47336,11047,754.57,completed,online,2025-08-17,NO
1,15686,11994,1901.34,completed,online,2025-08-17,NO
3380,4729,13793,450.7,completed,online,2025-08-17,NO
1,31001,16239,1450.91,completed,online,2025-08-17,NO
3706,23452,18887,145.81,failed,online,2025-08-17,NO
1,10899,19198,1332.03,failed,online,2025-08-17,NO
223,45507,21310,807.28,failed,online,2025-08-17,NO
1428,36150,21440,1137.47,failed,online,2025-08-17,NO
652,16278,21873,460.46,completed,online,2025-08-17,NO
3634,18046,24677,576.01,failed,online,2025-08-17,NO
932,18713,26509,1312.72,completed,online,2025-08-17,NO
1,15684,28256,199.06,completed,online,2025-08-17,NO
1902,14806,28613,875.75,failed,online,2025-08-17,NO
2454,12627,34670,724.33,failed,online,2025-08-17,NO
3332,39763,40208,1199.81,completed,online,2025-08-17,NO
2639,42818,40819,669.21,failed,online,2025-08-17,NO
4910,25995,42332,812.54,failed,online,2025-08-17,NO
4054,25065,45936,479.06,completed,online,2025-08-17,NO
4011,15810,46419,1567.64,completed,online,2025-08-17,NO
1177,31711,46847,402.01,completed,online,2025-08-17,NO
1,355,48288,1116.59,completed,online,2025-08-17,NO
1294,27644,49281,934.24,completed,online,2025-08-17,NO
1,37856,50149,1374.58,failed,online,2025-08-17,NO
494,38571,56395,11.82,completed,online,2025-08-17,NO
4517,31049,57650,505.06,completed,online,2025-08-17,NO
1,3416,57753,1757.25,failed,UNKNOWN,2025-08-17,NO
159,12261,58614,880.88,completed,online,2025-08-17,NO
913,11219,58799,1255.29,failed,online,2025-08-17,NO
1,7950,60229,1113.28,completed,online,2025-08-17,NO
2024,14846,61282,1660.5,failed,online,2025-08-17,NO
4151,18170,65734,1938.04,completed,online,2025-08-17,NO
3752,4435,70444,101.44,failed,online,2025-08-17,NO
2040,16975,73287,1859.78,completed,online,2025-08-17,NO
4671,28817,74340,1890.3,completed,online,2025-08-17,NO
2416,5362,77631,671.67,failed,online,2025-08-17,NO
544,29148,77785,1174.22,failed,online,2025-08-17,NO
3752,46292,80291,398.35,failed,online,2025-08-17,NO
2876,36402,83699,963.27,failed,online,2025-08-17,NO
1316,27035,85329,977.89,failed,online,2025-08-17,NO
4746,1094,86548,1023.68,completed,online,2025-08-17,NO
1235,42011,86865,1486.1,failed,online,2025-08-17,NO
1428,13106,87924,467.34,completed,online,2025-08-17,NO
3214,35600,90249,1613.81,completed,online,2025-08-17,NO
1,32831,92471,1073.89,failed,online,2025-08-17,NO
628,33281,92906,513.57,failed,online,2025-08-17,NO
2437,344,93768,122.17,completed,online,2025-08-17,NO
177,13546,94770,1195.04,completed,online,2025-08-17,NO
1,18307,95419,428.89,completed,online,2025-08-17,NO
1349,1011,103184,151.29,failed,online,2025-08-17,NO
2694,11844,105768,758.68,completed,online,2025-08-17,NO
4771,17844,106209,1053.77,failed,online,2025-08-17,NO
3568,23582,106994,9268.828641747876,failed,online,2025-08-17,NO
1460,3371,110202,1681.91,failed,online,2025-08-17,NO
4033,34502,110533,385.46,failed,online,2025-08-17,NO
1912,31333,112457,601.96,completed,online,2025-08-17,NO
1143,15257,115970,966.78,completed,online,2025-08-17,NO
1,411,116067,1887.42,failed,online,2025-08-17,NO
1737,10430,116925,1093.76,failed,online,2025-08-17,NO
1,15261,117477,1510.02,failed,online,2025-08-17,NO
2062,42274,117916,91.82,completed,online,2025-08-17,NO
1525,36176,119198,1611.47,completed,UNKNOWN,2025-08-17,NO
1,2712,120479,647.62,completed,online,2025-08-17,NO
1,35913,120653,1438.67,completed,online,2025-08-17,NO
2744,4373,125282,1728.96,failed,online,2025-08-17,NO
3193,12058,131905,1854.71,failed,online,2025-08-17,NO
3859,4995,133000,259.11,failed,online,2025-08-17,NO
2260,28662,137502,453.21,failed,UNKNOWN,2025-08-17,NO
2390,17376,139864,829.18,failed,online,2025-08-17,NO
1557,36458,140815,800.15,completed,online,2025-08-17,NO
4864,2394,142767,1941.83,completed,online,2025-08-17,NO
1,35068,142979,1595.09,completed,online,2025-08-17,NO
4905,32664,144184,1925.23,failed,online,2025-08-17,NO
1,8944,145687,440.59,completed,online,2025-08-17,NO
2095,19461,147571,932.08,completed,online,2025-08-17,NO
1,35039,2022,460.59,failed,online,2025-07-21,NO
1,1342,7347,5240.462373968445,failed,online,2025-07-21,NO
3707,35648,11624,30.11,completed,online,2025-07-21,NO
327,39632,11888,1722.0,failed,online,2025-07-21,NO
4246,35191,12859,303.21,completed,online,2025-07-21,NO
852,28897,14458,930.91,failed,online,2025-07-21,NO
2648,29385,15811,395.01,completed,online,2025-07-21,NO
3558,2043,23455,1975.7,failed,online,2025-07-21,NO
1164,20693,24818,1150.75,completed,online,2025-07-21,NO
148,4302,28018,55.07,completed,online,2025-07-21,NO
1,24645,28778,843.68,completed,online,2025-07-21,NO
1034,11500,30961,1252.14,completed,online,2025-07-21,NO
1,13498,35454,1197.55,failed,online,2025-07-21,NO
4910,6873,35782,1691.95,completed,online,2025-07-21,NO
284,17121,36066,305.34,completed,online,2025-07-21,NO
3164,44601,36626,369.85,completed,online,2025-07-21,NO
4932,21829,37160,374.43,completed,online,2025-07-21,NO
2788,44045,39217,1216.11,completed,online,2025-07-21,NO
1796,22204,42988,1733.39,completed,online,2025-07-21,NO
355,2831,43401,1534.54,failed,online,2025-07-21,NO
1424,35403,44173,361.99,failed,online,2025-07-21,NO
1,24282,44354,1965.32,failed,online,2025-07-21,NO
2698,26974,44596,1308.26,completed,UNKNOWN,2025-07-21,NO
2167,30615,47100,747.19,failed,online,2025-07-21,NO
4186,30755,51181,116.4,failed,online,2025-07-21,NO
539,9862,51468,1959.15,failed,online,2025-07-21,NO
263,29271,53468,254.33,completed,online,2025-07-21,NO
3767,17123,57615,1239.04,completed,online,2025-07-21,NO
654,120,58435,618.04,completed,online,2025-07-21,NO
214,27353,60514,1342.28,failed,online,2025-07-21,NO
778,27748,60742,338.11,completed,online,2025-07-21,NO
1923,22791,61659,1135.61,failed,online,2025-07-21,NO
3453,14261,64640,1916.51,completed,online,2025-07-21,NO
4268,43550,65835,1535.78,completed,online,2025-07-21,NO
1045,26608,65867,221.08,failed,online,2025-07-21,NO
259,9563,66707,611.98,failed,online,2025-07-21,NO
3230,24919,68509,355.3,completed,online,2025-07-21,NO
3955,39644,69800,591.99,failed,online,2025-07-21,NO
2171,2033,72111,1575.62,completed,online,2025-07-21,NO
994,18093,72873,1078.9,failed,online,2025-07-21,NO
555,17993,75050,772.37,completed,online,2025-07-21,NO
3643,7094,80018,1771.05,completed,online,2025-07-21,NO
1027,15760,80181,82.75,failed,online,2025-07-21,NO
1,20182,80382,406.0,completed,online,2025-07-21,NO
1637,22410,84486,643.92,completed,online,2025-07-21,NO
269,37624,85104,828.83,failed,online,2025-07-21,NO
2744,32463,90571,1284.33,failed,online,2025-07-21,NO
2528,35561,91311,1468.75,failed,online,2025-07-21,NO
542,40506,91628,1482.52,failed,online,2025-07-21,NO
2516,453,92893,1401.58,failed,online,2025-07-21,NO
4527,20729,93382,1246.97,failed,online,2025-07-21,NO
1,24031,94265,1732.81,completed,online,2025-07-21,NO
1634,23775,95019,218.0,completed,online,2025-07-21,NO
1,44384,97666,1243.87,completed,online,2025-07-21,NO
1,4221,98250,962.99,failed,online,2025-07-21,NO
65,48059,101505,1536.86,completed,online,2025-07-21,NO
4988,15742,103829,222.64,failed,online,2025-07-21,NO
1,29517,104054,1895.56,completed,online,2025-07-21,NO
2636,30181,104528,499.15,failed,online,2025-07-21,NO
2731,32327,104577,582.26,failed,online,2025-07-21,NO
4220,8989,105696,971.67,failed,online,2025-07-21,NO
1,41185,106227,1320.88,completed,online,2025-07-21,NO
131,22063,106602,1180.14,failed,online,2025-07-21,NO
92,12872,110170,1038.32,failed,online,2025-07-21,NO
266,37780,111992,478.09,failed,online,2025-07-21,NO
4800,33117,112251,1468.7,completed,online,2025-07-21,NO
4518,4529,114124,1246.06,failed,online,2025-07-21,NO
1,10168,114134,946.76,failed,online,2025-07-21,NO
4152,3360,115444,174.89,completed,online,2025-07-21,NO
4511,43089,116845,1761.41,completed,online,2025-07-21,NO
1479,43010,118694,1876.38,failed,online,2025-07-21,NO
1,35270,124998,1551.28,completed,online,2025-07-21,NO
4624,38990,125483,1352.65,failed,online,2025-07-21,NO
3924,1343,127366,1331.04,completed,online,2025-07-21,NO
4157,7692,128493,518.44,failed,online,2025-07-21,NO
2549,31506,130565,597.42,completed,online,2025-07-21,NO
1,33845,132723,572.94,failed,online,2025-07-21,NO
1,18722,133018,1038.16,completed,online,2025-07-21,NO
4764,24775,135209,965.43,completed,online,2025-07-21,NO
1,1930,136155,1805.84,failed,online,2025-07-21,NO
3410,6665,139509,604.75,completed,online,2025-07-21,NO
1,7420,143213,904.11,failed,online,2025-07-21,NO
1446,49458,143331,1550.54,failed,online,2025-07-21,NO
2118,39060,145982,1815.28,completed,online,2025-07-21,NO
4782,29605,148013,1674.24,completed,online,2025-07-21,NO
1003,18337,148242,230.26,completed,online,2025-07-21,NO
142,1047,2849,124.97,failed,online,2025-10-04,NO
1444,23421,3075,1471.29,completed,online,2025-10-04,NO
4292,25439,10014,394.96,failed,online,2025-10-04,NO
1,15676,15432,770.21,completed,online,2025-10-04,NO
1,5558,17888,1344.22,completed,online,2025-10-04,NO
1437,16008,18989,1175.7,failed,online,2025-10-04,NO
19,11353,19592,1350.49,failed,online,2025-10-04,NO
1684,47805,19765,1289.1,completed,online,2025-10-04,NO
1,6115,20421,1649.63,completed,online,2025-10-04,NO
1844,41100,21418,1500.82,completed,online,2025-10-04,NO
4294,30999,22836,1967.91,completed,online,2025-10-04,NO
1973,25078,25294,226.18,completed,online,2025-10-04,NO
1,44608,25335,1583.27,completed,online,2025-10-04,NO
3332,17416,27527,1387.85,completed,online,2025-10-04,NO
496,10062,28601,1547.04,completed,online,2025-10-04,NO
4990,2696,28704,1428.25,failed,online,2025-10-04,NO
3594,13762,29368,1429.78,failed,online,2025-10-04,NO
1172,20699,30127,13.55,completed,online,2025-10-04,NO
567,26943,33186,581.09,completed,online,2025-10-04,NO
1,20444,38276,1074.93,completed,online,2025-10-04,NO
3141,5833,42012,318.45,failed,online,2025-10-04,NO
1,32153,42091,918.21,completed,online,2025-10-04,NO
1,29194,43683,927.36,failed,online,2025-10-04,NO
1879,15813,43735,1789.89,failed,online,2025-10-04,NO
2808,8806,44216,1458.53,failed,online,2025-10-04,NO
1685,48370,46173,545.32,failed,online,2025-10-04,NO
1348,38250,47458,1694.66,failed,online,2025-10-04,NO
4692,8906,48048,401.46,completed,online,2025-10-04,NO
1,25151,49359,1384.79,failed,online,2025-10-04,NO
1,45386,50730,163.06,failed,online,2025-10-04,NO
1,36709,51324,1657.42,completed,online,2025-10-04,NO
1392,759,56940,1251.55,completed,online,2025-10-04,NO
1,41949,57974,968.22,completed,online,2025-10-04,NO
3933,47420,59171,359.96,completed,online,2025-10-04,NO
3475,32326,62069,1360.86,completed,online,2025-10-04,NO
1582,29098,62986,966.78,failed,online,2025-10-04,NO
3298,35526,63333,1422.05,completed,online,2025-10-04,NO
4381,35042,65420,1908.83,failed,online,2025-10-04,NO
1,23361,66619,592.45,completed,online,2025-10-04,NO
1224,5644,70514,45.94,failed,online,2025-10-04,NO
4278,33625,72299,515.43,completed,online,2025-10-04,NO
875,21839,73124,1816.63,failed,online,2025-10-04,NO
1017,44577,74862,945.12,completed,online,2025-10-04,NO
1,10448,74906,1309.6,failed,online,2025-10-04,NO
73,10071,75193,478.85,completed,online,2025-10-04,NO
4028,20948,76516,1411.92,completed,online,2025-10-04,NO
2791,2935,76699,301.26,completed,online,2025-10-04,NO
3477,12159,82210,1019.06,failed,online,2025-10-04,NO
3983,2028,82356,638.57,completed,online,2025-10-04,NO
2578,859,82512,1811.2,failed,online,2025-10-04,NO
536,40985,84903,323.46,completed,online,2025-10-04,NO
1543,45921,85821,642.12,completed,online,2025-10-04,NO
2096,2327,87692,1172.82,failed,online,2025-10-04,NO
2849,46769,88973,802.36,failed,online,2025-10-04,NO
4889,90,89589,68.72,completed,online,2025-10-04,NO
2897,3824,89688,774.18,failed,online,2025-10-04,NO
1791,25497,91038,807.17,completed,online,2025-10-04,NO
1,40294,91925,1743.94,failed,online,2025-10-04,NO
1766,29811,95954,1301.52,completed,online,2025-10-04,NO
1208,41235,96786,1470.09,failed,online,2025-10-04,NO
3828,2494,101889,1178.12,failed,online,2025-10-04,NO
1513,12023,107204,1250.59,failed,online,2025-10-04,NO
1,24502,107859,7013.5138133946875,failed,online,2025-10-04,NO
2288,8926,108714,1814.58,completed,online,2025-10-04,NO
1,4951,109186,1727.01,completed,online,2025-10-04,NO
1186,45536,111081,1075.95,failed,online,2025-10-04,NO
2641,7855,115264,1090.98,failed,online,2025-10-04,NO
3795,36001,116902,91.53,failed,online,2025-10-04,NO
1902,10430,118688,1960.15,completed,online,2025-10-04,NO
184,21260,119773,603.38,failed,online,2025-10-04,NO
2269,24635,121120,308.08,completed,online,2025-10-04,NO
1782,12877,124803,1066.55,completed,online,2025-10-04,NO
4051,27661,127556,1133.19,failed,online,2025-10-04,NO
929,45314,129611,327.23,completed,online,2025-10-04,NO
3761,12382,132492,12.3,failed,online,2025-10-04,NO
3781,16483,132596,1585.69,failed,online,2025-10-04,NO
1,17205,133883,982.4,failed,online,2025-10-04,NO
4448,21216,134219,1975.73,completed,online,2025-10-04,NO
344,15570,140806,421.06,failed,online,2025-10-04,NO
263,5888,142762,1835.57,completed,online,2025-10-04,NO
2562,43100,143235,1766.87,failed,online,2025-10-04,NO
1,3032,144516,75.01,failed,online,2025-10-04,NO
4819,20872,147197,1366.23,completed,online,2025-10-04,NO
4836,43784,147820,1648.57,failed,online,2025-10-04,NO
1090,17565,149038,1219.38,completed,online,2025-10-04,NO
725,14541,149802,1159.23,failed,online,2025-10-04,NO
4554,27911,2110,1404.91,completed,online,2025-03-28,NO
4210,9284,3558,1807.1,failed,online,2025-03-28,NO
630,13687,9044,264.21,failed,online,2025-03-28,NO
3741,47616,11813,695.31,completed,online,2025-03-28,NO
4348,26026,14178,1692.44,failed,online,2025-03-28,NO
200,36325,14310,811.11,failed,online,2025-03-28,NO
1,18316,14632,1576.09,failed,online,2025-03-28,NO
2836,6985,15255,1362.19,failed,online,2025-03-28,NO
3508,14114,15257,875.6,failed,online,2025-03-28,NO
4918,36786,16380,1126.07,completed,online,2025-03-28,NO
4025,3850,18573,450.05,completed,online,2025-03-28,NO
118,13855,20585,659.13,failed,online,2025-03-28,NO
3365,41017,21065,394.11,completed,online,2025-03-28,NO
1,20036,22524,891.07,failed,online,2025-03-28,NO
626,19238,22747,606.57,completed,online,2025-03-28,NO
39,27168,25302,209.62,failed,online,2025-03-28,NO
3517,11450,28715,1335.65,completed,online,2025-03-28,NO
1,33504,30470,1405.01,completed,online,2025-03-28,NO
4961,4258,30996,549.58,completed,online,2025-03-28,NO
255,20677,31868,777.48,completed,online,2025-03-28,NO
763,34438,35354,96.44,failed,online,2025-03-28,NO
2393,47304,35617,676.54,failed,online,2025-03-28,NO
1,45193,36096,1747.48,failed,online,2025-03-28,NO
4558,42655,44045,1949.1,failed,online,2025-03-28,NO
3746,26322,45171,1941.11,completed,online,2025-03-28,NO
1042,37247,48914,518.68,failed,online,2025-03-28,NO
876,45607,49775,1277.08,failed,online,2025-03-28,NO
2951,26805,50606,1679.46,failed,online,2025-03-28,NO
3913,33696,51234,646.88,failed,online,2025-03-28,NO
1887,49073,51612,1843.64,failed,online,2025-03-28,NO
4927,18237,55101,1239.02,failed,online,2025-03-28,NO
3067,16340,63344,28.22,completed,online,2025-03-28,NO
1765,38207,63529,761.16,completed,online,2025-03-28,NO
1,45084,64532,1418.01,completed,online,2025-03-28,NO
3459,26335,67706,723.08,failed,online,2025-03-28,NO
1,5079,67960,1102.44,completed,online,2025-03-28,NO
1330,35397,70575,443.53,failed,online,2025-03-28,NO
2992,17327,70714,726.69,completed,online,2025-03-28,NO
3236,12679,71146,472.44,completed,online,2025-03-28,NO
2372,18333,72467,1091.6,failed,online,2025-03-28,NO
2149,1428,75026,370.84,failed,online,2025-03-28,NO
697,36963,75551,683.67,completed,UNKNOWN,2025-03-28,NO
1,34215,76457,1686.04,failed,online,2025-03-28,NO
4829,138,80440,1370.88,completed,online,2025-03-28,NO
620,15126,83262,1028.38,failed,online,2025-03-28,NO
1,16795,87282,171.44,failed,online,2025-03-28,NO
3183,10508,88482,918.62,completed,online,2025-03-28,NO
3368,42430,88784,1381.97,failed,online,2025-03-28,NO
3224,21575,92962,1037.85,completed,online,2025-03-28,NO
4175,30550,93386,445.93,failed,online,2025-03-28,NO
3612,34750,94689,39.81,failed,online,2025-03-28,NO
3738,25156,97756,163.58,failed,online,2025-03-28,NO
1559,25600,102439,283.69,completed,online,2025-03-28,NO
3527,10096,102538,1091.31,completed,online,2025-03-28,NO
3900,29396,106218,1380.38,completed,online,2025-03-28,NO
2832,31229,106325,1631.45,failed,online,2025-03-28,NO
1,42719,106601,419.47,completed,online,2025-03-28,NO
1372,18273,106758,1446.52,completed,online,2025-03-28,NO
1520,32209,108717,1219.3,completed,online,2025-03-28,NO
4941,9364,108805,1866.94,completed,UNKNOWN,2025-03-28,NO
238,22185,111897,769.08,failed,online,2025-03-28,NO
875,28052,112353,1098.87,failed,online,2025-03-28,NO
534,34026,112780,981.4,failed,online,2025-03-28,NO
1992,17962,113185,1895.89,completed,online,2025-03-28,NO
2107,43477,113279,1574.28,completed,online,2025-03-28,NO
2806,37640,114148,1784.61,failed,online,2025-03-28,NO
3057,16393,115065,650.28,failed,online,2025-03-28,NO
271,10800,115876,550.21,failed,online,2025-03-28,NO
587,18256,116068,592.42,completed,online,2025-03-28,NO
3851,46112,118227,1225.87,completed,online,2025-03-28,NO
194,36036,121054,1194.87,failed,online,2025-03-28,NO
1,25019,123215,245.53,failed,online,2025-03-28,NO
462,22163,125125,492.67,completed,online,2025-03-28,NO
1,37981,127414,25.44,failed,online,2025-03-28,NO
4329,17687,127553,1173.25,failed,online,2025-03-28,NO
3640,20231,131901,1163.22,failed,online,2025-03-28,NO
3603,34201,133758,689.38,failed,online,2025-03-28,NO
1,39386,133759,1187.12,completed,online,2025-03-28,NO
1532,22023,135480,397.38,failed,online,2025-03-28,NO
3753,16725,135561,826.92,completed,online,2025-03-28,NO
1934,17442,136973,1693.08,completed,online,2025-03-28,NO
2277,11876,137471,1402.82,completed,online,2025-03-28,NO
1,43890,142047,1345.61,failed,online,2025-03-28,NO
3342,297,143513,925.11,failed,online,2025-03-28,NO
1453,11941,144294,1585.18,failed,online,2025-03-28,NO
2417,46572,145764,1726.61,completed,online,2025-03-28,NO
2136,3710,1084,497.36,failed,online,2025-10-12,NO
3617,14882,1395,1785.06,completed,online,2025-10-12,NO
2794,8678,1565,692.36,completed,online,2025-10-12,NO
4052,23018,4088,558.35,failed,online,2025-10-12,NO
1900,16357,5593,856.09,failed,online,2025-10-12,NO
907,33241,5965,1320.61,completed,online,2025-10-12,NO
1142,9247,6152,1635.35,failed,online,2025-10-12,NO
1655,45632,8911,1045.13,completed,online,2025-10-12,NO
3118,36757,12421,1042.15,failed,online,2025-10-12,NO
272,49352,13117,614.72,completed,online,2025-10-12,NO
4393,31240,14064,124.82,completed,online,2025-10-12,NO
2684,4355,14870,1516.34,failed,online,2025-10-12,NO
4417,45469,15085,157.87,completed,online,2025-10-12,NO
1659,25743,21558,1496.15,failed,online,2025-10-12,NO
2665,11874,25864,534.11,failed,online,2025-10-12,NO
4137,12049,26619,480.67,completed,online,2025-10-12,NO
4963,39394,29057,1003.45,failed,online,2025-10-12,NO
4050,22851,30756,1804.14,completed,online,2025-10-12,NO
2311,30061,31899,1209.8,completed,online,2025-10-12,NO
4190,49233,33383,843.26,failed,online,2025-10-12,NO
2877,32634,34460,465.7,failed,online,2025-10-12,NO
1,8050,34614,1919.91,failed,online,2025-10-12,NO
600,41091,34650,587.77,completed,online,2025-10-12,NO
1,29300,35975,1959.45,failed,online,2025-10-12,NO
3175,33274,36727,633.73,failed,online,2025-10-12,NO
767,26501,38060,179.86,failed,online,2025-10-12,NO
3618,5391,39095,839.15,failed,online,2025-10-12,NO
213,16497,40138,502.7,completed,online,2025-10-12,NO
3633,46552,41089,363.71,completed,online,2025-10-12,NO
21,44222,42423,1637.68,failed,online,2025-10-12,NO
3251,39377,44193,1494.29,completed,online,2025-10-12,NO
2815,2416,47560,460.94,failed,online,2025-10-12,NO
3960,41494,47935,1457.22,completed,online,2025-10-12,NO
433,4713,52634,1354.24,completed,online,2025-10-12,NO
1,37039,53546,80.08,completed,online,2025-10-12,NO
3159,18770,54137,1547.87,completed,UNKNOWN,2025-10-12,NO
2296,24084,55120,643.37,failed,online,2025-10-12,NO
1,46100,57724,579.07,failed,online,2025-10-12,NO
1500,9171,61867,776.43,completed,online,2025-10-12,NO
3669,12356,64072,1430.74,failed,online,2025-10-12,NO
240,28801,65013,847.56,failed,online,2025-10-12,NO
1,21193,67278,613.63,completed,online,2025-10-12,NO
147,42372,68982,146.01,failed,online,2025-10-12,NO
4603,48373,72252,54.25,failed,online,2025-10-12,NO
4613,24325,72319,1874.22,failed,online,2025-10-12,NO
703,38959,74800,1050.15,failed,online,2025-10-12,NO
4106,33269,74995,511.11,completed,online,2025-10-12,NO
4466,44306,80894,926.5,failed,online,2025-10-12,NO
1676,10210,81898,616.42,failed,online,2025-10-12,NO
1438,32914,83026,609.79,failed,online,2025-10-12,NO
2798,49109,83079,489.5,failed,online,2025-10-12,NO
4162,28308,85623,956.33,completed,online,2025-10-12,NO
487,37517,87120,524.08,failed,online,2025-10-12,NO
4950,38440,88940,1888.94,failed,online,2025-10-12,NO
3612,9228,89256,301.89,completed,online,2025-10-12,NO
94,45324,90122,1031.33,failed,online,2025-10-12,NO
1138,47349,90481,968.5,completed,online,2025-10-12,NO
1695,30493,99295,1783.31,failed,online,2025-10-12,NO
1,44364,103025,1945.76,completed,online,2025-10-12,NO
3960,44517,104463,874.46,failed,online,2025-10-12,NO
171,34843,110094,1628.77,completed,online,2025-10-12,NO
1490,43861,111940,1484.6,completed,online,2025-10-12,NO
2578,26414,112376,1927.01,completed,online,2025-10-12,NO
437,33746,114708,1696.9,completed,online,2025-10-12,NO
4927,4941,115495,1548.44,failed,online,2025-10-12,NO
1,22796,115850,849.24,failed,online,2025-10-12,NO
4571,39420,117778,907.65,failed,online,2025-10-12,NO
172,45627,122507,973.43,completed,online,2025-10-12,NO
2065,49468,124446,885.98,completed,online,2025-10-12,NO
1713,24216,125693,1147.77,completed,online,2025-10-12,NO
2944,982,128821,1622.33,failed,online,2025-10-12,NO
1308,21827,131941,1035.74,failed,online,2025-10-12,NO
4363,2204,136302,742.69,failed,online,2025-10-12,NO
4804,12675,137382,537.69,completed,online,2025-10-12,NO
2227,47682,138290,1971.91,completed,online,2025-10-12,NO
3412,15781,139797,1485.47,failed,online,2025-10-12,NO
4125,11121,140156,1588.55,completed,online,2025-10-12,NO
3533,5984,140889,524.37,completed,online,2025-10-12,NO
2063,38557,142739,1365.22,failed,online,2025-10-12,NO
1,25366,143567,1750.47,failed,online,2025-10-12,NO
3536,45208,143991,290.24,completed,online,2025-10-12,NO
4167,43991,146050,1430.31,failed,online,2025-10-12,NO
4782,23118,147745,1712.26,failed,online,2025-10-12,NO
207,25307,147971,1656.88,completed,online,2025-10-12,NO
1804,28366,148113,1347.52,completed,online,2025-10-12,NO
1,20507,148235,299.82,completed,online,2025-10-12,NO
1,1551,2463,1383.15,completed,online,2025-09-20,NO
4454,23682,3387,486.41,completed,online,2025-09-20,NO
1,48303,4733,1949.38,completed,online,2025-09-20,NO
3768,43900,5692,354.53,failed,online,2025-09-20,NO
1854,33263,8464,473.68,failed,online,2025-09-20,NO
1,19031,9035,1016.3,completed,online,2025-09-20,NO
4078,517,12943,689.93,completed,online,2025-09-20,NO
1084,13449,17837,1577.98,failed,online,2025-09-20,NO
3220,2609,22228,408.02,failed,online,2025-09-20,NO
4983,7934,26893,1979.16,failed,online,2025-09-20,NO
921,32004,28033,1152.87,completed,online,2025-09-20,NO
3141,7651,31325,1790.14,completed,online,2025-09-20,NO
1,43754,31367,1006.2,completed,online,2025-09-20,NO
557,27684,31829,1130.46,completed,online,2025-09-20,NO
474,46141,32094,1954.71,completed,online,2025-09-20,NO
3799,14295,32329,993.36,completed,online,2025-09-20,NO
3901,18734,32890,115.12,completed,online,2025-09-20,NO
1696,7377,33425,1865.67,completed,online,2025-09-20,NO
1,37449,33994,867.7,failed,online,2025-09-20,NO
780,16668,38648,823.42,completed,online,2025-09-20,NO
2290,38620,38706,826.92,failed,online,2025-09-20,NO
1,42101,39539,924.58,failed,online,2025-09-20,NO
1,6263,40295,378.0,failed,online,2025-09-20,NO
2577,25441,45215,52.75,failed,online,2025-09-20,NO
4156,21723,47264,53.63,completed,online,2025-09-20,NO
1,41598,47974,282.3,failed,online,2025-09-20,NO
2406,13685,50952,976.01,completed,online,2025-09-20,NO
1734,18364,51640,776.02,failed,online,2025-09-20,NO
704,30625,56687,1953.93,completed,online,2025-09-20,NO
1,16866,57866,1138.87,completed,online,2025-09-20,NO
437,4777,59504,1836.82,completed,online,2025-09-20,NO
1,45317,60008,928.45,completed,online,2025-09-20,NO
351,46549,61046,1809.18,completed,online,2025-09-20,NO
770,32829,61615,1866.49,completed,online,2025-09-20,NO
1,37153,62954,332.15,failed,online,2025-09-20,NO
43,47346,65424,1791.82,failed,online,2025-09-20,NO
2563,40390,66021,623.57,completed,online,2025-09-20,NO
2184,7808,66613,519.55,completed,online,2025-09-20,NO
3003,49112,67635,1445.8,completed,online,2025-09-20,NO
3331,16055,68234,997.71,completed,online,2025-09-20,NO
2915,23535,69077,585.3,failed,online,2025-09-20,NO
4919,9692,70056,1407.91,completed,online,2025-09-20,NO
427,15402,70543,1360.61,failed,UNKNOWN,2025-09-20,NO
4130,26393,71189,859.0,completed,online,2025-09-20,NO
1,292,73086,1424.48,completed,online,2025-09-20,NO
1939,10841,75100,1099.95,completed,online,2025-09-20,NO
4973,35080,77955,20.73,completed,online,2025-09-20,NO
3635,24291,78150,1523.4,failed,online,2025-09-20,NO
3661,47409,82465,1274.14,failed,online,2025-09-20,NO
1,49633,86532,1435.98,failed,online,2025-09-20,NO
3718,25052,88251,188.84,completed,online,2025-09-20,NO
501,8707,88681,1892.04,completed,online,2025-09-20,NO
1,30524,89581,1877.19,failed,online,2025-09-20,NO
820,14035,92740,1503.15,failed,online,2025-09-20,NO
2500,43159,94211,414.96,failed,online,2025-09-20,NO
5000,38245,101812,371.68,completed,online,2025-09-20,NO
1559,8135,103824,1277.66,completed,online,2025-09-20,NO
4101,39286,104985,1194.48,failed,online,2025-09-20,NO
2364,34840,105593,264.51,completed,online,2025-09-20,NO
1,20183,106051,1862.72,failed,online,2025-09-20,NO
514,38140,106303,744.68,completed,UNKNOWN,2025-09-20,NO
4000,31243,109389,1234.04,failed,online,2025-09-20,NO
4748,39093,111709,1067.43,failed,online,2025-09-20,NO
2761,11044,114224,973.2,failed,online,2025-09-20,NO
1,18160,114410,1181.63,completed,online,2025-09-20,NO
3898,24522,115145,1565.26,failed,online,2025-09-20,NO
1441,40741,116495,798.18,completed,online,2025-09-20,NO
3848,17023,119684,1593.96,failed,online,2025-09-20,NO
3671,14691,120985,576.8,failed,online,2025-09-20,NO
1929,42270,121890,1641.98,failed,online,2025-09-20,NO
1,14466,122334,1028.49,completed,online,2025-09-20,NO
1,42788,123820,1172.76,completed,online,2025-09-20,NO
500,44095,126916,243.57,failed,online,2025-09-20,NO
3784,31307,127013,332.12,failed,online,2025-09-20,NO
4808,47783,127122,1172.0,completed,online,2025-09-20,NO
2438,20966,130091,1335.31,completed,online,2025-09-20,NO
1,38598,130306,1041.82,completed,online,2025-09-20,NO
1,36692,133730,830.08,completed,online,2025-09-20,NO
2569,19633,137975,837.62,completed,online,2025-09-20,NO
213,1351,139747,460.73,completed,online,2025-09-20,NO
1004,2321,141421,693.98,completed,online,2025-09-20,NO
2751,30027,142405,874.85,completed,UNKNOWN,2025-09-20,NO
3404,9880,142579,1299.72,completed,online,2025-09-20,NO
1,30194,146562,212.65,failed,online,2025-09-20,NO
1353,40597,148589,1842.38,completed,UNKNOWN,2025-09-20,NO
1,46827,149378,1933.15,failed,online,2025-09-20,NO
1460,6779,1738,314.03,failed,online,2025-02-17,NO
4350,44445,6271,957.45,failed,online,2025-02-17,NO
67,35021,9531,1020.66,completed,online,2025-02-17,NO
1,11562,18656,344.25,completed,online,2025-02-17,NO
211,46320,19825,733.02,failed,online,2025-02-17,NO
1145,36619,20527,1314.9,completed,online,2025-02-17,NO
1,9787,23873,1269.77,completed,online,2025-02-17,NO
1,1727,25764,1298.3,failed,online,2025-02-17,NO
4511,5096,26248,1871.98,completed,online,2025-02-17,NO
2298,46123,29333,807.36,completed,online,2025-02-17,NO
3843,30321,29934,1556.56,failed,online,2025-02-17,NO
4601,26306,32029,1958.04,failed,online,2025-02-17,NO
1788,28982,32613,406.78,completed,online,2025-02-17,NO
204,21483,33269,334.23,failed,online,2025-02-17,NO
718,40516,34048,685.49,completed,online,2025-02-17,NO
1513,22949,34710,1046.19,completed,online,2025-02-17,NO
1850,49966,34886,1452.56,failed,online,2025-02-17,NO
3526,8440,35276,1425.6,completed,online,2025-02-17,NO
566,26011,36956,53.09,completed,online,2025-02-17,NO
1,34475,41358,1299.66,completed,online,2025-02-17,NO
4948,34707,41563,689.34,failed,online,2025-02-17,NO
1568,13207,41617,1431.03,failed,online,2025-02-17,NO
316,394,42247,1132.77,completed,online,2025-02-17,NO
1668,44692,47024,429.93,completed,online,2025-02-17,NO
1,28692,52065,1216.81,failed,online,2025-02-17,NO
3219,35685,52955,1971.0,completed,online,2025-02-17,NO
1,45417,53031,891.8,completed,online,2025-02-17,NO
1,20602,54996,1780.81,completed,online,2025-02-17,NO
3018,35443,55468,28.92,failed,online,2025-02-17,NO
3531,40726,55740,1252.41,completed,online,2025-02-17,NO
2943,43277,56592,825.26,completed,online,2025-02-17,NO
1314,4908,58283,406.19,failed,online,2025-02-17,NO
2030,33276,58631,1174.74,completed,online,2025-02-17,NO
2895,29439,61340,180.52,failed,online,2025-02-17,NO
1,40616,62472,626.93,failed,online,2025-02-17,NO
1,12296,63531,807.37,failed,online,2025-02-17,NO
1513,34439,66474,728.04,failed,online,2025-02-17,NO
1106,49415,70979,8355.607870312382,completed,online,2025-02-17,NO
865,4303,71640,1348.82,failed,online,2025-02-17,NO
2542,11330,71913,1534.28,failed,online,2025-02-17,NO
2986,36905,74160,1069.68,failed,online,2025-02-17,NO
3921,48691,76848,752.85,failed,online,2025-02-17,NO
3825,10372,78624,1975.57,failed,online,2025-02-17,NO
159,18131,78889,1288.05,completed,online,2025-02-17,NO
4151,27965,84325,854.17,completed,online,2025-02-17,NO
1,13498,86963,1705.02,failed,online,2025-02-17,NO
2462,10173,90067,5716.094419482689,completed,online,2025-02-17,NO
4101,26641,90091,1611.23,completed,online,2025-02-17,NO
2989,40447,91193,1195.54,failed,online,2025-02-17,NO
2714,10704,91538,1243.81,failed,online,2025-02-17,NO
1676,49922,93958,1191.38,failed,online,2025-02-17,NO
4840,29767,94894,769.26,failed,online,2025-02-17,NO
2999,1445,96045,807.73,completed,online,2025-02-17,NO
4548,25958,96652,1097.95,failed,online,2025-02-17,NO
1,27323,102650,375.1,completed,online,2025-02-17,NO
4257,15153,105547,1178.77,failed,online,2025-02-17,NO
4798,24532,109872,1147.09,completed,online,2025-02-17,NO
2098,26307,110462,1790.97,failed,online,2025-02-17,NO
188,30160,113162,390.61,failed,online,2025-02-17,NO
1,44001,114075,438.02,completed,online,2025-02-17,NO
775,44600,114131,969.8,completed,online,2025-02-17,NO
4136,10202,115034,1795.34,completed,online,2025-02-17,NO
4507,2620,117838,1849.67,failed,online,2025-02-17,NO
3093,27732,120082,996.47,failed,online,2025-02-17,NO
4173,20539,123892,1926.81,completed,online,2025-02-17,NO
4128,20927,124203,1070.41,completed,online,2025-02-17,NO
797,35077,125270,1592.37,completed,online,2025-02-17,NO
4176,25735,126276,1832.71,failed,online,2025-02-17,NO
1,36673,127196,226.06,failed,online,2025-02-17,NO
1999,41809,128192,955.27,completed,online,2025-02-17,NO
4628,6118,128253,1783.65,completed,online,2025-02-17,NO
1223,15497,129026,253.94,completed,online,2025-02-17,NO
1656,33569,129685,356.09,failed,online,2025-02-17,NO
1230,8627,132144,291.88,completed,online,2025-02-17,NO
1,42720,134987,1862.62,completed,online,2025-02-17,NO
4592,31140,135653,1300.6,completed,online,2025-02-17,NO
1874,12616,137847,1734.46,failed,online,2025-02-17,NO
3150,4974,140734,906.31,completed,online,2025-02-17,NO
1,33593,142931,1014.88,completed,online,2025-02-17,NO
4114,42682,143159,1312.11,completed,online,2025-02-17,NO
2000,40170,145836,403.52,completed,online,2025-02-17,NO
3711,23142,146144,270.13,completed,online,2025-02-17,NO
3782,17127,148421,1626.33,failed,online,2025-02-17,NO
1,15391,148906,447.42,completed,online,2025-02-17,NO
4126,22086,149957,1942.89,failed,online,2025-02-17,NO
3659,18283,6195,227.57,completed,online,2025-06-13,NO
1180,34190,8707,1912.7,failed,online,2025-06-13,NO
3746,46773,13200,1332.73,failed,online,2025-06-13,NO
2723,9162,17246,274.15,failed,online,2025-06-13,NO
2466,28003,18762,473.9,failed,online,2025-06-13,NO
2435,3706,19210,735.78,completed,online,2025-06-13,NO
1332,10380,21092,231.27,completed,online,2025-06-13,NO
3223,47125,21409,1591.42,failed,online,2025-06-13,NO
1535,35617,23046,818.28,completed,online,2025-06-13,NO
2206,38148,27166,992.16,failed,online,2025-06-13,NO
1,19108,29224,1821.29,failed,online,2025-06-13,NO
607,26508,29266,1254.94,completed,online,2025-06-13,NO
2376,8003,29289,1468.78,completed,online,2025-06-13,NO
1,14419,30278,1130.88,completed,online,2025-06-13,NO
4260,3064,30983,1057.96,failed,online,2025-06-13,NO
2172,39050,33233,592.62,failed,UNKNOWN,2025-06-13,NO
1,17761,33668,1966.99,completed,online,2025-06-13,NO
607,21967,34323,1763.23,failed,online,2025-06-13,NO
1969,36345,34709,15.88,failed,online,2025-06-13,NO
3834,21400,36958,282.45,failed,online,2025-06-13,NO
1,42888,38094,1451.0,failed,online,2025-06-13,NO
1488,24046,39798,1733.02,failed,online,2025-06-13,NO
2338,44468,42610,18.28,failed,online,2025-06-13,NO
4114,23219,46361,21.34,failed,online,2025-06-13,NO
4489,23993,48295,45.87,completed,online,2025-06-13,NO
1856,49562,51171,574.13,completed,online,2025-06-13,NO
635,9387,51870,1307.0,failed,online,2025-06-13,NO
2962,5315,54935,1597.24,completed,online,2025-06-13,NO
2742,34665,57327,717.42,completed,online,2025-06-13,NO
1,39817,58397,161.82,failed,online,2025-06-13,NO
3034,44358,63348,133.85,completed,online,2025-06-13,NO
3819,40203,63465,443.4,failed,online,2025-06-13,NO
735,46008,63886,126.15,completed,online,2025-06-13,NO
193,49633,64334,578.77,completed,online,2025-06-13,NO
4421,15892,65736,1210.92,failed,online,2025-06-13,NO
35,24396,67916,781.07,completed,online,2025-06-13,NO
1,48961,69309,1035.03,completed,online,2025-06-13,NO
1254,42758,69581,812.0,completed,online,2025-06-13,NO
4180,5697,69855,225.73,failed,online,2025-06-13,NO
4327,47627,71269,1843.75,failed,online,2025-06-13,NO
1,48200,77137,1654.25,failed,online,2025-06-13,NO
2160,36874,80502,1818.22,failed,online,2025-06-13,NO
4210,27492,82532,485.63,failed,online,2025-06-13,NO
991,19941,84609,598.98,completed,online,2025-06-13,NO
373,16999,85141,1806.5,failed,online,2025-06-13,NO
1,28573,87126,1765.2,failed,online,2025-06-13,NO
2685,4698,87333,1561.45,failed,online,2025-06-13,NO
725,37623,92139,1142.3,completed,online,2025-06-13,NO
1,17631,93081,256.11,failed,online,2025-06-13,NO
2506,43416,95094,1995.77,failed,online,2025-06-13,NO
3707,18109,95913,962.8,completed,online,2025-06-13,NO
1896,26581,96532,1244.25,completed,online,2025-06-13,NO
1853,26671,98627,1987.58,failed,online,2025-06-13,NO
726,35737,100519,1548.5,completed,online,2025-06-13,NO
2343,14777,100816,1668.99,failed,online,2025-06-13,NO
2052,10859,101162,591.49,failed,online,2025-06-13,NO
3071,46452,101334,1811.36,completed,online,2025-06-13,NO
2230,12366,101756,1734.84,failed,online,2025-06-13,NO
2637,18119,102574,1392.88,completed,online,2025-06-13,NO
2531,19498,107086,1171.11,failed,online,2025-06-13,NO
1,38204,109417,1301.43,completed,online,2025-06-13,NO
181,27739,110430,1174.45,failed,online,2025-06-13,NO
3356,48280,114132,1941.94,completed,online,2025-06-13,NO
4934,6682,116243,1515.03,completed,online,2025-06-13,NO
3403,39825,122686,1682.06,failed,online,2025-06-13,NO
606,15992,123086,1618.66,completed,online,2025-06-13,NO
479,20429,124399,767.56,completed,online,2025-06-13,NO
1947,10721,125376,1572.44,completed,online,2025-06-13,NO
2345,1996,133583,1590.18,completed,online,2025-06-13,NO
1319,2636,133624,121.66,failed,online,2025-06-13,NO
3191,23452,134963,1995.73,failed,online,2025-06-13,NO
4977,39341,136873,126.47,completed,online,2025-06-13,NO
502,35823,137125,35.07,failed,online,2025-06-13,NO
256,29140,138225,1572.26,completed,online,2025-06-13,NO
4065,3012,139928,190.22,completed,online,2025-06-13,NO
1125,29851,141372,1254.4,completed,online,2025-06-13,NO
4022,11908,141513,739.08,failed,online,2025-06-13,NO
2366,39431,142104,838.06,completed,online,2025-06-13,NO
1,23368,143417,586.96,completed,online,2025-06-13,NO
3901,45273,143855,1581.7,failed,online,2025-06-13,NO
1,16843,145875,1894.74,failed,online,2025-06-13,NO
1,48358,145977,1257.67,completed,online,2025-06-13,NO
2294,48363,146241,1746.68,failed,online,2025-06-13,NO
3943,18594,147155,162.23,failed,online,2025-06-13,NO
3994,24507,147995,212.04,completed,online,2025-06-13,NO
1,15517,148751,901.93,failed,online,2025-06-13,NO
4354,6926,137,977.94,completed,online,2025-01-12,NO
1,28663,412,1894.61,completed,online,2025-01-12,NO
474,5448,2920,420.11,completed,online,2025-01-12,NO
2841,40883,5764,135.95,failed,online,2025-01-12,NO
3865,42225,9147,36.92,completed,online,2025-01-12,NO
2936,33020,10293,1793.15,failed,online,2025-01-12,NO
1,26310,10703,565.09,completed,online,2025-01-12,NO
1,21828,11273,42.65,completed,online,2025-01-12,NO
791,28585,12466,734.1,failed,online,2025-01-12,NO
2467,18599,14077,478.36,completed,online,2025-01-12,NO
1,31783,14999,1428.63,failed,online,2025-01-12,NO
1,4501,20731,290.9,completed,online,2025-01-12,NO
171,11786,22135,1937.47,failed,online,2025-01-12,NO
3842,1982,22555,566.03,completed,online,2025-01-12,NO
3175,36156,24719,1011.16,failed,online,2025-01-12,NO
2737,37526,24806,1437.29,completed,online,2025-01-12,NO
3512,49211,26054,431.05,failed,online,2025-01-12,NO
337,19450,29847,107.13,failed,online,2025-01-12,NO
4985,22931,32562,1953.05,completed,online,2025-01-12,NO
452,17584,34419,1848.48,failed,online,2025-01-12,NO
1044,31947,37818,725.62,failed,online,2025-01-12,NO
4581,23999,42135,900.86,failed,online,2025-01-12,NO
4078,38590,42879,553.46,failed,online,2025-01-12,NO
2472,39581,48309,1459.44,failed,online,2025-01-12,NO
798,28420,48797,1306.78,failed,online,2025-01-12,NO
2037,16723,49599,317.81,completed,online,2025-01-12,NO
4251,32705,49825,463.06,failed,online,2025-01-12,NO
1913,30595,51250,1036.46,completed,online,2025-01-12,NO
1489,12587,55744,1575.01,failed,online,2025-01-12,NO
1,11647,57178,386.78,failed,online,2025-01-12,NO
1240,18711,60011,1847.8,completed,online,2025-01-12,NO
1,10143,61657,942.06,failed,online,2025-01-12,NO
3194,34993,66556,1136.77,failed,online,2025-01-12,NO
2537,32755,67826,1951.95,completed,online,2025-01-12,NO
2235,47393,67871,976.69,failed,online,2025-01-12,NO
1,29014,69773,1116.61,failed,online,2025-01-12,NO
585,19553,78719,15.21,failed,online,2025-01-12,NO
494,39362,78972,1288.6,completed,online,2025-01-12,NO
1,12983,79077,610.04,failed,online,2025-01-12,NO
1838,36818,79350,875.65,completed,online,2025-01-12,NO
1981,44388,86763,1521.85,failed,online,2025-01-12,NO
1775,39815,87541,1982.51,failed,online,2025-01-12,NO
1852,29894,87914,342.52,completed,online,2025-01-12,NO
4196,9569,91299,1387.49,completed,online,2025-01-12,NO
3035,47972,93831,1249.23,completed,online,2025-01-12,NO
3493,21543,96415,1918.79,failed,online,2025-01-12,NO
1,47078,96488,1777.19,completed,online,2025-01-12,NO
1334,44666,97834,982.03,failed,online,2025-01-12,NO
1,43193,98706,151.41,failed,online,2025-01-12,NO
408,20646,101155,1971.2,completed,online,2025-01-12,NO
345,6981,101773,1278.98,completed,online,2025-01-12,NO
2896,39791,102533,1728.68,failed,online,2025-01-12,NO
3181,44940,104153,1282.14,completed,online,2025-01-12,NO
1,47891,104661,981.25,completed,online,2025-01-12,NO
3183,15727,107023,1760.91,failed,online,2025-01-12,NO
4528,25209,107746,180.1,failed,online,2025-01-12,NO
2674,11845,107883,1293.93,failed,online,2025-01-12,NO
170,25415,108032,1589.37,failed,online,2025-01-12,NO
3760,43603,108061,354.77,completed,online,2025-01-12,NO
922,38880,108140,339.4,completed,online,2025-01-12,NO
1908,32608,108932,1889.96,completed,online,2025-01-12,NO
1,38489,110100,557.62,completed,online,2025-01-12,NO
536,41476,110102,128.82,completed,online,2025-01-12,NO
829,14499,111099,1830.07,failed,online,2025-01-12,NO
1,32474,111542,1405.12,failed,online,2025-01-12,NO
3968,21863,112205,386.13,completed,online,2025-01-12,NO
1734,25667,112690,1913.47,completed,online,2025-01-12,NO
1,25044,115558,109.04,failed,online,2025-01-12,NO
1,3459,117914,411.13,completed,online,2025-01-12,NO
1,25139,121356,1430.05,completed,online,2025-01-12,NO
1768,10719,121388,1279.07,failed,online,2025-01-12,NO
3716,25494,124374,1878.53,completed,online,2025-01-12,NO
3664,2477,129942,1125.45,failed,online,2025-01-12,NO
1,21438,130608,1404.32,failed,online,2025-01-12,NO
1,12479,132074,1079.93,completed,online,2025-01-12,NO
746,44606,133482,1970.38,failed,online,2025-01-12,NO
111,12221,134059,280.69,failed,online,2025-01-12,NO
3427,10407,138438,1560.27,completed,online,2025-01-12,NO
2933,9419,139742,543.35,failed,online,2025-01-12,NO
1,18988,140350,1963.44,failed,online,2025-01-12,NO
2965,25452,141901,1012.9,completed,online,2025-01-12,NO
4074,21768,145155,5124.755122440113,failed,online,2025-01-12,NO
3220,15228,146318,1114.77,completed,online,2025-01-12,NO
1103,547,146544,1292.23,failed,online,2025-01-12,NO
1,19925,148276,543.09,completed,online,2025-01-12,NO
1735,47668,149922,1146.56,completed,online,2025-01-12,NO
4894,16518,406,1083.22,failed,online,2025-08-02,NO
1,1826,580,108.48,failed,online,2025-08-02,NO
1667,23474,3296,1456.65,failed,online,2025-08-02,NO
3389,30253,5592,672.03,completed,online,2025-08-02,NO
2128,17380,8249,587.62,completed,online,2025-08-02,NO
1,48064,8716,993.53,failed,online,2025-08-02,NO
4347,27667,11368,793.45,failed,online,2025-08-02,NO
95,14394,12951,1351.45,completed,online,2025-08-02,NO
1,9752,14715,213.5,failed,online,2025-08-02,NO
1516,9621,15914,354.96,completed,online,2025-08-02,NO
2529,38490,16394,1222.45,completed,online,2025-08-02,NO
214,36946,17852,985.05,failed,online,2025-08-02,NO
4485,8904,21377,1187.92,failed,online,2025-08-02,NO
1844,4161,23295,1192.21,completed,online,2025-08-02,NO
2744,49477,23779,210.01,failed,online,2025-08-02,NO
3500,2426,27782,150.02,completed,online,2025-08-02,NO
1261,29677,28473,1753.11,failed,online,2025-08-02,NO
4093,8716,28929,13.79,failed,online,2025-08-02,NO
2844,19864,28953,1523.41,failed,online,2025-08-02,NO
4310,19911,29549,1087.43,completed,online,2025-08-02,NO
1111,49243,29926,125.75,completed,online,2025-08-02,NO
3743,48636,33550,1152.32,completed,online,2025-08-02,NO
4943,42166,33854,693.05,completed,online,2025-08-02,NO
1945,37106,34286,782.96,failed,online,2025-08-02,NO
1,39050,35610,142.7,completed,online,2025-08-02,NO
1650,43899,37836,858.22,completed,online,2025-08-02,NO
2263,32723,40155,538.85,completed,online,2025-08-02,NO
1,21990,40541,398.81,completed,online,2025-08-02,NO
1,46895,42824,618.1,failed,online,2025-08-02,NO
4275,32611,44897,182.21,completed,online,2025-08-02,NO
4178,18005,44932,1514.73,completed,online,2025-08-02,NO
3677,40325,45151,1821.26,completed,online,2025-08-02,NO
4082,39992,47183,1748.58,completed,online,2025-08-02,NO
3927,47197,48300,1745.36,failed,online,2025-08-02,NO
3432,2016,48789,1831.44,completed,online,2025-08-02,NO
555,31822,50732,1255.73,completed,online,2025-08-02,NO
928,46884,50886,833.72,completed,online,2025-08-02,NO
957,48241,50896,1313.0,failed,online,2025-08-02,NO
2965,29473,52455,1479.8,completed,online,2025-08-02,NO
2420,40926,56528,560.16,failed,online,2025-08-02,NO
1,42134,56928,289.51,failed,online,2025-08-02,NO
4919,2751,57981,938.23,completed,online,2025-08-02,NO
3092,6430,58400,299.96,completed,online,2025-08-02,NO
3519,20095,60737,1169.22,failed,online,2025-08-02,NO
2523,10121,62948,1342.16,failed,online,2025-08-02,NO
1037,41961,63421,943.36,completed,online,2025-08-02,NO
1,2594,65630,1283.33,failed,online,2025-08-02,NO
2600,742,69510,1607.91,completed,online,2025-08-02,NO
1,11173,70632,1644.79,failed,online,2025-08-02,NO
1463,12141,71944,370.44,failed,online,2025-08-02,NO
804,10628,72424,274.59,failed,online,2025-08-02,NO
1,31723,72645,376.64,failed,online,2025-08-02,NO
1899,30713,73595,1599.83,completed,online,2025-08-02,NO
4872,33385,74923,877.99,failed,online,2025-08-02,NO
2170,17656,77422,128.06,completed,online,2025-08-02,NO
242,14510,78956,832.41,completed,online,2025-08-02,NO
904,1444,82260,422.56,completed,online,2025-08-02,NO
1,29540,82338,925.21,completed,online,2025-08-02,NO
1,43844,85260,1121.75,completed,online,2025-08-02,NO
1,11035,88679,1569.7,completed,online,2025-08-02,NO
504,38843,92857,1928.56,failed,online,2025-08-02,NO
1444,16187,93241,686.9,failed,online,2025-08-02,NO
3588,32383,93775,1279.67,failed,online,2025-08-02,NO
4772,48931,96351,713.92,completed,UNKNOWN,2025-08-02,NO
4888,35926,100134,21.21,failed,UNKNOWN,2025-08-02,NO
3694,23931,101391,1459.5,failed,online,2025-08-02,NO
1,30348,105465,880.27,completed,online,2025-08-02,NO
1450,9918,105882,1073.02,completed,online,2025-08-02,NO
4784,10777,119080,378.5,completed,online,2025-08-02,NO
3539,12391,119299,748.79,failed,online,2025-08-02,NO
3794,11280,119706,935.48,failed,online,2025-08-02,NO
2835,43681,122480,1721.31,failed,online,2025-08-02,NO
1,33575,122890,1816.83,completed,online,2025-08-02,NO
2140,12694,123296,1284.73,failed,online,2025-08-02,NO
4908,8939,124649,1713.43,completed,online,2025-08-02,NO
489,29973,137934,1306.65,completed,online,2025-08-02,NO
1053,31227,138739,1263.39,failed,online,2025-08-02,NO
3332,23218,138810,1124.83,completed,online,2025-08-02,NO
3404,32542,143260,1452.97,failed,online,2025-08-02,NO
880,48177,144308,1140.74,completed,online,2025-08-02,NO
1613,39685,145554,931.19,completed,online,2025-08-02,NO
1069,45706,146406,1308.91,completed,online,2025-08-02,NO
2064,19159,148175,324.15,failed,online,2025-08-02,NO
2457,49367,148202,1042.98,completed,online,2025-08-02,NO
1092,9028,149069,243.82,failed,online,2025-08-02,NO
2538,46042,149572,1793.1,failed,online,2025-08-02,NO
4455,37261,768,1774.22,failed,UNKNOWN,2025-03-31,NO
1229,27571,980,816.16,completed,online,2025-03-31,NO
1,31967,1151,1437.89,completed,online,2025-03-31,NO
4587,48139,1490,265.54,completed,online,2025-03-31,NO
4417,31277,7682,390.04,failed,online,2025-03-31,NO
1,21323,7780,1488.78,completed,online,2025-03-31,NO
2262,18356,9637,1972.27,failed,online,2025-03-31,NO
2904,33453,14600,1936.62,completed,online,2025-03-31,NO
3737,20786,14978,1368.4,failed,online,2025-03-31,NO
2123,32147,18197,548.19,failed,online,2025-03-31,NO
763,8084,19475,1143.87,completed,online,2025-03-31,NO
1,12261,19646,1400.56,completed,online,2025-03-31,NO
3707,18578,20057,1714.06,completed,online,2025-03-31,NO
4810,32680,20239,857.67,failed,online,2025-03-31,NO
1798,19808,21040,947.94,completed,online,2025-03-31,NO
2938,11048,22941,669.63,failed,online,2025-03-31,NO
1,9885,24287,479.01,failed,online,2025-03-31,NO
220,14499,24550,947.57,completed,online,2025-03-31,NO
3157,12448,25891,1480.53,completed,online,2025-03-31,NO
3803,33158,26338,1089.61,completed,online,2025-03-31,NO
3838,10316,31611,1671.85,completed,online,2025-03-31,NO
4145,31320,31838,692.85,failed,online,2025-03-31,NO
10,30671,35541,1567.27,completed,online,2025-03-31,NO
3586,41077,41339,1272.32,failed,online,2025-03-31,NO
2659,47231,43184,1800.63,failed,online,2025-03-31,NO
1170,42426,43331,508.25,completed,online,2025-03-31,NO
415,28001,48585,963.68,completed,online,2025-03-31,NO
4901,22365,49669,898.4,completed,online,2025-03-31,NO
2037,46546,50577,1125.65,failed,online,2025-03-31,NO
1000,14383,51320,1969.45,completed,online,2025-03-31,NO
1,26413,51807,36.15,failed,online,2025-03-31,NO
3378,1542,52744,1757.39,completed,online,2025-03-31,NO
1,45224,53141,931.22,failed,online,2025-03-31,NO
2479,28265,53955,1997.75,completed,online,2025-03-31,NO
3913,44453,63841,1264.28,failed,online,2025-03-31,NO
2934,40926,64691,1926.75,completed,online,2025-03-31,NO
4225,14932,65021,187.02,completed,online,2025-03-31,NO
2304,40140,65523,208.73,completed,online,2025-03-31,NO
945,42686,66665,363.77,failed,online,2025-03-31,NO
1,10978,68067,1174.41,completed,online,2025-03-31,NO
132,37669,70136,1408.06,failed,online,2025-03-31,NO
3098,39395,70507,1646.52,completed,online,2025-03-31,NO
564,23324,71734,789.26,completed,online,2025-03-31,NO
3674,36505,72061,1126.69,completed,online,2025-03-31,NO
2659,16044,72663,1469.66,completed,online,2025-03-31,NO
351,30409,72828,1144.16,completed,online,2025-03-31,NO
1683,4547,75325,1002.86,completed,online,2025-03-31,NO
2006,48325,76529,384.71,completed,online,2025-03-31,NO
1710,30268,76788,387.48,completed,online,2025-03-31,NO
2556,29990,77451,899.99,failed,online,2025-03-31,NO
3176,20976,78784,446.85,failed,online,2025-03-31,NO
1914,19259,81205,485.0,completed,online,2025-03-31,NO
535,16029,83753,1484.59,failed,online,2025-03-31,NO
4190,10745,84511,1409.77,failed,online,2025-03-31,NO
4879,42671,84994,80.18,completed,online,2025-03-31,NO
3442,20354,87988,129.63,failed,online,2025-03-31,NO
630,38934,88764,1279.95,completed,online,2025-03-31,NO
3040,17257,88893,728.95,completed,online,2025-03-31,NO
1,41639,89342,905.47,completed,online,2025-03-31,NO
4021,17689,89473,1320.41,completed,online,2025-03-31,NO
4619,15507,89854,395.51,failed,online,2025-03-31,NO
1,41762,90257,940.12,completed,online,2025-03-31,NO
3575,22766,96737,1022.55,failed,online,2025-03-31,NO
1,19340,97341,1341.19,completed,online,2025-03-31,NO
2741,19964,99609,862.93,failed,online,2025-03-31,NO
1211,29548,102845,680.25,completed,online,2025-03-31,NO
4827,30218,104178,1978.8,failed,online,2025-03-31,NO
3991,47894,106182,1974.7,failed,online,2025-03-31,NO
2345,1820,108525,48.43,failed,online,2025-03-31,NO
722,44727,109277,501.64,failed,online,2025-03-31,NO
2172,21129,111380,1899.23,completed,online,2025-03-31,NO
420,36742,112208,761.54,completed,online,2025-03-31,NO
3375,47172,113093,88.71,completed,online,2025-03-31,NO
514,29251,117697,274.47,failed,UNKNOWN,2025-03-31,NO
2592,37849,117870,1987.76,completed,online,2025-03-31,NO
4904,20671,118638,1376.44,failed,online,2025-03-31,NO
3006,21166,118716,170.97,completed,online,2025-03-31,NO
1,18204,120518,1757.47,completed,online,2025-03-31,NO
3380,18385,122675,1638.93,failed,online,2025-03-31,NO
4947,20283,131153,1160.93,completed,online,2025-03-31,NO
269,32116,132932,777.19,completed,online,2025-03-31,NO
306,907,136386,1288.69,completed,online,2025-03-31,NO
1176,37419,141478,1881.56,completed,online,2025-03-31,NO
2962,49794,141786,626.03,completed,online,2025-03-31,NO
3335,2359,149342,1632.01,failed,online,2025-03-31,NO
1,28494,3023,1911.39,completed,online,2025-01-01,NO
3897,29412,3114,1050.27,failed,online,2025-01-01,NO
4805,37742,3907,196.75,completed,online,2025-01-01,NO
1277,16001,5014,842.52,failed,online,2025-01-01,NO
1,47865,5775,1251.61,completed,online,2025-01-01,NO
1,37275,7199,1507.52,completed,online,2025-01-01,NO
1,47664,9195,542.3,completed,online,2025-01-01,NO
4859,48932,11227,1876.66,failed,online,2025-01-01,NO
799,5335,12212,1450.72,completed,online,2025-01-01,NO
1912,11709,13710,516.66,completed,online,2025-01-01,NO
2913,47624,19286,674.2,completed,online,2025-01-01,NO
1,11479,22028,932.3,failed,online,2025-01-01,NO
4048,17652,22559,96.59,failed,online,2025-01-01,NO
1894,19244,22759,1464.42,failed,online,2025-01-01,NO
1,16065,24440,1563.52,failed,online,2025-01-01,NO
1277,26495,27446,1987.76,failed,online,2025-01-01,NO
1,43956,27878,203.73,completed,online,2025-01-01,NO
1231,13836,33299,835.15,completed,online,2025-01-01,NO
3137,38051,34685,440.88,completed,online,2025-01-01,NO
7,30877,40571,1066.52,failed,online,2025-01-01,NO
1,23214,41140,140.21,failed,online,2025-01-01,NO
3419,15794,41407,1468.45,failed,online,2025-01-01,NO
4756,4351,42405,354.97,completed,online,2025-01-01,NO
1,28186,43792,1355.9,failed,online,2025-01-01,NO
1038,48231,43818,81.69,completed,online,2025-01-01,NO
264,14805,44790,432.93,completed,online,2025-01-01,NO
1,39536,45075,1685.47,completed,online,2025-01-01,NO
3777,8225,45916,1346.88,failed,online,2025-01-01,NO
4088,22521,49730,922.7,completed,online,2025-01-01,NO
1391,37768,50172,1301.96,failed,online,2025-01-01,NO
1,14622,53203,377.8,completed,online,2025-01-01,NO
3687,9967,54492,8673.103203257173,failed,online,2025-01-01,NO
250,27132,55469,1695.05,completed,online,2025-01-01,NO
3211,47374,56038,300.8,completed,online,2025-01-01,NO
2739,21846,59221,729.74,completed,online,2025-01-01,NO
455,32426,63078,1882.14,completed,online,2025-01-01,NO
3723,14603,65792,384.6,completed,online,2025-01-01,NO
4322,24016,68006,64.01,completed,online,2025-01-01,NO
640,49869,68032,350.79,completed,online,2025-01-01,NO
1943,25952,68711,1735.36,completed,online,2025-01-01,NO
949,37143,69533,1072.36,failed,online,2025-01-01,NO
3727,6549,70735,380.89,completed,online,2025-01-01,NO
2197,14131,71389,1019.49,failed,online,2025-01-01,NO
1,39727,72651,1718.16,failed,online,2025-01-01,NO
358,29424,73725,949.15,completed,online,2025-01-01,NO
1,35898,74226,1928.87,failed,online,2025-01-01,NO
1270,27628,78086,1072.19,failed,online,2025-01-01,NO
3139,3573,78190,1250.57,failed,online,2025-01-01,NO
3374,18185,78200,1040.1,completed,online,2025-01-01,NO
4982,12164,79196,1027.42,failed,online,2025-01-01,NO
4965,8187,79870,1083.6,failed,online,2025-01-01,NO
473,46806,80989,1797.09,failed,online,2025-01-01,NO
1,9283,81329,1219.52,failed,online,2025-01-01,NO
189,9753,85618,644.9,failed,online,2025-01-01,NO
2377,13222,94164,747.48,completed,online,2025-01-01,NO
2792,590,97404,1678.6,completed,online,2025-01-01,NO
3983,4163,98081,1637.08,completed,online,2025-01-01,NO
1,3393,99761,985.53,completed,online,2025-01-01,NO
2331,37610,106359,1436.19,failed,online,2025-01-01,NO
4430,47124,109326,588.67,completed,online,2025-01-01,NO
1260,35888,109447,1371.33,completed,online,2025-01-01,NO
1,46720,110551,1262.0,completed,online,2025-01-01,NO
1551,19328,111019,97.67,completed,online,2025-01-01,NO
4758,40817,111551,704.55,failed,online,2025-01-01,NO
1711,30782,112158,589.88,failed,online,2025-01-01,NO
46,36858,114950,7908.97735293607,failed,online,2025-01-01,NO
4900,32505,115184,413.96,completed,online,2025-01-01,NO
3382,28000,115713,1021.07,failed,online,2025-01-01,NO
4217,42216,117611,779.69,failed,online,2025-01-01,NO
3812,43547,123521,415.46,failed,online,2025-01-01,NO
1905,44895,125961,7965.508773353433,completed,online,2025-01-01,NO
1,4394,126952,457.87,failed,online,2025-01-01,NO
894,4413,128811,687.25,failed,online,2025-01-01,NO
1,6365,130900,1346.05,completed,online,2025-01-01,NO
1650,41029,132344,26.84,failed,online,2025-01-01,NO
4105,1666,132495,1595.03,failed,online,2025-01-01,NO
4067,12667,134527,1621.02,failed,online,2025-01-01,NO
1827,9652,135298,1592.09,failed,online,2025-01-01,NO
706,5135,136845,1502.35,completed,online,2025-01-01,NO
1,13888,140714,808.61,completed,online,2025-01-01,NO
1595,36537,142078,1604.69,failed,online,2025-01-01,NO
1,1139,144296,1961.66,failed,online,2025-01-01,NO
1,17842,145505,1617.74,failed,online,2025-01-01,NO
2428,40795,145880,519.45,completed,online,2025-01-01,NO
1,18338,147374,1413.92,completed,online,2025-01-01,NO
3330,14204,149482,173.03,completed,online,2025-01-01,NO
1691,2325,164,275.67,failed,online,2025-02-10,NO
151,30098,432,531.22,completed,online,2025-02-10,NO
1156,25261,4564,78.97,completed,online,2025-02-10,NO
1657,48059,8691,1095.8,failed,online,2025-02-10,NO
3657,12215,9621,1940.29,failed,online,2025-02-10,NO
2167,10724,11321,1439.93,failed,online,2025-02-10,NO
1626,16290,12097,1682.68,failed,online,2025-02-10,NO
1,29168,13088,789.05,failed,online,2025-02-10,NO
3914,46026,14031,927.52,failed,online,2025-02-10,NO
1,3976,14968,1832.94,failed,online,2025-02-10,NO
1,25114,18874,1850.87,completed,online,2025-02-10,NO
3646,23166,19959,1957.07,failed,online,2025-02-10,NO
4995,43602,21471,1055.26,failed,online,2025-02-10,NO
1,47588,31038,442.61,failed,online,2025-02-10,NO
1832,8495,31826,166.4,failed,online,2025-02-10,NO
4573,20976,33317,278.37,completed,online,2025-02-10,NO
1,31168,34666,1885.84,failed,online,2025-02-10,NO
1,48839,34961,1995.78,failed,online,2025-02-10,NO
47,37156,35643,657.87,failed,online,2025-02-10,NO
4748,9776,35961,105.24,failed,online,2025-02-10,NO
3287,11705,36412,834.63,completed,online,2025-02-10,NO
1,39157,40351,1326.78,completed,online,2025-02-10,NO
3728,20174,40402,1603.88,completed,online,2025-02-10,NO
4185,168,40802,1436.04,failed,online,2025-02-10,NO
1,25105,40995,1532.01,failed,online,2025-02-10,NO
3078,12845,43558,1859.69,failed,online,2025-02-10,NO
1881,47166,45586,841.38,failed,online,2025-02-10,NO
4289,46154,48467,1600.24,failed,online,2025-02-10,NO
2047,34787,51451,1376.93,failed,online,2025-02-10,NO
680,22956,53225,1796.14,failed,online,2025-02-10,NO
1746,28592,54856,1555.39,completed,online,2025-02-10,NO
2267,29961,58024,173.49,failed,online,2025-02-10,NO
2791,12241,62661,6767.29427296637,completed,online,2025-02-10,NO
1,20702,62744,743.17,completed,online,2025-02-10,NO
1636,45692,64853,924.73,failed,online,2025-02-10,NO
2343,46707,67102,1040.7,failed,online,2025-02-10,NO
2053,43198,67603,1187.18,completed,online,2025-02-10,NO
3752,20294,70124,1100.14,failed,online,2025-02-10,NO
1508,44610,71397,825.42,failed,online,2025-02-10,NO
3713,26760,72451,805.58,completed,online,2025-02-10,NO
4783,28882,79167,1935.62,failed,online,2025-02-10,NO
1909,37113,79323,1476.68,failed,online,2025-02-10,NO
3976,37192,80326,1051.37,completed,online,2025-02-10,NO
1355,24829,80375,1350.86,completed,online,2025-02-10,NO
4974,5428,81456,844.17,failed,online,2025-02-10,NO
3630,7058,81882,429.15,completed,online,2025-02-10,NO
3654,26549,87057,1743.08,completed,online,2025-02-10,NO
3631,26673,90324,1657.74,failed,online,2025-02-10,NO
2000,14853,90517,754.27,failed,online,2025-02-10,NO
1082,26799,91326,1963.19,completed,online,2025-02-10,NO
4701,4470,91818,1187.69,completed,online,2025-02-10,NO
1210,15924,92823,1936.57,completed,online,2025-02-10,NO
4001,41140,98243,1309.7,failed,online,2025-02-10,NO
3170,13552,100738,1505.69,completed,online,2025-02-10,NO
1,34998,101616,1866.29,completed,online,2025-02-10,NO
1666,25939,102709,930.95,completed,online,2025-02-10,NO
4488,11111,102841,1306.45,failed,online,2025-02-10,NO
2669,84,103458,823.7,failed,online,2025-02-10,NO
865,36894,104148,1255.52,completed,online,2025-02-10,NO
1408,21578,104208,9957.533012021097,failed,online,2025-02-10,NO
3733,26008,105573,375.48,failed,online,2025-02-10,NO
1,42201,107279,1541.89,completed,online,2025-02-10,NO
2967,40739,107452,1015.49,completed,online,2025-02-10,NO
4017,9892,108557,1025.54,failed,online,2025-02-10,NO
3216,2727,109161,1213.42,failed,online,2025-02-10,NO
1502,7067,113503,1788.75,failed,online,2025-02-10,NO
2782,255,113621,204.74,failed,online,2025-02-10,NO
573,46442,119895,1647.59,failed,online,2025-02-10,NO
639,45909,120461,1290.83,completed,online,2025-02-10,NO
1077,29138,122723,728.52,failed,online,2025-02-10,NO
1,27218,123184,305.68,failed,online,2025-02-10,NO
1,5207,124081,1461.55,completed,online,2025-02-10,NO
403,26749,124855,1168.53,completed,online,2025-02-10,NO
1,7715,125784,724.02,failed,online,2025-02-10,NO
2147,25737,126296,1782.78,failed,online,2025-02-10,NO
2100,15003,126727,1192.76,failed,online,2025-02-10,NO
2589,15578,132757,855.1,failed,online,2025-02-10,NO
2808,33765,134586,55.79,failed,online,2025-02-10,NO
1,33235,134868,1581.17,completed,online,2025-02-10,NO
1,31910,136979,400.21,completed,online,2025-02-10,NO
1,40220,138069,119.53,completed,online,2025-02-10,NO
2133,39953,138678,329.55,failed,online,2025-02-10,NO
2911,46505,140904,100.42,failed,online,2025-02-10,NO
4058,35494,141096,247.44,completed,online,2025-02-10,NO
2692,13539,143257,1378.34,completed,online,2025-02-10,NO
1638,7945,147784,677.35,failed,online,2025-02-10,NO
3087,25669,524,1367.34,failed,online,2025-12-14,NO
2953,12128,721,867.26,failed,online,2025-12-14,NO
759,49542,1451,575.46,completed,online,2025-12-14,NO
150,36201,1887,490.84,completed,online,2025-12-14,NO
2224,42474,3740,808.28,failed,online,2025-12-14,NO
4248,21021,4361,1037.89,completed,online,2025-12-14,NO
2039,48292,5130,583.11,failed,online,2025-12-14,NO
4127,30690,11588,22.57,failed,online,2025-12-14,NO
1,47055,12195,1428.66,failed,online,2025-12-14,NO
2506,10346,12441,1708.15,completed,online,2025-12-14,NO
4150,46400,14912,1654.2,failed,online,2025-12-14,NO
1,26883,16669,1895.16,completed,online,2025-12-14,NO
1,27509,17189,1573.78,failed,online,2025-12-14,NO
2864,20198,17359,1789.53,completed,online,2025-12-14,NO
530,44298,18083,533.46,failed,online,2025-12-14,NO
1681,38189,18115,1244.74,completed,online,2025-12-14,NO
2298,17432,27299,1963.6,failed,online,2025-12-14,NO
1,14723,28579,32.18,completed,online,2025-12-14,NO
1,14408,28625,1363.02,completed,online,2025-12-14,NO
2819,12911,28651,168.08,completed,online,2025-12-14,NO
1288,22349,31752,98.94,completed,online,2025-12-14,NO
867,33737,36417,1450.96,failed,online,2025-12-14,NO
1,44446,37236,620.21,completed,online,2025-12-14,NO
964,46528,38332,1079.52,failed,online,2025-12-14,NO
1,8486,39569,1540.09,failed,online,2025-12-14,NO
4696,33906,40234,1492.69,completed,online,2025-12-14,NO
1,45995,41078,1090.66,failed,online,2025-12-14,NO
3559,3416,42511,897.6,failed,online,2025-12-14,NO
1518,20239,42885,155.13,completed,online,2025-12-14,NO
1029,36140,44046,1959.52,completed,online,2025-12-14,NO
1,42649,44955,732.54,completed,online,2025-12-14,NO
4541,1760,47284,690.16,completed,online,2025-12-14,NO
1215,3541,49152,993.47,failed,online,2025-12-14,NO
3738,28226,50084,1536.38,failed,online,2025-12-14,NO
2012,31342,55746,799.92,failed,online,2025-12-14,NO
1,13027,56845,1669.14,failed,online,2025-12-14,NO
2038,4709,58256,230.08,completed,online,2025-12-14,NO
4951,33991,58690,1422.99,failed,online,2025-12-14,NO
1639,42856,62561,537.96,failed,online,2025-12-14,NO
1496,45319,68416,458.81,failed,online,2025-12-14,NO
1,44798,68613,986.29,failed,online,2025-12-14,NO
1384,4657,69876,753.14,failed,online,2025-12-14,NO
2931,30407,70098,455.21,completed,online,2025-12-14,NO
2359,4503,74460,1014.02,failed,online,2025-12-14,NO
4053,39640,75172,1098.57,failed,online,2025-12-14,NO
1921,28738,75543,1758.98,completed,online,2025-12-14,NO
1315,46125,77424,1591.58,completed,online,2025-12-14,NO
1,39633,79704,401.54,failed,online,2025-12-14,NO
3502,19867,87084,1011.08,failed,online,2025-12-14,NO
1348,6608,87673,1065.41,failed,online,2025-12-14,NO
2405,33255,88596,449.45,completed,online,2025-12-14,NO
1,11116,88979,1195.21,failed,online,2025-12-14,NO
3369,12617,89102,226.91,completed,online,2025-12-14,NO
1,6863,91453,21.96,failed,online,2025-12-14,NO
1,3867,92607,853.47,failed,online,2025-12-14,NO
1,34704,95857,922.6,completed,online,2025-12-14,NO
4816,1269,96603,752.67,completed,online,2025-12-14,NO
1858,5458,98322,877.55,completed,online,2025-12-14,NO
110,17880,100046,1912.36,failed,online,2025-12-14,NO
2973,2087,101072,160.2,completed,online,2025-12-14,NO
4607,16967,103117,580.43,completed,online,2025-12-14,NO
2624,40524,103971,579.73,failed,online,2025-12-14,NO
4844,2134,104160,381.17,completed,online,2025-12-14,NO
3372,35866,105294,340.44,completed,online,2025-12-14,NO
3873,8823,111374,771.78,completed,online,2025-12-14,NO
2491,10228,111625,157.78,completed,online,2025-12-14,NO
4502,20444,112325,800.48,completed,online,2025-12-14,NO
4503,2079,112602,1838.79,completed,online,2025-12-14,NO
471,35161,115569,304.9,completed,online,2025-12-14,NO
1,31602,121314,298.19,failed,online,2025-12-14,NO
4251,41797,121398,784.53,completed,online,2025-12-14,NO
4589,49306,121638,1422.87,failed,online,2025-12-14,NO
3929,19765,122940,271.78,failed,online,2025-12-14,NO
331,15807,123603,196.78,completed,online,2025-12-14,NO
661,24588,124981,1937.85,failed,online,2025-12-14,NO
1,36451,125766,1213.43,failed,online,2025-12-14,NO
1384,39019,127680,1646.85,failed,UNKNOWN,2025-12-14,NO
1,15663,134467,1909.22,failed,online,2025-12-14,NO
1,17005,137048,377.13,failed,online,2025-12-14,NO
1,1502,137074,355.05,completed,online,2025-12-14,NO
80,24236,138927,972.57,failed,online,2025-12-14,NO
1,20667,139518,324.67,completed,online,2025-12-14,NO
1080,21749,141349,988.58,failed,online,2025-12-14,NO
1,45546,142109,1923.99,failed,online,2025-12-14,NO
1,41092,142859,104.17,completed,online,2025-12-14,NO
1586,5602,143841,267.34,completed,online,2025-12-14,NO
2983,14545,149237,201.26,failed,online,2025-12-14,NO
4644,49689,2982,843.92,failed,online,2025-05-26,NO
2110,10693,3535,1278.99,failed,online,2025-05-26,NO
4463,13612,5394,1667.53,failed,online,2025-05-26,NO
3752,40365,6524,1053.79,completed,online,2025-05-26,NO
3047,15864,6603,92.19,failed,online,2025-05-26,NO
2993,5941,8050,23.7,completed,online,2025-05-26,NO
2658,22546,11217,1644.87,failed,UNKNOWN,2025-05-26,NO
2051,22255,12554,60.21,failed,online,2025-05-26,NO
2575,8305,12932,501.0,completed,online,2025-05-26,NO
3118,7591,22721,540.07,failed,online,2025-05-26,NO
4001,48109,23036,1850.6,failed,online,2025-05-26,NO
720,43999,29545,311.7,failed,online,2025-05-26,NO
2543,17257,31992,1347.39,failed,online,2025-05-26,NO
3771,3499,35026,142.88,completed,online,2025-05-26,NO
1895,18119,38737,5495.360137377838,completed,online,2025-05-26,NO
2703,18451,39880,1847.71,failed,online,2025-05-26,NO
2231,44104,41840,611.26,failed,online,2025-05-26,NO
4939,34326,41909,1081.16,completed,online,2025-05-26,NO
2770,38988,44442,1523.31,completed,online,2025-05-26,NO
4001,14048,44672,617.71,failed,online,2025-05-26,NO
4228,1418,46019,1035.18,completed,online,2025-05-26,NO
4735,1507,46313,210.68,completed,online,2025-05-26,NO
1,3141,46436,1617.42,failed,online,2025-05-26,NO
1303,4637,46470,1620.45,failed,UNKNOWN,2025-05-26,NO
4076,4569,47047,931.83,failed,online,2025-05-26,NO
125,32354,53771,1726.56,failed,online,2025-05-26,NO
1,37398,55048,383.04,completed,online,2025-05-26,NO
3955,15521,55477,47.86,failed,online,2025-05-26,NO
4691,21562,56367,1558.99,failed,online,2025-05-26,NO
2785,38219,56828,1186.15,completed,online,2025-05-26,NO
1236,4353,59037,771.22,failed,online,2025-05-26,NO
1,2015,59560,1580.84,completed,online,2025-05-26,NO
3725,21690,60360,1845.08,failed,online,2025-05-26,NO
1946,12457,62440,167.94,completed,online,2025-05-26,NO
1,36276,63590,1978.03,completed,online,2025-05-26,NO
1281,2939,68175,1438.73,failed,online,2025-05-26,NO
1,31659,70884,625.03,completed,online,2025-05-26,NO
1,6887,71224,1107.66,failed,online,2025-05-26,NO
3257,47499,71255,1194.24,failed,online,2025-05-26,NO
4886,4683,73545,1070.14,completed,online,2025-05-26,NO
3179,9947,74442,842.06,failed,online,2025-05-26,NO
3500,2549,74521,707.19,failed,UNKNOWN,2025-05-26,NO
3145,45241,75941,379.85,completed,online,2025-05-26,NO
2026,24996,76851,1872.38,failed,online,2025-05-26,NO
1,46210,78082,1420.84,failed,online,2025-05-26,NO
4462,4157,80476,1122.89,completed,online,2025-05-26,NO
1,9057,82461,938.62,completed,online,2025-05-26,NO
766,5071,86696,543.3,completed,online,2025-05-26,NO
3952,6781,86996,1082.74,failed,online,2025-05-26,NO
1,16086,87197,1551.99,failed,online,2025-05-26,NO
3279,36809,89787,1442.36,failed,online,2025-05-26,NO
2986,15161,89826,1623.88,failed,online,2025-05-26,NO
371,429,90264,1751.39,failed,online,2025-05-26,NO
1972,18006,91887,781.01,failed,online,2025-05-26,NO
2915,48269,92942,178.02,completed,online,2025-05-26,NO
1,41736,96002,1498.36,failed,online,2025-05-26,NO
1258,18944,100852,6556.834925702345,completed,UNKNOWN,2025-05-26,NO
1,33156,104209,1731.6,failed,online,2025-05-26,NO
3393,49706,104423,1511.19,completed,online,2025-05-26,NO
1658,5226,104951,548.47,completed,online,2025-05-26,NO
83,31607,105693,1823.97,failed,online,2025-05-26,NO
3041,20389,105809,944.06,completed,online,2025-05-26,NO
510,47888,106054,1415.04,completed,online,2025-05-26,NO
4226,25416,110606,1294.09,failed,online,2025-05-26,NO
1,19876,110638,1230.42,failed,online,2025-05-26,NO
69,46178,111539,1584.39,failed,online,2025-05-26,NO
3742,37893,113180,248.59,completed,online,2025-05-26,NO
4307,30158,117566,630.23,completed,online,2025-05-26,NO
2123,48701,119039,914.16,failed,online,2025-05-26,NO
1922,32940,120910,493.16,failed,online,2025-05-26,NO
492,26417,121322,1192.68,failed,online,2025-05-26,NO
3304,10909,123601,1115.16,completed,online,2025-05-26,NO
1,37426,123926,910.72,completed,online,2025-05-26,NO
3560,25991,125625,1693.07,failed,online,2025-05-26,NO
3835,19416,127532,184.82,failed,online,2025-05-26,NO
3584,1304,127775,713.16,completed,online,2025-05-26,NO
2018,16572,132131,925.05,completed,online,2025-05-26,NO
1,24952,138873,338.52,completed,online,2025-05-26,NO
653,25928,140109,932.99,completed,online,2025-05-26,NO
677,30773,140190,617.33,failed,online,2025-05-26,NO
682,42559,140876,372.2,failed,online,2025-05-26,NO
219,28744,141548,1247.37,failed,online,2025-05-26,NO
3817,2257,143253,324.11,failed,online,2025-05-26,NO
1427,28546,143654,474.87,completed,online,2025-05-26,NO
1772,30291,147323,1680.13,failed,online,2025-05-26,NO
570,754,147917,446.77,completed,online,2025-05-26,NO
1662,32604,365,665.69,failed,online,2025-10-10,NO
1155,23821,1361,279.91,failed,online,2025-10-10,NO
807,40348,4031,420.99,completed,online,2025-10-10,NO
3086,44345,4056,1075.82,completed,online,2025-10-10,NO
179,12135,8859,1184.29,failed,online,2025-10-10,NO
1786,6807,11339,1779.13,failed,online,2025-10-10,NO
1473,36659,12683,183.33,failed,online,2025-10-10,NO
2970,5209,13258,905.83,completed,UNKNOWN,2025-10-10,NO
4559,31211,17963,653.77,failed,online,2025-10-10,NO
4462,2472,21344,1048.48,failed,online,2025-10-10,NO
1,18845,23463,1928.28,completed,online,2025-10-10,NO
30,3037,24420,572.27,completed,online,2025-10-10,NO
1366,24770,26067,1844.29,completed,online,2025-10-10,NO
1094,6855,28195,1066.63,completed,online,2025-10-10,NO
2736,38766,29283,86.91,failed,online,2025-10-10,NO
3423,23443,30959,1368.79,completed,online,2025-10-10,NO
2906,17780,33544,174.17,failed,online,2025-10-10,NO
2026,7230,35035,704.53,completed,online,2025-10-10,NO
4753,35310,39347,1693.53,completed,online,2025-10-10,NO
148,21117,39448,520.96,failed,online,2025-10-10,NO
998,33983,41111,1258.04,failed,online,2025-10-10,NO
17,33615,41356,274.22,failed,online,2025-10-10,NO
2885,4360,42399,1696.71,failed,online,2025-10-10,NO
2027,30829,44684,1176.95,completed,online,2025-10-10,NO
1,12814,45342,1444.92,completed,online,2025-10-10,NO
1,47136,45870,1666.01,failed,online,2025-10-10,NO
977,4921,54426,1344.02,failed,online,2025-10-10,NO
1478,26660,57589,1731.34,failed,online,2025-10-10,NO
1,7877,57681,537.07,completed,online,2025-10-10,NO
1,21444,59833,1190.44,failed,online,2025-10-10,NO
3418,5241,60942,91.28,failed,online,2025-10-10,NO
586,32025,62734,1558.1,completed,online,2025-10-10,NO
611,9976,63028,741.33,failed,online,2025-10-10,NO
3407,15085,64009,1830.32,failed,online,2025-10-10,NO
3626,20043,66157,1413.56,failed,online,2025-10-10,NO
4825,40576,66207,1124.02,completed,online,2025-10-10,NO
4354,23107,69752,410.77,failed,online,2025-10-10,NO
3126,48564,69833,1394.57,completed,online,2025-10-10,NO
1945,39522,70465,866.97,failed,online,2025-10-10,NO
4543,42947,71001,240.31,failed,UNKNOWN,2025-10-10,NO
4786,17193,71311,1935.97,failed,online,2025-10-10,NO
2584,10903,72967,1071.3,failed,online,2025-10-10,NO
2065,34148,74761,1892.42,completed,online,2025-10-10,NO
4801,35725,75195,102.48,completed,online,2025-10-10,NO
1,18672,76626,148.82,completed,online,2025-10-10,NO
2580,25738,76803,1415.71,completed,online,2025-10-10,NO
1,30820,78892,1795.26,completed,online,2025-10-10,NO
3283,3404,79926,200.76,failed,online,2025-10-10,NO
1,4552,82406,1739.82,completed,online,2025-10-10,NO
3158,31427,84452,1245.22,completed,online,2025-10-10,NO
1890,2906,84854,1468.69,completed,online,2025-10-10,NO
2271,4646,91837,1487.83,completed,online,2025-10-10,NO
1,35115,94585,1469.79,failed,online,2025-10-10,NO
1,4663,94592,1916.65,completed,online,2025-10-10,NO
1244,29157,94676,1854.91,completed,online,2025-10-10,NO
1641,3057,96268,1612.09,completed,online,2025-10-10,NO
1940,28071,96590,1779.45,completed,online,2025-10-10,NO
3724,38928,96894,1599.66,completed,online,2025-10-10,NO
1801,28152,101062,1629.84,failed,online,2025-10-10,NO
4029,18013,101204,414.18,failed,online,2025-10-10,NO
3820,26891,111128,1833.31,completed,online,2025-10-10,NO
1838,30312,113035,264.09,completed,online,2025-10-10,NO
2772,13099,113068,312.78,completed,online,2025-10-10,NO
2537,36384,114634,310.34,failed,online,2025-10-10,NO
1,46933,115438,843.11,failed,online,2025-10-10,NO
1308,45980,115453,533.76,completed,online,2025-10-10,NO
2891,8131,119152,1556.15,completed,online,2025-10-10,NO
3403,34543,120383,881.24,completed,online,2025-10-10,NO
4558,4551,121783,774.33,completed,online,2025-10-10,NO
1,24662,123348,235.1,failed,online,2025-10-10,NO
1460,38238,123852,1551.67,failed,online,2025-10-10,NO
2975,41941,126118,284.49,failed,online,2025-10-10,NO
1857,39760,126124,1966.96,failed,online,2025-10-10,NO
451,44219,126368,573.84,completed,online,2025-10-10,NO
1872,37662,128288,1899.79,completed,online,2025-10-10,NO
3838,40563,133182,99.31,completed,online,2025-10-10,NO
1475,24941,134952,1979.39,failed,online,2025-10-10,NO
1,22079,137570,1975.01,failed,online,2025-10-10,NO
4551,25398,138993,1778.31,failed,online,2025-10-10,NO
475,9400,140300,294.36,failed,online,2025-10-10,NO
1,48414,141736,221.37,failed,online,2025-10-10,NO
1,31747,142890,89.88,completed,online,2025-10-10,NO
200,35264,147757,665.69,failed,online,2025-10-10,NO
4697,37473,148507,640.78,failed,online,2025-10-10,NO
4788,37887,148987,749.76,failed,online,2025-10-10,NO
266,42034,149099,43.63,failed,online,2025-10-10,NO
3063,45446,1472,1034.68,failed,online,2025-03-08,NO
3576,39579,2287,1463.27,failed,online,2025-03-08,NO
3568,38262,3245,568.79,completed,online,2025-03-08,NO
2148,30281,5021,97.09,failed,online,2025-03-08,NO
583,32242,5493,54.39,completed,online,2025-03-08,NO
1,19314,7882,965.54,completed,online,2025-03-08,NO
775,16911,8195,283.5,completed,online,2025-03-08,NO
3716,25003,10890,1413.16,failed,online,2025-03-08,NO
4941,34393,11398,179.44,completed,online,2025-03-08,NO
2574,3329,11474,908.19,completed,online,2025-03-08,NO
1,35235,12891,1066.84,failed,online,2025-03-08,NO
2339,13864,14100,1567.67,completed,online,2025-03-08,NO
1,48365,15240,645.99,failed,online,2025-03-08,NO
4314,40440,16188,123.92,failed,online,2025-03-08,NO
3803,14300,17239,1854.11,completed,online,2025-03-08,NO
3398,48352,18607,1460.82,failed,online,2025-03-08,NO
2655,38277,20863,1539.01,completed,UNKNOWN,2025-03-08,NO
2678,6137,23317,1550.2,failed,online,2025-03-08,NO
2760,17163,23546,1975.19,failed,online,2025-03-08,NO
632,41787,24827,1896.49,failed,online,2025-03-08,NO
1,48578,27911,1351.91,completed,online,2025-03-08,NO
1,31568,28949,1429.33,failed,online,2025-03-08,NO
1,30638,30394,1876.52,completed,online,2025-03-08,NO
1,7224,32239,843.29,completed,online,2025-03-08,NO
4481,16327,35340,588.52,failed,online,2025-03-08,NO
2947,38697,37403,1868.16,failed,online,2025-03-08,NO
546,34451,38630,117.22,failed,online,2025-03-08,NO
3939,45654,38983,715.66,completed,online,2025-03-08,NO
2970,8822,39035,1895.06,completed,online,2025-03-08,NO
1076,47372,43652,1703.58,failed,online,2025-03-08,NO
4654,3827,43906,1027.79,failed,online,2025-03-08,NO
61,8969,46103,745.25,failed,online,2025-03-08,NO
4616,8304,47294,1662.62,failed,online,2025-03-08,NO
4663,17956,49989,335.66,completed,online,2025-03-08,NO
2824,17488,50529,801.53,completed,online,2025-03-08,NO
2946,37257,50649,1159.43,completed,online,2025-03-08,NO
1,40891,53426,134.1,failed,online,2025-03-08,NO
2897,13942,54289,124.0,failed,online,2025-03-08,NO
1,2930,55192,876.83,completed,online,2025-03-08,NO
1763,48416,57715,351.62,completed,online,2025-03-08,NO
1,42031,57971,1298.78,completed,online,2025-03-08,NO
655,9607,58401,151.53,completed,online,2025-03-08,NO
3387,5413,58735,873.41,failed,online,2025-03-08,NO
4488,11856,60020,1199.74,completed,online,2025-03-08,NO
3670,17063,65434,1736.12,failed,online,2025-03-08,NO
1439,44373,67363,1418.25,failed,online,2025-03-08,NO
2090,41057,70483,1012.15,failed,online,2025-03-08,NO
1610,19781,71364,997.8,completed,UNKNOWN,2025-03-08,NO
1,39695,73245,1370.63,failed,online,2025-03-08,NO
2559,13199,74256,1509.67,completed,online,2025-03-08,NO
1224,23982,74596,1131.1,completed,online,2025-03-08,NO
4519,31292,80001,209.81,completed,online,2025-03-08,NO
3630,4431,84353,1380.36,completed,online,2025-03-08,NO
4488,17470,88950,692.2,failed,online,2025-03-08,NO
1,16382,91086,584.15,failed,online,2025-03-08,NO
4171,36828,92509,1495.31,failed,online,2025-03-08,NO
2595,39624,93888,1411.5,completed,online,2025-03-08,NO
356,3552,95120,993.48,failed,online,2025-03-08,NO
291,2451,97710,1261.87,failed,online,2025-03-08,NO
2814,28639,101351,891.15,completed,online,2025-03-08,NO
3735,21331,102801,725.1,failed,online,2025-03-08,NO
1,4529,105957,257.44,failed,online,2025-03-08,NO
1,12314,109957,1969.76,completed,online,2025-03-08,NO
3067,22305,115586,604.17,completed,online,2025-03-08,NO
2334,36576,116078,1921.54,failed,online,2025-03-08,NO
4122,22060,116117,1482.58,failed,online,2025-03-08,NO
285,49304,116466,1504.31,completed,online,2025-03-08,NO
322,43249,121827,792.73,failed,online,2025-03-08,NO
1430,8518,122081,227.34,failed,online,2025-03-08,NO
2939,39018,122237,1857.23,failed,online,2025-03-08,NO
4720,11000,122667,657.98,failed,UNKNOWN,2025-03-08,NO
4442,5974,123185,1489.74,completed,online,2025-03-08,NO
3545,43747,125521,347.24,failed,online,2025-03-08,NO
4405,44866,127615,1193.8,completed,online,2025-03-08,NO
3007,36327,130606,725.92,completed,online,2025-03-08,NO
403,3072,132362,1215.06,failed,online,2025-03-08,NO
1,33650,135342,1747.64,completed,online,2025-03-08,NO
1438,40610,135408,1308.46,failed,online,2025-03-08,NO
955,20267,136919,6577.190138296163,failed,online,2025-03-08,NO
2334,21815,137122,426.48,completed,online,2025-03-08,NO
348,32982,139271,404.76,completed,UNKNOWN,2025-03-08,NO
3,1025,139407,144.2,failed,online,2025-03-08,NO
2060,15182,141010,705.29,completed,online,2025-03-08,NO
3695,31045,143486,256.82,completed,online,2025-03-08,NO
1,24438,146815,659.78,completed,online,2025-03-08,NO
3902,19750,148129,1883.39,failed,online,2025-03-08,NO
1,23414,6014,861.12,failed,online,2025-10-23,NO
1,31149,7203,477.99,failed,online,2025-10-23,NO
1,17306,9426,1177.58,failed,online,2025-10-23,NO
1441,2839,14720,877.72,completed,online,2025-10-23,NO
1,18965,15599,199.76,failed,online,2025-10-23,NO
1422,7701,17097,1136.74,failed,online,2025-10-23,NO
3880,46601,17545,1439.37,failed,online,2025-10-23,NO
4500,16551,22258,1135.48,completed,online,2025-10-23,NO
500,14488,24407,1290.7,completed,online,2025-10-23,NO
4689,40010,24453,6813.939930715374,failed,online,2025-10-23,NO
1,5341,24953,664.42,completed,online,2025-10-23,NO
1,4020,29608,1243.75,completed,online,2025-10-23,NO
1,14407,33107,545.04,completed,online,2025-10-23,NO
1,27184,34857,970.11,failed,online,2025-10-23,NO
708,4243,36198,581.39,failed,online,2025-10-23,NO
3257,4846,40389,1586.2,completed,online,2025-10-23,NO
1,17108,42018,133.6,failed,online,2025-10-23,NO
1166,12581,42655,1522.4,failed,online,2025-10-23,NO
3096,2974,42774,1961.73,completed,online,2025-10-23,NO
3389,20866,43774,145.64,completed,online,2025-10-23,NO
4564,34880,45043,1943.58,failed,online,2025-10-23,NO
1,7666,47283,449.2,failed,online,2025-10-23,NO
2047,22022,48082,457.07,failed,online,2025-10-23,NO
1,35455,48447,335.01,completed,online,2025-10-23,NO
4914,23647,52100,676.72,completed,online,2025-10-23,NO
3964,29424,53594,604.52,failed,online,2025-10-23,NO
1,37525,54434,230.05,completed,online,2025-10-23,NO
1,1799,54692,578.55,failed,online,2025-10-23,NO
2264,44748,54769,1164.12,failed,online,2025-10-23,NO
1346,47316,58913,857.14,completed,online,2025-10-23,NO
3413,7781,59108,1259.11,failed,online,2025-10-23,NO
1112,43491,59194,434.25,completed,online,2025-10-23,NO
3479,31418,61237,1366.3,failed,online,2025-10-23,NO
2897,4140,62106,968.44,failed,online,2025-10-23,NO
4099,9229,69283,1534.78,failed,online,2025-10-23,NO
4220,19833,69790,1096.88,failed,online,2025-10-23,NO
1443,8766,71830,1762.64,completed,online,2025-10-23,NO
1,41357,72017,1148.01,completed,online,2025-10-23,NO
1,28361,72077,462.23,completed,online,2025-10-23,NO
1,35443,78230,451.51,completed,online,2025-10-23,NO
1387,29189,78289,1551.59,failed,online,2025-10-23,NO
1,31035,78737,1803.61,completed,online,2025-10-23,NO
4379,19710,79332,228.57,completed,online,2025-10-23,NO
902,33493,79361,1987.6,failed,online,2025-10-23,NO
966,42064,80522,554.54,completed,online,2025-10-23,NO
539,3235,80692,1535.14,completed,online,2025-10-23,NO
3723,21386,82147,654.39,failed,online,2025-10-23,NO
1,32130,82602,1589.14,completed,online,2025-10-23,NO
3328,1486,84204,116.43,completed,online,2025-10-23,NO
1535,28166,85384,435.35,failed,online,2025-10-23,NO
1991,29422,88717,536.34,failed,online,2025-10-23,NO
170,18853,88726,943.62,failed,online,2025-10-23,NO
3941,10264,89541,1024.38,failed,online,2025-10-23,NO
2832,32077,92182,754.08,completed,online,2025-10-23,NO
4953,6139,94128,1178.03,completed,online,2025-10-23,NO
1,47766,96272,1938.22,completed,online,2025-10-23,NO
1616,3291,96533,278.41,completed,online,2025-10-23,NO
1,21358,97387,210.16,completed,online,2025-10-23,NO
2748,45127,102274,1706.53,failed,online,2025-10-23,NO
4982,9523,103912,1486.0,completed,online,2025-10-23,NO
3338,19526,105029,397.49,failed,online,2025-10-23,NO
4195,20959,105484,793.51,failed,online,2025-10-23,NO
2221,9175,106695,911.58,completed,online,2025-10-23,NO
1289,5931,106715,1636.16,failed,online,2025-10-23,NO
4072,17165,108438,561.75,completed,online,2025-10-23,NO
1321,30037,111708,542.72,failed,online,2025-10-23,NO
941,28109,112688,233.42,completed,online,2025-10-23,NO
503,34670,113078,65.55,failed,online,2025-10-23,NO
4463,2405,113681,860.42,completed,online,2025-10-23,NO
4002,35143,114688,1244.64,completed,online,2025-10-23,NO
218,4828,117349,858.93,completed,online,2025-10-23,NO
1370,11198,120256,620.72,completed,UNKNOWN,2025-10-23,NO
3977,40670,121572,614.81,failed,online,2025-10-23,NO
4587,13534,125741,1603.92,completed,online,2025-10-23,NO
1808,2728,126991,511.68,failed,online,2025-10-23,NO
3204,48068,127605,7963.63056647805,completed,online,2025-10-23,NO
1392,39702,128782,1755.94,failed,online,2025-10-23,NO
4216,16653,132990,1674.57,failed,online,2025-10-23,NO
2649,18874,133464,1511.66,failed,online,2025-10-23,NO
693,13605,135066,430.04,completed,online,2025-10-23,NO
2672,30319,135758,469.04,completed,online,2025-10-23,NO
4906,12147,140382,363.01,failed,online,2025-10-23,NO
2827,8062,142866,169.71,completed,online,2025-10-23,NO
1,44743,146146,1213.97,completed,online,2025-10-23,NO
4213,25844,146819,769.23,failed,online,2025-10-23,NO
1,22456,148727,1131.87,completed,online,2025-10-23,NO
1654,27068,1693,1489.88,failed,online,2025-07-05,NO
108,37838,2101,960.41,completed,online,2025-07-05,NO
2656,16863,2825,111.65,failed,online,2025-07-05,NO
684,5951,4121,1490.04,failed,online,2025-07-05,NO
545,17782,5318,864.53,failed,online,2025-07-05,NO
4444,7372,6153,87.62,completed,online,2025-07-05,NO
4986,6548,8294,734.16,completed,online,2025-07-05,NO
1047,8304,9577,1643.92,failed,online,2025-07-05,NO
3177,4197,9870,336.33,completed,online,2025-07-05,NO
473,24252,11738,886.09,failed,online,2025-07-05,NO
1292,14525,13671,1789.5,completed,online,2025-07-05,NO
2126,42868,16169,289.69,completed,online,2025-07-05,NO
833,33750,17459,343.12,failed,online,2025-07-05,NO
1,13271,19185,1793.98,failed,UNKNOWN,2025-07-05,NO
4459,26945,19634,1722.77,failed,online,2025-07-05,NO
2753,20900,20691,655.3,failed,online,2025-07-05,NO
4622,11744,25544,1325.02,completed,online,2025-07-05,NO
4625,30385,27319,1399.49,completed,online,2025-07-05,NO
1945,26256,27575,1864.99,completed,online,2025-07-05,NO
772,48672,28144,1359.01,failed,online,2025-07-05,NO
1682,26906,28550,1011.0,failed,online,2025-07-05,NO
3666,33851,31274,1330.53,failed,online,2025-07-05,NO
3210,15667,31412,268.21,completed,online,2025-07-05,NO
1412,45167,35960,1877.11,completed,online,2025-07-05,NO
1,15074,38736,1336.79,failed,online,2025-07-05,NO
2222,46310,44166,1721.7,completed,online,2025-07-05,NO
374,15022,44480,1695.12,completed,online,2025-07-05,NO
4732,35382,45314,296.28,completed,online,2025-07-05,NO
346,35712,45459,1375.77,completed,online,2025-07-05,NO
2630,37219,45665,830.84,failed,online,2025-07-05,NO
4169,14637,49288,1531.38,completed,online,2025-07-05,NO
4521,46725,53205,1306.32,failed,online,2025-07-05,NO
3356,49949,55204,1598.18,completed,online,2025-07-05,NO
2229,34549,57014,1250.56,completed,online,2025-07-05,NO
2476,16185,58149,1753.46,completed,online,2025-07-05,NO
1,44379,59325,173.76,failed,online,2025-07-05,NO
1,32419,60134,451.44,completed,online,2025-07-05,NO
298,30822,60286,1310.78,completed,online,2025-07-05,NO
1107,35393,61097,48.44,completed,online,2025-07-05,NO
4227,9764,61488,725.8,failed,online,2025-07-05,NO
411,23019,62274,686.68,failed,online,2025-07-05,NO
1,3975,65135,296.8,failed,online,2025-07-05,NO
3703,29939,66555,1154.65,failed,online,2025-07-05,NO
3174,3773,66606,1745.25,completed,online,2025-07-05,NO
4728,26244,67484,1346.57,failed,online,2025-07-05,NO
3117,28014,68403,1011.35,failed,online,2025-07-05,NO
1,16768,69561,1037.18,completed,online,2025-07-05,NO
1388,35855,70490,309.48,completed,online,2025-07-05,NO
372,29471,71025,1815.06,failed,online,2025-07-05,NO
2704,42140,73267,170.27,failed,online,2025-07-05,NO
4916,14526,76230,20.01,failed,online,2025-07-05,NO
627,16924,79275,1857.03,completed,online,2025-07-05,NO
2641,33369,79932,1112.34,failed,online,2025-07-05,NO
3702,24048,80939,402.17,completed,online,2025-07-05,NO
298,47366,81224,1916.34,completed,online,2025-07-05,NO
2480,9964,82584,720.87,failed,online,2025-07-05,NO
3945,45235,85855,707.09,completed,online,2025-07-05,NO
1748,37708,86435,1372.35,completed,online,2025-07-05,NO
816,10540,87400,483.89,completed,online,2025-07-05,NO
1,3517,88082,86.58,failed,online,2025-07-05,NO
1,1834,98070,1804.48,failed,online,2025-07-05,NO
2774,35233,99900,839.79,completed,online,2025-07-05,NO
2037,32988,101676,345.18,completed,online,2025-07-05,NO
3643,29245,101808,814.98,failed,online,2025-07-05,NO
3050,42272,103994,598.87,failed,online,2025-07-05,NO
2540,27352,106942,905.18,completed,online,2025-07-05,NO
4761,48365,109318,563.48,completed,online,2025-07-05,NO
1,33211,111172,416.23,failed,online,2025-07-05,NO
4993,46055,114723,330.91,failed,online,2025-07-05,NO
3861,48840,114934,1945.96,completed,online,2025-07-05,NO
445,21547,115046,354.55,completed,online,2025-07-05,NO
2433,6104,116339,1029.78,completed,online,2025-07-05,NO
2553,31773,117431,806.03,completed,online,2025-07-05,NO
1917,49455,118672,389.78,failed,online,2025-07-05,NO
381,56,119959,678.97,failed,online,2025-07-05,NO
1706,45961,125402,185.76,failed,online,2025-07-05,NO
4939,41739,128916,1609.57,failed,online,2025-07-05,NO
4116,6799,131252,605.78,failed,online,2025-07-05,NO
2012,31942,132062,1663.65,failed,online,2025-07-05,NO
4610,21754,132560,1293.76,completed,online,2025-07-05,NO
1,8059,134267,189.58,completed,online,2025-07-05,NO
1,26273,135493,1390.85,completed,online,2025-07-05,NO
2549,22711,136608,1559.3,completed,online,2025-07-05,NO
3258,3427,137031,1624.82,failed,online,2025-07-05,NO
1,8819,140054,1871.15,failed,online,2025-07-05,NO
2329,30454,146126,939.5,failed,online,2025-07-05,NO
60,22426,1955,850.6,failed,online,2025-09-15,NO
3532,18703,2772,39.43,completed,online,2025-09-15,NO
1048,45257,3054,1295.62,failed,online,2025-09-15,NO
736,28227,3379,872.67,completed,online,2025-09-15,NO
4117,15051,6466,302.05,failed,online,2025-09-15,NO
1,4988,7501,174.79,failed,online,2025-09-15,NO
794,26826,9341,1533.57,completed,online,2025-09-15,NO
3578,167,11162,754.43,completed,online,2025-09-15,NO
1,21522,14041,627.54,failed,online,2025-09-15,NO
1,23708,14687,326.56,completed,online,2025-09-15,NO
182,29279,16048,1131.98,failed,online,2025-09-15,NO
4269,4199,17613,1413.99,completed,online,2025-09-15,NO
2949,6797,19614,455.27,failed,online,2025-09-15,NO
3160,14342,20059,110.95,failed,online,2025-09-15,NO
4702,44818,23850,384.39,failed,online,2025-09-15,NO
2396,38235,26070,1373.83,failed,online,2025-09-15,NO
4046,37075,30183,468.0,completed,online,2025-09-15,NO
1686,10173,30306,454.67,failed,online,2025-09-15,NO
2223,21155,30343,1627.98,failed,online,2025-09-15,NO
4068,17568,31220,1642.01,failed,online,2025-09-15,NO
3868,1910,32960,577.1,failed,online,2025-09-15,NO
2069,27831,39285,1537.96,completed,online,2025-09-15,NO
324,18630,41070,725.97,failed,online,2025-09-15,NO
3633,27428,41470,1914.01,completed,online,2025-09-15,NO
1,32922,42020,592.12,failed,online,2025-09-15,NO
4745,26411,50836,916.6,completed,online,2025-09-15,NO
1,18796,51380,1776.83,failed,online,2025-09-15,NO
915,45142,57849,1858.47,completed,online,2025-09-15,NO
3083,47986,64535,657.7,completed,UNKNOWN,2025-09-15,NO
1,23598,65578,37.05,completed,online,2025-09-15,NO
3119,1354,67138,1873.23,completed,online,2025-09-15,NO
2350,2435,68432,333.31,failed,online,2025-09-15,NO
2585,47248,71170,595.78,failed,online,2025-09-15,NO
1,8909,72627,239.32,completed,online,2025-09-15,NO
4524,6932,72694,1930.78,completed,online,2025-09-15,NO
4590,39545,73851,12.06,failed,online,2025-09-15,NO
2696,18143,74643,576.93,completed,online,2025-09-15,NO
1,6235,79223,1315.35,failed,online,2025-09-15,NO
1347,2897,79690,1608.56,completed,online,2025-09-15,NO
1559,44818,79832,355.94,completed,online,2025-09-15,NO
1,45481,80130,1527.01,failed,online,2025-09-15,NO
1,35788,80197,789.07,failed,online,2025-09-15,NO
1551,25939,80957,1736.51,completed,online,2025-09-15,NO
1204,39379,81448,1258.48,completed,online,2025-09-15,NO
231,7216,83808,1071.47,failed,online,2025-09-15,NO
2761,40301,84886,973.3,failed,online,2025-09-15,NO
2248,5387,87959,291.04,failed,online,2025-09-15,NO
1,27353,88401,358.78,completed,online,2025-09-15,NO
923,10985,88926,625.59,completed,online,2025-09-15,NO
1241,2998,90030,1142.81,completed,online,2025-09-15,NO
1,43752,106572,1363.94,completed,online,2025-09-15,NO
1529,2199,106640,1051.48,completed,online,2025-09-15,NO
4599,44281,107053,877.89,completed,online,2025-09-15,NO
1,12181,107495,1587.73,completed,online,2025-09-15,NO
2535,25421,111843,839.33,failed,UNKNOWN,2025-09-15,NO
1705,18007,112233,1258.08,completed,online,2025-09-15,NO
3861,48416,115013,321.39,completed,online,2025-09-15,NO
1813,33391,115675,904.3,completed,online,2025-09-15,NO
990,16637,117186,958.2,failed,online,2025-09-15,NO
4837,10379,119210,197.09,completed,online,2025-09-15,NO
3434,14508,120254,64.72,failed,online,2025-09-15,NO
4067,30309,120699,1789.53,failed,online,2025-09-15,NO
4245,46773,121834,647.62,failed,online,2025-09-15,NO
2961,2610,122131,775.04,failed,online,2025-09-15,NO
588,35860,122598,1879.65,failed,online,2025-09-15,NO
1104,49068,123775,1359.84,completed,online,2025-09-15,NO
4068,14474,126168,164.77,failed,online,2025-09-15,NO
3198,27281,131290,1598.58,completed,online,2025-09-15,NO
1525,25365,133523,138.59,failed,online,2025-09-15,NO
766,44763,133956,113.39,completed,online,2025-09-15,NO
2715,33736,136179,1514.48,completed,online,2025-09-15,NO
2268,3688,137586,1159.79,completed,online,2025-09-15,NO
143,28382,138319,1464.45,completed,online,2025-09-15,NO
4397,4165,138524,235.17,failed,online,2025-09-15,NO
200,48454,138922,279.83,failed,online,2025-09-15,NO
2866,12409,139374,709.84,completed,online,2025-09-15,NO
81,22329,142024,46.84,failed,online,2025-09-15,NO
3593,12148,143144,205.2,completed,online,2025-09-15,NO
1705,18723,144903,1055.37,failed,online,2025-09-15,NO
4075,42996,145509,348.52,completed,online,2025-09-15,NO
1,5770,146527,961.13,completed,online,2025-09-15,NO
332,43235,147392,1223.91,failed,online,2025-09-15,NO
2332,39338,148432,1270.04,completed,online,2025-09-15,NO
2264,42345,149213,1751.79,completed,online,2025-09-15,NO
1,6989,149646,906.75,completed,online,2025-09-15,NO
3976,2988,149914,1183.12,failed,online,2025-09-15,NO
1481,39164,4841,583.19,failed,online,2025-09-24,NO
1230,37903,7041,532.96,failed,online,2025-09-24,NO
4004,32686,7414,67.02,failed,online,2025-09-24,NO
1515,42010,7698,610.14,completed,online,2025-09-24,NO
2260,28501,8291,785.93,failed,online,2025-09-24,NO
248,2542,14485,732.85,completed,online,2025-09-24,NO
3849,7658,14572,1734.06,completed,online,2025-09-24,NO
2718,3865,14758,567.06,failed,online,2025-09-24,NO
3240,45183,16248,1929.86,failed,online,2025-09-24,NO
1,515,16983,70.68,failed,online,2025-09-24,NO
1,24743,17735,1159.4,failed,online,2025-09-24,NO
2012,10726,18713,1337.5,completed,online,2025-09-24,NO
2315,3669,20881,75.98,failed,online,2025-09-24,NO
4439,14665,21436,1726.17,failed,online,2025-09-24,NO
1572,48114,22022,1047.59,completed,UNKNOWN,2025-09-24,NO
961,45445,25815,63.45,failed,online,2025-09-24,NO
1377,2404,26276,541.52,completed,online,2025-09-24,NO
1,2129,28145,602.04,failed,online,2025-09-24,NO
3543,15510,28674,1351.19,failed,online,2025-09-24,NO
1,34396,29449,1701.06,failed,online,2025-09-24,NO
1742,40683,31887,1067.11,completed,online,2025-09-24,NO
1336,1067,32311,1553.52,completed,online,2025-09-24,NO
1036,13236,34283,959.09,failed,online,2025-09-24,NO
4095,5739,37109,165.96,failed,online,2025-09-24,NO
2078,20213,37278,279.26,completed,online,2025-09-24,NO
4044,31422,37746,1334.81,completed,online,2025-09-24,NO
1,37050,38177,1510.51,completed,online,2025-09-24,NO
1,8315,38984,202.81,failed,online,2025-09-24,NO
4526,38147,38996,103.32,completed,online,2025-09-24,NO
1,11353,39535,1090.93,completed,online,2025-09-24,NO
3737,25349,42216,228.96,completed,online,2025-09-24,NO
2124,45490,50784,1752.98,failed,online,2025-09-24,NO
244,13738,53930,702.3,failed,online,2025-09-24,NO
1281,26797,55644,387.61,failed,online,2025-09-24,NO
4175,6370,56842,97.47,failed,online,2025-09-24,NO
1741,7352,57052,1820.1,completed,online,2025-09-24,NO
4076,34780,57096,243.59,completed,online,2025-09-24,NO
4151,15014,57137,8370.366562100771,failed,online,2025-09-24,NO
108,31989,57143,1632.18,failed,online,2025-09-24,NO
1323,40228,57154,622.57,completed,online,2025-09-24,NO
2598,44112,58809,46.47,failed,online,2025-09-24,NO
2122,33311,59376,193.6,failed,online,2025-09-24,NO
1,36431,59920,857.49,failed,online,2025-09-24,NO
838,11079,60116,1795.48,failed,online,2025-09-24,NO
4106,17954,64759,1431.13,completed,online,2025-09-24,NO
422,39460,66927,713.38,failed,online,2025-09-24,NO
2627,1889,68190,1814.64,failed,online,2025-09-24,NO
2885,38385,69144,1456.61,failed,online,2025-09-24,NO
3560,15916,69655,1624.03,completed,online,2025-09-24,NO
2559,17704,70020,268.32,failed,online,2025-09-24,NO
2706,8413,80357,1299.53,failed,online,2025-09-24,NO
1600,11088,81845,619.16,completed,online,2025-09-24,NO
1131,19002,87832,569.76,failed,online,2025-09-24,NO
1,45185,89170,1775.79,completed,online,2025-09-24,NO
1009,22798,91040,1743.06,failed,online,2025-09-24,NO
1,49192,91852,477.53,completed,online,2025-09-24,NO
1755,13782,92252,1779.39,failed,online,2025-09-24,NO
1985,13315,94893,1334.42,completed,online,2025-09-24,NO
2795,38286,96457,1641.79,completed,online,2025-09-24,NO
4703,43677,96461,35.78,failed,UNKNOWN,2025-09-24,NO
2198,21691,97621,639.22,completed,online,2025-09-24,NO
1,29977,103679,1011.25,completed,online,2025-09-24,NO
24,3116,104238,11.4,failed,online,2025-09-24,NO
317,10569,106367,999.85,failed,online,2025-09-24,NO
2018,21825,109063,1237.0,completed,UNKNOWN,2025-09-24,NO
321,9114,110748,1168.36,failed,online,2025-09-24,NO
3576,11480,112085,1274.52,completed,online,2025-09-24,NO
696,10054,114059,601.48,failed,online,2025-09-24,NO
2317,44745,119482,237.75,completed,online,2025-09-24,NO
4993,16502,119683,1375.64,failed,online,2025-09-24,NO
3291,27272,120602,1461.36,completed,online,2025-09-24,NO
913,13972,122097,679.67,failed,online,2025-09-24,NO
3029,10204,124977,818.6,failed,online,2025-09-24,NO
1,33627,128425,1600.1,completed,online,2025-09-24,NO
4443,27396,129014,1582.79,completed,online,2025-09-24,NO
4378,13581,130678,1980.61,completed,online,2025-09-24,NO
2778,38750,138459,1395.35,completed,online,2025-09-24,NO
4590,28991,138527,635.5,failed,online,2025-09-24,NO
1,22206,139809,282.45,completed,online,2025-09-24,NO
1900,15673,140368,15.81,completed,online,2025-09-24,NO
2965,5621,140980,1795.47,completed,online,2025-09-24,NO
1,10433,141417,1465.82,failed,online,2025-09-24,NO
3294,25827,142710,1664.24,completed,online,2025-09-24,NO
4794,18383,144953,1415.03,completed,online,2025-09-24,NO
778,31796,145398,1823.61,failed,online,2025-09-24,NO
579,13628,146361,1511.06,completed,online,2025-09-24,NO
534,6271,5516,1404.21,completed,UNKNOWN,2025-08-28,NO
4285,23601,5852,1883.82,completed,online,2025-08-28,NO
3629,43518,8932,1180.17,failed,online,2025-08-28,NO
2729,37581,17347,1971.12,completed,online,2025-08-28,NO
491,30932,17588,1565.19,completed,online,2025-08-28,NO
1387,15569,18818,1338.74,completed,online,2025-08-28,NO
3017,23720,24084,1513.52,failed,online,2025-08-28,NO
1957,24975,25499,1472.4,completed,online,2025-08-28,NO
3455,10454,26121,712.59,completed,online,2025-08-28,NO
1958,31336,27214,1324.71,failed,online,2025-08-28,NO
4897,3175,29737,67.71,failed,online,2025-08-28,NO
1977,41851,31012,1565.76,failed,online,2025-08-28,NO
895,34457,31472,46.47,failed,online,2025-08-28,NO
2137,11312,32692,1707.97,failed,online,2025-08-28,NO
1,16633,33863,412.25,failed,online,2025-08-28,NO
2658,9279,34450,1509.86,completed,online,2025-08-28,NO
1616,1016,37609,206.07,completed,online,2025-08-28,NO
1,49860,38323,1061.17,completed,online,2025-08-28,NO
3153,49154,38422,1950.88,completed,online,2025-08-28,NO
1,22110,39400,741.81,completed,online,2025-08-28,NO
4415,35002,43106,1095.92,failed,online,2025-08-28,NO
1373,22502,43508,1441.88,completed,online,2025-08-28,NO
1,43011,43959,966.94,completed,online,2025-08-28,NO
3772,32235,45481,878.39,completed,online,2025-08-28,NO
1,33616,46980,1489.55,completed,online,2025-08-28,NO
1230,36463,48136,1295.84,completed,online,2025-08-28,NO
1,5649,49532,974.25,completed,online,2025-08-28,NO
1677,15500,50367,261.94,failed,online,2025-08-28,NO
1377,46420,50865,554.66,failed,online,2025-08-28,NO
1475,42167,52488,1726.58,completed,online,2025-08-28,NO
4113,21029,53622,246.4,completed,online,2025-08-28,NO
3124,31418,54958,232.74,completed,online,2025-08-28,NO
1756,21033,55272,780.37,failed,online,2025-08-28,NO
2351,22158,56280,545.33,failed,online,2025-08-28,NO
3651,17856,69016,1191.66,failed,online,2025-08-28,NO
1243,20351,70708,715.86,completed,online,2025-08-28,NO
2615,19229,71510,1553.07,failed,online,2025-08-28,NO
4684,706,73480,1348.02,failed,online,2025-08-28,NO
1,34366,73626,957.28,completed,online,2025-08-28,NO
3714,6104,74031,420.86,completed,online,2025-08-28,NO
737,13781,74214,1479.02,failed,online,2025-08-28,NO
1,49029,76024,1728.19,completed,online,2025-08-28,NO
1,2223,76725,306.46,failed,online,2025-08-28,NO
1,21290,78329,111.09,failed,online,2025-08-28,NO
2199,41460,79200,1752.5,completed,online,2025-08-28,NO
1142,16389,81534,1522.59,failed,online,2025-08-28,NO
2551,37857,83284,1202.25,failed,online,2025-08-28,NO
2084,5605,85468,126.31,failed,online,2025-08-28,NO
2814,31165,85720,1526.8,failed,online,2025-08-28,NO
1803,17592,86095,424.89,completed,online,2025-08-28,NO
1,11497,86573,126.61,completed,online,2025-08-28,NO
2925,32620,90528,488.73,failed,online,2025-08-28,NO
169,28666,91910,1100.42,failed,online,2025-08-28,NO
1036,35426,94196,318.51,failed,online,2025-08-28,NO
1,30405,94604,102.65,failed,online,2025-08-28,NO
4432,17226,96239,1894.31,failed,online,2025-08-28,NO
1758,18648,96558,570.78,completed,online,2025-08-28,NO
412,24642,100411,1903.71,completed,online,2025-08-28,NO
3488,1698,101384,1319.3,completed,online,2025-08-28,NO
2299,29072,101980,1050.64,completed,online,2025-08-28,NO
1,5185,105201,1141.28,completed,online,2025-08-28,NO
1664,30191,106875,1967.93,failed,online,2025-08-28,NO
85,2140,107535,1946.19,failed,online,2025-08-28,NO
4308,43806,108845,1576.13,completed,online,2025-08-28,NO
3376,6522,109662,1055.61,failed,online,2025-08-28,NO
2773,47701,111748,1723.22,failed,online,2025-08-28,NO
248,20747,115083,1429.84,failed,UNKNOWN,2025-08-28,NO
1,48201,119338,1968.05,completed,online,2025-08-28,NO
1092,12634,120207,22.11,completed,online,2025-08-28,NO
1598,46729,121001,567.03,failed,online,2025-08-28,NO
192,15059,121620,592.63,failed,online,2025-08-28,NO
334,38674,121668,840.32,failed,online,2025-08-28,NO
4794,3521,125237,1934.8,failed,online,2025-08-28,NO
727,37948,125997,1542.22,failed,online,2025-08-28,NO
2619,31768,127288,1391.35,completed,online,2025-08-28,NO
1,39011,129106,221.44,failed,online,2025-08-28,NO
1,39593,129779,333.2,completed,online,2025-08-28,NO
2559,3507,132973,183.46,completed,online,2025-08-28,NO
1,40699,135664,1898.23,failed,online,2025-08-28,NO
3581,38360,139365,1995.22,failed,online,2025-08-28,NO
1,46531,139446,1730.19,failed,online,2025-08-28,NO
4974,6877,140479,1587.28,completed,online,2025-08-28,NO
254,48747,141508,1448.72,completed,online,2025-08-28,NO
312,19598,145285,1000.93,failed,online,2025-08-28,NO
1849,11805,147891,493.94,failed,online,2025-08-28,NO
1,6382,148137,1901.66,failed,online,2025-08-28,NO
1,2564,5112,1474.73,failed,online,2025-08-07,NO
4874,9575,5642,715.9,completed,online,2025-08-07,NO
1,16924,5663,494.89,failed,online,2025-08-07,NO
1255,32897,7237,534.02,completed,online,2025-08-07,NO
3452,19085,11422,1434.57,failed,online,2025-08-07,NO
1,46908,12770,1628.76,failed,online,2025-08-07,NO
3177,23125,13997,59.06,failed,online,2025-08-07,NO
3281,1438,14501,967.7,completed,online,2025-08-07,NO
1,5973,18572,1182.64,failed,online,2025-08-07,NO
1,48950,19138,26.49,completed,online,2025-08-07,NO
1049,17159,20234,1058.76,completed,online,2025-08-07,NO
933,46741,20907,1225.84,failed,online,2025-08-07,NO
1,31384,21272,1836.08,completed,online,2025-08-07,NO
451,16350,21861,1249.01,completed,online,2025-08-07,NO
2044,27238,25601,1500.78,completed,online,2025-08-07,NO
4687,8192,25742,1108.49,completed,online,2025-08-07,NO
1747,11317,28814,1319.39,completed,online,2025-08-07,NO
1,9077,30361,1539.36,failed,UNKNOWN,2025-08-07,NO
5,18874,31031,471.98,completed,online,2025-08-07,NO
4988,9481,31241,818.06,failed,online,2025-08-07,NO
3361,36563,33588,1467.02,failed,online,2025-08-07,NO
2355,1384,34136,293.91,completed,online,2025-08-07,NO
1,18187,39151,262.24,failed,online,2025-08-07,NO
1656,48669,40846,717.26,failed,online,2025-08-07,NO
4033,49698,40847,425.66,completed,online,2025-08-07,NO
530,2060,41817,1228.27,failed,online,2025-08-07,NO
1098,18269,43270,760.26,completed,online,2025-08-07,NO
1696,22487,43280,1087.33,failed,online,2025-08-07,NO
4385,43649,45784,1779.0,completed,online,2025-08-07,NO
169,47057,45872,974.87,failed,online,2025-08-07,NO
988,28249,47909,1472.39,completed,online,2025-08-07,NO
398,43551,49713,139.33,completed,online,2025-08-07,NO
1,44699,51022,367.26,completed,online,2025-08-07,NO
1430,9916,56039,260.77,completed,online,2025-08-07,NO
1702,28987,56640,1632.83,completed,online,2025-08-07,NO
1,34054,62713,443.56,completed,online,2025-08-07,NO
1194,20475,64182,655.65,failed,online,2025-08-07,NO
1943,38685,66272,881.11,failed,online,2025-08-07,NO
1,45098,71670,1395.35,completed,online,2025-08-07,NO
2613,32455,72906,442.36,completed,online,2025-08-07,NO
4865,38227,74354,218.9,failed,online,2025-08-07,NO
4870,2186,78993,468.8,completed,online,2025-08-07,NO
1655,499,83993,344.8,completed,online,2025-08-07,NO
4627,28998,84118,71.58,completed,online,2025-08-07,NO
1,49176,86110,1623.23,completed,online,2025-08-07,NO
1,40756,86652,862.91,completed,online,2025-08-07,NO
1941,47768,87774,645.62,completed,online,2025-08-07,NO
1,12350,88073,961.6,failed,online,2025-08-07,NO
1,14427,89816,756.06,completed,online,2025-08-07,NO
4758,6626,91670,1924.35,completed,online,2025-08-07,NO
2884,40061,93847,494.6,failed,online,2025-08-07,NO
2792,14413,95771,1452.76,completed,online,2025-08-07,NO
3742,15340,97218,1982.61,failed,online,2025-08-07,NO
1,1555,98009,881.7,failed,online,2025-08-07,NO
3663,44918,100025,1074.32,completed,online,2025-08-07,NO
1442,44472,100632,1996.09,completed,online,2025-08-07,NO
349,43043,102561,1062.06,completed,online,2025-08-07,NO
1,25242,104750,809.03,failed,online,2025-08-07,NO
2814,23801,105853,262.67,failed,online,2025-08-07,NO
3790,18574,108640,622.06,completed,online,2025-08-07,NO
1362,34335,109342,1638.72,failed,online,2025-08-07,NO
1,38659,111524,456.65,failed,online,2025-08-07,NO
3249,19190,112352,947.6,completed,online,2025-08-07,NO
1,17277,118072,1248.24,completed,online,2025-08-07,NO
1082,25734,119282,847.13,failed,online,2025-08-07,NO
572,13631,119289,1776.16,failed,online,2025-08-07,NO
1983,10798,119790,659.77,completed,online,2025-08-07,NO
3025,23964,120645,107.0,failed,online,2025-08-07,NO
142,8594,121554,1860.82,completed,online,2025-08-07,NO
930,16979,122836,1929.65,completed,online,2025-08-07,NO
1,19124,129600,765.98,failed,UNKNOWN,2025-08-07,NO
1,16385,130812,1971.04,failed,online,2025-08-07,NO
194,31120,134726,276.58,completed,online,2025-08-07,NO
3615,47832,135052,1302.21,completed,online,2025-08-07,NO
3579,23303,135319,1060.12,completed,online,2025-08-07,NO
610,20519,136424,1168.16,failed,online,2025-08-07,NO
3870,1685,139214,927.37,completed,online,2025-08-07,NO
4890,16200,139974,1381.23,completed,online,2025-08-07,NO
3005,49255,142064,1412.61,completed,online,2025-08-07,NO
1,23781,143617,1437.94,failed,online,2025-08-07,NO
4576,1054,144921,1098.48,failed,online,2025-08-07,NO
309,49313,145639,1725.74,completed,online,2025-08-07,NO
1442,39261,146466,1991.28,failed,online,2025-08-07,NO
3919,34771,146696,1512.68,failed,online,2025-08-07,NO
1,21127,146873,1222.83,failed,online,2025-08-07,NO
965,33876,147418,253.35,completed,online,2025-08-07,NO
1,36397,4715,1133.3,completed,online,2025-07-16,NO
1,42256,6309,851.75,completed,online,2025-07-16,NO
1,18733,8134,190.71,failed,online,2025-07-16,NO
3315,26910,10743,477.26,failed,online,2025-07-16,NO
2646,46186,11396,1074.69,failed,online,2025-07-16,NO
1,26270,12493,1993.43,failed,online,2025-07-16,NO
4937,18933,13510,1275.63,failed,online,2025-07-16,NO
3397,41063,13728,1001.42,completed,online,2025-07-16,NO
4671,12831,13882,1337.37,completed,online,2025-07-16,NO
1,30791,16208,1618.89,failed,online,2025-07-16,NO
892,15623,19524,292.17,completed,online,2025-07-16,NO
1,45331,21813,1981.97,failed,online,2025-07-16,NO
1,18718,27588,1059.48,completed,online,2025-07-16,NO
3830,1461,28150,261.04,failed,online,2025-07-16,NO
4364,30834,30091,174.66,failed,online,2025-07-16,NO
2097,27227,31110,1463.46,failed,online,2025-07-16,NO
3577,44400,38064,513.26,completed,online,2025-07-16,NO
1358,17488,39778,1184.31,completed,online,2025-07-16,NO
76,31549,43702,1355.6,completed,online,2025-07-16,NO
4899,35490,45177,1900.96,failed,online,2025-07-16,NO
1,39829,46706,509.06,completed,online,2025-07-16,NO
3250,23583,49773,333.91,failed,online,2025-07-16,NO
2095,8669,51051,521.09,completed,online,2025-07-16,NO
1,16554,52756,66.87,completed,online,2025-07-16,NO
1,36955,52936,1511.26,completed,online,2025-07-16,NO
446,22440,53042,1267.65,failed,online,2025-07-16,NO
3297,20168,53931,788.69,completed,online,2025-07-16,NO
2185,26717,54750,368.78,failed,online,2025-07-16,NO
4873,42066,55439,761.93,failed,online,2025-07-16,NO
1,18645,57233,152.12,failed,online,2025-07-16,NO
3927,21753,57460,669.99,failed,online,2025-07-16,NO
1,40203,57520,1233.07,failed,online,2025-07-16,NO
1,33571,59271,703.59,completed,online,2025-07-16,NO
1334,7339,60371,1147.87,completed,online,2025-07-16,NO
737,6028,62362,478.92,failed,online,2025-07-16,NO
4925,45923,62805,1824.6,failed,online,2025-07-16,NO
581,47745,64584,1698.49,completed,online,2025-07-16,NO
4859,4240,64895,1812.83,failed,online,2025-07-16,NO
3215,969,64923,480.29,completed,online,2025-07-16,NO
2434,8848,66974,953.28,failed,online,2025-07-16,NO
3229,23940,69217,1296.41,failed,online,2025-07-16,NO
4976,48685,69300,1505.06,completed,online,2025-07-16,NO
795,9413,70118,1105.83,failed,online,2025-07-16,NO
3234,20607,70815,405.84,failed,online,2025-07-16,NO
3244,30917,70848,664.71,completed,online,2025-07-16,NO
2153,27303,73107,859.19,failed,online,2025-07-16,NO
2902,15655,76214,755.35,completed,online,2025-07-16,NO
2882,3619,76496,1217.98,failed,online,2025-07-16,NO
2336,12974,82636,738.09,completed,online,2025-07-16,NO
1296,32423,82960,768.04,failed,online,2025-07-16,NO
1154,20822,83091,397.53,failed,online,2025-07-16,NO
4614,46968,84760,1016.65,failed,online,2025-07-16,NO
1978,13412,85778,351.92,completed,online,2025-07-16,NO
2007,47640,88153,486.49,failed,online,2025-07-16,NO
3030,33507,90511,1444.7,completed,online,2025-07-16,NO
3262,24817,95947,156.31,failed,online,2025-07-16,NO
3024,19432,98854,1202.82,completed,online,2025-07-16,NO
1360,38718,99172,1429.53,completed,online,2025-07-16,NO
642,9197,100488,332.42,completed,online,2025-07-16,NO
1,47087,100894,1021.04,completed,online,2025-07-16,NO
2963,46993,101333,101.12,failed,online,2025-07-16,NO
4810,2100,102397,96.46,completed,online,2025-07-16,NO
1942,42712,107124,1120.03,completed,online,2025-07-16,NO
1,7637,107324,1583.1,failed,online,2025-07-16,NO
1,42462,113009,1479.69,failed,online,2025-07-16,NO
3247,14634,114505,1664.4,failed,online,2025-07-16,NO
1756,3426,116114,113.24,failed,online,2025-07-16,NO
2011,29797,117551,8933.190488560063,completed,online,2025-07-16,NO
2623,23966,117965,1110.23,completed,online,2025-07-16,NO
4513,33381,120102,1644.93,failed,online,2025-07-16,NO
3862,24759,121169,1050.38,completed,online,2025-07-16,NO
1,12761,122996,620.68,failed,online,2025-07-16,NO
3687,1519,126906,1867.94,completed,online,2025-07-16,NO
1,37728,131002,933.34,failed,online,2025-07-16,NO
4992,19010,132096,1728.85,failed,online,2025-07-16,NO
1,37139,132432,976.47,failed,online,2025-07-16,NO
3782,13921,134697,1972.46,completed,online,2025-07-16,NO
1,19310,135545,1079.13,completed,online,2025-07-16,NO
1,30550,136787,546.31,completed,online,2025-07-16,NO
1652,47217,137592,1338.2,completed,online,2025-07-16,NO
1364,44322,137667,503.66,completed,online,2025-07-16,NO
4085,15336,139525,236.33,failed,online,2025-07-16,NO
1,9188,140722,1776.93,completed,online,2025-07-16,NO
1040,49998,141067,1851.18,failed,online,2025-07-16,NO
711,12497,141627,1823.92,completed,online,2025-07-16,NO
61,17095,145443,1205.79,failed,online,2025-07-16,NO
4231,2035,2133,1610.31,failed,online,2025-03-13,NO
585,14498,4752,560.61,failed,online,2025-03-13,NO
1,16552,7542,1340.94,failed,online,2025-03-13,NO
1,8149,7694,1142.91,completed,online,2025-03-13,NO
3708,34752,11507,261.51,completed,online,2025-03-13,NO
4861,34352,13113,1554.44,failed,online,2025-03-13,NO
411,27866,13550,1801.51,failed,online,2025-03-13,NO
1512,12367,16304,296.83,failed,online,2025-03-13,NO
2723,38275,20351,1525.52,completed,online,2025-03-13,NO
3113,14783,23497,1208.08,completed,online,2025-03-13,NO
1,36946,23795,146.24,failed,online,2025-03-13,NO
4934,22079,26205,92.23,failed,online,2025-03-13,NO
1,4310,26651,1517.39,failed,online,2025-03-13,NO
4333,32724,27620,385.9,completed,online,2025-03-13,NO
3334,18322,28048,869.88,completed,online,2025-03-13,NO
986,9874,29068,1308.87,completed,online,2025-03-13,NO
1,35653,31812,458.63,failed,online,2025-03-13,NO
1,11864,33849,1243.32,failed,online,2025-03-13,NO
4033,7766,37011,53.66,completed,online,2025-03-13,NO
2941,49036,37420,1188.42,completed,online,2025-03-13,NO
1,5611,39270,1881.8,completed,online,2025-03-13,NO
1,29369,40053,414.96,failed,online,2025-03-13,NO
1,7246,43191,905.67,failed,online,2025-03-13,NO
3497,21861,44239,153.29,failed,online,2025-03-13,NO
1,18741,44562,1773.68,completed,online,2025-03-13,NO
2669,3569,45252,1844.77,completed,online,2025-03-13,NO
3821,48032,46067,1898.31,completed,online,2025-03-13,NO
2464,33765,52636,626.22,completed,online,2025-03-13,NO
1962,6856,53713,1505.24,completed,online,2025-03-13,NO
833,15036,56070,96.27,completed,online,2025-03-13,NO
3641,6210,56597,1004.1,failed,online,2025-03-13,NO
3451,128,57365,1732.16,failed,online,2025-03-13,NO
3261,2654,58183,1017.79,completed,online,2025-03-13,NO
1167,34666,59704,1461.83,failed,online,2025-03-13,NO
1,33230,61028,1454.37,completed,UNKNOWN,2025-03-13,NO
4561,8361,61050,178.83,completed,online,2025-03-13,NO
1228,20082,64790,538.9,failed,online,2025-03-13,NO
2756,2556,69684,872.51,completed,online,2025-03-13,NO
325,8940,70557,746.83,completed,online,2025-03-13,NO
1239,5671,74987,1564.82,completed,online,2025-03-13,NO
3894,10993,75025,38.57,failed,online,2025-03-13,NO
2178,9419,77495,347.2,completed,online,2025-03-13,NO
4756,45976,78589,414.21,failed,online,2025-03-13,NO
3163,46385,81614,1095.08,failed,online,2025-03-13,NO
1,17906,82393,371.53,completed,online,2025-03-13,NO
1944,18808,84042,1025.94,failed,online,2025-03-13,NO
4820,41667,84254,1408.42,completed,online,2025-03-13,NO
1724,21769,88244,223.94,failed,online,2025-03-13,NO
4828,32555,88260,1523.51,completed,online,2025-03-13,NO
3662,22462,90458,291.75,failed,online,2025-03-13,NO
1,41348,93402,947.84,completed,online,2025-03-13,NO
3409,27958,94233,722.7,completed,online,2025-03-13,NO
4333,35943,95692,621.53,completed,online,2025-03-13,NO
3201,26810,96696,281.04,completed,online,2025-03-13,NO
4799,2796,99113,1773.74,completed,online,2025-03-13,NO
4743,23083,99756,1033.45,failed,online,2025-03-13,NO
3583,2633,100231,1775.42,completed,online,2025-03-13,NO
316,22614,100525,1040.82,completed,online,2025-03-13,NO
1603,44331,100912,189.92,failed,online,2025-03-13,NO
4871,3226,103724,146.04,failed,online,2025-03-13,NO
3161,37576,104056,254.56,completed,online,2025-03-13,NO
3909,8137,104655,1125.38,failed,online,2025-03-13,NO
4289,30025,104667,1391.63,failed,online,2025-03-13,NO
1,18763,104994,844.13,failed,online,2025-03-13,NO
4841,7117,108923,1407.15,completed,online,2025-03-13,NO
201,43709,110527,1945.72,failed,online,2025-03-13,NO
1,20042,111426,1506.39,failed,UNKNOWN,2025-03-13,NO
918,49873,113079,1575.17,completed,online,2025-03-13,NO
3616,14600,113314,351.17,failed,online,2025-03-13,NO
1,35795,115574,354.46,failed,online,2025-03-13,NO
1941,31228,116695,639.03,failed,online,2025-03-13,NO
2011,42679,119975,736.11,completed,online,2025-03-13,NO
2297,19107,120873,1482.67,completed,online,2025-03-13,NO
4809,34482,121101,1819.46,completed,online,2025-03-13,NO
1,21218,123516,1505.41,failed,online,2025-03-13,NO
1357,35949,126032,1142.44,failed,online,2025-03-13,NO
1764,48889,126078,1678.24,failed,online,2025-03-13,NO
1,983,132232,550.74,failed,online,2025-03-13,NO
4132,40941,134767,1652.24,completed,online,2025-03-13,NO
2862,43927,134841,1653.81,completed,online,2025-03-13,NO
4892,25260,135051,1010.44,completed,online,2025-03-13,NO
1,48367,139296,1951.18,failed,online,2025-03-13,NO
124,20437,139845,614.36,completed,online,2025-03-13,NO
3968,42304,145192,1685.51,completed,online,2025-03-13,NO
677,4094,147161,1668.44,failed,online,2025-03-13,NO
2618,141,149040,288.49,failed,online,2025-03-13,NO
