product_id,customer_id,transaction_id,amount,status,channel,transaction_date,fraud_flag
857,30855,9163,177.67,failed,online,2025-08-05,NO
2659,15389,11591,1705.44,failed,online,2025-08-05,NO
412,17068,13021,1086.48,failed,online,2025-08-05,NO
4430,34884,13839,460.24,failed,online,2025-08-05,NO
4570,9884,15836,1049.99,completed,online,2025-08-05,NO
4519,4115,17121,161.35,failed,online,2025-08-05,NO
2999,25164,17446,804.43,failed,online,2025-08-05,NO
3800,24410,19217,396.69,completed,online,2025-08-05,NO
3225,36227,22981,1573.1,failed,online,2025-08-05,NO
3254,40668,23565,1063.55,failed,online,2025-08-05,NO
4664,1121,23636,485.58,completed,online,2025-08-05,NO
1291,10435,24486,1833.33,completed,online,2025-08-05,NO
201,31053,27686,1441.89,failed,online,2025-08-05,NO
1,27144,28104,1209.86,failed,online,2025-08-05,NO
1778,2890,29253,200.75,completed,UNKNOWN,2025-08-05,NO
993,47112,34209,1803.0,completed,online,2025-08-05,NO
1,34044,38441,1623.2,completed,online,2025-08-05,NO
2021,14909,39887,1848.45,failed,online,2025-08-05,NO
1,27226,40090,136.67,completed,online,2025-08-05,NO
1,27455,40255,868.48,failed,online,2025-08-05,NO
2559,49912,42027,1999.32,completed,online,2025-08-05,NO
2204,42733,43466,605.11,completed,online,2025-08-05,NO
1,3086,45801,1684.68,completed,online,2025-08-05,NO
1,19520,46037,1605.21,completed,online,2025-08-05,NO
2421,21423,46827,1779.17,failed,online,2025-08-05,NO
4037,33363,48799,1489.98,completed,online,2025-08-05,NO
885,20438,50334,1378.46,failed,online,2025-08-05,NO
343,44999,51939,1521.97,failed,online,2025-08-05,NO
1,42599,52646,691.6,completed,online,2025-08-05,NO
789,29653,53319,327.76,failed,online,2025-08-05,NO
1680,23856,53434,1393.98,failed,online,2025-08-05,NO
1,35756,55393,1838.7,completed,UNKNOWN,2025-08-05,NO
1,27413,55663,1443.66,completed,online,2025-08-05,NO
1522,31986,59062,1182.13,completed,online,2025-08-05,NO
100,21574,63896,587.09,completed,online,2025-08-05,NO
2862,13254,64988,1441.62,failed,online,2025-08-05,NO
2247,49724,65756,577.02,completed,online,2025-08-05,NO
2577,24722,68241,58.02,completed,online,2025-08-05,NO
1496,5825,69516,170.87,completed,online,2025-08-05,NO
1,4482,70732,380.31,failed,online,2025-08-05,NO
4703,12650,73695,455.99,failed,UNKNOWN,2025-08-05,NO
1,6036,74048,809.63,completed,online,2025-08-05,NO
1,16025,79597,86.26,completed,online,2025-08-05,NO
2323,23230,80927,881.5,completed,online,2025-08-05,NO
2324,29735,81743,107.72,failed,UNKNOWN,2025-08-05,NO
111,48483,82441,323.45,completed,online,2025-08-05,NO
210,6519,82715,490.2,failed,online,2025-08-05,NO
2169,22316,83147,1070.92,failed,online,2025-08-05,NO
2710,43865,86731,790.28,failed,online,2025-08-05,NO
1,21586,88304,926.64,completed,online,2025-08-05,NO
2969,28377,91892,1088.34,completed,online,2025-08-05,NO
3235,38231,93534,1572.27,failed,online,2025-08-05,NO
1208,25960,95031,1475.03,completed,online,2025-08-05,NO
1253,29875,95631,696.1,completed,online,2025-08-05,NO
2462,46309,96047,1178.83,completed,online,2025-08-05,NO
2357,24520,96489,1831.42,failed,online,2025-08-05,NO
1134,16173,100481,968.51,completed,online,2025-08-05,NO
721,25143,102853,1880.53,failed,online,2025-08-05,NO
1,46966,107817,1009.31,completed,online,2025-08-05,NO
3731,20678,109135,1386.54,failed,online,2025-08-05,NO
1,32448,109503,809.17,failed,online,2025-08-05,NO
2342,38157,112162,1590.09,failed,online,2025-08-05,NO
3634,28200,114931,1534.63,failed,online,2025-08-05,NO
1,32239,116450,1830.33,failed,online,2025-08-05,NO
4022,35013,118601,1008.95,failed,online,2025-08-05,NO
1400,44201,121530,1198.82,completed,online,2025-08-05,NO
3380,36291,122088,403.66,failed,online,2025-08-05,NO
85,25112,126015,1237.41,completed,online,2025-08-05,NO
4363,40278,128772,103.95,failed,online,2025-08-05,NO
3397,23142,129081,1778.46,failed,online,2025-08-05,NO
1767,37085,133260,1287.11,completed,online,2025-08-05,NO
2154,43398,134408,68.64,completed,online,2025-08-05,NO
1,19234,134704,1381.65,failed,online,2025-08-05,NO
4375,15882,135001,396.07,completed,UNKNOWN,2025-08-05,NO
3449,36330,139348,904.55,completed,online,2025-08-05,NO
1,1182,141040,1739.94,completed,online,2025-08-05,NO
3310,19518,141930,234.64,failed,online,2025-08-05,NO
1136,8789,144401,905.15,completed,online,2025-08-05,NO
1,18759,148048,1623.32,failed,online,2025-08-05,NO
3546,2092,149205,639.35,failed,online,2025-08-05,NO
1550,43062,2582,955.84,completed,online,2025-10-03,NO
432,17675,6692,1629.79,completed,online,2025-10-03,NO
4183,12999,8207,256.28,failed,online,2025-10-03,NO
4108,16116,9450,1423.15,failed,online,2025-10-03,NO
1,47678,14423,1992.45,failed,online,2025-10-03,NO
3124,9743,15070,1565.22,completed,online,2025-10-03,NO
2963,43355,15224,151.2,completed,online,2025-10-03,NO
3717,31946,16266,1161.86,failed,online,2025-10-03,NO
3519,4816,16769,400.36,failed,online,2025-10-03,NO
1,47812,20201,1001.35,failed,online,2025-10-03,NO
1,48474,21035,1232.05,failed,online,2025-10-03,NO
3408,33008,23141,271.76,failed,online,2025-10-03,NO
3612,9776,23551,1579.69,completed,online,2025-10-03,NO
1,11421,25887,26.12,failed,online,2025-10-03,NO
1,577,28670,1906.5,failed,online,2025-10-03,NO
4875,9027,31688,98.71,failed,online,2025-10-03,NO
3691,10935,32125,1885.2,failed,online,2025-10-03,NO
1805,6871,37334,1260.71,completed,online,2025-10-03,NO
2158,46846,37498,970.93,failed,online,2025-10-03,NO
1545,1547,37794,1101.04,completed,online,2025-10-03,NO
1,28750,40177,1130.91,completed,online,2025-10-03,NO
1438,1833,43419,512.28,failed,online,2025-10-03,NO
98,49541,46465,593.18,completed,online,2025-10-03,NO
741,35826,47846,1448.98,completed,online,2025-10-03,NO
282,32849,48233,901.38,completed,online,2025-10-03,NO
1407,28067,49459,398.36,completed,online,2025-10-03,NO
1037,22732,49719,353.09,completed,online,2025-10-03,NO
1965,38762,51326,241.59,failed,online,2025-10-03,NO
3785,28851,52441,405.64,failed,UNKNOWN,2025-10-03,NO
3733,11825,54353,168.81,completed,online,2025-10-03,NO
1,35561,59496,976.82,completed,online,2025-10-03,NO
802,41515,63684,1797.19,failed,online,2025-10-03,NO
1319,21025,64798,1132.17,completed,online,2025-10-03,NO
3083,41231,65821,1389.21,completed,online,2025-10-03,NO
1989,34314,66289,1594.23,completed,online,2025-10-03,NO
2791,28911,66744,1305.39,failed,online,2025-10-03,NO
1124,4061,68816,1719.27,failed,online,2025-10-03,NO
4801,49375,71955,927.18,completed,online,2025-10-03,NO
243,17508,75442,351.64,failed,online,2025-10-03,NO
1,44002,77582,1107.2,completed,online,2025-10-03,NO
2437,5677,79011,209.17,completed,online,2025-10-03,NO
4851,42228,79259,1875.54,completed,online,2025-10-03,NO
2421,21356,80114,1006.03,failed,online,2025-10-03,NO
1003,42711,80862,747.8,completed,online,2025-10-03,NO
3758,14270,83654,1742.76,completed,online,2025-10-03,NO
4309,47552,84996,1904.51,failed,online,2025-10-03,NO
1001,20843,87634,46.43,failed,online,2025-10-03,NO
1,44654,88077,1573.29,failed,online,2025-10-03,NO
4195,40804,91750,151.74,completed,online,2025-10-03,NO
480,3081,92838,1911.98,failed,online,2025-10-03,NO
727,46392,96448,707.48,failed,online,2025-10-03,NO
3856,19541,99616,1266.79,failed,online,2025-10-03,NO
3306,45675,100641,257.33,failed,online,2025-10-03,NO
805,26309,102504,607.85,completed,online,2025-10-03,NO
1,30768,104129,881.29,failed,online,2025-10-03,NO
2885,12447,106756,797.16,failed,online,2025-10-03,NO
4735,1309,112880,2000.0,failed,online,2025-10-03,NO
1,11764,116767,160.21,completed,online,2025-10-03,NO
440,41483,118979,1051.51,completed,online,2025-10-03,NO
4970,14903,120691,882.6,completed,online,2025-10-03,NO
167,479,121205,1889.9,completed,online,2025-10-03,NO
210,37052,124412,255.5,failed,online,2025-10-03,NO
4868,42318,124713,262.7,completed,online,2025-10-03,NO
2765,18114,127105,229.24,completed,online,2025-10-03,NO
4261,22748,128421,1304.83,completed,online,2025-10-03,NO
1,29461,130003,125.23,completed,online,2025-10-03,NO
585,8003,130238,230.55,failed,online,2025-10-03,NO
1,18391,130618,190.67,completed,online,2025-10-03,NO
4923,37692,131815,1280.22,completed,online,2025-10-03,NO
1,941,133563,337.11,completed,online,2025-10-03,NO
1299,12916,134657,480.21,failed,online,2025-10-03,NO
2519,29734,135357,6175.111802785771,failed,online,2025-10-03,NO
3627,31614,137854,668.56,completed,online,2025-10-03,NO
2793,40286,138688,161.15,failed,online,2025-10-03,NO
1831,33604,139979,1546.22,completed,online,2025-10-03,NO
4831,4383,140296,1802.71,failed,online,2025-10-03,NO
1,3286,143506,416.59,failed,online,2025-10-03,NO
1882,6322,143979,1362.28,completed,online,2025-10-03,NO
1,4392,144457,523.39,failed,online,2025-10-03,NO
1890,6915,146333,132.65,completed,online,2025-10-03,NO
4787,29971,741,1603.52,completed,online,2025-06-09,NO
1216,41262,990,1769.96,failed,online,2025-06-09,NO
1,37868,2578,1571.59,completed,online,2025-06-09,NO
1456,24879,2641,1430.0,completed,online,2025-06-09,NO
1293,42608,3559,1429.23,completed,online,2025-06-09,NO
1,11537,4759,1027.1,failed,online,2025-06-09,NO
2395,43910,6341,922.72,failed,online,2025-06-09,NO
4204,25824,7841,1639.64,failed,online,2025-06-09,NO
1421,23749,10382,1251.99,completed,online,2025-06-09,NO
4796,17997,13570,1649.37,completed,online,2025-06-09,NO
1,2674,14919,1382.38,failed,online,2025-06-09,NO
850,38254,16330,995.7,failed,online,2025-06-09,NO
3647,22789,16915,1196.52,completed,online,2025-06-09,NO
2765,39607,17247,1805.77,failed,online,2025-06-09,NO
2034,24552,21171,1507.92,completed,online,2025-06-09,NO
1452,16699,22094,1830.87,completed,online,2025-06-09,NO
2278,49002,22838,1510.59,failed,online,2025-06-09,NO
1051,31411,29434,532.07,completed,online,2025-06-09,NO
586,48021,29598,654.28,failed,online,2025-06-09,NO
1138,30243,29833,435.76,completed,online,2025-06-09,NO
1827,38475,32035,1587.18,completed,online,2025-06-09,NO
1473,29888,33594,1747.39,completed,UNKNOWN,2025-06-09,NO
1868,12483,34116,1761.83,completed,online,2025-06-09,NO
3810,9826,34194,1709.47,failed,online,2025-06-09,NO
197,12179,35307,1016.65,completed,online,2025-06-09,NO
2495,38600,37390,1745.26,completed,online,2025-06-09,NO
817,31020,38525,377.26,failed,online,2025-06-09,NO
1961,14465,39188,1610.5,failed,online,2025-06-09,NO
1734,41219,39429,64.41,failed,online,2025-06-09,NO
246,31887,40111,1609.72,failed,online,2025-06-09,NO
2578,9980,40205,1134.41,completed,online,2025-06-09,NO
2001,34734,40401,515.15,completed,online,2025-06-09,NO
1369,12513,42366,1303.84,failed,online,2025-06-09,NO
2706,39569,43290,1996.64,completed,online,2025-06-09,NO
1832,1906,44670,196.43,completed,online,2025-06-09,NO
4479,29496,53132,1775.93,completed,online,2025-06-09,NO
2954,21809,55056,745.6,failed,online,2025-06-09,NO
1,46775,56161,387.9,completed,online,2025-06-09,NO
2163,2010,64600,836.17,completed,online,2025-06-09,NO
3801,41610,69818,36.16,failed,online,2025-06-09,NO
4999,24531,72304,375.0,failed,online,2025-06-09,NO
3302,3386,78691,43.93,completed,online,2025-06-09,NO
1469,44804,81735,415.69,completed,online,2025-06-09,NO
4279,42274,83639,1799.48,failed,online,2025-06-09,NO
647,30284,84185,191.0,failed,online,2025-06-09,NO
3047,19952,88565,797.74,failed,online,2025-06-09,NO
787,21160,90726,1661.73,failed,online,2025-06-09,NO
1,30054,91658,1666.29,failed,online,2025-06-09,NO
1,32034,93355,42.74,completed,online,2025-06-09,NO
1371,7156,95729,93.35,completed,online,2025-06-09,NO
2051,21770,97597,1009.57,completed,online,2025-06-09,NO
4507,36930,100211,1689.01,failed,online,2025-06-09,NO
1592,8071,100594,1302.94,failed,online,2025-06-09,NO
1444,35274,107789,751.26,failed,online,2025-06-09,NO
3997,23424,109319,1812.47,completed,online,2025-06-09,NO
3332,12756,109939,1531.87,completed,online,2025-06-09,NO
1,45568,110161,1895.64,completed,online,2025-06-09,NO
3240,5270,110839,1746.95,failed,online,2025-06-09,NO
897,20734,114330,1225.67,completed,online,2025-06-09,NO
1,40215,117501,508.47,failed,online,2025-06-09,NO
3027,19062,119932,1057.03,failed,online,2025-06-09,NO
1,823,120508,1307.84,completed,online,2025-06-09,NO
1311,35247,121670,1199.27,failed,online,2025-06-09,NO
4115,49212,125336,1148.1,completed,online,2025-06-09,NO
1453,47292,126413,1897.53,failed,online,2025-06-09,NO
4602,10650,127582,1460.95,completed,online,2025-06-09,NO
2446,25302,132370,1021.83,failed,online,2025-06-09,NO
3736,30020,132658,1904.87,failed,online,2025-06-09,NO
2464,44404,133162,1820.69,completed,UNKNOWN,2025-06-09,NO
4874,18763,138199,1568.16,completed,online,2025-06-09,NO
1,44790,138424,1642.31,failed,online,2025-06-09,NO
3663,3885,139503,524.26,completed,online,2025-06-09,NO
4975,16405,143230,1021.32,failed,online,2025-06-09,NO
2123,32554,144306,188.32,completed,online,2025-06-09,NO
4849,34024,145512,1455.59,completed,online,2025-06-09,NO
4538,14358,145882,605.68,completed,online,2025-06-09,NO
4172,19371,146167,137.86,completed,online,2025-06-09,NO
722,7135,147834,1840.12,failed,online,2025-06-09,NO
3329,34337,149622,1572.29,completed,online,2025-06-09,NO
4977,21079,753,464.12,completed,online,2025-08-01,NO
1,29650,985,681.61,failed,online,2025-08-01,NO
215,16624,2011,1680.62,failed,online,2025-08-01,NO
2156,48037,3146,228.38,completed,online,2025-08-01,NO
1255,3181,4302,1338.96,failed,online,2025-08-01,NO
116,21675,11945,1147.46,completed,online,2025-08-01,NO
1,28169,12020,1442.62,failed,online,2025-08-01,NO
4114,20122,12253,638.13,failed,online,2025-08-01,NO
1,48269,13566,1225.2,completed,online,2025-08-01,NO
1,48293,13669,493.9,failed,online,2025-08-01,NO
411,3576,15427,689.01,completed,online,2025-08-01,NO
110,19238,16988,579.9,failed,online,2025-08-01,NO
4212,21086,18187,654.58,completed,online,2025-08-01,NO
596,30770,18790,442.85,failed,online,2025-08-01,NO
2531,22529,19484,1606.78,completed,online,2025-08-01,NO
2746,15295,19717,494.79,failed,online,2025-08-01,NO
785,18338,21586,1877.87,failed,online,2025-08-01,NO
2184,17147,22370,724.31,failed,online,2025-08-01,NO
1147,6557,22694,693.61,failed,online,2025-08-01,NO
1562,1864,24190,1575.72,completed,online,2025-08-01,NO
659,9241,24852,599.03,completed,online,2025-08-01,NO
978,31221,26551,1502.78,completed,online,2025-08-01,NO
390,3457,29162,1753.5,failed,online,2025-08-01,NO
1940,42310,29975,442.33,completed,online,2025-08-01,NO
660,30777,36472,1416.8,failed,online,2025-08-01,NO
3507,6614,37344,1515.46,completed,online,2025-08-01,NO
1916,40194,38369,1206.15,failed,online,2025-08-01,NO
2043,45471,42905,1328.67,failed,online,2025-08-01,NO
1018,3253,47422,890.4,failed,online,2025-08-01,NO
1,38759,48318,1627.46,failed,online,2025-08-01,NO
3244,21403,49791,158.78,failed,online,2025-08-01,NO
61,42082,50341,680.41,failed,online,2025-08-01,NO
2338,11142,50437,1882.69,failed,online,2025-08-01,NO
770,28593,51254,1544.56,failed,online,2025-08-01,NO
3745,12222,55070,99.01,completed,online,2025-08-01,NO
1,48600,57808,444.08,completed,online,2025-08-01,NO
3364,45091,65540,778.92,completed,online,2025-08-01,NO
908,9324,65946,58.74,failed,online,2025-08-01,NO
1310,23852,67354,1712.96,completed,online,2025-08-01,NO
4645,9262,68495,527.85,completed,online,2025-08-01,NO
2283,13768,68798,246.62,completed,online,2025-08-01,NO
1918,45078,68864,458.24,completed,online,2025-08-01,NO
1,8499,70731,720.52,failed,online,2025-08-01,NO
4053,37830,71846,638.28,completed,online,2025-08-01,NO
4651,6772,76844,1203.59,completed,online,2025-08-01,NO
2195,1908,77071,1469.75,failed,online,2025-08-01,NO
1,13617,77331,786.93,failed,online,2025-08-01,NO
1963,22240,78146,1564.73,completed,online,2025-08-01,NO
1,5139,78708,501.47,failed,online,2025-08-01,NO
2569,112,79499,608.04,failed,online,2025-08-01,NO
1,6865,84789,61.01,failed,online,2025-08-01,NO
1800,15927,90475,1533.17,failed,online,2025-08-01,NO
2832,29764,99564,285.94,completed,online,2025-08-01,NO
2274,4400,101005,1990.31,failed,online,2025-08-01,NO
1,5655,101031,1983.37,failed,online,2025-08-01,NO
1382,15998,102410,1667.14,completed,online,2025-08-01,NO
2214,15787,106081,245.62,failed,online,2025-08-01,NO
3832,41571,106138,1776.44,failed,online,2025-08-01,NO
1628,10251,106699,1460.7,failed,online,2025-08-01,NO
13,13143,107184,812.09,completed,online,2025-08-01,NO
293,31611,108075,1833.98,failed,online,2025-08-01,NO
322,44656,109444,446.06,failed,online,2025-08-01,NO
4868,24694,111217,1307.42,completed,online,2025-08-01,NO
4826,14909,112152,1875.69,completed,online,2025-08-01,NO
3120,26769,115076,476.67,completed,online,2025-08-01,NO
1,23275,117814,940.24,completed,online,2025-08-01,NO
1847,32733,118733,769.7,failed,online,2025-08-01,NO
1,31508,119189,1416.08,completed,online,2025-08-01,NO
4236,25782,123463,1288.06,completed,online,2025-08-01,NO
3774,29029,124313,630.24,failed,UNKNOWN,2025-08-01,NO
3936,33775,129294,1426.72,completed,online,2025-08-01,NO
1,13061,129981,1595.87,completed,online,2025-08-01,NO
1236,46136,130337,126.81,completed,online,2025-08-01,NO
1,41023,130450,1904.91,failed,online,2025-08-01,NO
527,37979,130729,157.65,failed,online,2025-08-01,NO
1292,13847,132651,1743.59,failed,online,2025-08-01,NO
1,24502,132708,1306.9,failed,online,2025-08-01,NO
2945,20013,137428,151.92,failed,online,2025-08-01,NO
1,19426,139251,1692.03,failed,online,2025-08-01,NO
1,35467,144427,909.4,failed,online,2025-08-01,NO
661,1127,146655,553.45,completed,online,2025-08-01,NO
1803,34456,2882,1125.98,failed,online,2025-10-28,NO
680,12054,4397,465.23,completed,online,2025-10-28,NO
1404,45822,4403,1439.32,completed,online,2025-10-28,NO
979,30755,10235,1196.72,completed,online,2025-10-28,NO
1125,6834,18956,184.33,completed,online,2025-10-28,NO
308,9938,21220,809.39,failed,online,2025-10-28,NO
389,6415,22257,1543.51,completed,online,2025-10-28,NO
644,3888,27258,853.82,completed,online,2025-10-28,NO
3810,27928,27357,188.3,completed,online,2025-10-28,NO
1,31161,29868,64.53,completed,online,2025-10-28,NO
3741,22420,32683,1994.7,failed,UNKNOWN,2025-10-28,NO
1,11530,33523,875.03,completed,online,2025-10-28,NO
757,44566,33595,1122.84,completed,online,2025-10-28,NO
3683,46635,38186,590.67,completed,online,2025-10-28,NO
4599,5231,39170,1049.83,completed,online,2025-10-28,NO
2700,46031,39392,1323.03,failed,online,2025-10-28,NO
3152,17450,39932,1259.35,failed,online,2025-10-28,NO
3903,9038,41408,931.76,completed,online,2025-10-28,NO
3154,42019,41746,1634.38,failed,online,2025-10-28,NO
1,10170,46157,167.44,completed,online,2025-10-28,NO
4446,8941,47231,280.5,failed,online,2025-10-28,NO
1127,2953,53251,1831.2,completed,online,2025-10-28,NO
3317,24595,53503,1400.51,failed,online,2025-10-28,NO
4442,22981,53548,907.68,completed,online,2025-10-28,NO
1465,8915,54726,845.23,failed,online,2025-10-28,NO
3453,33125,62037,210.3,completed,online,2025-10-28,NO
3010,9286,62153,568.01,completed,online,2025-10-28,NO
494,24722,63686,1966.69,completed,online,2025-10-28,NO
3969,16925,67976,1833.51,failed,online,2025-10-28,NO
1,6236,69247,371.75,completed,online,2025-10-28,NO
4571,32014,70374,128.39,failed,online,2025-10-28,NO
4979,5760,74384,562.61,completed,online,2025-10-28,NO
4720,30452,74590,1460.59,failed,online,2025-10-28,NO
1164,17384,74731,1396.52,failed,online,2025-10-28,NO
1322,14477,76899,875.15,completed,online,2025-10-28,NO
2429,21682,78579,1909.38,completed,online,2025-10-28,NO
3224,30256,80320,338.08,completed,online,2025-10-28,NO
4994,26140,82220,373.49,failed,online,2025-10-28,NO
1,11892,86426,327.91,completed,online,2025-10-28,NO
3382,38979,90501,1107.14,completed,online,2025-10-28,NO
1,23366,92547,1794.68,completed,online,2025-10-28,NO
4191,37890,94338,172.71,completed,online,2025-10-28,NO
1,10053,96565,1344.84,failed,online,2025-10-28,NO
1589,3603,97212,913.18,completed,online,2025-10-28,NO
2902,24070,98611,149.63,failed,online,2025-10-28,NO
3250,14582,98994,954.66,completed,online,2025-10-28,NO
2976,44838,105945,237.4,completed,online,2025-10-28,NO
2172,45851,108515,1507.51,failed,online,2025-10-28,NO
1718,9726,110486,1357.03,completed,online,2025-10-28,NO
2386,40954,111338,993.52,completed,online,2025-10-28,NO
1868,2381,112466,297.39,failed,online,2025-10-28,NO
4874,32453,116882,1462.54,completed,online,2025-10-28,NO
3607,11454,117253,910.89,completed,online,2025-10-28,NO
2580,5951,119794,652.13,completed,online,2025-10-28,NO
4804,8339,121278,181.03,completed,online,2025-10-28,NO
1,26186,121566,1754.21,failed,online,2025-10-28,NO
2692,18452,122647,96.22,completed,online,2025-10-28,NO
4345,37403,122822,1615.3,completed,UNKNOWN,2025-10-28,NO
2975,28079,123552,1145.91,completed,online,2025-10-28,NO
3505,12099,126477,1823.08,completed,online,2025-10-28,NO
2955,12407,126702,1943.56,completed,online,2025-10-28,NO
1470,10269,129890,1738.06,completed,online,2025-10-28,NO
3642,11985,134307,1658.06,completed,online,2025-10-28,NO
2366,12323,135543,1523.06,failed,online,2025-10-28,NO
1,16209,136128,879.65,failed,online,2025-10-28,NO
1,21822,136660,1370.67,failed,online,2025-10-28,NO
1,25180,136951,1171.38,failed,online,2025-10-28,NO
4490,25881,137246,520.25,failed,online,2025-10-28,NO
1,8843,138457,335.3,completed,online,2025-10-28,NO
1,12950,139170,671.46,completed,online,2025-10-28,NO
2700,36976,139933,938.66,completed,online,2025-10-28,NO
1,36036,140152,836.9,failed,online,2025-10-28,NO
3034,46260,141402,1753.25,failed,online,2025-10-28,NO
38,12086,141674,1653.91,completed,online,2025-10-28,NO
3491,12201,141759,1524.58,completed,online,2025-10-28,NO
1981,14205,144611,538.69,completed,online,2025-10-28,NO
2974,30247,145326,1417.16,failed,online,2025-10-28,NO
1,48061,145825,1386.45,failed,online,2025-10-28,NO
1406,5132,147970,311.9,failed,online,2025-10-28,NO
1,13453,1453,894.64,completed,online,2025-07-28,NO
4122,14140,5888,1728.83,failed,online,2025-07-28,NO
2958,31770,8254,1284.43,failed,online,2025-07-28,NO
135,7535,8349,136.87,completed,online,2025-07-28,NO
4421,17757,9774,171.08,completed,online,2025-07-28,NO
4742,36761,11351,229.18,failed,online,2025-07-28,NO
1,18597,17141,482.97,failed,online,2025-07-28,NO
408,1595,19692,204.02,completed,online,2025-07-28,NO
3102,47178,20603,407.58,completed,online,2025-07-28,NO
1,7300,23107,1180.06,failed,online,2025-07-28,NO
1,34842,28840,220.43,failed,online,2025-07-28,NO
3227,49948,28926,1017.19,failed,online,2025-07-28,NO
222,35335,29802,497.05,completed,online,2025-07-28,NO
4910,24976,32226,586.18,failed,online,2025-07-28,NO
760,29745,33493,1971.83,completed,online,2025-07-28,NO
8,20210,36293,662.3,completed,online,2025-07-28,NO
1,2287,38175,259.63,completed,online,2025-07-28,NO
1,27633,39841,1714.47,failed,online,2025-07-28,NO
4091,3358,42994,1154.52,failed,online,2025-07-28,NO
490,11026,48590,1038.02,failed,online,2025-07-28,NO
1,19879,51079,1135.59,failed,online,2025-07-28,NO
1,25755,51976,1787.51,failed,online,2025-07-28,NO
4932,25769,52154,1326.09,failed,online,2025-07-28,NO
1,10035,52699,595.54,completed,online,2025-07-28,NO
1888,38014,52711,1038.25,completed,online,2025-07-28,NO
970,5344,53115,1922.53,failed,online,2025-07-28,NO
2028,30482,54748,207.51,completed,online,2025-07-28,NO
4678,40527,55621,827.13,failed,online,2025-07-28,NO
3777,42069,57293,1017.0,completed,online,2025-07-28,NO
1191,22406,58613,16.21,completed,online,2025-07-28,NO
1,33367,61650,863.59,failed,online,2025-07-28,NO
1,19134,62350,23.41,failed,online,2025-07-28,NO
3889,19576,62703,1780.05,failed,online,2025-07-28,NO
203,35581,63965,1986.48,failed,online,2025-07-28,NO
1,25412,65377,176.81,completed,online,2025-07-28,NO
1,43520,66538,980.22,completed,online,2025-07-28,NO
3357,27600,67596,147.45,failed,online,2025-07-28,NO
1,1112,68071,682.68,failed,online,2025-07-28,NO
1844,39217,68546,1010.69,completed,online,2025-07-28,NO
3808,14246,68832,165.66,completed,online,2025-07-28,NO
1,23193,72608,999.05,completed,online,2025-07-28,NO
3954,23619,80752,1371.53,failed,online,2025-07-28,NO
3837,4536,83552,778.25,completed,online,2025-07-28,NO
1574,27465,85556,748.65,failed,online,2025-07-28,NO
1816,25209,86925,124.25,completed,online,2025-07-28,NO
1,48402,87764,1429.58,completed,online,2025-07-28,NO
1,29670,89885,562.67,completed,online,2025-07-28,NO
528,9616,89888,1596.69,completed,online,2025-07-28,NO
1,5435,90979,157.38,failed,online,2025-07-28,NO
1065,33748,92571,1809.33,completed,online,2025-07-28,NO
2773,21279,95143,1294.82,completed,online,2025-07-28,NO
1,43658,99972,1674.14,completed,online,2025-07-28,NO
1,13057,100155,46.81,failed,online,2025-07-28,NO
2140,43594,104239,1043.98,failed,online,2025-07-28,NO
3658,30709,106503,1700.83,failed,online,2025-07-28,NO
149,17453,108312,1202.37,failed,online,2025-07-28,NO
1,9946,109940,923.62,completed,online,2025-07-28,NO
4231,43851,113002,90.35,completed,online,2025-07-28,NO
1,7088,113540,763.46,completed,online,2025-07-28,NO
1977,4689,114832,1009.09,completed,online,2025-07-28,NO
2846,40030,115142,226.29,failed,online,2025-07-28,NO
4957,49397,115745,1119.16,completed,online,2025-07-28,NO
828,47305,118436,730.04,failed,online,2025-07-28,NO
1326,44352,119962,910.95,failed,online,2025-07-28,NO
2394,42720,123767,131.87,completed,online,2025-07-28,NO
1,3455,124796,420.6,failed,online,2025-07-28,NO
1,18732,125546,1698.95,failed,online,2025-07-28,NO
686,38926,126356,925.81,failed,online,2025-07-28,NO
4255,11792,128130,79.32,failed,online,2025-07-28,NO
1017,42080,128748,660.56,completed,online,2025-07-28,NO
4472,18389,129139,539.83,completed,online,2025-07-28,NO
263,18690,129165,81.53,completed,online,2025-07-28,NO
1,5922,131643,423.56,completed,online,2025-07-28,NO
4835,14439,132710,1716.89,failed,online,2025-07-28,NO
3789,7418,134000,1153.66,failed,online,2025-07-28,NO
1,42932,138222,1662.62,completed,online,2025-07-28,NO
1092,10085,139777,1975.46,failed,online,2025-07-28,NO
504,16557,140016,1159.37,completed,online,2025-07-28,NO
3089,40305,142562,609.69,failed,online,2025-07-28,NO
4512,4182,144314,25.46,failed,online,2025-07-28,NO
3469,2429,148868,1194.49,completed,online,2025-07-28,NO
3353,34371,1491,1765.58,failed,online,2025-02-05,NO
502,9199,1646,224.51,failed,online,2025-02-05,NO
1,26293,5964,1535.25,completed,online,2025-02-05,NO
3236,5637,8274,710.89,completed,online,2025-02-05,NO
567,21532,9317,708.97,failed,online,2025-02-05,NO
4923,11272,9402,331.41,completed,online,2025-02-05,NO
4900,42901,10376,372.44,completed,online,2025-02-05,NO
4797,30066,11107,734.64,completed,online,2025-02-05,NO
147,28707,14541,1248.53,completed,online,2025-02-05,NO
1,9288,16761,1067.49,failed,online,2025-02-05,NO
1,8239,19814,62.05,failed,UNKNOWN,2025-02-05,NO
1,37805,22574,408.72,failed,online,2025-02-05,NO
393,26976,24951,1857.41,completed,online,2025-02-05,NO
795,41415,25752,311.79,failed,online,2025-02-05,NO
1,12357,29053,1236.44,completed,online,2025-02-05,NO
3602,6223,32245,1514.19,completed,online,2025-02-05,NO
1,31367,36335,581.76,failed,online,2025-02-05,NO
1,43101,36394,1096.06,completed,online,2025-02-05,NO
2688,35584,39625,858.14,failed,online,2025-02-05,NO
1,40761,42331,832.44,completed,online,2025-02-05,NO
2194,25053,42736,1719.38,completed,online,2025-02-05,NO
2269,9544,44944,1631.86,failed,online,2025-02-05,NO
4239,42686,47436,877.76,failed,online,2025-02-05,NO
4025,48904,50819,1539.99,failed,online,2025-02-05,NO
1,48877,53487,245.7,failed,online,2025-02-05,NO
1732,31745,54345,212.57,completed,online,2025-02-05,NO
4399,21059,55486,1909.84,completed,online,2025-02-05,NO
3282,14996,58060,1302.74,completed,online,2025-02-05,NO
1,20228,60487,591.3,completed,online,2025-02-05,NO
1182,40711,63167,1866.19,failed,online,2025-02-05,NO
1,3953,68446,885.74,completed,online,2025-02-05,NO
1,9656,69067,594.03,failed,online,2025-02-05,NO
1314,25527,75041,936.96,failed,online,2025-02-05,NO
4303,27570,75255,1772.7,completed,online,2025-02-05,NO
2093,20224,77923,1795.82,completed,online,2025-02-05,NO
1,32202,79593,1820.24,failed,online,2025-02-05,NO
3642,25291,80854,1543.53,completed,online,2025-02-05,NO
1,26475,82118,52.24,failed,online,2025-02-05,NO
214,9879,82243,606.49,failed,online,2025-02-05,NO
1755,26395,82428,1828.17,failed,online,2025-02-05,NO
2990,12014,84108,314.45,failed,online,2025-02-05,NO
82,20635,84242,932.24,failed,online,2025-02-05,NO
1,10817,84364,1753.02,completed,online,2025-02-05,NO
165,40913,84379,743.73,completed,online,2025-02-05,NO
198,19908,84578,146.93,failed,online,2025-02-05,NO
173,35679,85323,549.39,failed,online,2025-02-05,NO
899,8123,88670,1753.8,failed,online,2025-02-05,NO
4361,37664,91301,1120.3,completed,online,2025-02-05,NO
4392,687,94930,1034.35,failed,online,2025-02-05,NO
1066,38798,99783,1681.96,failed,online,2025-02-05,NO
1110,35276,100463,1150.91,failed,online,2025-02-05,NO
1,39286,101278,718.89,failed,online,2025-02-05,NO
3743,38680,104761,1379.16,completed,online,2025-02-05,NO
1602,13139,105039,1451.56,completed,online,2025-02-05,NO
3895,31604,107835,765.54,completed,online,2025-02-05,NO
1,8072,109708,1882.02,failed,online,2025-02-05,NO
245,21964,111962,225.79,completed,online,2025-02-05,NO
303,25038,113648,92.56,failed,online,2025-02-05,NO
3704,11795,114775,330.23,failed,online,2025-02-05,NO
2472,10095,115631,1297.99,failed,UNKNOWN,2025-02-05,NO
2326,20062,116688,1325.69,failed,online,2025-02-05,NO
4200,9562,119362,1868.41,failed,online,2025-02-05,NO
3757,22699,119427,1195.76,failed,online,2025-02-05,NO
4946,34657,126041,708.79,failed,online,2025-02-05,NO
1,3218,127020,995.44,completed,online,2025-02-05,NO
1011,37164,131006,1113.0,failed,UNKNOWN,2025-02-05,NO
2576,48151,133417,468.75,failed,online,2025-02-05,NO
2863,6943,134198,1539.29,failed,online,2025-02-05,NO
3605,36128,135381,253.15,failed,online,2025-02-05,NO
1,23097,136100,1551.07,failed,online,2025-02-05,NO
2041,475,136708,1519.74,completed,online,2025-02-05,NO
1517,11037,137201,166.0,completed,online,2025-02-05,NO
3154,26245,139755,1177.59,failed,online,2025-02-05,NO
1660,12317,139883,116.37,failed,online,2025-02-05,NO
4576,47891,139931,1035.69,failed,online,2025-02-05,NO
3284,9734,141132,1419.6,failed,online,2025-02-05,NO
4816,22403,143372,321.15,failed,online,2025-02-05,NO
2217,9587,144217,1140.36,failed,online,2025-02-05,NO
2507,17517,145172,1414.42,failed,online,2025-02-05,NO
2640,46034,146851,343.85,failed,online,2025-02-05,NO
959,14161,148452,1993.84,failed,online,2025-02-05,NO
4942,36257,3756,1008.89,failed,online,2025-08-26,NO
1,30624,4127,126.8,failed,online,2025-08-26,NO
2672,18522,4633,1265.73,failed,online,2025-08-26,NO
1646,17000,11410,1652.26,completed,online,2025-08-26,NO
1,26991,15022,844.67,completed,online,2025-08-26,NO
4357,25695,23238,151.65,completed,online,2025-08-26,NO
2823,8369,28656,961.53,completed,online,2025-08-26,NO
1223,46283,30100,807.26,failed,online,2025-08-26,NO
3059,39576,31560,1030.77,failed,online,2025-08-26,NO
2528,33264,32590,881.06,failed,online,2025-08-26,NO
1,15763,32695,1896.09,completed,UNKNOWN,2025-08-26,NO
1,36176,34141,960.59,failed,online,2025-08-26,NO
1059,3524,34741,956.08,failed,online,2025-08-26,NO
4357,49637,39466,1765.53,failed,online,2025-08-26,NO
1,17849,40922,740.47,completed,online,2025-08-26,NO
1,42093,40955,293.37,completed,online,2025-08-26,NO
3287,5523,41357,923.36,failed,online,2025-08-26,NO
353,44523,43684,337.69,completed,online,2025-08-26,NO
1,18001,43944,622.57,failed,online,2025-08-26,NO
3995,13971,48101,1360.38,failed,UNKNOWN,2025-08-26,NO
302,8946,51735,1439.47,completed,online,2025-08-26,NO
406,33242,56553,1898.88,failed,online,2025-08-26,NO
1,47808,57044,1311.39,failed,online,2025-08-26,NO
2153,37152,58272,885.94,completed,online,2025-08-26,NO
4968,24725,64071,866.96,failed,online,2025-08-26,NO
2883,33938,64101,1154.79,failed,online,2025-08-26,NO
2854,5093,67158,1904.15,completed,online,2025-08-26,NO
1,12671,70246,1081.52,failed,online,2025-08-26,NO
4190,28095,76175,897.46,failed,online,2025-08-26,NO
1944,32354,76339,672.12,failed,online,2025-08-26,NO
2625,28123,78375,485.75,failed,online,2025-08-26,NO
1389,25522,79683,274.81,completed,online,2025-08-26,NO
3438,43722,82219,1516.47,failed,online,2025-08-26,NO
1,18910,83834,1772.22,failed,online,2025-08-26,NO
2508,18370,85220,1267.31,failed,online,2025-08-26,NO
1,43737,85255,1548.38,completed,online,2025-08-26,NO
462,24641,85256,7973.613405284305,failed,online,2025-08-26,NO
877,44462,85881,1679.38,failed,online,2025-08-26,NO
3240,41331,86932,9059.03915920085,completed,online,2025-08-26,NO
2348,4002,86959,469.67,failed,online,2025-08-26,NO
215,6224,88001,1161.99,completed,online,2025-08-26,NO
1,43077,90707,698.18,failed,online,2025-08-26,NO
224,41701,91130,1810.01,completed,online,2025-08-26,NO
1503,1899,91709,1919.48,completed,online,2025-08-26,NO
2388,41979,92635,1345.88,failed,online,2025-08-26,NO
4590,2821,102754,1240.82,failed,online,2025-08-26,NO
3205,1267,105042,1886.99,completed,online,2025-08-26,NO
753,31527,107648,1846.1,completed,online,2025-08-26,NO
1685,45355,108229,1364.15,completed,online,2025-08-26,NO
876,923,108702,316.83,completed,online,2025-08-26,NO
2355,29353,110148,1997.06,failed,online,2025-08-26,NO
192,26868,111117,325.18,failed,online,2025-08-26,NO
1,18910,111308,959.54,failed,online,2025-08-26,NO
684,38711,111620,1684.54,failed,online,2025-08-26,NO
1,24377,113804,1036.44,failed,online,2025-08-26,NO
4753,41236,116053,105.04,completed,online,2025-08-26,NO
1,14203,119814,1111.17,completed,online,2025-08-26,NO
1353,1636,122078,1401.57,failed,online,2025-08-26,NO
728,1550,122477,1824.29,failed,online,2025-08-26,NO
1,4989,123278,1158.44,completed,online,2025-08-26,NO
3300,46203,123434,1656.07,failed,online,2025-08-26,NO
4284,29176,124433,1234.15,completed,online,2025-08-26,NO
4584,20572,128627,469.88,failed,online,2025-08-26,NO
3392,39552,130461,353.44,failed,online,2025-08-26,NO
4326,25352,130809,1906.1,failed,online,2025-08-26,NO
4232,40478,131032,492.73,failed,online,2025-08-26,NO
324,4269,131691,483.11,failed,online,2025-08-26,NO
4069,46958,132707,315.66,completed,online,2025-08-26,NO
4790,11088,134391,1404.73,completed,online,2025-08-26,NO
2111,34182,135305,962.8,completed,online,2025-08-26,NO
2822,22512,135610,154.46,failed,online,2025-08-26,NO
1,32718,136112,101.37,failed,online,2025-08-26,NO
3754,48324,136425,269.47,failed,online,2025-08-26,NO
1,11793,136795,973.76,completed,online,2025-08-26,NO
1,48976,136879,531.78,completed,online,2025-08-26,NO
4503,47626,137482,1240.68,failed,online,2025-08-26,NO
877,25568,140406,1630.43,completed,online,2025-08-26,NO
3050,24805,144138,1357.99,failed,online,2025-08-26,NO
1,11193,146423,1778.71,completed,online,2025-08-26,NO
875,8896,149244,422.12,failed,online,2025-08-26,NO
621,24746,85,535.43,completed,online,2025-03-12,NO
3886,27219,1199,1669.99,failed,online,2025-03-12,NO
4418,24923,5981,262.24,completed,online,2025-03-12,NO
1907,21493,6319,1877.27,completed,online,2025-03-12,NO
1,47781,10362,108.29,completed,online,2025-03-12,NO
905,18060,10962,1929.19,failed,online,2025-03-12,NO
3179,4795,15386,1498.92,completed,online,2025-03-12,NO
1,36567,16073,1279.46,failed,online,2025-03-12,NO
2207,5455,16930,844.37,failed,online,2025-03-12,NO
1081,32459,16999,813.68,failed,online,2025-03-12,NO
2046,26708,18478,1949.96,completed,online,2025-03-12,NO
2719,9408,18509,157.92,failed,online,2025-03-12,NO
2404,46024,20122,638.32,completed,online,2025-03-12,NO
1,33104,21456,463.8,failed,online,2025-03-12,NO
4461,45481,22872,319.6,failed,online,2025-03-12,NO
1,43913,24733,1250.59,failed,online,2025-03-12,NO
508,12599,25673,1199.14,completed,online,2025-03-12,NO
2107,23993,31909,1486.82,failed,online,2025-03-12,NO
260,11698,32554,598.14,failed,online,2025-03-12,NO
855,5350,33780,1896.05,failed,online,2025-03-12,NO
1567,17247,37883,77.77,failed,online,2025-03-12,NO
2990,6683,38089,1719.51,failed,online,2025-03-12,NO
3349,34466,45769,537.62,completed,online,2025-03-12,NO
4971,46449,47067,1846.71,failed,online,2025-03-12,NO
2845,15650,47316,1620.24,completed,online,2025-03-12,NO
1,38444,47643,991.89,completed,online,2025-03-12,NO
1791,26804,49364,1480.74,failed,UNKNOWN,2025-03-12,NO
1297,45789,49405,1904.87,failed,online,2025-03-12,NO
1,11854,49443,1696.71,completed,online,2025-03-12,NO
1262,8127,49673,816.05,completed,online,2025-03-12,NO
4938,18040,49882,359.22,completed,online,2025-03-12,NO
1,30084,52294,652.93,completed,online,2025-03-12,NO
1,2150,57774,1847.21,completed,online,2025-03-12,NO
1616,34853,58062,1449.55,completed,online,2025-03-12,NO
1408,17551,58905,1937.72,failed,online,2025-03-12,NO
1437,29479,59748,1981.24,completed,online,2025-03-12,NO
73,49300,60765,1254.92,failed,online,2025-03-12,NO
1,30335,61889,1147.49,failed,online,2025-03-12,NO
3175,42318,63539,705.08,completed,online,2025-03-12,NO
723,37006,66616,1667.31,failed,online,2025-03-12,NO
1,12714,68786,1132.93,completed,UNKNOWN,2025-03-12,NO
4367,42352,83289,998.6,failed,online,2025-03-12,NO
1739,8596,83473,258.4,completed,online,2025-03-12,NO
3492,8204,86228,387.24,failed,online,2025-03-12,NO
1,27895,86674,567.12,failed,online,2025-03-12,NO
4978,19169,87854,1506.87,completed,online,2025-03-12,NO
1,15120,88396,1719.14,completed,online,2025-03-12,NO
864,47526,88608,9416.144229204729,failed,online,2025-03-12,NO
562,4160,89623,931.5,completed,online,2025-03-12,NO
4557,33325,90585,451.78,completed,online,2025-03-12,NO
1,48282,90674,1855.95,completed,online,2025-03-12,NO
1,35559,91565,389.28,completed,online,2025-03-12,NO
4638,36383,93285,1991.51,completed,online,2025-03-12,NO
3685,45581,98866,776.44,failed,online,2025-03-12,NO
1427,2996,105864,832.47,failed,online,2025-03-12,NO
1,45888,107715,27.79,failed,online,2025-03-12,NO
1,13734,110401,1682.65,failed,online,2025-03-12,NO
1,21830,110425,591.08,failed,online,2025-03-12,NO
1,5789,111407,551.57,failed,online,2025-03-12,NO
3724,19776,114573,239.72,failed,online,2025-03-12,NO
3909,21565,118799,393.98,completed,online,2025-03-12,NO
4837,30123,119097,1090.37,failed,online,2025-03-12,NO
4212,22757,121406,799.87,completed,online,2025-03-12,NO
1,41072,122517,480.17,failed,online,2025-03-12,NO
3123,39618,123140,1778.29,failed,online,2025-03-12,NO
81,8428,124750,1145.96,failed,online,2025-03-12,NO
799,14047,126998,1862.81,failed,online,2025-03-12,NO
4349,45575,128281,1973.93,completed,online,2025-03-12,NO
1,22784,128973,477.62,completed,online,2025-03-12,NO
2169,34998,134643,830.03,failed,online,2025-03-12,NO
4412,21980,134873,1651.88,failed,online,2025-03-12,NO
2475,30214,135299,987.14,failed,online,2025-03-12,NO
2314,12951,136730,8518.445839276657,completed,online,2025-03-12,NO
357,5837,137162,667.88,failed,online,2025-03-12,NO
3816,19500,138951,491.81,completed,online,2025-03-12,NO
1214,17382,141007,1180.13,completed,online,2025-03-12,NO
3097,35166,141276,829.67,completed,online,2025-03-12,NO
1,2481,141667,1776.64,completed,online,2025-03-12,NO
4548,42822,143138,210.2,failed,online,2025-03-12,NO
2019,37283,143541,1089.51,completed,online,2025-03-12,NO
2250,10818,118,1733.15,failed,online,2025-08-12,NO
1767,19385,1448,1319.86,failed,online,2025-08-12,NO
1031,2384,2307,658.09,completed,online,2025-08-12,NO
3807,8907,6611,1705.34,completed,online,2025-08-12,NO
1,15607,7091,805.57,completed,online,2025-08-12,NO
4357,26838,9500,928.32,completed,online,2025-08-12,NO
1,28906,12375,334.37,completed,online,2025-08-12,NO
793,10201,14856,1831.88,completed,online,2025-08-12,NO
2691,30330,16322,1041.87,failed,online,2025-08-12,NO
1,37865,17007,1786.77,completed,online,2025-08-12,NO
1,46617,17301,119.84,failed,online,2025-08-12,NO
1131,45938,17841,864.21,completed,online,2025-08-12,NO
4877,18102,18254,884.54,failed,online,2025-08-12,NO
1,2932,21419,1205.8,completed,online,2025-08-12,NO
1,23837,23341,1780.27,failed,online,2025-08-12,NO
2552,11365,23822,365.8,completed,online,2025-08-12,NO
1,21912,24562,1823.97,completed,online,2025-08-12,NO
4010,39536,28668,381.27,failed,online,2025-08-12,NO
4517,36695,28779,1088.76,failed,online,2025-08-12,NO
4758,12374,29421,251.37,completed,online,2025-08-12,NO
4441,46911,31007,946.79,completed,online,2025-08-12,NO
4656,44751,32996,1321.23,failed,online,2025-08-12,NO
1301,49810,33030,1359.02,failed,online,2025-08-12,NO
320,17886,33046,625.96,completed,online,2025-08-12,NO
1902,28280,33574,533.62,failed,online,2025-08-12,NO
1029,32927,34156,640.04,completed,UNKNOWN,2025-08-12,NO
2324,47690,35132,567.75,completed,online,2025-08-12,NO
4195,7942,36193,1074.8,failed,online,2025-08-12,NO
39,44947,39558,1830.33,completed,online,2025-08-12,NO
4492,19313,40869,272.35,completed,online,2025-08-12,NO
344,11507,43379,792.33,failed,online,2025-08-12,NO
4950,2358,44350,1266.88,completed,online,2025-08-12,NO
4988,29801,45240,525.51,completed,online,2025-08-12,NO
2393,19540,46357,1374.06,completed,online,2025-08-12,NO
1,7738,46896,107.27,completed,online,2025-08-12,NO
1,45974,47877,1188.32,failed,UNKNOWN,2025-08-12,NO
1583,27191,50271,1562.2,completed,online,2025-08-12,NO
1,21268,55140,1342.91,failed,online,2025-08-12,NO
498,39189,60043,1925.86,completed,online,2025-08-12,NO
1124,11944,60580,174.67,completed,online,2025-08-12,NO
4589,32265,61039,336.14,failed,online,2025-08-12,NO
1,21836,63456,1069.37,completed,online,2025-08-12,NO
1,38392,72533,700.89,completed,online,2025-08-12,NO
1,4730,72621,1085.57,completed,online,2025-08-12,NO
1730,46132,73841,17.38,completed,online,2025-08-12,NO
2092,19313,73924,1923.18,failed,online,2025-08-12,NO
1625,39007,73979,1166.64,failed,online,2025-08-12,NO
517,11084,74023,1356.75,failed,online,2025-08-12,NO
502,9469,80171,756.73,completed,online,2025-08-12,NO
1343,18436,82747,514.06,failed,online,2025-08-12,NO
1215,27290,84201,1441.89,failed,online,2025-08-12,NO
4226,30798,85333,1625.85,failed,online,2025-08-12,NO
3182,33051,89909,1700.09,failed,online,2025-08-12,NO
4956,38787,93111,820.49,failed,online,2025-08-12,NO
1,3493,96383,420.99,completed,online,2025-08-12,NO
1613,32756,96467,705.89,failed,online,2025-08-12,NO
1,17439,98100,1271.69,failed,online,2025-08-12,NO
1580,4455,99844,728.5,failed,online,2025-08-12,NO
1,39747,100268,107.2,failed,online,2025-08-12,NO
4514,42826,100328,506.99,completed,online,2025-08-12,NO
1,16594,104493,1278.49,failed,online,2025-08-12,NO
3668,31965,105758,1564.19,completed,online,2025-08-12,NO
1,49192,106091,1781.31,completed,online,2025-08-12,NO
4070,47737,108583,388.48,completed,online,2025-08-12,NO
3977,46952,109672,214.61,completed,online,2025-08-12,NO
4806,29924,115990,1829.52,completed,online,2025-08-12,NO
4082,15522,117226,863.74,completed,online,2025-08-12,NO
3840,17454,118033,506.57,completed,online,2025-08-12,NO
2435,1729,119293,1062.92,completed,online,2025-08-12,NO
1,36846,121107,1027.98,failed,online,2025-08-12,NO
1747,30589,133231,312.27,completed,UNKNOWN,2025-08-12,NO
982,18486,136751,1603.25,failed,online,2025-08-12,NO
3531,6047,137411,690.72,completed,online,2025-08-12,NO
3655,49427,138442,493.41,completed,online,2025-08-12,NO
1,27811,138908,1613.8,completed,online,2025-08-12,NO
1780,47310,142276,1164.38,completed,online,2025-08-12,NO
1,10172,146723,1787.24,failed,online,2025-08-12,NO
65,22749,147498,1731.32,completed,online,2025-08-12,NO
1,49609,148918,265.95,failed,online,2025-08-12,NO
1,18981,149253,807.15,failed,online,2025-08-12,NO
2718,35319,1263,992.3,failed,online,2025-09-20,NO
3641,8477,5658,9454.704745855008,failed,online,2025-09-20,NO
3714,39050,6570,1077.44,completed,online,2025-09-20,NO
4336,17711,7254,1051.12,failed,online,2025-09-20,NO
1375,33115,8936,847.38,completed,online,2025-09-20,NO
1,30629,10949,341.86,completed,online,2025-09-20,NO
3748,48408,11937,875.55,failed,online,2025-09-20,NO
1867,12842,17487,1766.83,completed,online,2025-09-20,NO
1,28773,17577,1986.71,completed,online,2025-09-20,NO
1,35357,19305,1135.98,completed,online,2025-09-20,NO
2299,45610,19593,113.45,completed,online,2025-09-20,NO
2799,14664,23223,35.91,failed,online,2025-09-20,NO
4997,45010,23865,1727.01,completed,online,2025-09-20,NO
2302,9135,27863,1413.73,completed,online,2025-09-20,NO
369,32055,28416,296.36,failed,online,2025-09-20,NO
2266,1863,31343,387.26,failed,online,2025-09-20,NO
3996,1491,33735,1274.26,failed,online,2025-09-20,NO
4260,24637,47797,278.04,failed,online,2025-09-20,NO
4367,10127,49185,1590.28,failed,online,2025-09-20,NO
3094,14557,50815,1138.56,completed,online,2025-09-20,NO
1308,37820,52716,661.79,completed,online,2025-09-20,NO
3033,2772,53667,211.3,failed,online,2025-09-20,NO
4218,44390,57700,859.51,completed,online,2025-09-20,NO
1,41641,58755,910.14,failed,online,2025-09-20,NO
1,620,60256,1720.92,completed,online,2025-09-20,NO
4530,12741,60404,1836.22,failed,online,2025-09-20,NO
1,20122,62034,353.49,completed,online,2025-09-20,NO
3587,38883,64481,246.57,completed,online,2025-09-20,NO
2656,27926,64657,1208.16,failed,online,2025-09-20,NO
2095,21740,64832,1785.22,failed,online,2025-09-20,NO
1104,8358,65621,888.15,failed,online,2025-09-20,NO
2967,17905,65855,1150.3,failed,online,2025-09-20,NO
2202,18716,68418,352.43,completed,online,2025-09-20,NO
3262,38807,69687,1623.04,completed,online,2025-09-20,NO
1258,9,71930,967.93,failed,online,2025-09-20,NO
813,22711,73090,145.53,completed,online,2025-09-20,NO
1,19965,75927,1880.62,failed,online,2025-09-20,NO
477,17129,80048,361.28,failed,online,2025-09-20,NO
4318,36296,80847,683.16,failed,online,2025-09-20,NO
1,36279,81722,319.27,failed,online,2025-09-20,NO
1,17442,82132,334.6,failed,online,2025-09-20,NO
4607,31136,87347,1495.31,failed,online,2025-09-20,NO
3890,10723,87713,1584.49,completed,online,2025-09-20,NO
2434,25260,91592,1282.92,completed,online,2025-09-20,NO
1,45765,96663,1326.93,failed,online,2025-09-20,NO
3851,15289,97547,74.72,failed,online,2025-09-20,NO
120,24671,98221,1431.07,completed,online,2025-09-20,NO
3425,7685,98589,1134.87,completed,online,2025-09-20,NO
1,39020,99033,551.62,completed,online,2025-09-20,NO
1,38392,99365,749.85,failed,online,2025-09-20,NO
1659,45805,99440,1318.53,completed,online,2025-09-20,NO
4696,9734,103216,1824.34,completed,online,2025-09-20,NO
1,31533,105721,1018.01,failed,online,2025-09-20,NO
2586,6510,105767,1676.99,failed,online,2025-09-20,NO
3915,17540,108285,1840.27,completed,online,2025-09-20,NO
2018,47658,108336,373.21,failed,online,2025-09-20,NO
1752,37587,109061,625.46,completed,online,2025-09-20,NO
3495,34658,109978,1316.16,completed,online,2025-09-20,NO
2985,49538,110331,620.88,completed,online,2025-09-20,NO
1,3402,111091,1782.18,failed,online,2025-09-20,NO
381,19719,112631,1233.14,completed,online,2025-09-20,NO
469,2577,114701,1281.88,completed,online,2025-09-20,NO
1100,38457,117065,224.61,failed,online,2025-09-20,NO
1,38028,119379,1522.52,completed,online,2025-09-20,NO
1152,17917,120966,1825.33,completed,online,2025-09-20,NO
2442,27174,126268,1470.96,completed,online,2025-09-20,NO
3513,28482,126537,109.4,failed,online,2025-09-20,NO
533,4584,128282,581.63,completed,online,2025-09-20,NO
1,9259,129915,1736.65,failed,online,2025-09-20,NO
2511,46301,130261,27.67,failed,online,2025-09-20,NO
67,2028,131193,634.89,completed,online,2025-09-20,NO
40,23993,133326,80.9,completed,online,2025-09-20,NO
3515,18098,138349,252.08,completed,online,2025-09-20,NO
4635,300,139101,1368.62,completed,online,2025-09-20,NO
1,12986,141510,1211.4,failed,online,2025-09-20,NO
1,9979,141805,598.69,failed,online,2025-09-20,NO
4085,15721,142149,31.17,failed,online,2025-09-20,NO
1807,47152,145034,304.85,completed,online,2025-09-20,NO
204,26555,145081,477.06,failed,online,2025-09-20,NO
3839,25375,145513,1926.12,completed,online,2025-09-20,NO
2690,24777,4687,326.72,completed,online,2025-06-01,NO
4912,13844,6187,903.51,failed,online,2025-06-01,NO
3002,26017,9815,978.38,completed,online,2025-06-01,NO
1,16778,11772,1319.07,failed,online,2025-06-01,NO
1268,456,16583,1490.56,completed,online,2025-06-01,NO
2311,18625,17726,1454.93,failed,online,2025-06-01,NO
796,17853,19238,1208.31,failed,online,2025-06-01,NO
1,8438,20430,156.39,failed,online,2025-06-01,NO
643,9376,21170,1637.33,failed,online,2025-06-01,NO
3500,29364,21989,354.66,completed,online,2025-06-01,NO
2447,1769,24712,988.35,failed,online,2025-06-01,NO
1,42514,30536,171.32,completed,online,2025-06-01,NO
1106,6182,32792,58.71,failed,online,2025-06-01,NO
4800,14710,34168,781.49,completed,online,2025-06-01,NO
2503,31330,34663,173.2,failed,online,2025-06-01,NO
1,40598,37275,294.59,failed,online,2025-06-01,NO
2159,3456,38259,417.77,completed,online,2025-06-01,NO
847,46662,38586,1108.7,failed,online,2025-06-01,NO
1,27890,39896,1452.79,failed,online,2025-06-01,NO
3101,27315,40738,1616.86,failed,online,2025-06-01,NO
2403,31275,41334,704.23,failed,online,2025-06-01,NO
2243,13584,41928,1333.93,completed,online,2025-06-01,NO
679,12335,43012,1347.12,completed,online,2025-06-01,NO
2526,6957,43617,953.59,failed,online,2025-06-01,NO
4983,20055,44498,1464.99,failed,online,2025-06-01,NO
4845,18014,46441,147.63,completed,online,2025-06-01,NO
1932,35658,48187,119.56,failed,online,2025-06-01,NO
1123,1467,52986,1729.87,completed,online,2025-06-01,NO
1,18282,53654,206.12,failed,online,2025-06-01,NO
1565,8071,56446,1944.26,completed,UNKNOWN,2025-06-01,NO
1944,38461,56561,455.1,completed,online,2025-06-01,NO
2329,9929,58854,677.94,failed,online,2025-06-01,NO
448,33428,60959,803.16,completed,online,2025-06-01,NO
1774,44808,64184,1431.82,completed,online,2025-06-01,NO
3795,46813,64598,1619.79,failed,online,2025-06-01,NO
1,18837,66032,277.53,failed,online,2025-06-01,NO
2325,12551,70755,1055.08,completed,online,2025-06-01,NO
2334,14307,72335,1328.01,completed,online,2025-06-01,NO
4358,32983,72581,1675.13,completed,online,2025-06-01,NO
1,5261,73051,1348.16,completed,online,2025-06-01,NO
1,41500,73483,1493.04,completed,online,2025-06-01,NO
2340,26343,73559,378.65,failed,online,2025-06-01,NO
2120,7306,73914,1324.34,failed,online,2025-06-01,NO
2203,12251,77178,1150.53,failed,online,2025-06-01,NO
3685,23819,78296,128.16,completed,online,2025-06-01,NO
388,44294,80100,1121.5,completed,online,2025-06-01,NO
1,36387,81742,453.6,failed,online,2025-06-01,NO
4546,5585,82011,1524.92,completed,online,2025-06-01,NO
2399,48137,83608,922.59,completed,online,2025-06-01,NO
3150,5815,84592,1033.97,failed,online,2025-06-01,NO
2185,10445,84664,1252.91,completed,online,2025-06-01,NO
1,29316,86834,1032.29,failed,online,2025-06-01,NO
1,36762,93025,565.42,failed,online,2025-06-01,NO
1019,5671,95938,1039.15,completed,online,2025-06-01,NO
1757,1917,96445,363.07,completed,online,2025-06-01,NO
1,15943,103904,989.63,completed,online,2025-06-01,NO
953,25553,106111,1907.82,failed,online,2025-06-01,NO
1,23714,106637,1298.86,completed,online,2025-06-01,NO
1277,18779,112175,1290.02,failed,online,2025-06-01,NO
1780,30244,115709,1725.45,completed,online,2025-06-01,NO
4897,6478,119566,356.52,completed,online,2025-06-01,NO
1,23508,124816,655.31,completed,online,2025-06-01,NO
711,25077,125249,1727.69,failed,online,2025-06-01,NO
2324,34228,125888,1640.92,completed,online,2025-06-01,NO
1,43443,128071,8124.554430710157,completed,online,2025-06-01,NO
4778,13174,128468,1326.6,failed,online,2025-06-01,NO
3386,6167,129731,183.59,failed,online,2025-06-01,NO
4107,37253,130269,1424.97,failed,online,2025-06-01,NO
241,17298,130657,1035.59,failed,online,2025-06-01,NO
4073,43942,131429,369.98,failed,online,2025-06-01,NO
1702,38810,135236,810.36,failed,online,2025-06-01,NO
1435,46203,137800,803.59,failed,online,2025-06-01,NO
3898,14968,139825,1434.19,completed,online,2025-06-01,NO
4765,41790,140985,1206.58,failed,online,2025-06-01,NO
1261,12657,141415,1704.65,failed,online,2025-06-01,NO
4477,48606,141915,294.92,failed,online,2025-06-01,NO
1,24249,144659,362.92,failed,online,2025-06-01,NO
2177,9945,144911,623.64,completed,online,2025-06-01,NO
2402,3751,149195,1421.02,failed,online,2025-06-01,NO
1,44302,149791,1169.39,failed,UNKNOWN,2025-06-01,NO
1116,22437,2301,1227.57,completed,online,2025-04-12,NO
2792,26337,5690,227.37,completed,online,2025-04-12,NO
1165,25346,7045,1962.53,completed,online,2025-04-12,NO
3790,22073,7476,280.23,completed,online,2025-04-12,NO
2800,1576,10834,103.24,failed,UNKNOWN,2025-04-12,NO
4865,7239,13495,1261.9,completed,online,2025-04-12,NO
1513,43190,13798,1768.12,failed,online,2025-04-12,NO
1411,22245,15377,165.08,failed,online,2025-04-12,NO
1,43917,15943,1098.1,failed,online,2025-04-12,NO
1,30109,17367,1524.18,failed,online,2025-04-12,NO
2273,6467,18178,914.7,completed,online,2025-04-12,NO
2260,45116,18783,1685.9,completed,online,2025-04-12,NO
3398,1307,19893,252.05,failed,online,2025-04-12,NO
3730,3561,23438,181.44,completed,online,2025-04-12,NO
1350,49854,24406,972.82,failed,online,2025-04-12,NO
3013,32080,26969,793.81,completed,online,2025-04-12,NO
4096,17879,27127,1743.97,completed,online,2025-04-12,NO
2879,49373,27533,314.8,completed,online,2025-04-12,NO
784,3906,27903,1222.37,completed,online,2025-04-12,NO
4855,3835,28333,1251.82,failed,online,2025-04-12,NO
1911,26586,29828,1372.62,failed,online,2025-04-12,NO
30,15891,30351,895.1,failed,online,2025-04-12,NO
1737,26654,34187,1547.57,failed,online,2025-04-12,NO
2038,26830,37358,1659.45,failed,online,2025-04-12,NO
2589,13249,38424,1658.85,completed,online,2025-04-12,NO
4815,28017,39269,557.97,failed,online,2025-04-12,NO
4595,4017,42859,74.45,completed,online,2025-04-12,NO
1,32969,43314,888.77,completed,online,2025-04-12,NO
3622,11881,43800,7308.7092230302105,failed,online,2025-04-12,NO
193,6858,44793,1821.04,completed,online,2025-04-12,NO
33,37114,44890,789.84,failed,online,2025-04-12,NO
1,14365,47521,1286.63,completed,online,2025-04-12,NO
1,10656,48070,1124.57,completed,online,2025-04-12,NO
1,2377,48513,1079.84,completed,online,2025-04-12,NO
1884,873,48663,304.16,completed,online,2025-04-12,NO
1939,4545,49960,293.13,failed,online,2025-04-12,NO
1026,24648,52481,970.31,failed,online,2025-04-12,NO
4105,17757,55060,613.54,failed,online,2025-04-12,NO
120,36710,55422,556.34,failed,online,2025-04-12,NO
1313,15307,57377,838.46,completed,online,2025-04-12,NO
1578,33744,59593,1961.79,completed,online,2025-04-12,NO
4061,9953,59764,798.61,failed,online,2025-04-12,NO
1,14865,60192,800.24,failed,online,2025-04-12,NO
1132,26575,61001,1202.24,completed,online,2025-04-12,NO
929,38782,65054,434.75,failed,online,2025-04-12,NO
1916,24983,66765,569.36,failed,online,2025-04-12,NO
3272,32844,72199,43.53,failed,online,2025-04-12,NO
4053,16469,74180,1912.75,completed,online,2025-04-12,NO
1867,46577,74516,119.01,completed,online,2025-04-12,NO
674,4524,74561,1718.19,completed,online,2025-04-12,NO
3211,46504,79088,1861.22,completed,online,2025-04-12,NO
1,7685,80251,1047.04,failed,online,2025-04-12,NO
1,36147,81202,1719.97,completed,online,2025-04-12,NO
4505,17942,84412,840.6,failed,online,2025-04-12,NO
3951,8612,85438,1499.49,completed,online,2025-04-12,NO
627,6245,85507,1738.25,failed,online,2025-04-12,NO
3650,40343,86436,807.0,completed,online,2025-04-12,NO
1,25506,87546,503.55,completed,online,2025-04-12,NO
2464,40504,89412,184.99,failed,online,2025-04-12,NO
1133,13953,89769,1706.74,completed,online,2025-04-12,NO
4778,37203,93755,302.43,completed,online,2025-04-12,NO
1454,29014,98723,194.63,completed,online,2025-04-12,NO
1,1104,99372,1250.03,completed,online,2025-04-12,NO
3331,30205,101523,708.21,failed,online,2025-04-12,NO
441,859,102470,1687.12,completed,online,2025-04-12,NO
102,46964,108553,1940.62,failed,online,2025-04-12,NO
871,20065,109139,94.44,completed,online,2025-04-12,NO
469,11500,112716,1706.77,failed,online,2025-04-12,NO
3453,14115,113702,59.31,failed,online,2025-04-12,NO
1,23547,114506,68.24,completed,online,2025-04-12,NO
2748,28157,114751,314.54,completed,online,2025-04-12,NO
891,34467,117358,121.53,completed,online,2025-04-12,NO
4912,42867,118299,539.02,failed,online,2025-04-12,NO
3377,36730,118372,225.96,failed,online,2025-04-12,NO
1317,36884,129383,463.65,completed,online,2025-04-12,NO
1099,23864,132590,686.27,failed,online,2025-04-12,NO
1494,20093,134393,27.93,failed,online,2025-04-12,NO
1735,47488,137120,528.35,completed,online,2025-04-12,NO
1,59,138990,608.96,completed,online,2025-04-12,NO
221,7268,141673,1608.01,failed,online,2025-04-12,NO
1,11746,1973,402.9,completed,online,2025-07-19,NO
1844,44458,2410,1047.3,failed,online,2025-07-19,NO
3887,48962,2447,1674.71,failed,online,2025-07-19,NO
4300,47516,5959,84.57,failed,online,2025-07-19,NO
4406,4109,6239,1825.09,failed,online,2025-07-19,NO
597,15445,6308,846.59,completed,online,2025-07-19,NO
4709,42078,7420,1018.93,failed,online,2025-07-19,NO
3254,10388,8648,828.05,failed,online,2025-07-19,NO
2876,30754,13554,452.12,completed,online,2025-07-19,NO
334,49789,14254,382.4,completed,online,2025-07-19,NO
453,4678,15818,989.81,failed,online,2025-07-19,NO
455,498,16926,1640.02,failed,online,2025-07-19,NO
2596,40489,18998,590.17,completed,online,2025-07-19,NO
4707,40372,19382,1373.86,completed,online,2025-07-19,NO
3498,35143,20730,1854.22,failed,online,2025-07-19,NO
1,30930,21699,1823.48,failed,online,2025-07-19,NO
1116,43059,22330,130.06,completed,online,2025-07-19,NO
370,29583,22734,674.09,failed,online,2025-07-19,NO
2381,23456,23888,801.9,completed,online,2025-07-19,NO
2584,551,24312,1777.22,completed,online,2025-07-19,NO
4841,33296,26759,1929.8,failed,online,2025-07-19,NO
3169,46550,29897,1078.62,failed,online,2025-07-19,NO
2445,33662,33678,1738.18,completed,online,2025-07-19,NO
1654,24246,34945,1285.29,completed,online,2025-07-19,NO
1536,35339,36186,1711.2,failed,online,2025-07-19,NO
1618,4622,36420,307.59,completed,online,2025-07-19,NO
1687,42848,38197,304.79,failed,online,2025-07-19,NO
2143,15755,38834,1351.47,completed,online,2025-07-19,NO
1,2149,38867,314.26,completed,online,2025-07-19,NO
1540,47276,39144,1761.04,completed,online,2025-07-19,NO
4655,32301,39255,1265.55,failed,online,2025-07-19,NO
3854,49351,40058,1292.23,completed,online,2025-07-19,NO
1725,10026,41344,842.79,completed,online,2025-07-19,NO
829,15006,42229,1126.29,failed,online,2025-07-19,NO
1,31821,44610,596.57,completed,online,2025-07-19,NO
3593,18683,50615,170.92,completed,online,2025-07-19,NO
1,160,51063,1897.14,completed,online,2025-07-19,NO
876,26969,54433,338.32,failed,online,2025-07-19,NO
1,14344,61400,1420.04,completed,online,2025-07-19,NO
2377,48635,64323,1748.9,completed,online,2025-07-19,NO
2338,28800,67179,68.3,failed,online,2025-07-19,NO
1,27008,67287,1338.96,completed,online,2025-07-19,NO
1721,46792,69183,1468.54,failed,online,2025-07-19,NO
323,8000,69570,1637.29,failed,online,2025-07-19,NO
2190,46377,74435,514.06,completed,online,2025-07-19,NO
3198,23646,79012,1269.65,failed,online,2025-07-19,NO
1467,35639,81265,922.52,failed,online,2025-07-19,NO
83,12309,84167,1570.17,completed,online,2025-07-19,NO
1,44727,85954,309.07,failed,online,2025-07-19,NO
2103,5255,93862,925.92,completed,online,2025-07-19,NO
1850,42851,96320,1627.02,completed,online,2025-07-19,NO
4974,49245,96544,1296.22,completed,online,2025-07-19,NO
3820,48841,99378,912.77,completed,online,2025-07-19,NO
1830,26913,99479,1662.5,failed,online,2025-07-19,NO
1896,15515,100403,1070.58,completed,online,2025-07-19,NO
2881,22496,100689,440.29,failed,online,2025-07-19,NO
3275,39651,101280,538.89,completed,online,2025-07-19,NO
2130,38364,104591,217.11,failed,online,2025-07-19,NO
3082,39351,109251,284.11,completed,online,2025-07-19,NO
395,19655,114448,246.02,failed,online,2025-07-19,NO
3118,34046,116270,1390.94,failed,online,2025-07-19,NO
4262,44865,116834,1647.53,failed,online,2025-07-19,NO
2880,36407,118857,60.25,completed,online,2025-07-19,NO
3312,49164,119018,1765.65,completed,online,2025-07-19,NO
737,27066,120521,1522.25,failed,online,2025-07-19,NO
2765,48966,122711,404.44,failed,online,2025-07-19,NO
1,25803,123012,1561.9,completed,online,2025-07-19,NO
1,7109,123526,1903.53,completed,online,2025-07-19,NO
2778,41836,125081,1548.58,completed,online,2025-07-19,NO
3011,3177,125186,1044.22,completed,online,2025-07-19,NO
1,19103,127910,642.87,completed,online,2025-07-19,NO
3587,7187,130863,258.58,completed,online,2025-07-19,NO
157,19812,131694,856.86,failed,online,2025-07-19,NO
4695,46305,139779,1891.19,failed,online,2025-07-19,NO
1,28682,141036,1792.15,failed,online,2025-07-19,NO
1,39349,141259,726.06,failed,online,2025-07-19,NO
3123,3815,145144,1268.75,failed,online,2025-07-19,NO
4623,46241,147992,364.59,completed,online,2025-07-19,NO
1,43429,149010,402.31,failed,online,2025-07-19,NO
1,33867,149401,95.1,failed,online,2025-07-19,NO
1,37493,1320,1744.5,completed,online,2025-04-13,NO
1,6337,2359,1399.96,completed,online,2025-04-13,NO
1,24796,2510,1235.1,failed,online,2025-04-13,NO
3243,47641,4945,653.91,completed,online,2025-04-13,NO
4471,21324,5438,1072.63,failed,online,2025-04-13,NO
4486,3635,8111,713.93,failed,online,2025-04-13,NO
2929,35694,8795,534.81,failed,online,2025-04-13,NO
3924,36970,9835,1002.74,failed,online,2025-04-13,NO
1,20630,11439,754.31,failed,online,2025-04-13,NO
1194,12969,12036,1595.3,completed,online,2025-04-13,NO
4360,28488,12510,1888.13,completed,online,2025-04-13,NO
1270,1372,13969,199.89,completed,online,2025-04-13,NO
1,31476,16083,1326.1,failed,online,2025-04-13,NO
3033,16873,18767,356.31,completed,online,2025-04-13,NO
614,40799,19482,1813.11,completed,online,2025-04-13,NO
1,19428,21725,1209.73,failed,online,2025-04-13,NO
637,40289,24580,7360.766157857022,failed,online,2025-04-13,NO
4353,20745,24936,669.7,failed,online,2025-04-13,NO
1548,34538,25007,1394.49,failed,online,2025-04-13,NO
4390,32290,26412,1089.72,completed,online,2025-04-13,NO
80,25375,34774,1937.71,completed,online,2025-04-13,NO
2396,27453,34889,463.58,failed,online,2025-04-13,NO
4475,11977,36621,1698.87,failed,online,2025-04-13,NO
864,36787,37490,607.31,completed,online,2025-04-13,NO
3198,17370,37643,1805.63,failed,online,2025-04-13,NO
2193,31007,39805,1812.6,failed,online,2025-04-13,NO
361,38295,40366,1767.74,failed,online,2025-04-13,NO
3204,16407,41600,1417.91,failed,online,2025-04-13,NO
2392,35442,41886,563.22,completed,online,2025-04-13,NO
1601,38003,47962,1723.76,failed,online,2025-04-13,NO
4906,20659,49720,106.24,failed,online,2025-04-13,NO
3529,31515,50060,1153.07,completed,online,2025-04-13,NO
3863,37890,50482,756.46,failed,online,2025-04-13,NO
1,5278,50744,1371.91,failed,online,2025-04-13,NO
626,42161,51016,46.64,completed,online,2025-04-13,NO
1,39748,56711,132.84,completed,online,2025-04-13,NO
1,25289,56801,172.77,failed,online,2025-04-13,NO
4300,24042,57452,1680.19,failed,online,2025-04-13,NO
876,45442,60186,276.79,completed,online,2025-04-13,NO
1,24760,61704,447.37,completed,online,2025-04-13,NO
313,43883,61965,968.12,completed,online,2025-04-13,NO
2401,8272,62232,836.04,failed,online,2025-04-13,NO
1691,6409,63581,1728.05,completed,online,2025-04-13,NO
1,19594,66476,62.13,completed,online,2025-04-13,NO
2710,3767,71583,1274.78,failed,online,2025-04-13,NO
2390,33249,73062,1404.87,completed,online,2025-04-13,NO
1483,13277,73940,1725.97,failed,online,2025-04-13,NO
188,13291,76785,1429.23,failed,online,2025-04-13,NO
2025,23236,84212,1051.02,completed,online,2025-04-13,NO
3160,47052,84416,363.49,completed,online,2025-04-13,NO
2970,3118,86565,125.06,completed,online,2025-04-13,NO
3822,4228,91823,1142.67,completed,online,2025-04-13,NO
2000,12230,95730,1787.59,completed,online,2025-04-13,NO
4348,1821,101826,1916.16,completed,online,2025-04-13,NO
1954,30537,106186,1671.23,failed,online,2025-04-13,NO
3707,36205,106240,374.18,completed,online,2025-04-13,NO
1,37727,107211,698.38,failed,online,2025-04-13,NO
3010,30563,109787,724.56,failed,online,2025-04-13,NO
3924,6628,110569,741.66,failed,online,2025-04-13,NO
2653,35212,112364,479.74,failed,online,2025-04-13,NO
3478,13660,112711,1513.51,completed,online,2025-04-13,NO
1017,47094,114442,1143.09,failed,online,2025-04-13,NO
1854,20595,117307,779.37,completed,online,2025-04-13,NO
1,36909,124995,1351.02,failed,online,2025-04-13,NO
1,27999,126544,1572.84,completed,online,2025-04-13,NO
3473,17101,127585,1737.93,failed,online,2025-04-13,NO
4924,46317,134352,661.28,failed,online,2025-04-13,NO
896,12201,134802,1858.5,completed,online,2025-04-13,NO
2501,42846,135677,1333.88,failed,online,2025-04-13,NO
1,5070,135703,177.41,completed,online,2025-04-13,NO
1,29071,135840,1766.14,completed,online,2025-04-13,NO
1,18481,138034,1313.72,failed,online,2025-04-13,NO
3473,45474,139259,1147.06,failed,online,2025-04-13,NO
237,12552,140549,992.91,completed,online,2025-04-13,NO
1,4415,143148,312.87,completed,online,2025-04-13,NO
2316,21638,143288,1682.27,failed,online,2025-04-13,NO
1,15885,143913,587.0,completed,online,2025-04-13,NO
1865,25200,147666,562.41,completed,online,2025-04-13,NO
1,30590,148660,1696.32,failed,online,2025-04-13,NO
4069,21996,149398,1221.73,failed,online,2025-04-13,NO
3774,47435,2085,1530.24,failed,online,2025-07-26,NO
3040,25636,3484,904.59,completed,online,2025-07-26,NO
3018,6617,3969,522.35,completed,online,2025-07-26,NO
2983,24407,10975,664.63,failed,online,2025-07-26,NO
3659,4923,14217,1986.25,completed,online,2025-07-26,NO
2363,27634,14610,714.82,completed,online,2025-07-26,NO
1600,41937,17066,1735.09,completed,online,2025-07-26,NO
2479,3555,17384,725.53,completed,online,2025-07-26,NO
365,34088,25264,273.3,completed,online,2025-07-26,NO
3659,1372,26721,92.89,failed,online,2025-07-26,NO
4906,41030,31017,150.46,failed,online,2025-07-26,NO
1,12515,32910,471.03,failed,online,2025-07-26,NO
4913,45378,34698,330.23,failed,online,2025-07-26,NO
1,10739,37353,182.11,completed,online,2025-07-26,NO
239,44017,38303,1235.29,completed,online,2025-07-26,NO
482,28234,40531,1456.9,failed,online,2025-07-26,NO
2037,24460,45757,710.87,completed,online,2025-07-26,NO
633,23804,48948,1649.36,failed,online,2025-07-26,NO
1,32424,56319,650.99,failed,online,2025-07-26,NO
3139,23612,58863,709.04,failed,online,2025-07-26,NO
4557,48761,58900,1315.81,completed,online,2025-07-26,NO
1,25371,60457,1525.59,completed,online,2025-07-26,NO
1765,23272,64969,1975.76,completed,online,2025-07-26,NO
996,12597,67947,216.87,failed,online,2025-07-26,NO
2234,18375,70025,823.11,failed,online,2025-07-26,NO
1,1197,70307,108.46,completed,online,2025-07-26,NO
1,33276,75711,22.12,failed,online,2025-07-26,NO
1,39196,76595,1941.06,failed,online,2025-07-26,NO
3182,23177,77625,1176.41,failed,online,2025-07-26,NO
636,23093,81554,681.36,completed,online,2025-07-26,NO
1,609,81702,1910.08,completed,online,2025-07-26,NO
3118,46686,84795,1828.07,completed,online,2025-07-26,NO
3225,35638,87209,1875.72,completed,online,2025-07-26,NO
2015,10640,90701,732.69,completed,online,2025-07-26,NO
1,16415,90883,1559.09,completed,online,2025-07-26,NO
2132,18550,91300,1052.86,completed,online,2025-07-26,NO
1,25840,93208,1440.76,completed,online,2025-07-26,NO
2398,17221,93422,676.22,completed,online,2025-07-26,NO
50,24518,94090,1577.3,completed,online,2025-07-26,NO
4091,14720,94230,649.18,completed,online,2025-07-26,NO
2952,19206,94685,618.09,failed,online,2025-07-26,NO
3970,30238,95904,918.64,completed,online,2025-07-26,NO
1355,29601,96464,115.74,failed,online,2025-07-26,NO
1,33661,97631,490.31,completed,online,2025-07-26,NO
1,36881,97651,1142.67,completed,online,2025-07-26,NO
2253,6314,100650,1114.56,completed,UNKNOWN,2025-07-26,NO
3488,7894,103267,1188.35,failed,online,2025-07-26,NO
2573,39430,103643,1140.72,failed,online,2025-07-26,NO
1587,18441,104668,1372.26,completed,online,2025-07-26,NO
4561,28068,106985,494.83,completed,online,2025-07-26,NO
3246,44160,107351,1061.42,failed,online,2025-07-26,NO
1297,33543,108472,1711.24,completed,online,2025-07-26,NO
2895,5006,109334,1459.88,failed,online,2025-07-26,NO
4959,3072,109948,104.84,completed,online,2025-07-26,NO
3069,3189,110709,963.44,completed,online,2025-07-26,NO
3285,10947,111083,866.61,failed,online,2025-07-26,NO
4600,26832,111126,1869.23,completed,online,2025-07-26,NO
765,12486,115593,1670.71,completed,online,2025-07-26,NO
3945,13946,116735,313.46,failed,online,2025-07-26,NO
3958,11001,119060,1671.98,completed,online,2025-07-26,NO
2413,14692,119397,316.59,completed,online,2025-07-26,NO
1,21778,121721,400.76,completed,online,2025-07-26,NO
3931,37245,122294,1816.12,failed,online,2025-07-26,NO
1,21181,123678,1830.57,completed,online,2025-07-26,NO
1,46866,124282,693.17,completed,online,2025-07-26,NO
813,30843,125112,804.97,completed,UNKNOWN,2025-07-26,NO
2687,35371,127095,234.32,completed,online,2025-07-26,NO
3800,21380,128969,1716.26,failed,online,2025-07-26,NO
4481,16047,131008,259.07,failed,online,2025-07-26,NO
3190,2133,131424,1869.47,completed,online,2025-07-26,NO
2525,1417,132417,130.43,completed,online,2025-07-26,NO
1,11896,134086,129.25,completed,online,2025-07-26,NO
3247,45831,134625,776.32,failed,online,2025-07-26,NO
1459,13322,136866,1409.75,failed,online,2025-07-26,NO
3123,1711,137227,1545.88,completed,online,2025-07-26,NO
4536,31394,137279,1037.06,failed,online,2025-07-26,NO
569,41913,139237,1817.32,completed,online,2025-07-26,NO
1,16393,139595,995.48,failed,online,2025-07-26,NO
1653,12482,147361,537.37,failed,online,2025-07-26,NO
1379,8051,907,1725.35,failed,online,2025-11-13,NO
2516,42053,967,6477.555225096912,completed,online,2025-11-13,NO
1200,18911,5263,1961.06,completed,online,2025-11-13,NO
4763,22405,8100,492.09,failed,online,2025-11-13,NO
1783,44514,11465,1186.11,failed,online,2025-11-13,NO
1,13860,12268,1151.79,completed,online,2025-11-13,NO
3186,23021,14119,1722.15,failed,online,2025-11-13,NO
3976,37131,14233,1284.05,completed,online,2025-11-13,NO
3782,32720,15771,1083.37,completed,online,2025-11-13,NO
50,26227,16368,1746.68,failed,online,2025-11-13,NO
3795,37048,16808,1651.69,completed,online,2025-11-13,NO
4112,35590,17921,1233.36,failed,online,2025-11-13,NO
4713,23852,20227,987.71,completed,online,2025-11-13,NO
3653,32303,23458,919.62,failed,online,2025-11-13,NO
2790,35662,23816,191.54,completed,online,2025-11-13,NO
1,48600,24859,27.07,failed,online,2025-11-13,NO
2058,35899,27235,1900.79,failed,online,2025-11-13,NO
4058,3475,27569,808.48,completed,online,2025-11-13,NO
1284,15890,28211,71.98,failed,online,2025-11-13,NO
3343,19293,28260,1705.9,completed,online,2025-11-13,NO
2211,33747,28914,277.81,failed,online,2025-11-13,NO
1,38694,31300,67.03,failed,online,2025-11-13,NO
4101,15412,35137,26.75,completed,online,2025-11-13,NO
1,24998,38238,133.75,completed,UNKNOWN,2025-11-13,NO
4245,44045,49546,1250.68,failed,UNKNOWN,2025-11-13,NO
1,34656,50528,1545.67,completed,online,2025-11-13,NO
5000,2622,54118,970.65,failed,online,2025-11-13,NO
1,19610,57548,803.52,failed,online,2025-11-13,NO
3372,18630,57863,637.33,failed,online,2025-11-13,NO
524,10738,57976,297.08,completed,online,2025-11-13,NO
3692,41903,59551,529.35,completed,online,2025-11-13,NO
2193,34981,59719,1537.36,completed,online,2025-11-13,NO
115,39911,62224,341.59,completed,online,2025-11-13,NO
1758,43609,63343,1371.97,failed,online,2025-11-13,NO
3794,45022,64722,1091.91,failed,online,2025-11-13,NO
4827,10332,68988,743.93,failed,online,2025-11-13,NO
637,16269,71884,447.7,completed,online,2025-11-13,NO
4814,18610,74005,1177.35,failed,UNKNOWN,2025-11-13,NO
511,9449,75432,495.08,failed,online,2025-11-13,NO
1,39868,77468,977.14,completed,online,2025-11-13,NO
4257,48453,77748,1788.37,failed,online,2025-11-13,NO
144,19316,78697,678.82,completed,online,2025-11-13,NO
4294,3767,78758,1995.84,failed,online,2025-11-13,NO
4796,43140,81809,1512.74,completed,online,2025-11-13,NO
1,39234,83310,56.18,failed,online,2025-11-13,NO
2436,14318,85267,76.96,failed,online,2025-11-13,NO
3180,11346,86258,1069.97,completed,online,2025-11-13,NO
3157,24774,86418,44.39,completed,online,2025-11-13,NO
2207,681,86899,1019.43,completed,online,2025-11-13,NO
745,45891,87359,1115.61,failed,online,2025-11-13,NO
1040,45881,88302,956.51,completed,online,2025-11-13,NO
1,39714,88576,810.88,completed,online,2025-11-13,NO
2539,21077,90551,573.11,failed,online,2025-11-13,NO
579,27740,90782,258.61,failed,online,2025-11-13,NO
1,43607,90894,792.23,failed,online,2025-11-13,NO
790,36383,97893,1684.42,failed,online,2025-11-13,NO
682,15455,102465,521.66,failed,online,2025-11-13,NO
1,19936,104002,855.72,completed,online,2025-11-13,NO
1,7962,104797,1663.54,failed,online,2025-11-13,NO
1,11161,108174,1798.45,completed,online,2025-11-13,NO
3764,2553,108281,1700.67,failed,online,2025-11-13,NO
493,35707,108996,759.45,completed,online,2025-11-13,NO
3085,26962,110278,1250.09,completed,online,2025-11-13,NO
1,8180,114705,170.21,completed,online,2025-11-13,NO
4690,5580,117980,585.75,completed,online,2025-11-13,NO
2147,5722,119269,668.13,failed,online,2025-11-13,NO
2330,15729,120202,393.91,failed,UNKNOWN,2025-11-13,NO
1,23983,120763,1794.03,completed,online,2025-11-13,NO
4245,33251,120927,1998.35,completed,online,2025-11-13,NO
1,15305,125618,193.08,failed,online,2025-11-13,NO
2726,8428,127206,1948.04,failed,online,2025-11-13,NO
1,43365,129267,1332.45,completed,online,2025-11-13,NO
1,37975,129354,1197.36,completed,online,2025-11-13,NO
1543,28567,129390,1866.81,failed,online,2025-11-13,NO
2999,8110,129971,1010.97,failed,online,2025-11-13,NO
2319,40067,131262,71.76,completed,online,2025-11-13,NO
1870,42718,139502,1589.82,completed,online,2025-11-13,NO
1,23010,145972,1929.92,completed,online,2025-11-13,NO
3441,33615,146572,519.1,completed,online,2025-11-13,NO
1,5782,147385,226.04,failed,online,2025-11-13,NO
3611,3502,722,1442.42,completed,online,2025-04-26,NO
1,15936,3883,1348.0,failed,online,2025-04-26,NO
1531,48420,4375,938.65,failed,online,2025-04-26,NO
346,26588,5519,497.53,completed,online,2025-04-26,NO
1,27371,8052,742.79,completed,online,2025-04-26,NO
3375,48970,8097,216.4,failed,online,2025-04-26,NO
3197,8615,9543,1974.0,failed,online,2025-04-26,NO
3254,49410,9808,1563.57,failed,online,2025-04-26,NO
1716,5690,10513,1732.51,failed,online,2025-04-26,NO
931,47327,13382,861.78,completed,online,2025-04-26,NO
1322,34208,14543,32.83,failed,online,2025-04-26,NO
4057,29140,15900,1390.86,completed,UNKNOWN,2025-04-26,NO
1,48265,18892,633.28,completed,online,2025-04-26,NO
796,19399,27624,658.14,completed,online,2025-04-26,NO
4008,40555,37711,458.84,completed,online,2025-04-26,NO
1,373,37785,63.91,completed,online,2025-04-26,NO
4236,2727,40354,1121.24,completed,UNKNOWN,2025-04-26,NO
676,32791,40815,315.99,completed,online,2025-04-26,NO
4047,39766,45236,1348.97,failed,online,2025-04-26,NO
798,1476,45557,236.83,completed,online,2025-04-26,NO
1683,11831,45579,1676.74,completed,UNKNOWN,2025-04-26,NO
218,31635,46023,1107.85,failed,online,2025-04-26,NO
1,33729,46537,506.48,completed,online,2025-04-26,NO
1,27016,47552,1836.52,failed,online,2025-04-26,NO
3348,21825,50234,1257.41,completed,online,2025-04-26,NO
2736,48687,51833,555.15,completed,online,2025-04-26,NO
3621,21214,53472,1590.83,failed,online,2025-04-26,NO
329,18179,54364,76.17,failed,online,2025-04-26,NO
3938,20524,55829,730.79,completed,online,2025-04-26,NO
1,18756,58501,508.78,failed,online,2025-04-26,NO
1,16,59347,1233.39,failed,UNKNOWN,2025-04-26,NO
663,2065,59400,592.98,failed,online,2025-04-26,NO
2150,4036,60604,1320.4,completed,online,2025-04-26,NO
312,7238,62692,1801.6,failed,online,2025-04-26,NO
2237,32849,64485,556.91,completed,online,2025-04-26,NO
4169,1877,64833,1451.3,failed,online,2025-04-26,NO
3116,14208,67007,1645.36,completed,online,2025-04-26,NO
1829,26417,77439,754.77,completed,online,2025-04-26,NO
231,29473,79866,1562.75,completed,online,2025-04-26,NO
4473,38807,80576,1512.19,completed,online,2025-04-26,NO
1,9049,82688,40.27,completed,online,2025-04-26,NO
3824,35225,83668,251.24,completed,online,2025-04-26,NO
2291,44150,84358,1493.02,failed,online,2025-04-26,NO
4870,42274,85721,462.98,failed,online,2025-04-26,NO
4057,42184,87053,1733.04,completed,online,2025-04-26,NO
149,31317,88098,822.92,failed,online,2025-04-26,NO
1,7134,89638,801.77,completed,online,2025-04-26,NO
4131,23229,89815,908.85,completed,online,2025-04-26,NO
3515,45300,90547,1153.98,failed,online,2025-04-26,NO
1116,36040,90852,5704.132093859902,failed,online,2025-04-26,NO
1536,35348,91027,1091.87,failed,online,2025-04-26,NO
1,49449,95571,5432.920466937902,failed,online,2025-04-26,NO
642,5173,96684,1351.45,failed,online,2025-04-26,NO
2341,44687,97427,310.69,completed,online,2025-04-26,NO
1730,27955,97472,498.82,completed,online,2025-04-26,NO
4492,10039,100205,1630.91,failed,online,2025-04-26,NO
3286,2048,108746,1618.13,completed,online,2025-04-26,NO
1539,47542,109795,1507.65,failed,online,2025-04-26,NO
3762,25318,110022,1007.15,failed,online,2025-04-26,NO
1,10037,114370,97.18,failed,online,2025-04-26,NO
1862,7360,115467,1176.24,failed,online,2025-04-26,NO
403,40382,116327,268.53,failed,online,2025-04-26,NO
4887,48400,118232,1988.36,failed,online,2025-04-26,NO
3345,3629,118388,850.65,failed,online,2025-04-26,NO
2085,49530,118742,321.94,failed,online,2025-04-26,NO
2481,37390,120729,774.39,failed,online,2025-04-26,NO
70,19494,121569,426.52,completed,online,2025-04-26,NO
737,36917,121621,1719.27,failed,online,2025-04-26,NO
1,11669,121920,555.36,completed,online,2025-04-26,NO
1,37301,127324,1170.53,completed,online,2025-04-26,NO
4122,43916,128087,1029.44,failed,online,2025-04-26,NO
1076,19196,129811,873.39,completed,online,2025-04-26,NO
702,2318,130942,295.47,completed,online,2025-04-26,NO
3506,22392,134304,585.03,failed,online,2025-04-26,NO
4203,27633,138614,965.38,failed,online,2025-04-26,NO
2414,10352,139174,1307.24,failed,online,2025-04-26,NO
4040,30562,140136,1189.83,failed,online,2025-04-26,NO
1,46626,143356,1661.16,completed,online,2025-04-26,NO
1,7673,145694,383.63,completed,online,2025-04-26,NO
1,22561,146320,343.98,failed,online,2025-04-26,NO
1,36667,819,1346.43,completed,online,2025-07-18,NO
2411,14234,1967,1841.13,completed,online,2025-07-18,NO
1996,1003,2512,188.42,completed,UNKNOWN,2025-07-18,NO
1397,9888,2567,1588.12,completed,UNKNOWN,2025-07-18,NO
3939,17556,4571,592.5,failed,online,2025-07-18,NO
3251,14658,8398,876.35,completed,online,2025-07-18,NO
2305,29564,8971,485.27,failed,online,2025-07-18,NO
2780,17565,9805,1129.5,completed,online,2025-07-18,NO
3760,10760,11182,380.67,failed,online,2025-07-18,NO
5,43576,12303,919.29,failed,online,2025-07-18,NO
931,47317,12676,1318.82,completed,online,2025-07-18,NO
1859,1311,14627,100.91,failed,online,2025-07-18,NO
1086,27862,14897,1115.09,failed,online,2025-07-18,NO
1896,25482,15210,1210.46,failed,online,2025-07-18,NO
4528,10650,15679,1388.89,completed,online,2025-07-18,NO
1537,12583,16091,1732.35,failed,online,2025-07-18,NO
1,23052,16898,703.71,failed,online,2025-07-18,NO
1167,31831,20357,232.26,failed,online,2025-07-18,NO
3636,46854,23849,669.88,completed,online,2025-07-18,NO
2848,9530,32990,912.31,failed,online,2025-07-18,NO
4334,10086,36718,1797.52,failed,online,2025-07-18,NO
2699,22085,38080,240.7,failed,online,2025-07-18,NO
4833,41195,40302,180.96,failed,online,2025-07-18,NO
2732,28725,44558,1316.35,completed,online,2025-07-18,NO
2398,19463,46940,364.81,failed,online,2025-07-18,NO
1722,30901,48680,553.42,completed,online,2025-07-18,NO
4339,12183,50873,357.25,failed,online,2025-07-18,NO
123,39467,50977,1008.64,completed,online,2025-07-18,NO
607,44848,52196,240.27,completed,online,2025-07-18,NO
761,42797,55092,910.3,failed,online,2025-07-18,NO
871,11678,55285,609.75,failed,online,2025-07-18,NO
2986,17304,55756,35.78,completed,online,2025-07-18,NO
1504,15022,57822,1048.36,completed,online,2025-07-18,NO
1,19121,60698,1994.78,completed,online,2025-07-18,NO
2548,30039,62281,1394.42,failed,online,2025-07-18,NO
1,10809,65033,912.39,completed,online,2025-07-18,NO
2393,13074,66585,578.2,failed,online,2025-07-18,NO
3956,950,68961,830.82,failed,online,2025-07-18,NO
1,296,69173,1286.42,failed,online,2025-07-18,NO
1,21895,69206,1874.76,failed,UNKNOWN,2025-07-18,NO
4508,13908,70150,1469.85,completed,online,2025-07-18,NO
2207,46262,70737,1958.28,failed,online,2025-07-18,NO
1618,21111,74369,1948.08,failed,online,2025-07-18,NO
1853,2779,74570,381.7,completed,online,2025-07-18,NO
1,20755,75419,126.3,failed,online,2025-07-18,NO
1638,27665,77867,963.3,completed,online,2025-07-18,NO
2645,47470,78793,681.51,failed,online,2025-07-18,NO
1619,28616,79097,673.3,failed,online,2025-07-18,NO
1,42636,80506,615.79,failed,online,2025-07-18,NO
1,35751,81182,870.12,failed,online,2025-07-18,NO
157,19236,81455,1284.17,completed,online,2025-07-18,NO
3667,46655,83333,5936.696149382547,completed,online,2025-07-18,NO
3978,43593,84726,453.62,failed,online,2025-07-18,NO
1249,3979,89301,501.85,failed,online,2025-07-18,NO
763,40557,90411,24.34,completed,online,2025-07-18,NO
3653,45782,90832,265.08,completed,online,2025-07-18,NO
1299,8786,91745,563.3,failed,online,2025-07-18,NO
3836,26401,93086,161.8,failed,online,2025-07-18,NO
3811,35309,95090,6857.350353459016,failed,online,2025-07-18,NO
4460,30755,96539,900.24,completed,online,2025-07-18,NO
4513,35448,97493,1421.24,completed,online,2025-07-18,NO
4810,40949,103236,1509.81,failed,online,2025-07-18,NO
1422,24487,103301,563.24,failed,online,2025-07-18,NO
3844,27898,115377,653.51,failed,online,2025-07-18,NO
2661,36314,119587,470.3,completed,online,2025-07-18,NO
2429,6385,121671,449.4,completed,online,2025-07-18,NO
514,7110,123295,891.47,completed,online,2025-07-18,NO
1,22983,123399,1687.39,failed,online,2025-07-18,NO
200,30487,130177,1981.56,completed,online,2025-07-18,NO
3566,8748,132468,626.49,completed,online,2025-07-18,NO
2249,32128,133183,183.72,completed,online,2025-07-18,NO
1,30835,133803,119.81,failed,online,2025-07-18,NO
1,7229,135809,454.17,failed,online,2025-07-18,NO
3724,46674,136495,1001.42,failed,online,2025-07-18,NO
834,38231,139693,1377.45,completed,online,2025-07-18,NO
3534,38416,140675,1979.77,completed,online,2025-07-18,NO
1600,15818,141392,1587.46,completed,online,2025-07-18,NO
248,5225,141699,103.41,failed,online,2025-07-18,NO
1838,24289,142918,1717.75,failed,online,2025-07-18,NO
1829,5126,143607,1074.66,completed,online,2025-07-18,NO
1,5642,141,491.39,failed,online,2025-01-11,NO
3485,32184,1319,443.13,failed,online,2025-01-11,NO
1916,48461,1333,376.24,completed,online,2025-01-11,NO
2514,32626,1511,1050.31,completed,online,2025-01-11,NO
1,47484,1784,1241.27,completed,online,2025-01-11,NO
1,1588,2816,1975.14,completed,online,2025-01-11,NO
2364,29185,3106,1047.11,failed,online,2025-01-11,NO
1,28202,4392,1015.53,failed,online,2025-01-11,NO
911,48797,7900,1716.97,failed,online,2025-01-11,NO
1363,1869,8717,1589.23,completed,online,2025-01-11,NO
221,9638,9956,1352.25,failed,online,2025-01-11,NO
2018,38415,12508,791.79,failed,online,2025-01-11,NO
616,32433,13241,798.93,failed,online,2025-01-11,NO
1,27005,15591,1303.55,failed,online,2025-01-11,NO
2596,23278,21235,811.56,completed,online,2025-01-11,NO
1867,4969,22087,1431.55,failed,online,2025-01-11,NO
4292,19704,22508,1531.68,completed,online,2025-01-11,NO
4182,44509,25896,1306.75,completed,online,2025-01-11,NO
4250,20066,26150,482.65,failed,online,2025-01-11,NO
4497,25988,30622,1767.79,completed,online,2025-01-11,NO
3265,30349,32059,837.96,failed,online,2025-01-11,NO
4950,1824,36291,828.16,failed,online,2025-01-11,NO
4200,22199,39089,399.21,failed,online,2025-01-11,NO
1,20349,39524,152.48,completed,online,2025-01-11,NO
3550,37709,40170,503.38,completed,online,2025-01-11,NO
1,8594,41082,1536.51,completed,online,2025-01-11,NO
3347,14694,41912,527.42,completed,online,2025-01-11,NO
1005,36945,43514,1516.01,completed,online,2025-01-11,NO
1,17237,44396,98.14,failed,online,2025-01-11,NO
1650,12764,45753,1051.88,failed,online,2025-01-11,NO
1259,49201,47382,923.95,failed,online,2025-01-11,NO
2498,10178,49682,869.42,failed,online,2025-01-11,NO
3165,29100,50800,523.76,failed,online,2025-01-11,NO
1,31219,53793,1373.01,completed,online,2025-01-11,NO
1,38980,53835,1060.47,completed,online,2025-01-11,NO
666,38431,54917,1635.84,failed,online,2025-01-11,NO
263,25366,57492,966.69,completed,online,2025-01-11,NO
1091,16647,61466,280.43,completed,online,2025-01-11,NO
1129,47128,62638,1483.35,completed,online,2025-01-11,NO
851,19201,63993,499.34,completed,online,2025-01-11,NO
1,25893,65471,1099.34,completed,online,2025-01-11,NO
1672,30200,65623,668.3,completed,online,2025-01-11,NO
403,33034,68425,459.62,completed,online,2025-01-11,NO
1,12923,75462,549.44,completed,online,2025-01-11,NO
1611,8559,76130,1937.34,failed,online,2025-01-11,NO
2816,29351,76562,1883.57,completed,online,2025-01-11,NO
1744,42980,77776,281.83,completed,online,2025-01-11,NO
4727,2340,79017,1948.68,failed,online,2025-01-11,NO
2221,39750,81495,1003.43,completed,online,2025-01-11,NO
2138,23511,81671,1955.86,failed,online,2025-01-11,NO
659,15382,82962,1023.35,failed,online,2025-01-11,NO
332,12104,83700,855.5,failed,online,2025-01-11,NO
1820,35506,87636,924.09,completed,online,2025-01-11,NO
1779,6714,90577,1310.36,failed,online,2025-01-11,NO
1699,37698,93073,1956.38,failed,online,2025-01-11,NO
1,36176,95551,1766.29,failed,online,2025-01-11,NO
1,20248,98350,611.72,failed,online,2025-01-11,NO
3865,41658,99045,1321.05,failed,online,2025-01-11,NO
1283,39498,101285,1088.17,completed,online,2025-01-11,NO
1,5649,101492,493.94,completed,online,2025-01-11,NO
2234,47950,106754,543.99,completed,online,2025-01-11,NO
1,22180,110523,452.74,completed,online,2025-01-11,NO
4317,4567,111588,52.3,completed,online,2025-01-11,NO
4887,35728,112382,127.64,completed,online,2025-01-11,NO
2332,19911,112709,734.69,completed,online,2025-01-11,NO
1,31830,115888,5592.407657931462,completed,online,2025-01-11,NO
1,23612,123981,1235.32,failed,online,2025-01-11,NO
1566,16730,124643,1696.0,failed,online,2025-01-11,NO
2930,39464,128862,1227.32,failed,online,2025-01-11,NO
912,1599,129124,1576.19,failed,online,2025-01-11,NO
2482,23157,133102,999.96,completed,online,2025-01-11,NO
2152,33718,133924,439.99,failed,online,2025-01-11,NO
4061,1669,137012,771.77,completed,online,2025-01-11,NO
293,19279,138735,1423.83,completed,online,2025-01-11,NO
2834,20289,139219,124.45,failed,online,2025-01-11,NO
1421,39812,139878,84.04,failed,online,2025-01-11,NO
3058,12509,140320,368.19,completed,online,2025-01-11,NO
2459,31845,144379,237.87,failed,online,2025-01-11,NO
1,31697,146646,1919.96,completed,online,2025-01-11,NO
536,4594,149793,1292.51,failed,online,2025-01-11,NO
4541,31061,663,966.75,completed,online,2025-04-23,NO
1712,16259,3703,1636.51,completed,online,2025-04-23,NO
2526,3665,4568,1139.49,completed,online,2025-04-23,NO
1,41666,6157,998.37,failed,online,2025-04-23,NO
1,10160,6887,454.29,failed,online,2025-04-23,NO
1,25978,7607,772.98,failed,online,2025-04-23,NO
2097,17034,9957,1289.87,completed,UNKNOWN,2025-04-23,NO
3043,38301,12103,837.21,failed,online,2025-04-23,NO
1,13539,13195,485.23,failed,online,2025-04-23,NO
1,49442,14327,300.25,completed,online,2025-04-23,NO
1,38982,14365,139.75,completed,online,2025-04-23,NO
932,3868,15004,749.6,completed,online,2025-04-23,NO
3228,38779,15138,1139.64,failed,online,2025-04-23,NO
3363,39479,23854,961.7,completed,online,2025-04-23,NO
1,12082,23877,552.82,failed,online,2025-04-23,NO
3073,15647,24200,1044.83,completed,online,2025-04-23,NO
2447,25316,24813,785.04,completed,online,2025-04-23,NO
1378,30912,25796,1551.66,completed,online,2025-04-23,NO
2102,10636,26376,1495.33,failed,online,2025-04-23,NO
3196,31059,27994,1290.84,completed,online,2025-04-23,NO
1,42791,33922,1409.52,completed,UNKNOWN,2025-04-23,NO
1499,28326,36724,1511.47,failed,online,2025-04-23,NO
1,41862,37209,1970.19,completed,online,2025-04-23,NO
2844,49135,37755,1321.68,failed,online,2025-04-23,NO
4663,22354,37950,1424.92,completed,online,2025-04-23,NO
3099,19456,44971,170.16,failed,online,2025-04-23,NO
2978,5907,45789,1360.06,completed,online,2025-04-23,NO
377,32186,50190,200.95,completed,online,2025-04-23,NO
1,15799,50754,1631.14,failed,online,2025-04-23,NO
1,37493,52550,516.07,completed,online,2025-04-23,NO
1463,29686,55011,1350.79,failed,online,2025-04-23,NO
1,9573,55639,1994.91,completed,online,2025-04-23,NO
1,4234,59527,1289.35,completed,online,2025-04-23,NO
783,14979,60862,156.24,completed,online,2025-04-23,NO
2200,9656,62381,1226.24,failed,online,2025-04-23,NO
1350,25075,69013,221.66,completed,online,2025-04-23,NO
3977,3081,69642,1925.16,failed,online,2025-04-23,NO
4908,23294,71818,1796.66,completed,online,2025-04-23,NO
48,48296,73095,696.64,completed,online,2025-04-23,NO
2612,43351,74250,759.72,failed,online,2025-04-23,NO
3083,11887,74948,131.7,completed,online,2025-04-23,NO
1783,29210,75888,338.2,failed,online,2025-04-23,NO
614,24124,77640,679.44,completed,online,2025-04-23,NO
4161,4283,78377,1567.15,completed,online,2025-04-23,NO
4505,41533,79254,45.49,completed,online,2025-04-23,NO
597,17180,80279,1496.86,failed,online,2025-04-23,NO
1,21499,82945,135.89,completed,online,2025-04-23,NO
3384,31612,83082,1011.48,failed,online,2025-04-23,NO
385,4373,83097,1094.27,failed,online,2025-04-23,NO
1,37967,85007,216.32,completed,UNKNOWN,2025-04-23,NO
830,32571,85656,1722.19,completed,online,2025-04-23,NO
1,40710,93759,126.62,completed,online,2025-04-23,NO
2411,34320,93903,1569.36,completed,online,2025-04-23,NO
1,31626,98096,536.24,completed,online,2025-04-23,NO
291,18222,98767,408.37,failed,online,2025-04-23,NO
4536,29726,99056,1640.71,failed,online,2025-04-23,NO
707,33253,101129,1717.78,failed,online,2025-04-23,NO
1,853,104653,1751.83,failed,online,2025-04-23,NO
4822,227,108463,1354.49,completed,online,2025-04-23,NO
1743,14276,110032,10.48,failed,online,2025-04-23,NO
969,40139,115834,915.52,completed,online,2025-04-23,NO
3507,3004,119452,1590.87,completed,online,2025-04-23,NO
4572,27789,121588,220.61,failed,online,2025-04-23,NO
2909,30707,123390,918.88,failed,online,2025-04-23,NO
1,19475,124188,1118.35,completed,online,2025-04-23,NO
1,20058,125571,1339.28,failed,online,2025-04-23,NO
1,39058,126705,109.85,failed,online,2025-04-23,NO
3589,846,126735,885.36,completed,online,2025-04-23,NO
3631,15774,128167,766.5,completed,online,2025-04-23,NO
1546,22506,128781,1553.0,failed,online,2025-04-23,NO
4582,20302,128807,75.96,failed,online,2025-04-23,NO
2696,44857,133115,1025.31,failed,online,2025-04-23,NO
3459,10397,135463,219.01,failed,online,2025-04-23,NO
1566,30472,135672,118.73,completed,online,2025-04-23,NO
1108,30911,137816,1828.07,failed,online,2025-04-23,NO
222,46459,138410,1778.02,completed,online,2025-04-23,NO
4991,45627,141650,716.76,completed,UNKNOWN,2025-04-23,NO
1309,16946,143184,482.3,completed,online,2025-04-23,NO
1,12528,147961,1370.02,completed,online,2025-04-23,NO
1691,8885,149777,1105.51,completed,online,2025-04-23,NO
145,23136,2179,1273.92,completed,online,2025-05-18,NO
3373,26360,5622,337.85,completed,online,2025-05-18,NO
1,37102,6315,249.68,failed,online,2025-05-18,NO
1,33934,6444,546.42,failed,online,2025-05-18,NO
1,3891,6943,1923.31,failed,online,2025-05-18,NO
1,5839,13587,1096.16,completed,online,2025-05-18,NO
4495,35544,16087,1371.75,completed,online,2025-05-18,NO
2731,2998,17118,6097.394579109259,completed,online,2025-05-18,NO
2585,43388,22063,1879.76,failed,online,2025-05-18,NO
4274,34484,24360,844.91,failed,online,2025-05-18,NO
3921,28396,24435,1933.93,failed,online,2025-05-18,NO
1,27221,30314,281.28,completed,online,2025-05-18,NO
783,16537,31108,1078.92,completed,online,2025-05-18,NO
2050,41837,31136,31.92,failed,online,2025-05-18,NO
441,18968,32470,589.33,completed,online,2025-05-18,NO
297,21630,33254,945.95,completed,online,2025-05-18,NO
2693,5494,34559,1598.05,failed,online,2025-05-18,NO
3491,49402,40287,1875.41,failed,online,2025-05-18,NO
4893,32670,40779,1961.83,failed,online,2025-05-18,NO
4446,22062,43773,1471.67,failed,online,2025-05-18,NO
2263,48701,45384,1900.25,completed,online,2025-05-18,NO
137,42706,45696,1367.04,failed,online,2025-05-18,NO
1111,25393,47127,733.55,failed,online,2025-05-18,NO
1699,47678,49915,234.16,completed,online,2025-05-18,NO
1636,43578,51930,1267.23,failed,online,2025-05-18,NO
3104,15560,53178,1520.48,completed,online,2025-05-18,NO
4672,23531,55040,1581.6,completed,online,2025-05-18,NO
1,39679,58776,739.51,completed,online,2025-05-18,NO
308,49881,60638,87.88,completed,online,2025-05-18,NO
1,14394,62853,1261.17,completed,online,2025-05-18,NO
4025,45844,63756,815.28,failed,online,2025-05-18,NO
208,3283,73456,647.71,failed,online,2025-05-18,NO
1,40308,73466,949.74,failed,online,2025-05-18,NO
4971,10413,75288,808.39,completed,online,2025-05-18,NO
3927,25844,76445,1109.39,failed,online,2025-05-18,NO
2669,17150,76635,1004.2,failed,online,2025-05-18,NO
619,45963,79139,984.36,completed,online,2025-05-18,NO
4554,35663,79561,1594.29,completed,online,2025-05-18,NO
557,6518,82626,1897.71,completed,online,2025-05-18,NO
4903,27783,83340,876.28,failed,online,2025-05-18,NO
602,6358,86523,1560.92,failed,online,2025-05-18,NO
4227,31470,86599,1805.46,completed,online,2025-05-18,NO
1,29341,88618,1511.87,completed,online,2025-05-18,NO
271,7504,89228,394.34,completed,online,2025-05-18,NO
4054,19410,89851,1522.96,failed,online,2025-05-18,NO
3100,14261,90223,212.88,failed,online,2025-05-18,NO
719,6514,95572,949.22,failed,online,2025-05-18,NO
1,27852,96409,1938.03,completed,online,2025-05-18,NO
2960,41939,97581,1799.24,completed,online,2025-05-18,NO
1226,9384,103016,1349.61,failed,online,2025-05-18,NO
1799,12158,106802,848.19,failed,online,2025-05-18,NO
1,41803,107597,618.15,failed,online,2025-05-18,NO
907,42149,108391,662.42,completed,online,2025-05-18,NO
4362,5681,109457,972.82,failed,online,2025-05-18,NO
1311,46541,109760,498.58,completed,online,2025-05-18,NO
3151,17543,110801,963.44,failed,online,2025-05-18,NO
3731,4615,114964,1857.78,failed,online,2025-05-18,NO
2297,32050,115040,303.45,failed,online,2025-05-18,NO
1,44411,118190,1092.47,failed,online,2025-05-18,NO
4524,8292,119668,1499.6,failed,online,2025-05-18,NO
2804,49747,122075,267.86,failed,online,2025-05-18,NO
777,48806,122343,161.32,completed,online,2025-05-18,NO
540,22961,125443,1520.1,failed,online,2025-05-18,NO
462,8963,126283,1245.73,completed,online,2025-05-18,NO
1640,8646,127408,549.78,completed,online,2025-05-18,NO
1,26798,128569,719.22,completed,online,2025-05-18,NO
2383,10365,128872,22.13,completed,online,2025-05-18,NO
2300,7893,129541,120.17,failed,online,2025-05-18,NO
2378,2989,131292,1647.58,completed,UNKNOWN,2025-05-18,NO
4068,23075,131459,751.47,failed,online,2025-05-18,NO
4279,49753,131556,285.08,failed,online,2025-05-18,NO
3099,1127,135404,1644.34,failed,online,2025-05-18,NO
1,16924,135648,1988.61,completed,online,2025-05-18,NO
1679,1858,136596,1974.83,completed,online,2025-05-18,NO
1,41573,137550,39.13,failed,online,2025-05-18,NO
2763,951,139218,1180.1,completed,online,2025-05-18,NO
1,42235,139669,1405.7,failed,online,2025-05-18,NO
413,24352,141028,659.02,completed,online,2025-05-18,NO
2221,45751,142908,113.61,failed,online,2025-05-18,NO
1,20015,143590,14.19,completed,online,2025-05-18,NO
3289,38500,3226,125.9,failed,online,2026-01-01,NO
2027,36393,3941,1204.9,completed,online,2026-01-01,NO
2601,10343,4547,433.16,completed,online,2026-01-01,NO
1679,10171,4830,100.79,completed,online,2026-01-01,NO
1587,20267,12260,1028.96,completed,online,2026-01-01,NO
4025,15869,14289,596.65,completed,online,2026-01-01,NO
1,10017,15983,1588.35,failed,online,2026-01-01,NO
3803,12520,16352,42.66,failed,online,2026-01-01,NO
4359,23291,17295,315.91,failed,online,2026-01-01,NO
1,45278,23699,658.19,failed,online,2026-01-01,NO
3700,30127,26323,1974.71,completed,online,2026-01-01,NO
582,8231,27054,1988.99,completed,online,2026-01-01,NO
1,48815,27692,221.19,failed,online,2026-01-01,NO
1396,10922,29417,510.45,failed,online,2026-01-01,NO
4059,21518,31398,1651.31,failed,online,2026-01-01,NO
1,30793,32395,1879.51,failed,online,2026-01-01,NO
1,26079,32848,236.05,completed,online,2026-01-01,NO
4469,29526,37328,1524.92,completed,online,2026-01-01,NO
4825,25115,39879,1489.7,completed,online,2026-01-01,NO
3426,35245,41910,1291.17,failed,online,2026-01-01,NO
1,30750,44114,578.82,failed,online,2026-01-01,NO
1,17534,44949,370.21,failed,online,2026-01-01,NO
3857,8136,45634,347.11,failed,online,2026-01-01,NO
1,41362,46106,1659.94,failed,online,2026-01-01,NO
1074,21238,51707,708.11,failed,online,2026-01-01,NO
4082,10691,52620,822.43,failed,online,2026-01-01,NO
1466,24381,52896,1064.28,failed,online,2026-01-01,NO
1,16968,54172,1186.11,completed,online,2026-01-01,NO
1886,19665,54186,738.25,failed,online,2026-01-01,NO
2919,34800,58148,1091.94,failed,online,2026-01-01,NO
4389,47001,63121,1457.58,completed,online,2026-01-01,NO
3024,30339,66964,281.19,failed,online,2026-01-01,NO
2098,39082,68911,108.87,failed,online,2026-01-01,NO
3887,30632,75185,326.16,completed,online,2026-01-01,NO
1,47555,76753,1219.25,failed,online,2026-01-01,NO
2830,48441,76980,1948.47,failed,online,2026-01-01,NO
4865,21534,77912,958.21,failed,online,2026-01-01,NO
2392,20824,78909,561.17,completed,online,2026-01-01,NO
1,49515,83291,1686.18,completed,UNKNOWN,2026-01-01,NO
1,5989,84115,1758.5,failed,online,2026-01-01,NO
1610,14480,85454,1638.44,failed,online,2026-01-01,NO
1820,41821,87372,23.93,failed,online,2026-01-01,NO
205,47870,88941,1382.76,completed,online,2026-01-01,NO
4698,15997,89377,409.08,completed,online,2026-01-01,NO
1,31351,89629,5443.654452167816,failed,online,2026-01-01,NO
1,23783,92183,589.21,completed,UNKNOWN,2026-01-01,NO
2869,27219,92188,1034.52,completed,online,2026-01-01,NO
692,6807,93250,1840.21,completed,online,2026-01-01,NO
1,8498,95516,749.6,failed,online,2026-01-01,NO
4469,36081,95838,300.73,completed,online,2026-01-01,NO
2503,26652,97323,756.71,failed,online,2026-01-01,NO
4897,20264,103997,1673.57,failed,online,2026-01-01,NO
2954,45190,105288,1246.8,failed,online,2026-01-01,NO
3383,48000,107795,787.53,completed,online,2026-01-01,NO
4417,49077,107959,1890.72,completed,online,2026-01-01,NO
3098,39504,109290,149.88,failed,online,2026-01-01,NO
1,48929,109302,1804.2,completed,online,2026-01-01,NO
1701,17228,109790,921.62,failed,online,2026-01-01,NO
925,25611,112826,1674.72,failed,online,2026-01-01,NO
2284,38470,113422,1764.48,completed,online,2026-01-01,NO
3556,39335,115373,679.92,failed,online,2026-01-01,NO
2795,17614,116942,1864.24,failed,online,2026-01-01,NO
922,37664,118154,1091.43,completed,online,2026-01-01,NO
1,10374,122374,785.05,completed,online,2026-01-01,NO
3948,46682,126335,616.93,failed,online,2026-01-01,NO
1,30377,129491,1261.94,completed,online,2026-01-01,NO
1951,28602,132210,1540.9,completed,online,2026-01-01,NO
1,19430,136045,773.29,failed,online,2026-01-01,NO
1806,42349,137508,1381.21,failed,online,2026-01-01,NO
2155,2080,139288,870.36,failed,online,2026-01-01,NO
1399,45889,141567,1125.83,failed,online,2026-01-01,NO
3348,47389,141906,393.03,completed,online,2026-01-01,NO
935,8227,143272,1412.99,completed,online,2026-01-01,NO
1674,30171,143899,1596.63,failed,online,2026-01-01,NO
4122,37198,144307,947.78,failed,online,2026-01-01,NO
4207,1720,145984,714.56,completed,online,2026-01-01,NO
252,46088,146915,910.19,completed,online,2026-01-01,NO
3178,22925,147455,1333.47,failed,online,2026-01-01,NO
1,14675,149280,25.68,completed,online,2026-01-01,NO
1915,9965,149968,874.15,failed,online,2026-01-01,NO
976,33846,242,1017.45,failed,online,2025-08-28,NO
1,33816,755,1460.31,completed,online,2025-08-28,NO
3573,45417,3965,1271.94,failed,online,2025-08-28,NO
4180,1596,5863,337.27,completed,online,2025-08-28,NO
1,2835,8757,899.91,completed,online,2025-08-28,NO
321,49271,8944,1406.91,completed,online,2025-08-28,NO
1,16268,9616,113.42,failed,online,2025-08-28,NO
58,17307,12945,237.17,failed,online,2025-08-28,NO
3498,17719,14711,350.71,failed,online,2025-08-28,NO
3403,45442,17693,806.06,completed,online,2025-08-28,NO
1,12623,19293,527.09,failed,online,2025-08-28,NO
1,27254,20899,1495.64,failed,online,2025-08-28,NO
4846,31052,23098,1242.59,completed,online,2025-08-28,NO
1875,3829,24501,874.86,failed,online,2025-08-28,NO
1625,25411,26925,1818.68,failed,online,2025-08-28,NO
2156,49462,29985,1380.1,completed,online,2025-08-28,NO
1440,23476,31242,748.98,completed,online,2025-08-28,NO
2087,46101,34288,1508.91,completed,online,2025-08-28,NO
3128,32214,35537,1270.94,completed,online,2025-08-28,NO
1660,324,37049,367.35,completed,online,2025-08-28,NO
404,17631,38113,1785.8,completed,online,2025-08-28,NO
2810,48830,38219,1709.6,failed,online,2025-08-28,NO
4377,27099,43477,1924.81,completed,online,2025-08-28,NO
2501,15389,44019,1856.25,completed,online,2025-08-28,NO
1299,40487,45055,1859.69,failed,online,2025-08-28,NO
2991,16015,45080,1908.21,completed,online,2025-08-28,NO
4005,49695,45092,812.39,failed,online,2025-08-28,NO
168,22615,45785,757.03,completed,online,2025-08-28,NO
1425,24224,46388,376.74,failed,online,2025-08-28,NO
2229,21726,46985,843.54,completed,online,2025-08-28,NO
2234,120,47461,473.78,completed,online,2025-08-28,NO
4008,20440,53166,543.15,completed,online,2025-08-28,NO
3439,28451,54028,508.19,failed,online,2025-08-28,NO
2811,12891,54210,1306.97,completed,online,2025-08-28,NO
1,32932,55365,1187.17,completed,online,2025-08-28,NO
4898,24179,58691,1889.44,completed,online,2025-08-28,NO
322,19691,58777,1595.52,completed,online,2025-08-28,NO
3416,34932,63933,1668.45,completed,online,2025-08-28,NO
3962,37237,67858,695.69,failed,online,2025-08-28,NO
655,38957,76055,1826.94,completed,online,2025-08-28,NO
2114,11235,77696,692.87,failed,online,2025-08-28,NO
3356,43262,79008,1614.97,failed,online,2025-08-28,NO
490,18328,79367,1945.25,completed,online,2025-08-28,NO
75,16794,86589,1875.07,failed,online,2025-08-28,NO
3156,1965,89860,539.16,completed,online,2025-08-28,NO
225,31557,90662,45.1,completed,online,2025-08-28,NO
1,27129,90893,490.28,completed,online,2025-08-28,NO
514,26158,91034,677.73,failed,online,2025-08-28,NO
4564,35129,91861,1836.08,completed,online,2025-08-28,NO
1701,32225,92741,859.28,completed,online,2025-08-28,NO
4253,1940,95188,1404.05,completed,online,2025-08-28,NO
2385,44452,97471,665.05,failed,online,2025-08-28,NO
4932,38563,99601,971.41,completed,online,2025-08-28,NO
3247,13756,100784,199.35,completed,online,2025-08-28,NO
1,12797,102547,778.84,completed,online,2025-08-28,NO
4974,42792,104737,1438.53,failed,UNKNOWN,2025-08-28,NO
2961,31172,105662,1805.72,completed,online,2025-08-28,NO
3983,39699,110138,1941.26,failed,online,2025-08-28,NO
4106,3664,111972,886.13,completed,online,2025-08-28,NO
1,27634,118427,187.59,completed,online,2025-08-28,NO
1400,32055,120087,1080.14,completed,online,2025-08-28,NO
3723,45953,120250,1890.06,completed,online,2025-08-28,NO
1,21214,120592,1014.1,failed,online,2025-08-28,NO
1701,22690,124102,1385.94,failed,online,2025-08-28,NO
1447,35395,124127,1351.04,completed,online,2025-08-28,NO
3675,6570,128129,1828.84,failed,online,2025-08-28,NO
3692,30460,130241,1017.85,completed,online,2025-08-28,NO
2778,5479,130603,345.43,failed,online,2025-08-28,NO
3153,378,131707,224.08,failed,online,2025-08-28,NO
446,37923,132016,1862.13,completed,online,2025-08-28,NO
1140,29838,135340,1332.18,completed,online,2025-08-28,NO
466,36069,135772,670.62,completed,online,2025-08-28,NO
1390,30103,135917,1706.3,completed,online,2025-08-28,NO
4443,44576,139355,1825.32,failed,online,2025-08-28,NO
2229,35568,141245,1955.37,failed,online,2025-08-28,NO
1,16061,142248,377.26,failed,online,2025-08-28,NO
3865,38159,146012,1344.61,failed,online,2025-08-28,NO
1,8782,146203,1331.64,completed,online,2025-08-28,NO
1339,3391,146553,1995.91,failed,online,2025-08-28,NO
1953,42036,859,1741.25,completed,online,2025-03-21,NO
4634,46735,982,870.96,completed,online,2025-03-21,NO
4061,27695,1071,79.31,completed,online,2025-03-21,NO
1,16335,1558,265.06,completed,online,2025-03-21,NO
1452,19504,15121,115.23,failed,online,2025-03-21,NO
1,19841,15407,840.51,completed,online,2025-03-21,NO
2084,7550,15715,495.15,completed,online,2025-03-21,NO
3698,23737,15758,1277.48,completed,online,2025-03-21,NO
4410,532,17352,1861.74,failed,online,2025-03-21,NO
1,46569,19153,138.8,failed,online,2025-03-21,NO
1699,43599,23273,426.19,failed,online,2025-03-21,NO
4204,31034,27747,433.98,failed,online,2025-03-21,NO
3422,40525,29939,525.78,completed,online,2025-03-21,NO
2648,42106,32475,1913.06,failed,online,2025-03-21,NO
4311,18789,33139,1479.74,failed,online,2025-03-21,NO
1,45705,34471,290.94,failed,online,2025-03-21,NO
533,30837,34781,1186.03,completed,online,2025-03-21,NO
1,36541,39115,1582.99,completed,online,2025-03-21,NO
1,25976,40436,909.22,failed,online,2025-03-21,NO
2373,34253,43420,976.23,failed,online,2025-03-21,NO
2208,16066,44204,1574.29,completed,online,2025-03-21,NO
3876,35192,44659,1018.16,failed,online,2025-03-21,NO
4805,8614,46029,1135.02,failed,online,2025-03-21,NO
3197,14136,50757,1149.2,failed,online,2025-03-21,NO
1,31938,52860,490.49,failed,online,2025-03-21,NO
1,78,53342,1818.47,failed,online,2025-03-21,NO
1,38386,55005,1493.55,failed,online,2025-03-21,NO
4918,26458,55421,1909.81,failed,online,2025-03-21,NO
1,25006,56886,651.19,failed,online,2025-03-21,NO
1,39927,56983,175.78,completed,online,2025-03-21,NO
1,32432,57376,994.02,completed,online,2025-03-21,NO
4995,47712,59992,597.6,completed,online,2025-03-21,NO
4440,19964,63980,539.71,completed,online,2025-03-21,NO
3374,17107,67109,1405.5,completed,online,2025-03-21,NO
3413,5826,68043,1528.02,completed,online,2025-03-21,NO
3407,34956,70237,1815.26,failed,online,2025-03-21,NO
2530,39847,71545,1759.29,completed,online,2025-03-21,NO
2654,29138,75605,1381.67,completed,online,2025-03-21,NO
4934,43940,79611,1387.2,completed,online,2025-03-21,NO
1516,33476,80087,1588.77,failed,online,2025-03-21,NO
1,35808,82317,1470.83,completed,online,2025-03-21,NO
1,42514,83524,1852.05,completed,online,2025-03-21,NO
1,13279,86468,1258.63,failed,online,2025-03-21,NO
13,29828,86998,1832.71,failed,online,2025-03-21,NO
559,7978,87687,1981.94,completed,online,2025-03-21,NO
1,14372,89699,1171.94,failed,online,2025-03-21,NO
628,1360,92621,1689.01,failed,online,2025-03-21,NO
1,36565,93791,1948.73,completed,online,2025-03-21,NO
2236,31509,95395,1832.33,completed,online,2025-03-21,NO
1,43962,95808,180.14,completed,online,2025-03-21,NO
2793,22694,96522,785.18,completed,online,2025-03-21,NO
4699,37618,96685,364.01,failed,online,2025-03-21,NO
3560,49103,96823,1490.74,failed,online,2025-03-21,NO
3241,17881,98066,618.0,failed,online,2025-03-21,NO
4643,42507,98587,360.92,completed,online,2025-03-21,NO
1427,31307,99474,1441.3,failed,online,2025-03-21,NO
659,47601,102623,343.46,completed,online,2025-03-21,NO
4760,20168,103194,1329.88,completed,online,2025-03-21,NO
2062,25580,107949,854.03,failed,online,2025-03-21,NO
396,27024,108722,952.04,failed,online,2025-03-21,NO
738,26365,110388,1939.74,failed,online,2025-03-21,NO
3539,5149,110909,1220.88,failed,online,2025-03-21,NO
1744,26078,111200,976.41,failed,online,2025-03-21,NO
4774,8537,113535,1215.63,completed,online,2025-03-21,NO
1168,40376,114963,1423.43,completed,online,2025-03-21,NO
3178,9593,117151,1038.77,failed,online,2025-03-21,NO
2749,21362,117913,828.34,failed,online,2025-03-21,NO
1,33770,118377,486.1,completed,online,2025-03-21,NO
1,21894,120872,1707.22,failed,online,2025-03-21,NO
1,3018,121015,62.71,completed,online,2025-03-21,NO
814,16388,124395,717.75,completed,online,2025-03-21,NO
1663,15163,126236,1693.16,failed,online,2025-03-21,NO
3501,28654,126251,1032.76,completed,online,2025-03-21,NO
4651,23956,128202,524.53,failed,online,2025-03-21,NO
968,5840,128972,1102.19,completed,online,2025-03-21,NO
3990,43544,130977,6715.79150366403,completed,online,2025-03-21,NO
1,31169,131263,1853.46,completed,online,2025-03-21,NO
1485,3152,134481,336.4,completed,online,2025-03-21,NO
1,32801,137086,1341.67,completed,online,2025-03-21,NO
1865,16204,139131,1744.84,failed,online,2025-03-21,NO
4707,16916,88,1691.62,completed,online,2025-04-19,NO
655,12242,2399,575.18,completed,online,2025-04-19,NO
1364,33161,2620,193.37,failed,online,2025-04-19,NO
1933,15759,4497,72.29,completed,online,2025-04-19,NO
4120,30192,6869,1559.37,failed,online,2025-04-19,NO
2692,7452,7039,239.83,failed,online,2025-04-19,NO
4853,22381,11164,1856.89,failed,online,2025-04-19,NO
3869,39732,11376,1085.38,failed,online,2025-04-19,NO
4958,1377,12276,1739.55,failed,online,2025-04-19,NO
4027,49800,15058,20.37,failed,online,2025-04-19,NO
3900,29391,18450,163.29,completed,online,2025-04-19,NO
4364,42148,25160,1059.96,failed,online,2025-04-19,NO
1218,1388,25321,860.94,failed,online,2025-04-19,NO
1261,42985,25857,1484.73,failed,online,2025-04-19,NO
3179,32566,26419,450.35,completed,online,2025-04-19,NO
1311,48826,28309,1314.86,completed,online,2025-04-19,NO
1,11533,30905,898.09,completed,online,2025-04-19,NO
2564,8752,32474,1080.11,failed,online,2025-04-19,NO
1,46330,32915,1273.21,completed,online,2025-04-19,NO
2720,12460,34692,1501.97,completed,online,2025-04-19,NO
2071,45688,35569,1750.08,completed,online,2025-04-19,NO
2562,46307,35856,1484.13,failed,online,2025-04-19,NO
2233,45233,36735,1066.51,completed,online,2025-04-19,NO
3023,30764,43630,627.11,failed,online,2025-04-19,NO
4186,713,48772,127.1,completed,online,2025-04-19,NO
2518,20443,54275,1502.51,failed,online,2025-04-19,NO
1105,9556,55530,805.93,completed,online,2025-04-19,NO
2002,25948,59787,214.59,failed,online,2025-04-19,NO
897,29376,59902,1241.56,failed,online,2025-04-19,NO
2049,15339,60459,19.71,completed,online,2025-04-19,NO
4707,22706,61455,12.3,completed,online,2025-04-19,NO
1473,13088,63006,926.87,completed,online,2025-04-19,NO
1393,15808,66023,919.74,failed,online,2025-04-19,NO
2294,6403,69892,1479.93,failed,online,2025-04-19,NO
4937,15454,70583,1339.18,completed,online,2025-04-19,NO
498,38567,71834,939.54,failed,online,2025-04-19,NO
1,48002,72853,606.34,completed,online,2025-04-19,NO
2439,11312,75336,1971.44,failed,online,2025-04-19,NO
3936,13850,76845,849.61,failed,online,2025-04-19,NO
1820,46332,79314,288.25,failed,online,2025-04-19,NO
643,35400,79556,319.53,completed,online,2025-04-19,NO
3426,22541,79862,1052.03,failed,online,2025-04-19,NO
3247,28335,80786,543.42,failed,online,2025-04-19,NO
3811,45419,84692,1758.52,failed,online,2025-04-19,NO
3783,16211,87315,1884.52,failed,online,2025-04-19,NO
1,44402,88295,872.94,completed,online,2025-04-19,NO
3540,1400,88535,1293.3,failed,online,2025-04-19,NO
3831,5528,88936,1319.26,failed,online,2025-04-19,NO
3914,14688,90382,457.48,failed,online,2025-04-19,NO
3800,43575,92114,550.35,failed,online,2025-04-19,NO
4140,38909,92785,1245.35,completed,online,2025-04-19,NO
1,36737,92931,979.65,failed,online,2025-04-19,NO
3499,44530,93932,1503.25,completed,online,2025-04-19,NO
4967,23980,97147,102.47,completed,online,2025-04-19,NO
832,9351,98150,893.15,completed,online,2025-04-19,NO
1,9534,101757,1656.73,failed,online,2025-04-19,NO
2173,12643,104859,801.93,failed,online,2025-04-19,NO
3958,37576,105190,1716.13,completed,online,2025-04-19,NO
1,46569,106785,142.3,completed,online,2025-04-19,NO
1,43484,109495,1829.08,completed,online,2025-04-19,NO
2904,43598,109976,166.97,failed,online,2025-04-19,NO
1474,5480,110607,967.56,failed,online,2025-04-19,NO
1,29175,116772,639.51,completed,online,2025-04-19,NO
315,41559,117036,949.02,completed,online,2025-04-19,NO
826,45679,117600,152.39,failed,online,2025-04-19,NO
3780,39528,118619,605.44,failed,online,2025-04-19,NO
748,21587,123976,452.83,failed,online,2025-04-19,NO
804,19282,124219,1238.93,completed,online,2025-04-19,NO
489,40198,125051,1382.12,failed,online,2025-04-19,NO
1913,34278,127191,1455.62,failed,online,2025-04-19,NO
3742,41526,127699,501.27,completed,online,2025-04-19,NO
2054,16686,131240,398.57,failed,online,2025-04-19,NO
1747,16412,132120,673.95,failed,online,2025-04-19,NO
2198,48709,138128,418.16,completed,online,2025-04-19,NO
1921,10930,138525,836.33,completed,online,2025-04-19,NO
1,40529,141098,1753.91,failed,online,2025-04-19,NO
4300,18096,144134,751.8,completed,online,2025-04-19,NO
1,644,145711,1089.92,failed,online,2025-04-19,NO
3400,18914,146543,1558.99,completed,online,2025-04-19,NO
375,29097,148303,424.22,failed,online,2025-04-19,NO
4056,42468,1563,1006.75,completed,online,2025-08-24,NO
1,47976,2308,1545.33,completed,online,2025-08-24,NO
209,34902,2319,259.3,failed,UNKNOWN,2025-08-24,NO
3745,546,8812,762.52,failed,online,2025-08-24,NO
3627,43328,9104,1958.35,completed,online,2025-08-24,NO
4513,6457,9144,994.78,completed,online,2025-08-24,NO
4424,18323,10992,948.07,completed,online,2025-08-24,NO
1534,25888,13307,468.78,failed,online,2025-08-24,NO
469,28887,13679,1993.76,completed,online,2025-08-24,NO
183,8946,16943,1185.64,completed,online,2025-08-24,NO
1,5338,18156,530.86,failed,online,2025-08-24,NO
4010,34846,18192,359.54,failed,online,2025-08-24,NO
4504,80,19228,1408.8,failed,online,2025-08-24,NO
120,16371,20030,506.25,failed,online,2025-08-24,NO
1,36743,20390,1574.05,completed,online,2025-08-24,NO
280,33366,21135,1353.53,failed,online,2025-08-24,NO
2224,46706,25450,1094.63,completed,online,2025-08-24,NO
2444,44149,26781,101.17,failed,online,2025-08-24,NO
3772,16530,27772,606.17,completed,online,2025-08-24,NO
1201,35785,31712,256.41,failed,online,2025-08-24,NO
2875,34817,35502,257.95,completed,online,2025-08-24,NO
2981,10025,36173,1941.56,failed,online,2025-08-24,NO
1,46756,38750,520.83,completed,online,2025-08-24,NO
3815,5823,39514,1737.61,completed,online,2025-08-24,NO
3761,31112,41235,1214.87,completed,online,2025-08-24,NO
1,14829,41882,966.96,failed,online,2025-08-24,NO
1970,25457,42122,644.48,failed,online,2025-08-24,NO
1,43424,42998,493.93,failed,online,2025-08-24,NO
4559,24517,43553,69.34,completed,online,2025-08-24,NO
4200,746,44681,1468.33,failed,online,2025-08-24,NO
1887,26458,47046,288.82,failed,online,2025-08-24,NO
1,36241,47549,509.38,failed,online,2025-08-24,NO
970,36928,49821,1488.95,completed,online,2025-08-24,NO
3018,14901,50210,1408.89,completed,online,2025-08-24,NO
3700,13042,51343,1241.23,completed,online,2025-08-24,NO
1,16900,57796,1160.34,completed,online,2025-08-24,NO
1095,49766,60103,419.02,failed,online,2025-08-24,NO
2592,33209,63282,1524.19,completed,online,2025-08-24,NO
1583,27495,63300,1839.56,completed,online,2025-08-24,NO
1908,10677,69682,1661.48,failed,online,2025-08-24,NO
954,20629,71936,147.5,completed,online,2025-08-24,NO
4686,34232,72669,940.47,failed,online,2025-08-24,NO
1539,9815,73425,788.12,failed,online,2025-08-24,NO
4855,45303,73558,1562.35,failed,online,2025-08-24,NO
518,31223,76916,1652.34,failed,online,2025-08-24,NO
1336,7052,77410,486.25,completed,online,2025-08-24,NO
1740,32493,80912,1074.88,completed,online,2025-08-24,NO
1,38184,83088,563.21,completed,online,2025-08-24,NO
3434,14026,84606,1753.7,completed,online,2025-08-24,NO
1,43611,85532,1972.82,completed,online,2025-08-24,NO
1,16957,87787,1759.87,completed,online,2025-08-24,NO
2260,7284,94710,89.87,completed,online,2025-08-24,NO
3741,4977,95851,714.21,failed,online,2025-08-24,NO
1,48606,100968,1262.55,failed,online,2025-08-24,NO
3978,40626,101506,1151.31,failed,online,2025-08-24,NO
41,21015,102649,1725.7,completed,online,2025-08-24,NO
1360,31856,103669,1448.88,failed,online,2025-08-24,NO
1940,46735,106127,989.54,failed,online,2025-08-24,NO
3940,37025,110343,99.28,completed,online,2025-08-24,NO
1,48475,110465,400.59,failed,online,2025-08-24,NO
3646,6040,110559,175.0,completed,online,2025-08-24,NO
4274,8662,115005,1091.57,failed,online,2025-08-24,NO
589,22021,115736,1706.46,completed,online,2025-08-24,NO
1,30889,121518,481.65,failed,online,2025-08-24,NO
591,19967,122877,36.26,failed,online,2025-08-24,NO
3684,22243,123219,952.44,failed,online,2025-08-24,NO
992,43770,123955,943.31,completed,online,2025-08-24,NO
3240,15039,127101,1659.33,failed,online,2025-08-24,NO
364,18930,129631,1787.41,completed,online,2025-08-24,NO
4901,44115,131554,519.32,failed,online,2025-08-24,NO
1,7066,131910,1352.04,completed,online,2025-08-24,NO
846,42658,134532,736.69,completed,online,2025-08-24,NO
1175,3864,134881,1287.67,failed,online,2025-08-24,NO
3502,17211,136036,1301.67,failed,online,2025-08-24,NO
4621,48734,136389,1926.37,failed,online,2025-08-24,NO
3481,24021,136805,1655.91,completed,online,2025-08-24,NO
1,30424,141572,634.41,failed,online,2025-08-24,NO
2888,26055,143130,1417.31,failed,online,2025-08-24,NO
44,41880,143917,1815.36,completed,online,2025-08-24,NO
3558,23308,145003,666.46,completed,online,2025-08-24,NO
1,3232,5869,260.95,failed,online,2025-08-12,NO
179,17439,7941,857.95,completed,online,2025-08-12,NO
1455,10239,11665,579.4,completed,online,2025-08-12,NO
2101,4664,16107,1895.18,failed,online,2025-08-12,NO
1147,7318,17200,149.5,failed,online,2025-08-12,NO
1733,14788,17458,1476.33,completed,online,2025-08-12,NO
1,27045,17699,870.89,completed,online,2025-08-12,NO
2625,28849,19407,794.33,completed,online,2025-08-12,NO
1,21518,20317,473.42,failed,online,2025-08-12,NO
4777,21607,25726,415.75,completed,online,2025-08-12,NO
3460,16045,27658,945.49,completed,online,2025-08-12,NO
361,43764,31683,304.76,completed,online,2025-08-12,NO
1,33344,32069,796.95,completed,online,2025-08-12,NO
2245,21166,32310,815.0,completed,online,2025-08-12,NO
1,2404,32857,1711.08,completed,UNKNOWN,2025-08-12,NO
1,42314,34659,590.0,completed,online,2025-08-12,NO
556,38528,35884,1819.39,completed,online,2025-08-12,NO
2796,16263,40114,9171.044797497805,failed,online,2025-08-12,NO
4547,44479,40557,1860.27,failed,online,2025-08-12,NO
634,30453,46864,802.07,failed,online,2025-08-12,NO
1263,29159,49039,1007.64,completed,online,2025-08-12,NO
767,21199,49749,839.65,failed,online,2025-08-12,NO
4027,21402,52677,1347.27,completed,online,2025-08-12,NO
1950,49645,53494,1263.7,completed,online,2025-08-12,NO
3346,20007,53588,79.26,failed,online,2025-08-12,NO
1,39988,54374,375.93,completed,online,2025-08-12,NO
1,41175,56581,1615.63,failed,online,2025-08-12,NO
3630,23794,57219,216.65,completed,online,2025-08-12,NO
2139,3563,62245,120.16,failed,online,2025-08-12,NO
1645,41691,63031,448.58,completed,online,2025-08-12,NO
330,4884,63228,1048.46,failed,online,2025-08-12,NO
1629,41624,63498,1887.1,failed,online,2025-08-12,NO
3327,7059,64361,848.93,failed,online,2025-08-12,NO
1,21970,64716,1531.15,completed,online,2025-08-12,NO
1684,11312,65091,1518.67,failed,online,2025-08-12,NO
4224,49007,65207,1829.17,completed,online,2025-08-12,NO
1,37044,66112,170.07,completed,online,2025-08-12,NO
1663,23656,67088,6632.208789215613,failed,online,2025-08-12,NO
3531,13066,69023,1105.36,completed,online,2025-08-12,NO
1,36265,69135,748.71,failed,UNKNOWN,2025-08-12,NO
1683,30141,71055,448.82,completed,online,2025-08-12,NO
3212,21252,72910,435.91,completed,online,2025-08-12,NO
1,47804,73080,1294.06,failed,online,2025-08-12,NO
1,30139,73741,863.45,failed,online,2025-08-12,NO
4179,43883,75328,1958.49,failed,online,2025-08-12,NO
1,38970,77723,594.71,failed,online,2025-08-12,NO
1,31926,78502,1476.84,completed,online,2025-08-12,NO
4256,25140,81289,985.23,failed,online,2025-08-12,NO
2609,7032,83437,1769.82,completed,online,2025-08-12,NO
1559,27145,84922,882.58,failed,online,2025-08-12,NO
1202,3741,88423,997.15,completed,online,2025-08-12,NO
2178,24858,92581,1687.74,completed,online,2025-08-12,NO
1,46017,96086,333.53,completed,online,2025-08-12,NO
1975,13019,99394,825.97,failed,online,2025-08-12,NO
2146,35883,99674,768.49,completed,online,2025-08-12,NO
2234,44594,102541,567.47,failed,online,2025-08-12,NO
3122,17426,104084,1522.36,completed,online,2025-08-12,NO
2749,47719,105793,1761.35,completed,online,2025-08-12,NO
3109,8219,105842,288.57,completed,online,2025-08-12,NO
2781,45514,111189,839.52,completed,online,2025-08-12,NO
4240,17685,112052,20.77,failed,online,2025-08-12,NO
3684,27894,115662,1278.33,completed,online,2025-08-12,NO
4774,23399,117260,1834.75,failed,online,2025-08-12,NO
3484,18807,118849,915.36,failed,online,2025-08-12,NO
467,28876,119134,876.9,failed,online,2025-08-12,NO
1704,33404,119818,1814.13,failed,online,2025-08-12,NO
1,10873,131323,395.62,failed,online,2025-08-12,NO
1259,40470,131999,1542.72,failed,online,2025-08-12,NO
3470,32800,132841,676.94,completed,online,2025-08-12,NO
2342,3718,133227,836.54,completed,online,2025-08-12,NO
4960,17128,134038,402.96,completed,online,2025-08-12,NO
2526,45859,134449,1705.92,completed,online,2025-08-12,NO
1813,37119,138452,765.34,failed,online,2025-08-12,NO
4439,46189,140307,783.92,completed,online,2025-08-12,NO
617,37724,140336,1146.07,failed,online,2025-08-12,NO
924,44148,144410,406.31,completed,online,2025-08-12,NO
940,48987,145990,1753.58,completed,online,2025-08-12,NO
39,19416,146412,1166.23,completed,online,2025-08-12,NO
3112,39741,149551,511.68,completed,online,2025-08-12,NO
2683,23287,1113,1821.63,failed,online,2025-12-25,NO
1283,27937,1952,139.81,failed,online,2025-12-25,NO
1,23824,4118,1447.3,completed,online,2025-12-25,NO
3098,29603,5499,689.69,completed,online,2025-12-25,NO
1,5845,5736,1936.55,completed,online,2025-12-25,NO
1013,5517,9073,1053.69,failed,online,2025-12-25,NO
536,44142,10107,1868.35,completed,online,2025-12-25,NO
1,32462,10557,56.47,completed,online,2025-12-25,NO
1152,13663,13251,1335.4,failed,online,2025-12-25,NO
1,22637,18369,46.01,completed,online,2025-12-25,NO
4076,29971,19615,58.96,failed,online,2025-12-25,NO
505,37185,20670,1411.82,completed,online,2025-12-25,NO
2729,12393,22798,1861.14,completed,online,2025-12-25,NO
2492,32743,25612,660.36,completed,online,2025-12-25,NO
1,35578,28212,751.68,completed,online,2025-12-25,NO
3998,40198,28481,688.25,completed,online,2025-12-25,NO
3741,23991,28801,1815.11,failed,online,2025-12-25,NO
1,33424,30752,1742.44,completed,online,2025-12-25,NO
1424,45724,31166,628.71,failed,online,2025-12-25,NO
2467,26525,34333,995.88,completed,online,2025-12-25,NO
1830,41968,38230,1599.1,completed,online,2025-12-25,NO
4581,38022,38873,1991.12,completed,online,2025-12-25,NO
1491,7917,39981,1613.41,completed,online,2025-12-25,NO
3116,31523,40001,1498.68,failed,online,2025-12-25,NO
1868,23365,40837,17.32,failed,online,2025-12-25,NO
1,24612,41429,365.92,completed,online,2025-12-25,NO
1,44991,41981,388.66,failed,online,2025-12-25,NO
1800,452,44133,577.04,failed,online,2025-12-25,NO
3603,31658,44571,504.72,failed,online,2025-12-25,NO
847,37482,44801,71.5,failed,online,2025-12-25,NO
4128,44718,44998,1739.26,failed,online,2025-12-25,NO
3500,16238,45090,1696.28,completed,online,2025-12-25,NO
1,626,45204,748.02,completed,online,2025-12-25,NO
622,47450,50464,333.09,completed,online,2025-12-25,NO
4080,36025,53368,1887.74,completed,online,2025-12-25,NO
4176,9404,53787,395.43,failed,online,2025-12-25,NO
3847,16566,55908,754.14,failed,online,2025-12-25,NO
71,28665,59960,1114.02,failed,online,2025-12-25,NO
3449,505,62486,257.53,completed,online,2025-12-25,NO
1263,9173,63968,1030.89,completed,online,2025-12-25,NO
807,12305,65191,1813.59,failed,online,2025-12-25,NO
1,16616,66022,1759.85,failed,online,2025-12-25,NO
2284,45911,66971,173.37,failed,online,2025-12-25,NO
4997,29330,67049,1555.02,failed,online,2025-12-25,NO
1,33445,68681,1355.59,completed,online,2025-12-25,NO
4028,20308,74739,338.37,completed,online,2025-12-25,NO
1,48075,74884,1946.13,completed,online,2025-12-25,NO
4572,2304,78155,1755.69,failed,online,2025-12-25,NO
4013,31370,81825,1936.06,completed,online,2025-12-25,NO
1413,26808,82403,566.97,completed,online,2025-12-25,NO
1,7277,84672,906.81,completed,online,2025-12-25,NO
3486,22402,87152,1908.39,completed,online,2025-12-25,NO
1515,15770,87460,1248.49,completed,online,2025-12-25,NO
490,14628,91400,8194.516023286858,failed,online,2025-12-25,NO
162,34916,94102,19.56,failed,online,2025-12-25,NO
1,43874,99322,710.61,failed,online,2025-12-25,NO
1381,39404,105786,572.95,failed,online,2025-12-25,NO
4386,46190,109312,995.76,failed,online,2025-12-25,NO
3841,10971,114052,1063.4,failed,online,2025-12-25,NO
958,27963,114656,770.22,failed,online,2025-12-25,NO
123,37577,115418,1698.43,completed,online,2025-12-25,NO
4638,21557,115912,848.26,failed,online,2025-12-25,NO
1735,42327,116477,748.32,failed,online,2025-12-25,NO
1,34995,119433,1008.1,completed,online,2025-12-25,NO
1,24491,122158,621.12,completed,online,2025-12-25,NO
1,13606,122196,1691.37,completed,online,2025-12-25,NO
1690,45752,126722,1256.17,completed,online,2025-12-25,NO
464,41340,129983,447.53,failed,online,2025-12-25,NO
1,36479,132410,1937.81,failed,online,2025-12-25,NO
3486,20138,134257,1811.22,failed,online,2025-12-25,NO
1285,8179,134746,820.47,failed,online,2025-12-25,NO
4399,22548,134806,1743.17,completed,online,2025-12-25,NO
2039,33188,135252,1889.31,completed,online,2025-12-25,NO
4376,43908,136760,760.41,failed,online,2025-12-25,NO
1,21765,136947,802.47,failed,online,2025-12-25,NO
1905,36372,140566,963.88,completed,online,2025-12-25,NO
1,41629,141817,400.82,completed,online,2025-12-25,NO
3018,20300,142312,459.74,failed,UNKNOWN,2025-12-25,NO
3246,43964,142898,503.88,completed,online,2025-12-25,NO
1,40545,148975,191.15,failed,online,2025-12-25,NO
1,11721,1680,1253.26,failed,online,2025-06-24,NO
4967,19558,3491,359.67,failed,online,2025-06-24,NO
1,43696,6556,1511.33,completed,online,2025-06-24,NO
3221,17307,7582,491.42,failed,online,2025-06-24,NO
206,5766,7668,1573.22,completed,online,2025-06-24,NO
4534,45847,7777,1597.82,failed,online,2025-06-24,NO
3589,30108,8535,1755.96,failed,online,2025-06-24,NO
1,35807,9453,1749.02,failed,online,2025-06-24,NO
1148,15401,10842,1165.22,completed,online,2025-06-24,NO
3192,44332,13386,1233.25,failed,online,2025-06-24,NO
2573,21527,13906,799.25,failed,online,2025-06-24,NO
2934,3001,14307,41.56,completed,online,2025-06-24,NO
1,35241,19040,1599.74,completed,online,2025-06-24,NO
1,41815,21870,766.5,failed,online,2025-06-24,NO
715,2380,22890,1153.26,completed,online,2025-06-24,NO
1637,47145,23708,1987.95,failed,online,2025-06-24,NO
2364,38208,25273,1882.1,failed,online,2025-06-24,NO
1,2725,30486,1898.32,failed,online,2025-06-24,NO
1248,43932,31175,1374.1,failed,online,2025-06-24,NO
1,34372,34654,1112.32,completed,online,2025-06-24,NO
2271,26707,34688,888.56,failed,online,2025-06-24,NO
956,5457,34868,296.03,completed,online,2025-06-24,NO
1206,10285,36141,439.48,completed,online,2025-06-24,NO
1,29561,40554,1525.19,completed,online,2025-06-24,NO
1528,2141,41757,5246.084094874899,completed,online,2025-06-24,NO
2516,28837,43405,1028.28,failed,online,2025-06-24,NO
1414,42117,44327,689.99,failed,online,2025-06-24,NO
1,372,45605,999.72,failed,online,2025-06-24,NO
2973,19554,45682,1149.54,failed,online,2025-06-24,NO
776,11079,48828,837.32,completed,online,2025-06-24,NO
3884,6593,49095,1688.36,completed,online,2025-06-24,NO
4418,19765,49198,1336.94,completed,online,2025-06-24,NO
3080,5301,55560,1775.89,failed,UNKNOWN,2025-06-24,NO
1562,42113,56100,1878.77,failed,online,2025-06-24,NO
2830,1346,59885,1823.57,completed,online,2025-06-24,NO
1474,45498,60679,1937.13,completed,online,2025-06-24,NO
4170,4168,67255,588.87,completed,online,2025-06-24,NO
1,13063,68737,486.9,failed,online,2025-06-24,NO
3690,20583,71340,1007.4,failed,online,2025-06-24,NO
2798,27496,78435,7007.919988008113,completed,online,2025-06-24,NO
1830,35006,82130,943.13,failed,online,2025-06-24,NO
1499,41165,83966,184.14,failed,online,2025-06-24,NO
1216,28074,85676,530.4,failed,online,2025-06-24,NO
648,18221,88822,1002.09,completed,online,2025-06-24,NO
3588,20462,89593,805.01,failed,UNKNOWN,2025-06-24,NO
751,36643,90336,652.9,failed,online,2025-06-24,NO
4425,4105,91371,318.16,failed,online,2025-06-24,NO
2560,31688,92569,833.55,completed,online,2025-06-24,NO
1979,7827,94828,847.9,failed,online,2025-06-24,NO
1,26493,101236,1586.39,completed,online,2025-06-24,NO
4618,49781,102627,1371.61,failed,online,2025-06-24,NO
1,31496,103436,1971.99,completed,online,2025-06-24,NO
305,32215,104741,1595.17,failed,online,2025-06-24,NO
1667,46829,104945,904.05,failed,online,2025-06-24,NO
515,30684,106527,528.62,completed,online,2025-06-24,NO
3254,30018,107573,1382.43,completed,online,2025-06-24,NO
1,9241,109408,628.36,failed,online,2025-06-24,NO
4261,20823,110937,1341.47,completed,online,2025-06-24,NO
1841,3905,113772,1892.33,failed,online,2025-06-24,NO
3749,31259,114462,829.07,completed,online,2025-06-24,NO
2162,44893,114989,1423.37,completed,online,2025-06-24,NO
1,37428,115908,1983.83,completed,online,2025-06-24,NO
1,19823,116817,261.38,completed,online,2025-06-24,NO
285,2093,119971,1189.34,completed,online,2025-06-24,NO
1,34657,126317,674.64,failed,online,2025-06-24,NO
1,49127,127726,1871.53,failed,online,2025-06-24,NO
743,44944,127738,304.22,failed,online,2025-06-24,NO
1407,5625,128093,52.0,completed,online,2025-06-24,NO
2292,18379,132425,1449.56,failed,online,2025-06-24,NO
2528,2620,135389,1762.0,failed,online,2025-06-24,NO
3211,10351,135775,789.98,completed,online,2025-06-24,NO
2470,48485,136140,693.85,failed,online,2025-06-24,NO
2211,32941,137495,1356.83,failed,online,2025-06-24,NO
1,39234,139756,363.32,failed,online,2025-06-24,NO
22,49428,141022,29.39,failed,online,2025-06-24,NO
728,197,142639,1943.07,failed,online,2025-06-24,NO
4403,22387,145952,1285.63,completed,online,2025-06-24,NO
775,47707,145978,604.8,completed,online,2025-06-24,NO
1184,39428,148671,660.46,failed,online,2025-06-24,NO
4652,8846,149711,1132.06,failed,online,2025-06-24,NO
1,11948,3904,430.7,failed,online,2025-03-05,NO
1892,9758,4697,1751.7,failed,online,2025-03-05,NO
2844,2281,8270,904.97,failed,online,2025-03-05,NO
2946,4738,9898,1600.78,completed,online,2025-03-05,NO
3160,49332,11710,837.6,failed,online,2025-03-05,NO
2281,13972,12659,991.63,completed,online,2025-03-05,NO
2323,43509,14202,8519.618815645325,failed,online,2025-03-05,NO
2920,32947,14391,296.9,completed,online,2025-03-05,NO
1652,37430,16574,1469.94,failed,online,2025-03-05,NO
908,42765,17840,497.62,failed,online,2025-03-05,NO
4065,42862,18002,600.97,failed,online,2025-03-05,NO
4841,31634,18128,530.52,failed,online,2025-03-05,NO
1945,7960,21496,1017.22,completed,online,2025-03-05,NO
2323,26305,22678,1974.81,failed,online,2025-03-05,NO
2623,45104,28893,1507.4,completed,online,2025-03-05,NO
940,6327,29155,1032.78,completed,online,2025-03-05,NO
4958,14040,31798,1049.82,failed,online,2025-03-05,NO
4559,49825,34867,997.45,failed,online,2025-03-05,NO
2600,19972,38227,1426.95,failed,online,2025-03-05,NO
3788,30391,41081,1776.86,completed,UNKNOWN,2025-03-05,NO
1179,48809,43212,750.2,completed,online,2025-03-05,NO
553,14201,46362,1045.72,failed,online,2025-03-05,NO
4228,41635,51243,1501.63,completed,online,2025-03-05,NO
2336,31627,51622,609.3,failed,online,2025-03-05,NO
3995,6538,52466,1095.31,completed,online,2025-03-05,NO
475,49458,53174,1706.41,completed,online,2025-03-05,NO
726,9999,54091,456.96,completed,online,2025-03-05,NO
4783,14208,58517,742.1,failed,online,2025-03-05,NO
3386,40407,61918,1088.19,completed,online,2025-03-05,NO
1,21617,63547,1441.53,completed,online,2025-03-05,NO
2935,4661,65313,474.55,failed,online,2025-03-05,NO
2350,43284,70687,1161.93,failed,online,2025-03-05,NO
4403,10490,70950,990.1,completed,online,2025-03-05,NO
3569,48961,74683,1173.98,completed,online,2025-03-05,NO
1239,24644,76721,1110.78,failed,online,2025-03-05,NO
2960,49367,77714,1472.59,failed,UNKNOWN,2025-03-05,NO
1,2933,78170,1440.34,completed,online,2025-03-05,NO
1,20380,78315,1066.9,failed,online,2025-03-05,NO
624,31416,80099,184.65,completed,online,2025-03-05,NO
4213,23021,81695,668.13,completed,online,2025-03-05,NO
596,34876,81843,703.76,failed,online,2025-03-05,NO
1078,19184,86323,630.59,failed,online,2025-03-05,NO
2957,25926,87439,817.52,completed,online,2025-03-05,NO
2955,27529,88851,1203.85,completed,online,2025-03-05,NO
4193,46265,89313,9058.085420813033,completed,online,2025-03-05,NO
1,24525,89771,1859.34,completed,online,2025-03-05,NO
161,23186,92982,648.92,failed,online,2025-03-05,NO
2385,14541,93303,1339.58,completed,online,2025-03-05,NO
4991,45396,95902,336.85,completed,online,2025-03-05,NO
2174,23539,96434,1969.39,failed,online,2025-03-05,NO
799,36985,97466,1393.67,completed,online,2025-03-05,NO
1,45641,98744,403.77,completed,online,2025-03-05,NO
4393,22348,99402,622.99,failed,online,2025-03-05,NO
3563,9915,101978,492.6,failed,online,2025-03-05,NO
1365,13918,102477,1631.43,failed,online,2025-03-05,NO
4655,31841,103334,1466.83,failed,online,2025-03-05,NO
1072,8463,103629,1063.02,failed,online,2025-03-05,NO
3718,11093,106487,1872.58,failed,online,2025-03-05,NO
442,14024,108384,1708.62,failed,online,2025-03-05,NO
2588,20106,112198,141.62,completed,online,2025-03-05,NO
859,20454,112442,1375.62,failed,online,2025-03-05,NO
3421,45551,116059,1365.03,completed,online,2025-03-05,NO
1,25832,119201,536.39,failed,online,2025-03-05,NO
188,37164,119697,1113.77,failed,online,2025-03-05,NO
649,10782,120453,674.85,completed,online,2025-03-05,NO
3137,19644,121189,315.91,failed,online,2025-03-05,NO
3872,35729,121768,1167.02,completed,online,2025-03-05,NO
1104,14143,121967,208.08,failed,online,2025-03-05,NO
1206,2553,126839,816.7,failed,online,2025-03-05,NO
61,36939,126867,1962.23,completed,online,2025-03-05,NO
2363,35593,129875,609.56,failed,online,2025-03-05,NO
2213,11292,131713,1817.24,failed,online,2025-03-05,NO
4102,48908,132008,1730.06,failed,online,2025-03-05,NO
69,10808,140809,22.28,failed,online,2025-03-05,NO
2625,33426,141852,1670.3,completed,online,2025-03-05,NO
4933,8469,142376,999.33,completed,online,2025-03-05,NO
4676,34907,142893,1173.74,failed,online,2025-03-05,NO
4227,26302,145001,655.37,failed,online,2025-03-05,NO
3737,26194,145423,1496.61,failed,online,2025-03-05,NO
1205,39099,529,948.16,completed,online,2025-06-29,NO
1,37973,1067,1879.12,failed,online,2025-06-29,NO
2515,1580,1983,897.11,failed,online,2025-06-29,NO
1867,42391,3688,899.52,failed,online,2025-06-29,NO
4647,10711,3873,1610.3,failed,online,2025-06-29,NO
198,30594,5236,1381.15,failed,UNKNOWN,2025-06-29,NO
3556,4039,5815,1225.33,completed,online,2025-06-29,NO
2361,3214,6438,1376.91,completed,online,2025-06-29,NO
664,21048,8286,1973.44,failed,online,2025-06-29,NO
4822,19117,8466,1909.83,failed,online,2025-06-29,NO
4584,5028,9718,578.32,failed,online,2025-06-29,NO
4350,11821,10773,706.52,failed,online,2025-06-29,NO
4177,10727,11302,1570.17,completed,online,2025-06-29,NO
2476,18546,13936,543.12,completed,online,2025-06-29,NO
3682,18125,13954,297.62,failed,online,2025-06-29,NO
559,10387,18110,566.87,failed,online,2025-06-29,NO
2633,33359,24643,796.62,completed,online,2025-06-29,NO
1524,48120,25585,1902.87,failed,online,2025-06-29,NO
1,4701,25939,607.86,failed,online,2025-06-29,NO
680,33147,27463,628.44,completed,online,2025-06-29,NO
2588,41979,27983,138.34,completed,online,2025-06-29,NO
1,19899,28196,1166.22,failed,online,2025-06-29,NO
748,41804,30271,1341.15,failed,online,2025-06-29,NO
262,13232,32655,934.88,failed,online,2025-06-29,NO
1,30765,33133,1739.76,completed,online,2025-06-29,NO
4533,48458,33470,713.93,completed,online,2025-06-29,NO
4846,23429,33901,1093.7,failed,online,2025-06-29,NO
1,29545,34830,1483.13,failed,online,2025-06-29,NO
2982,34285,36546,195.82,failed,online,2025-06-29,NO
3175,30439,42743,1467.98,failed,online,2025-06-29,NO
3948,19337,46878,1306.44,completed,online,2025-06-29,NO
1274,38731,46881,865.81,completed,online,2025-06-29,NO
1695,44428,48021,370.06,failed,online,2025-06-29,NO
1551,396,49497,275.25,completed,online,2025-06-29,NO
1779,33380,49819,622.97,failed,online,2025-06-29,NO
2041,14133,51158,1999.51,failed,online,2025-06-29,NO
1,2219,52644,59.85,failed,online,2025-06-29,NO
654,37090,54658,1256.5,completed,online,2025-06-29,NO
4870,9454,55002,1670.83,failed,online,2025-06-29,NO
3125,13523,59859,1702.85,failed,online,2025-06-29,NO
4483,1478,62921,630.92,completed,online,2025-06-29,NO
995,6782,63459,1270.46,completed,online,2025-06-29,NO
4978,40011,66734,1274.83,completed,online,2025-06-29,NO
567,22948,67368,265.1,completed,online,2025-06-29,NO
4724,41673,67460,544.14,completed,online,2025-06-29,NO
2197,34480,68020,1533.04,failed,online,2025-06-29,NO
3000,46306,70417,1054.5,failed,online,2025-06-29,NO
2598,14144,71136,25.47,failed,online,2025-06-29,NO
2593,44271,76544,77.4,completed,online,2025-06-29,NO
3558,11361,77033,1248.32,failed,online,2025-06-29,NO
2332,37576,78215,51.23,completed,online,2025-06-29,NO
1598,49331,78503,917.36,failed,online,2025-06-29,NO
4449,20226,79858,1214.74,failed,online,2025-06-29,NO
2543,30770,84153,544.76,completed,online,2025-06-29,NO
1,9570,85780,241.46,completed,online,2025-06-29,NO
1832,44100,86405,1260.71,failed,online,2025-06-29,NO
2341,31799,90369,1884.65,failed,online,2025-06-29,NO
3769,16357,91562,1579.81,completed,online,2025-06-29,NO
4289,19166,98637,824.91,failed,online,2025-06-29,NO
3792,339,99469,1050.26,failed,online,2025-06-29,NO
2464,47625,103180,1877.73,failed,online,2025-06-29,NO
3897,39650,104520,1254.46,completed,online,2025-06-29,NO
2401,29550,111966,1918.74,completed,online,2025-06-29,NO
4225,36074,117770,310.91,completed,online,2025-06-29,NO
1224,48251,120097,1972.85,failed,online,2025-06-29,NO
1015,38840,122108,1778.36,failed,online,2025-06-29,NO
475,44048,123771,1716.57,failed,online,2025-06-29,NO
739,23668,124657,347.67,failed,online,2025-06-29,NO
1802,11432,125507,533.18,completed,online,2025-06-29,NO
3393,9818,127603,562.13,completed,online,2025-06-29,NO
3596,23225,128545,502.38,failed,online,2025-06-29,NO
1375,28091,134822,334.32,completed,online,2025-06-29,NO
1,40545,137121,1858.23,failed,online,2025-06-29,NO
3871,7600,137935,1349.47,failed,online,2025-06-29,NO
4042,10306,140408,1395.32,completed,online,2025-06-29,NO
1783,43649,142757,350.58,completed,online,2025-06-29,NO
755,34985,142833,1833.53,completed,online,2025-06-29,NO
3504,26572,144386,1676.14,failed,online,2025-06-29,NO
1,14089,145021,267.95,failed,online,2025-06-29,NO
2618,3168,146781,223.91,completed,online,2025-06-29,NO
