product_id,customer_id,transaction_id,amount,status,channel,transaction_date,fraud_flag
1835,48091,1846,908.64,completed,online,2025-01-08,NO
4708,43063,6227,206.02,completed,online,2025-01-08,NO
1,23960,6384,1190.56,failed,online,2025-01-08,NO
236,48411,8205,871.93,completed,online,2025-01-08,NO
2618,34567,10114,1762.29,failed,online,2025-01-08,NO
2824,30817,11048,1940.88,failed,online,2025-01-08,NO
2961,38934,12065,401.75,completed,online,2025-01-08,NO
3853,41251,13030,142.5,failed,online,2025-01-08,NO
3706,18064,13094,872.02,failed,online,2025-01-08,NO
265,46319,13596,1915.8,completed,online,2025-01-08,NO
1832,8079,15927,144.74,completed,online,2025-01-08,NO
997,5618,17965,932.81,failed,online,2025-01-08,NO
501,37691,19638,1262.66,failed,online,2025-01-08,NO
2455,9741,20660,1897.8,completed,online,2025-01-08,NO
4208,1690,21404,334.61,failed,online,2025-01-08,NO
1,20274,21510,364.5,completed,online,2025-01-08,NO
2746,18564,25064,956.94,failed,online,2025-01-08,NO
159,6440,26035,1176.8,completed,online,2025-01-08,NO
1791,47346,27156,468.51,completed,UNKNOWN,2025-01-08,NO
2408,37769,27267,794.12,completed,online,2025-01-08,NO
3056,23305,36857,1887.81,completed,online,2025-01-08,NO
1,32222,36973,226.88,completed,online,2025-01-08,NO
1,35710,41345,785.41,completed,online,2025-01-08,NO
2883,35784,41673,79.69,completed,online,2025-01-08,NO
4906,23765,44359,1824.54,completed,online,2025-01-08,NO
3781,7955,47303,137.59,completed,online,2025-01-08,NO
3817,45526,52263,785.41,failed,online,2025-01-08,NO
3191,18415,53234,1796.2,failed,online,2025-01-08,NO
2302,25268,53553,1935.04,failed,online,2025-01-08,NO
413,49774,53756,1404.98,failed,online,2025-01-08,NO
4343,21371,54362,1645.48,completed,online,2025-01-08,NO
1,14585,56159,1358.54,completed,online,2025-01-08,NO
1742,11868,58403,1036.87,failed,online,2025-01-08,NO
1,35344,64772,1315.76,failed,online,2025-01-08,NO
3990,8877,67716,262.41,completed,online,2025-01-08,NO
4181,38420,68503,1223.3,completed,online,2025-01-08,NO
1,39719,68706,847.05,failed,online,2025-01-08,NO
1315,28859,72216,501.89,failed,online,2025-01-08,NO
4650,42671,74183,105.47,completed,online,2025-01-08,NO
4611,37879,78355,170.0,failed,online,2025-01-08,NO
1,11667,81183,357.18,failed,online,2025-01-08,NO
765,48310,82211,777.83,failed,online,2025-01-08,NO
1,36250,84316,140.2,failed,online,2025-01-08,NO
3968,44247,84724,1479.52,failed,online,2025-01-08,NO
3523,8397,85335,1996.78,failed,online,2025-01-08,NO
4942,44212,85736,270.12,completed,online,2025-01-08,NO
3152,26948,86688,1563.02,failed,online,2025-01-08,NO
1,2068,88198,488.42,completed,UNKNOWN,2025-01-08,NO
1,19853,89756,1250.63,failed,online,2025-01-08,NO
2545,42690,90569,862.85,failed,online,2025-01-08,NO
2311,15547,93136,25.95,completed,online,2025-01-08,NO
1,12998,94656,266.22,failed,online,2025-01-08,NO
3768,24112,95799,1274.66,completed,online,2025-01-08,NO
4783,6361,97131,1436.07,completed,online,2025-01-08,NO
3116,36987,97696,176.32,failed,online,2025-01-08,NO
1513,6037,99247,1611.19,failed,online,2025-01-08,NO
2865,33529,99584,637.33,completed,online,2025-01-08,NO
4136,18082,101399,212.8,completed,online,2025-01-08,NO
1,12558,102955,711.2,failed,online,2025-01-08,NO
2135,3694,103593,1404.82,failed,online,2025-01-08,NO
813,28302,108084,1143.31,failed,online,2025-01-08,NO
1,4178,109165,384.54,failed,online,2025-01-08,NO
1,35980,111391,1951.02,completed,online,2025-01-08,NO
2984,33908,111783,540.47,completed,online,2025-01-08,NO
1,24801,111844,1967.87,failed,online,2025-01-08,NO
4777,44549,114524,1096.84,completed,online,2025-01-08,NO
4763,41757,114876,323.84,failed,online,2025-01-08,NO
1285,27361,117257,1751.37,completed,online,2025-01-08,NO
3284,22553,117520,1235.88,failed,online,2025-01-08,NO
3511,48891,117645,1898.79,completed,online,2025-01-08,NO
2633,19629,119294,595.2,failed,online,2025-01-08,NO
2979,32231,119444,357.82,failed,online,2025-01-08,NO
691,19756,120390,985.78,failed,online,2025-01-08,NO
1688,45051,122047,1185.33,completed,online,2025-01-08,NO
3776,7546,124265,8580.182704729496,failed,online,2025-01-08,NO
3956,10921,126308,1180.29,failed,online,2025-01-08,NO
1,31153,128352,1086.34,failed,online,2025-01-08,NO
4170,1681,132646,1957.2,failed,online,2025-01-08,NO
802,7518,137101,8190.021711912749,failed,online,2025-01-08,NO
237,16347,137253,1963.39,completed,online,2025-01-08,NO
1414,11643,139778,5800.165950372846,failed,online,2025-01-08,NO
1980,44689,146152,1286.23,failed,online,2025-01-08,NO
2378,23633,146546,874.58,completed,online,2025-01-08,NO
2428,17531,147388,413.25,completed,online,2025-01-08,NO
1648,21073,147625,909.24,failed,online,2025-01-08,NO
2550,38466,148158,616.96,failed,online,2025-01-08,NO
962,25722,148611,1287.86,completed,online,2025-01-08,NO
1974,20588,149308,1525.79,failed,online,2025-01-08,NO
4968,34171,149557,1965.07,failed,online,2025-01-08,NO
4932,22375,1814,1005.49,failed,online,2025-07-26,NO
3587,4081,2861,1826.63,completed,online,2025-07-26,NO
185,24418,5317,365.96,completed,online,2025-07-26,NO
1829,28260,10677,1644.11,completed,online,2025-07-26,NO
1,6921,10721,656.84,completed,online,2025-07-26,NO
3036,4350,12738,708.76,completed,online,2025-07-26,NO
418,44840,12864,720.49,completed,online,2025-07-26,NO
1,47296,12988,731.29,failed,online,2025-07-26,NO
598,15827,15524,440.59,failed,online,2025-07-26,NO
1515,12007,16438,872.08,completed,online,2025-07-26,NO
1,36117,16923,1393.6,failed,online,2025-07-26,NO
2571,7971,19657,908.7,failed,online,2025-07-26,NO
1,32206,21111,1892.08,completed,online,2025-07-26,NO
1,36751,24378,1425.8,failed,online,2025-07-26,NO
4805,28687,25840,1446.39,completed,online,2025-07-26,NO
4340,10572,26585,410.34,failed,online,2025-07-26,NO
2253,20448,28606,320.51,failed,online,2025-07-26,NO
70,32664,30874,1137.07,completed,online,2025-07-26,NO
1437,39269,31850,1179.05,completed,online,2025-07-26,NO
1,7398,31890,1926.39,failed,online,2025-07-26,NO
1359,21907,32164,1049.51,completed,online,2025-07-26,NO
1719,45657,32609,230.15,completed,online,2025-07-26,NO
2537,15289,35667,1709.76,failed,online,2025-07-26,NO
645,349,36897,1325.69,failed,online,2025-07-26,NO
813,15438,42409,874.88,completed,UNKNOWN,2025-07-26,NO
178,6195,42594,20.94,completed,online,2025-07-26,NO
698,11418,44129,1150.41,failed,online,2025-07-26,NO
2418,29954,48552,407.95,completed,online,2025-07-26,NO
1738,24872,48757,1386.12,failed,online,2025-07-26,NO
1825,29321,49147,1314.39,failed,online,2025-07-26,NO
4145,29390,49342,416.7,failed,online,2025-07-26,NO
310,5869,53412,1288.05,completed,online,2025-07-26,NO
1520,49478,54481,1399.94,completed,online,2025-07-26,NO
218,43103,54945,881.73,completed,online,2025-07-26,NO
2050,18411,55277,433.34,completed,online,2025-07-26,NO
1,47126,55502,8768.409618785456,completed,online,2025-07-26,NO
3077,247,58129,652.75,failed,online,2025-07-26,NO
1,27182,62965,1035.43,failed,online,2025-07-26,NO
3886,8958,64479,1789.36,completed,online,2025-07-26,NO
4803,6367,65078,42.02,failed,online,2025-07-26,NO
1,44786,66341,553.33,completed,online,2025-07-26,NO
2498,38244,67717,1773.35,failed,online,2025-07-26,NO
559,42577,68929,84.86,failed,UNKNOWN,2025-07-26,NO
2987,4020,69221,880.85,failed,online,2025-07-26,NO
1940,29464,69812,1907.27,completed,online,2025-07-26,NO
3313,10764,70063,1355.05,completed,online,2025-07-26,NO
380,12709,72590,1236.8,completed,online,2025-07-26,NO
2699,28149,72774,1565.35,failed,online,2025-07-26,NO
2457,28091,73908,1394.63,failed,online,2025-07-26,NO
2699,48595,75649,513.75,completed,online,2025-07-26,NO
1994,2737,75673,1824.62,completed,online,2025-07-26,NO
1,39222,84351,1319.29,completed,online,2025-07-26,NO
2927,22977,86180,399.33,completed,online,2025-07-26,NO
3409,9771,88256,1638.09,completed,online,2025-07-26,NO
1,7686,89116,1635.84,completed,online,2025-07-26,NO
2198,33477,92397,1122.47,completed,online,2025-07-26,NO
3023,19208,94624,633.34,completed,online,2025-07-26,NO
4987,24721,95416,917.13,failed,online,2025-07-26,NO
4671,18789,98076,1825.73,failed,online,2025-07-26,NO
2210,29222,99581,1467.6,failed,online,2025-07-26,NO
3836,35429,103968,1214.25,completed,online,2025-07-26,NO
2050,18276,105017,1081.74,completed,online,2025-07-26,NO
3484,9490,105301,732.42,completed,online,2025-07-26,NO
1,29398,106230,661.74,failed,online,2025-07-26,NO
3195,37477,106815,753.59,completed,online,2025-07-26,NO
421,4595,108003,748.05,completed,online,2025-07-26,NO
1,1387,109207,997.99,failed,online,2025-07-26,NO
462,22632,110489,1983.4,completed,online,2025-07-26,NO
1,37118,111801,554.97,completed,online,2025-07-26,NO
1,12851,113045,963.39,failed,online,2025-07-26,NO
1,48704,113467,674.99,failed,online,2025-07-26,NO
4340,32085,115587,1170.9,completed,online,2025-07-26,NO
4021,43426,115762,1535.61,completed,online,2025-07-26,NO
2853,10240,119068,1567.97,completed,online,2025-07-26,NO
4683,9061,121134,60.77,failed,online,2025-07-26,NO
2990,14270,121504,1034.22,failed,online,2025-07-26,NO
1369,28095,126981,1770.64,completed,online,2025-07-26,NO
2973,35810,127433,367.41,failed,online,2025-07-26,NO
1,40687,128870,123.85,failed,UNKNOWN,2025-07-26,NO
3549,16376,129506,1137.22,failed,online,2025-07-26,NO
2508,11622,134111,1985.46,completed,online,2025-07-26,NO
1,34229,134998,1139.61,failed,online,2025-07-26,NO
3112,38893,135635,1167.16,failed,online,2025-07-26,NO
28,2516,139506,1304.63,failed,online,2025-07-26,NO
1,18102,141808,1592.81,failed,online,2025-07-26,NO
3089,45948,143884,792.95,completed,online,2025-07-26,NO
2769,15553,146352,671.55,failed,online,2025-07-26,NO
2408,35606,148954,1222.49,completed,online,2025-07-26,NO
2603,11698,149189,156.15,completed,online,2025-07-26,NO
4711,15897,1546,1451.19,failed,online,2025-01-31,NO
2289,44098,3573,1464.87,completed,online,2025-01-31,NO
1900,9157,5204,171.79,completed,online,2025-01-31,NO
4487,44735,7053,1587.52,completed,online,2025-01-31,NO
1,42746,7705,1729.29,failed,online,2025-01-31,NO
661,36652,7857,493.39,completed,online,2025-01-31,NO
2875,18857,9327,1371.85,failed,online,2025-01-31,NO
907,12374,9981,942.45,failed,online,2025-01-31,NO
4095,15653,9982,1737.77,completed,online,2025-01-31,NO
1,49034,10511,478.04,failed,online,2025-01-31,NO
4038,41464,12012,1808.13,failed,online,2025-01-31,NO
2068,32432,13955,1747.83,completed,online,2025-01-31,NO
1778,14515,14143,1347.57,completed,online,2025-01-31,NO
1,23826,18668,204.47,completed,online,2025-01-31,NO
1,19626,18679,735.18,completed,online,2025-01-31,NO
4774,4506,18707,1067.77,completed,online,2025-01-31,NO
1,41777,19864,1916.77,completed,online,2025-01-31,NO
1710,46784,22391,508.11,failed,online,2025-01-31,NO
4789,37292,23715,1579.4,failed,online,2025-01-31,NO
1,27736,28129,1046.57,failed,online,2025-01-31,NO
1,40995,29578,1393.47,failed,online,2025-01-31,NO
4766,48751,30824,511.91,failed,online,2025-01-31,NO
4485,33275,34037,1030.45,completed,online,2025-01-31,NO
732,28889,34131,184.88,completed,online,2025-01-31,NO
4038,36297,37009,691.29,failed,online,2025-01-31,NO
1952,45179,37392,555.18,completed,online,2025-01-31,NO
2942,23018,41454,692.13,failed,online,2025-01-31,NO
3840,18482,44655,179.39,failed,online,2025-01-31,NO
4077,42,49448,467.66,completed,online,2025-01-31,NO
431,18111,50008,1487.0,completed,online,2025-01-31,NO
4029,17222,53351,324.24,completed,online,2025-01-31,NO
3845,13575,54026,8404.020746753204,failed,online,2025-01-31,NO
2264,42591,56898,1674.24,completed,online,2025-01-31,NO
2398,30507,56918,1941.17,completed,online,2025-01-31,NO
2366,10699,57116,71.79,failed,online,2025-01-31,NO
751,27360,59489,479.93,failed,online,2025-01-31,NO
1735,45230,60741,9443.97088311406,failed,online,2025-01-31,NO
21,37616,61534,543.2,failed,online,2025-01-31,NO
1,19466,61687,884.72,failed,online,2025-01-31,NO
411,31009,65404,1789.64,failed,online,2025-01-31,NO
3810,3013,66346,1998.66,failed,online,2025-01-31,NO
2883,47049,67174,620.44,completed,online,2025-01-31,NO
2137,8519,69294,1025.22,failed,online,2025-01-31,NO
1,48722,70069,1658.8,completed,online,2025-01-31,NO
3557,48263,70381,704.57,failed,online,2025-01-31,NO
4735,31407,70574,591.28,failed,online,2025-01-31,NO
148,2636,71218,860.98,failed,online,2025-01-31,NO
1257,29856,72413,1158.42,completed,online,2025-01-31,NO
1922,8377,73413,1986.29,completed,online,2025-01-31,NO
2958,42052,73936,1350.77,completed,online,2025-01-31,NO
979,35889,73993,865.85,failed,online,2025-01-31,NO
3701,34116,74754,1344.83,completed,online,2025-01-31,NO
806,19369,75293,1658.5,completed,UNKNOWN,2025-01-31,NO
2732,17953,75646,775.58,completed,online,2025-01-31,NO
1498,36874,75706,310.76,failed,online,2025-01-31,NO
29,45788,77984,1818.67,failed,online,2025-01-31,NO
1,34338,82195,1770.1,failed,online,2025-01-31,NO
826,49379,82203,1547.69,completed,online,2025-01-31,NO
2785,21221,83409,336.26,completed,online,2025-01-31,NO
511,7234,83889,1712.08,completed,online,2025-01-31,NO
2694,3408,93726,1975.47,failed,online,2025-01-31,NO
4479,6967,96667,734.26,completed,online,2025-01-31,NO
2925,37066,98688,1809.89,failed,online,2025-01-31,NO
1646,6364,99493,1388.89,completed,online,2025-01-31,NO
3253,8135,99602,1959.69,completed,online,2025-01-31,NO
1972,9976,101665,1938.33,completed,online,2025-01-31,NO
1226,10062,104221,1640.75,completed,online,2025-01-31,NO
2002,40851,105800,708.3,failed,online,2025-01-31,NO
1519,30520,106224,744.29,failed,online,2025-01-31,NO
2317,33210,106338,1884.05,completed,online,2025-01-31,NO
1969,47821,108672,894.15,failed,UNKNOWN,2025-01-31,NO
1,47787,112339,839.36,completed,online,2025-01-31,NO
1,1221,112970,977.44,completed,online,2025-01-31,NO
2505,39150,118706,71.72,completed,online,2025-01-31,NO
1,39853,118747,1342.19,failed,online,2025-01-31,NO
430,22631,119973,790.27,completed,online,2025-01-31,NO
1000,2045,124073,1068.61,completed,online,2025-01-31,NO
939,8946,126258,1161.49,completed,online,2025-01-31,NO
3075,29280,128370,1732.22,completed,online,2025-01-31,NO
436,19237,130134,730.05,completed,UNKNOWN,2025-01-31,NO
935,46057,135073,1266.45,failed,online,2025-01-31,NO
58,32112,136590,1316.3,failed,online,2025-01-31,NO
1,41914,136815,1202.62,completed,online,2025-01-31,NO
1,7033,137879,1349.62,completed,online,2025-01-31,NO
1,33206,139248,1689.68,failed,online,2025-01-31,NO
1296,2078,139420,1924.02,completed,online,2025-01-31,NO
4110,41212,141003,891.41,completed,online,2025-01-31,NO
1,8566,143215,1280.72,failed,online,2025-01-31,NO
1,33252,146452,1059.26,failed,online,2025-01-31,NO
410,9421,2973,220.82,completed,online,2025-05-29,NO
1240,11600,3100,877.27,failed,online,2025-05-29,NO
2398,13539,3315,1439.82,completed,online,2025-05-29,NO
4227,28193,4730,32.38,completed,online,2025-05-29,NO
3937,26283,6151,1608.12,failed,online,2025-05-29,NO
2805,26544,7527,120.38,completed,online,2025-05-29,NO
2962,44188,8000,1659.53,failed,online,2025-05-29,NO
836,6416,8371,849.04,completed,online,2025-05-29,NO
1,3249,11044,781.13,completed,online,2025-05-29,NO
1,23341,11552,52.86,completed,online,2025-05-29,NO
705,21277,14583,1312.78,completed,online,2025-05-29,NO
3916,243,15256,681.76,completed,online,2025-05-29,NO
1,4907,17733,552.36,failed,online,2025-05-29,NO
4739,28748,18154,259.67,failed,online,2025-05-29,NO
1280,34288,19116,1912.7,completed,online,2025-05-29,NO
2195,24422,19970,631.23,completed,UNKNOWN,2025-05-29,NO
764,13644,22649,96.09,failed,online,2025-05-29,NO
2999,24451,22967,1404.26,failed,online,2025-05-29,NO
1,10145,28062,683.29,failed,online,2025-05-29,NO
2174,43676,29914,577.61,completed,online,2025-05-29,NO
1,2040,33240,301.38,failed,online,2025-05-29,NO
841,32790,33613,33.9,failed,online,2025-05-29,NO
233,28957,37617,93.65,completed,online,2025-05-29,NO
4415,10286,38213,840.72,failed,online,2025-05-29,NO
4309,34982,40770,245.7,completed,online,2025-05-29,NO
249,40988,41290,1620.05,completed,online,2025-05-29,NO
670,35001,43771,1824.65,completed,online,2025-05-29,NO
1,44998,43900,1149.81,failed,online,2025-05-29,NO
1,44835,43964,1117.21,completed,online,2025-05-29,NO
3288,28572,46397,961.68,failed,online,2025-05-29,NO
4229,39077,48553,1492.22,failed,online,2025-05-29,NO
3689,40386,49771,860.45,completed,online,2025-05-29,NO
1,16447,50768,1372.87,failed,online,2025-05-29,NO
1,36207,51446,1554.61,completed,online,2025-05-29,NO
1,11228,51579,770.11,completed,online,2025-05-29,NO
1,43648,52030,1074.36,failed,online,2025-05-29,NO
1706,9162,53248,141.61,failed,online,2025-05-29,NO
3560,33617,53661,1257.31,failed,online,2025-05-29,NO
4608,12718,56647,1090.93,failed,online,2025-05-29,NO
1,22725,60414,930.08,failed,online,2025-05-29,NO
1395,17798,60700,834.81,failed,online,2025-05-29,NO
3077,48133,62881,74.24,failed,online,2025-05-29,NO
1687,8775,69400,9339.869714387984,completed,online,2025-05-29,NO
3269,40781,71284,241.55,failed,online,2025-05-29,NO
894,15812,72172,549.89,failed,online,2025-05-29,NO
1,45513,72174,530.5,failed,online,2025-05-29,NO
4008,23597,72350,1313.77,failed,online,2025-05-29,NO
2448,41857,73845,1296.66,failed,online,2025-05-29,NO
1,1280,73885,129.81,completed,online,2025-05-29,NO
1197,19923,74025,612.89,failed,online,2025-05-29,NO
1,42069,79204,1098.16,completed,online,2025-05-29,NO
1834,38194,80075,332.34,failed,online,2025-05-29,NO
3189,45410,81419,1026.65,completed,online,2025-05-29,NO
4639,42705,84913,704.04,failed,online,2025-05-29,NO
1,22893,86488,668.14,completed,online,2025-05-29,NO
4987,41765,90260,925.2,failed,online,2025-05-29,NO
1,10483,90793,1380.56,failed,online,2025-05-29,NO
466,761,93255,1282.39,completed,online,2025-05-29,NO
908,40556,94155,1753.85,failed,online,2025-05-29,NO
1,44831,94649,1927.78,completed,online,2025-05-29,NO
1,15202,98762,632.75,completed,online,2025-05-29,NO
3205,17942,100091,1824.31,completed,online,2025-05-29,NO
1,29919,102210,141.41,completed,online,2025-05-29,NO
1772,25433,107271,692.08,completed,online,2025-05-29,NO
3088,4055,108868,1425.21,completed,online,2025-05-29,NO
1,3353,110834,237.6,failed,online,2025-05-29,NO
2711,32800,112779,1091.43,failed,online,2025-05-29,NO
2709,29574,113734,1225.49,completed,online,2025-05-29,NO
4496,44699,114601,286.05,completed,online,2025-05-29,NO
4979,9841,115692,1462.55,completed,online,2025-05-29,NO
3588,49033,117620,144.61,failed,online,2025-05-29,NO
785,23585,118362,1889.3,failed,online,2025-05-29,NO
1029,6483,119472,1613.51,completed,online,2025-05-29,NO
524,41761,119956,1833.29,failed,online,2025-05-29,NO
1321,22855,121711,1001.41,completed,online,2025-05-29,NO
1,35504,122849,426.52,failed,online,2025-05-29,NO
948,33468,123061,927.13,failed,online,2025-05-29,NO
4419,45323,128725,166.6,completed,UNKNOWN,2025-05-29,NO
4207,7438,134684,476.15,failed,online,2025-05-29,NO
510,27928,134988,848.04,failed,online,2025-05-29,NO
1482,27872,137578,1237.55,failed,online,2025-05-29,NO
741,24740,139022,1551.73,failed,online,2025-05-29,NO
2136,49528,139378,1304.03,completed,online,2025-05-29,NO
1856,18322,140138,210.25,completed,online,2025-05-29,NO
4995,15695,141190,1240.48,failed,online,2025-05-29,NO
4708,41907,142052,1380.15,completed,online,2025-05-29,NO
2230,36435,143504,282.21,completed,online,2025-05-29,NO
3757,16130,145894,446.26,completed,online,2025-05-29,NO
2985,8841,146453,823.47,failed,online,2025-05-29,NO
2329,36133,148647,925.56,failed,online,2025-05-29,NO
549,7804,1514,474.89,completed,online,2025-02-02,NO
874,11190,3297,1010.25,completed,online,2025-02-02,NO
3032,31307,4287,325.29,failed,online,2025-02-02,NO
3749,16920,5395,1718.34,failed,online,2025-02-02,NO
342,29826,6417,357.92,failed,online,2025-02-02,NO
904,23220,6725,1702.17,completed,online,2025-02-02,NO
22,37293,6853,998.92,completed,online,2025-02-02,NO
4874,29821,11908,1058.95,completed,online,2025-02-02,NO
1026,27638,12083,409.03,failed,online,2025-02-02,NO
1,46998,13263,1446.71,failed,online,2025-02-02,NO
2802,2813,16321,92.17,failed,online,2025-02-02,NO
4592,48634,20588,1664.46,failed,online,2025-02-02,NO
283,22243,21434,1864.76,failed,online,2025-02-02,NO
2850,10301,21639,1885.78,failed,online,2025-02-02,NO
3937,34728,24052,1269.21,failed,online,2025-02-02,NO
3182,12089,24073,1841.78,completed,online,2025-02-02,NO
1,11474,27968,1621.48,completed,online,2025-02-02,NO
126,1774,28638,457.02,failed,online,2025-02-02,NO
717,22178,29495,26.85,failed,online,2025-02-02,NO
1200,5516,29875,974.19,completed,online,2025-02-02,NO
4814,14881,35259,659.12,failed,online,2025-02-02,NO
3728,31781,37550,309.63,failed,online,2025-02-02,NO
4048,27916,37728,886.52,completed,online,2025-02-02,NO
3138,25115,38047,1889.8,failed,online,2025-02-02,NO
3607,11916,41299,1164.11,failed,online,2025-02-02,NO
145,14228,42154,681.85,failed,online,2025-02-02,NO
1291,29649,43058,1127.19,completed,online,2025-02-02,NO
545,9237,43262,1510.84,failed,online,2025-02-02,NO
4810,42567,45052,304.8,failed,online,2025-02-02,NO
647,204,45490,1688.64,completed,online,2025-02-02,NO
4355,12483,45867,1889.05,failed,online,2025-02-02,NO
238,40163,48156,445.39,failed,online,2025-02-02,NO
3133,33415,48619,863.57,failed,online,2025-02-02,NO
2289,15592,49347,914.12,completed,online,2025-02-02,NO
3163,15990,50150,1325.15,completed,online,2025-02-02,NO
1,2400,50426,1183.93,completed,online,2025-02-02,NO
3247,8298,54879,728.14,completed,online,2025-02-02,NO
3722,39637,57222,342.74,failed,online,2025-02-02,NO
2579,1923,57634,1313.31,completed,online,2025-02-02,NO
2193,16347,58766,566.06,completed,online,2025-02-02,NO
1,1218,60561,6232.383690303654,completed,online,2025-02-02,NO
1,43350,61656,1412.43,completed,online,2025-02-02,NO
1014,39876,62316,1282.01,completed,online,2025-02-02,NO
2047,26982,62783,970.38,completed,online,2025-02-02,NO
4674,25447,63647,363.09,failed,online,2025-02-02,NO
3290,26749,65444,1330.32,completed,online,2025-02-02,NO
1479,17193,65691,1461.76,failed,online,2025-02-02,NO
4642,46340,65747,463.5,failed,online,2025-02-02,NO
3572,27228,71447,278.13,failed,online,2025-02-02,NO
4591,5374,75401,1831.0,completed,online,2025-02-02,NO
4359,5663,78393,1790.48,completed,online,2025-02-02,NO
1,48876,82983,572.96,failed,online,2025-02-02,NO
2210,45195,87660,1743.03,completed,online,2025-02-02,NO
1,21266,88780,824.6,completed,online,2025-02-02,NO
1346,34475,90087,986.76,completed,online,2025-02-02,NO
4645,5188,90928,400.23,failed,online,2025-02-02,NO
791,32277,91608,301.96,failed,online,2025-02-02,NO
1,20657,91702,398.82,failed,online,2025-02-02,NO
599,21555,94444,848.17,failed,online,2025-02-02,NO
1285,47283,98892,695.81,completed,online,2025-02-02,NO
1,30290,101274,1616.99,failed,online,2025-02-02,NO
984,31706,101774,424.59,completed,online,2025-02-02,NO
1369,13609,105070,1328.83,failed,online,2025-02-02,NO
1,13823,106235,1324.99,failed,online,2025-02-02,NO
2409,16406,107760,74.52,failed,UNKNOWN,2025-02-02,NO
2723,21000,110139,1862.5,failed,online,2025-02-02,NO
806,31000,112140,660.09,failed,online,2025-02-02,NO
216,29483,114937,687.91,failed,online,2025-02-02,NO
3050,33902,117694,663.03,completed,online,2025-02-02,NO
1,26064,118086,924.28,failed,online,2025-02-02,NO
456,28352,121186,1427.0,failed,online,2025-02-02,NO
2784,28781,123298,1863.1,failed,online,2025-02-02,NO
4659,26063,123729,658.53,completed,online,2025-02-02,NO
66,19078,123733,803.14,failed,online,2025-02-02,NO
1109,20339,124588,285.67,completed,online,2025-02-02,NO
1,7114,125979,1857.55,failed,online,2025-02-02,NO
2037,5024,126665,1652.63,completed,online,2025-02-02,NO
1,38079,131449,1194.45,failed,online,2025-02-02,NO
3095,49252,131825,1396.91,failed,online,2025-02-02,NO
1,10461,133197,1009.17,failed,online,2025-02-02,NO
1,24060,133662,1517.28,completed,online,2025-02-02,NO
1926,43426,136614,1558.59,completed,online,2025-02-02,NO
1,32050,138126,1225.68,completed,online,2025-02-02,NO
1,15678,139298,830.66,failed,online,2025-02-02,NO
1042,14260,140401,1535.8,failed,online,2025-02-02,NO
3639,18519,142335,483.75,failed,online,2025-02-02,NO
4690,5953,146009,1212.79,completed,online,2025-02-02,NO
1,41485,146970,717.19,failed,online,2025-02-02,NO
4051,29833,147307,1159.66,failed,online,2025-02-02,NO
2724,42010,149209,1214.32,failed,online,2025-02-02,NO
3254,44825,1577,1930.62,failed,online,2025-11-03,NO
1,43956,1712,1722.71,completed,online,2025-11-03,NO
1,40712,2795,342.87,completed,online,2025-11-03,NO
3620,18788,2943,1623.2,failed,online,2025-11-03,NO
3470,1609,4170,522.93,failed,online,2025-11-03,NO
694,27213,4395,1522.94,completed,online,2025-11-03,NO
942,3852,4803,1628.9,failed,online,2025-11-03,NO
3282,24159,7467,1662.29,completed,online,2025-11-03,NO
1,1197,8283,909.65,failed,online,2025-11-03,NO
741,24225,8988,723.83,failed,online,2025-11-03,NO
234,17072,9215,400.03,completed,online,2025-11-03,NO
3367,41770,10832,1618.41,failed,online,2025-11-03,NO
1,20298,11265,587.82,completed,online,2025-11-03,NO
65,14221,13223,1622.37,failed,online,2025-11-03,NO
2500,40581,13926,1704.53,failed,online,2025-11-03,NO
1,19463,17217,308.06,failed,online,2025-11-03,NO
3452,12493,18061,185.15,failed,online,2025-11-03,NO
301,36038,18546,1374.89,failed,online,2025-11-03,NO
4622,30005,19322,124.87,completed,online,2025-11-03,NO
1,14722,19829,362.73,failed,online,2025-11-03,NO
305,27467,20019,521.7,failed,online,2025-11-03,NO
1811,33194,22245,1889.68,completed,online,2025-11-03,NO
4365,37017,23096,686.47,failed,online,2025-11-03,NO
283,24693,26526,1316.03,completed,online,2025-11-03,NO
4905,23533,28142,1606.32,completed,online,2025-11-03,NO
226,30464,28551,429.06,completed,online,2025-11-03,NO
3153,38115,29781,349.19,completed,online,2025-11-03,NO
695,39529,33562,1434.4,completed,online,2025-11-03,NO
1,12417,34006,940.26,completed,online,2025-11-03,NO
2808,798,34620,286.26,completed,online,2025-11-03,NO
423,33379,35935,1723.35,completed,online,2025-11-03,NO
3878,1972,36376,821.03,completed,online,2025-11-03,NO
2237,38824,37171,477.84,failed,online,2025-11-03,NO
2749,31031,40272,414.01,failed,online,2025-11-03,NO
2611,34602,41666,1724.17,failed,online,2025-11-03,NO
1,5387,44030,1340.03,completed,online,2025-11-03,NO
4348,9068,44646,1789.88,failed,online,2025-11-03,NO
2415,38151,49731,494.23,completed,online,2025-11-03,NO
3557,8593,50975,1232.58,completed,online,2025-11-03,NO
957,5385,51664,966.3,completed,online,2025-11-03,NO
3555,35848,52378,956.0,completed,online,2025-11-03,NO
1615,11509,60164,222.9,completed,online,2025-11-03,NO
2052,32086,61485,1971.31,failed,online,2025-11-03,NO
397,36954,63349,1685.08,failed,online,2025-11-03,NO
1,35358,64140,1376.33,completed,online,2025-11-03,NO
4830,32095,64959,1723.37,completed,online,2025-11-03,NO
1719,12618,65012,34.76,failed,online,2025-11-03,NO
4225,8461,67406,159.09,failed,online,2025-11-03,NO
2727,11540,69519,5295.5424347061235,completed,online,2025-11-03,NO
3734,718,70438,281.08,completed,online,2025-11-03,NO
2511,15150,73214,327.68,failed,online,2025-11-03,NO
1,13413,75707,913.92,completed,online,2025-11-03,NO
642,27694,77486,631.12,failed,online,2025-11-03,NO
1,33098,77821,1568.08,completed,online,2025-11-03,NO
1053,484,78152,446.11,failed,online,2025-11-03,NO
4243,11404,82947,809.1,failed,online,2025-11-03,NO
755,1725,83638,536.09,completed,online,2025-11-03,NO
1,38452,83658,84.35,completed,online,2025-11-03,NO
4307,36671,84280,1277.86,failed,online,2025-11-03,NO
1,44512,85319,618.77,failed,online,2025-11-03,NO
1,33347,86353,787.96,completed,online,2025-11-03,NO
2955,23944,86576,1493.08,completed,online,2025-11-03,NO
3083,4008,86728,1470.39,completed,online,2025-11-03,NO
1560,38919,87506,1834.0,failed,online,2025-11-03,NO
2941,45062,88543,940.39,completed,online,2025-11-03,NO
1,3558,88992,1634.44,failed,online,2025-11-03,NO
405,13440,89441,1355.52,completed,online,2025-11-03,NO
4250,6817,89532,143.4,failed,online,2025-11-03,NO
3718,17095,94725,989.79,completed,online,2025-11-03,NO
1916,25904,96697,1226.16,failed,online,2025-11-03,NO
487,5717,97502,1827.34,failed,online,2025-11-03,NO
449,48420,99437,930.67,failed,online,2025-11-03,NO
1,40697,100925,1114.7,failed,online,2025-11-03,NO
3551,39504,102422,1749.99,failed,online,2025-11-03,NO
245,4326,109875,1653.61,failed,online,2025-11-03,NO
4998,20894,114383,1046.61,completed,online,2025-11-03,NO
2900,21468,114549,1699.12,failed,online,2025-11-03,NO
4012,15945,118559,1841.55,failed,online,2025-11-03,NO
3280,12304,125495,1971.97,failed,online,2025-11-03,NO
2793,13989,132825,595.13,completed,online,2025-11-03,NO
3945,44141,133476,348.78,failed,online,2025-11-03,NO
1587,14928,134437,985.34,failed,online,2025-11-03,NO
2232,28679,135417,981.54,failed,online,2025-11-03,NO
4254,19123,137216,220.28,completed,online,2025-11-03,NO
3962,27707,137961,404.81,failed,UNKNOWN,2025-11-03,NO
2281,25761,138926,937.14,completed,online,2025-11-03,NO
3134,49097,139366,566.78,completed,online,2025-11-03,NO
1007,24129,141750,132.46,completed,online,2025-11-03,NO
739,2395,144824,1575.85,completed,online,2025-11-03,NO
1,30853,147557,161.19,failed,online,2025-11-03,NO
3471,2467,54,1199.01,completed,online,2025-06-20,NO
1077,37724,5564,444.11,completed,online,2025-06-20,NO
1,16106,6583,780.72,failed,online,2025-06-20,NO
1945,37919,12081,1795.69,completed,online,2025-06-20,NO
3460,32875,12216,1034.31,completed,online,2025-06-20,NO
4728,2391,13466,1253.04,completed,online,2025-06-20,NO
3754,687,14244,1429.65,failed,online,2025-06-20,NO
4880,36822,15031,334.66,failed,online,2025-06-20,NO
1,8744,15038,874.45,failed,online,2025-06-20,NO
1,35563,16806,50.95,failed,online,2025-06-20,NO
4161,24423,17230,397.97,failed,online,2025-06-20,NO
2500,39425,17358,210.61,failed,online,2025-06-20,NO
1713,29851,17556,1264.51,failed,online,2025-06-20,NO
36,9391,19836,1877.01,completed,online,2025-06-20,NO
1,31546,21433,1888.19,completed,UNKNOWN,2025-06-20,NO
2546,10516,22139,668.27,completed,online,2025-06-20,NO
4173,21997,22160,912.08,completed,online,2025-06-20,NO
1079,46542,24079,1295.86,failed,online,2025-06-20,NO
4261,35639,24537,887.32,failed,online,2025-06-20,NO
4061,40649,29585,939.56,completed,online,2025-06-20,NO
205,11355,29773,617.86,completed,online,2025-06-20,NO
4104,18065,30002,674.56,failed,online,2025-06-20,NO
166,2552,30969,123.03,completed,online,2025-06-20,NO
3617,1763,33114,361.62,failed,online,2025-06-20,NO
1,18041,33426,1300.7,failed,online,2025-06-20,NO
2224,1923,37193,1807.66,completed,online,2025-06-20,NO
1438,36862,37301,877.85,completed,online,2025-06-20,NO
1,15936,40163,443.83,completed,online,2025-06-20,NO
4046,27607,41396,1863.05,failed,online,2025-06-20,NO
1,45024,43815,1944.47,failed,online,2025-06-20,NO
2585,11844,45128,696.33,failed,online,2025-06-20,NO
1606,27935,46302,921.81,completed,online,2025-06-20,NO
2107,30949,47435,893.16,failed,online,2025-06-20,NO
771,6538,49022,510.56,completed,online,2025-06-20,NO
3577,35704,50376,777.47,failed,online,2025-06-20,NO
1,9501,52054,689.49,failed,online,2025-06-20,NO
1515,31673,52296,277.77,failed,online,2025-06-20,NO
1,18630,53533,1041.94,failed,online,2025-06-20,NO
1263,2266,54095,585.62,completed,online,2025-06-20,NO
4506,35825,56296,90.26,failed,online,2025-06-20,NO
3679,7067,60181,8709.32574135076,failed,online,2025-06-20,NO
4136,41530,64597,694.64,completed,online,2025-06-20,NO
2207,43285,64617,1271.65,failed,online,2025-06-20,NO
4451,45608,65401,1558.57,completed,online,2025-06-20,NO
3585,35083,69759,1904.82,completed,online,2025-06-20,NO
1,22909,71254,1359.55,completed,online,2025-06-20,NO
3617,34768,71270,58.08,completed,online,2025-06-20,NO
2185,41408,71385,1549.18,failed,online,2025-06-20,NO
3591,41914,76245,1844.6,completed,online,2025-06-20,NO
401,33232,76429,200.45,failed,online,2025-06-20,NO
3434,7421,78316,896.28,failed,online,2025-06-20,NO
3789,31837,79501,1994.06,failed,online,2025-06-20,NO
1397,47880,80645,624.63,failed,online,2025-06-20,NO
480,38620,81033,9568.683897469815,failed,online,2025-06-20,NO
2812,7478,82204,433.98,failed,online,2025-06-20,NO
1,1681,82265,872.14,failed,online,2025-06-20,NO
55,40892,83991,1430.88,failed,online,2025-06-20,NO
2861,25941,86382,652.01,failed,online,2025-06-20,NO
1,12962,86561,71.71,failed,online,2025-06-20,NO
2113,11776,86760,184.81,failed,online,2025-06-20,NO
3266,40278,89999,1504.62,failed,online,2025-06-20,NO
3217,38461,94527,1339.32,failed,online,2025-06-20,NO
3551,28104,97689,732.38,failed,online,2025-06-20,NO
612,10536,99501,1667.3,completed,online,2025-06-20,NO
854,32342,101083,1599.57,completed,online,2025-06-20,NO
1,237,102817,1035.15,completed,online,2025-06-20,NO
4018,19016,104066,832.06,completed,online,2025-06-20,NO
2959,28192,108363,621.97,failed,online,2025-06-20,NO
3841,34772,108366,93.2,failed,online,2025-06-20,NO
1917,18285,110449,711.65,failed,online,2025-06-20,NO
1588,46133,111528,267.52,failed,online,2025-06-20,NO
430,32062,112330,162.98,failed,online,2025-06-20,NO
1,10950,116029,892.78,failed,online,2025-06-20,NO
4989,22022,119253,786.62,failed,online,2025-06-20,NO
3251,3006,124058,766.33,failed,online,2025-06-20,NO
328,7455,124856,1904.61,failed,online,2025-06-20,NO
1,7652,125578,1694.1,completed,online,2025-06-20,NO
3761,14520,129425,27.21,completed,online,2025-06-20,NO
1,18073,130508,874.23,failed,online,2025-06-20,NO
2352,18496,131241,881.81,failed,online,2025-06-20,NO
1,31642,131353,1847.98,completed,online,2025-06-20,NO
3646,15620,132336,1840.54,failed,online,2025-06-20,NO
3596,24026,132357,666.01,completed,online,2025-06-20,NO
4435,47431,133681,589.63,completed,online,2025-06-20,NO
1,6992,133698,223.43,failed,online,2025-06-20,NO
2383,12650,137955,1334.16,completed,online,2025-06-20,NO
941,34376,139739,1341.49,completed,online,2025-06-20,NO
1864,15378,142338,1348.84,failed,online,2025-06-20,NO
861,39944,144764,1295.75,completed,online,2025-06-20,NO
2648,36682,146052,1444.3,failed,online,2025-06-20,NO
2565,28298,2941,68.79,failed,online,2025-04-17,NO
3007,12238,3243,728.27,completed,online,2025-04-17,NO
3410,14198,4569,1917.24,failed,online,2025-04-17,NO
1391,29860,4608,493.06,completed,online,2025-04-17,NO
1,40123,5357,102.1,completed,online,2025-04-17,NO
3388,743,7601,730.68,failed,online,2025-04-17,NO
4988,42372,13493,653.17,failed,online,2025-04-17,NO
4555,18906,14675,1792.61,completed,online,2025-04-17,NO
1825,47857,15110,1088.83,completed,online,2025-04-17,NO
1368,30519,15537,466.13,completed,online,2025-04-17,NO
1308,34765,15684,1931.5,completed,online,2025-04-17,NO
1,34180,18391,75.49,completed,online,2025-04-17,NO
4434,40167,18428,1129.6,completed,online,2025-04-17,NO
4769,39361,22619,713.03,completed,online,2025-04-17,NO
3179,49952,24563,1060.37,failed,online,2025-04-17,NO
665,49429,25172,1977.98,failed,online,2025-04-17,NO
2806,36231,26805,1855.48,completed,online,2025-04-17,NO
1683,33999,26842,1656.41,completed,online,2025-04-17,NO
1,6933,27312,1756.66,failed,online,2025-04-17,NO
1,5253,28477,440.23,failed,online,2025-04-17,NO
1007,5167,28962,366.6,completed,online,2025-04-17,NO
3460,1076,29158,1364.8,failed,online,2025-04-17,NO
2272,30698,31486,1379.4,failed,online,2025-04-17,NO
1712,17590,32800,621.47,completed,online,2025-04-17,NO
1241,42464,34824,877.41,completed,online,2025-04-17,NO
1,22990,35741,1067.11,completed,online,2025-04-17,NO
1,17362,40050,1275.19,completed,online,2025-04-17,NO
3094,7853,40357,1563.28,completed,online,2025-04-17,NO
463,26485,40560,1207.78,failed,online,2025-04-17,NO
3171,3779,42001,754.59,completed,online,2025-04-17,NO
3947,12832,43622,569.45,completed,online,2025-04-17,NO
1800,10043,45293,1966.99,failed,online,2025-04-17,NO
3670,37545,45771,29.61,completed,online,2025-04-17,NO
2219,5619,47079,1276.43,completed,online,2025-04-17,NO
2311,31552,47350,380.57,failed,online,2025-04-17,NO
3600,36111,49069,1480.37,completed,online,2025-04-17,NO
3809,7789,49130,1513.88,completed,online,2025-04-17,NO
2972,27210,50091,554.15,completed,online,2025-04-17,NO
1,25154,54727,1075.68,failed,online,2025-04-17,NO
4451,13592,55819,639.9,completed,online,2025-04-17,NO
235,12304,55989,994.78,failed,online,2025-04-17,NO
1,36731,60267,1190.97,failed,online,2025-04-17,NO
3376,13145,64124,667.26,completed,online,2025-04-17,NO
907,9169,64176,1299.49,failed,online,2025-04-17,NO
1,21931,69718,1472.22,completed,online,2025-04-17,NO
1166,42473,72020,778.57,completed,online,2025-04-17,NO
1,24773,74840,1209.33,completed,online,2025-04-17,NO
2857,46140,76612,216.28,completed,online,2025-04-17,NO
675,7838,78878,1574.18,failed,online,2025-04-17,NO
2253,35948,80401,1557.72,failed,online,2025-04-17,NO
4940,9949,80860,1652.51,completed,online,2025-04-17,NO
91,10193,83541,1129.09,completed,online,2025-04-17,NO
4534,35545,83945,1671.84,failed,online,2025-04-17,NO
4424,19891,84370,855.69,failed,online,2025-04-17,NO
3686,1679,85432,1312.65,completed,online,2025-04-17,NO
1,26114,86724,1186.16,completed,online,2025-04-17,NO
1,23109,88024,1798.33,failed,online,2025-04-17,NO
222,43863,89016,845.34,completed,online,2025-04-17,NO
3174,17452,89115,1406.06,failed,online,2025-04-17,NO
957,18717,89518,1157.13,completed,online,2025-04-17,NO
899,26411,91323,1336.86,completed,online,2025-04-17,NO
404,49205,95952,1254.08,completed,online,2025-04-17,NO
2033,26693,97257,1857.75,failed,online,2025-04-17,NO
1881,42442,99417,1720.07,failed,online,2025-04-17,NO
3149,8651,99810,605.12,failed,online,2025-04-17,NO
4250,46113,100436,1939.19,failed,UNKNOWN,2025-04-17,NO
3494,16121,107965,30.46,failed,online,2025-04-17,NO
4458,37671,110407,1340.64,failed,online,2025-04-17,NO
4670,36982,110923,1624.37,completed,online,2025-04-17,NO
4422,20656,111451,574.39,completed,online,2025-04-17,NO
3437,9821,113069,1606.03,failed,online,2025-04-17,NO
2865,44721,113601,732.31,failed,online,2025-04-17,NO
4419,49143,118053,1869.24,completed,online,2025-04-17,NO
1075,25951,123478,357.68,failed,online,2025-04-17,NO
2073,44388,124092,1389.28,failed,online,2025-04-17,NO
1303,24655,125334,1846.05,failed,online,2025-04-17,NO
1870,4455,129837,181.86,failed,online,2025-04-17,NO
1,9284,130686,1825.88,completed,online,2025-04-17,NO
1,36280,133818,1082.35,completed,online,2025-04-17,NO
3801,25563,136377,1923.29,completed,online,2025-04-17,NO
552,19220,138031,751.61,completed,online,2025-04-17,NO
1744,42624,138579,1029.7,failed,online,2025-04-17,NO
4853,48302,139815,147.15,failed,online,2025-04-17,NO
1,38876,140550,1350.27,completed,online,2025-04-17,NO
3481,7936,143626,202.4,failed,online,2025-04-17,NO
1,23309,144366,624.49,failed,online,2025-04-17,NO
1,16789,145817,425.53,failed,online,2025-04-17,NO
4030,16993,149260,1256.78,completed,online,2025-04-17,NO
3299,43216,149716,1793.55,failed,online,2025-04-17,NO
1586,42791,3467,1697.8,completed,online,2025-03-24,NO
65,22351,3869,829.63,failed,online,2025-03-24,NO
1529,34882,4548,58.88,completed,online,2025-03-24,NO
575,47558,4686,99.12,failed,online,2025-03-24,NO
4021,15351,4763,606.37,failed,online,2025-03-24,NO
2460,24635,8074,752.94,completed,online,2025-03-24,NO
4943,19103,10675,1033.79,failed,online,2025-03-24,NO
3506,12363,16198,1314.02,failed,online,2025-03-24,NO
3547,4974,17481,1621.05,completed,UNKNOWN,2025-03-24,NO
574,22131,19111,1549.44,failed,online,2025-03-24,NO
1192,6718,23895,1447.0,completed,online,2025-03-24,NO
2606,15955,28395,373.87,completed,online,2025-03-24,NO
1,37576,30671,1274.91,completed,online,2025-03-24,NO
3228,36381,32186,776.96,completed,online,2025-03-24,NO
3058,32914,32531,540.41,completed,online,2025-03-24,NO
446,49338,32681,43.13,failed,online,2025-03-24,NO
4293,23546,34342,336.07,completed,online,2025-03-24,NO
4539,12833,36856,1806.7,failed,online,2025-03-24,NO
2163,34446,37081,347.45,failed,online,2025-03-24,NO
1,14771,37346,1585.17,completed,online,2025-03-24,NO
1,4216,38579,715.13,completed,online,2025-03-24,NO
1,29165,40182,5955.36476393024,completed,online,2025-03-24,NO
1,41759,40805,365.54,completed,online,2025-03-24,NO
4335,16535,40966,226.96,failed,online,2025-03-24,NO
1,16719,44249,228.04,completed,online,2025-03-24,NO
3540,8817,45725,373.53,failed,online,2025-03-24,NO
2844,31891,46222,1483.15,failed,online,2025-03-24,NO
4009,49738,46860,1731.52,completed,online,2025-03-24,NO
3951,25241,46955,1476.93,failed,online,2025-03-24,NO
1,41295,48554,778.9,failed,online,2025-03-24,NO
1,24230,49324,369.99,failed,online,2025-03-24,NO
2640,45629,51134,1597.52,failed,online,2025-03-24,NO
1434,23216,51438,1804.98,completed,online,2025-03-24,NO
544,42050,52009,1977.58,failed,online,2025-03-24,NO
3990,1234,52022,859.57,failed,online,2025-03-24,NO
4801,32349,53197,593.79,failed,online,2025-03-24,NO
3376,48930,53432,1175.64,completed,online,2025-03-24,NO
2686,34233,55590,379.81,completed,online,2025-03-24,NO
1,43386,56329,1337.08,completed,online,2025-03-24,NO
1,10637,59431,1185.69,completed,online,2025-03-24,NO
2522,34853,64538,879.41,completed,online,2025-03-24,NO
4868,4356,67038,1376.16,completed,online,2025-03-24,NO
1,29326,67214,1604.11,failed,online,2025-03-24,NO
2930,48871,67958,1979.57,failed,online,2025-03-24,NO
1,21306,68580,1418.39,failed,online,2025-03-24,NO
4695,24142,77414,332.38,completed,online,2025-03-24,NO
1335,47986,77612,1958.36,failed,online,2025-03-24,NO
822,23009,78416,62.92,completed,online,2025-03-24,NO
1975,3382,78865,1132.41,failed,online,2025-03-24,NO
2464,20825,79601,684.15,completed,online,2025-03-24,NO
3064,21951,81292,215.54,failed,UNKNOWN,2025-03-24,NO
2796,29613,82972,378.54,completed,online,2025-03-24,NO
1630,40454,84941,470.5,failed,online,2025-03-24,NO
181,33900,85313,506.54,failed,online,2025-03-24,NO
4333,43180,87298,950.21,failed,online,2025-03-24,NO
2525,19699,90810,1304.69,completed,online,2025-03-24,NO
4162,24948,91227,1953.11,completed,online,2025-03-24,NO
491,12911,91795,50.89,failed,online,2025-03-24,NO
1237,14166,98316,806.09,completed,online,2025-03-24,NO
1945,33093,100753,1859.24,failed,online,2025-03-24,NO
2135,42127,101999,374.39,failed,online,2025-03-24,NO
1007,49911,103072,1723.46,completed,online,2025-03-24,NO
2072,47517,107088,615.56,completed,online,2025-03-24,NO
110,32712,108828,451.71,failed,online,2025-03-24,NO
1,19864,108969,1676.26,failed,online,2025-03-24,NO
2499,22951,110247,386.53,failed,online,2025-03-24,NO
2293,11276,110347,1770.0,failed,online,2025-03-24,NO
145,10542,110900,1671.81,failed,online,2025-03-24,NO
163,16422,111919,1777.61,failed,online,2025-03-24,NO
2164,10322,112274,1179.77,completed,online,2025-03-24,NO
4216,39150,113157,421.97,failed,online,2025-03-24,NO
2301,22859,114173,15.26,failed,online,2025-03-24,NO
1443,9693,116926,724.66,completed,online,2025-03-24,NO
3040,37393,118093,1841.81,failed,online,2025-03-24,NO
2757,6336,118944,347.8,completed,UNKNOWN,2025-03-24,NO
1406,3941,119581,496.47,failed,online,2025-03-24,NO
16,38759,122694,1287.47,failed,online,2025-03-24,NO
491,4920,122903,1331.4,completed,online,2025-03-24,NO
4448,44331,129276,1270.24,failed,online,2025-03-24,NO
379,46785,129587,787.17,completed,online,2025-03-24,NO
2855,44859,132804,1237.17,completed,online,2025-03-24,NO
2988,13569,135433,1308.94,completed,online,2025-03-24,NO
3992,25859,135578,1076.62,completed,online,2025-03-24,NO
1894,34821,141134,1123.04,failed,online,2025-03-24,NO
1258,15865,141455,737.77,failed,online,2025-03-24,NO
1917,45009,143061,278.77,failed,online,2025-03-24,NO
1815,33153,145341,1513.92,failed,online,2025-03-24,NO
3022,23094,146214,1712.44,failed,online,2025-03-24,NO
3583,47908,148937,666.44,failed,online,2025-03-24,NO
2005,5201,2594,1426.58,failed,online,2025-03-28,NO
4800,12988,2948,966.36,failed,online,2025-03-28,NO
2923,38997,8070,682.79,failed,online,2025-03-28,NO
2104,8334,8472,1876.51,completed,online,2025-03-28,NO
3078,43527,8783,448.68,failed,online,2025-03-28,NO
2165,45849,9201,298.29,failed,online,2025-03-28,NO
769,44853,9676,1423.14,completed,online,2025-03-28,NO
4371,2712,10787,87.22,completed,online,2025-03-28,NO
3490,42860,12990,568.87,completed,online,2025-03-28,NO
2798,20999,13366,439.64,completed,online,2025-03-28,NO
3022,24476,15488,1572.54,completed,online,2025-03-28,NO
1,40272,16381,42.2,failed,online,2025-03-28,NO
1,20179,17235,1127.52,failed,online,2025-03-28,NO
1568,26182,18604,794.13,failed,online,2025-03-28,NO
2538,35193,19999,458.13,completed,online,2025-03-28,NO
4576,10505,21483,770.95,completed,online,2025-03-28,NO
1729,24504,21493,300.36,failed,online,2025-03-28,NO
4645,46289,21972,1221.39,completed,online,2025-03-28,NO
1050,19310,24560,433.12,failed,online,2025-03-28,NO
3799,43938,25391,1264.79,failed,online,2025-03-28,NO
314,39342,26757,1111.14,completed,online,2025-03-28,NO
1,2355,27815,1176.39,completed,online,2025-03-28,NO
3966,7982,28630,115.46,failed,online,2025-03-28,NO
183,43060,30949,941.8,failed,online,2025-03-28,NO
1,33801,31437,1034.64,completed,online,2025-03-28,NO
2314,39351,36801,1582.74,failed,online,2025-03-28,NO
3328,44324,37071,93.38,completed,online,2025-03-28,NO
3064,16370,39499,1259.54,failed,online,2025-03-28,NO
671,43683,41608,80.79,completed,online,2025-03-28,NO
3875,16492,42143,32.32,failed,online,2025-03-28,NO
2873,7565,45954,830.55,failed,online,2025-03-28,NO
1,13167,46330,352.14,failed,online,2025-03-28,NO
2864,12615,47631,1659.43,failed,online,2025-03-28,NO
1,3294,48889,40.3,completed,online,2025-03-28,NO
4938,6342,49337,268.03,completed,online,2025-03-28,NO
4219,39233,53236,508.21,failed,online,2025-03-28,NO
4006,23878,54571,1564.54,completed,online,2025-03-28,NO
644,31523,54679,989.34,completed,online,2025-03-28,NO
4566,48192,60194,316.69,failed,online,2025-03-28,NO
1193,37977,62020,1213.04,failed,online,2025-03-28,NO
1322,29606,62413,490.69,failed,online,2025-03-28,NO
2560,29810,63742,774.3,failed,online,2025-03-28,NO
1,45361,64873,197.7,failed,online,2025-03-28,NO
756,35879,69585,1752.69,completed,online,2025-03-28,NO
4484,10693,75065,1438.27,completed,online,2025-03-28,NO
1515,14524,76161,463.8,failed,online,2025-03-28,NO
3239,14631,76265,1904.15,failed,online,2025-03-28,NO
1,21989,78384,506.48,completed,online,2025-03-28,NO
1,1032,79233,1977.78,completed,online,2025-03-28,NO
1874,48377,81046,753.68,completed,online,2025-03-28,NO
1943,42307,83431,1100.88,completed,online,2025-03-28,NO
3343,22832,84304,1334.5,failed,online,2025-03-28,NO
2963,35114,86653,685.71,completed,online,2025-03-28,NO
2847,35710,87378,541.86,completed,online,2025-03-28,NO
110,14054,87677,439.66,failed,online,2025-03-28,NO
2506,12849,89749,97.31,failed,online,2025-03-28,NO
3980,20459,90538,242.67,failed,online,2025-03-28,NO
81,47983,93914,348.45,failed,online,2025-03-28,NO
1611,13176,96832,1134.96,failed,online,2025-03-28,NO
1,16125,98460,895.03,completed,online,2025-03-28,NO
1,9124,99344,1981.57,completed,online,2025-03-28,NO
4744,49611,99424,1635.87,failed,online,2025-03-28,NO
4842,34464,103303,32.22,completed,online,2025-03-28,NO
4881,25609,104748,88.75,failed,online,2025-03-28,NO
870,3048,106483,425.91,failed,online,2025-03-28,NO
1607,31110,107719,286.44,completed,online,2025-03-28,NO
4609,27148,110146,1366.25,failed,online,2025-03-28,NO
986,40693,113582,621.29,failed,online,2025-03-28,NO
1,31111,115261,1299.66,failed,online,2025-03-28,NO
2877,32105,115793,42.72,failed,online,2025-03-28,NO
1,48955,117005,169.91,failed,online,2025-03-28,NO
3146,16643,117318,1396.42,completed,online,2025-03-28,NO
316,48814,117434,1097.97,failed,online,2025-03-28,NO
4601,28109,118801,276.93,failed,online,2025-03-28,NO
2546,21426,120209,1017.82,failed,online,2025-03-28,NO
1188,1943,120363,433.12,failed,online,2025-03-28,NO
1186,11046,123057,263.03,completed,online,2025-03-28,NO
3343,46303,126303,764.64,completed,online,2025-03-28,NO
1,46338,128230,1251.55,failed,online,2025-03-28,NO
41,33213,129844,1112.83,completed,online,2025-03-28,NO
1,9773,130049,195.44,failed,online,2025-03-28,NO
4640,3211,132642,1710.12,failed,online,2025-03-28,NO
901,39104,135951,1123.86,failed,online,2025-03-28,NO
1104,40247,139929,1331.43,completed,online,2025-03-28,NO
2067,32981,141845,1300.14,completed,online,2025-03-28,NO
3304,34572,142350,966.17,completed,online,2025-03-28,NO
472,15511,144419,693.93,failed,online,2025-03-28,NO
644,10530,146186,1358.81,completed,UNKNOWN,2025-03-28,NO
1,44077,146374,1208.16,failed,online,2025-03-28,NO
4610,11458,149950,1885.34,completed,online,2025-03-28,NO
1,26410,226,245.93,completed,online,2025-08-07,NO
714,32439,376,1106.97,completed,UNKNOWN,2025-08-07,NO
3988,33790,3031,714.48,completed,online,2025-08-07,NO
2812,42672,3265,1415.19,failed,online,2025-08-07,NO
1,8616,9083,1684.72,completed,online,2025-08-07,NO
2163,25890,9587,179.08,completed,online,2025-08-07,NO
810,1017,9686,687.85,completed,online,2025-08-07,NO
3730,17881,10221,1834.85,failed,online,2025-08-07,NO
1,43572,13863,1262.55,completed,online,2025-08-07,NO
1830,13407,16498,1101.68,failed,online,2025-08-07,NO
4626,29933,22418,1127.13,completed,online,2025-08-07,NO
1,13786,22424,365.35,completed,online,2025-08-07,NO
4243,4461,22639,1617.57,completed,online,2025-08-07,NO
2191,40299,23182,849.6,failed,online,2025-08-07,NO
98,46835,24673,939.82,completed,online,2025-08-07,NO
161,34006,24703,122.98,failed,online,2025-08-07,NO
1006,40652,25242,1164.89,failed,online,2025-08-07,NO
3551,38117,25370,690.14,completed,online,2025-08-07,NO
3014,31945,26264,1255.75,completed,online,2025-08-07,NO
4857,46078,26987,544.63,completed,online,2025-08-07,NO
762,27820,28771,799.09,completed,online,2025-08-07,NO
4517,26057,31671,1883.36,failed,online,2025-08-07,NO
1,36104,34446,1981.15,completed,online,2025-08-07,NO
1,25485,41047,1334.6,completed,online,2025-08-07,NO
3405,17675,41490,67.55,completed,online,2025-08-07,NO
4010,15461,42316,976.54,completed,online,2025-08-07,NO
1,21622,42525,283.31,completed,online,2025-08-07,NO
4854,25460,47347,10.9,failed,online,2025-08-07,NO
1,32769,51798,1148.09,completed,online,2025-08-07,NO
3943,17328,53107,1163.4,completed,online,2025-08-07,NO
929,43460,54612,607.06,failed,UNKNOWN,2025-08-07,NO
4671,4890,54841,1036.13,completed,online,2025-08-07,NO
1,40573,55568,602.04,failed,online,2025-08-07,NO
2017,4556,55947,1357.69,completed,online,2025-08-07,NO
494,11832,56406,1132.68,failed,online,2025-08-07,NO
3433,47622,57358,1141.22,failed,online,2025-08-07,NO
1483,96,58235,203.88,failed,online,2025-08-07,NO
2469,40849,58330,1964.66,failed,online,2025-08-07,NO
1,24785,58833,1836.54,failed,online,2025-08-07,NO
1,49717,62700,95.65,completed,online,2025-08-07,NO
2147,25717,62910,372.76,failed,online,2025-08-07,NO
551,40106,67303,822.48,failed,online,2025-08-07,NO
3945,28221,68875,210.6,failed,online,2025-08-07,NO
1,5311,71970,733.33,completed,online,2025-08-07,NO
453,38564,74716,1933.29,completed,online,2025-08-07,NO
4746,31050,76035,1272.16,completed,online,2025-08-07,NO
1,14139,78619,1233.85,failed,online,2025-08-07,NO
4934,3814,81583,671.29,failed,online,2025-08-07,NO
2950,20145,82489,1498.37,completed,online,2025-08-07,NO
4696,40997,84168,246.55,failed,online,2025-08-07,NO
4022,16646,84853,789.42,failed,online,2025-08-07,NO
1,36492,85730,876.06,completed,online,2025-08-07,NO
1,39617,88335,1822.8,completed,online,2025-08-07,NO
1750,28185,88818,949.57,failed,online,2025-08-07,NO
3811,36303,90506,18.63,completed,online,2025-08-07,NO
2088,33724,90546,1486.23,failed,online,2025-08-07,NO
615,22171,90749,1491.81,completed,online,2025-08-07,NO
3472,232,93221,1571.68,completed,online,2025-08-07,NO
4345,22717,93817,1234.32,completed,online,2025-08-07,NO
842,10401,97117,1371.58,failed,online,2025-08-07,NO
4769,17384,98420,315.38,completed,online,2025-08-07,NO
824,48121,98904,808.93,completed,online,2025-08-07,NO
1,25216,98964,1006.64,failed,online,2025-08-07,NO
1885,43780,101296,743.3,completed,online,2025-08-07,NO
893,40838,101703,984.28,completed,online,2025-08-07,NO
1,34215,108757,9377.054267130794,failed,online,2025-08-07,NO
1,11248,111533,1577.62,failed,online,2025-08-07,NO
4386,29399,114594,6762.308075810451,completed,online,2025-08-07,NO
1,43573,116384,663.26,completed,online,2025-08-07,NO
1,9644,118692,1312.52,completed,online,2025-08-07,NO
1,32336,119831,1679.2,completed,online,2025-08-07,NO
672,35393,122176,967.62,failed,online,2025-08-07,NO
3073,46766,122777,23.49,completed,online,2025-08-07,NO
4298,69,124016,288.27,completed,online,2025-08-07,NO
1,25493,127120,144.07,failed,online,2025-08-07,NO
352,28676,128260,1486.39,completed,online,2025-08-07,NO
750,21735,129321,1622.45,failed,online,2025-08-07,NO
305,9214,134362,1927.02,completed,online,2025-08-07,NO
946,11866,134564,1928.04,failed,online,2025-08-07,NO
4140,9199,135790,32.35,completed,online,2025-08-07,NO
1582,37232,135800,202.53,failed,online,2025-08-07,NO
1,38015,135896,432.04,failed,online,2025-08-07,NO
1178,33751,138346,8330.628349132903,failed,online,2025-08-07,NO
4542,26644,139448,1892.58,completed,online,2025-08-07,NO
1,46219,142477,1172.17,failed,online,2025-08-07,NO
4427,34034,142779,1476.12,failed,online,2025-08-07,NO
3037,49930,148621,1015.89,failed,online,2025-08-07,NO
4234,25152,149533,283.42,failed,online,2025-08-07,NO
1822,40262,149627,1410.27,failed,online,2025-08-07,NO
1,42700,4405,809.85,completed,online,2025-06-25,NO
1461,3095,4508,124.51,completed,online,2025-06-25,NO
2018,35863,7520,742.76,failed,online,2025-06-25,NO
4359,35286,9369,188.91,completed,online,2025-06-25,NO
410,24698,13287,1046.94,completed,online,2025-06-25,NO
600,18772,14025,706.15,completed,online,2025-06-25,NO
3862,37539,14990,1080.7,failed,online,2025-06-25,NO
2997,34452,16424,266.95,failed,online,2025-06-25,NO
888,28031,20117,62.82,completed,online,2025-06-25,NO
1,983,20783,1708.22,completed,online,2025-06-25,NO
2519,9951,21403,1233.26,failed,online,2025-06-25,NO
1234,15642,22733,803.66,completed,online,2025-06-25,NO
1881,40054,25037,1795.09,completed,online,2025-06-25,NO
1931,26444,25511,102.85,completed,online,2025-06-25,NO
1311,27697,27490,840.8,failed,online,2025-06-25,NO
210,44364,28774,162.08,completed,online,2025-06-25,NO
2719,20033,30384,1764.72,completed,online,2025-06-25,NO
1,31745,32630,1139.76,completed,online,2025-06-25,NO
568,46622,34483,120.25,completed,online,2025-06-25,NO
1,35507,37380,1650.09,completed,online,2025-06-25,NO
1,17515,38923,1994.04,failed,online,2025-06-25,NO
1,29215,39464,1031.47,completed,online,2025-06-25,NO
2126,26344,40457,1681.93,completed,online,2025-06-25,NO
2437,7280,45033,765.71,failed,online,2025-06-25,NO
556,8737,45880,439.54,failed,online,2025-06-25,NO
853,6184,46408,47.32,completed,online,2025-06-25,NO
827,14085,46636,122.18,failed,online,2025-06-25,NO
4063,31450,47229,1269.45,failed,online,2025-06-25,NO
624,5621,50906,631.46,completed,online,2025-06-25,NO
1652,3411,53122,1723.24,completed,online,2025-06-25,NO
1379,10913,58702,842.95,completed,online,2025-06-25,NO
1825,40895,62579,489.74,failed,online,2025-06-25,NO
2455,9203,63201,1446.78,failed,online,2025-06-25,NO
3165,15211,64987,1367.75,failed,online,2025-06-25,NO
2102,26561,65886,1671.78,completed,online,2025-06-25,NO
2259,38220,66006,1288.1,completed,UNKNOWN,2025-06-25,NO
1,15176,72339,227.47,failed,online,2025-06-25,NO
2087,23538,74491,738.91,completed,online,2025-06-25,NO
1,31621,74783,480.38,failed,online,2025-06-25,NO
822,12039,74971,325.99,completed,online,2025-06-25,NO
1,30637,75346,1484.97,completed,online,2025-06-25,NO
1,35512,77420,196.53,completed,online,2025-06-25,NO
4865,16133,79599,1284.9,completed,online,2025-06-25,NO
2791,41334,79873,535.92,completed,online,2025-06-25,NO
677,630,80102,213.25,completed,online,2025-06-25,NO
2113,17066,83788,985.91,completed,online,2025-06-25,NO
1077,30995,85675,1150.37,failed,online,2025-06-25,NO
4241,49116,86026,1398.56,completed,online,2025-06-25,NO
3121,25609,88716,8037.972470258794,failed,online,2025-06-25,NO
545,1298,88765,1561.96,failed,online,2025-06-25,NO
4504,41180,93853,1022.79,failed,online,2025-06-25,NO
1,16349,94383,590.67,failed,online,2025-06-25,NO
4331,20379,94631,1951.88,completed,online,2025-06-25,NO
2032,5030,95233,76.8,failed,online,2025-06-25,NO
4105,19689,96196,1982.0,failed,online,2025-06-25,NO
1,7609,98817,1171.85,completed,online,2025-06-25,NO
2632,27841,102206,1365.61,failed,online,2025-06-25,NO
1960,25818,104743,253.81,failed,online,2025-06-25,NO
2948,23758,108937,1697.09,failed,online,2025-06-25,NO
1,42668,110332,1720.4,completed,online,2025-06-25,NO
2694,3247,111245,1513.39,completed,online,2025-06-25,NO
3249,36564,111630,19.31,failed,online,2025-06-25,NO
192,16257,114972,245.36,completed,online,2025-06-25,NO
4907,26703,115413,702.33,failed,online,2025-06-25,NO
2958,21121,116594,889.17,failed,online,2025-06-25,NO
2363,9719,118024,1082.3,failed,online,2025-06-25,NO
1968,34663,122438,922.66,failed,online,2025-06-25,NO
413,48666,123984,1140.84,failed,online,2025-06-25,NO
4392,9932,124846,64.04,completed,online,2025-06-25,NO
2626,23966,125195,1983.71,failed,online,2025-06-25,NO
1,19210,125327,1725.49,completed,online,2025-06-25,NO
279,251,127568,213.28,failed,online,2025-06-25,NO
1,19755,128366,1975.94,completed,online,2025-06-25,NO
1748,35042,128857,1691.93,completed,online,2025-06-25,NO
2749,20995,130092,1210.75,completed,online,2025-06-25,NO
3562,36210,131457,571.24,completed,online,2025-06-25,NO
2225,34190,131620,62.61,completed,online,2025-06-25,NO
2567,34642,133504,518.11,failed,online,2025-06-25,NO
1877,46481,137890,1106.26,completed,online,2025-06-25,NO
1,27054,138573,576.96,completed,online,2025-06-25,NO
1841,48968,139650,1841.09,completed,online,2025-06-25,NO
1,11407,141634,522.2,completed,online,2025-06-25,NO
1,33707,142042,1303.78,failed,online,2025-06-25,NO
967,46453,142820,720.04,completed,online,2025-06-25,NO
2494,1995,143816,893.38,failed,online,2025-06-25,NO
1,49020,146015,747.91,completed,online,2025-06-25,NO
4312,2888,146269,481.43,failed,online,2025-06-25,NO
1235,26126,146820,1089.36,failed,online,2025-06-25,NO
1,46010,148680,1720.67,failed,online,2025-06-25,NO
4196,31105,1745,1165.44,failed,online,2025-10-05,NO
2534,34308,5609,906.41,completed,online,2025-10-05,NO
4057,28108,5639,81.87,failed,online,2025-10-05,NO
2817,14747,6068,1484.05,completed,online,2025-10-05,NO
1,49413,7736,65.48,completed,online,2025-10-05,NO
3811,33981,9205,355.12,failed,online,2025-10-05,NO
1,43986,10882,657.18,completed,online,2025-10-05,NO
1701,45647,11287,467.46,failed,online,2025-10-05,NO
86,23107,13000,548.23,completed,online,2025-10-05,NO
2261,41340,13795,1117.39,failed,online,2025-10-05,NO
3233,15636,14292,1147.02,failed,online,2025-10-05,NO
868,37182,15479,1782.39,completed,online,2025-10-05,NO
1,39163,16052,932.79,completed,online,2025-10-05,NO
2615,46929,18029,1137.14,failed,online,2025-10-05,NO
859,11634,20485,861.81,completed,online,2025-10-05,NO
1,6969,20992,1591.66,failed,online,2025-10-05,NO
3728,28638,21602,1727.44,completed,online,2025-10-05,NO
4198,19494,22469,764.27,completed,online,2025-10-05,NO
92,30217,22826,1412.91,completed,online,2025-10-05,NO
4673,35447,26083,683.86,failed,online,2025-10-05,NO
2584,33920,27361,796.85,completed,online,2025-10-05,NO
1,15366,27727,1246.02,completed,online,2025-10-05,NO
767,43822,28064,1253.1,failed,online,2025-10-05,NO
1,10310,33821,38.81,failed,online,2025-10-05,NO
4492,38540,36255,1134.93,failed,online,2025-10-05,NO
3239,22384,37579,1102.95,failed,online,2025-10-05,NO
1097,6360,38164,1698.35,completed,online,2025-10-05,NO
1,26718,40009,687.39,completed,online,2025-10-05,NO
562,35875,41360,1314.35,completed,online,2025-10-05,NO
4927,6011,43725,794.55,failed,online,2025-10-05,NO
1,12831,44668,1741.62,failed,online,2025-10-05,NO
1758,44733,46517,12.3,completed,online,2025-10-05,NO
2436,30239,46734,1979.69,completed,online,2025-10-05,NO
4029,45793,47841,470.55,completed,online,2025-10-05,NO
1,38313,47989,273.74,completed,online,2025-10-05,NO
4015,36984,53162,1568.02,failed,online,2025-10-05,NO
347,47078,54194,1670.11,failed,online,2025-10-05,NO
498,6409,54424,1426.46,completed,online,2025-10-05,NO
4559,34240,54473,517.05,completed,online,2025-10-05,NO
695,22771,57324,252.67,completed,online,2025-10-05,NO
1582,13,60848,767.8,failed,online,2025-10-05,NO
3019,42236,62752,1057.87,failed,UNKNOWN,2025-10-05,NO
3030,31429,65525,316.32,failed,online,2025-10-05,NO
3426,8768,66320,946.24,failed,online,2025-10-05,NO
1247,24992,66400,361.82,completed,online,2025-10-05,NO
2555,23386,70310,1289.31,failed,online,2025-10-05,NO
2738,14847,72471,680.34,completed,online,2025-10-05,NO
1,11038,76833,274.12,failed,online,2025-10-05,NO
2988,40897,76911,620.11,completed,online,2025-10-05,NO
4733,13615,78658,1784.95,failed,online,2025-10-05,NO
2210,1356,78750,1454.7,failed,online,2025-10-05,NO
1,18888,83702,1923.88,failed,online,2025-10-05,NO
4530,17365,85087,587.1,completed,online,2025-10-05,NO
1052,15509,86901,408.07,failed,online,2025-10-05,NO
3790,37467,93477,885.21,failed,UNKNOWN,2025-10-05,NO
580,49897,94722,1419.86,completed,online,2025-10-05,NO
4538,40800,95343,253.83,completed,online,2025-10-05,NO
1092,4339,99650,1200.22,failed,online,2025-10-05,NO
2510,48436,101125,1052.74,failed,online,2025-10-05,NO
1901,18349,101541,216.9,completed,online,2025-10-05,NO
491,7579,101573,608.7,failed,online,2025-10-05,NO
2540,18946,105637,1571.51,completed,online,2025-10-05,NO
1,27177,107509,1665.94,completed,online,2025-10-05,NO
1716,18441,108296,1757.52,failed,online,2025-10-05,NO
2492,35124,109808,1119.39,completed,online,2025-10-05,NO
1,28913,110885,1833.44,failed,online,2025-10-05,NO
1750,7396,113317,164.31,completed,online,2025-10-05,NO
3291,3832,114421,258.14,failed,online,2025-10-05,NO
1,32331,114991,726.24,failed,online,2025-10-05,NO
4179,48321,116307,1146.68,completed,online,2025-10-05,NO
4459,27896,120531,1474.46,completed,online,2025-10-05,NO
4951,40590,121635,1286.92,completed,online,2025-10-05,NO
4208,46093,123285,1218.89,completed,online,2025-10-05,NO
2084,35007,125151,482.73,failed,online,2025-10-05,NO
1,21274,126709,777.92,completed,online,2025-10-05,NO
3211,28529,128360,28.62,completed,online,2025-10-05,NO
1,4133,129128,1280.04,failed,online,2025-10-05,NO
2474,21831,129209,1649.1,failed,online,2025-10-05,NO
1,9372,130907,1291.34,completed,online,2025-10-05,NO
2692,29581,131964,730.31,completed,online,2025-10-05,NO
1,39367,132885,336.51,completed,online,2025-10-05,NO
1,41364,133052,1758.82,failed,online,2025-10-05,NO
1469,30026,133509,286.77,failed,online,2025-10-05,NO
1,5938,137488,373.42,completed,online,2025-10-05,NO
2325,4035,137809,480.1,completed,online,2025-10-05,NO
1,31788,140266,7461.554153691493,completed,online,2025-10-05,NO
4276,32904,140771,1755.36,completed,online,2025-10-05,NO
2759,9744,147689,1140.74,completed,online,2025-10-05,NO
2359,7025,149364,1915.77,completed,online,2025-10-05,NO
1,7603,1907,976.32,failed,online,2025-02-04,NO
2882,39663,3386,440.74,failed,online,2025-02-04,NO
243,9490,4605,96.16,failed,online,2025-02-04,NO
324,24169,4643,1335.93,completed,online,2025-02-04,NO
4609,34962,8174,622.44,completed,online,2025-02-04,NO
1318,29425,10755,1150.1,completed,online,2025-02-04,NO
1,30924,13492,620.71,failed,online,2025-02-04,NO
4449,9047,15179,1730.67,failed,online,2025-02-04,NO
548,30078,15971,594.41,completed,online,2025-02-04,NO
4609,4495,17835,16.99,completed,online,2025-02-04,NO
931,17468,21987,1679.68,failed,online,2025-02-04,NO
1,27029,22673,996.19,completed,online,2025-02-04,NO
1632,23665,23475,1305.06,completed,online,2025-02-04,NO
2569,11207,24697,180.79,failed,online,2025-02-04,NO
3821,6831,24808,1988.25,completed,online,2025-02-04,NO
2272,43127,27207,831.32,completed,online,2025-02-04,NO
1085,5658,27720,1230.66,completed,online,2025-02-04,NO
1,600,29695,991.5,completed,online,2025-02-04,NO
4388,49651,31382,151.12,failed,online,2025-02-04,NO
2199,14451,32939,1896.65,completed,online,2025-02-04,NO
1,1621,36091,413.47,failed,online,2025-02-04,NO
1,29418,37102,656.06,failed,online,2025-02-04,NO
3433,26483,37516,553.68,completed,online,2025-02-04,NO
4689,41984,39691,1696.29,completed,online,2025-02-04,NO
1,6092,42962,13.92,failed,online,2025-02-04,NO
1,33073,45345,1334.24,failed,online,2025-02-04,NO
4441,1214,45589,9425.072517410828,failed,online,2025-02-04,NO
3131,8545,45763,269.12,completed,online,2025-02-04,NO
569,30565,46945,1510.15,failed,online,2025-02-04,NO
1247,47585,48016,162.4,failed,online,2025-02-04,NO
319,6244,50236,1318.77,completed,online,2025-02-04,NO
1,15995,50308,625.15,failed,online,2025-02-04,NO
1853,45140,51106,1256.18,completed,online,2025-02-04,NO
4418,8041,54615,1151.21,completed,online,2025-02-04,NO
313,27198,54638,1011.67,completed,online,2025-02-04,NO
1,24404,55080,1830.11,failed,online,2025-02-04,NO
1,10524,55433,488.07,failed,online,2025-02-04,NO
4105,11331,56028,761.47,failed,UNKNOWN,2025-02-04,NO
457,41687,56891,1843.26,failed,online,2025-02-04,NO
491,5336,57004,163.0,completed,online,2025-02-04,NO
2094,17771,59190,1359.0,failed,online,2025-02-04,NO
1260,46109,60524,1184.17,failed,online,2025-02-04,NO
1484,43979,60695,1166.55,completed,online,2025-02-04,NO
2796,15978,62349,223.66,failed,online,2025-02-04,NO
2141,44124,62597,33.95,failed,online,2025-02-04,NO
1805,46081,63735,201.42,failed,online,2025-02-04,NO
1,13785,67000,1943.49,completed,online,2025-02-04,NO
1,24715,72283,414.47,failed,online,2025-02-04,NO
778,23232,77429,1668.06,failed,online,2025-02-04,NO
1,40668,78953,660.26,failed,online,2025-02-04,NO
1707,27523,81903,550.1,failed,online,2025-02-04,NO
783,47426,83130,1578.51,completed,online,2025-02-04,NO
139,29795,84613,1843.14,failed,online,2025-02-04,NO
568,37780,84847,1764.36,failed,online,2025-02-04,NO
681,2646,87213,439.39,failed,online,2025-02-04,NO
2035,37572,87751,1835.56,failed,online,2025-02-04,NO
4233,45178,89577,1127.02,failed,online,2025-02-04,NO
1052,37384,91849,1846.69,completed,online,2025-02-04,NO
1,25128,92737,393.76,completed,online,2025-02-04,NO
1,204,96414,545.92,failed,online,2025-02-04,NO
1247,44889,97482,1502.26,failed,online,2025-02-04,NO
3416,20364,101350,132.57,failed,online,2025-02-04,NO
417,18143,101565,528.02,completed,online,2025-02-04,NO
3928,43044,102256,1034.37,completed,online,2025-02-04,NO
1636,34870,102998,1997.51,failed,online,2025-02-04,NO
3347,14927,109162,125.12,failed,online,2025-02-04,NO
2099,11283,109255,974.96,completed,online,2025-02-04,NO
72,45591,113283,1674.61,completed,online,2025-02-04,NO
1241,45840,114216,1681.47,completed,online,2025-02-04,NO
1,29773,115242,161.67,failed,online,2025-02-04,NO
4966,48550,115331,1966.49,failed,online,2025-02-04,NO
4764,14145,116684,1577.53,completed,online,2025-02-04,NO
3561,21717,118099,1854.08,failed,online,2025-02-04,NO
4194,48452,118262,1853.05,completed,online,2025-02-04,NO
457,22600,119181,1637.48,failed,online,2025-02-04,NO
1,17332,122043,486.94,failed,online,2025-02-04,NO
2107,46815,123068,1300.35,failed,online,2025-02-04,NO
1,1903,124874,592.08,completed,online,2025-02-04,NO
2291,48256,130446,753.42,completed,online,2025-02-04,NO
715,43915,132328,86.42,failed,online,2025-02-04,NO
4480,24533,133829,470.2,completed,online,2025-02-04,NO
2878,9207,136416,1113.94,completed,online,2025-02-04,NO
1,1371,138753,1868.98,failed,online,2025-02-04,NO
4587,23317,140100,1555.84,completed,online,2025-02-04,NO
4977,48696,142711,633.26,completed,online,2025-02-04,NO
4063,46336,144029,1620.5,failed,online,2025-02-04,NO
239,31193,146767,1690.17,failed,online,2025-02-04,NO
1642,28140,148014,1864.9,failed,online,2025-02-04,NO
1,11939,148565,397.32,failed,online,2025-02-04,NO
145,37971,149979,1413.13,completed,online,2025-02-04,NO
4358,40686,2121,825.9,completed,online,2025-05-22,NO
1,29561,2162,1819.55,failed,online,2025-05-22,NO
347,39018,3409,824.6,failed,online,2025-05-22,NO
4320,6637,5643,283.53,failed,online,2025-05-22,NO
1672,19697,9049,333.51,failed,online,2025-05-22,NO
2977,30351,9177,1833.22,failed,online,2025-05-22,NO
449,46424,10305,767.19,completed,online,2025-05-22,NO
4795,32239,12314,686.66,failed,online,2025-05-22,NO
1,5428,15251,479.97,completed,online,2025-05-22,NO
1060,3814,17723,902.44,completed,UNKNOWN,2025-05-22,NO
2809,46230,17961,1049.68,completed,online,2025-05-22,NO
1,31604,18470,560.47,completed,online,2025-05-22,NO
2882,30752,19892,515.02,failed,online,2025-05-22,NO
4243,22215,25681,13.4,completed,online,2025-05-22,NO
1610,27926,26828,237.1,completed,online,2025-05-22,NO
2551,26241,28800,294.2,failed,online,2025-05-22,NO
1,15952,29216,887.03,completed,online,2025-05-22,NO
3308,35243,30376,659.08,failed,online,2025-05-22,NO
311,44612,31085,232.47,failed,online,2025-05-22,NO
893,29473,31375,1676.89,completed,online,2025-05-22,NO
4337,40302,32876,1482.56,completed,online,2025-05-22,NO
2424,43406,36341,752.47,completed,online,2025-05-22,NO
3507,48685,37764,1270.2,failed,online,2025-05-22,NO
2942,4661,39502,123.6,failed,online,2025-05-22,NO
1,12907,39518,1225.8,completed,online,2025-05-22,NO
2577,37405,40705,865.05,completed,online,2025-05-22,NO
338,42857,43825,1920.51,completed,online,2025-05-22,NO
2874,22562,44440,737.43,completed,online,2025-05-22,NO
3314,41157,46574,888.15,completed,online,2025-05-22,NO
4318,24857,47381,1477.77,completed,online,2025-05-22,NO
4923,31425,47423,209.51,failed,online,2025-05-22,NO
1862,40849,47749,607.63,failed,online,2025-05-22,NO
680,40160,48341,263.56,failed,online,2025-05-22,NO
1,27595,50499,1963.7,completed,online,2025-05-22,NO
4921,41709,51565,787.27,completed,online,2025-05-22,NO
2036,27024,53315,21.28,completed,online,2025-05-22,NO
1358,8578,56620,399.67,completed,online,2025-05-22,NO
1,1497,57122,1622.2,failed,online,2025-05-22,NO
772,26702,57264,1062.46,completed,online,2025-05-22,NO
1334,17168,58921,1686.2,failed,online,2025-05-22,NO
4805,13708,73428,1713.67,failed,online,2025-05-22,NO
1,37322,75457,497.78,completed,online,2025-05-22,NO
226,42340,75799,252.81,completed,online,2025-05-22,NO
3715,24244,76505,1338.87,completed,online,2025-05-22,NO
2558,41781,76775,531.35,failed,online,2025-05-22,NO
632,4831,79566,1741.03,failed,online,2025-05-22,NO
4111,6316,84285,45.75,failed,online,2025-05-22,NO
4735,38714,85462,1679.71,completed,online,2025-05-22,NO
4590,30241,87245,902.64,failed,online,2025-05-22,NO
29,26003,89636,1960.19,failed,online,2025-05-22,NO
1,14844,90142,9820.539685737222,failed,online,2025-05-22,NO
1751,30971,91932,1828.49,completed,online,2025-05-22,NO
2819,46715,93046,1804.98,completed,online,2025-05-22,NO
4032,32773,93598,837.19,failed,online,2025-05-22,NO
3627,34007,95413,837.21,completed,online,2025-05-22,NO
1,38402,96053,257.55,completed,UNKNOWN,2025-05-22,NO
3275,27114,97362,1111.88,completed,online,2025-05-22,NO
3690,28392,100735,1276.87,completed,online,2025-05-22,NO
402,26137,101613,585.45,completed,online,2025-05-22,NO
286,41238,101828,1370.63,completed,online,2025-05-22,NO
2527,46271,102429,1392.56,failed,online,2025-05-22,NO
2152,32499,103452,1898.66,failed,online,2025-05-22,NO
2396,23776,103672,1163.67,failed,online,2025-05-22,NO
4079,4762,104790,1916.39,failed,online,2025-05-22,NO
1,8341,106596,1472.16,completed,online,2025-05-22,NO
2803,4126,106830,1372.19,failed,online,2025-05-22,NO
1,48971,106982,1460.59,failed,online,2025-05-22,NO
4013,27197,107291,10.14,completed,online,2025-05-22,NO
4436,47220,109471,161.28,completed,online,2025-05-22,NO
4815,12048,109989,1705.05,failed,online,2025-05-22,NO
2312,17726,111939,1110.27,failed,online,2025-05-22,NO
1,40423,111944,216.1,failed,online,2025-05-22,NO
1,45069,112795,171.68,completed,online,2025-05-22,NO
4567,10369,114585,372.31,completed,online,2025-05-22,NO
3326,46079,116461,1420.04,failed,online,2025-05-22,NO
1,18139,117329,214.73,failed,online,2025-05-22,NO
3998,37095,119712,1973.68,failed,online,2025-05-22,NO
1317,9027,121076,694.5,completed,online,2025-05-22,NO
1161,7176,122190,1242.15,completed,online,2025-05-22,NO
3813,21292,124177,1805.1,failed,online,2025-05-22,NO
1,11331,125729,150.6,completed,online,2025-05-22,NO
600,39880,128694,264.88,completed,online,2025-05-22,NO
1805,10042,130217,1171.6,completed,online,2025-05-22,NO
634,39396,131508,1987.56,completed,online,2025-05-22,NO
619,10121,134612,890.36,failed,online,2025-05-22,NO
4613,29486,136373,1006.75,failed,online,2025-05-22,NO
3718,47998,136451,1277.81,failed,online,2025-05-22,NO
1,3558,138415,1216.2,failed,online,2025-05-22,NO
1093,358,144269,1902.53,completed,online,2025-05-22,NO
15,48666,1416,1691.89,failed,online,2025-03-23,NO
3638,8629,6258,1398.65,failed,online,2025-03-23,NO
45,32019,6883,607.15,failed,online,2025-03-23,NO
1288,43276,7129,282.93,completed,online,2025-03-23,NO
3984,3638,9746,667.31,completed,online,2025-03-23,NO
2377,41465,10158,868.84,failed,online,2025-03-23,NO
4451,1135,10738,1535.68,failed,online,2025-03-23,NO
3842,11544,11147,306.81,failed,online,2025-03-23,NO
1,16337,11787,774.48,failed,online,2025-03-23,NO
3340,1212,12289,8442.834628160745,failed,online,2025-03-23,NO
3190,42294,14384,1635.69,failed,online,2025-03-23,NO
3624,24261,17770,1836.83,completed,online,2025-03-23,NO
487,12730,20563,400.46,failed,online,2025-03-23,NO
1,19754,23557,1422.6,completed,online,2025-03-23,NO
2051,45273,24243,1693.17,failed,online,2025-03-23,NO
1,20028,25248,787.62,completed,online,2025-03-23,NO
1,10355,26179,1185.71,completed,online,2025-03-23,NO
4130,47318,27982,874.38,failed,online,2025-03-23,NO
3065,22469,28862,687.01,failed,online,2025-03-23,NO
894,3014,29611,918.83,failed,online,2025-03-23,NO
808,38023,32323,264.38,completed,online,2025-03-23,NO
1515,47510,34530,596.08,failed,online,2025-03-23,NO
4044,40956,36071,1595.5,completed,online,2025-03-23,NO
894,42541,40257,202.26,failed,online,2025-03-23,NO
483,8370,42281,1516.12,failed,online,2025-03-23,NO
3409,4166,44718,716.08,completed,online,2025-03-23,NO
965,14321,44869,259.96,failed,online,2025-03-23,NO
369,25770,45885,257.83,failed,online,2025-03-23,NO
979,21790,51035,1562.83,failed,online,2025-03-23,NO
1,46566,51249,222.61,failed,online,2025-03-23,NO
4395,312,52190,1007.03,completed,online,2025-03-23,NO
3432,18472,52595,1387.89,failed,online,2025-03-23,NO
2127,27697,55542,1162.35,completed,online,2025-03-23,NO
2271,19713,55654,1178.76,failed,online,2025-03-23,NO
1737,31446,55774,384.3,failed,online,2025-03-23,NO
946,6222,55891,1499.84,completed,online,2025-03-23,NO
3612,10604,56540,303.77,failed,online,2025-03-23,NO
199,36935,57954,825.65,completed,online,2025-03-23,NO
1,39189,59034,1578.72,failed,online,2025-03-23,NO
1,10254,63290,1908.19,completed,online,2025-03-23,NO
2932,5128,65159,1609.25,completed,online,2025-03-23,NO
2105,43373,66605,189.55,completed,online,2025-03-23,NO
3983,26723,67063,177.96,completed,online,2025-03-23,NO
2395,35804,69521,508.07,failed,online,2025-03-23,NO
1,16848,74632,1743.65,failed,online,2025-03-23,NO
1,12453,76634,185.78,completed,online,2025-03-23,NO
1,39356,81947,1703.13,completed,online,2025-03-23,NO
708,16778,83619,64.41,completed,online,2025-03-23,NO
2143,531,83772,632.1,completed,online,2025-03-23,NO
1182,36275,84028,1248.7,completed,online,2025-03-23,NO
1,45704,84337,353.7,failed,online,2025-03-23,NO
2457,31738,86896,1960.99,completed,online,2025-03-23,NO
1374,29909,91629,1240.75,completed,online,2025-03-23,NO
4485,6171,92645,538.55,completed,online,2025-03-23,NO
2301,2778,95914,1316.25,failed,online,2025-03-23,NO
3137,7278,101354,551.79,completed,online,2025-03-23,NO
1,46581,101410,368.99,completed,online,2025-03-23,NO
1431,42059,102451,323.33,completed,online,2025-03-23,NO
1,2633,104314,1820.98,completed,online,2025-03-23,NO
3093,49196,105651,1653.72,failed,online,2025-03-23,NO
4287,45799,111370,1747.69,completed,online,2025-03-23,NO
98,32922,111659,851.54,failed,online,2025-03-23,NO
1,8355,113459,877.38,failed,online,2025-03-23,NO
1241,32487,115722,103.95,completed,online,2025-03-23,NO
3441,41425,115768,1200.1,completed,online,2025-03-23,NO
1061,20267,117754,1977.14,failed,online,2025-03-23,NO
1358,18662,118458,855.47,completed,online,2025-03-23,NO
4308,1888,118459,1028.41,completed,online,2025-03-23,NO
432,25690,119332,1476.3,completed,online,2025-03-23,NO
1357,5990,121273,650.62,completed,online,2025-03-23,NO
3941,42267,122351,1211.47,completed,online,2025-03-23,NO
664,16500,123060,994.02,completed,online,2025-03-23,NO
4391,12062,123293,1096.1,completed,online,2025-03-23,NO
1,6458,124845,761.73,completed,online,2025-03-23,NO
2045,24967,127645,396.78,completed,online,2025-03-23,NO
1893,4441,128278,1842.48,failed,online,2025-03-23,NO
671,31148,128981,345.51,failed,online,2025-03-23,NO
4951,17257,132424,1542.62,completed,online,2025-03-23,NO
3538,42172,133470,835.52,failed,online,2025-03-23,NO
1907,1144,134119,507.65,completed,online,2025-03-23,NO
3672,28654,135656,1978.54,completed,online,2025-03-23,NO
3644,28713,137256,1263.69,completed,online,2025-03-23,NO
904,12616,139036,1759.46,failed,online,2025-03-23,NO
441,18775,140316,1960.78,failed,online,2025-03-23,NO
3403,20413,142691,167.24,completed,online,2025-03-23,NO
1754,33341,143116,554.09,failed,online,2025-03-23,NO
361,28409,144442,1485.63,completed,online,2025-03-23,NO
1,33627,146906,697.91,failed,online,2025-03-23,NO
900,32402,148715,475.44,failed,online,2025-03-23,NO
1,47868,41,1972.55,completed,online,2025-06-11,NO
2314,45357,3309,1656.03,completed,online,2025-06-11,NO
93,31452,3908,244.89,failed,online,2025-06-11,NO
2254,15674,3987,1632.58,completed,online,2025-06-11,NO
3221,19640,5588,1694.57,completed,online,2025-06-11,NO
2113,46156,5626,1361.54,completed,online,2025-06-11,NO
1467,38089,5914,498.07,completed,online,2025-06-11,NO
1,39943,11354,1739.8,completed,online,2025-06-11,NO
987,34635,11539,1467.33,completed,online,2025-06-11,NO
175,46709,12762,927.46,failed,online,2025-06-11,NO
1,893,14126,718.75,completed,online,2025-06-11,NO
626,14205,15355,210.59,failed,online,2025-06-11,NO
1,43421,20128,685.46,completed,online,2025-06-11,NO
1065,24639,22975,1066.65,completed,online,2025-06-11,NO
4030,4456,23908,1255.18,completed,online,2025-06-11,NO
4525,37694,24914,374.72,failed,online,2025-06-11,NO
4569,42824,25044,537.2,failed,online,2025-06-11,NO
3641,46806,26672,1394.52,failed,online,2025-06-11,NO
1,10470,29268,775.2,failed,online,2025-06-11,NO
4178,233,29337,592.89,completed,online,2025-06-11,NO
2640,45763,30690,547.93,completed,online,2025-06-11,NO
1,10542,36304,534.42,completed,online,2025-06-11,NO
102,23574,36465,926.84,completed,online,2025-06-11,NO
1,20032,37509,394.74,completed,online,2025-06-11,NO
2868,21576,41241,1478.55,completed,online,2025-06-11,NO
1159,31562,42286,901.4,completed,online,2025-06-11,NO
3459,46951,42436,711.17,failed,online,2025-06-11,NO
2189,45423,42517,75.55,failed,UNKNOWN,2025-06-11,NO
3222,19199,42734,1527.02,failed,online,2025-06-11,NO
1,1798,43152,1474.13,failed,online,2025-06-11,NO
74,28678,44246,1502.31,completed,online,2025-06-11,NO
1247,8680,44891,913.53,failed,online,2025-06-11,NO
2145,106,47870,1423.97,completed,online,2025-06-11,NO
1,35342,53950,1326.0,completed,online,2025-06-11,NO
4500,20945,55702,1628.86,completed,online,2025-06-11,NO
4755,48118,56477,579.07,failed,online,2025-06-11,NO
2963,26704,57443,906.15,failed,online,2025-06-11,NO
4488,10863,59163,1252.4,failed,online,2025-06-11,NO
2928,32761,59864,52.13,completed,online,2025-06-11,NO
1,20231,61897,1884.82,completed,online,2025-06-11,NO
1,21125,64972,1100.45,completed,online,2025-06-11,NO
3442,5600,67722,1869.98,failed,online,2025-06-11,NO
3292,32528,68263,1389.25,completed,online,2025-06-11,NO
2539,42824,68292,732.5,completed,UNKNOWN,2025-06-11,NO
4802,23884,68693,268.02,failed,online,2025-06-11,NO
4513,21211,70340,1478.02,failed,online,2025-06-11,NO
1287,48381,71489,1114.11,completed,online,2025-06-11,NO
1,47249,73028,1856.85,completed,online,2025-06-11,NO
2336,31690,73549,621.01,failed,online,2025-06-11,NO
1,29444,73966,401.87,completed,online,2025-06-11,NO
4565,14685,75204,1854.87,failed,online,2025-06-11,NO
1,35477,75958,1780.14,completed,online,2025-06-11,NO
3651,17497,76704,776.41,failed,online,2025-06-11,NO
3975,6248,81194,1040.94,completed,online,2025-06-11,NO
4118,13480,81557,250.83,completed,online,2025-06-11,NO
2558,39974,85063,1519.29,completed,online,2025-06-11,NO
4942,14716,85686,179.18,failed,online,2025-06-11,NO
3840,34316,87475,785.75,failed,online,2025-06-11,NO
3259,39657,87731,1479.6,failed,online,2025-06-11,NO
3382,28888,87817,548.79,failed,online,2025-06-11,NO
1,44567,87931,1817.55,completed,online,2025-06-11,NO
2675,34654,88108,1879.89,completed,online,2025-06-11,NO
856,26773,91297,809.65,failed,online,2025-06-11,NO
1,39025,94818,1321.9,failed,online,2025-06-11,NO
2715,41078,99250,1181.78,completed,online,2025-06-11,NO
3530,14397,101708,253.36,failed,online,2025-06-11,NO
1290,11934,101964,1266.77,completed,online,2025-06-11,NO
4957,44371,102914,1429.03,completed,online,2025-06-11,NO
1368,31818,107130,639.09,failed,online,2025-06-11,NO
1,12213,108542,1016.42,failed,online,2025-06-11,NO
1760,11519,109158,1737.76,completed,online,2025-06-11,NO
3538,42370,112430,167.67,completed,online,2025-06-11,NO
1602,15296,112675,1169.11,completed,online,2025-06-11,NO
1477,47803,113584,769.01,completed,online,2025-06-11,NO
199,7762,114355,395.2,failed,UNKNOWN,2025-06-11,NO
2143,10792,114779,1309.24,completed,online,2025-06-11,NO
4546,16239,115198,1834.05,failed,online,2025-06-11,NO
1148,23660,130762,1992.38,completed,online,2025-06-11,NO
1711,149,131515,1287.64,completed,online,2025-06-11,NO
1,3992,132101,1116.72,completed,online,2025-06-11,NO
1,2915,134103,1590.71,failed,online,2025-06-11,NO
1669,49589,135306,221.87,failed,online,2025-06-11,NO
1418,19091,137081,1859.44,failed,online,2025-06-11,NO
1,37446,141065,72.31,completed,online,2025-06-11,NO
473,43556,143784,1486.67,failed,online,2025-06-11,NO
3514,34397,145395,836.05,failed,online,2025-06-11,NO
630,49972,145595,385.06,completed,online,2025-06-11,NO
442,1330,147070,1505.65,completed,online,2025-06-11,NO
1,21336,149805,1375.89,completed,online,2025-06-11,NO
3444,26333,1531,489.74,completed,online,2025-04-28,NO
4995,14095,2970,1058.57,failed,UNKNOWN,2025-04-28,NO
1847,38055,3128,1323.15,completed,online,2025-04-28,NO
1838,5345,4353,1478.94,failed,online,2025-04-28,NO
1,2976,8336,1457.84,completed,online,2025-04-28,NO
3893,13676,10909,1788.2,completed,online,2025-04-28,NO
4487,29722,13527,1761.13,completed,online,2025-04-28,NO
4466,20983,13610,487.29,completed,online,2025-04-28,NO
413,33055,24779,1978.43,completed,online,2025-04-28,NO
750,23144,25386,996.8,failed,online,2025-04-28,NO
4800,30835,26610,1295.45,failed,online,2025-04-28,NO
2690,28916,26836,1809.78,failed,online,2025-04-28,NO
1897,13556,27120,470.72,completed,online,2025-04-28,NO
1,21803,28164,1069.75,completed,online,2025-04-28,NO
3455,41753,30792,1635.11,completed,online,2025-04-28,NO
3158,41335,34790,728.52,completed,online,2025-04-28,NO
1,44620,34962,1385.61,failed,online,2025-04-28,NO
141,5460,36047,1100.46,completed,online,2025-04-28,NO
1,15649,40195,1202.53,failed,online,2025-04-28,NO
1532,2663,41678,986.61,completed,online,2025-04-28,NO
294,42004,43366,467.9,completed,online,2025-04-28,NO
1943,6031,44582,1016.61,completed,online,2025-04-28,NO
1,29046,50010,549.17,completed,online,2025-04-28,NO
3458,34113,52789,1501.48,failed,online,2025-04-28,NO
1147,23665,52842,959.53,completed,online,2025-04-28,NO
2524,40036,53570,1107.15,completed,online,2025-04-28,NO
1256,11733,54073,964.04,failed,online,2025-04-28,NO
1195,21737,55177,258.82,completed,online,2025-04-28,NO
1,37621,55179,695.07,failed,online,2025-04-28,NO
3258,36605,56103,1002.61,completed,online,2025-04-28,NO
3911,8310,57704,1477.24,failed,online,2025-04-28,NO
3062,36566,57946,127.86,completed,online,2025-04-28,NO
3558,34577,59083,1293.56,completed,online,2025-04-28,NO
1,23855,59256,1945.25,failed,online,2025-04-28,NO
1,43599,60583,1139.14,completed,online,2025-04-28,NO
454,27420,62857,944.93,failed,online,2025-04-28,NO
1,12468,66465,480.14,failed,online,2025-04-28,NO
1597,40894,66644,1735.62,failed,online,2025-04-28,NO
1,2167,75085,804.99,failed,online,2025-04-28,NO
1,2288,77704,768.28,completed,online,2025-04-28,NO
3640,15269,80503,1331.93,completed,online,2025-04-28,NO
2927,12992,80519,991.96,completed,online,2025-04-28,NO
4923,30216,80560,398.43,completed,online,2025-04-28,NO
1,20810,81865,549.81,completed,online,2025-04-28,NO
1449,41373,82499,1104.9,failed,online,2025-04-28,NO
4811,2613,83201,1467.51,failed,online,2025-04-28,NO
1,30485,84727,1073.17,failed,online,2025-04-28,NO
1790,29761,85249,825.72,failed,online,2025-04-28,NO
1937,8874,86352,921.59,completed,online,2025-04-28,NO
4961,19942,87986,1265.14,failed,online,2025-04-28,NO
4847,34602,88888,1219.55,failed,online,2025-04-28,NO
3299,24513,89564,1592.7,completed,online,2025-04-28,NO
485,41933,90208,478.05,failed,online,2025-04-28,NO
2760,33528,92194,771.78,failed,online,2025-04-28,NO
4280,11077,92472,1032.54,failed,online,2025-04-28,NO
373,14957,95089,1903.2,completed,online,2025-04-28,NO
1,7684,95883,489.82,completed,online,2025-04-28,NO
3621,36800,96065,1412.35,completed,online,2025-04-28,NO
1089,3289,98696,1922.07,failed,online,2025-04-28,NO
4661,28986,99539,1043.62,completed,online,2025-04-28,NO
4384,28200,104277,870.99,failed,online,2025-04-28,NO
4194,25137,105863,1329.68,completed,online,2025-04-28,NO
984,29008,106370,1974.74,completed,online,2025-04-28,NO
4153,46918,106515,128.94,completed,online,2025-04-28,NO
1,20405,107456,1480.7,failed,online,2025-04-28,NO
647,3352,107792,120.77,failed,online,2025-04-28,NO
741,28628,111289,1914.1,failed,online,2025-04-28,NO
3489,9215,113575,1186.94,failed,online,2025-04-28,NO
806,17782,114760,1351.55,failed,online,2025-04-28,NO
1171,5557,115210,327.67,failed,online,2025-04-28,NO
105,10937,118055,1440.71,failed,online,2025-04-28,NO
4799,36572,118315,1744.51,completed,online,2025-04-28,NO
1443,35391,119555,799.59,failed,online,2025-04-28,NO
1,1167,119859,1749.48,failed,online,2025-04-28,NO
1008,39824,120394,1733.0,failed,online,2025-04-28,NO
1,14917,121167,388.13,completed,online,2025-04-28,NO
3168,31566,122134,863.22,completed,online,2025-04-28,NO
524,45142,123855,718.73,completed,online,2025-04-28,NO
3250,3708,130307,341.82,completed,online,2025-04-28,NO
1541,18531,130311,682.47,completed,online,2025-04-28,NO
4246,19739,130676,1556.03,failed,online,2025-04-28,NO
2890,11124,130968,924.6,failed,online,2025-04-28,NO
138,25118,132739,1271.64,completed,online,2025-04-28,NO
3587,40964,133297,1481.53,failed,online,2025-04-28,NO
3892,41842,135618,1953.74,failed,online,2025-04-28,NO
3090,14621,139382,848.16,failed,online,2025-04-28,NO
1070,45645,140480,178.86,failed,online,2025-04-28,NO
2766,1528,141994,864.1,completed,online,2025-04-28,NO
792,37960,148308,799.06,completed,online,2025-04-28,NO
3779,37107,1222,263.76,completed,online,2025-05-25,NO
2349,44684,1956,1215.53,failed,online,2025-05-25,NO
4159,16694,2545,303.4,completed,online,2025-05-25,NO
690,46661,3726,1102.1,completed,online,2025-05-25,NO
4754,38816,3970,1734.82,failed,online,2025-05-25,NO
233,44246,5539,60.57,failed,online,2025-05-25,NO
4225,20491,7230,1796.27,completed,online,2025-05-25,NO
2039,39288,8124,1635.93,failed,online,2025-05-25,NO
4327,49883,8790,362.2,failed,online,2025-05-25,NO
1703,10735,9357,1531.41,failed,online,2025-05-25,NO
3216,4653,9923,108.26,failed,online,2025-05-25,NO
323,25302,10017,811.8,completed,online,2025-05-25,NO
2018,35602,14551,1718.04,completed,online,2025-05-25,NO
2856,42493,15464,717.45,completed,online,2025-05-25,NO
3396,36853,16446,1664.15,failed,online,2025-05-25,NO
796,39714,21294,45.97,failed,online,2025-05-25,NO
4612,22895,21408,1176.37,completed,online,2025-05-25,NO
1839,49994,22179,1844.68,failed,online,2025-05-25,NO
1,49542,25952,1056.66,failed,online,2025-05-25,NO
2565,5915,26175,1539.61,failed,online,2025-05-25,NO
1,555,31084,1083.58,completed,online,2025-05-25,NO
1164,6045,32319,186.57,failed,online,2025-05-25,NO
1317,27440,35577,1932.42,failed,online,2025-05-25,NO
2679,21537,38154,812.81,completed,online,2025-05-25,NO
1,36371,41136,1111.12,completed,online,2025-05-25,NO
4316,27839,41700,280.7,completed,online,2025-05-25,NO
1,11940,43123,591.29,failed,online,2025-05-25,NO
839,44927,44908,956.25,failed,online,2025-05-25,NO
1708,21253,45088,389.88,failed,online,2025-05-25,NO
1,43969,46632,672.08,failed,online,2025-05-25,NO
1826,15489,47626,266.08,completed,online,2025-05-25,NO
4855,22836,51845,354.18,completed,online,2025-05-25,NO
708,30030,52542,1801.12,completed,online,2025-05-25,NO
3326,20541,54559,454.15,failed,online,2025-05-25,NO
3796,3892,56874,332.96,completed,online,2025-05-25,NO
289,40955,57205,33.75,completed,online,2025-05-25,NO
3633,47840,57957,1516.72,completed,online,2025-05-25,NO
1581,29909,63420,390.89,completed,online,2025-05-25,NO
2365,32712,65861,1679.72,failed,online,2025-05-25,NO
948,38113,66728,426.07,failed,online,2025-05-25,NO
4629,25879,67729,525.44,failed,online,2025-05-25,NO
2489,29017,68924,794.28,failed,online,2025-05-25,NO
3411,26087,69594,1815.55,failed,online,2025-05-25,NO
1,27723,73954,328.39,completed,online,2025-05-25,NO
3107,292,74057,1285.54,completed,online,2025-05-25,NO
1,4692,75450,1518.63,failed,online,2025-05-25,NO
2122,48911,75691,1971.93,failed,online,2025-05-25,NO
1,26211,77838,9150.050042839814,completed,online,2025-05-25,NO
1,40585,78277,1935.17,failed,online,2025-05-25,NO
2163,13885,81569,593.97,completed,online,2025-05-25,NO
225,967,81848,148.75,completed,online,2025-05-25,NO
1163,6331,83718,1244.79,failed,online,2025-05-25,NO
2100,2258,87163,378.31,failed,online,2025-05-25,NO
3926,39610,87752,1946.14,completed,online,2025-05-25,NO
1,36230,89935,1067.64,failed,online,2025-05-25,NO
1,34090,96902,1496.85,failed,online,2025-05-25,NO
3881,19746,99077,1299.9,completed,online,2025-05-25,NO
1,29303,100614,1843.53,completed,online,2025-05-25,NO
1,31840,102384,1478.15,completed,online,2025-05-25,NO
2795,34187,104380,1031.54,completed,online,2025-05-25,NO
1,21138,105989,1124.19,failed,online,2025-05-25,NO
1736,49950,109430,1609.81,failed,online,2025-05-25,NO
3247,18035,109612,825.27,failed,online,2025-05-25,NO
3907,29208,110007,1569.13,completed,online,2025-05-25,NO
1268,3121,111889,106.32,failed,online,2025-05-25,NO
1,24728,112878,807.45,completed,online,2025-05-25,NO
1,27868,113312,792.39,failed,online,2025-05-25,NO
1941,48348,114168,689.69,failed,online,2025-05-25,NO
938,18677,115666,540.45,completed,online,2025-05-25,NO
1,22304,115958,1598.51,completed,online,2025-05-25,NO
2695,37801,116442,1520.53,failed,online,2025-05-25,NO
1467,10021,117386,1546.11,completed,online,2025-05-25,NO
2763,21121,120446,450.94,completed,online,2025-05-25,NO
3959,28943,121337,924.5,failed,online,2025-05-25,NO
3753,35319,123077,921.41,completed,online,2025-05-25,NO
1862,12858,124043,1866.7,completed,online,2025-05-25,NO
2427,2256,130145,1930.82,completed,online,2025-05-25,NO
2520,13870,135387,37.42,completed,online,2025-05-25,NO
3326,15505,136298,1666.06,completed,online,2025-05-25,NO
4549,27621,139477,1407.09,completed,online,2025-05-25,NO
4547,15551,140508,1504.78,failed,online,2025-05-25,NO
3154,10233,140565,965.26,completed,online,2025-05-25,NO
1,15832,141277,1785.9,completed,online,2025-05-25,NO
1,9249,143142,205.72,completed,online,2025-05-25,NO
266,1399,144145,972.44,completed,online,2025-05-25,NO
1264,30736,145569,1553.55,failed,online,2025-05-25,NO
1997,41822,146347,1109.02,completed,online,2025-05-25,NO
11,6878,149124,1157.36,failed,online,2025-05-25,NO
2193,13558,149302,1970.92,failed,online,2025-05-25,NO
1618,11305,1466,495.96,failed,online,2025-01-05,NO
1,28055,2609,354.98,failed,online,2025-01-05,NO
1,28488,2662,333.97,completed,online,2025-01-05,NO
1284,18567,2848,292.64,failed,online,2025-01-05,NO
4944,35104,7910,660.37,completed,online,2025-01-05,NO
2925,24637,12085,1450.96,completed,online,2025-01-05,NO
1,17961,12264,356.78,completed,online,2025-01-05,NO
3342,21158,15252,801.14,failed,online,2025-01-05,NO
3247,11790,15849,1815.4,completed,online,2025-01-05,NO
4225,27484,15968,426.55,completed,online,2025-01-05,NO
4038,27299,19183,1685.5,completed,online,2025-01-05,NO
523,47792,19915,577.71,failed,online,2025-01-05,NO
1929,28330,20540,1063.72,completed,online,2025-01-05,NO
1,40962,22189,1375.11,completed,online,2025-01-05,NO
1,16361,24276,1275.02,completed,online,2025-01-05,NO
1,2148,27780,1895.87,completed,online,2025-01-05,NO
1,27083,27822,1746.5,completed,online,2025-01-05,NO
2194,11808,29342,208.53,failed,online,2025-01-05,NO
3902,10694,29491,958.22,failed,online,2025-01-05,NO
4112,8825,37484,706.68,failed,online,2025-01-05,NO
3612,407,43286,1883.33,failed,online,2025-01-05,NO
4495,12402,45248,425.21,completed,online,2025-01-05,NO
2298,26682,45975,56.9,completed,online,2025-01-05,NO
1653,16469,46586,721.23,completed,online,2025-01-05,NO
1,39435,46784,1630.5,failed,online,2025-01-05,NO
1,33073,46959,1528.48,completed,online,2025-01-05,NO
328,5666,48964,751.4,failed,online,2025-01-05,NO
2796,12488,49029,975.46,completed,online,2025-01-05,NO
1,41904,49662,443.8,completed,online,2025-01-05,NO
1522,16189,50862,388.77,failed,online,2025-01-05,NO
3080,4462,52519,1813.03,completed,online,2025-01-05,NO
3082,12174,53479,1197.86,completed,online,2025-01-05,NO
3065,32019,55437,849.44,completed,online,2025-01-05,NO
3920,1112,57051,1178.08,failed,UNKNOWN,2025-01-05,NO
4341,37198,57858,761.41,failed,UNKNOWN,2025-01-05,NO
2491,6231,59554,375.15,completed,online,2025-01-05,NO
1,8033,59739,1589.89,failed,online,2025-01-05,NO
676,30078,60643,745.53,completed,online,2025-01-05,NO
1234,49686,61168,718.68,completed,online,2025-01-05,NO
1,7369,64453,681.0,completed,online,2025-01-05,NO
1877,35328,65096,1437.2,completed,online,2025-01-05,NO
1,18300,66806,1848.41,completed,online,2025-01-05,NO
3089,46847,67569,727.63,failed,online,2025-01-05,NO
1128,38259,68605,1768.86,completed,online,2025-01-05,NO
4515,44268,72178,853.83,failed,online,2025-01-05,NO
806,38529,77046,366.81,completed,online,2025-01-05,NO
1069,51,78552,1108.65,failed,online,2025-01-05,NO
1645,24506,79691,1139.79,completed,online,2025-01-05,NO
2712,42154,80083,1751.94,completed,online,2025-01-05,NO
1148,39714,80135,1660.65,failed,online,2025-01-05,NO
1,47469,84780,1769.54,completed,online,2025-01-05,NO
3487,1339,87627,1749.16,failed,online,2025-01-05,NO
2204,41540,87693,1897.48,completed,online,2025-01-05,NO
3415,29856,89506,100.49,failed,online,2025-01-05,NO
1,35113,93206,478.81,failed,online,2025-01-05,NO
2063,41879,95701,1752.37,completed,online,2025-01-05,NO
3853,5048,97327,574.31,completed,online,2025-01-05,NO
1,13032,100988,1766.46,completed,online,2025-01-05,NO
1,34361,101266,1937.71,failed,online,2025-01-05,NO
3377,22072,101813,1911.78,failed,online,2025-01-05,NO
730,17421,103476,1722.98,completed,online,2025-01-05,NO
1,39412,106810,1403.92,completed,online,2025-01-05,NO
4608,2029,108992,1696.39,completed,online,2025-01-05,NO
2855,39030,110667,243.55,failed,online,2025-01-05,NO
655,4671,111058,10.58,failed,UNKNOWN,2025-01-05,NO
1345,24815,111188,1632.14,completed,online,2025-01-05,NO
1,31838,112535,1315.12,completed,online,2025-01-05,NO
3013,48104,114639,995.22,failed,online,2025-01-05,NO
4663,16507,117449,1739.37,failed,online,2025-01-05,NO
1,6181,117832,133.63,completed,online,2025-01-05,NO
1530,40690,117873,100.46,completed,online,2025-01-05,NO
1,36532,120739,766.89,completed,online,2025-01-05,NO
2544,9791,121264,899.82,failed,online,2025-01-05,NO
4765,46742,122319,426.09,failed,online,2025-01-05,NO
3525,9084,123164,1861.81,completed,online,2025-01-05,NO
1,1846,124486,1580.47,completed,online,2025-01-05,NO
2105,11355,124790,1465.96,completed,online,2025-01-05,NO
884,41994,127301,343.11,completed,online,2025-01-05,NO
3948,9875,128568,1284.17,completed,online,2025-01-05,NO
1551,43662,131939,1253.66,failed,online,2025-01-05,NO
1236,38566,132907,425.03,failed,online,2025-01-05,NO
3898,19131,133594,975.08,failed,online,2025-01-05,NO
4788,8355,137625,1750.9,failed,online,2025-01-05,NO
1,46585,141091,1467.69,failed,online,2025-01-05,NO
3218,18082,142163,680.03,completed,online,2025-01-05,NO
1328,39122,142258,1866.13,completed,online,2025-01-05,NO
1,33582,142709,1750.84,failed,online,2025-01-05,NO
2172,37323,143041,514.27,failed,online,2025-01-05,NO
1746,30503,147270,933.84,completed,online,2025-01-05,NO
1719,44458,217,1718.57,completed,online,2025-07-07,NO
1902,8954,2354,1772.54,failed,online,2025-07-07,NO
4038,8013,5076,888.92,failed,online,2025-07-07,NO
2492,8372,10724,1838.91,completed,online,2025-07-07,NO
3925,6602,11407,1817.5,failed,online,2025-07-07,NO
1330,46129,13078,1591.71,completed,online,2025-07-07,NO
1930,32260,14187,374.8,failed,online,2025-07-07,NO
3162,21877,18991,1185.01,completed,online,2025-07-07,NO
3654,27757,19022,1294.0,failed,online,2025-07-07,NO
3179,2985,19256,1968.15,completed,online,2025-07-07,NO
4938,31861,20850,284.55,failed,online,2025-07-07,NO
4693,24807,20968,1699.65,failed,online,2025-07-07,NO
566,32236,22085,1434.03,completed,online,2025-07-07,NO
2458,48613,25902,1760.08,completed,online,2025-07-07,NO
1107,1238,30742,1960.93,completed,online,2025-07-07,NO
4925,30667,33236,746.25,completed,online,2025-07-07,NO
4352,24874,34958,1800.69,failed,online,2025-07-07,NO
4438,17871,38743,401.07,completed,online,2025-07-07,NO
685,16683,39753,1548.71,completed,online,2025-07-07,NO
758,888,41712,1762.11,failed,online,2025-07-07,NO
148,23068,43989,1466.76,failed,online,2025-07-07,NO
1317,42446,44100,944.84,completed,online,2025-07-07,NO
4459,42475,44741,685.87,completed,online,2025-07-07,NO
195,34515,47566,579.15,failed,online,2025-07-07,NO
4822,44769,48229,1342.51,failed,online,2025-07-07,NO
303,21805,48286,1314.07,failed,UNKNOWN,2025-07-07,NO
4428,28783,48683,1939.03,completed,online,2025-07-07,NO
1395,13832,48734,1620.17,completed,online,2025-07-07,NO
483,41864,52647,218.32,failed,online,2025-07-07,NO
3833,1835,52709,521.49,completed,online,2025-07-07,NO
4247,43780,53255,1952.3,completed,online,2025-07-07,NO
1,6542,53680,847.85,completed,online,2025-07-07,NO
1818,40085,53704,1252.04,failed,online,2025-07-07,NO
1848,38109,53825,1657.45,failed,online,2025-07-07,NO
2792,42694,54347,1352.8,failed,online,2025-07-07,NO
4035,16786,54519,1163.94,failed,online,2025-07-07,NO
3115,30375,54599,1829.93,completed,online,2025-07-07,NO
3174,34097,54842,1003.88,completed,online,2025-07-07,NO
535,38778,55873,1729.63,completed,online,2025-07-07,NO
1368,16359,60036,1414.67,failed,online,2025-07-07,NO
4613,11490,63018,812.31,completed,online,2025-07-07,NO
1274,20936,63098,408.54,completed,online,2025-07-07,NO
26,45970,64427,350.51,completed,online,2025-07-07,NO
2369,23925,68516,435.4,completed,online,2025-07-07,NO
1,21871,68674,1108.51,completed,online,2025-07-07,NO
1,22147,72376,712.24,completed,online,2025-07-07,NO
1,9162,73832,176.2,failed,online,2025-07-07,NO
2082,22888,76134,844.58,failed,online,2025-07-07,NO
1728,32476,76588,377.8,failed,online,2025-07-07,NO
2327,32906,76883,1875.87,failed,online,2025-07-07,NO
3702,13248,77045,478.39,completed,online,2025-07-07,NO
3455,7185,80389,1964.16,failed,online,2025-07-07,NO
213,47306,84205,113.87,failed,online,2025-07-07,NO
458,11257,84221,1970.81,completed,online,2025-07-07,NO
193,26081,85606,1934.34,failed,online,2025-07-07,NO
3098,10771,89143,601.1,failed,UNKNOWN,2025-07-07,NO
2648,43659,89709,1747.08,completed,online,2025-07-07,NO
1715,4468,91904,12.64,completed,online,2025-07-07,NO
504,48465,94147,1446.37,failed,online,2025-07-07,NO
1,29849,97446,622.0,completed,online,2025-07-07,NO
1387,30449,100136,113.07,failed,online,2025-07-07,NO
1,29809,100535,1134.75,failed,online,2025-07-07,NO
2112,40990,101881,718.04,completed,online,2025-07-07,NO
3310,27860,104575,1514.72,failed,online,2025-07-07,NO
1999,13717,104921,1255.9,completed,online,2025-07-07,NO
750,18613,108637,995.91,failed,online,2025-07-07,NO
1975,18347,109487,1795.43,completed,online,2025-07-07,NO
311,15454,110732,1286.52,failed,online,2025-07-07,NO
1,11296,112734,836.07,failed,online,2025-07-07,NO
2403,45278,112800,61.23,failed,online,2025-07-07,NO
1367,8833,113037,63.37,failed,online,2025-07-07,NO
2362,11150,113277,724.15,failed,online,2025-07-07,NO
4613,12354,114809,1132.57,completed,online,2025-07-07,NO
915,32440,120196,1855.43,failed,online,2025-07-07,NO
79,34738,122212,1242.35,failed,online,2025-07-07,NO
662,13493,123686,1886.05,failed,online,2025-07-07,NO
3154,16065,123965,1140.23,completed,online,2025-07-07,NO
1931,7225,124920,297.78,failed,online,2025-07-07,NO
1023,29500,127976,1175.72,completed,online,2025-07-07,NO
2353,26663,129412,1102.57,failed,online,2025-07-07,NO
4036,19773,129544,582.91,failed,online,2025-07-07,NO
1,6265,131853,662.4,failed,online,2025-07-07,NO
1,16875,135498,1587.34,failed,online,2025-07-07,NO
3065,17766,136018,344.69,completed,online,2025-07-07,NO
3298,42933,136520,1650.96,failed,online,2025-07-07,NO
431,12431,144177,1412.12,failed,online,2025-07-07,NO
4152,4490,145016,48.74,completed,online,2025-07-07,NO
4372,22962,147259,286.8,failed,online,2025-07-07,NO
325,18379,147588,554.24,failed,online,2025-07-07,NO
1,24813,912,122.36,failed,online,2025-01-07,NO
1,38046,4308,614.02,failed,online,2025-01-07,NO
1,15257,5330,1549.15,completed,online,2025-01-07,NO
1307,30363,5338,351.49,completed,online,2025-01-07,NO
793,3686,6921,1444.96,completed,online,2025-01-07,NO
1,4469,7346,1544.99,failed,online,2025-01-07,NO
4425,42089,8807,1165.99,completed,online,2025-01-07,NO
3816,3507,8832,370.75,completed,online,2025-01-07,NO
3491,44482,11766,1087.16,completed,online,2025-01-07,NO
824,27704,14070,1473.89,completed,online,2025-01-07,NO
2859,6843,14818,770.57,completed,online,2025-01-07,NO
1,26635,19403,1502.66,failed,online,2025-01-07,NO
4149,42707,19954,1529.88,completed,online,2025-01-07,NO
667,8992,21210,908.13,failed,online,2025-01-07,NO
1,9102,21798,640.96,failed,online,2025-01-07,NO
4429,5253,25531,618.83,failed,online,2025-01-07,NO
2934,2001,27297,300.5,failed,online,2025-01-07,NO
3745,30878,28592,1864.56,failed,online,2025-01-07,NO
3080,41495,31383,448.16,completed,UNKNOWN,2025-01-07,NO
4744,49057,33557,1200.22,failed,online,2025-01-07,NO
1645,38950,33857,1740.67,failed,online,2025-01-07,NO
2677,49472,33923,1777.64,failed,online,2025-01-07,NO
1,25911,34703,610.14,completed,online,2025-01-07,NO
4297,21685,38876,1148.51,failed,online,2025-01-07,NO
2081,26316,39447,225.1,failed,online,2025-01-07,NO
3529,35143,39564,116.38,failed,online,2025-01-07,NO
1,12877,41613,519.2,completed,online,2025-01-07,NO
4378,23558,43237,1425.1,failed,online,2025-01-07,NO
4306,12022,47232,27.87,completed,online,2025-01-07,NO
1099,8323,49111,1120.94,completed,online,2025-01-07,NO
1,34428,49200,398.88,failed,online,2025-01-07,NO
4786,38639,50313,1963.98,failed,online,2025-01-07,NO
3297,4796,51480,86.26,failed,online,2025-01-07,NO
4291,4827,55747,173.42,failed,online,2025-01-07,NO
3220,44561,56977,911.77,failed,online,2025-01-07,NO
1102,41526,59002,770.57,failed,online,2025-01-07,NO
1255,47171,59285,1836.64,completed,online,2025-01-07,NO
2012,49198,61122,1490.42,completed,online,2025-01-07,NO
1,22396,61136,1577.39,failed,online,2025-01-07,NO
196,25113,61720,1535.38,failed,online,2025-01-07,NO
4281,32616,61765,959.9,completed,online,2025-01-07,NO
2875,41846,61914,965.54,failed,online,2025-01-07,NO
1,9974,62591,164.14,failed,online,2025-01-07,NO
243,15435,62731,1189.36,failed,online,2025-01-07,NO
156,24814,62939,823.35,completed,online,2025-01-07,NO
4704,10285,64911,1687.78,completed,online,2025-01-07,NO
4424,12057,64985,147.36,completed,online,2025-01-07,NO
2604,7651,66349,1370.61,failed,online,2025-01-07,NO
3009,15221,74375,1521.96,completed,online,2025-01-07,NO
1,44523,77001,881.81,failed,online,2025-01-07,NO
3130,21798,80026,1486.74,completed,online,2025-01-07,NO
1559,37993,80643,1570.12,failed,online,2025-01-07,NO
600,16345,81512,867.59,failed,online,2025-01-07,NO
3373,39166,81876,1517.73,completed,online,2025-01-07,NO
2812,30311,83335,1587.43,failed,online,2025-01-07,NO
1,45079,83529,462.97,failed,online,2025-01-07,NO
82,36446,85585,306.38,completed,online,2025-01-07,NO
1,4545,87129,936.22,completed,online,2025-01-07,NO
3703,6728,90483,1187.8,failed,online,2025-01-07,NO
1,38847,91773,70.38,completed,online,2025-01-07,NO
69,11313,94321,1574.09,failed,online,2025-01-07,NO
2734,48292,94763,199.0,failed,online,2025-01-07,NO
1,31559,95000,1300.42,failed,online,2025-01-07,NO
2409,2728,99068,911.46,completed,online,2025-01-07,NO
1804,3276,99178,932.33,failed,online,2025-01-07,NO
3071,35548,100314,1404.07,failed,online,2025-01-07,NO
4799,541,100461,1615.09,completed,online,2025-01-07,NO
2915,39780,101061,1485.7,completed,online,2025-01-07,NO
1,44665,102528,1152.35,completed,online,2025-01-07,NO
1,32324,103161,632.43,completed,online,2025-01-07,NO
2592,16993,103235,383.49,completed,online,2025-01-07,NO
1127,30136,104283,1495.85,failed,online,2025-01-07,NO
1,8342,105402,466.03,completed,online,2025-01-07,NO
4770,42253,106169,1723.01,failed,online,2025-01-07,NO
3275,41714,107024,339.35,completed,online,2025-01-07,NO
4009,47398,107241,1525.46,completed,online,2025-01-07,NO
4368,39249,107543,1627.93,failed,online,2025-01-07,NO
117,22484,112823,1505.41,completed,online,2025-01-07,NO
4003,7060,113745,1825.94,completed,online,2025-01-07,NO
2825,38398,114508,99.63,failed,online,2025-01-07,NO
4271,19386,114899,1392.66,failed,online,2025-01-07,NO
3901,25659,121647,1498.23,failed,online,2025-01-07,NO
1537,44556,121972,1934.57,failed,online,2025-01-07,NO
2701,30178,123539,564.03,failed,online,2025-01-07,NO
1,12118,133459,218.77,completed,online,2025-01-07,NO
405,47070,133529,1067.87,failed,online,2025-01-07,NO
3064,1936,134006,137.18,failed,online,2025-01-07,NO
4904,45944,139795,599.95,completed,online,2025-01-07,NO
4519,43196,141226,291.01,completed,online,2025-01-07,NO
1611,39947,141369,735.36,failed,online,2025-01-07,NO
1638,9585,3783,143.55,completed,online,2025-03-02,NO
1206,34118,4925,1949.54,failed,online,2025-03-02,NO
973,41831,5518,431.64,failed,online,2025-03-02,NO
1906,4738,5845,1984.5,completed,online,2025-03-02,NO
2750,11315,13701,1739.17,failed,online,2025-03-02,NO
4883,20352,19897,14.19,failed,online,2025-03-02,NO
1,23291,22665,123.18,completed,online,2025-03-02,NO
2744,30495,24198,1373.98,completed,UNKNOWN,2025-03-02,NO
2207,17251,24588,799.03,completed,online,2025-03-02,NO
160,25936,28253,1515.38,completed,online,2025-03-02,NO
1,17552,28485,1476.38,failed,online,2025-03-02,NO
4296,45420,28767,450.55,failed,online,2025-03-02,NO
1845,32716,30894,1895.98,failed,online,2025-03-02,NO
2546,46622,32128,389.58,completed,online,2025-03-02,NO
2243,35583,32556,1874.49,completed,online,2025-03-02,NO
435,15879,33242,1987.36,failed,online,2025-03-02,NO
4652,14493,34513,239.5,completed,online,2025-03-02,NO
3152,39907,37497,1721.35,completed,online,2025-03-02,NO
3778,35173,37596,1891.89,completed,online,2025-03-02,NO
2690,17154,38282,550.33,completed,online,2025-03-02,NO
3192,16552,38475,1922.87,completed,online,2025-03-02,NO
1,15884,38707,1563.37,completed,online,2025-03-02,NO
4864,48161,40756,781.81,failed,online,2025-03-02,NO
4706,10969,42067,1404.27,completed,online,2025-03-02,NO
2298,22705,42894,615.7,failed,online,2025-03-02,NO
2756,13717,44846,1749.73,completed,online,2025-03-02,NO
1664,3883,46601,795.11,completed,online,2025-03-02,NO
305,410,46949,1557.72,completed,online,2025-03-02,NO
51,9577,47822,134.62,completed,online,2025-03-02,NO
1,21183,49887,132.43,failed,online,2025-03-02,NO
413,13925,50919,455.38,completed,online,2025-03-02,NO
3992,6011,51127,489.33,completed,online,2025-03-02,NO
1,39526,53435,390.38,completed,online,2025-03-02,NO
1,22581,53906,316.76,completed,online,2025-03-02,NO
2809,30734,54232,1082.17,completed,online,2025-03-02,NO
2971,30475,55509,920.1,completed,online,2025-03-02,NO
3546,39251,57965,1777.57,completed,online,2025-03-02,NO
1514,13750,60965,1638.28,failed,online,2025-03-02,NO
1,47915,62259,128.13,completed,online,2025-03-02,NO
2961,47469,63346,1009.07,failed,online,2025-03-02,NO
1,25113,64860,1243.19,failed,online,2025-03-02,NO
1,41407,68064,1397.35,completed,online,2025-03-02,NO
1085,48350,69544,1084.8,failed,online,2025-03-02,NO
4995,36265,71433,363.55,completed,UNKNOWN,2025-03-02,NO
3761,47030,72766,867.96,completed,online,2025-03-02,NO
1098,30900,73560,61.13,completed,online,2025-03-02,NO
4403,12941,73610,244.38,failed,online,2025-03-02,NO
4906,12160,77008,1809.5,failed,online,2025-03-02,NO
377,11502,79197,1654.3,failed,online,2025-03-02,NO
488,10071,81524,1213.09,failed,online,2025-03-02,NO
1,27578,82086,1865.74,completed,online,2025-03-02,NO
4338,16670,82856,1563.71,completed,online,2025-03-02,NO
3400,22470,85079,1923.34,completed,online,2025-03-02,NO
759,21466,85138,1052.48,failed,online,2025-03-02,NO
4747,11945,85858,656.38,failed,online,2025-03-02,NO
4515,21250,87508,831.68,failed,online,2025-03-02,NO
1,35958,94479,383.48,failed,online,2025-03-02,NO
1,45823,96711,738.47,failed,online,2025-03-02,NO
4376,1771,101202,511.57,failed,online,2025-03-02,NO
1,29274,105318,73.5,failed,online,2025-03-02,NO
3285,46139,106817,1087.65,completed,online,2025-03-02,NO
574,17555,109775,25.12,failed,online,2025-03-02,NO
1,4462,111954,819.86,completed,online,2025-03-02,NO
1,16131,112100,1416.0,failed,online,2025-03-02,NO
4007,41283,112530,1712.13,failed,online,2025-03-02,NO
2106,46858,113215,731.52,failed,online,2025-03-02,NO
4049,11734,113294,927.63,failed,online,2025-03-02,NO
4488,6591,113922,1917.5,completed,online,2025-03-02,NO
1381,35919,114298,1676.98,failed,online,2025-03-02,NO
2356,16439,114636,995.31,completed,online,2025-03-02,NO
225,772,114724,1679.37,failed,online,2025-03-02,NO
2988,15011,115167,1897.19,failed,online,2025-03-02,NO
3917,26276,115437,172.12,completed,online,2025-03-02,NO
4156,4361,121262,1841.49,failed,online,2025-03-02,NO
3282,33546,121665,866.42,failed,online,2025-03-02,NO
3795,33046,124207,1163.21,completed,online,2025-03-02,NO
2299,2734,125433,1020.96,failed,online,2025-03-02,NO
3755,37945,126149,431.09,completed,online,2025-03-02,NO
4099,32592,127817,143.54,failed,online,2025-03-02,NO
1267,32579,129894,1844.73,completed,online,2025-03-02,NO
3145,21033,131090,1487.0,failed,online,2025-03-02,NO
1,13449,134858,157.92,completed,online,2025-03-02,NO
2782,5597,135629,1372.72,failed,online,2025-03-02,NO
2257,44677,136290,568.52,completed,online,2025-03-02,NO
3995,35854,136360,308.54,failed,online,2025-03-02,NO
1,5455,137252,677.96,failed,online,2025-03-02,NO
4982,9688,139320,988.25,completed,online,2025-03-02,NO
396,20875,145504,1410.95,failed,online,2025-03-02,NO
4585,6769,145949,878.53,completed,online,2025-03-02,NO
1,45836,333,18.31,failed,online,2025-02-05,NO
372,45953,6988,298.77,completed,online,2025-02-05,NO
1,35258,7898,1448.59,failed,online,2025-02-05,NO
4358,14584,8815,1903.88,completed,online,2025-02-05,NO
1,17350,9925,736.0,failed,online,2025-02-05,NO
1,38973,11885,1291.84,failed,online,2025-02-05,NO
1,29566,13409,1481.49,completed,online,2025-02-05,NO
4175,27665,13440,292.95,failed,online,2025-02-05,NO
889,28741,14540,499.03,failed,online,2025-02-05,NO
3642,49220,15503,968.49,failed,online,2025-02-05,NO
2299,23644,15827,253.74,failed,online,2025-02-05,NO
1066,38598,16145,1191.49,completed,online,2025-02-05,NO
3838,18060,17549,1494.96,completed,online,2025-02-05,NO
3584,16167,20018,553.47,completed,online,2025-02-05,NO
3781,33295,22951,404.74,completed,online,2025-02-05,NO
3961,45451,24747,1738.92,failed,UNKNOWN,2025-02-05,NO
2140,2651,25039,446.66,completed,online,2025-02-05,NO
2578,49298,25051,1503.97,completed,online,2025-02-05,NO
1,4060,25780,589.01,completed,online,2025-02-05,NO
3840,42694,26350,927.29,failed,online,2025-02-05,NO
1,37517,26775,1070.22,completed,online,2025-02-05,NO
1,10890,27030,976.67,failed,online,2025-02-05,NO
1352,34548,28794,1323.2,failed,online,2025-02-05,NO
3209,46309,30738,618.18,failed,online,2025-02-05,NO
1910,15711,31397,919.8,completed,online,2025-02-05,NO
2187,2031,34423,1476.34,completed,online,2025-02-05,NO
2525,3564,36143,1705.63,failed,online,2025-02-05,NO
1,15676,38153,410.65,failed,online,2025-02-05,NO
3121,5799,38279,946.24,completed,online,2025-02-05,NO
4673,38323,39333,548.8,completed,online,2025-02-05,NO
345,44440,43931,1256.14,completed,online,2025-02-05,NO
3931,45583,44297,7900.599929041824,completed,online,2025-02-05,NO
145,27294,44644,775.92,failed,online,2025-02-05,NO
1,1370,46693,1533.78,completed,online,2025-02-05,NO
2160,2596,50554,755.83,completed,online,2025-02-05,NO
1383,38215,50803,1424.06,completed,online,2025-02-05,NO
2183,6610,51388,1978.49,completed,online,2025-02-05,NO
2692,35155,51408,1353.0,completed,online,2025-02-05,NO
3264,41583,52179,1653.12,failed,online,2025-02-05,NO
4507,630,58812,842.66,completed,online,2025-02-05,NO
460,37159,59104,70.67,completed,online,2025-02-05,NO
780,25169,60369,284.63,failed,online,2025-02-05,NO
726,32282,65458,1344.92,completed,online,2025-02-05,NO
4885,3130,67492,1393.59,completed,online,2025-02-05,NO
1,49614,67752,1866.5,completed,online,2025-02-05,NO
4855,11482,69493,1768.67,failed,online,2025-02-05,NO
3247,33336,69796,911.34,failed,online,2025-02-05,NO
2300,25242,74258,1370.36,failed,online,2025-02-05,NO
3592,1937,75300,1373.53,failed,online,2025-02-05,NO
1937,49139,76793,1253.0,completed,online,2025-02-05,NO
1906,35975,78383,1136.02,failed,online,2025-02-05,NO
4726,41462,78469,1617.08,failed,online,2025-02-05,NO
3174,49661,79776,891.33,completed,online,2025-02-05,NO
1,21447,80977,558.72,completed,online,2025-02-05,NO
2145,34614,82392,1659.68,failed,online,2025-02-05,NO
2533,26219,84273,1004.57,failed,online,2025-02-05,NO
1,15939,86939,474.17,failed,online,2025-02-05,NO
2254,31002,90042,635.61,completed,online,2025-02-05,NO
3235,34810,94099,809.28,completed,online,2025-02-05,NO
1,27788,94248,1391.58,failed,online,2025-02-05,NO
1,27287,94947,1218.31,completed,online,2025-02-05,NO
1,27105,95586,1828.78,failed,online,2025-02-05,NO
3183,21939,96110,1552.48,completed,online,2025-02-05,NO
3752,21958,97357,277.66,completed,online,2025-02-05,NO
1475,17955,101985,928.85,failed,online,2025-02-05,NO
3603,7971,103219,558.71,failed,online,2025-02-05,NO
3444,22347,106941,1022.36,failed,online,2025-02-05,NO
2891,12018,109018,180.1,completed,online,2025-02-05,NO
1,13437,114053,1788.32,completed,online,2025-02-05,NO
1032,38202,117433,1342.91,failed,online,2025-02-05,NO
1,19078,120557,1777.98,failed,online,2025-02-05,NO
1,37470,120656,800.13,failed,online,2025-02-05,NO
1,39481,122128,1324.5,completed,online,2025-02-05,NO
4952,28110,127071,343.23,completed,online,2025-02-05,NO
2714,40193,127157,417.05,completed,online,2025-02-05,NO
2227,25380,128823,499.73,completed,online,2025-02-05,NO
1727,4245,130115,1171.49,failed,online,2025-02-05,NO
407,9967,130515,1231.44,failed,online,2025-02-05,NO
564,37247,130612,990.86,failed,online,2025-02-05,NO
93,11556,132288,1798.38,completed,online,2025-02-05,NO
1,1984,134042,1668.41,failed,online,2025-02-05,NO
1,772,138907,1045.35,completed,online,2025-02-05,NO
1763,43513,139330,1146.23,completed,online,2025-02-05,NO
3493,41937,139856,1033.11,completed,online,2025-02-05,NO
1,1503,140319,989.69,failed,online,2025-02-05,NO
219,45750,140621,1480.26,completed,online,2025-02-05,NO
4233,15925,143968,1416.85,failed,online,2025-02-05,NO
2232,26451,147704,1891.08,completed,online,2025-02-05,NO
3294,35700,149919,1810.62,completed,online,2025-02-05,NO
1947,45716,433,842.83,failed,online,2025-07-02,NO
1539,27,1337,73.41,completed,online,2025-07-02,NO
4202,23146,1637,1638.49,completed,online,2025-07-02,NO
1135,4904,2787,936.75,failed,online,2025-07-02,NO
1856,19412,3268,159.52,failed,online,2025-07-02,NO
1,37001,4964,1779.67,failed,online,2025-07-02,NO
561,9908,5635,1246.21,completed,online,2025-07-02,NO
159,20581,6320,1382.04,failed,online,2025-07-02,NO
501,40320,6698,1090.24,failed,online,2025-07-02,NO
1564,49085,7453,353.25,completed,online,2025-07-02,NO
2385,21668,13159,1251.47,failed,online,2025-07-02,NO
4737,44738,17288,1728.65,failed,online,2025-07-02,NO
1,49122,21398,1213.74,failed,online,2025-07-02,NO
82,26110,23004,1962.49,completed,online,2025-07-02,NO
855,23249,23198,1141.18,failed,online,2025-07-02,NO
893,2781,23943,73.23,completed,online,2025-07-02,NO
1,22688,24161,962.15,failed,online,2025-07-02,NO
2270,34593,25045,932.68,completed,online,2025-07-02,NO
3367,24898,28618,1719.33,completed,online,2025-07-02,NO
1,44892,29249,257.67,completed,online,2025-07-02,NO
3751,30389,29651,657.25,completed,online,2025-07-02,NO
2699,13728,30342,1685.98,failed,online,2025-07-02,NO
1,38647,31277,1225.33,completed,online,2025-07-02,NO
577,20118,32137,997.98,completed,online,2025-07-02,NO
404,1865,35279,1650.74,failed,online,2025-07-02,NO
2767,49471,38838,8558.171968382574,failed,online,2025-07-02,NO
1,8586,40662,875.72,failed,online,2025-07-02,NO
3673,24927,41711,504.47,completed,online,2025-07-02,NO
4807,13197,43934,1375.31,failed,online,2025-07-02,NO
1,43968,48314,1769.27,completed,online,2025-07-02,NO
2164,15788,48650,509.19,completed,online,2025-07-02,NO
819,41011,49346,292.94,failed,online,2025-07-02,NO
2367,27884,51924,804.48,failed,online,2025-07-02,NO
3577,15197,54953,1430.41,failed,online,2025-07-02,NO
2155,8534,56062,860.1,failed,online,2025-07-02,NO
2329,1743,56151,1089.84,completed,online,2025-07-02,NO
4798,14306,57848,1373.95,failed,online,2025-07-02,NO
3716,33148,63943,1279.06,failed,online,2025-07-02,NO
1615,7992,64704,980.46,completed,online,2025-07-02,NO
1,36924,66581,296.14,completed,online,2025-07-02,NO
1242,47194,68196,1225.32,failed,online,2025-07-02,NO
277,42192,68597,723.29,completed,online,2025-07-02,NO
2658,40241,72746,1461.65,failed,online,2025-07-02,NO
4330,2578,74434,288.3,completed,online,2025-07-02,NO
1268,35860,75957,275.04,completed,online,2025-07-02,NO
2408,49152,76813,1203.48,completed,online,2025-07-02,NO
4775,42718,80077,877.31,failed,online,2025-07-02,NO
3711,2946,80770,552.74,completed,online,2025-07-02,NO
1579,1678,84343,579.55,completed,online,2025-07-02,NO
1,26010,84681,645.37,failed,online,2025-07-02,NO
1408,10771,88268,381.35,completed,online,2025-07-02,NO
1226,9873,88526,994.97,failed,UNKNOWN,2025-07-02,NO
1,47749,91053,1926.01,completed,online,2025-07-02,NO
1764,38134,94190,378.44,completed,online,2025-07-02,NO
4278,44769,94700,900.91,failed,online,2025-07-02,NO
4434,49666,98130,1462.56,completed,online,2025-07-02,NO
1554,9353,99614,1076.68,completed,online,2025-07-02,NO
1,20265,100367,895.46,completed,online,2025-07-02,NO
402,45939,102242,662.73,completed,online,2025-07-02,NO
1,38320,102767,1616.01,failed,online,2025-07-02,NO
2146,36595,103141,581.22,failed,online,2025-07-02,NO
3970,17094,103232,1649.89,failed,online,2025-07-02,NO
1,18302,107714,291.95,failed,online,2025-07-02,NO
2988,49980,107865,630.39,completed,online,2025-07-02,NO
1034,10640,108408,1376.09,completed,online,2025-07-02,NO
1,10645,108880,1619.39,completed,online,2025-07-02,NO
1,44000,109080,381.98,completed,online,2025-07-02,NO
463,26777,109271,1663.69,completed,online,2025-07-02,NO
155,45404,110150,1954.68,failed,online,2025-07-02,NO
4844,42539,110199,1858.64,completed,online,2025-07-02,NO
473,37880,112060,830.76,failed,online,2025-07-02,NO
3946,14143,113632,179.78,completed,online,2025-07-02,NO
527,49095,114463,738.86,completed,online,2025-07-02,NO
2742,32365,117275,557.96,completed,online,2025-07-02,NO
2849,34756,120341,733.68,completed,online,2025-07-02,NO
1,44840,121006,1331.12,completed,online,2025-07-02,NO
4987,49473,125135,1329.25,failed,online,2025-07-02,NO
2712,39148,125425,947.18,completed,online,2025-07-02,NO
1,21866,126257,914.8,completed,online,2025-07-02,NO
1,7174,129686,510.14,completed,online,2025-07-02,NO
2955,15855,130547,967.84,failed,online,2025-07-02,NO
3,13571,131909,1366.26,failed,online,2025-07-02,NO
1481,24174,133420,949.57,failed,online,2025-07-02,NO
2782,8552,139791,718.11,failed,online,2025-07-02,NO
1422,23593,141157,1681.94,completed,online,2025-07-02,NO
4861,4635,141223,40.37,failed,online,2025-07-02,NO
175,30934,143691,80.11,failed,online,2025-07-02,NO
3603,16650,144508,1819.88,failed,online,2025-07-02,NO
4779,47890,145713,1927.86,failed,online,2025-07-02,NO
1311,10410,1454,1428.42,failed,online,2025-09-13,NO
2547,21852,2378,287.5,failed,online,2025-09-13,NO
4461,44887,5312,787.61,failed,online,2025-09-13,NO
1181,47402,6173,1149.21,failed,online,2025-09-13,NO
1491,16350,6845,1736.52,failed,online,2025-09-13,NO
1077,39362,8197,1159.19,failed,online,2025-09-13,NO
1907,2893,9883,15.94,failed,online,2025-09-13,NO
1,37337,12201,165.97,failed,online,2025-09-13,NO
4022,21956,14805,70.3,failed,online,2025-09-13,NO
3391,40577,17628,985.36,completed,online,2025-09-13,NO
4310,47494,19920,1902.04,completed,online,2025-09-13,NO
2482,5259,22146,804.25,failed,online,2025-09-13,NO
1273,11444,25774,1422.91,completed,online,2025-09-13,NO
3888,7072,25916,897.19,completed,online,2025-09-13,NO
3814,2559,26408,1847.49,completed,online,2025-09-13,NO
4075,22945,30005,1290.85,completed,online,2025-09-13,NO
3129,24896,30364,1694.46,failed,online,2025-09-13,NO
4109,33393,32978,1915.04,failed,online,2025-09-13,NO
1,26148,32989,1745.14,completed,online,2025-09-13,NO
2931,23631,39940,331.27,completed,online,2025-09-13,NO
4576,9886,41516,1401.1,failed,online,2025-09-13,NO
4833,30414,41784,468.23,completed,online,2025-09-13,NO
2165,17119,42021,1144.4,failed,online,2025-09-13,NO
1962,33455,42577,529.95,failed,online,2025-09-13,NO
1672,11505,43744,1857.06,completed,online,2025-09-13,NO
3145,28604,44540,504.13,failed,UNKNOWN,2025-09-13,NO
3217,25455,44747,712.91,completed,online,2025-09-13,NO
2655,3678,45040,530.91,completed,online,2025-09-13,NO
1,1693,45776,1971.25,failed,online,2025-09-13,NO
1560,7877,48306,1786.16,failed,online,2025-09-13,NO
829,37921,48651,1874.56,failed,online,2025-09-13,NO
2056,6290,48996,1794.05,failed,online,2025-09-13,NO
455,7927,50235,624.17,failed,online,2025-09-13,NO
2060,1866,57521,1172.53,completed,online,2025-09-13,NO
230,47284,58856,1323.67,failed,online,2025-09-13,NO
1,29879,61025,1211.83,failed,online,2025-09-13,NO
1,35931,61631,568.14,completed,online,2025-09-13,NO
4549,28813,63798,1100.83,failed,online,2025-09-13,NO
3904,12172,63833,928.64,failed,online,2025-09-13,NO
4637,41416,65633,308.48,completed,online,2025-09-13,NO
1,15890,66846,1306.53,failed,online,2025-09-13,NO
4458,10502,67637,1860.91,completed,online,2025-09-13,NO
510,15222,71561,1266.71,failed,UNKNOWN,2025-09-13,NO
743,36789,72015,1340.64,failed,online,2025-09-13,NO
4202,36581,75142,826.93,failed,online,2025-09-13,NO
47,43012,76585,7620.392079120512,failed,online,2025-09-13,NO
4691,9846,80851,1733.6,failed,UNKNOWN,2025-09-13,NO
1161,18300,82297,1753.07,failed,online,2025-09-13,NO
1700,21890,84440,1614.46,completed,online,2025-09-13,NO
1,44718,85160,1202.76,completed,online,2025-09-13,NO
1783,17557,85367,824.05,failed,online,2025-09-13,NO
1331,37708,85413,958.18,completed,online,2025-09-13,NO
1,38922,87723,271.99,completed,online,2025-09-13,NO
1135,25294,90256,713.33,failed,online,2025-09-13,NO
1,22491,90512,1844.31,failed,online,2025-09-13,NO
4268,9644,90997,356.27,failed,online,2025-09-13,NO
1322,21059,91557,1368.83,failed,online,2025-09-13,NO
3978,8997,92175,1113.98,completed,online,2025-09-13,NO
1047,9452,93370,167.9,failed,online,2025-09-13,NO
2350,27480,93773,1443.24,failed,online,2025-09-13,NO
1212,37064,99006,476.19,completed,online,2025-09-13,NO
216,34381,99236,264.75,completed,online,2025-09-13,NO
4432,31462,99457,327.23,completed,online,2025-09-13,NO
1,16816,100973,232.92,failed,online,2025-09-13,NO
4951,32168,101737,111.36,completed,online,2025-09-13,NO
1,44882,102838,1703.2,completed,online,2025-09-13,NO
2377,34588,104666,1015.11,failed,online,2025-09-13,NO
4287,38036,110056,1249.16,failed,online,2025-09-13,NO
1,14466,110883,327.17,completed,online,2025-09-13,NO
1561,12350,111565,1838.92,failed,online,2025-09-13,NO
1097,3396,114803,1998.3,failed,online,2025-09-13,NO
3749,3120,115719,944.42,completed,UNKNOWN,2025-09-13,NO
752,41747,116060,1562.98,failed,online,2025-09-13,NO
3584,17168,117519,437.65,completed,online,2025-09-13,NO
1837,447,119262,586.73,completed,online,2025-09-13,NO
1,9992,120528,1974.85,failed,online,2025-09-13,NO
1957,23295,120898,1441.65,completed,online,2025-09-13,NO
796,8331,121194,1748.36,completed,online,2025-09-13,NO
385,36317,122053,395.53,completed,online,2025-09-13,NO
3264,31123,126277,53.74,failed,online,2025-09-13,NO
2765,47858,133301,541.8,completed,online,2025-09-13,NO
2829,8147,133319,1786.35,failed,online,2025-09-13,NO
1,32133,133356,1561.12,completed,online,2025-09-13,NO
3502,43622,135663,1803.55,failed,online,2025-09-13,NO
1586,13226,137001,155.53,completed,online,2025-09-13,NO
3870,21882,140233,1046.44,failed,online,2025-09-13,NO
3295,14710,147382,1456.57,completed,online,2025-09-13,NO
1119,27916,149005,1806.27,failed,online,2025-09-13,NO
1280,27307,149151,564.99,completed,online,2025-09-13,NO
1,1097,146,145.04,completed,online,2025-08-28,NO
1,24523,3118,1698.85,failed,online,2025-08-28,NO
1,28202,3324,749.86,completed,online,2025-08-28,NO
1,30777,3819,1720.39,completed,online,2025-08-28,NO
1390,31709,5343,1055.62,completed,online,2025-08-28,NO
3428,14194,6529,821.62,completed,online,2025-08-28,NO
2039,48970,7208,1357.23,completed,online,2025-08-28,NO
3475,49392,10398,176.48,completed,online,2025-08-28,NO
107,15371,12341,302.76,failed,online,2025-08-28,NO
1811,7815,13514,894.74,failed,online,2025-08-28,NO
4454,10096,13902,1791.86,failed,online,2025-08-28,NO
575,29416,15259,477.52,failed,online,2025-08-28,NO
274,2940,16547,664.86,completed,online,2025-08-28,NO
1617,5270,18018,673.55,failed,online,2025-08-28,NO
1097,1406,20198,267.88,failed,online,2025-08-28,NO
1796,25370,21155,679.98,failed,online,2025-08-28,NO
3829,7286,22599,1825.74,failed,online,2025-08-28,NO
1,23353,22984,1121.2,failed,online,2025-08-28,NO
1022,31503,23212,330.63,failed,online,2025-08-28,NO
1,30661,23632,1817.51,completed,online,2025-08-28,NO
1247,44753,23753,1163.0,completed,online,2025-08-28,NO
1083,175,24289,107.45,completed,online,2025-08-28,NO
2946,48240,26052,1969.11,completed,online,2025-08-28,NO
3106,49059,26352,1752.6,completed,online,2025-08-28,NO
1,2983,29663,1081.42,completed,online,2025-08-28,NO
1,16193,29968,1781.27,completed,online,2025-08-28,NO
2130,40201,30263,836.58,failed,online,2025-08-28,NO
2087,983,30850,228.02,completed,online,2025-08-28,NO
3337,15272,33058,1298.14,completed,online,2025-08-28,NO
1692,6491,36520,1696.47,failed,online,2025-08-28,NO
3892,18592,36844,1425.83,completed,online,2025-08-28,NO
2035,40302,37031,905.34,failed,online,2025-08-28,NO
3181,47012,43769,1410.93,completed,online,2025-08-28,NO
1,2931,45925,565.01,completed,online,2025-08-28,NO
1457,26009,45996,1648.85,failed,online,2025-08-28,NO
2519,35674,49725,1091.87,failed,online,2025-08-28,NO
448,49234,52095,849.67,completed,online,2025-08-28,NO
1,35086,56158,1709.72,completed,online,2025-08-28,NO
1901,46109,59668,1733.25,failed,online,2025-08-28,NO
610,42979,60000,1725.25,completed,online,2025-08-28,NO
1063,41006,61499,975.89,failed,online,2025-08-28,NO
2721,6947,62044,201.21,completed,online,2025-08-28,NO
2818,28013,62442,1205.38,failed,online,2025-08-28,NO
1,13413,67441,1276.26,failed,online,2025-08-28,NO
2047,27906,70809,1210.87,failed,online,2025-08-28,NO
1,6164,72129,1573.09,failed,online,2025-08-28,NO
2505,4481,72245,754.4,completed,online,2025-08-28,NO
1075,47684,76014,469.61,failed,online,2025-08-28,NO
1,17419,78796,282.44,completed,online,2025-08-28,NO
3626,22413,79675,1812.11,completed,online,2025-08-28,NO
1757,31636,80383,1944.12,failed,online,2025-08-28,NO
3762,35132,81509,616.12,completed,online,2025-08-28,NO
4590,45296,91794,1624.33,failed,online,2025-08-28,NO
469,27768,94693,1380.58,failed,online,2025-08-28,NO
1,21732,98565,939.22,failed,online,2025-08-28,NO
3731,37083,99128,1106.61,failed,online,2025-08-28,NO
419,3731,101583,899.27,failed,online,2025-08-28,NO
1,34588,101594,1069.19,completed,online,2025-08-28,NO
1136,43790,103035,1604.65,failed,online,2025-08-28,NO
2977,31987,104832,1397.13,failed,online,2025-08-28,NO
2404,37846,106212,97.33,failed,UNKNOWN,2025-08-28,NO
2118,43591,109315,1564.55,completed,online,2025-08-28,NO
3843,18421,109936,15.44,failed,online,2025-08-28,NO
1628,25241,110434,294.6,completed,online,2025-08-28,NO
1884,7894,110595,36.15,completed,online,2025-08-28,NO
2258,38796,111293,1736.57,failed,online,2025-08-28,NO
1927,8565,112560,935.82,completed,online,2025-08-28,NO
1884,5945,116194,1296.35,failed,online,2025-08-28,NO
3151,23683,117525,1503.65,failed,online,2025-08-28,NO
277,48306,118138,43.57,completed,online,2025-08-28,NO
3689,3540,120138,985.87,completed,online,2025-08-28,NO
3511,25967,122792,1530.73,completed,online,2025-08-28,NO
2357,48638,123317,1418.63,completed,online,2025-08-28,NO
2193,20800,123376,1795.41,completed,online,2025-08-28,NO
2066,42700,125321,1168.41,completed,online,2025-08-28,NO
1,31474,125749,829.93,failed,online,2025-08-28,NO
2594,43718,126801,1996.97,failed,online,2025-08-28,NO
1840,38947,128317,494.88,failed,online,2025-08-28,NO
2399,3198,131277,1630.47,failed,online,2025-08-28,NO
1,38426,131715,1185.88,failed,online,2025-08-28,NO
2773,25569,132266,880.87,completed,online,2025-08-28,NO
1284,25164,135192,544.62,failed,online,2025-08-28,NO
3149,6265,136058,913.91,completed,online,2025-08-28,NO
1,16711,136778,1134.9,completed,online,2025-08-28,NO
3307,19328,138630,662.94,completed,online,2025-08-28,NO
4250,30222,139343,1707.64,completed,online,2025-08-28,NO
4270,41280,146075,347.12,failed,online,2025-08-28,NO
1589,45228,148841,1711.5,failed,online,2025-08-28,NO
2194,5904,149427,364.31,failed,online,2025-08-28,NO
4093,48169,410,223.4,failed,online,2025-03-01,NO
3861,20712,894,652.56,completed,online,2025-03-01,NO
187,11177,2566,591.09,failed,online,2025-03-01,NO
4601,24395,2624,1194.99,completed,online,2025-03-01,NO
3467,28264,3960,1353.95,failed,online,2025-03-01,NO
3496,46050,4710,421.56,failed,online,2025-03-01,NO
1,22412,5239,1655.33,failed,online,2025-03-01,NO
2220,22198,6174,978.2,failed,online,2025-03-01,NO
4160,10720,6575,9474.432780989675,failed,online,2025-03-01,NO
1,48671,9149,573.09,completed,UNKNOWN,2025-03-01,NO
1364,3594,12920,1398.14,completed,online,2025-03-01,NO
3074,9958,12933,1893.19,completed,online,2025-03-01,NO
356,4712,14493,1279.29,failed,online,2025-03-01,NO
794,7024,14749,180.43,failed,online,2025-03-01,NO
2013,23201,20076,480.77,failed,online,2025-03-01,NO
4483,38807,21774,428.56,failed,online,2025-03-01,NO
978,45349,21898,1624.91,completed,online,2025-03-01,NO
366,7471,22285,1676.96,completed,online,2025-03-01,NO
1,23342,22525,1132.42,failed,online,2025-03-01,NO
1978,2003,25959,1226.45,completed,online,2025-03-01,NO
2838,44753,28965,272.16,failed,online,2025-03-01,NO
1,15742,29167,820.41,failed,online,2025-03-01,NO
1936,24859,31022,1871.42,failed,online,2025-03-01,NO
1584,48776,32043,330.38,failed,online,2025-03-01,NO
3772,1682,33035,992.78,completed,online,2025-03-01,NO
1454,10543,33734,427.86,completed,online,2025-03-01,NO
3031,48675,34266,30.54,failed,UNKNOWN,2025-03-01,NO
1,13557,35200,585.28,failed,UNKNOWN,2025-03-01,NO
1,21704,36407,288.84,failed,online,2025-03-01,NO
4986,32412,38233,825.49,completed,online,2025-03-01,NO
4665,26851,39804,272.42,failed,online,2025-03-01,NO
3517,32015,42015,556.16,failed,online,2025-03-01,NO
246,49447,42633,884.9,completed,online,2025-03-01,NO
4265,44250,43338,137.64,completed,online,2025-03-01,NO
3304,43088,44318,274.56,failed,online,2025-03-01,NO
3902,26543,48368,908.75,completed,online,2025-03-01,NO
4423,20857,48537,1682.39,failed,online,2025-03-01,NO
1269,22149,50415,1288.38,failed,online,2025-03-01,NO
1321,48424,51588,234.32,failed,online,2025-03-01,NO
1,22021,52290,1897.93,completed,online,2025-03-01,NO
679,1405,54843,647.88,completed,online,2025-03-01,NO
1508,42269,56325,1146.71,failed,online,2025-03-01,NO
2885,45331,56525,398.4,completed,online,2025-03-01,NO
3251,4641,57029,1249.26,failed,online,2025-03-01,NO
1883,38831,59269,1770.08,completed,online,2025-03-01,NO
62,28752,61673,34.61,failed,online,2025-03-01,NO
4544,38535,66241,793.7,failed,online,2025-03-01,NO
3830,8361,66564,1658.64,completed,online,2025-03-01,NO
610,24336,68698,1839.53,completed,online,2025-03-01,NO
4772,5173,74156,366.2,completed,online,2025-03-01,NO
1,29683,75059,673.85,completed,online,2025-03-01,NO
1,42262,81296,1151.8,failed,online,2025-03-01,NO
2611,35748,83817,344.74,failed,online,2025-03-01,NO
2727,25799,86315,1674.59,failed,online,2025-03-01,NO
2449,8826,87208,574.9,failed,online,2025-03-01,NO
1847,47739,88865,1302.31,completed,online,2025-03-01,NO
1,48744,89312,195.13,failed,online,2025-03-01,NO
1445,34307,89500,1843.49,completed,online,2025-03-01,NO
2280,23184,91356,1721.98,failed,online,2025-03-01,NO
1226,11905,91814,1096.53,failed,online,2025-03-01,NO
2268,34512,93610,107.88,failed,online,2025-03-01,NO
4761,3990,97366,1917.17,failed,online,2025-03-01,NO
2307,21029,99720,706.66,failed,online,2025-03-01,NO
4550,14236,106912,141.97,failed,online,2025-03-01,NO
1526,6526,113691,1093.39,completed,online,2025-03-01,NO
4133,34465,115119,119.03,completed,online,2025-03-01,NO
4736,36026,117683,660.01,completed,online,2025-03-01,NO
1,17999,118525,734.34,completed,online,2025-03-01,NO
2895,31193,118886,1776.76,completed,online,2025-03-01,NO
2750,19347,121121,1686.63,completed,online,2025-03-01,NO
3884,34620,123033,821.23,completed,online,2025-03-01,NO
4672,21123,127184,862.25,completed,online,2025-03-01,NO
1,12016,131021,1661.54,failed,online,2025-03-01,NO
1239,27727,133687,256.91,failed,online,2025-03-01,NO
3816,46684,133942,1581.03,completed,online,2025-03-01,NO
4320,11903,134737,148.66,failed,UNKNOWN,2025-03-01,NO
628,23338,135481,1058.33,completed,online,2025-03-01,NO
3741,14511,136405,83.93,completed,online,2025-03-01,NO
4840,3812,137848,1487.84,completed,online,2025-03-01,NO
4440,8153,138235,1538.31,failed,online,2025-03-01,NO
567,44880,138749,1640.25,completed,online,2025-03-01,NO
928,45527,139028,28.98,failed,online,2025-03-01,NO
390,41679,141141,1077.4,failed,online,2025-03-01,NO
1944,40361,144226,976.57,completed,online,2025-03-01,NO
4908,20092,145811,1436.92,failed,online,2025-03-01,NO
4105,39253,146035,1122.19,completed,online,2025-03-01,NO
1624,14104,148258,632.12,completed,online,2025-03-01,NO
1248,41819,148402,298.88,failed,online,2025-03-01,NO
1,22940,148744,1176.82,completed,online,2025-03-01,NO
372,31196,103,286.93,failed,online,2025-10-22,NO
2927,1471,2180,326.48,completed,online,2025-10-22,NO
743,1476,4446,1843.8,completed,online,2025-10-22,NO
3141,34860,4507,847.01,failed,online,2025-10-22,NO
509,13292,4637,859.94,failed,online,2025-10-22,NO
2,45120,5427,977.99,failed,online,2025-10-22,NO
1,43563,7516,293.25,failed,online,2025-10-22,NO
3580,21312,8022,7382.716507141985,failed,online,2025-10-22,NO
3484,19183,8762,1512.34,failed,online,2025-10-22,NO
4166,45161,10664,157.03,failed,online,2025-10-22,NO
403,48194,14257,1816.83,completed,online,2025-10-22,NO
3197,40204,14591,1879.12,failed,online,2025-10-22,NO
2022,9600,16150,475.14,failed,online,2025-10-22,NO
1,33371,16684,1266.62,failed,online,2025-10-22,NO
3441,15642,21311,1681.36,completed,online,2025-10-22,NO
3723,44416,24128,814.13,completed,online,2025-10-22,NO
2520,31733,24993,1495.31,completed,online,2025-10-22,NO
1195,32578,33413,713.51,completed,online,2025-10-22,NO
283,33674,34501,313.88,completed,online,2025-10-22,NO
210,16158,35632,814.86,failed,online,2025-10-22,NO
823,48529,39495,939.86,failed,online,2025-10-22,NO
4407,1262,40495,19.89,failed,online,2025-10-22,NO
2786,10991,42031,714.48,completed,online,2025-10-22,NO
3986,47192,42720,950.14,failed,online,2025-10-22,NO
1555,47046,46611,914.75,failed,online,2025-10-22,NO
1339,27936,47751,1530.48,completed,online,2025-10-22,NO
3913,14321,48592,454.92,failed,online,2025-10-22,NO
712,45632,49533,169.47,failed,online,2025-10-22,NO
140,4131,52041,102.85,completed,online,2025-10-22,NO
1713,22349,53989,36.11,completed,online,2025-10-22,NO
1691,48249,54437,182.24,completed,online,2025-10-22,NO
1079,21062,54520,1629.37,completed,online,2025-10-22,NO
2082,21470,54609,1152.65,completed,online,2025-10-22,NO
1004,19339,59142,33.02,failed,online,2025-10-22,NO
4685,4684,60304,1730.83,completed,online,2025-10-22,NO
2745,42313,62445,453.89,failed,online,2025-10-22,NO
1,21711,63574,1480.09,failed,online,2025-10-22,NO
2436,21531,65609,35.67,completed,online,2025-10-22,NO
284,38159,66524,417.49,completed,online,2025-10-22,NO
1973,37547,66957,1911.0,failed,online,2025-10-22,NO
1573,41297,69385,1614.59,failed,online,2025-10-22,NO
1539,30824,70089,153.73,failed,online,2025-10-22,NO
1,29781,70561,1080.43,completed,online,2025-10-22,NO
4675,32267,71070,77.68,failed,online,2025-10-22,NO
1,20230,72233,107.92,completed,online,2025-10-22,NO
4559,27020,74158,1836.56,completed,online,2025-10-22,NO
875,3788,74365,773.22,failed,online,2025-10-22,NO
3010,45378,76862,1201.92,failed,online,2025-10-22,NO
4139,20736,78198,1749.51,completed,online,2025-10-22,NO
1768,31504,78989,105.61,completed,online,2025-10-22,NO
2587,3851,80196,779.62,failed,online,2025-10-22,NO
1,18005,81757,539.77,failed,online,2025-10-22,NO
2035,10844,81913,634.61,completed,online,2025-10-22,NO
1,48050,86497,1989.71,completed,online,2025-10-22,NO
4361,13560,87379,640.84,completed,online,2025-10-22,NO
1,34632,91187,648.55,failed,online,2025-10-22,NO
56,40073,91785,1455.17,completed,online,2025-10-22,NO
1520,33351,95280,512.26,completed,online,2025-10-22,NO
1482,10656,95878,1432.78,failed,online,2025-10-22,NO
1308,37961,98860,472.09,failed,online,2025-10-22,NO
486,13697,99072,799.47,failed,online,2025-10-22,NO
1422,13561,101007,1495.14,completed,online,2025-10-22,NO
2261,32388,102915,1788.55,failed,online,2025-10-22,NO
4905,24494,105670,1106.67,failed,online,2025-10-22,NO
1862,26559,107534,728.05,completed,online,2025-10-22,NO
1224,37435,112971,81.93,completed,online,2025-10-22,NO
1751,32322,113000,1401.61,failed,online,2025-10-22,NO
1,40429,114746,1008.5,completed,online,2025-10-22,NO
668,8752,119463,236.75,failed,online,2025-10-22,NO
1,20407,119901,509.24,completed,online,2025-10-22,NO
1,3493,119967,71.91,completed,online,2025-10-22,NO
3996,41948,121396,1324.85,completed,online,2025-10-22,NO
3245,18987,122536,1184.14,completed,online,2025-10-22,NO
1226,422,123029,1857.49,failed,online,2025-10-22,NO
1932,38058,124661,1441.19,completed,online,2025-10-22,NO
479,37147,125044,369.1,completed,online,2025-10-22,NO
4018,15526,125153,1828.97,failed,online,2025-10-22,NO
391,32397,127604,1783.69,completed,online,2025-10-22,NO
1,2158,134513,178.03,completed,online,2025-10-22,NO
1236,16727,135313,1890.63,completed,online,2025-10-22,NO
2722,45067,136968,1218.48,completed,online,2025-10-22,NO
35,25048,137953,1040.34,failed,online,2025-10-22,NO
1137,17860,138067,550.81,completed,online,2025-10-22,NO
1,16520,142686,576.76,completed,online,2025-10-22,NO
4024,32009,144469,1177.9,failed,online,2025-10-22,NO
1,3921,147241,763.95,failed,online,2025-10-22,NO
1280,17573,147541,1831.67,failed,online,2025-10-22,NO
2175,36134,147759,1736.0,completed,online,2025-10-22,NO
1523,6281,149754,659.6,failed,online,2025-10-22,NO
78,23867,1590,1426.21,failed,online,2025-01-20,NO
890,17209,4374,1376.84,completed,online,2025-01-20,NO
1,29505,6584,682.86,failed,online,2025-01-20,NO
4188,283,7348,164.44,completed,online,2025-01-20,NO
899,28601,8686,1938.38,failed,online,2025-01-20,NO
3466,21977,8848,1011.51,failed,online,2025-01-20,NO
1998,44125,9748,906.4,failed,online,2025-01-20,NO
1,36020,12688,1996.57,completed,online,2025-01-20,NO
60,9401,13316,1394.44,failed,online,2025-01-20,NO
1,31230,13869,1367.88,failed,online,2025-01-20,NO
1,14357,14980,715.88,failed,online,2025-01-20,NO
2039,33403,16495,1635.75,failed,online,2025-01-20,NO
542,28792,21743,314.3,completed,online,2025-01-20,NO
4245,49204,26394,1176.19,completed,online,2025-01-20,NO
1,13542,27352,1729.44,completed,online,2025-01-20,NO
1,1012,27965,1390.95,completed,online,2025-01-20,NO
4126,37183,28280,1516.13,failed,online,2025-01-20,NO
3347,24097,28741,915.39,completed,online,2025-01-20,NO
199,7056,31024,1364.73,completed,online,2025-01-20,NO
4879,29714,31738,1305.13,failed,online,2025-01-20,NO
3901,28667,36805,1379.72,completed,online,2025-01-20,NO
4927,35269,36945,1594.9,completed,online,2025-01-20,NO
1,18908,37184,269.91,failed,online,2025-01-20,NO
4095,29820,37935,1090.47,failed,online,2025-01-20,NO
4458,9160,38773,1167.12,failed,online,2025-01-20,NO
2484,8634,40772,1678.4,failed,online,2025-01-20,NO
4719,12044,44497,1242.98,completed,online,2025-01-20,NO
2521,21048,45156,1717.32,failed,online,2025-01-20,NO
1,49862,45661,1580.94,completed,online,2025-01-20,NO
1385,9340,47522,245.35,completed,online,2025-01-20,NO
3039,21960,50777,869.45,completed,online,2025-01-20,NO
4625,32307,57541,866.92,completed,online,2025-01-20,NO
2565,3054,57741,670.62,completed,online,2025-01-20,NO
1,38232,59288,1705.16,completed,online,2025-01-20,NO
4926,41282,67218,1644.53,completed,online,2025-01-20,NO
1124,33603,67304,1876.94,completed,online,2025-01-20,NO
1,43475,67694,259.76,completed,online,2025-01-20,NO
2964,37694,67841,1056.55,completed,online,2025-01-20,NO
2456,49526,69620,994.59,completed,online,2025-01-20,NO
3558,21641,69910,992.51,completed,online,2025-01-20,NO
1046,38529,70187,206.12,completed,online,2025-01-20,NO
2251,45373,74370,1126.57,completed,online,2025-01-20,NO
1,43084,75232,1209.04,failed,online,2025-01-20,NO
3061,31521,75660,1750.8,completed,online,2025-01-20,NO
4575,27760,78013,578.12,failed,online,2025-01-20,NO
2332,17987,80968,1867.37,completed,online,2025-01-20,NO
1,278,82475,1548.48,failed,online,2025-01-20,NO
2591,6031,84128,1573.15,failed,online,2025-01-20,NO
1,22946,88960,922.18,completed,online,2025-01-20,NO
3457,38676,92242,1309.7,completed,online,2025-01-20,NO
2443,19704,93425,1959.64,failed,online,2025-01-20,NO
1,5925,93994,1274.24,completed,online,2025-01-20,NO
97,30522,95948,1457.6,completed,online,2025-01-20,NO
1117,14153,96549,867.74,failed,online,2025-01-20,NO
1449,31985,96725,27.67,completed,online,2025-01-20,NO
4250,5171,98950,1155.12,failed,online,2025-01-20,NO
3926,35575,100303,1226.11,completed,online,2025-01-20,NO
1,18868,100742,321.48,failed,online,2025-01-20,NO
1,37080,102355,285.16,completed,online,2025-01-20,NO
1716,16633,104055,385.39,failed,online,2025-01-20,NO
4954,47959,106432,623.68,failed,online,2025-01-20,NO
1937,5414,109043,1539.44,failed,online,2025-01-20,NO
1,11263,109461,883.89,failed,online,2025-01-20,NO
4411,27478,110291,1821.21,failed,online,2025-01-20,NO
2143,34201,110997,1490.08,completed,online,2025-01-20,NO
2985,29185,112571,543.45,completed,online,2025-01-20,NO
4656,8901,113489,461.61,completed,online,2025-01-20,NO
2967,21780,115164,970.46,completed,online,2025-01-20,NO
2161,15598,115563,194.39,failed,online,2025-01-20,NO
1,10008,117027,158.95,failed,online,2025-01-20,NO
3654,31174,120239,59.09,completed,online,2025-01-20,NO
2086,11257,120858,1082.14,failed,online,2025-01-20,NO
2291,27117,120973,1819.15,failed,online,2025-01-20,NO
4339,29521,122863,98.3,completed,online,2025-01-20,NO
3412,6153,122999,204.58,completed,online,2025-01-20,NO
1774,14677,129077,1027.85,completed,online,2025-01-20,NO
1,49146,129451,1902.7,failed,online,2025-01-20,NO
1233,37024,129784,253.5,completed,online,2025-01-20,NO
242,5894,132955,822.99,completed,online,2025-01-20,NO
2206,17942,133114,1143.84,completed,online,2025-01-20,NO
3546,38157,135972,332.92,completed,online,2025-01-20,NO
270,42499,140775,57.57,failed,online,2025-01-20,NO
4959,15512,140933,1716.89,completed,online,2025-01-20,NO
65,34156,141716,148.66,failed,online,2025-01-20,NO
1,14532,142813,1229.09,failed,online,2025-01-20,NO
735,11606,145813,658.57,failed,UNKNOWN,2025-01-20,NO
1,16336,147705,155.41,failed,online,2025-01-20,NO
1,38341,147807,1204.96,completed,online,2025-01-20,NO
4654,21254,149161,84.01,failed,online,2025-01-20,NO
2742,9016,709,1863.26,completed,online,2025-06-18,NO
2695,9346,1605,1287.34,failed,online,2025-06-18,NO
1132,7791,3824,103.3,failed,online,2025-06-18,NO
1,37694,5031,560.63,completed,online,2025-06-18,NO
1,19600,6382,818.47,completed,online,2025-06-18,NO
4290,6029,7177,431.6,failed,online,2025-06-18,NO
350,31027,7272,952.66,failed,online,2025-06-18,NO
1281,9076,13887,224.65,failed,online,2025-06-18,NO
1274,33385,16764,575.28,completed,online,2025-06-18,NO
4539,3332,16902,1754.27,completed,online,2025-06-18,NO
2374,31963,16909,598.73,failed,online,2025-06-18,NO
1,44593,22488,1875.15,failed,online,2025-06-18,NO
1084,32724,23858,1449.55,failed,online,2025-06-18,NO
2781,24602,23884,1563.86,failed,online,2025-06-18,NO
4157,23178,28582,299.88,completed,online,2025-06-18,NO
670,13596,28594,387.92,completed,online,2025-06-18,NO
1,2281,30816,1538.25,failed,online,2025-06-18,NO
4040,20055,33205,760.21,completed,online,2025-06-18,NO
1,36168,33657,1019.49,failed,online,2025-06-18,NO
4673,6873,34568,1043.94,completed,online,2025-06-18,NO
4834,26120,35496,51.88,completed,online,2025-06-18,NO
1,34148,36135,811.69,completed,online,2025-06-18,NO
2689,1886,38658,1988.64,failed,online,2025-06-18,NO
2485,32804,40521,1918.04,completed,online,2025-06-18,NO
4785,23915,40606,1216.98,completed,online,2025-06-18,NO
2271,29720,42900,1086.38,failed,online,2025-06-18,NO
3668,8277,45508,880.98,failed,online,2025-06-18,NO
1,40255,46787,430.55,completed,online,2025-06-18,NO
3125,28211,47153,1941.44,completed,online,2025-06-18,NO
1,252,48500,1509.12,failed,online,2025-06-18,NO
1,32658,50565,1543.83,failed,online,2025-06-18,NO
2490,12583,55255,1122.14,failed,online,2025-06-18,NO
1959,365,59505,778.99,failed,online,2025-06-18,NO
1,36407,61790,1340.04,failed,online,2025-06-18,NO
1,38192,62040,141.77,failed,online,2025-06-18,NO
2612,16039,62053,703.42,completed,online,2025-06-18,NO
1,30404,62885,1927.07,failed,online,2025-06-18,NO
1550,22738,63897,478.77,completed,online,2025-06-18,NO
1,8458,63940,99.13,failed,online,2025-06-18,NO
4399,4650,64324,373.68,failed,online,2025-06-18,NO
4587,2137,64749,1374.09,completed,online,2025-06-18,NO
795,35641,66649,539.74,completed,online,2025-06-18,NO
1751,20234,68491,1075.75,failed,online,2025-06-18,NO
2287,19629,69950,1763.77,failed,online,2025-06-18,NO
1472,14031,70617,181.79,completed,online,2025-06-18,NO
1,33799,70701,1719.74,failed,online,2025-06-18,NO
1,40576,71160,1414.56,completed,online,2025-06-18,NO
112,24935,74053,1294.96,failed,online,2025-06-18,NO
4222,2322,75048,1676.73,completed,online,2025-06-18,NO
4327,33521,75682,651.31,failed,online,2025-06-18,NO
1,13331,76754,1532.1,failed,online,2025-06-18,NO
3935,37165,80442,160.49,failed,online,2025-06-18,NO
3465,32998,81084,261.22,failed,online,2025-06-18,NO
1,3729,81280,1174.46,completed,online,2025-06-18,NO
1876,21443,83007,246.58,completed,online,2025-06-18,NO
930,2279,86050,118.46,completed,online,2025-06-18,NO
1,40223,87761,1069.64,completed,online,2025-06-18,NO
4477,46363,88636,125.84,completed,online,2025-06-18,NO
3954,49124,91049,860.66,failed,online,2025-06-18,NO
1,43707,94412,770.64,failed,online,2025-06-18,NO
1376,13319,96189,1883.41,completed,online,2025-06-18,NO
4271,4102,96875,1322.74,failed,online,2025-06-18,NO
3500,39388,99998,19.72,completed,online,2025-06-18,NO
852,26030,105235,970.43,failed,online,2025-06-18,NO
1,32849,105395,1534.39,completed,online,2025-06-18,NO
1,11218,105855,412.08,completed,UNKNOWN,2025-06-18,NO
3013,21304,106598,1363.21,completed,online,2025-06-18,NO
1459,23280,108158,1762.28,failed,online,2025-06-18,NO
1,2432,109663,1527.03,failed,online,2025-06-18,NO
2140,12572,115132,970.95,failed,online,2025-06-18,NO
687,10131,117357,1916.74,failed,online,2025-06-18,NO
4779,26426,118184,1168.24,failed,online,2025-06-18,NO
4151,5361,118969,1103.89,completed,online,2025-06-18,NO
1,46444,119376,636.93,failed,online,2025-06-18,NO
4944,27566,121802,667.83,completed,online,2025-06-18,NO
1564,9712,124517,1104.8,completed,online,2025-06-18,NO
3421,6838,125909,1904.77,failed,online,2025-06-18,NO
2117,19783,127821,1465.1,completed,online,2025-06-18,NO
3092,10802,128519,1024.78,failed,online,2025-06-18,NO
3697,17150,131305,1555.48,failed,online,2025-06-18,NO
1,8453,133006,367.1,failed,online,2025-06-18,NO
3872,15124,133931,1658.31,completed,online,2025-06-18,NO
2163,30028,134774,414.05,completed,online,2025-06-18,NO
100,32080,135168,1667.32,failed,online,2025-06-18,NO
1,37085,137420,989.91,completed,online,2025-06-18,NO
4095,14416,139823,1889.26,failed,online,2025-06-18,NO
2137,28801,141002,1240.02,failed,online,2025-06-18,NO
4900,9213,147608,1361.77,completed,online,2025-06-18,NO
2829,33180,149708,251.7,failed,online,2025-06-18,NO
4795,32000,149832,1927.33,failed,online,2025-06-18,NO
2388,41123,2969,1985.02,failed,UNKNOWN,2025-06-03,NO
827,43709,3053,186.38,completed,online,2025-06-03,NO
1070,5498,3194,1701.76,completed,online,2025-06-03,NO
2256,24063,3515,1843.55,failed,online,2025-06-03,NO
2485,37245,3732,1764.25,completed,online,2025-06-03,NO
3836,15897,8259,775.14,completed,online,2025-06-03,NO
3978,44490,9636,1527.82,failed,online,2025-06-03,NO
1908,19046,12250,1490.86,completed,online,2025-06-03,NO
2892,47687,14346,1907.23,completed,online,2025-06-03,NO
4608,48291,15622,745.67,completed,online,2025-06-03,NO
387,6413,15808,1639.65,completed,online,2025-06-03,NO
3925,44075,19652,1009.87,completed,online,2025-06-03,NO
1,22380,22737,741.48,completed,online,2025-06-03,NO
732,43087,23187,722.44,failed,online,2025-06-03,NO
4802,7209,24241,776.06,completed,online,2025-06-03,NO
1,15552,24790,843.18,completed,online,2025-06-03,NO
2473,19924,26351,1102.53,completed,online,2025-06-03,NO
1751,43114,28303,884.05,completed,online,2025-06-03,NO
990,25680,29959,1337.32,completed,online,2025-06-03,NO
1,23859,30370,758.84,failed,online,2025-06-03,NO
4677,38532,31809,1094.13,failed,online,2025-06-03,NO
3258,10454,32668,321.95,failed,UNKNOWN,2025-06-03,NO
3928,37476,33656,486.38,failed,online,2025-06-03,NO
4248,1625,34536,1624.4,completed,online,2025-06-03,NO
3096,36661,35657,64.65,failed,online,2025-06-03,NO
2406,17353,37061,1599.91,completed,online,2025-06-03,NO
1,14402,40745,659.3,failed,online,2025-06-03,NO
1328,39164,43154,616.53,completed,online,2025-06-03,NO
4253,46254,43271,1399.52,failed,online,2025-06-03,NO
2408,47608,44377,840.74,completed,online,2025-06-03,NO
1,34711,45523,1580.18,completed,online,2025-06-03,NO
2027,13351,45549,1233.4,completed,online,2025-06-03,NO
595,33270,46229,1001.5,failed,online,2025-06-03,NO
1,33761,47326,169.44,failed,online,2025-06-03,NO
4342,16184,48769,670.28,completed,online,2025-06-03,NO
4050,42817,51499,1851.54,completed,online,2025-06-03,NO
1838,26613,51695,1731.3,completed,online,2025-06-03,NO
1481,30287,52612,18.03,failed,online,2025-06-03,NO
1733,48379,53569,814.51,completed,online,2025-06-03,NO
4023,40326,57135,1038.95,failed,online,2025-06-03,NO
3305,10088,57562,1336.18,completed,online,2025-06-03,NO
1396,44726,61639,77.38,completed,online,2025-06-03,NO
1,21595,61919,1260.54,failed,online,2025-06-03,NO
3967,32659,64348,1719.43,failed,online,2025-06-03,NO
2688,22765,65137,1449.49,failed,online,2025-06-03,NO
125,40876,65373,110.78,failed,online,2025-06-03,NO
4560,11009,67634,1335.84,completed,online,2025-06-03,NO
1,42905,71329,213.42,failed,online,2025-06-03,NO
4037,10821,71459,1540.14,completed,online,2025-06-03,NO
3041,37110,73227,1222.54,completed,online,2025-06-03,NO
4952,47988,76624,377.36,completed,online,2025-06-03,NO
1231,35643,77152,1335.88,failed,online,2025-06-03,NO
1699,16287,77720,1584.9,completed,online,2025-06-03,NO
155,15085,81134,1459.77,failed,online,2025-06-03,NO
1,35024,81200,570.84,failed,online,2025-06-03,NO
3224,33317,82710,993.58,failed,online,2025-06-03,NO
4113,39952,84317,291.91,completed,online,2025-06-03,NO
2437,45353,89481,1222.22,completed,online,2025-06-03,NO
3553,42519,90672,1650.39,completed,online,2025-06-03,NO
2112,46304,99342,1967.88,completed,online,2025-06-03,NO
1,39021,101695,42.47,failed,online,2025-06-03,NO
2613,590,102748,1430.17,completed,online,2025-06-03,NO
1,12767,106289,43.8,failed,online,2025-06-03,NO
11,39740,108493,131.97,completed,online,2025-06-03,NO
1,17497,109176,1418.32,failed,online,2025-06-03,NO
3968,42062,109694,1015.04,failed,online,2025-06-03,NO
1203,29040,110896,15.72,failed,UNKNOWN,2025-06-03,NO
2983,1151,111838,17.5,completed,online,2025-06-03,NO
2592,20802,111852,1665.52,completed,online,2025-06-03,NO
3585,25815,112191,1124.08,completed,online,2025-06-03,NO
635,36192,112467,766.22,failed,online,2025-06-03,NO
1372,39101,113484,1357.22,failed,online,2025-06-03,NO
4714,19643,114356,173.08,failed,online,2025-06-03,NO
3012,13894,117515,1173.33,completed,online,2025-06-03,NO
4844,28108,117626,327.89,failed,online,2025-06-03,NO
826,36989,119218,581.86,failed,online,2025-06-03,NO
133,21117,121381,1598.19,failed,online,2025-06-03,NO
2339,10350,122171,498.22,completed,online,2025-06-03,NO
1849,15402,122525,1708.82,completed,online,2025-06-03,NO
3763,40184,122954,1084.43,failed,online,2025-06-03,NO
1,32436,126628,453.19,failed,online,2025-06-03,NO
4214,36655,127820,446.87,completed,online,2025-06-03,NO
2929,47054,129481,1891.19,completed,online,2025-06-03,NO
349,12647,131154,185.07,failed,online,2025-06-03,NO
2754,2515,131685,792.76,completed,online,2025-06-03,NO
3287,14576,137003,1832.71,completed,online,2025-06-03,NO
3009,15482,139307,1338.11,completed,online,2025-06-03,NO
3758,31315,145404,896.37,completed,online,2025-06-03,NO
