product_id,customer_id,transaction_id,amount,status,channel,transaction_date,fraud_flag
1847,30655,5128,329.17,completed,online,2025-06-07,NO
3592,30233,5781,225.83,failed,online,2025-06-07,NO
722,28947,8113,213.71,failed,online,2025-06-07,NO
2174,9072,9150,89.03,completed,online,2025-06-07,NO
1625,9177,12394,723.14,failed,online,2025-06-07,NO
600,10805,13253,1479.23,completed,online,2025-06-07,NO
40,40863,15045,574.98,completed,online,2025-06-07,NO
1204,10642,18185,178.32,failed,online,2025-06-07,NO
786,42903,26658,864.66,failed,online,2025-06-07,NO
1156,35961,27437,1512.67,failed,online,2025-06-07,NO
4776,591,29248,104.76,completed,online,2025-06-07,NO
23,34760,31413,1851.42,failed,online,2025-06-07,NO
606,17727,32420,1480.38,completed,online,2025-06-07,NO
3650,9500,33724,1484.71,failed,online,2025-06-07,NO
3696,38982,34994,1597.28,failed,online,2025-06-07,NO
1,49882,35491,482.41,failed,online,2025-06-07,NO
96,19816,36823,1345.73,completed,online,2025-06-07,NO
3038,30499,37187,1085.06,failed,online,2025-06-07,NO
4817,49514,38149,616.79,completed,online,2025-06-07,NO
1,17735,38565,1983.25,failed,online,2025-06-07,NO
1,25605,39665,1841.24,failed,online,2025-06-07,NO
1,8888,41054,9564.982219823589,completed,online,2025-06-07,NO
2063,13684,41812,1130.88,completed,online,2025-06-07,NO
1742,31102,42766,1324.81,completed,online,2025-06-07,NO
479,6515,44865,1612.84,failed,online,2025-06-07,NO
491,16956,45612,516.33,completed,online,2025-06-07,NO
2038,18485,46678,693.98,completed,online,2025-06-07,NO
1916,44109,46804,1789.87,completed,online,2025-06-07,NO
3517,29859,52289,394.4,failed,online,2025-06-07,NO
4874,40742,53008,1050.19,failed,online,2025-06-07,NO
1,22536,53491,801.22,failed,online,2025-06-07,NO
3338,13293,54389,1520.31,completed,online,2025-06-07,NO
3064,36690,54870,1300.16,completed,online,2025-06-07,NO
2115,36227,55905,568.96,failed,online,2025-06-07,NO
3852,5741,57676,358.27,completed,online,2025-06-07,NO
3452,24221,63909,802.73,failed,online,2025-06-07,NO
3509,19862,66410,123.68,failed,online,2025-06-07,NO
2327,16947,67624,549.21,completed,online,2025-06-07,NO
839,10138,68897,540.46,completed,online,2025-06-07,NO
4090,20459,70054,82.28,completed,online,2025-06-07,NO
3499,30869,70864,1729.49,completed,online,2025-06-07,NO
1,18271,72343,1252.56,completed,online,2025-06-07,NO
208,7753,74449,1655.71,completed,online,2025-06-07,NO
824,40088,76087,1707.83,failed,UNKNOWN,2025-06-07,NO
717,31915,77157,1596.78,completed,online,2025-06-07,NO
1,40075,77474,1745.2,failed,online,2025-06-07,NO
643,10231,78836,852.52,failed,online,2025-06-07,NO
1001,19683,79861,251.13,completed,online,2025-06-07,NO
3353,36440,81807,864.45,completed,online,2025-06-07,NO
1,15623,83215,5244.458669877322,completed,online,2025-06-07,NO
4446,14707,83688,654.83,completed,online,2025-06-07,NO
1072,14221,84896,529.09,completed,online,2025-06-07,NO
818,42964,85984,887.3,failed,online,2025-06-07,NO
3738,35901,87122,192.91,failed,online,2025-06-07,NO
1555,46813,89713,550.93,failed,online,2025-06-07,NO
1,14923,93123,1303.52,failed,online,2025-06-07,NO
1,16013,95731,76.18,failed,online,2025-06-07,NO
518,46682,97380,842.7,completed,online,2025-06-07,NO
1256,22040,98326,180.95,failed,online,2025-06-07,NO
1430,45851,98692,519.08,completed,online,2025-06-07,NO
3287,22936,99858,161.25,failed,online,2025-06-07,NO
3259,16649,100921,509.31,failed,online,2025-06-07,NO
1928,18942,102388,1333.81,completed,online,2025-06-07,NO
3818,22564,104813,1183.37,completed,online,2025-06-07,NO
2464,16244,108596,1299.51,completed,online,2025-06-07,NO
1138,20044,109193,1707.82,failed,online,2025-06-07,NO
3305,18848,109588,1291.3,failed,online,2025-06-07,NO
2934,22436,110870,397.31,failed,online,2025-06-07,NO
2765,35682,114758,1845.06,failed,online,2025-06-07,NO
1,31805,120883,1459.12,failed,online,2025-06-07,NO
1920,38765,122856,925.41,completed,online,2025-06-07,NO
1,29571,127219,1080.0,failed,online,2025-06-07,NO
4663,41750,132852,478.67,completed,online,2025-06-07,NO
1,297,133061,140.93,failed,online,2025-06-07,NO
1,38267,134315,1972.77,completed,online,2025-06-07,NO
269,30671,134322,1803.4,completed,online,2025-06-07,NO
1444,2747,135327,1079.44,completed,online,2025-06-07,NO
3671,10705,135934,916.76,failed,online,2025-06-07,NO
1528,32423,136531,1843.44,completed,online,2025-06-07,NO
41,37223,136548,1812.41,failed,online,2025-06-07,NO
2076,36853,136735,583.2,failed,online,2025-06-07,NO
628,31686,137357,1941.39,completed,online,2025-06-07,NO
1,35741,138611,367.63,failed,online,2025-06-07,NO
1374,30283,148353,289.22,failed,online,2025-06-07,NO
2820,35328,148466,894.83,completed,online,2025-06-07,NO
2957,13978,148539,93.6,completed,online,2025-06-07,NO
1005,37178,148795,55.45,completed,online,2025-06-07,NO
3619,29986,2100,451.65,failed,online,2025-02-11,NO
2994,28457,2230,1147.05,completed,online,2025-02-11,NO
1779,28898,9632,46.43,completed,online,2025-02-11,NO
3529,31633,17408,1271.32,completed,online,2025-02-11,NO
1,24557,17810,212.58,completed,UNKNOWN,2025-02-11,NO
126,48671,18004,132.15,failed,online,2025-02-11,NO
1127,30874,18592,1298.87,failed,online,2025-02-11,NO
1107,32,20567,264.02,failed,online,2025-02-11,NO
4690,7942,28230,926.39,failed,online,2025-02-11,NO
4168,28776,28744,537.29,completed,online,2025-02-11,NO
3186,49790,29104,1813.31,failed,online,2025-02-11,NO
4686,37739,35996,381.96,failed,online,2025-02-11,NO
1425,35313,36660,481.53,completed,online,2025-02-11,NO
1692,7573,40959,660.47,completed,online,2025-02-11,NO
2655,40600,42951,767.52,failed,online,2025-02-11,NO
2040,36739,44397,625.42,failed,online,2025-02-11,NO
1,24819,47009,1071.08,completed,online,2025-02-11,NO
2214,28255,53226,590.71,completed,online,2025-02-11,NO
385,474,53460,1947.89,failed,online,2025-02-11,NO
1435,38632,59263,1658.28,failed,online,2025-02-11,NO
1,2841,64031,827.98,completed,online,2025-02-11,NO
108,24274,64084,309.5,failed,online,2025-02-11,NO
4345,9054,65331,1657.47,completed,online,2025-02-11,NO
3239,33648,65757,1052.57,failed,online,2025-02-11,NO
989,8420,65805,284.72,completed,online,2025-02-11,NO
517,33651,66235,1997.14,failed,online,2025-02-11,NO
4111,12374,66301,472.34,failed,online,2025-02-11,NO
3272,25254,67836,1842.03,completed,online,2025-02-11,NO
4890,46536,68537,181.68,failed,online,2025-02-11,NO
126,36169,70734,496.2,completed,online,2025-02-11,NO
1,10634,73327,1127.72,failed,UNKNOWN,2025-02-11,NO
1,24327,75911,1909.05,completed,online,2025-02-11,NO
1,10949,76988,870.13,failed,online,2025-02-11,NO
1386,43684,77348,63.5,failed,online,2025-02-11,NO
4921,18581,79004,910.58,failed,online,2025-02-11,NO
1841,41336,79796,1375.88,completed,online,2025-02-11,NO
3283,19518,81418,1588.36,completed,online,2025-02-11,NO
1,2608,81515,710.51,completed,online,2025-02-11,NO
2362,17810,84695,113.98,failed,online,2025-02-11,NO
3550,19211,86289,1687.68,completed,online,2025-02-11,NO
1,10940,87617,1278.97,failed,online,2025-02-11,NO
2400,28596,88155,452.84,failed,online,2025-02-11,NO
4309,4412,88914,1703.09,failed,online,2025-02-11,NO
3422,46855,91433,1552.6,completed,online,2025-02-11,NO
3207,11817,91606,787.24,completed,online,2025-02-11,NO
4225,37385,91783,543.53,completed,online,2025-02-11,NO
1,8203,91997,1392.89,completed,online,2025-02-11,NO
2710,46540,92872,1921.37,completed,online,2025-02-11,NO
3024,37726,96071,1028.04,failed,online,2025-02-11,NO
3787,34116,97885,1419.1,completed,online,2025-02-11,NO
1716,34640,99906,1235.58,completed,online,2025-02-11,NO
694,39169,101843,569.85,completed,online,2025-02-11,NO
563,47364,102046,1021.25,completed,online,2025-02-11,NO
1558,48373,102895,1909.0,failed,online,2025-02-11,NO
1,37181,105561,658.93,completed,online,2025-02-11,NO
4112,3926,105799,1268.1,completed,online,2025-02-11,NO
4766,24385,105998,1145.6,completed,online,2025-02-11,NO
2588,213,106042,488.11,failed,online,2025-02-11,NO
3611,40143,106329,1989.03,completed,online,2025-02-11,NO
2107,28780,109436,1990.8,completed,online,2025-02-11,NO
279,45726,110082,1827.69,completed,online,2025-02-11,NO
1204,3690,110220,1464.56,completed,online,2025-02-11,NO
1,677,110718,569.43,failed,online,2025-02-11,NO
4207,15925,112029,1977.53,failed,online,2025-02-11,NO
4210,22640,112228,1599.29,failed,online,2025-02-11,NO
4044,44130,112889,1640.55,completed,online,2025-02-11,NO
3581,13330,116787,244.19,completed,online,2025-02-11,NO
2437,27835,119372,1767.8,failed,online,2025-02-11,NO
1305,33756,120579,1949.77,failed,online,2025-02-11,NO
335,23421,121701,1643.46,failed,online,2025-02-11,NO
1,47566,122745,1063.17,completed,online,2025-02-11,NO
4879,16431,124632,363.31,failed,online,2025-02-11,NO
1002,40243,125347,87.63,failed,online,2025-02-11,NO
1,47856,126402,1540.5,completed,online,2025-02-11,NO
54,1253,127767,1265.96,completed,online,2025-02-11,NO
100,46051,129050,1714.82,completed,online,2025-02-11,NO
2007,2956,131443,1368.5,completed,online,2025-02-11,NO
3871,18133,133540,1681.79,failed,online,2025-02-11,NO
2737,45619,137506,1597.47,failed,online,2025-02-11,NO
3726,3086,137521,1956.4,failed,online,2025-02-11,NO
1,9809,137575,887.69,completed,online,2025-02-11,NO
1,41360,138899,67.56,completed,online,2025-02-11,NO
676,31322,144118,462.61,failed,online,2025-02-11,NO
271,6828,144249,1362.5,failed,online,2025-02-11,NO
1,41413,145970,1726.13,completed,online,2025-02-11,NO
3051,48262,146242,1476.17,completed,online,2025-02-11,NO
1678,33325,147731,108.18,completed,online,2025-02-11,NO
1475,46739,910,1678.65,failed,online,2025-05-04,NO
2057,5665,4860,7401.004040753771,completed,online,2025-05-04,NO
2869,38666,6039,1715.77,failed,online,2025-05-04,NO
2405,42480,7643,1095.4,completed,online,2025-05-04,NO
3479,8681,7712,804.38,failed,online,2025-05-04,NO
2202,25362,10695,274.1,failed,online,2025-05-04,NO
3971,15525,11727,562.13,completed,online,2025-05-04,NO
350,38438,11730,638.7,completed,online,2025-05-04,NO
1,30467,12185,733.98,failed,online,2025-05-04,NO
3325,13917,18135,1359.86,completed,online,2025-05-04,NO
1,11492,18937,476.02,completed,online,2025-05-04,NO
4347,35470,18978,1878.84,completed,online,2025-05-04,NO
1852,41115,19637,956.9,completed,online,2025-05-04,NO
1,10509,23502,941.41,failed,online,2025-05-04,NO
616,42531,25089,1415.74,failed,online,2025-05-04,NO
4814,10497,27831,1253.16,failed,online,2025-05-04,NO
3284,16260,29964,1795.73,completed,online,2025-05-04,NO
47,10811,30450,1487.18,completed,online,2025-05-04,NO
1410,43953,31032,836.3,failed,online,2025-05-04,NO
4394,20629,35125,1200.89,failed,online,2025-05-04,NO
1878,46383,37321,225.79,failed,online,2025-05-04,NO
3565,49279,40370,1495.33,failed,online,2025-05-04,NO
1930,3335,44308,1596.59,completed,online,2025-05-04,NO
694,16493,45521,1762.11,completed,online,2025-05-04,NO
564,41598,49026,1489.21,completed,online,2025-05-04,NO
3864,11444,49602,1207.43,failed,online,2025-05-04,NO
1,47756,52713,508.05,failed,online,2025-05-04,NO
947,45651,55864,734.76,completed,online,2025-05-04,NO
91,36614,55962,1232.61,completed,online,2025-05-04,NO
2453,2314,57817,1151.16,completed,online,2025-05-04,NO
2331,30978,60214,197.36,completed,online,2025-05-04,NO
4953,35591,60857,544.82,completed,online,2025-05-04,NO
441,9975,60946,1451.26,completed,online,2025-05-04,NO
4659,16594,61590,1259.61,completed,UNKNOWN,2025-05-04,NO
3935,40607,63415,510.63,failed,online,2025-05-04,NO
2886,43719,63527,689.76,completed,online,2025-05-04,NO
1689,34218,65176,1792.85,completed,online,2025-05-04,NO
3452,21839,65199,97.95,failed,online,2025-05-04,NO
782,19761,65355,411.76,completed,online,2025-05-04,NO
1,42486,65796,803.13,completed,online,2025-05-04,NO
98,15175,70722,1041.91,completed,online,2025-05-04,NO
1,13527,71477,708.92,failed,online,2025-05-04,NO
970,32693,73476,536.14,completed,online,2025-05-04,NO
3992,10198,74850,1581.57,completed,online,2025-05-04,NO
568,40949,76128,1573.01,completed,online,2025-05-04,NO
188,47257,76623,451.73,completed,online,2025-05-04,NO
1274,45923,77307,1305.05,completed,online,2025-05-04,NO
261,27506,81151,1379.6,completed,online,2025-05-04,NO
4382,47372,81393,532.35,failed,online,2025-05-04,NO
4530,8583,85872,720.73,failed,online,2025-05-04,NO
4238,11456,92605,1306.29,failed,online,2025-05-04,NO
3570,21750,98383,37.16,failed,online,2025-05-04,NO
1204,19507,103635,166.99,completed,online,2025-05-04,NO
258,31603,107209,1938.53,completed,online,2025-05-04,NO
2981,10545,107384,54.66,failed,online,2025-05-04,NO
707,14640,108215,885.73,failed,online,2025-05-04,NO
4309,38186,110265,1025.67,completed,online,2025-05-04,NO
2581,18426,110715,1899.88,completed,online,2025-05-04,NO
2562,41904,114003,1105.84,failed,online,2025-05-04,NO
2671,28836,114032,673.44,failed,online,2025-05-04,NO
2728,8929,115109,1973.64,failed,online,2025-05-04,NO
4699,19976,115787,1431.85,completed,online,2025-05-04,NO
2146,28518,117753,1766.93,completed,online,2025-05-04,NO
2166,49235,117923,1119.97,failed,online,2025-05-04,NO
3114,12688,118526,1612.88,completed,online,2025-05-04,NO
4302,46831,119493,682.83,completed,online,2025-05-04,NO
1719,6373,120024,658.68,failed,online,2025-05-04,NO
2697,14124,121584,1090.67,failed,online,2025-05-04,NO
906,25134,124723,359.04,failed,online,2025-05-04,NO
179,32849,125838,1270.79,completed,online,2025-05-04,NO
1,19799,128513,144.36,completed,online,2025-05-04,NO
1565,369,130815,286.24,completed,online,2025-05-04,NO
2881,5652,131386,1806.98,completed,online,2025-05-04,NO
3645,1502,135004,1218.17,completed,online,2025-05-04,NO
3162,37955,135042,1766.7,completed,online,2025-05-04,NO
3829,1002,136587,1588.56,failed,online,2025-05-04,NO
1,11541,138029,45.85,completed,online,2025-05-04,NO
3591,16909,139626,974.22,failed,online,2025-05-04,NO
2881,35410,141610,221.63,failed,online,2025-05-04,NO
2154,47494,143307,442.88,failed,online,2025-05-04,NO
2208,49622,144065,221.01,failed,online,2025-05-04,NO
402,39029,145487,413.09,failed,online,2025-05-04,NO
3117,39786,146197,1052.22,completed,online,2025-05-04,NO
1886,31152,149051,572.61,failed,online,2025-05-04,NO
2403,1581,149249,1801.25,completed,online,2025-05-04,NO
3989,5463,149683,1099.64,completed,online,2025-05-04,NO
4177,9168,106,1260.51,completed,online,2025-11-22,NO
2737,35731,5673,941.91,failed,online,2025-11-22,NO
1319,4080,6533,927.71,completed,online,2025-11-22,NO
2020,24875,7232,1128.09,completed,online,2025-11-22,NO
1661,3671,11614,1785.31,failed,online,2025-11-22,NO
1102,12141,20329,1825.29,completed,UNKNOWN,2025-11-22,NO
2007,26403,23480,546.16,completed,online,2025-11-22,NO
2105,28183,27718,1239.14,completed,online,2025-11-22,NO
1,2533,27768,266.16,failed,online,2025-11-22,NO
1659,3956,34297,1213.48,failed,online,2025-11-22,NO
3524,40664,35358,124.04,completed,online,2025-11-22,NO
3261,46821,38062,153.16,failed,online,2025-11-22,NO
3900,11397,38719,1660.95,completed,online,2025-11-22,NO
3427,24837,42153,1177.29,failed,online,2025-11-22,NO
3154,33109,42461,8065.170527353453,completed,online,2025-11-22,NO
4450,28442,42953,104.5,completed,online,2025-11-22,NO
2499,36535,46272,273.01,failed,online,2025-11-22,NO
1,39429,47170,1335.04,completed,online,2025-11-22,NO
4950,15806,47291,1192.54,failed,online,2025-11-22,NO
1,596,47610,457.33,failed,online,2025-11-22,NO
1,8668,48080,856.34,completed,online,2025-11-22,NO
1,48568,48246,60.84,completed,online,2025-11-22,NO
1421,48284,48512,1888.45,failed,online,2025-11-22,NO
4161,32924,52305,78.3,failed,online,2025-11-22,NO
3744,20772,52793,1497.46,completed,online,2025-11-22,NO
4292,16107,53244,284.6,failed,online,2025-11-22,NO
1,5166,53665,1462.15,completed,online,2025-11-22,NO
1,11328,56636,1560.2,failed,online,2025-11-22,NO
3204,34609,58510,448.06,failed,online,2025-11-22,NO
2555,49548,62531,1066.17,completed,online,2025-11-22,NO
4061,4044,62540,1846.92,failed,online,2025-11-22,NO
497,11396,67470,1022.62,failed,online,2025-11-22,NO
2098,390,67778,1633.5,failed,online,2025-11-22,NO
1,20055,70088,1858.05,failed,online,2025-11-22,NO
1713,11147,72404,1319.01,completed,online,2025-11-22,NO
3302,2618,73318,1645.46,failed,online,2025-11-22,NO
3099,45103,74300,1456.75,completed,online,2025-11-22,NO
1932,36251,74802,1900.4,completed,online,2025-11-22,NO
2484,9829,75905,507.49,failed,online,2025-11-22,NO
1586,35898,77994,1575.04,failed,online,2025-11-22,NO
3485,24883,78053,954.72,completed,online,2025-11-22,NO
3560,1620,79433,895.63,completed,online,2025-11-22,NO
3569,39851,80273,1558.44,failed,online,2025-11-22,NO
1445,31064,82336,1955.27,failed,online,2025-11-22,NO
1,38297,87392,1112.43,failed,online,2025-11-22,NO
1,12940,89157,1814.17,completed,online,2025-11-22,NO
1802,17723,90351,673.67,failed,online,2025-11-22,NO
2115,22526,91939,1950.12,failed,online,2025-11-22,NO
581,9640,92068,355.16,failed,online,2025-11-22,NO
1,48548,92327,714.07,failed,online,2025-11-22,NO
1,42108,96179,753.37,completed,online,2025-11-22,NO
4327,48323,99562,41.35,failed,online,2025-11-22,NO
1183,49941,101043,1463.07,failed,online,2025-11-22,NO
4534,48586,101139,1138.92,failed,online,2025-11-22,NO
1487,29864,102070,1857.87,completed,online,2025-11-22,NO
4472,47656,103005,1211.71,failed,online,2025-11-22,NO
1,17378,103373,1693.57,completed,online,2025-11-22,NO
1534,21724,105194,287.97,completed,online,2025-11-22,NO
3664,5681,107052,1210.1,completed,online,2025-11-22,NO
563,11135,107096,901.08,completed,online,2025-11-22,NO
62,724,111872,1023.05,completed,online,2025-11-22,NO
975,44585,112130,1090.52,failed,online,2025-11-22,NO
3781,42333,112526,1665.27,completed,online,2025-11-22,NO
3944,20043,114867,679.75,completed,online,2025-11-22,NO
2112,11465,116493,1879.33,completed,online,2025-11-22,NO
4253,38507,116542,916.04,completed,online,2025-11-22,NO
2947,26017,117305,314.07,failed,online,2025-11-22,NO
4156,46092,120379,1034.25,failed,online,2025-11-22,NO
3845,4202,122924,1318.66,completed,online,2025-11-22,NO
1310,9439,124174,956.89,failed,online,2025-11-22,NO
1244,17950,124934,1697.28,failed,UNKNOWN,2025-11-22,NO
4186,7800,128165,848.22,completed,UNKNOWN,2025-11-22,NO
1,43585,128688,1785.62,completed,online,2025-11-22,NO
1171,41528,130868,1010.21,failed,online,2025-11-22,NO
3848,11481,132828,833.29,failed,online,2025-11-22,NO
4682,14561,135235,666.05,failed,online,2025-11-22,NO
2501,1337,135975,679.11,failed,online,2025-11-22,NO
700,27960,137649,640.99,completed,online,2025-11-22,NO
156,2167,138978,1852.78,completed,online,2025-11-22,NO
783,7540,139075,1696.65,completed,online,2025-11-22,NO
255,14627,139160,720.13,failed,online,2025-11-22,NO
1,2987,143609,1054.51,failed,online,2025-11-22,NO
1897,48392,145717,1378.93,completed,online,2025-11-22,NO
1,1126,146047,731.27,failed,online,2025-11-22,NO
3464,3638,148847,980.35,completed,online,2025-11-22,NO
3063,37348,149486,10.32,failed,online,2025-11-22,NO
2992,30626,149603,28.13,completed,online,2025-11-22,NO
4075,44473,6430,220.78,failed,online,2025-08-13,NO
1301,46337,7944,970.11,failed,online,2025-08-13,NO
1,9663,9091,724.82,completed,online,2025-08-13,NO
1669,32321,10112,1547.38,failed,online,2025-08-13,NO
3373,77,13250,230.92,failed,online,2025-08-13,NO
310,3465,15329,12.12,failed,online,2025-08-13,NO
297,20535,15649,1182.44,completed,online,2025-08-13,NO
4470,252,17424,766.12,completed,online,2025-08-13,NO
4649,25684,19273,291.92,failed,online,2025-08-13,NO
4682,40381,19837,1626.18,completed,online,2025-08-13,NO
2889,6305,21708,1187.09,failed,online,2025-08-13,NO
3215,5065,22075,565.05,failed,online,2025-08-13,NO
4911,30771,23035,382.84,failed,online,2025-08-13,NO
359,42702,24751,1249.68,completed,online,2025-08-13,NO
900,4259,24992,1575.37,completed,online,2025-08-13,NO
1,31431,25238,465.78,failed,online,2025-08-13,NO
1,9890,27125,714.7,failed,online,2025-08-13,NO
1,2,28707,1623.29,failed,online,2025-08-13,NO
1,26880,30300,1947.69,failed,online,2025-08-13,NO
1629,7847,33885,124.67,completed,online,2025-08-13,NO
3396,9705,35883,1621.55,completed,online,2025-08-13,NO
4607,30506,36741,677.34,completed,online,2025-08-13,NO
1375,40689,37088,367.82,failed,online,2025-08-13,NO
2039,5074,38872,541.93,completed,online,2025-08-13,NO
1,32333,40127,1163.53,completed,online,2025-08-13,NO
4376,11684,42758,471.26,completed,online,2025-08-13,NO
1410,6310,45491,604.81,failed,online,2025-08-13,NO
4759,35485,47649,56.29,failed,online,2025-08-13,NO
1797,7750,49291,1641.31,completed,online,2025-08-13,NO
3965,26138,56230,1360.48,completed,online,2025-08-13,NO
2708,34707,56775,538.93,completed,online,2025-08-13,NO
1,15513,58064,955.01,completed,online,2025-08-13,NO
1466,19271,58551,113.88,completed,online,2025-08-13,NO
278,24758,60384,965.37,completed,online,2025-08-13,NO
733,127,60725,29.68,completed,online,2025-08-13,NO
2816,9229,60726,1000.06,failed,online,2025-08-13,NO
4208,26295,62332,214.37,failed,online,2025-08-13,NO
1787,24753,65894,558.97,completed,online,2025-08-13,NO
3026,33767,67273,768.34,completed,online,2025-08-13,NO
2924,40787,72123,8263.824011234643,failed,online,2025-08-13,NO
1747,43572,73037,1284.98,failed,online,2025-08-13,NO
4701,8249,74350,1682.49,failed,online,2025-08-13,NO
2242,13359,74902,1865.21,completed,online,2025-08-13,NO
1596,42749,75858,967.15,failed,online,2025-08-13,NO
1,33979,78345,762.76,failed,online,2025-08-13,NO
4452,36235,81728,1646.57,failed,online,2025-08-13,NO
2667,17307,82607,1611.35,failed,online,2025-08-13,NO
4737,37815,83073,1770.36,failed,online,2025-08-13,NO
3251,48939,85970,1862.19,completed,online,2025-08-13,NO
959,45342,86144,1926.24,failed,online,2025-08-13,NO
1,29140,86958,886.2,failed,online,2025-08-13,NO
2542,44089,89767,834.39,failed,online,2025-08-13,NO
1052,39342,90972,1608.82,failed,online,2025-08-13,NO
1,19792,100793,124.81,completed,online,2025-08-13,NO
502,21415,104327,431.62,failed,online,2025-08-13,NO
1,28003,104473,1626.27,failed,online,2025-08-13,NO
2128,24039,107665,86.24,failed,online,2025-08-13,NO
1,43865,107707,1968.35,failed,online,2025-08-13,NO
33,28462,108731,1825.26,completed,online,2025-08-13,NO
4761,41044,109920,139.27,completed,online,2025-08-13,NO
2458,8080,111259,1388.67,failed,online,2025-08-13,NO
1,3589,111869,701.48,failed,online,2025-08-13,NO
3423,14991,112082,1121.13,completed,online,2025-08-13,NO
4589,32246,112299,1011.33,failed,online,2025-08-13,NO
1,29648,118764,207.81,failed,online,2025-08-13,NO
1,39248,122916,1624.11,completed,online,2025-08-13,NO
1,30094,123819,1920.32,completed,online,2025-08-13,NO
442,38554,125010,633.38,completed,online,2025-08-13,NO
186,47466,127882,1512.66,completed,online,2025-08-13,NO
1,16483,128324,526.06,failed,online,2025-08-13,NO
4594,28922,128363,602.86,completed,online,2025-08-13,NO
1,2127,128645,907.37,failed,online,2025-08-13,NO
1,7022,128699,704.82,completed,online,2025-08-13,NO
558,43785,130141,215.29,completed,online,2025-08-13,NO
2901,23992,133079,1072.98,failed,online,2025-08-13,NO
123,20940,133250,561.49,failed,online,2025-08-13,NO
1,13644,134557,375.18,completed,online,2025-08-13,NO
3008,34795,139280,272.27,completed,online,2025-08-13,NO
1,2695,139605,458.74,failed,online,2025-08-13,NO
3095,42270,140677,1492.31,failed,online,2025-08-13,NO
1517,9111,140927,1192.76,completed,online,2025-08-13,NO
3827,39488,141011,714.47,completed,online,2025-08-13,NO
2058,13997,141767,761.43,completed,online,2025-08-13,NO
829,28851,142790,240.13,failed,online,2025-08-13,NO
1678,884,143402,1688.33,failed,online,2025-08-13,NO
2293,45660,144072,1931.33,completed,online,2025-08-13,NO
1,7648,149839,1376.49,completed,online,2025-08-13,NO
779,27973,149884,15.49,failed,online,2025-08-13,NO
2279,7116,25,967.82,failed,online,2025-05-14,NO
4467,43555,1465,456.24,completed,online,2025-05-14,NO
1587,43499,5126,77.62,completed,online,2025-05-14,NO
454,33034,5794,78.47,failed,online,2025-05-14,NO
3705,19747,6601,1196.86,failed,online,2025-05-14,NO
33,48531,7336,1811.9,failed,online,2025-05-14,NO
4161,23976,8181,1978.72,completed,online,2025-05-14,NO
333,14550,12695,1425.2,failed,online,2025-05-14,NO
116,20383,13425,216.81,completed,online,2025-05-14,NO
3272,24696,21351,1192.46,failed,online,2025-05-14,NO
40,1074,23012,1699.05,failed,online,2025-05-14,NO
1,13299,23485,1407.55,failed,online,2025-05-14,NO
1499,10079,25275,459.14,failed,online,2025-05-14,NO
1,32042,25393,1876.59,failed,online,2025-05-14,NO
4101,12425,30753,1758.02,failed,online,2025-05-14,NO
3195,28401,33161,1751.88,completed,online,2025-05-14,NO
1,13388,40982,904.3,failed,online,2025-05-14,NO
1969,42344,41094,1309.87,failed,online,2025-05-14,NO
2654,49234,42241,1568.66,completed,online,2025-05-14,NO
4589,17622,42429,717.49,completed,online,2025-05-14,NO
4122,8915,43802,1774.54,failed,online,2025-05-14,NO
963,277,47429,1282.68,completed,online,2025-05-14,NO
3158,670,50972,402.82,failed,online,2025-05-14,NO
2120,39549,52051,1831.47,completed,online,2025-05-14,NO
264,712,52369,1047.39,completed,online,2025-05-14,NO
2647,17229,52875,51.09,completed,online,2025-05-14,NO
1,32121,53483,1927.55,completed,online,2025-05-14,NO
3402,49882,53815,826.91,failed,online,2025-05-14,NO
1522,31060,55521,275.55,failed,online,2025-05-14,NO
162,28705,56133,92.02,completed,online,2025-05-14,NO
2959,43385,57260,517.6,failed,online,2025-05-14,NO
716,27623,58349,1450.71,failed,online,2025-05-14,NO
1,723,58677,1757.6,completed,online,2025-05-14,NO
1,14537,61598,497.34,failed,online,2025-05-14,NO
1,36289,62616,226.51,failed,online,2025-05-14,NO
2171,28981,64817,1965.34,failed,online,2025-05-14,NO
1,28520,64820,176.47,completed,online,2025-05-14,NO
2722,17038,67080,665.72,completed,online,2025-05-14,NO
1,14492,72360,1446.04,failed,online,2025-05-14,NO
1387,40062,72984,1806.83,failed,online,2025-05-14,NO
3274,37908,73670,255.74,completed,online,2025-05-14,NO
2203,11732,75994,1016.15,failed,online,2025-05-14,NO
1573,17551,76261,499.41,failed,online,2025-05-14,NO
4318,85,76749,1837.96,completed,online,2025-05-14,NO
3217,32238,80828,1629.45,completed,online,2025-05-14,NO
1,20960,80875,211.32,completed,online,2025-05-14,NO
1,19757,82674,1677.48,failed,online,2025-05-14,NO
1,27185,85404,781.64,completed,online,2025-05-14,NO
625,35057,86364,1516.61,completed,online,2025-05-14,NO
1,36275,87397,281.9,failed,online,2025-05-14,NO
1,30577,89635,1386.79,failed,online,2025-05-14,NO
903,44662,89722,1380.77,completed,UNKNOWN,2025-05-14,NO
1,48677,93492,1430.33,failed,online,2025-05-14,NO
3058,21511,97418,1229.0,completed,online,2025-05-14,NO
3446,19844,98197,1405.09,completed,online,2025-05-14,NO
1,24711,98277,1339.73,completed,online,2025-05-14,NO
143,11529,99347,1644.98,failed,online,2025-05-14,NO
6,18331,103017,787.78,failed,online,2025-05-14,NO
831,31114,104484,78.34,completed,online,2025-05-14,NO
3707,4049,105731,530.32,completed,online,2025-05-14,NO
3489,32801,107436,276.11,failed,online,2025-05-14,NO
3134,14775,107705,1605.49,failed,online,2025-05-14,NO
4825,23778,113751,477.56,failed,online,2025-05-14,NO
4987,39468,119300,1298.17,completed,online,2025-05-14,NO
4784,12319,120673,1425.8,failed,online,2025-05-14,NO
4432,3342,124619,1836.06,failed,online,2025-05-14,NO
1063,2913,124822,862.84,completed,online,2025-05-14,NO
4409,17346,125199,836.09,completed,online,2025-05-14,NO
3787,4767,125243,1505.68,completed,online,2025-05-14,NO
2979,47334,125346,1562.35,failed,online,2025-05-14,NO
3779,6126,125377,1614.24,completed,online,2025-05-14,NO
183,35879,127222,1311.97,completed,online,2025-05-14,NO
1937,22385,128125,1331.4,completed,online,2025-05-14,NO
4673,10403,129085,636.53,failed,online,2025-05-14,NO
2460,9459,130002,239.06,failed,online,2025-05-14,NO
3751,25274,131770,132.99,failed,online,2025-05-14,NO
1824,6924,132075,1308.04,completed,online,2025-05-14,NO
1,48578,132161,1836.96,completed,online,2025-05-14,NO
1,33091,133806,1825.62,completed,online,2025-05-14,NO
4417,20013,134151,292.09,completed,online,2025-05-14,NO
573,35067,139519,1143.13,failed,online,2025-05-14,NO
1,25844,140197,134.42,failed,online,2025-05-14,NO
3169,21463,141467,1079.88,failed,online,2025-05-14,NO
1,40530,142619,263.7,failed,online,2025-05-14,NO
293,31531,144945,476.68,completed,UNKNOWN,2025-05-14,NO
805,13176,146379,383.61,completed,online,2025-05-14,NO
930,27610,147373,1954.05,completed,online,2025-05-14,NO
1,23642,147618,1944.11,completed,online,2025-05-14,NO
467,23336,555,602.26,completed,online,2025-11-02,NO
3746,47282,1271,1600.55,failed,online,2025-11-02,NO
1,35971,1849,1893.83,failed,online,2025-11-02,NO
1291,21186,4539,1423.24,completed,online,2025-11-02,NO
1,4063,4968,1224.12,completed,online,2025-11-02,NO
3440,32452,5536,154.31,failed,online,2025-11-02,NO
949,29423,10483,1671.16,failed,online,2025-11-02,NO
1,29516,12846,912.6,completed,online,2025-11-02,NO
738,35674,15992,1342.65,completed,online,2025-11-02,NO
1,25739,16258,918.52,failed,online,2025-11-02,NO
4251,31255,17202,349.34,completed,online,2025-11-02,NO
1683,32223,18550,1579.32,failed,online,2025-11-02,NO
204,30234,26395,503.71,failed,online,2025-11-02,NO
2249,18968,28589,473.4,failed,online,2025-11-02,NO
4995,19574,31042,1776.78,completed,online,2025-11-02,NO
1934,12367,33147,314.65,failed,online,2025-11-02,NO
1714,34609,33322,383.49,failed,online,2025-11-02,NO
2946,26087,33386,790.15,completed,online,2025-11-02,NO
4596,46104,33932,1218.43,failed,online,2025-11-02,NO
1449,32307,35650,906.07,completed,online,2025-11-02,NO
3376,35491,39043,624.17,completed,online,2025-11-02,NO
3942,35764,39673,395.69,completed,online,2025-11-02,NO
2572,39717,44651,1029.04,failed,online,2025-11-02,NO
1,16249,46982,527.47,failed,online,2025-11-02,NO
1,23817,49000,723.52,failed,online,2025-11-02,NO
4889,15308,49534,1867.57,failed,online,2025-11-02,NO
4988,3268,50703,245.84,failed,online,2025-11-02,NO
3306,47741,53245,979.31,completed,online,2025-11-02,NO
4575,30073,53722,1038.42,completed,online,2025-11-02,NO
2645,45059,56421,1292.87,completed,online,2025-11-02,NO
1,21281,58798,1853.1,completed,online,2025-11-02,NO
1382,45812,60153,1943.01,completed,online,2025-11-02,NO
3590,35449,60213,251.43,completed,online,2025-11-02,NO
4314,11186,60626,1227.94,completed,online,2025-11-02,NO
3878,23512,61366,178.74,completed,online,2025-11-02,NO
730,28012,62181,1738.06,completed,online,2025-11-02,NO
282,31805,65520,247.72,completed,online,2025-11-02,NO
3967,49884,65984,26.69,completed,online,2025-11-02,NO
988,39611,69269,1783.66,completed,online,2025-11-02,NO
252,28735,72182,781.14,completed,online,2025-11-02,NO
3583,16079,74232,1248.23,completed,online,2025-11-02,NO
2929,14621,76271,1648.92,failed,online,2025-11-02,NO
3904,9324,76302,1450.4,failed,online,2025-11-02,NO
952,22922,78476,907.34,failed,online,2025-11-02,NO
524,23391,79933,714.21,failed,online,2025-11-02,NO
1,2407,84626,1047.24,completed,online,2025-11-02,NO
4482,14981,85154,917.61,failed,online,2025-11-02,NO
3153,16321,86309,1239.67,completed,online,2025-11-02,NO
1305,34526,86437,1619.91,completed,online,2025-11-02,NO
1,11150,86557,1246.74,failed,online,2025-11-02,NO
2046,9,87335,94.1,completed,online,2025-11-02,NO
1315,15820,90002,1820.13,failed,online,2025-11-02,NO
1,18724,91542,741.56,failed,online,2025-11-02,NO
1,19159,91610,1951.88,completed,online,2025-11-02,NO
1,39224,91708,574.13,failed,online,2025-11-02,NO
4218,15193,92479,897.07,failed,online,2025-11-02,NO
1,19572,94113,1757.78,completed,online,2025-11-02,NO
2340,4410,98529,1395.76,failed,online,2025-11-02,NO
3251,4040,98663,1738.56,completed,online,2025-11-02,NO
2786,15160,98859,1759.76,failed,online,2025-11-02,NO
2258,46372,102017,124.95,completed,online,2025-11-02,NO
4732,25143,102357,1998.28,completed,online,2025-11-02,NO
994,47899,105628,1677.61,completed,online,2025-11-02,NO
4368,25745,108840,1361.85,completed,online,2025-11-02,NO
2588,46676,108995,1578.44,failed,online,2025-11-02,NO
3650,23955,109685,1998.02,completed,online,2025-11-02,NO
4728,48279,110391,1179.57,failed,online,2025-11-02,NO
2627,5586,111877,84.19,failed,online,2025-11-02,NO
501,44321,114878,299.49,completed,online,2025-11-02,NO
1,47914,115003,1718.15,completed,online,2025-11-02,NO
3667,35835,115381,271.33,failed,online,2025-11-02,NO
24,38367,117964,515.53,failed,online,2025-11-02,NO
3625,38595,123705,1583.88,completed,online,2025-11-02,NO
1,31757,125534,7872.559816313233,failed,online,2025-11-02,NO
3927,48641,126565,1607.51,completed,online,2025-11-02,NO
3672,44309,127130,1124.99,failed,online,2025-11-02,NO
1,29742,127415,742.23,completed,online,2025-11-02,NO
727,24387,127650,681.82,completed,online,2025-11-02,NO
1424,19662,128853,894.27,completed,online,2025-11-02,NO
1,21742,134263,443.9,completed,online,2025-11-02,NO
1,20313,135232,1607.79,completed,online,2025-11-02,NO
2543,40437,135497,575.35,completed,online,2025-11-02,NO
281,24159,137819,334.69,failed,online,2025-11-02,NO
83,28798,137945,1717.0,failed,online,2025-11-02,NO
433,5698,143785,1570.27,failed,online,2025-11-02,NO
479,13352,146349,502.8,failed,online,2025-11-02,NO
2565,48364,148431,1451.91,failed,online,2025-11-02,NO
144,16186,175,950.89,completed,online,2025-08-08,NO
1837,3558,1779,460.0,completed,online,2025-08-08,NO
2981,11796,3496,981.19,completed,online,2025-08-08,NO
1,25206,5722,1543.03,completed,online,2025-08-08,NO
4777,40496,5866,1357.34,failed,online,2025-08-08,NO
1,41255,12363,1512.06,completed,online,2025-08-08,NO
1667,49779,12609,376.07,failed,online,2025-08-08,NO
561,32722,14929,369.73,failed,online,2025-08-08,NO
1876,17690,18419,234.97,failed,online,2025-08-08,NO
4081,41817,21637,847.1,completed,online,2025-08-08,NO
1184,31915,24805,823.96,failed,online,2025-08-08,NO
3508,15065,30879,1118.0,completed,online,2025-08-08,NO
4280,42661,33344,1304.92,completed,online,2025-08-08,NO
841,48344,34603,1397.34,completed,online,2025-08-08,NO
437,31595,38087,307.83,failed,online,2025-08-08,NO
3440,37434,38131,600.7,failed,online,2025-08-08,NO
724,19071,40373,1912.54,completed,online,2025-08-08,NO
3737,16893,42819,108.41,completed,online,2025-08-08,NO
4986,20293,44840,1534.28,completed,online,2025-08-08,NO
635,40976,46251,869.78,failed,online,2025-08-08,NO
1123,13326,46469,1427.19,completed,online,2025-08-08,NO
1,33861,46653,1174.1,failed,online,2025-08-08,NO
3481,39495,47292,929.16,failed,online,2025-08-08,NO
4847,3447,48461,1796.68,completed,online,2025-08-08,NO
1,20608,50267,767.16,completed,online,2025-08-08,NO
4801,15400,50406,1539.12,completed,online,2025-08-08,NO
3344,19771,51556,265.84,completed,online,2025-08-08,NO
1,14343,52878,1767.15,completed,online,2025-08-08,NO
603,19047,53328,168.05,completed,online,2025-08-08,NO
357,12897,53497,1903.18,failed,online,2025-08-08,NO
1377,36764,55554,566.98,failed,online,2025-08-08,NO
4898,2202,56730,626.6,completed,online,2025-08-08,NO
1,46435,57929,23.19,completed,online,2025-08-08,NO
1390,20104,60142,1087.51,completed,online,2025-08-08,NO
414,23513,60999,1956.74,completed,online,2025-08-08,NO
1,13079,61423,866.0,completed,online,2025-08-08,NO
1651,29915,64221,1786.27,completed,online,2025-08-08,NO
86,39093,64616,1748.29,completed,online,2025-08-08,NO
2719,4290,66865,302.04,completed,online,2025-08-08,NO
1343,41950,67108,1654.57,completed,UNKNOWN,2025-08-08,NO
1485,42513,67588,691.65,failed,online,2025-08-08,NO
1783,423,67817,914.13,failed,online,2025-08-08,NO
1000,13757,68438,1286.75,failed,online,2025-08-08,NO
3770,28301,72839,476.65,completed,online,2025-08-08,NO
1,1441,74679,664.11,completed,online,2025-08-08,NO
4402,27176,74950,1434.8,failed,online,2025-08-08,NO
1894,38658,75436,1923.82,failed,online,2025-08-08,NO
4952,47710,75805,1781.0,failed,online,2025-08-08,NO
1645,8428,76260,1968.62,failed,online,2025-08-08,NO
2881,7908,78678,1617.08,failed,online,2025-08-08,NO
3609,179,79421,438.46,completed,online,2025-08-08,NO
1193,20319,79807,1556.63,completed,online,2025-08-08,NO
3202,20537,81478,177.68,completed,online,2025-08-08,NO
2925,24445,84690,9215.820665933337,completed,online,2025-08-08,NO
2910,48580,87785,43.14,failed,online,2025-08-08,NO
712,37869,88807,366.22,failed,online,2025-08-08,NO
1,11788,93552,622.04,completed,online,2025-08-08,NO
454,42917,94289,1335.1,completed,online,2025-08-08,NO
3021,43509,95304,1192.63,failed,online,2025-08-08,NO
1,844,96819,1005.86,failed,online,2025-08-08,NO
1,27147,97724,1924.95,completed,online,2025-08-08,NO
1134,32115,98409,1501.8,completed,online,2025-08-08,NO
4055,16560,98467,1020.69,failed,online,2025-08-08,NO
1095,11996,101116,701.63,failed,online,2025-08-08,NO
4601,14562,101210,569.64,failed,online,2025-08-08,NO
2152,46893,101504,1153.2,failed,online,2025-08-08,NO
1,3497,103109,1623.57,failed,online,2025-08-08,NO
467,13922,103169,1099.97,completed,online,2025-08-08,NO
1,20068,107655,570.35,failed,online,2025-08-08,NO
1,3578,108796,34.38,completed,online,2025-08-08,NO
3314,31721,117862,1989.33,failed,online,2025-08-08,NO
4836,36636,119234,1682.05,completed,online,2025-08-08,NO
2007,42776,119823,950.9,failed,online,2025-08-08,NO
4235,35699,119942,1687.01,failed,online,2025-08-08,NO
373,49425,120671,1844.84,completed,online,2025-08-08,NO
680,44024,128497,1376.47,completed,online,2025-08-08,NO
1773,29441,128613,1462.24,completed,online,2025-08-08,NO
1,27535,128614,1495.44,failed,online,2025-08-08,NO
323,24563,133703,885.83,completed,online,2025-08-08,NO
984,31726,133739,1263.44,completed,online,2025-08-08,NO
4831,25193,138393,837.52,failed,online,2025-08-08,NO
3222,32761,140947,498.9,failed,online,2025-08-08,NO
567,3710,141207,828.94,completed,online,2025-08-08,NO
62,36107,145130,1600.34,failed,online,2025-08-08,NO
2789,14582,146580,1366.56,completed,online,2025-08-08,NO
929,1541,146730,658.68,failed,online,2025-08-08,NO
582,23467,148657,1495.45,failed,online,2025-08-08,NO
3516,18079,863,900.14,failed,online,2025-08-01,NO
1296,7605,4432,1990.88,completed,online,2025-08-01,NO
2836,6991,5910,1374.15,failed,online,2025-08-01,NO
3492,22588,8232,1816.58,completed,online,2025-08-01,NO
2868,9570,10408,1489.39,failed,online,2025-08-01,NO
110,45943,10931,174.14,completed,online,2025-08-01,NO
2850,4793,13631,947.81,failed,online,2025-08-01,NO
3152,863,15822,396.8,failed,online,2025-08-01,NO
3993,16091,16302,419.51,completed,online,2025-08-01,NO
2999,16991,19364,1736.29,completed,online,2025-08-01,NO
4167,48107,22078,116.25,completed,online,2025-08-01,NO
810,22439,23586,574.74,completed,online,2025-08-01,NO
3906,46424,25970,236.44,failed,online,2025-08-01,NO
1,6587,25989,544.31,completed,online,2025-08-01,NO
4469,4743,26692,178.05,completed,online,2025-08-01,NO
1022,15893,27648,110.36,failed,online,2025-08-01,NO
3721,22168,29754,1445.16,failed,online,2025-08-01,NO
4099,10384,32999,1677.02,failed,online,2025-08-01,NO
4034,3853,34383,1985.64,failed,online,2025-08-01,NO
1327,373,35308,625.34,completed,online,2025-08-01,NO
4396,30374,36496,671.08,completed,online,2025-08-01,NO
2044,14457,42047,846.79,completed,online,2025-08-01,NO
1668,36768,42828,1745.48,completed,online,2025-08-01,NO
1481,3154,45500,1077.86,failed,online,2025-08-01,NO
2104,46786,46253,1068.72,completed,online,2025-08-01,NO
2575,12648,49675,8210.14427608763,failed,online,2025-08-01,NO
3783,270,51060,1343.52,completed,online,2025-08-01,NO
547,30437,52757,1165.28,completed,online,2025-08-01,NO
4263,10769,55572,92.89,completed,online,2025-08-01,NO
666,9462,60141,1472.54,completed,online,2025-08-01,NO
149,42047,60468,1708.08,completed,online,2025-08-01,NO
4515,23184,62807,262.51,completed,online,2025-08-01,NO
2308,20706,63700,1917.56,completed,online,2025-08-01,NO
4977,49587,63920,770.56,failed,online,2025-08-01,NO
2221,41888,65605,1321.55,completed,online,2025-08-01,NO
2223,34224,67869,773.47,completed,online,2025-08-01,NO
3670,24298,70341,332.51,completed,online,2025-08-01,NO
1861,3014,70485,205.48,completed,online,2025-08-01,NO
3900,36546,75481,1891.54,completed,online,2025-08-01,NO
3702,27162,79245,63.69,completed,online,2025-08-01,NO
2605,38419,80155,1702.4,completed,online,2025-08-01,NO
1,29331,83943,76.89,failed,online,2025-08-01,NO
1,3135,85660,950.78,failed,online,2025-08-01,NO
1878,39805,88128,370.04,completed,online,2025-08-01,NO
1054,11193,88456,1195.4,failed,online,2025-08-01,NO
1,10339,89333,1873.2,completed,online,2025-08-01,NO
2632,8899,91902,1365.3,failed,online,2025-08-01,NO
2916,49204,93243,1245.38,completed,online,2025-08-01,NO
1,32954,93938,589.67,failed,online,2025-08-01,NO
4085,12624,94718,1402.38,completed,online,2025-08-01,NO
1,4896,96352,1590.53,failed,online,2025-08-01,NO
831,16221,101060,1342.15,failed,online,2025-08-01,NO
1673,23241,101559,461.13,failed,online,2025-08-01,NO
4135,5633,103583,391.74,completed,online,2025-08-01,NO
999,48483,106363,106.58,failed,online,2025-08-01,NO
842,14676,107903,663.5,completed,online,2025-08-01,NO
3472,39404,107986,90.55,completed,online,2025-08-01,NO
1949,35042,108425,1739.5,completed,online,2025-08-01,NO
1951,44568,110345,1078.67,completed,online,2025-08-01,NO
1249,38200,111761,1569.57,completed,online,2025-08-01,NO
4622,22732,115847,1925.69,failed,UNKNOWN,2025-08-01,NO
1,44806,118540,1199.67,completed,online,2025-08-01,NO
2349,34565,121408,1626.93,failed,online,2025-08-01,NO
3387,30792,126156,494.49,failed,online,2025-08-01,NO
1,28562,128146,984.24,failed,online,2025-08-01,NO
3117,39150,128392,46.79,completed,online,2025-08-01,NO
1366,2141,129550,420.75,completed,online,2025-08-01,NO
1795,21623,129755,554.25,failed,online,2025-08-01,NO
1577,3823,130186,690.03,completed,online,2025-08-01,NO
3463,12465,130789,1030.8,failed,online,2025-08-01,NO
2794,10231,130894,1532.4,failed,online,2025-08-01,NO
802,40701,135300,281.48,failed,online,2025-08-01,NO
378,13664,136157,1127.58,completed,online,2025-08-01,NO
3076,7129,136440,1437.26,failed,online,2025-08-01,NO
3562,49336,137105,1946.45,completed,online,2025-08-01,NO
2684,37800,138071,1126.31,completed,online,2025-08-01,NO
3853,43126,138357,470.3,completed,online,2025-08-01,NO
3964,37884,138815,242.45,failed,online,2025-08-01,NO
1,38477,139641,414.92,completed,online,2025-08-01,NO
3830,23585,141185,563.39,completed,online,2025-08-01,NO
4536,16915,143135,460.76,failed,online,2025-08-01,NO
4184,46092,143355,72.87,completed,online,2025-08-01,NO
4202,18463,144327,811.33,failed,online,2025-08-01,NO
4971,16974,144696,1925.32,completed,online,2025-08-01,NO
2648,10791,146903,340.02,failed,online,2025-08-01,NO
4571,43685,147411,494.89,completed,online,2025-08-01,NO
1,8351,5619,1070.53,failed,online,2025-05-28,NO
3157,37752,6331,1167.61,completed,online,2025-05-28,NO
2409,38988,7145,1176.64,failed,online,2025-05-28,NO
2327,40292,15301,1776.19,completed,online,2025-05-28,NO
926,43106,15326,747.72,failed,online,2025-05-28,NO
3839,20824,16067,487.17,completed,online,2025-05-28,NO
96,31052,18202,1485.01,failed,online,2025-05-28,NO
1091,45338,18733,161.01,completed,online,2025-05-28,NO
4016,43063,20107,1026.92,completed,online,2025-05-28,NO
1915,18606,20841,1495.97,completed,online,2025-05-28,NO
4874,32150,20965,1093.98,completed,online,2025-05-28,NO
1,1469,23881,872.2,completed,online,2025-05-28,NO
1,43303,24321,275.63,failed,online,2025-05-28,NO
3260,11009,25527,1431.77,failed,online,2025-05-28,NO
18,46833,28713,1259.15,completed,online,2025-05-28,NO
3388,47317,29948,235.85,completed,online,2025-05-28,NO
3253,31350,31313,113.14,completed,online,2025-05-28,NO
3609,23874,34271,227.0,completed,online,2025-05-28,NO
1590,29955,35658,32.34,failed,online,2025-05-28,NO
1,31950,37341,1623.17,completed,online,2025-05-28,NO
1,28403,40248,166.3,failed,online,2025-05-28,NO
2208,39109,41347,546.42,completed,online,2025-05-28,NO
1,15109,41413,421.37,completed,online,2025-05-28,NO
1104,17997,41816,1026.05,failed,online,2025-05-28,NO
4562,9072,42872,1502.72,completed,online,2025-05-28,NO
1,27625,43202,1238.03,failed,online,2025-05-28,NO
542,26235,47940,104.16,failed,online,2025-05-28,NO
4826,48860,48396,408.12,failed,online,2025-05-28,NO
1261,8790,49284,1026.3,failed,online,2025-05-28,NO
65,45166,49431,705.25,failed,online,2025-05-28,NO
3201,22319,49680,1357.48,failed,online,2025-05-28,NO
17,31297,50018,1982.1,completed,online,2025-05-28,NO
2642,5914,50456,1208.31,completed,online,2025-05-28,NO
2539,15896,50658,1322.26,failed,online,2025-05-28,NO
1860,24477,51017,1373.66,failed,online,2025-05-28,NO
1,38466,54564,1455.91,failed,online,2025-05-28,NO
1157,23051,55334,423.38,failed,online,2025-05-28,NO
4289,4508,55638,796.99,failed,online,2025-05-28,NO
4309,4887,58796,559.37,completed,online,2025-05-28,NO
3487,44485,59252,82.56,completed,online,2025-05-28,NO
3374,7846,60763,1094.91,completed,online,2025-05-28,NO
1,35152,65267,397.72,failed,online,2025-05-28,NO
1413,33028,65836,265.92,completed,online,2025-05-28,NO
2402,4380,72024,167.91,completed,online,2025-05-28,NO
2966,25544,72540,1879.54,failed,online,2025-05-28,NO
3652,49597,73097,464.43,completed,online,2025-05-28,NO
404,25068,74016,1672.43,completed,online,2025-05-28,NO
148,13174,76335,870.23,failed,online,2025-05-28,NO
1,18612,77717,246.88,completed,online,2025-05-28,NO
1840,10207,78950,1121.6,failed,online,2025-05-28,NO
3959,45866,79818,1587.97,failed,online,2025-05-28,NO
2323,15423,101856,754.92,failed,online,2025-05-28,NO
1993,38255,101944,787.94,failed,online,2025-05-28,NO
4494,28871,104557,1981.06,completed,online,2025-05-28,NO
114,16098,105968,747.11,completed,online,2025-05-28,NO
3982,31820,106400,1461.65,completed,online,2025-05-28,NO
417,1381,106935,1607.98,failed,online,2025-05-28,NO
3034,4341,109132,152.24,completed,online,2025-05-28,NO
3517,22146,109387,1531.44,completed,online,2025-05-28,NO
4022,10641,111032,12.95,completed,online,2025-05-28,NO
459,49331,112593,5118.8814515883005,failed,online,2025-05-28,NO
3284,25927,114346,1093.66,failed,online,2025-05-28,NO
4564,35655,116084,1172.34,completed,online,2025-05-28,NO
1541,45995,116956,1744.46,completed,online,2025-05-28,NO
4186,22962,119702,1786.0,completed,online,2025-05-28,NO
3564,9862,119733,150.22,failed,online,2025-05-28,NO
130,30144,122750,1529.54,failed,online,2025-05-28,NO
964,16088,123274,873.49,completed,online,2025-05-28,NO
2572,388,123548,855.88,failed,online,2025-05-28,NO
1501,26463,124069,883.95,failed,online,2025-05-28,NO
1,47902,126330,1183.57,failed,online,2025-05-28,NO
1,26988,127609,1331.48,failed,online,2025-05-28,NO
1,13686,127861,1901.81,failed,online,2025-05-28,NO
2952,42091,128563,375.68,failed,online,2025-05-28,NO
1736,33638,130579,1444.72,completed,online,2025-05-28,NO
1343,7221,131536,1325.02,failed,online,2025-05-28,NO
4690,25800,132302,55.24,failed,online,2025-05-28,NO
1,32093,135633,787.74,completed,online,2025-05-28,NO
842,9485,135753,1041.86,failed,online,2025-05-28,NO
2134,15294,138839,1053.28,completed,online,2025-05-28,NO
1,10537,139549,455.06,failed,online,2025-05-28,NO
1,49417,140290,578.54,failed,online,2025-05-28,NO
749,40409,141046,43.62,completed,online,2025-05-28,NO
4973,41887,143586,926.8,failed,online,2025-05-28,NO
3176,16691,143865,1953.5,completed,online,2025-05-28,NO
2931,18202,146118,289.93,failed,online,2025-05-28,NO
1484,7915,147104,90.16,completed,online,2025-05-28,NO
2581,42072,2987,996.1,completed,online,2025-08-09,NO
4740,2107,4647,1546.95,completed,online,2025-08-09,NO
4478,1578,7725,763.03,failed,online,2025-08-09,NO
2305,43749,8453,445.93,failed,online,2025-08-09,NO
2888,36724,13321,353.1,failed,online,2025-08-09,NO
3317,33863,15304,1835.35,failed,online,2025-08-09,NO
4996,44288,18313,1085.57,failed,online,2025-08-09,NO
1884,44460,27452,1334.94,failed,online,2025-08-09,NO
4139,22402,27792,431.76,failed,online,2025-08-09,NO
1,15211,28030,152.96,failed,online,2025-08-09,NO
3436,49512,29758,1537.66,completed,online,2025-08-09,NO
1,39338,30430,825.95,failed,online,2025-08-09,NO
4500,37702,31904,411.59,failed,online,2025-08-09,NO
3544,13082,33215,124.15,failed,online,2025-08-09,NO
2871,44439,34436,1329.2,failed,online,2025-08-09,NO
4873,41681,34891,386.59,failed,online,2025-08-09,NO
2017,19372,35560,477.28,failed,online,2025-08-09,NO
3570,10987,37685,254.18,failed,online,2025-08-09,NO
2769,36939,40055,843.64,failed,online,2025-08-09,NO
1694,39353,41168,1975.97,failed,online,2025-08-09,NO
430,3873,42874,718.53,failed,online,2025-08-09,NO
4,30216,42877,411.92,failed,online,2025-08-09,NO
273,23656,42936,10.05,failed,online,2025-08-09,NO
943,39819,42971,264.64,completed,online,2025-08-09,NO
2529,48952,44177,453.16,completed,online,2025-08-09,NO
958,17034,44220,916.14,completed,online,2025-08-09,NO
1340,10301,49681,1813.39,failed,online,2025-08-09,NO
2581,33317,49940,1918.2,failed,online,2025-08-09,NO
2045,44971,52452,789.6,completed,online,2025-08-09,NO
3684,47181,53105,193.2,failed,online,2025-08-09,NO
3727,26991,55876,1782.77,completed,online,2025-08-09,NO
640,24070,57494,272.99,failed,UNKNOWN,2025-08-09,NO
3809,2739,57549,1308.88,failed,online,2025-08-09,NO
4990,23422,65722,383.93,failed,online,2025-08-09,NO
712,5023,66379,304.6,failed,online,2025-08-09,NO
1,11341,70138,194.54,completed,online,2025-08-09,NO
4839,41401,71986,1960.15,failed,online,2025-08-09,NO
1,30885,72914,1237.59,completed,online,2025-08-09,NO
1,22290,73229,1001.45,failed,online,2025-08-09,NO
1,38814,74601,66.53,completed,online,2025-08-09,NO
4423,14692,76847,933.04,failed,UNKNOWN,2025-08-09,NO
3084,38033,78935,1281.6,failed,online,2025-08-09,NO
2734,26480,79302,388.12,failed,online,2025-08-09,NO
283,20734,79449,1856.0,completed,online,2025-08-09,NO
250,40941,83112,1583.54,completed,online,2025-08-09,NO
3523,44442,85575,1385.4,failed,online,2025-08-09,NO
1366,41353,86255,776.28,failed,online,2025-08-09,NO
1,7815,89319,198.39,failed,online,2025-08-09,NO
3566,26522,93305,1136.16,failed,online,2025-08-09,NO
2620,48228,95918,945.97,completed,online,2025-08-09,NO
294,37302,98217,240.67,failed,online,2025-08-09,NO
1,29769,98260,1794.71,failed,online,2025-08-09,NO
3535,13639,99381,851.98,completed,online,2025-08-09,NO
2820,14182,100559,1300.4,completed,online,2025-08-09,NO
3740,964,104644,705.25,completed,online,2025-08-09,NO
745,23195,107068,1697.41,failed,online,2025-08-09,NO
1,7387,108673,799.72,completed,online,2025-08-09,NO
99,27880,109640,702.39,completed,online,2025-08-09,NO
54,3758,110579,57.58,failed,online,2025-08-09,NO
4164,35164,111335,1312.42,completed,online,2025-08-09,NO
3876,31426,114439,1782.86,failed,online,2025-08-09,NO
3800,32723,115204,612.72,completed,online,2025-08-09,NO
174,14902,115895,106.92,failed,online,2025-08-09,NO
4543,13506,115955,1903.19,completed,online,2025-08-09,NO
1,19563,116536,808.01,failed,online,2025-08-09,NO
3397,31535,118255,253.1,completed,online,2025-08-09,NO
2641,28312,118389,784.18,failed,online,2025-08-09,NO
131,1523,120332,23.31,completed,online,2025-08-09,NO
1901,44499,121100,582.72,failed,online,2025-08-09,NO
4738,4676,121305,625.8,failed,online,2025-08-09,NO
2291,37408,122175,908.39,failed,online,2025-08-09,NO
1629,22286,122347,934.35,completed,online,2025-08-09,NO
238,40853,123074,1755.0,completed,online,2025-08-09,NO
705,38652,123302,1939.32,failed,online,2025-08-09,NO
2680,41353,128422,1916.56,completed,online,2025-08-09,NO
3106,32935,128662,268.95,completed,online,2025-08-09,NO
4515,2391,130693,1050.35,completed,online,2025-08-09,NO
1670,2554,131084,1653.05,completed,online,2025-08-09,NO
4811,1659,132200,1497.87,failed,online,2025-08-09,NO
3449,38231,132434,1913.13,completed,online,2025-08-09,NO
1,6330,133355,1495.58,failed,online,2025-08-09,NO
1290,1518,133754,688.45,failed,UNKNOWN,2025-08-09,NO
1695,48412,138877,349.54,failed,online,2025-08-09,NO
3964,9151,140198,507.84,failed,online,2025-08-09,NO
136,2827,144143,1717.99,completed,online,2025-08-09,NO
2161,47128,144150,21.06,failed,online,2025-08-09,NO
1588,12943,145335,1582.52,failed,online,2025-08-09,NO
1072,26817,149035,922.53,completed,online,2025-08-09,NO
1370,48969,769,321.81,failed,online,2025-09-08,NO
4059,11988,1492,1638.73,completed,online,2025-09-08,NO
1511,8446,6129,551.22,completed,online,2025-09-08,NO
1567,36697,13618,314.1,failed,online,2025-09-08,NO
1,23117,13727,562.09,completed,online,2025-09-08,NO
4370,19868,15571,985.44,completed,online,2025-09-08,NO
4457,41071,16028,53.6,failed,online,2025-09-08,NO
4117,27360,19662,1046.92,completed,online,2025-09-08,NO
3983,46363,20806,932.03,completed,online,2025-09-08,NO
1064,43901,22992,1100.14,completed,online,2025-09-08,NO
4711,43596,23405,708.98,completed,online,2025-09-08,NO
800,42888,24613,429.55,failed,online,2025-09-08,NO
2677,4228,27237,452.47,failed,online,2025-09-08,NO
1,21357,29009,1036.4,failed,online,2025-09-08,NO
2569,37231,33961,1274.36,completed,online,2025-09-08,NO
2004,48605,35863,1674.25,failed,UNKNOWN,2025-09-08,NO
26,15418,36053,1493.88,completed,online,2025-09-08,NO
4410,42130,36765,290.24,completed,online,2025-09-08,NO
4637,10145,38397,1084.09,completed,online,2025-09-08,NO
4812,48134,39706,545.79,failed,online,2025-09-08,NO
3389,21060,41134,983.87,failed,online,2025-09-08,NO
457,31121,43283,71.51,failed,online,2025-09-08,NO
728,5604,46069,1604.47,completed,online,2025-09-08,NO
3549,32716,46489,1352.73,failed,online,2025-09-08,NO
2159,11661,46983,1089.64,failed,online,2025-09-08,NO
1272,43606,48655,1210.62,failed,UNKNOWN,2025-09-08,NO
3307,47195,50806,1167.83,failed,online,2025-09-08,NO
3188,30140,51238,166.59,failed,online,2025-09-08,NO
4667,2631,51351,1952.33,failed,online,2025-09-08,NO
3388,26096,51815,1884.0,completed,online,2025-09-08,NO
649,43093,53692,1312.01,completed,online,2025-09-08,NO
66,915,56365,1658.1,failed,online,2025-09-08,NO
4823,33643,60265,554.67,failed,online,2025-09-08,NO
2483,34969,60434,1293.85,completed,online,2025-09-08,NO
1263,17848,64028,571.93,completed,online,2025-09-08,NO
2348,7298,65307,1143.41,completed,online,2025-09-08,NO
4062,19869,70582,522.96,failed,online,2025-09-08,NO
3565,49911,70591,1726.14,completed,online,2025-09-08,NO
4606,15322,73451,1804.19,completed,online,2025-09-08,NO
1,37692,74843,19.0,failed,online,2025-09-08,NO
3249,7472,75143,854.33,failed,online,2025-09-08,NO
1757,20846,85135,1892.39,failed,online,2025-09-08,NO
1081,45333,87336,1363.46,completed,online,2025-09-08,NO
1,41721,88219,979.71,completed,online,2025-09-08,NO
787,43077,89954,180.0,completed,online,2025-09-08,NO
1033,40583,90427,1827.48,completed,online,2025-09-08,NO
331,10609,90531,828.16,completed,online,2025-09-08,NO
1698,10391,91050,1561.37,failed,online,2025-09-08,NO
2814,22957,91080,958.84,completed,online,2025-09-08,NO
1,46806,91554,1573.69,failed,online,2025-09-08,NO
1539,4727,93415,609.07,completed,online,2025-09-08,NO
1,39138,96757,1906.93,completed,online,2025-09-08,NO
3209,5060,97040,725.41,failed,online,2025-09-08,NO
1141,214,101095,1671.43,completed,online,2025-09-08,NO
1669,31395,103045,1061.03,completed,online,2025-09-08,NO
1464,28238,105161,1864.45,failed,online,2025-09-08,NO
1935,12531,109128,320.29,completed,online,2025-09-08,NO
1,28138,110760,9960.073598271363,failed,online,2025-09-08,NO
1250,28170,110819,389.13,completed,online,2025-09-08,NO
3779,31828,111957,674.96,completed,online,2025-09-08,NO
1,19932,112414,411.35,completed,online,2025-09-08,NO
1772,18323,112440,271.12,completed,online,2025-09-08,NO
591,8282,113081,303.54,completed,online,2025-09-08,NO
4944,9230,113739,637.1,failed,online,2025-09-08,NO
2360,3658,114807,226.46,failed,online,2025-09-08,NO
2495,28477,114835,444.66,completed,online,2025-09-08,NO
841,26139,116107,1855.78,completed,online,2025-09-08,NO
4039,21892,116181,156.79,completed,online,2025-09-08,NO
1179,9730,116400,372.0,completed,online,2025-09-08,NO
60,18144,117541,1491.8,completed,online,2025-09-08,NO
2542,12738,117942,867.95,completed,online,2025-09-08,NO
740,39809,118141,312.8,failed,online,2025-09-08,NO
613,31623,122795,1785.46,failed,online,2025-09-08,NO
246,42669,127955,1436.39,completed,online,2025-09-08,NO
1,39085,128334,937.28,failed,online,2025-09-08,NO
133,33735,131699,1132.13,completed,online,2025-09-08,NO
57,37823,132072,101.96,completed,online,2025-09-08,NO
3559,48128,134283,1466.23,completed,online,2025-09-08,NO
1888,47775,136759,1706.57,failed,online,2025-09-08,NO
1,18211,139055,936.94,failed,online,2025-09-08,NO
3062,38576,141238,1119.9,completed,online,2025-09-08,NO
2693,6725,142660,208.37,completed,online,2025-09-08,NO
1403,29132,144426,636.71,completed,online,2025-09-08,NO
1039,42002,144836,1290.47,completed,online,2025-09-08,NO
1244,19095,146639,565.66,completed,online,2025-09-08,NO
4788,35995,147805,752.56,failed,online,2025-09-08,NO
2300,36725,1939,1445.67,completed,online,2025-06-16,NO
1796,25924,2857,905.14,completed,online,2025-06-16,NO
4975,29836,5447,1796.01,failed,UNKNOWN,2025-06-16,NO
2548,45887,5682,632.26,completed,online,2025-06-16,NO
1593,16319,9434,1671.96,failed,online,2025-06-16,NO
3913,6062,9647,145.21,failed,online,2025-06-16,NO
4102,14814,10206,61.68,completed,online,2025-06-16,NO
1036,49790,10654,190.65,failed,online,2025-06-16,NO
2352,13449,12666,1422.57,failed,online,2025-06-16,NO
521,24464,14085,598.59,completed,online,2025-06-16,NO
247,9611,16835,1936.17,completed,online,2025-06-16,NO
1169,15596,18328,1613.1,completed,online,2025-06-16,NO
4996,20418,19338,1915.38,failed,online,2025-06-16,NO
1920,44678,23284,1541.61,failed,online,2025-06-16,NO
4329,6983,29263,1528.21,completed,online,2025-06-16,NO
1127,28635,29453,207.19,completed,online,2025-06-16,NO
4878,19612,31834,1274.72,completed,online,2025-06-16,NO
949,29674,33429,694.61,completed,online,2025-06-16,NO
1,27770,37482,1498.44,failed,online,2025-06-16,NO
1,49569,37989,997.16,completed,online,2025-06-16,NO
501,29085,38614,137.7,failed,online,2025-06-16,NO
3798,25602,39548,1808.15,failed,online,2025-06-16,NO
1,30411,40253,23.48,failed,online,2025-06-16,NO
445,43496,41713,1284.26,completed,online,2025-06-16,NO
4911,45444,43955,1095.25,completed,online,2025-06-16,NO
1022,47693,46035,1604.21,failed,online,2025-06-16,NO
122,30227,48251,1541.2,failed,online,2025-06-16,NO
4194,35640,50517,722.31,failed,online,2025-06-16,NO
4178,18036,51392,356.41,completed,online,2025-06-16,NO
29,46345,51528,1566.07,completed,online,2025-06-16,NO
1,29109,52262,1934.42,failed,online,2025-06-16,NO
1583,41668,53098,960.49,failed,online,2025-06-16,NO
2870,19922,54002,855.14,failed,online,2025-06-16,NO
2670,41365,55253,724.05,completed,online,2025-06-16,NO
95,5888,57218,1687.45,failed,online,2025-06-16,NO
1,37405,57343,171.46,completed,online,2025-06-16,NO
3248,45948,57735,536.8,failed,online,2025-06-16,NO
3751,2081,63221,917.68,completed,online,2025-06-16,NO
3645,19691,63676,1485.36,completed,online,2025-06-16,NO
2430,38714,64280,1020.12,failed,online,2025-06-16,NO
965,30994,65408,550.38,completed,UNKNOWN,2025-06-16,NO
2862,24222,66199,1980.35,failed,online,2025-06-16,NO
1417,41572,66430,264.5,failed,online,2025-06-16,NO
1365,43797,67212,1521.9,failed,online,2025-06-16,NO
3127,2636,69182,1866.47,completed,online,2025-06-16,NO
1,5397,69986,1514.79,failed,online,2025-06-16,NO
3475,46635,71362,373.29,failed,online,2025-06-16,NO
1,36967,74778,1011.78,completed,online,2025-06-16,NO
3220,16595,74999,1557.83,failed,online,2025-06-16,NO
4464,19088,77407,460.07,completed,online,2025-06-16,NO
832,49645,81750,395.48,failed,online,2025-06-16,NO
3164,9318,85038,854.4,completed,online,2025-06-16,NO
2855,49905,86547,1357.2,completed,online,2025-06-16,NO
3075,23026,87578,905.52,failed,online,2025-06-16,NO
948,34945,92373,1777.17,completed,online,2025-06-16,NO
2749,23424,92491,641.23,completed,online,2025-06-16,NO
4214,8428,92654,316.71,completed,online,2025-06-16,NO
3075,15485,92934,563.35,completed,online,2025-06-16,NO
3892,19330,93886,485.99,completed,online,2025-06-16,NO
2467,597,98815,1157.06,completed,online,2025-06-16,NO
2493,6555,105377,457.1,failed,online,2025-06-16,NO
321,40591,106057,1767.89,completed,online,2025-06-16,NO
3818,34474,109629,1562.89,completed,online,2025-06-16,NO
169,1990,112032,170.28,completed,online,2025-06-16,NO
1047,15491,112479,1338.41,failed,online,2025-06-16,NO
1,19907,114834,1337.92,failed,online,2025-06-16,NO
500,40760,118418,399.59,failed,online,2025-06-16,NO
4103,15810,118911,1039.6,completed,online,2025-06-16,NO
160,17370,119388,1665.76,failed,online,2025-06-16,NO
683,21928,119809,1172.51,completed,online,2025-06-16,NO
1913,1365,121932,836.21,failed,online,2025-06-16,NO
2302,31041,123225,1679.01,failed,online,2025-06-16,NO
2206,38330,129089,1327.24,completed,online,2025-06-16,NO
1,23196,129568,1583.72,failed,online,2025-06-16,NO
895,4338,132006,408.08,failed,online,2025-06-16,NO
2624,27628,132456,1846.67,completed,online,2025-06-16,NO
3605,4988,133686,1869.59,failed,online,2025-06-16,NO
1807,32562,136287,34.43,failed,online,2025-06-16,NO
1847,38309,138094,967.13,completed,online,2025-06-16,NO
1258,35187,138707,902.5,failed,online,2025-06-16,NO
3716,22045,142072,1677.53,failed,online,2025-06-16,NO
148,43847,146509,496.98,failed,online,2025-06-16,NO
1,5773,147207,957.69,completed,online,2025-06-16,NO
503,32596,147915,1181.08,completed,online,2025-06-16,NO
1,288,148889,443.51,completed,online,2025-06-16,NO
1239,27781,148891,1550.48,failed,online,2025-06-16,NO
3355,3910,149030,1615.29,completed,online,2025-06-16,NO
3922,40788,6037,1763.0,failed,online,2025-04-02,NO
1562,2713,6785,1993.85,completed,online,2025-04-02,NO
3196,30916,7063,172.45,completed,online,2025-04-02,NO
2734,39875,7670,115.2,failed,online,2025-04-02,NO
292,13065,9365,1430.19,completed,online,2025-04-02,NO
1892,2469,11596,564.35,failed,online,2025-04-02,NO
679,49091,12159,845.32,completed,online,2025-04-02,NO
725,20622,12680,1548.93,completed,online,2025-04-02,NO
1,31173,13990,1256.81,failed,online,2025-04-02,NO
3368,34293,17491,1777.79,completed,online,2025-04-02,NO
579,15776,19156,252.3,failed,online,2025-04-02,NO
2387,44312,21428,1866.06,failed,online,2025-04-02,NO
274,3818,23164,150.39,failed,online,2025-04-02,NO
410,39777,24101,1663.94,completed,online,2025-04-02,NO
540,41659,26314,1254.55,completed,online,2025-04-02,NO
2510,10071,27409,1354.49,failed,online,2025-04-02,NO
3528,11984,30290,1163.8,completed,online,2025-04-02,NO
4218,25359,31404,610.97,failed,online,2025-04-02,NO
1,1681,32418,1644.6,failed,online,2025-04-02,NO
964,12005,34130,157.24,completed,online,2025-04-02,NO
3958,66,37094,1617.96,failed,online,2025-04-02,NO
1536,1417,37727,615.85,completed,online,2025-04-02,NO
1975,3111,38692,1564.24,failed,online,2025-04-02,NO
4176,29809,40924,644.48,completed,online,2025-04-02,NO
1856,46719,43666,1486.31,failed,online,2025-04-02,NO
3239,46762,45428,303.38,failed,online,2025-04-02,NO
357,37013,45447,1682.64,completed,online,2025-04-02,NO
902,12688,45585,916.24,failed,online,2025-04-02,NO
1049,3977,49504,952.27,failed,online,2025-04-02,NO
349,26678,52977,1903.87,failed,online,2025-04-02,NO
890,6966,58920,62.41,failed,online,2025-04-02,NO
3097,620,59149,687.05,completed,online,2025-04-02,NO
1152,44603,62449,1996.4,failed,online,2025-04-02,NO
878,3214,65100,941.35,completed,online,2025-04-02,NO
676,21035,66834,371.57,completed,online,2025-04-02,NO
4549,48006,68469,1291.0,failed,online,2025-04-02,NO
1256,36997,68640,1913.1,completed,online,2025-04-02,NO
1423,33006,68882,1433.63,completed,online,2025-04-02,NO
1521,45568,70066,898.82,failed,online,2025-04-02,NO
3896,26515,70388,1040.48,failed,online,2025-04-02,NO
2304,41711,73665,967.09,completed,online,2025-04-02,NO
1,39349,79947,366.73,failed,online,2025-04-02,NO
1,32382,80268,1002.98,completed,online,2025-04-02,NO
2883,33735,81181,1895.33,failed,online,2025-04-02,NO
2029,16302,81506,1998.28,failed,online,2025-04-02,NO
2927,32044,83190,1583.62,failed,online,2025-04-02,NO
3622,21576,85010,677.63,failed,online,2025-04-02,NO
1111,30513,87125,466.11,completed,online,2025-04-02,NO
1919,1811,87326,1916.33,failed,online,2025-04-02,NO
4762,11593,88642,1064.4,completed,online,2025-04-02,NO
1,38924,92986,1654.43,failed,online,2025-04-02,NO
1446,46367,93662,1250.52,failed,online,2025-04-02,NO
1094,23056,95085,1854.91,completed,online,2025-04-02,NO
1,26528,97808,599.75,completed,online,2025-04-02,NO
4339,23182,100044,1430.71,completed,online,2025-04-02,NO
3654,41145,100280,880.6,completed,online,2025-04-02,NO
4500,15602,104422,1666.99,completed,online,2025-04-02,NO
1179,5885,105037,1522.61,completed,online,2025-04-02,NO
4293,40832,105492,992.58,completed,online,2025-04-02,NO
222,31145,106435,1366.13,completed,online,2025-04-02,NO
3482,44460,106970,724.08,completed,online,2025-04-02,NO
1,25294,107677,117.68,completed,online,2025-04-02,NO
1234,38241,110208,1467.41,completed,online,2025-04-02,NO
2367,26959,110763,376.12,failed,online,2025-04-02,NO
1415,44436,110844,633.54,failed,online,2025-04-02,NO
4417,9929,111592,1835.69,failed,online,2025-04-02,NO
3787,9916,112484,1253.13,failed,online,2025-04-02,NO
3150,36983,115974,1313.3,failed,online,2025-04-02,NO
4516,22427,116236,1034.79,failed,online,2025-04-02,NO
1,39925,116534,822.52,completed,online,2025-04-02,NO
4681,4427,117595,1660.18,completed,online,2025-04-02,NO
2972,7789,120532,415.16,completed,online,2025-04-02,NO
1,41887,120817,702.21,completed,online,2025-04-02,NO
1,18281,129790,401.36,completed,online,2025-04-02,NO
3610,40622,135295,1160.46,failed,online,2025-04-02,NO
1,16723,136196,1242.59,failed,online,2025-04-02,NO
1,4238,136772,1883.0,completed,online,2025-04-02,NO
3893,12398,137380,428.29,completed,online,2025-04-02,NO
1064,4380,138823,1883.83,completed,online,2025-04-02,NO
1,16965,139828,1863.69,failed,online,2025-04-02,NO
1,7017,140000,1066.64,failed,online,2025-04-02,NO
1790,39220,140918,1221.68,completed,online,2025-04-02,NO
184,30557,140950,1132.08,completed,online,2025-04-02,NO
2790,38060,141943,720.42,failed,online,2025-04-02,NO
2695,7896,142460,1224.43,failed,online,2025-04-02,NO
827,35105,144018,85.4,completed,online,2025-04-02,NO
890,7932,149394,1157.27,failed,online,2025-04-02,NO
2640,47900,57,1286.6,failed,online,2025-07-27,NO
4739,42081,1323,1323.99,failed,online,2025-07-27,NO
3439,28445,3549,1762.79,failed,online,2025-07-27,NO
3789,43806,4672,902.75,failed,online,2025-07-27,NO
2050,36377,9459,100.74,failed,online,2025-07-27,NO
784,14832,12808,462.49,failed,online,2025-07-27,NO
4940,25969,13521,79.68,completed,online,2025-07-27,NO
1,1134,17025,1489.83,completed,online,2025-07-27,NO
1774,48435,18168,1410.45,failed,online,2025-07-27,NO
1,8462,20967,809.25,completed,online,2025-07-27,NO
4719,27853,23529,93.47,failed,online,2025-07-27,NO
4027,41021,25251,1429.85,failed,online,2025-07-27,NO
2617,39389,26004,177.03,failed,online,2025-07-27,NO
1,27021,27264,1818.04,failed,online,2025-07-27,NO
2890,48422,28772,1172.34,completed,online,2025-07-27,NO
1,36842,30710,1224.89,completed,online,2025-07-27,NO
859,29947,30866,1784.36,completed,online,2025-07-27,NO
4628,23856,31667,1635.82,failed,online,2025-07-27,NO
2428,7903,32231,653.82,completed,online,2025-07-27,NO
4761,36157,32714,896.66,completed,online,2025-07-27,NO
3320,2301,32954,953.35,failed,online,2025-07-27,NO
1490,26788,33442,1347.41,failed,online,2025-07-27,NO
2871,17449,34879,227.32,failed,online,2025-07-27,NO
1922,47206,36770,171.44,failed,online,2025-07-27,NO
3459,43414,37614,678.41,completed,online,2025-07-27,NO
3390,25375,40286,1380.37,completed,online,2025-07-27,NO
1,14041,41366,1861.67,failed,online,2025-07-27,NO
3788,1976,44271,985.79,failed,online,2025-07-27,NO
3202,7308,47772,114.19,completed,online,2025-07-27,NO
4711,20943,50753,326.48,completed,online,2025-07-27,NO
879,11700,52654,512.98,completed,online,2025-07-27,NO
1115,42560,53360,51.29,completed,online,2025-07-27,NO
1,18652,58706,543.88,completed,online,2025-07-27,NO
1907,43306,61868,1184.26,failed,online,2025-07-27,NO
2352,46095,64239,1368.37,failed,UNKNOWN,2025-07-27,NO
2205,41769,64387,1768.31,failed,online,2025-07-27,NO
4857,32863,64894,373.2,failed,online,2025-07-27,NO
2087,5881,65386,382.94,failed,online,2025-07-27,NO
3821,33048,65488,1987.82,failed,online,2025-07-27,NO
2406,535,65581,439.97,completed,online,2025-07-27,NO
1,2014,67274,830.33,completed,online,2025-07-27,NO
4003,12456,70811,242.95,completed,online,2025-07-27,NO
1510,32624,71996,1093.75,failed,online,2025-07-27,NO
371,36468,72346,1328.1,failed,online,2025-07-27,NO
1919,22939,72706,1765.65,failed,online,2025-07-27,NO
1405,31052,75209,564.34,failed,online,2025-07-27,NO
1390,18329,76936,1141.42,completed,online,2025-07-27,NO
4538,28221,77946,226.48,completed,UNKNOWN,2025-07-27,NO
2005,30983,81958,216.74,completed,online,2025-07-27,NO
396,43576,82484,324.14,completed,online,2025-07-27,NO
1721,32046,82824,1666.96,failed,online,2025-07-27,NO
3036,33580,89239,1716.09,completed,online,2025-07-27,NO
1,38988,93468,1312.6,completed,online,2025-07-27,NO
1,13675,94452,694.69,failed,online,2025-07-27,NO
40,22053,95671,813.87,failed,online,2025-07-27,NO
3971,2419,104710,573.95,completed,online,2025-07-27,NO
2385,22473,106858,573.98,failed,online,2025-07-27,NO
1010,3545,110207,872.34,completed,online,2025-07-27,NO
2030,48087,110219,1884.12,failed,online,2025-07-27,NO
1351,47253,110944,1799.29,failed,online,2025-07-27,NO
480,8106,111822,1251.77,failed,online,2025-07-27,NO
773,15593,113271,911.02,failed,online,2025-07-27,NO
4363,277,116065,1266.68,completed,online,2025-07-27,NO
4879,45542,117823,1446.83,completed,online,2025-07-27,NO
1057,33254,118020,1330.82,completed,online,2025-07-27,NO
1,41333,118713,1359.27,completed,online,2025-07-27,NO
551,36749,119318,408.21,failed,online,2025-07-27,NO
1751,35552,119771,1878.07,failed,online,2025-07-27,NO
4649,17420,120284,1898.33,failed,online,2025-07-27,NO
1820,27158,122707,95.09,failed,online,2025-07-27,NO
2582,28160,122872,274.95,failed,online,2025-07-27,NO
283,11995,126405,1974.87,completed,online,2025-07-27,NO
3356,11390,126528,989.92,failed,online,2025-07-27,NO
876,11622,130761,1175.07,completed,online,2025-07-27,NO
4363,30729,131182,1994.95,failed,online,2025-07-27,NO
4037,22043,133780,1176.55,failed,online,2025-07-27,NO
1,4731,135619,1418.76,completed,online,2025-07-27,NO
1621,11416,137295,1507.21,failed,online,2025-07-27,NO
2236,27800,138427,291.56,failed,online,2025-07-27,NO
1931,28112,138917,843.51,completed,online,2025-07-27,NO
2148,3408,141825,178.13,completed,online,2025-07-27,NO
2271,30685,144976,45.47,failed,online,2025-07-27,NO
2222,1836,146981,1126.72,completed,online,2025-07-27,NO
1,44336,147059,1086.57,completed,online,2025-07-27,NO
239,22375,147988,264.33,completed,online,2025-07-27,NO
1192,28694,149354,1341.87,failed,online,2025-07-27,NO
487,18783,149488,313.18,completed,online,2025-07-27,NO
2334,31867,2975,1337.84,completed,online,2025-06-19,NO
4680,11067,5309,1610.03,failed,online,2025-06-19,NO
2498,12153,8851,144.62,failed,online,2025-06-19,NO
3165,43318,11113,1594.12,failed,UNKNOWN,2025-06-19,NO
1,43563,12191,368.18,completed,online,2025-06-19,NO
1,14087,17400,1694.81,completed,online,2025-06-19,NO
4156,1026,18693,224.84,completed,online,2025-06-19,NO
4695,8184,19010,1191.55,completed,online,2025-06-19,NO
4561,10165,24231,1051.17,failed,online,2025-06-19,NO
1600,7148,25239,111.51,failed,online,2025-06-19,NO
4864,26175,26247,175.24,failed,online,2025-06-19,NO
4927,32115,29401,1771.59,completed,UNKNOWN,2025-06-19,NO
1720,23489,29873,858.47,failed,online,2025-06-19,NO
2063,5715,30057,1119.4,completed,online,2025-06-19,NO
4427,3851,30981,1781.89,failed,online,2025-06-19,NO
1,5350,31039,984.26,failed,online,2025-06-19,NO
3174,28579,31457,1208.95,completed,online,2025-06-19,NO
1,45683,33655,1387.12,completed,online,2025-06-19,NO
4505,49660,36058,1964.18,failed,online,2025-06-19,NO
4336,18218,39027,998.35,failed,online,2025-06-19,NO
1,45637,41362,231.02,failed,online,2025-06-19,NO
2524,6503,41477,1043.47,completed,online,2025-06-19,NO
1,23137,44186,1829.6,failed,online,2025-06-19,NO
1,42088,44601,1145.14,failed,online,2025-06-19,NO
1605,30233,45741,1677.21,completed,online,2025-06-19,NO
2513,27485,45934,1303.26,failed,online,2025-06-19,NO
1,890,46793,1375.8,failed,online,2025-06-19,NO
2795,3452,51911,1639.82,failed,online,2025-06-19,NO
3719,49244,51997,136.78,completed,online,2025-06-19,NO
4362,41335,52133,1003.96,failed,online,2025-06-19,NO
1697,32432,52249,1160.02,completed,online,2025-06-19,NO
2720,47478,60055,1108.51,completed,online,2025-06-19,NO
1,45438,60191,441.25,completed,online,2025-06-19,NO
2446,25399,61859,1728.44,failed,online,2025-06-19,NO
1,29855,62234,512.45,failed,online,2025-06-19,NO
1369,43216,64804,1522.99,completed,online,2025-06-19,NO
1921,9518,67567,1667.34,failed,online,2025-06-19,NO
1209,18761,68201,1972.44,failed,online,2025-06-19,NO
4184,12130,70292,471.4,completed,online,2025-06-19,NO
3028,2684,71516,669.36,completed,online,2025-06-19,NO
2894,13990,71984,526.05,completed,online,2025-06-19,NO
3870,16757,72019,1802.86,failed,online,2025-06-19,NO
498,45271,72098,174.76,completed,online,2025-06-19,NO
3472,8309,72917,1897.48,completed,online,2025-06-19,NO
2237,18284,81177,123.69,failed,online,2025-06-19,NO
1121,22517,82969,1106.06,failed,online,2025-06-19,NO
871,21764,83030,222.7,completed,online,2025-06-19,NO
3758,35451,85665,1004.43,failed,online,2025-06-19,NO
3580,29983,88861,1843.48,completed,online,2025-06-19,NO
2827,29039,90177,1470.66,completed,online,2025-06-19,NO
1,27945,94628,1680.64,failed,online,2025-06-19,NO
3063,41835,96392,1218.46,failed,online,2025-06-19,NO
1,33315,98293,629.07,failed,online,2025-06-19,NO
3045,10089,100016,753.87,failed,online,2025-06-19,NO
357,13859,102255,31.63,failed,online,2025-06-19,NO
3172,4379,102462,1548.19,failed,online,2025-06-19,NO
1311,11633,105602,211.78,failed,online,2025-06-19,NO
2898,47697,105856,777.88,completed,online,2025-06-19,NO
1751,14974,110781,941.69,failed,online,2025-06-19,NO
2467,18626,111583,304.36,completed,online,2025-06-19,NO
1887,40869,111743,1302.95,failed,online,2025-06-19,NO
1474,35800,116409,366.17,failed,online,2025-06-19,NO
1009,21149,120597,1766.65,completed,online,2025-06-19,NO
621,37736,120857,244.34,failed,online,2025-06-19,NO
774,2943,121819,712.81,completed,online,2025-06-19,NO
2430,18009,124225,179.97,completed,online,2025-06-19,NO
2833,9176,125610,416.2,failed,online,2025-06-19,NO
4436,9966,125928,1313.82,completed,online,2025-06-19,NO
2377,26465,126970,1468.59,completed,online,2025-06-19,NO
1,4697,127514,615.17,completed,online,2025-06-19,NO
3260,7639,128108,1804.82,completed,online,2025-06-19,NO
3735,14073,128576,1790.66,completed,online,2025-06-19,NO
3612,39069,128815,49.84,completed,online,2025-06-19,NO
1,43662,129355,1816.81,failed,online,2025-06-19,NO
1,34090,130133,581.65,failed,online,2025-06-19,NO
1,1217,131310,1666.57,failed,online,2025-06-19,NO
1,30665,132421,1971.09,completed,online,2025-06-19,NO
229,34547,134138,1773.33,failed,online,2025-06-19,NO
1,4410,134772,1071.67,failed,online,2025-06-19,NO
2712,13515,135135,966.37,failed,online,2025-06-19,NO
1370,12824,135692,1568.53,completed,online,2025-06-19,NO
1,43288,137580,745.51,failed,online,2025-06-19,NO
3795,21119,138814,1782.45,completed,online,2025-06-19,NO
1,26776,141268,1063.86,failed,online,2025-06-19,NO
4680,11091,141589,1499.65,completed,online,2025-06-19,NO
1,19550,143971,1408.07,completed,online,2025-06-19,NO
4253,14241,144467,539.82,completed,online,2025-06-19,NO
2003,36117,388,595.92,failed,online,2025-03-25,NO
2569,33156,1051,117.32,completed,online,2025-03-25,NO
4046,38274,1088,1661.13,failed,online,2025-03-25,NO
4640,6658,3087,685.12,failed,online,2025-03-25,NO
1,35134,4900,733.34,completed,online,2025-03-25,NO
1,17980,6598,540.93,completed,online,2025-03-25,NO
2592,16443,8640,1177.04,failed,online,2025-03-25,NO
3698,17937,11249,693.06,completed,online,2025-03-25,NO
3083,22713,11729,660.86,failed,online,2025-03-25,NO
1,17702,19135,749.92,completed,online,2025-03-25,NO
2333,2680,21695,982.45,completed,online,2025-03-25,NO
1,3933,22857,8067.151570935657,failed,online,2025-03-25,NO
4430,14492,23986,1393.68,failed,online,2025-03-25,NO
2799,22815,24347,876.89,completed,online,2025-03-25,NO
2429,31967,25462,1652.6,completed,online,2025-03-25,NO
1,3068,26910,619.51,completed,online,2025-03-25,NO
1537,37369,31928,1690.2,failed,online,2025-03-25,NO
574,1741,36641,1902.22,failed,online,2025-03-25,NO
1715,3314,38959,1477.24,failed,online,2025-03-25,NO
499,32506,39641,391.04,failed,online,2025-03-25,NO
3007,32612,39915,1993.37,failed,online,2025-03-25,NO
2396,1125,45889,972.07,failed,online,2025-03-25,NO
4306,28422,52421,570.4,failed,online,2025-03-25,NO
1592,12973,54685,325.52,failed,online,2025-03-25,NO
1,35700,56474,302.02,failed,online,2025-03-25,NO
1,10324,58098,1083.17,failed,online,2025-03-25,NO
1,46850,60624,1175.85,failed,online,2025-03-25,NO
1215,4228,62402,1697.05,completed,online,2025-03-25,NO
4391,10267,63469,702.28,completed,online,2025-03-25,NO
1,9106,67382,1925.09,completed,online,2025-03-25,NO
12,19774,67616,1203.0,completed,online,2025-03-25,NO
2309,29472,71769,1912.81,completed,online,2025-03-25,NO
4205,12418,73205,704.16,failed,online,2025-03-25,NO
4592,6942,73349,831.88,completed,online,2025-03-25,NO
2278,49887,75321,323.23,completed,online,2025-03-25,NO
2322,13878,76373,312.29,failed,online,2025-03-25,NO
1,44418,77300,1763.07,failed,online,2025-03-25,NO
1787,6390,79662,524.73,failed,online,2025-03-25,NO
2637,36608,81034,1375.07,completed,online,2025-03-25,NO
3297,43423,82425,1497.17,failed,online,2025-03-25,NO
419,9789,84123,169.84,completed,online,2025-03-25,NO
2380,34388,84132,1279.72,failed,online,2025-03-25,NO
377,46218,86082,1673.89,completed,online,2025-03-25,NO
2352,7371,86274,1534.6,failed,online,2025-03-25,NO
1615,48744,86627,203.2,failed,online,2025-03-25,NO
4795,35503,86656,1200.51,failed,online,2025-03-25,NO
4565,17220,87064,484.57,failed,online,2025-03-25,NO
2230,18441,88894,1189.04,failed,online,2025-03-25,NO
1067,20693,90721,1703.87,completed,online,2025-03-25,NO
1,29113,91241,43.8,completed,online,2025-03-25,NO
1,30823,92213,225.81,completed,UNKNOWN,2025-03-25,NO
3166,24195,96114,474.33,failed,online,2025-03-25,NO
1175,30855,96777,1265.93,completed,online,2025-03-25,NO
3829,19756,97346,1014.57,failed,online,2025-03-25,NO
2061,17154,104819,667.82,completed,online,2025-03-25,NO
3549,3431,107576,1315.93,failed,online,2025-03-25,NO
2172,13041,108560,1769.26,completed,online,2025-03-25,NO
2810,38337,109800,1407.25,failed,online,2025-03-25,NO
1,17425,111114,571.08,completed,online,2025-03-25,NO
3495,47631,117726,887.64,completed,online,2025-03-25,NO
4153,45934,119345,5402.679674569401,failed,online,2025-03-25,NO
1647,13124,120747,214.91,failed,online,2025-03-25,NO
335,45678,120997,605.62,failed,online,2025-03-25,NO
1,21520,122024,1055.94,failed,online,2025-03-25,NO
2134,14203,122504,1969.5,failed,online,2025-03-25,NO
4111,395,124314,138.86,completed,UNKNOWN,2025-03-25,NO
1,20469,128423,1682.9,completed,online,2025-03-25,NO
902,47864,129113,1880.09,failed,online,2025-03-25,NO
1,37036,130259,501.56,failed,online,2025-03-25,NO
1732,47889,130387,1827.88,completed,online,2025-03-25,NO
1501,22096,130521,1434.85,completed,online,2025-03-25,NO
4310,20481,131523,894.25,completed,online,2025-03-25,NO
4270,379,131757,14.23,completed,online,2025-03-25,NO
1,19224,131936,1333.42,completed,online,2025-03-25,NO
2371,6643,134651,1903.38,completed,online,2025-03-25,NO
1,20283,136637,381.77,failed,online,2025-03-25,NO
3785,14889,136864,304.61,failed,online,2025-03-25,NO
3531,4752,137703,411.01,failed,online,2025-03-25,NO
3848,2357,139958,1800.72,completed,online,2025-03-25,NO
746,39270,140253,1196.26,failed,online,2025-03-25,NO
658,20428,141004,1755.08,failed,online,2025-03-25,NO
1,15191,141940,325.07,completed,online,2025-03-25,NO
1,43893,141954,237.02,completed,online,2025-03-25,NO
4677,19453,145372,1783.21,failed,online,2025-03-25,NO
2184,18886,146151,1826.47,completed,online,2025-03-25,NO
1953,43162,147461,547.72,failed,online,2025-03-25,NO
3362,34275,149131,917.74,completed,online,2025-03-25,NO
1370,605,2459,645.86,failed,online,2025-01-03,NO
716,46872,2645,924.8,failed,online,2025-01-03,NO
528,27792,3191,617.11,failed,online,2025-01-03,NO
662,29020,3286,631.21,failed,online,2025-01-03,NO
4119,24761,7458,907.94,completed,online,2025-01-03,NO
2628,36002,11481,70.03,completed,online,2025-01-03,NO
1,28326,12498,634.27,completed,online,2025-01-03,NO
3962,25698,14894,999.74,completed,online,2025-01-03,NO
2194,6308,15349,1753.92,failed,UNKNOWN,2025-01-03,NO
1,3235,15955,1679.9,failed,online,2025-01-03,NO
1,31543,16008,767.07,completed,online,2025-01-03,NO
3551,4115,16562,333.21,failed,UNKNOWN,2025-01-03,NO
3764,47220,28998,1552.07,completed,online,2025-01-03,NO
3803,43676,31780,875.22,failed,online,2025-01-03,NO
751,7522,34012,902.46,completed,online,2025-01-03,NO
3983,33683,34151,754.19,failed,online,2025-01-03,NO
1990,8250,35037,748.96,completed,online,2025-01-03,NO
4090,46545,38413,1009.08,completed,online,2025-01-03,NO
1,38127,41905,834.16,completed,online,2025-01-03,NO
3365,4004,42631,795.69,failed,online,2025-01-03,NO
812,10757,43562,336.62,completed,online,2025-01-03,NO
2662,47759,45100,657.14,completed,online,2025-01-03,NO
1,17280,46140,1435.23,completed,online,2025-01-03,NO
2429,30724,46379,20.65,failed,online,2025-01-03,NO
3276,6522,46876,1400.64,failed,online,2025-01-03,NO
4540,46348,50053,962.02,failed,online,2025-01-03,NO
1217,4414,51427,1003.83,failed,online,2025-01-03,NO
3771,9447,53894,163.05,completed,online,2025-01-03,NO
200,19570,60776,42.74,completed,online,2025-01-03,NO
2262,15111,61830,1611.18,failed,online,2025-01-03,NO
4977,13865,61986,1523.58,failed,online,2025-01-03,NO
1981,10603,62501,1096.4,failed,online,2025-01-03,NO
4891,21024,62568,1019.01,completed,online,2025-01-03,NO
2242,19029,64984,60.6,failed,online,2025-01-03,NO
978,43199,65027,1793.4,failed,online,2025-01-03,NO
4526,11967,65854,1271.19,failed,online,2025-01-03,NO
2501,49402,66111,518.9,completed,online,2025-01-03,NO
2483,39716,66464,1755.11,completed,online,2025-01-03,NO
2737,279,66545,1029.49,completed,online,2025-01-03,NO
769,35363,69000,1445.75,failed,online,2025-01-03,NO
563,36098,71242,1639.26,completed,online,2025-01-03,NO
1763,14230,78282,1937.77,failed,online,2025-01-03,NO
1911,766,79471,1305.92,completed,online,2025-01-03,NO
2818,17964,81162,658.01,completed,online,2025-01-03,NO
2138,9704,86591,521.39,completed,online,2025-01-03,NO
1158,845,88023,393.56,failed,online,2025-01-03,NO
4418,7992,88254,745.37,failed,online,2025-01-03,NO
4138,39541,91742,209.06,completed,online,2025-01-03,NO
2920,2564,91847,1646.74,failed,UNKNOWN,2025-01-03,NO
3824,40732,91857,1469.63,completed,online,2025-01-03,NO
290,17444,94466,1010.55,failed,online,2025-01-03,NO
3783,44492,95746,244.29,completed,online,2025-01-03,NO
4890,41180,97046,1181.37,failed,online,2025-01-03,NO
4916,7861,98209,992.06,completed,UNKNOWN,2025-01-03,NO
4524,22822,101671,1099.28,failed,online,2025-01-03,NO
1485,30721,107080,1075.21,failed,online,2025-01-03,NO
3932,22158,107366,490.48,completed,online,2025-01-03,NO
954,22152,107666,1984.4,completed,UNKNOWN,2025-01-03,NO
3120,48884,108946,258.06,failed,online,2025-01-03,NO
1603,22274,111016,200.26,completed,online,2025-01-03,NO
2152,17791,111304,608.84,failed,online,2025-01-03,NO
3028,8361,112213,1384.66,failed,online,2025-01-03,NO
223,21733,115830,1299.24,completed,online,2025-01-03,NO
804,5570,118748,872.67,failed,online,2025-01-03,NO
2833,40243,119878,634.63,failed,online,2025-01-03,NO
2692,22445,120485,44.09,failed,online,2025-01-03,NO
1,45703,121217,1062.17,completed,online,2025-01-03,NO
198,16689,121503,738.18,completed,online,2025-01-03,NO
1,4684,122539,1127.03,failed,online,2025-01-03,NO
2398,8605,123655,478.21,failed,online,2025-01-03,NO
1157,12021,124573,282.69,failed,online,2025-01-03,NO
2357,37312,125254,651.54,failed,online,2025-01-03,NO
1,46850,128106,1734.34,completed,online,2025-01-03,NO
4553,25259,132686,387.57,failed,online,2025-01-03,NO
954,46225,132909,1029.59,completed,online,2025-01-03,NO
3428,3147,133713,270.73,completed,online,2025-01-03,NO
2217,31315,134463,316.25,failed,online,2025-01-03,NO
3298,38430,137670,1024.4,completed,online,2025-01-03,NO
1602,18366,139566,936.36,completed,online,2025-01-03,NO
1,47912,140063,1803.73,completed,online,2025-01-03,NO
1908,44360,140437,138.88,completed,online,2025-01-03,NO
4919,36531,140517,698.25,completed,online,2025-01-03,NO
4860,22489,141031,485.21,failed,online,2025-01-03,NO
1175,31549,142706,450.81,completed,online,2025-01-03,NO
4432,45010,144775,39.55,failed,online,2025-01-03,NO
1,46696,146293,1580.07,failed,online,2025-01-03,NO
1,9720,146700,1536.08,failed,online,2025-01-03,NO
4608,19530,2125,933.06,completed,online,2025-11-26,NO
2014,44494,2568,581.43,completed,online,2025-11-26,NO
4992,10004,4117,675.63,completed,UNKNOWN,2025-11-26,NO
2074,43337,8436,1739.53,failed,online,2025-11-26,NO
3338,28484,9072,1116.47,failed,online,2025-11-26,NO
368,20710,10279,1457.39,completed,online,2025-11-26,NO
4066,24181,10361,790.55,failed,online,2025-11-26,NO
3352,49429,11013,818.75,completed,online,2025-11-26,NO
1,7796,11216,1335.35,completed,online,2025-11-26,NO
647,37658,11653,183.25,completed,online,2025-11-26,NO
1124,43377,11910,371.23,completed,online,2025-11-26,NO
2035,31752,13446,563.03,completed,online,2025-11-26,NO
596,23708,13885,1584.11,completed,online,2025-11-26,NO
3486,36955,14951,1344.91,failed,online,2025-11-26,NO
3156,32199,15299,10.46,failed,online,2025-11-26,NO
4835,11384,15381,499.81,completed,online,2025-11-26,NO
1,36179,18817,856.95,completed,online,2025-11-26,NO
37,23117,19169,1804.84,failed,online,2025-11-26,NO
1,26158,19691,1657.56,failed,online,2025-11-26,NO
3825,12743,21357,927.2,completed,online,2025-11-26,NO
2626,43127,30172,1705.52,failed,UNKNOWN,2025-11-26,NO
2123,17356,31425,1263.01,failed,online,2025-11-26,NO
2488,3307,35907,527.81,failed,online,2025-11-26,NO
1,19079,37610,5271.241282889809,completed,online,2025-11-26,NO
1583,38163,40525,683.74,completed,online,2025-11-26,NO
3756,49271,41167,10.73,completed,online,2025-11-26,NO
2232,9970,42573,64.43,failed,online,2025-11-26,NO
461,10746,45997,607.05,completed,online,2025-11-26,NO
420,28206,47561,1139.13,failed,online,2025-11-26,NO
4503,3442,48700,1313.53,failed,online,2025-11-26,NO
2717,16071,54283,1334.83,completed,online,2025-11-26,NO
665,22722,55076,1917.56,completed,online,2025-11-26,NO
2798,48018,56132,603.96,failed,online,2025-11-26,NO
1834,4628,56514,1684.42,failed,online,2025-11-26,NO
2276,12660,63194,871.24,failed,online,2025-11-26,NO
1,42935,63622,248.95,failed,online,2025-11-26,NO
2718,24286,64169,448.27,failed,online,2025-11-26,NO
1312,637,68977,1851.6,failed,online,2025-11-26,NO
1427,20271,69011,1663.83,failed,online,2025-11-26,NO
1,8639,69378,1305.92,completed,online,2025-11-26,NO
2213,48420,71980,1365.16,completed,online,2025-11-26,NO
2944,48324,72718,1593.77,completed,online,2025-11-26,NO
564,18728,75485,1557.69,completed,online,2025-11-26,NO
1,42373,77333,613.24,failed,online,2025-11-26,NO
2979,26403,79324,1557.74,completed,online,2025-11-26,NO
3408,15829,81334,410.64,failed,online,2025-11-26,NO
1523,42313,82442,1789.31,completed,online,2025-11-26,NO
742,27519,83794,442.22,completed,online,2025-11-26,NO
1,33082,87668,1066.27,completed,online,2025-11-26,NO
3339,43405,89171,418.27,failed,online,2025-11-26,NO
3248,43809,89253,542.18,failed,online,2025-11-26,NO
4126,46516,93040,210.04,failed,online,2025-11-26,NO
1,30211,93909,1543.57,failed,online,2025-11-26,NO
1,29786,98639,152.49,completed,online,2025-11-26,NO
402,35080,100095,495.39,failed,online,2025-11-26,NO
4276,22162,100466,276.35,completed,online,2025-11-26,NO
2808,45313,101307,1193.64,completed,online,2025-11-26,NO
668,22286,103515,1733.6,completed,online,2025-11-26,NO
4919,11596,105808,979.33,completed,online,2025-11-26,NO
2263,34555,108716,404.41,completed,online,2025-11-26,NO
4168,32160,108933,1436.98,completed,online,2025-11-26,NO
1676,15864,110192,966.04,failed,online,2025-11-26,NO
4726,30637,111770,273.44,failed,online,2025-11-26,NO
4548,24472,113766,1593.69,completed,online,2025-11-26,NO
3848,18056,115250,1086.95,completed,online,2025-11-26,NO
4377,38890,115754,1258.52,failed,online,2025-11-26,NO
2663,2751,117017,929.33,completed,online,2025-11-26,NO
1,3170,119836,1475.72,completed,online,2025-11-26,NO
650,15277,121298,551.56,failed,online,2025-11-26,NO
394,19923,122181,447.18,completed,online,2025-11-26,NO
43,43404,122781,1546.34,completed,online,2025-11-26,NO
4237,30781,123491,1436.7,failed,online,2025-11-26,NO
2739,47868,125496,1063.51,failed,online,2025-11-26,NO
4105,38569,127741,377.12,completed,online,2025-11-26,NO
1558,744,127778,738.87,completed,online,2025-11-26,NO
1915,35193,127872,1411.5,completed,online,2025-11-26,NO
1,1097,133124,1947.16,failed,online,2025-11-26,NO
446,27557,134777,177.75,failed,online,2025-11-26,NO
1918,47181,135777,719.59,failed,UNKNOWN,2025-11-26,NO
1,49334,136875,203.01,failed,online,2025-11-26,NO
1916,48772,138518,1235.06,completed,online,2025-11-26,NO
1313,19291,141874,409.97,completed,online,2025-11-26,NO
3296,7179,143585,708.33,completed,online,2025-11-26,NO
2597,20993,146500,1830.12,failed,online,2025-11-26,NO
3762,77,148207,1267.42,completed,online,2025-11-26,NO
530,45614,148577,1968.13,completed,online,2025-11-26,NO
3534,25733,2010,488.19,completed,online,2025-06-21,NO
3281,48610,4813,894.7,failed,online,2025-06-21,NO
1,7356,5939,29.0,failed,online,2025-06-21,NO
1,23430,5951,1103.4,failed,online,2025-06-21,NO
3909,42707,6484,323.45,completed,online,2025-06-21,NO
4238,27659,6679,1109.05,failed,online,2025-06-21,NO
1,43893,11914,1911.32,completed,online,2025-06-21,NO
2316,32605,12952,916.08,completed,online,2025-06-21,NO
1,42281,13183,507.58,completed,online,2025-06-21,NO
1864,6635,14007,1115.85,failed,online,2025-06-21,NO
2633,33911,14469,1017.07,failed,online,2025-06-21,NO
4853,1287,14621,1837.5,failed,online,2025-06-21,NO
810,48877,23277,1524.36,failed,online,2025-06-21,NO
373,39797,23741,137.75,failed,online,2025-06-21,NO
765,46324,24843,474.9,failed,online,2025-06-21,NO
3668,43968,25936,1261.91,completed,online,2025-06-21,NO
2926,39356,26878,897.46,failed,online,2025-06-21,NO
1562,23742,27492,1989.14,failed,online,2025-06-21,NO
2712,38389,29476,692.5,completed,online,2025-06-21,NO
1,26639,37982,9545.755271058275,failed,online,2025-06-21,NO
941,48041,39490,1248.41,completed,online,2025-06-21,NO
1880,37765,42891,1191.85,failed,online,2025-06-21,NO
1490,16720,43423,606.92,failed,online,2025-06-21,NO
1,41032,44768,1821.67,completed,online,2025-06-21,NO
401,8837,46312,1729.84,completed,online,2025-06-21,NO
1,7059,47164,896.84,failed,online,2025-06-21,NO
1399,22851,48054,339.35,failed,online,2025-06-21,NO
1584,5509,50178,1458.03,failed,online,2025-06-21,NO
1534,29983,50493,565.99,completed,online,2025-06-21,NO
3539,32735,52883,431.35,failed,online,2025-06-21,NO
1,19773,55977,1991.03,completed,online,2025-06-21,NO
166,8049,56948,1309.46,completed,online,2025-06-21,NO
4953,34627,56995,1717.6,failed,online,2025-06-21,NO
1,38402,61551,950.44,completed,online,2025-06-21,NO
621,47464,62592,545.51,failed,online,2025-06-21,NO
3040,27252,63921,690.08,failed,online,2025-06-21,NO
1,34970,66174,213.31,failed,online,2025-06-21,NO
1,46362,69600,196.74,failed,online,2025-06-21,NO
2327,12182,69709,335.91,failed,online,2025-06-21,NO
4152,12415,69854,949.25,completed,online,2025-06-21,NO
3474,8110,70466,1981.38,failed,online,2025-06-21,NO
1627,13129,71355,1899.69,completed,online,2025-06-21,NO
3538,12649,73668,137.14,completed,online,2025-06-21,NO
311,31371,76391,1082.73,completed,online,2025-06-21,NO
3072,33140,78749,1764.94,failed,online,2025-06-21,NO
3175,26889,80098,482.09,completed,online,2025-06-21,NO
2576,37635,82119,213.04,failed,online,2025-06-21,NO
4337,41271,82999,268.33,failed,online,2025-06-21,NO
1,31688,84008,1028.32,failed,online,2025-06-21,NO
3102,8819,87822,1674.02,completed,online,2025-06-21,NO
1,858,88218,1922.28,completed,online,2025-06-21,NO
3608,29116,88459,698.0,failed,online,2025-06-21,NO
1,39938,91492,1269.15,failed,online,2025-06-21,NO
4715,25985,93819,696.4,failed,online,2025-06-21,NO
3899,7962,95158,1417.14,completed,online,2025-06-21,NO
4129,26750,95178,6644.955527503208,failed,online,2025-06-21,NO
3518,14468,98054,699.95,failed,online,2025-06-21,NO
1999,13524,98669,791.27,failed,online,2025-06-21,NO
4106,12545,100684,1005.15,completed,online,2025-06-21,NO
2381,30106,101041,1206.16,completed,online,2025-06-21,NO
3770,44995,101195,1877.34,completed,online,2025-06-21,NO
2991,1177,103247,291.05,completed,online,2025-06-21,NO
2345,24503,105260,1421.95,completed,online,2025-06-21,NO
3390,32449,106612,1825.16,completed,online,2025-06-21,NO
425,24849,108287,569.02,failed,online,2025-06-21,NO
1,6921,113658,802.48,failed,online,2025-06-21,NO
3527,5568,114267,1116.39,completed,online,2025-06-21,NO
1,17368,115162,1244.57,completed,online,2025-06-21,NO
1,30009,117524,394.5,failed,online,2025-06-21,NO
935,35846,118330,1764.29,failed,online,2025-06-21,NO
1,1188,119991,105.71,completed,online,2025-06-21,NO
759,24122,121431,1608.9,completed,online,2025-06-21,NO
1316,36958,122362,691.9,completed,online,2025-06-21,NO
4220,28473,125274,446.41,completed,online,2025-06-21,NO
2838,38346,126005,586.82,completed,online,2025-06-21,NO
1,4911,129938,565.38,completed,online,2025-06-21,NO
897,2989,136452,1755.56,completed,online,2025-06-21,NO
1563,11665,136503,1950.42,failed,online,2025-06-21,NO
1,21468,139567,1685.39,failed,online,2025-06-21,NO
2245,22024,139613,343.18,failed,online,2025-06-21,NO
1453,22226,141539,1615.44,failed,online,2025-06-21,NO
219,10759,142071,821.83,completed,online,2025-06-21,NO
1,6105,143941,1717.17,failed,online,2025-06-21,NO
3163,5893,144276,1760.37,failed,online,2025-06-21,NO
4927,35497,146107,1799.24,failed,online,2025-06-21,NO
3643,6999,147082,62.1,completed,online,2025-06-21,NO
1665,46967,147446,8945.54563373451,completed,online,2025-06-21,NO
2944,18114,1031,116.19,failed,online,2025-09-24,NO
4026,25143,1771,294.17,failed,online,2025-09-24,NO
1,23826,3098,865.02,failed,online,2025-09-24,NO
3859,47438,3721,406.49,failed,online,2025-09-24,NO
695,1250,5708,488.59,failed,online,2025-09-24,NO
1025,1216,6891,1038.23,failed,online,2025-09-24,NO
3806,41203,10747,893.15,completed,online,2025-09-24,NO
4810,43237,10864,411.79,completed,online,2025-09-24,NO
1,26910,16264,1738.11,completed,online,2025-09-24,NO
1111,13105,18330,897.91,failed,online,2025-09-24,NO
3079,41472,19084,863.23,failed,online,2025-09-24,NO
1,22036,20904,509.51,completed,online,2025-09-24,NO
2226,31413,22244,1660.15,completed,online,2025-09-24,NO
3543,32741,23839,504.9,completed,online,2025-09-24,NO
2254,12622,30079,1812.48,failed,online,2025-09-24,NO
1,16907,31330,463.41,completed,online,2025-09-24,NO
2179,42361,35619,1489.94,completed,online,2025-09-24,NO
4924,30426,37349,722.91,failed,online,2025-09-24,NO
1340,44191,41725,1153.24,failed,online,2025-09-24,NO
2282,11158,41849,1249.93,completed,UNKNOWN,2025-09-24,NO
2168,25665,45857,269.09,completed,online,2025-09-24,NO
3064,37120,47399,488.68,completed,online,2025-09-24,NO
3617,19529,49476,1604.13,failed,online,2025-09-24,NO
1,25916,49992,124.86,completed,online,2025-09-24,NO
1250,35906,52275,199.42,completed,online,2025-09-24,NO
3582,25202,52562,1018.37,failed,online,2025-09-24,NO
4569,7998,52567,1756.01,completed,online,2025-09-24,NO
3321,887,53896,1507.51,completed,online,2025-09-24,NO
1,6981,55398,79.66,completed,online,2025-09-24,NO
430,25323,57884,1855.91,failed,online,2025-09-24,NO
3046,12533,59330,75.15,completed,online,2025-09-24,NO
4434,12544,60313,583.91,completed,online,2025-09-24,NO
1158,13698,60577,754.03,completed,online,2025-09-24,NO
922,28273,62172,335.43,completed,online,2025-09-24,NO
2573,4149,63434,301.72,completed,online,2025-09-24,NO
15,27811,63964,1656.47,failed,online,2025-09-24,NO
4776,27128,65901,1753.1,failed,online,2025-09-24,NO
1102,32288,67230,1435.52,failed,online,2025-09-24,NO
4719,25223,68265,890.25,completed,online,2025-09-24,NO
4206,3988,69582,967.84,failed,UNKNOWN,2025-09-24,NO
2512,8096,70249,8070.503806245651,completed,online,2025-09-24,NO
862,15824,70751,1758.66,failed,online,2025-09-24,NO
1,26276,72980,1282.03,completed,online,2025-09-24,NO
3900,30986,77317,1635.6,failed,online,2025-09-24,NO
1025,8884,78143,1921.89,completed,online,2025-09-24,NO
3777,14304,78637,254.93,completed,online,2025-09-24,NO
1308,1093,82957,1088.39,failed,online,2025-09-24,NO
2340,43421,86163,1176.34,failed,online,2025-09-24,NO
2781,17442,87135,844.14,completed,online,2025-09-24,NO
2536,40843,89696,1113.43,failed,online,2025-09-24,NO
711,41923,91983,592.03,completed,online,2025-09-24,NO
4095,4537,94240,614.09,failed,online,2025-09-24,NO
3655,2217,94952,1133.96,failed,online,2025-09-24,NO
35,41678,96327,387.74,completed,online,2025-09-24,NO
1,13794,97497,1134.39,completed,online,2025-09-24,NO
3541,43716,99097,1280.02,failed,online,2025-09-24,NO
3854,41673,99491,1698.03,completed,online,2025-09-24,NO
4474,460,100296,1309.11,completed,online,2025-09-24,NO
1,37864,102659,43.21,completed,online,2025-09-24,NO
1098,4754,103399,1924.92,failed,online,2025-09-24,NO
4885,765,104926,118.06,failed,online,2025-09-24,NO
4868,2891,106867,1931.91,completed,online,2025-09-24,NO
1930,19665,107754,637.07,failed,online,2025-09-24,NO
2640,2357,109050,293.42,completed,online,2025-09-24,NO
864,4815,110387,1503.38,completed,online,2025-09-24,NO
38,29236,113435,1332.84,completed,online,2025-09-24,NO
4352,30336,114045,858.16,completed,online,2025-09-24,NO
143,12191,114890,1398.42,completed,online,2025-09-24,NO
1,15203,115886,1849.05,failed,online,2025-09-24,NO
1616,32915,117968,528.36,completed,online,2025-09-24,NO
4952,30810,118223,1068.66,failed,online,2025-09-24,NO
4440,30762,128379,1586.51,failed,online,2025-09-24,NO
4081,29196,130175,482.69,failed,online,2025-09-24,NO
2269,12426,130933,18.63,failed,online,2025-09-24,NO
3115,36895,132882,77.01,failed,online,2025-09-24,NO
4503,49722,134175,1483.5,failed,online,2025-09-24,NO
3165,32658,135275,1776.36,failed,online,2025-09-24,NO
1051,1441,136545,719.02,failed,UNKNOWN,2025-09-24,NO
2434,11269,137095,1800.86,completed,online,2025-09-24,NO
1258,45037,137176,1015.58,completed,UNKNOWN,2025-09-24,NO
3759,38275,137282,1450.49,completed,online,2025-09-24,NO
1,30297,138300,1232.64,completed,online,2025-09-24,NO
4727,14771,141693,1876.19,completed,online,2025-09-24,NO
4296,39933,146089,1043.14,completed,online,2025-09-24,NO
3905,47269,146223,536.7,failed,online,2025-09-24,NO
4419,46636,147587,1312.1,completed,online,2025-09-24,NO
4918,46753,562,875.02,failed,online,2025-06-15,NO
3442,41146,783,1024.12,completed,online,2025-06-15,NO
1,24728,2140,910.74,completed,online,2025-06-15,NO
1,2953,2476,1877.86,failed,online,2025-06-15,NO
1464,43192,4213,103.51,completed,online,2025-06-15,NO
2287,2342,4671,1609.59,failed,online,2025-06-15,NO
1548,41501,5198,1919.8,completed,online,2025-06-15,NO
325,32827,6972,1412.86,completed,online,2025-06-15,NO
1,43746,8560,739.07,failed,online,2025-06-15,NO
3705,25420,9563,938.16,failed,online,2025-06-15,NO
3486,24148,10515,1546.2,completed,online,2025-06-15,NO
3714,1069,13817,1009.25,failed,online,2025-06-15,NO
3313,39771,16222,1435.14,completed,online,2025-06-15,NO
478,6082,17439,1209.53,failed,UNKNOWN,2025-06-15,NO
4093,29211,18206,1590.69,failed,online,2025-06-15,NO
4236,14276,26793,97.65,failed,online,2025-06-15,NO
2695,43685,27844,1618.8,completed,online,2025-06-15,NO
1,25159,28149,1695.23,completed,online,2025-06-15,NO
1,10359,28292,684.19,failed,online,2025-06-15,NO
3751,24319,31205,1596.61,failed,online,2025-06-15,NO
4319,20316,32252,1192.92,failed,online,2025-06-15,NO
2261,15782,33652,549.4,completed,online,2025-06-15,NO
472,28061,37560,543.32,completed,online,2025-06-15,NO
1,12752,39200,1933.85,completed,online,2025-06-15,NO
3239,22823,39813,387.16,failed,online,2025-06-15,NO
638,10385,39902,1961.74,failed,online,2025-06-15,NO
4189,27754,47199,825.49,completed,online,2025-06-15,NO
4388,8475,49502,1166.28,failed,online,2025-06-15,NO
353,47500,50246,1759.4,completed,online,2025-06-15,NO
1987,24976,51532,179.16,completed,online,2025-06-15,NO
1034,19580,52193,1434.72,completed,online,2025-06-15,NO
4671,22638,52393,745.15,failed,online,2025-06-15,NO
3717,20798,53480,435.51,completed,online,2025-06-15,NO
676,5446,55874,675.58,completed,online,2025-06-15,NO
1399,31204,55878,1779.76,failed,online,2025-06-15,NO
2186,31025,56284,726.79,completed,online,2025-06-15,NO
4510,36723,57674,181.45,completed,online,2025-06-15,NO
3521,26865,57836,1042.05,completed,online,2025-06-15,NO
1,11354,59973,1597.48,failed,online,2025-06-15,NO
1,17349,60052,904.72,failed,online,2025-06-15,NO
1,39974,60349,1788.57,failed,online,2025-06-15,NO
4666,21021,60351,1848.34,completed,online,2025-06-15,NO
2438,15625,60813,1284.83,failed,online,2025-06-15,NO
344,5120,60990,1046.6,completed,online,2025-06-15,NO
3338,38376,62039,141.32,completed,online,2025-06-15,NO
2318,32542,62480,1122.08,completed,online,2025-06-15,NO
2813,16592,62988,1622.81,completed,online,2025-06-15,NO
308,37191,64793,1120.79,failed,online,2025-06-15,NO
1,16877,70783,1021.04,failed,online,2025-06-15,NO
283,14588,73183,1930.91,completed,online,2025-06-15,NO
4341,48854,74637,1483.99,completed,online,2025-06-15,NO
1,47599,75075,1637.13,failed,online,2025-06-15,NO
4216,17253,81552,642.56,failed,online,2025-06-15,NO
1,49827,88552,404.67,completed,online,2025-06-15,NO
2329,40740,91364,628.48,completed,online,2025-06-15,NO
1,8737,91729,212.34,completed,online,2025-06-15,NO
2404,16107,92246,1420.83,completed,online,2025-06-15,NO
2464,22967,96022,1632.09,completed,online,2025-06-15,NO
3552,35301,97889,891.59,failed,online,2025-06-15,NO
1,45171,97903,1763.97,failed,online,2025-06-15,NO
2703,11268,98568,1707.93,failed,online,2025-06-15,NO
1,41651,99227,193.92,failed,online,2025-06-15,NO
379,24310,103483,1193.05,failed,online,2025-06-15,NO
809,10378,109993,235.91,failed,online,2025-06-15,NO
2580,1034,110091,977.9,completed,online,2025-06-15,NO
1,24884,110985,783.2,failed,online,2025-06-15,NO
1419,15755,114043,1536.88,failed,online,2025-06-15,NO
1628,43591,119347,873.87,completed,online,2025-06-15,NO
3623,42883,119835,1759.64,completed,online,2025-06-15,NO
1815,8864,121124,1083.23,failed,online,2025-06-15,NO
1,15454,124614,1402.38,completed,online,2025-06-15,NO
136,9266,126134,823.51,failed,online,2025-06-15,NO
707,49271,126538,716.15,completed,online,2025-06-15,NO
1,6611,127368,14.32,completed,online,2025-06-15,NO
1518,40189,129247,1291.84,completed,online,2025-06-15,NO
3116,4472,129330,1651.26,completed,online,2025-06-15,NO
2218,30215,130890,1512.21,failed,online,2025-06-15,NO
477,4834,133390,100.57,completed,online,2025-06-15,NO
1086,24775,134671,1790.62,completed,online,2025-06-15,NO
1262,28172,139239,264.9,completed,online,2025-06-15,NO
1652,30812,140646,624.93,failed,online,2025-06-15,NO
1389,22233,141746,1823.4,completed,online,2025-06-15,NO
2432,32409,144203,1203.64,failed,online,2025-06-15,NO
1,27327,145026,1562.98,completed,online,2025-06-15,NO
113,48718,145268,998.56,completed,online,2025-06-15,NO
241,13741,146101,341.51,failed,online,2025-06-15,NO
1143,45556,149324,250.2,failed,online,2025-06-15,NO
602,46713,2247,554.83,failed,online,2025-11-05,NO
1,23331,4153,350.26,completed,online,2025-11-05,NO
3765,38567,4182,266.68,failed,online,2025-11-05,NO
1895,49541,6300,1740.46,completed,online,2025-11-05,NO
1,34566,7711,1188.82,completed,online,2025-11-05,NO
558,17336,8051,72.19,failed,online,2025-11-05,NO
3097,34213,8473,1894.06,completed,online,2025-11-05,NO
4763,11293,8526,339.73,failed,online,2025-11-05,NO
2832,36685,8721,679.68,completed,online,2025-11-05,NO
981,45121,8961,974.97,failed,online,2025-11-05,NO
1076,28577,11445,111.34,failed,online,2025-11-05,NO
1292,48124,11547,1149.24,completed,online,2025-11-05,NO
3758,23730,15950,1359.46,failed,online,2025-11-05,NO
723,486,24348,691.99,failed,online,2025-11-05,NO
178,5269,26539,1211.1,completed,online,2025-11-05,NO
376,30634,26754,1209.45,completed,online,2025-11-05,NO
1,31049,27632,7828.208841312924,completed,online,2025-11-05,NO
2894,26222,30586,65.55,failed,online,2025-11-05,NO
1,6592,32284,1860.62,failed,online,2025-11-05,NO
1760,29527,35015,1345.22,completed,online,2025-11-05,NO
298,25019,36147,916.8,failed,online,2025-11-05,NO
4269,42428,36226,1093.54,failed,online,2025-11-05,NO
1,32536,36659,466.72,completed,online,2025-11-05,NO
1,27354,37037,1315.49,completed,online,2025-11-05,NO
1823,31885,39817,1082.41,failed,online,2025-11-05,NO
978,521,40321,9569.790592051002,completed,online,2025-11-05,NO
3694,45686,40952,875.39,failed,online,2025-11-05,NO
1,48356,48015,569.58,failed,online,2025-11-05,NO
1,9950,49570,603.86,failed,online,2025-11-05,NO
4540,32442,51209,759.21,completed,online,2025-11-05,NO
1737,19256,51376,362.48,failed,online,2025-11-05,NO
2540,38045,53095,1233.74,completed,online,2025-11-05,NO
2626,48771,54610,692.85,failed,online,2025-11-05,NO
1525,24881,55539,1297.67,completed,online,2025-11-05,NO
3194,49530,63271,716.58,failed,online,2025-11-05,NO
1880,1080,67550,1773.49,failed,online,2025-11-05,NO
4936,46353,67818,931.18,completed,online,2025-11-05,NO
1,47969,70425,901.1,completed,online,2025-11-05,NO
1575,4642,70912,934.49,failed,online,2025-11-05,NO
599,41011,72433,1972.87,completed,online,2025-11-05,NO
738,17935,72681,434.99,failed,online,2025-11-05,NO
1570,15648,74853,854.44,failed,online,2025-11-05,NO
1795,13147,83723,12.58,failed,online,2025-11-05,NO
1,9352,84508,1002.54,failed,online,2025-11-05,NO
3893,45061,91655,1387.14,failed,online,2025-11-05,NO
2822,18805,94003,810.48,completed,UNKNOWN,2025-11-05,NO
1848,15592,94417,1907.93,completed,online,2025-11-05,NO
609,39569,96672,202.67,completed,online,2025-11-05,NO
726,8332,98642,1201.33,completed,online,2025-11-05,NO
1,11904,98932,565.04,completed,online,2025-11-05,NO
1,25282,98962,1742.1,completed,online,2025-11-05,NO
3520,26927,101496,313.49,completed,online,2025-11-05,NO
105,34492,101935,1479.72,failed,online,2025-11-05,NO
1,15764,102569,470.32,completed,online,2025-11-05,NO
1,34887,108778,427.2,failed,online,2025-11-05,NO
4116,3371,109740,1091.56,completed,online,2025-11-05,NO
4614,11765,110415,351.04,completed,online,2025-11-05,NO
4029,17859,110849,1682.37,failed,online,2025-11-05,NO
2563,28344,111095,647.67,completed,online,2025-11-05,NO
1,7934,111793,1271.75,failed,online,2025-11-05,NO
590,24617,112044,33.89,completed,online,2025-11-05,NO
454,7858,113469,928.96,completed,online,2025-11-05,NO
1,28174,116069,1810.84,completed,online,2025-11-05,NO
4222,21056,116786,1900.0,failed,online,2025-11-05,NO
1,27801,120818,305.64,failed,UNKNOWN,2025-11-05,NO
3121,44662,121286,1275.59,failed,online,2025-11-05,NO
3554,25164,121360,1440.04,failed,online,2025-11-05,NO
1621,26913,125313,1909.26,completed,online,2025-11-05,NO
2513,44851,126241,1694.45,failed,online,2025-11-05,NO
1168,1525,126658,50.63,completed,online,2025-11-05,NO
1,28339,128059,935.71,failed,online,2025-11-05,NO
2578,8666,128979,1356.31,failed,online,2025-11-05,NO
980,20107,129256,1193.81,failed,online,2025-11-05,NO
455,38293,130156,1216.01,failed,online,2025-11-05,NO
1,40341,130597,1332.05,failed,online,2025-11-05,NO
3887,11146,131628,1493.05,completed,UNKNOWN,2025-11-05,NO
4490,18525,136501,96.36,completed,online,2025-11-05,NO
3330,32440,136965,29.19,failed,online,2025-11-05,NO
1467,21293,139876,118.2,completed,online,2025-11-05,NO
3319,27103,140849,1775.95,failed,online,2025-11-05,NO
1,35418,141557,78.28,completed,online,2025-11-05,NO
1,26683,141809,534.16,completed,online,2025-11-05,NO
1853,31737,142043,648.4,failed,online,2025-11-05,NO
4601,25248,143196,828.17,failed,online,2025-11-05,NO
2564,44005,143239,924.61,failed,online,2025-11-05,NO
4257,25962,143384,1372.11,completed,online,2025-11-05,NO
1196,33643,147841,1051.7,completed,online,2025-11-05,NO
674,32651,545,1274.08,failed,online,2025-12-28,NO
1,36871,3249,187.61,completed,online,2025-12-28,NO
1,16844,3871,1260.37,completed,online,2025-12-28,NO
447,38173,6333,1819.96,completed,online,2025-12-28,NO
1049,14690,10289,1143.59,completed,online,2025-12-28,NO
1,49608,12062,769.81,completed,online,2025-12-28,NO
4181,29848,13247,346.14,failed,online,2025-12-28,NO
4088,42828,15652,1254.19,failed,online,2025-12-28,NO
4025,12967,21036,1059.74,failed,online,2025-12-28,NO
2767,8919,24000,1730.32,completed,online,2025-12-28,NO
2835,43833,24574,56.77,failed,online,2025-12-28,NO
2024,11980,25115,619.48,failed,online,2025-12-28,NO
1,28912,31624,928.9,completed,online,2025-12-28,NO
3417,22353,32301,1797.9,completed,online,2025-12-28,NO
2652,20370,32827,324.08,failed,online,2025-12-28,NO
4146,22991,37737,1706.91,completed,online,2025-12-28,NO
1174,48363,37850,645.84,completed,online,2025-12-28,NO
3100,18977,38365,817.14,failed,online,2025-12-28,NO
2236,14145,42322,1138.73,completed,online,2025-12-28,NO
326,14458,43129,47.65,failed,online,2025-12-28,NO
1102,3981,46039,468.93,failed,online,2025-12-28,NO
1150,487,47327,1592.46,failed,online,2025-12-28,NO
3402,18649,49113,267.19,failed,online,2025-12-28,NO
928,4664,49765,1854.75,failed,online,2025-12-28,NO
4722,25373,50591,1690.23,completed,online,2025-12-28,NO
2501,49205,51708,1876.47,completed,online,2025-12-28,NO
1,27263,52963,703.95,completed,online,2025-12-28,NO
4383,25857,53575,1630.62,completed,online,2025-12-28,NO
1441,40455,54869,85.55,completed,online,2025-12-28,NO
4105,25202,59642,714.5,completed,online,2025-12-28,NO
1113,8662,60697,1070.56,failed,online,2025-12-28,NO
4396,35794,60750,229.57,completed,online,2025-12-28,NO
4778,20499,61333,1145.53,failed,online,2025-12-28,NO
4440,1223,61814,280.59,failed,online,2025-12-28,NO
1522,5151,64992,304.87,completed,online,2025-12-28,NO
1,33006,71197,105.47,completed,online,2025-12-28,NO
1493,31942,74197,1187.54,failed,online,2025-12-28,NO
391,12668,77482,911.14,completed,online,2025-12-28,NO
2172,20060,77565,1542.28,completed,online,2025-12-28,NO
4144,46227,77908,100.75,completed,online,2025-12-28,NO
2088,27910,79038,912.5,failed,online,2025-12-28,NO
1007,25208,80138,327.17,completed,online,2025-12-28,NO
1,14862,81100,1791.32,completed,online,2025-12-28,NO
4270,1945,87171,1293.81,completed,online,2025-12-28,NO
328,35719,89114,166.43,failed,online,2025-12-28,NO
1,4330,89215,1768.84,failed,online,2025-12-28,NO
3265,19554,90133,994.16,failed,online,2025-12-28,NO
1673,30956,91076,929.52,failed,online,2025-12-28,NO
1,3509,96699,717.92,failed,online,2025-12-28,NO
3545,48734,96800,1472.9,failed,online,2025-12-28,NO
1150,9465,99875,1034.7,completed,online,2025-12-28,NO
4103,3345,100023,511.75,completed,online,2025-12-28,NO
1460,39922,100191,867.43,completed,online,2025-12-28,NO
1397,9067,100193,731.51,failed,online,2025-12-28,NO
954,24183,102205,1405.91,completed,online,2025-12-28,NO
963,538,103427,1371.89,failed,online,2025-12-28,NO
4907,32459,104025,1531.04,completed,online,2025-12-28,NO
2494,42158,106686,880.37,failed,online,2025-12-28,NO
74,11323,107897,1850.69,completed,online,2025-12-28,NO
1,13039,109156,1878.3,failed,online,2025-12-28,NO
2009,46398,110418,793.47,failed,online,2025-12-28,NO
1606,24356,111555,249.21,failed,online,2025-12-28,NO
4015,19104,112393,936.66,completed,online,2025-12-28,NO
1,6394,115549,211.69,completed,online,2025-12-28,NO
1,21748,115957,1105.06,failed,online,2025-12-28,NO
310,41258,116033,247.07,failed,online,2025-12-28,NO
1,10874,123138,1480.86,completed,online,2025-12-28,NO
3971,9419,123332,716.38,completed,online,2025-12-28,NO
1,26369,123385,1667.34,failed,online,2025-12-28,NO
2829,15708,123739,613.19,failed,online,2025-12-28,NO
2378,17559,124659,1269.76,failed,online,2025-12-28,NO
1,16447,125893,523.24,completed,online,2025-12-28,NO
3624,36645,125921,1598.89,failed,online,2025-12-28,NO
2516,48606,126243,718.89,completed,online,2025-12-28,NO
532,3460,127221,793.24,failed,online,2025-12-28,NO
1,23683,128810,1669.82,completed,online,2025-12-28,NO
1,11305,129660,961.17,completed,online,2025-12-28,NO
1454,33058,130382,835.59,failed,online,2025-12-28,NO
1185,7965,130672,739.42,failed,online,2025-12-28,NO
1,2427,133328,1302.53,completed,online,2025-12-28,NO
4619,27573,133736,873.21,failed,online,2025-12-28,NO
1942,30637,135121,1586.24,failed,online,2025-12-28,NO
4516,41162,137374,811.46,completed,online,2025-12-28,NO
3639,40160,139839,352.08,completed,online,2025-12-28,NO
809,17619,146228,596.87,completed,online,2025-12-28,NO
2590,44844,148194,1373.38,failed,online,2025-12-28,NO
1149,40268,149701,1573.8,failed,online,2025-12-28,NO
1182,31001,3669,1990.95,completed,online,2025-08-25,NO
4295,26109,5651,1007.28,failed,online,2025-08-25,NO
2313,15940,6866,163.14,completed,online,2025-08-25,NO
1666,44177,8650,1528.25,failed,online,2025-08-25,NO
1,16300,9769,393.96,completed,online,2025-08-25,NO
1989,43596,9879,445.99,failed,online,2025-08-25,NO
1397,9417,10006,1202.93,failed,online,2025-08-25,NO
97,4227,10410,1842.45,failed,online,2025-08-25,NO
1931,7498,10487,1023.82,failed,online,2025-08-25,NO
4175,10155,10776,104.37,failed,online,2025-08-25,NO
2934,23614,12184,799.85,completed,online,2025-08-25,NO
278,31116,12287,1333.94,failed,online,2025-08-25,NO
3762,23931,16289,838.44,completed,online,2025-08-25,NO
3544,18964,19589,887.65,failed,online,2025-08-25,NO
4647,22273,20613,900.46,completed,online,2025-08-25,NO
533,46269,22064,1010.38,completed,online,2025-08-25,NO
2284,379,24458,1619.89,completed,online,2025-08-25,NO
3746,20754,27050,582.64,completed,online,2025-08-25,NO
1,26839,27182,1336.13,failed,online,2025-08-25,NO
4919,48957,28124,1270.55,failed,online,2025-08-25,NO
4027,23453,28945,1224.21,completed,online,2025-08-25,NO
2578,25227,31912,954.95,completed,online,2025-08-25,NO
1697,15178,32217,1025.0,completed,online,2025-08-25,NO
3356,376,33725,1922.6,failed,online,2025-08-25,NO
1019,3027,35079,1173.95,completed,online,2025-08-25,NO
1,306,35184,545.1,failed,online,2025-08-25,NO
4247,8573,35567,1173.21,failed,online,2025-08-25,NO
1,24797,35752,829.1,completed,online,2025-08-25,NO
1,18566,36990,1431.66,completed,online,2025-08-25,NO
4061,13105,38851,1768.57,failed,online,2025-08-25,NO
1,35595,38975,556.29,failed,online,2025-08-25,NO
4634,7172,39646,685.12,completed,online,2025-08-25,NO
1876,29890,47268,1150.2,completed,online,2025-08-25,NO
4646,1438,49447,1480.3,failed,online,2025-08-25,NO
15,20878,50284,244.79,completed,online,2025-08-25,NO
1086,38528,53996,1083.23,completed,online,2025-08-25,NO
1,26142,56716,1320.07,failed,online,2025-08-25,NO
1,33332,59117,1549.57,completed,online,2025-08-25,NO
3254,29784,61155,554.76,completed,online,2025-08-25,NO
635,38378,61413,1368.68,failed,online,2025-08-25,NO
4838,41595,62263,1497.37,failed,UNKNOWN,2025-08-25,NO
827,29857,64688,1106.42,completed,online,2025-08-25,NO
1,34781,65787,437.23,completed,online,2025-08-25,NO
1,19572,66792,855.43,completed,online,2025-08-25,NO
3892,11166,67964,1410.76,failed,online,2025-08-25,NO
1256,35295,74198,963.06,completed,online,2025-08-25,NO
1,13130,75705,86.7,completed,online,2025-08-25,NO
3805,39234,76428,1263.88,completed,online,2025-08-25,NO
1,23294,78450,357.44,failed,online,2025-08-25,NO
2783,19459,78512,298.05,completed,online,2025-08-25,NO
1,48200,79952,706.16,failed,online,2025-08-25,NO
2879,43744,81247,1367.15,failed,online,2025-08-25,NO
4451,10196,85641,806.49,failed,online,2025-08-25,NO
4478,13440,87224,1560.17,failed,online,2025-08-25,NO
2032,43129,87833,1690.48,failed,online,2025-08-25,NO
2420,19270,88778,1872.4,failed,online,2025-08-25,NO
4046,18842,89166,464.09,failed,online,2025-08-25,NO
2348,4191,93343,1898.42,failed,online,2025-08-25,NO
3577,26896,93751,1163.5,failed,online,2025-08-25,NO
3996,12130,93905,1062.61,failed,online,2025-08-25,NO
252,47851,95668,1254.36,failed,online,2025-08-25,NO
1003,30421,95826,806.32,failed,online,2025-08-25,NO
1,45754,96870,1726.01,completed,online,2025-08-25,NO
1182,16295,99280,1233.24,completed,online,2025-08-25,NO
1,30804,101872,30.15,failed,online,2025-08-25,NO
2027,26742,105345,706.61,completed,online,2025-08-25,NO
1,6345,106803,1418.65,failed,online,2025-08-25,NO
2920,34198,112727,479.78,failed,online,2025-08-25,NO
4054,31774,114101,800.81,failed,online,2025-08-25,NO
4386,24726,115556,486.05,failed,online,2025-08-25,NO
3362,16767,116859,5620.974270883778,completed,UNKNOWN,2025-08-25,NO
1,17816,117902,1964.45,failed,online,2025-08-25,NO
2768,25384,118888,1812.79,completed,online,2025-08-25,NO
4550,49664,119674,576.55,completed,online,2025-08-25,NO
1,7382,120347,1372.35,completed,online,2025-08-25,NO
2868,5355,121600,1712.59,failed,online,2025-08-25,NO
2443,23919,121842,289.67,failed,online,2025-08-25,NO
3843,26547,123573,1030.98,failed,online,2025-08-25,NO
3726,3904,124516,1819.29,completed,online,2025-08-25,NO
1270,3767,126487,1410.2,failed,online,2025-08-25,NO
4935,20083,127338,1480.38,failed,online,2025-08-25,NO
4218,46590,134317,606.47,completed,online,2025-08-25,NO
2092,35461,135167,1541.43,failed,online,2025-08-25,NO
1,12910,140294,6639.2344261494545,completed,online,2025-08-25,NO
1,1646,143068,292.92,failed,online,2025-08-25,NO
3032,17756,149062,833.54,failed,online,2025-08-25,NO
1698,47423,149765,1832.9,failed,online,2025-08-25,NO
1513,22690,1594,1827.25,failed,online,2025-03-17,NO
1441,10710,1598,884.86,failed,online,2025-03-17,NO
4943,30551,3426,1935.13,completed,online,2025-03-17,NO
79,15187,4885,1657.15,failed,online,2025-03-17,NO
3838,11792,5052,1813.01,completed,online,2025-03-17,NO
1180,22535,7515,627.89,failed,online,2025-03-17,NO
1,5318,11038,1010.22,failed,online,2025-03-17,NO
2143,17885,13843,1090.28,completed,online,2025-03-17,NO
376,41922,17725,1220.92,completed,online,2025-03-17,NO
1968,34460,18078,1325.41,failed,online,2025-03-17,NO
3826,10733,21339,1949.53,completed,online,2025-03-17,NO
2836,36786,21461,989.06,failed,online,2025-03-17,NO
4261,18672,21502,669.29,completed,online,2025-03-17,NO
2010,43793,25363,1609.34,completed,online,2025-03-17,NO
1,18875,25604,152.12,completed,online,2025-03-17,NO
1,41386,27700,234.0,failed,online,2025-03-17,NO
3587,24195,27812,1032.4,completed,online,2025-03-17,NO
2986,39274,28769,892.17,completed,online,2025-03-17,NO
1,22988,29528,611.4,failed,online,2025-03-17,NO
1,16851,32298,358.21,failed,online,2025-03-17,NO
483,18862,33833,907.74,completed,online,2025-03-17,NO
3692,43667,35186,130.38,failed,online,2025-03-17,NO
1,48074,38388,1598.92,completed,online,2025-03-17,NO
2353,46273,38864,545.46,completed,online,2025-03-17,NO
1237,33467,42512,270.65,completed,online,2025-03-17,NO
2692,19853,43914,1342.47,completed,online,2025-03-17,NO
195,31874,46231,1671.74,failed,online,2025-03-17,NO
1948,37667,46649,1889.65,completed,online,2025-03-17,NO
1,6144,49603,130.78,completed,online,2025-03-17,NO
261,3909,51263,1956.88,failed,online,2025-03-17,NO
2766,19484,52367,1231.05,failed,online,2025-03-17,NO
4041,13678,56098,1935.92,failed,online,2025-03-17,NO
4871,28474,65059,1396.08,failed,online,2025-03-17,NO
1,45102,67950,982.11,failed,online,2025-03-17,NO
572,10673,68447,1416.72,failed,online,2025-03-17,NO
3573,47258,68970,1734.28,failed,online,2025-03-17,NO
3951,38743,69255,1602.0,failed,online,2025-03-17,NO
4633,2873,69628,1923.75,failed,online,2025-03-17,NO
4076,26056,71410,842.33,completed,online,2025-03-17,NO
158,3702,77469,207.35,failed,online,2025-03-17,NO
3174,12380,79230,1781.45,failed,online,2025-03-17,NO
2950,16085,79705,468.03,failed,online,2025-03-17,NO
2990,8338,81295,324.71,completed,online,2025-03-17,NO
1,31501,82614,496.51,completed,online,2025-03-17,NO
1963,43316,83170,833.96,failed,online,2025-03-17,NO
1989,49980,83187,967.44,failed,online,2025-03-17,NO
1230,773,83783,542.85,completed,online,2025-03-17,NO
328,659,84961,852.35,failed,online,2025-03-17,NO
1703,11487,86312,898.24,failed,online,2025-03-17,NO
2912,39069,86619,1792.06,completed,online,2025-03-17,NO
3780,6394,87080,1648.95,completed,online,2025-03-17,NO
1,47382,87117,936.07,completed,online,2025-03-17,NO
1798,22682,87907,1592.26,completed,online,2025-03-17,NO
4593,43511,90139,411.41,completed,online,2025-03-17,NO
683,33975,90962,1592.69,completed,online,2025-03-17,NO
2566,21303,92894,1882.48,completed,online,2025-03-17,NO
2321,7164,93036,1774.52,failed,online,2025-03-17,NO
517,36609,97221,936.09,completed,online,2025-03-17,NO
4621,16552,98228,489.33,completed,online,2025-03-17,NO
3476,33498,98422,17.43,failed,online,2025-03-17,NO
2666,28845,99473,792.2,completed,online,2025-03-17,NO
4041,29779,100214,1759.51,failed,online,2025-03-17,NO
1,14738,103159,1693.76,completed,online,2025-03-17,NO
1,35419,103333,994.96,completed,online,2025-03-17,NO
548,28373,104753,1160.98,failed,online,2025-03-17,NO
2257,22189,105588,282.4,failed,online,2025-03-17,NO
574,46802,106696,234.81,failed,online,2025-03-17,NO
2324,4279,109661,1331.26,failed,online,2025-03-17,NO
2079,26262,110650,1666.09,completed,online,2025-03-17,NO
4941,24146,114642,643.33,completed,online,2025-03-17,NO
1,14917,114744,1318.12,failed,online,2025-03-17,NO
3268,22157,116856,1208.05,failed,online,2025-03-17,NO
279,22051,117021,1402.65,completed,online,2025-03-17,NO
1,37264,118305,1175.87,failed,online,2025-03-17,NO
3931,19603,121937,1132.51,failed,online,2025-03-17,NO
3161,14910,122541,1623.0,completed,online,2025-03-17,NO
2528,39389,122607,917.66,completed,online,2025-03-17,NO
1,33352,125842,1430.92,completed,online,2025-03-17,NO
1,4824,126901,355.42,completed,online,2025-03-17,NO
1003,18544,127113,107.59,failed,online,2025-03-17,NO
2251,32137,128057,1836.2,completed,online,2025-03-17,NO
3758,30011,128409,1960.16,failed,online,2025-03-17,NO
4643,20287,129759,818.46,failed,online,2025-03-17,NO
1490,40057,131418,220.57,failed,online,2025-03-17,NO
1012,15809,136470,1283.64,failed,online,2025-03-17,NO
3574,10460,139657,1876.1,failed,online,2025-03-17,NO
4811,41353,144343,971.5,failed,online,2025-03-17,NO
2022,49372,2874,369.83,completed,online,2025-07-27,NO
1142,23820,2971,1011.14,failed,online,2025-07-27,NO
4923,2587,9193,321.91,completed,online,2025-07-27,NO
1,28929,9474,730.68,completed,online,2025-07-27,NO
1,10681,9597,476.29,completed,online,2025-07-27,NO
1559,44423,10094,849.75,completed,online,2025-07-27,NO
2277,4957,15727,863.17,failed,online,2025-07-27,NO
139,49625,16688,1081.09,completed,online,2025-07-27,NO
2728,15494,17253,404.12,failed,online,2025-07-27,NO
911,16110,17950,1353.68,failed,online,2025-07-27,NO
1736,24182,18060,450.05,failed,online,2025-07-27,NO
2756,21085,20452,1941.07,failed,online,2025-07-27,NO
2665,4804,20628,1434.61,failed,online,2025-07-27,NO
3766,40861,21872,285.75,completed,online,2025-07-27,NO
4880,39133,22089,1174.78,failed,online,2025-07-27,NO
463,25478,22177,1769.21,completed,online,2025-07-27,NO
2626,28022,22185,1650.34,failed,online,2025-07-27,NO
2519,43764,26434,1073.72,completed,online,2025-07-27,NO
1,22344,27476,24.18,failed,online,2025-07-27,NO
926,21632,29633,44.16,completed,online,2025-07-27,NO
4344,39642,30590,1690.17,completed,online,2025-07-27,NO
1852,13758,33189,315.7,completed,online,2025-07-27,NO
1,8932,33552,877.32,completed,online,2025-07-27,NO
2061,26805,33689,1391.61,failed,online,2025-07-27,NO
2054,11447,34336,851.71,completed,online,2025-07-27,NO
1,8839,37283,1889.04,completed,online,2025-07-27,NO
3477,76,39174,1624.01,completed,online,2025-07-27,NO
1,28889,44123,288.4,failed,online,2025-07-27,NO
589,21070,45468,751.07,failed,online,2025-07-27,NO
919,47165,52864,1049.72,completed,online,2025-07-27,NO
2457,6750,53538,1308.81,failed,online,2025-07-27,NO
2766,8555,56245,328.67,failed,online,2025-07-27,NO
155,41458,56433,24.73,failed,online,2025-07-27,NO
2915,37593,60306,1923.24,completed,online,2025-07-27,NO
2754,42720,61700,1618.22,completed,online,2025-07-27,NO
3002,48741,62215,585.04,failed,online,2025-07-27,NO
816,4984,63148,1521.31,failed,online,2025-07-27,NO
135,1941,66766,923.44,failed,online,2025-07-27,NO
2106,14400,67654,1059.08,completed,online,2025-07-27,NO
4075,8728,69914,864.27,completed,online,2025-07-27,NO
285,22198,71281,225.69,completed,online,2025-07-27,NO
4842,42472,73922,287.63,completed,online,2025-07-27,NO
4464,1743,73990,1620.42,completed,online,2025-07-27,NO
4193,7713,74910,921.79,completed,online,2025-07-27,NO
1,28097,76543,1129.88,failed,online,2025-07-27,NO
3660,37168,77390,328.8,failed,online,2025-07-27,NO
2537,25091,80960,903.54,failed,online,2025-07-27,NO
4926,20403,81099,160.07,completed,online,2025-07-27,NO
3453,35662,83613,126.09,completed,online,2025-07-27,NO
4724,49119,86459,687.14,completed,online,2025-07-27,NO
2091,17040,89072,517.63,failed,online,2025-07-27,NO
3113,35109,91548,914.75,failed,online,2025-07-27,NO
1,25656,92387,761.54,completed,online,2025-07-27,NO
124,10125,93754,513.51,completed,online,2025-07-27,NO
3302,19449,96916,1273.36,failed,online,2025-07-27,NO
2896,15841,97293,1954.9,failed,online,2025-07-27,NO
1,41987,97646,1315.97,completed,online,2025-07-27,NO
1,33398,98578,1566.38,failed,online,2025-07-27,NO
359,2710,99845,1590.48,completed,online,2025-07-27,NO
1218,37727,100244,1330.33,failed,online,2025-07-27,NO
3835,29380,100247,950.25,completed,online,2025-07-27,NO
1,24525,101077,1492.71,completed,online,2025-07-27,NO
1,21280,103128,307.46,failed,online,2025-07-27,NO
651,44928,105179,1916.23,failed,online,2025-07-27,NO
3841,29294,106053,1149.57,failed,online,2025-07-27,NO
2904,38185,106393,1573.25,completed,online,2025-07-27,NO
1,32278,106801,45.07,failed,online,2025-07-27,NO
2751,13383,108404,916.43,completed,online,2025-07-27,NO
3440,13489,114188,812.44,completed,online,2025-07-27,NO
1,39372,121393,1651.63,completed,online,2025-07-27,NO
4885,22275,122198,1437.35,failed,online,2025-07-27,NO
999,22587,124139,1496.63,failed,online,2025-07-27,NO
2350,21860,124493,65.56,completed,online,2025-07-27,NO
1,12336,124760,1126.02,completed,online,2025-07-27,NO
3945,6409,125289,1761.01,failed,online,2025-07-27,NO
4843,45524,129794,1386.99,completed,online,2025-07-27,NO
4486,25329,130050,237.7,failed,online,2025-07-27,NO
4323,20659,130903,803.77,completed,online,2025-07-27,NO
1099,25982,135226,1967.23,completed,online,2025-07-27,NO
234,17077,135860,1039.0,failed,online,2025-07-27,NO
1066,3047,136607,736.3,failed,online,2025-07-27,NO
4381,701,137235,1881.63,completed,online,2025-07-27,NO
1,27816,137991,314.23,completed,online,2025-07-27,NO
2279,4229,138805,220.11,completed,online,2025-07-27,NO
1476,421,139167,964.63,failed,online,2025-07-27,NO
1,39426,139737,1455.26,failed,online,2025-07-27,NO
484,16328,145399,1377.17,failed,online,2025-07-27,NO
642,18213,1304,75.45,failed,online,2025-02-06,NO
3235,30881,2885,265.39,failed,online,2025-02-06,NO
191,48035,4681,1969.64,failed,online,2025-02-06,NO
3283,31193,7739,1970.65,failed,online,2025-02-06,NO
3533,42345,8088,1730.62,completed,online,2025-02-06,NO
1103,44415,13621,1214.89,failed,online,2025-02-06,NO
1,41898,15786,762.3,completed,online,2025-02-06,NO
3385,49127,16122,673.55,completed,online,2025-02-06,NO
4942,24936,17742,1070.51,completed,online,2025-02-06,NO
4603,18850,17757,342.58,failed,online,2025-02-06,NO
1772,24336,19044,1550.61,failed,online,2025-02-06,NO
3858,12113,20256,228.96,completed,online,2025-02-06,NO
2908,22121,22282,431.15,failed,online,2025-02-06,NO
2878,23356,24068,1932.89,failed,online,2025-02-06,NO
1149,29606,24309,1570.49,completed,online,2025-02-06,NO
378,26320,25306,1410.27,failed,online,2025-02-06,NO
4767,47947,25594,1640.72,completed,online,2025-02-06,NO
4790,4475,29308,1660.37,completed,online,2025-02-06,NO
262,3616,29334,1698.33,failed,online,2025-02-06,NO
863,7319,30109,1190.32,completed,online,2025-02-06,NO
740,5790,33462,1085.8,completed,online,2025-02-06,NO
1,38874,39042,9968.26365898176,failed,online,2025-02-06,NO
1,7564,39773,1837.07,completed,online,2025-02-06,NO
2059,15414,39866,1158.93,completed,online,2025-02-06,NO
2930,40824,42210,1910.09,completed,UNKNOWN,2025-02-06,NO
1,16977,42749,1172.02,completed,online,2025-02-06,NO
4110,22091,44263,489.97,failed,online,2025-02-06,NO
1,25390,50205,1513.77,failed,online,2025-02-06,NO
121,3580,51660,822.77,failed,online,2025-02-06,NO
1,18406,51823,468.3,completed,online,2025-02-06,NO
493,29551,52229,1276.82,failed,online,2025-02-06,NO
1842,34200,57975,277.54,completed,online,2025-02-06,NO
3920,29477,58309,1683.86,failed,online,2025-02-06,NO
4373,25587,58575,929.0,completed,online,2025-02-06,NO
2083,6579,59751,1072.19,failed,online,2025-02-06,NO
1,31615,60512,925.54,failed,online,2025-02-06,NO
3056,15517,60534,707.58,failed,online,2025-02-06,NO
2478,13842,62793,52.74,completed,online,2025-02-06,NO
1938,1564,63114,1215.71,failed,online,2025-02-06,NO
4633,8623,66484,1120.46,completed,online,2025-02-06,NO
4296,9838,71718,534.72,completed,UNKNOWN,2025-02-06,NO
1613,12408,73131,1832.22,completed,online,2025-02-06,NO
3108,35785,75169,1693.16,completed,online,2025-02-06,NO
3437,21883,75870,866.22,completed,online,2025-02-06,NO
2978,38979,77027,1402.46,failed,online,2025-02-06,NO
4258,26536,78517,1356.27,failed,online,2025-02-06,NO
395,25851,79129,1525.38,completed,online,2025-02-06,NO
754,17585,84595,1376.2,completed,online,2025-02-06,NO
4221,26110,84915,1374.44,completed,online,2025-02-06,NO
1551,32215,85283,1325.72,failed,online,2025-02-06,NO
4464,45534,86891,892.18,failed,online,2025-02-06,NO
2091,49033,90034,1227.17,failed,online,2025-02-06,NO
100,2764,91029,1033.52,completed,online,2025-02-06,NO
4554,35593,92300,286.15,failed,online,2025-02-06,NO
3856,28510,92900,1986.3,failed,online,2025-02-06,NO
4852,10714,94344,1276.76,completed,UNKNOWN,2025-02-06,NO
2649,6399,100996,1778.03,failed,online,2025-02-06,NO
3586,28744,104650,1828.73,completed,online,2025-02-06,NO
2851,22792,105884,1772.56,completed,online,2025-02-06,NO
1,3093,107851,266.75,completed,online,2025-02-06,NO
2704,24912,108225,624.31,completed,online,2025-02-06,NO
1468,22981,108599,841.8,completed,online,2025-02-06,NO
3302,39552,109533,1437.82,failed,online,2025-02-06,NO
3603,44832,109904,109.56,failed,online,2025-02-06,NO
1349,10883,112092,541.5,completed,online,2025-02-06,NO
4097,37489,113568,228.18,failed,online,2025-02-06,NO
4431,10549,114336,260.15,failed,online,2025-02-06,NO
1530,2881,114933,158.81,failed,online,2025-02-06,NO
980,31060,116073,916.51,completed,online,2025-02-06,NO
2915,10632,118158,999.86,failed,online,2025-02-06,NO
978,42252,123753,1005.46,failed,online,2025-02-06,NO
3671,38454,125606,1929.22,completed,online,2025-02-06,NO
1,41205,125953,1349.62,failed,online,2025-02-06,NO
2366,18970,127398,428.11,completed,online,2025-02-06,NO
1,4409,128321,301.88,failed,online,2025-02-06,NO
2545,45495,129866,141.22,completed,online,2025-02-06,NO
339,35625,134785,375.96,completed,online,2025-02-06,NO
3507,29822,135079,17.4,failed,online,2025-02-06,NO
3352,15060,135187,144.93,completed,online,2025-02-06,NO
4456,16020,137827,1840.18,completed,online,2025-02-06,NO
2817,26802,144986,1881.47,failed,online,2025-02-06,NO
1901,28671,145296,1283.98,failed,online,2025-02-06,NO
3453,20273,147987,269.88,completed,online,2025-02-06,NO
1,16935,149537,705.93,completed,online,2025-02-06,NO
4832,23350,149814,1196.72,failed,online,2025-02-06,NO
3433,34069,149975,969.67,failed,online,2025-02-06,NO
1350,45468,3276,476.76,completed,online,2025-07-26,NO
357,43460,3519,1159.6,completed,online,2025-07-26,NO
1,4397,7066,1280.28,failed,online,2025-07-26,NO
1,27687,11397,1003.49,completed,online,2025-07-26,NO
1,42701,12894,1479.59,failed,online,2025-07-26,NO
2796,33728,13207,1135.25,failed,online,2025-07-26,NO
1181,12815,13685,337.81,failed,online,2025-07-26,NO
1025,29970,14112,961.13,failed,online,2025-07-26,NO
3879,9736,15357,1023.2,completed,online,2025-07-26,NO
2457,9206,18724,1345.25,failed,online,2025-07-26,NO
1752,5888,20155,1006.06,completed,online,2025-07-26,NO
1,28595,21446,1050.52,failed,online,2025-07-26,NO
1859,17936,21754,1918.71,failed,online,2025-07-26,NO
1,19713,26217,202.04,completed,online,2025-07-26,NO
3370,27471,28224,240.85,failed,online,2025-07-26,NO
4449,40974,34730,713.69,completed,online,2025-07-26,NO
2709,10056,34831,1009.94,completed,online,2025-07-26,NO
1,9613,35094,55.65,completed,online,2025-07-26,NO
1,22135,40892,1117.36,failed,online,2025-07-26,NO
2421,36332,44669,1862.38,completed,online,2025-07-26,NO
1487,13532,45027,1158.62,completed,online,2025-07-26,NO
660,28878,50782,1549.44,completed,online,2025-07-26,NO
939,471,51780,337.95,completed,online,2025-07-26,NO
2579,26979,53151,1745.04,completed,online,2025-07-26,NO
1795,3114,54181,1011.16,completed,online,2025-07-26,NO
507,23058,55264,1837.42,completed,online,2025-07-26,NO
1,6655,59115,39.8,completed,online,2025-07-26,NO
1018,9378,59515,1993.99,completed,online,2025-07-26,NO
1760,16107,59716,1272.81,failed,online,2025-07-26,NO
1543,34636,61422,1042.28,failed,online,2025-07-26,NO
1,41144,62202,1807.93,failed,online,2025-07-26,NO
1931,39374,66326,1377.94,failed,online,2025-07-26,NO
4229,1342,67922,580.72,failed,online,2025-07-26,NO
325,37906,69317,1057.36,failed,online,2025-07-26,NO
1752,14522,70838,1580.95,failed,online,2025-07-26,NO
1,18493,72642,397.47,completed,online,2025-07-26,NO
1029,24554,72723,397.66,completed,online,2025-07-26,NO
309,35335,72831,1718.57,completed,online,2025-07-26,NO
4030,43546,73453,1866.11,failed,online,2025-07-26,NO
1,32293,74475,473.16,failed,online,2025-07-26,NO
1,6874,74795,1373.6,completed,online,2025-07-26,NO
150,24626,75070,1065.55,completed,online,2025-07-26,NO
1,27321,76096,1210.24,completed,online,2025-07-26,NO
1376,18969,76680,477.68,failed,online,2025-07-26,NO
1,45242,77284,168.44,failed,online,2025-07-26,NO
1130,20445,78043,938.85,completed,online,2025-07-26,NO
1155,44638,79885,1774.27,completed,online,2025-07-26,NO
2974,21191,81061,1007.62,completed,online,2025-07-26,NO
1384,4221,83528,1822.26,completed,online,2025-07-26,NO
4138,33352,84818,1287.08,completed,online,2025-07-26,NO
2994,8108,85245,1354.43,failed,online,2025-07-26,NO
1,16053,87157,118.45,failed,online,2025-07-26,NO
4999,47133,87338,911.54,failed,online,2025-07-26,NO
3108,6471,87568,1080.36,failed,online,2025-07-26,NO
1,12140,89754,1393.68,failed,online,2025-07-26,NO
48,43871,93099,1037.6,completed,online,2025-07-26,NO
2944,20177,98482,850.42,completed,online,2025-07-26,NO
4353,25013,99811,1363.77,completed,online,2025-07-26,NO
4599,2409,100088,603.53,failed,online,2025-07-26,NO
3840,34769,100374,383.8,failed,online,2025-07-26,NO
4409,48484,101628,1364.84,failed,online,2025-07-26,NO
1,20579,107930,786.14,completed,online,2025-07-26,NO
2230,22363,112343,514.3,failed,online,2025-07-26,NO
1445,39847,115302,335.3,completed,online,2025-07-26,NO
2670,23279,115651,1663.23,failed,online,2025-07-26,NO
550,46273,116109,1903.28,completed,online,2025-07-26,NO
4616,26628,120227,1909.99,failed,online,2025-07-26,NO
978,46134,121866,879.98,failed,online,2025-07-26,NO
1,23662,125339,795.37,completed,online,2025-07-26,NO
1,9628,126266,497.24,completed,online,2025-07-26,NO
2493,46057,126609,307.58,failed,online,2025-07-26,NO
2339,18516,129482,153.94,failed,online,2025-07-26,NO
1,30052,130064,1578.58,completed,online,2025-07-26,NO
2681,9709,130437,606.83,completed,online,2025-07-26,NO
4244,502,130831,1208.01,completed,online,2025-07-26,NO
112,4744,132319,1902.29,failed,online,2025-07-26,NO
2726,9409,133913,342.64,failed,online,2025-07-26,NO
4139,20598,134172,1773.83,failed,online,2025-07-26,NO
2310,39550,134819,1769.78,completed,online,2025-07-26,NO
1357,40040,135519,954.75,completed,online,2025-07-26,NO
1154,41201,137230,204.52,completed,online,2025-07-26,NO
1891,6524,138129,120.45,failed,online,2025-07-26,NO
445,23678,138893,964.11,completed,online,2025-07-26,NO
2982,29715,139822,1729.8,failed,online,2025-07-26,NO
3453,382,143621,954.02,failed,online,2025-07-26,NO
4335,10602,144676,305.86,completed,online,2025-07-26,NO
2368,14724,146428,774.41,failed,online,2025-07-26,NO
1,29158,4946,1750.1,completed,UNKNOWN,2025-02-12,NO
52,20674,7133,395.64,failed,online,2025-02-12,NO
1901,17821,10259,1923.73,failed,online,2025-02-12,NO
22,8789,13776,262.53,completed,online,2025-02-12,NO
1523,26989,14803,1103.09,completed,UNKNOWN,2025-02-12,NO
2650,16284,17006,1002.73,completed,online,2025-02-12,NO
2713,21574,18256,1660.84,failed,online,2025-02-12,NO
1861,22820,18735,1382.37,failed,online,2025-02-12,NO
4690,8118,19089,838.24,failed,online,2025-02-12,NO
2182,26124,19176,122.28,completed,online,2025-02-12,NO
1798,7402,19689,1825.12,completed,online,2025-02-12,NO
4195,19417,19844,1475.38,failed,online,2025-02-12,NO
3138,24088,20460,1466.99,failed,online,2025-02-12,NO
443,42573,26194,1707.66,failed,online,2025-02-12,NO
3335,11033,28165,1437.22,failed,online,2025-02-12,NO
1,33383,31062,492.02,completed,online,2025-02-12,NO
4103,35432,31299,1062.92,completed,online,2025-02-12,NO
4610,4970,32216,1794.56,completed,online,2025-02-12,NO
3813,26070,34044,246.85,failed,online,2025-02-12,NO
920,47811,35841,1704.97,failed,online,2025-02-12,NO
1,30335,36043,144.91,failed,online,2025-02-12,NO
1,3173,36382,1066.27,completed,online,2025-02-12,NO
3199,32571,37338,367.56,failed,online,2025-02-12,NO
1,22965,38811,615.14,completed,online,2025-02-12,NO
1,30223,43871,731.66,completed,online,2025-02-12,NO
1,41780,47463,869.42,completed,online,2025-02-12,NO
4480,6525,48363,987.54,completed,online,2025-02-12,NO
4468,7420,48472,615.01,failed,online,2025-02-12,NO
1,38306,48505,1939.96,failed,online,2025-02-12,NO
3235,21749,51329,1274.82,failed,online,2025-02-12,NO
4462,17257,52906,352.82,completed,online,2025-02-12,NO
244,32337,53461,754.07,failed,online,2025-02-12,NO
4566,11974,56507,1446.63,completed,online,2025-02-12,NO
1,23356,57588,515.83,failed,online,2025-02-12,NO
1,8899,63699,1592.55,failed,online,2025-02-12,NO
481,4602,63989,1301.34,failed,online,2025-02-12,NO
447,1218,65244,205.57,completed,online,2025-02-12,NO
616,49747,65375,1087.97,failed,online,2025-02-12,NO
1,36210,67166,789.33,completed,online,2025-02-12,NO
1,30128,67682,1588.2,completed,online,2025-02-12,NO
1672,5845,72381,1292.6,failed,online,2025-02-12,NO
1524,20339,73387,1654.34,failed,online,2025-02-12,NO
3800,48833,75380,101.26,completed,online,2025-02-12,NO
130,8583,76042,1965.65,failed,online,2025-02-12,NO
1,37678,78734,711.63,failed,online,2025-02-12,NO
1,5868,79151,980.27,completed,online,2025-02-12,NO
4109,21800,80719,472.34,completed,online,2025-02-12,NO
2159,539,84386,1268.39,failed,online,2025-02-12,NO
3809,30432,87564,726.79,completed,online,2025-02-12,NO
1325,32837,89572,148.98,failed,online,2025-02-12,NO
3623,23493,92217,1997.05,failed,online,2025-02-12,NO
1,2043,98535,845.38,failed,online,2025-02-12,NO
4705,42447,99014,1798.16,completed,online,2025-02-12,NO
1347,38912,99253,1719.0,completed,online,2025-02-12,NO
2610,38215,99514,1775.87,failed,online,2025-02-12,NO
1348,20296,101295,1755.34,failed,online,2025-02-12,NO
864,39176,102589,674.09,completed,online,2025-02-12,NO
73,23011,102909,1296.23,failed,online,2025-02-12,NO
4180,32646,105570,1392.05,completed,online,2025-02-12,NO
238,6486,106437,1143.85,completed,online,2025-02-12,NO
1,36615,107730,243.52,failed,online,2025-02-12,NO
3635,40006,108180,1172.0,completed,online,2025-02-12,NO
1151,34762,108657,1801.35,completed,online,2025-02-12,NO
1,30281,113954,1716.41,completed,online,2025-02-12,NO
987,5440,114035,857.94,completed,online,2025-02-12,NO
2307,9758,116728,509.17,failed,online,2025-02-12,NO
1611,29381,117232,764.75,failed,online,2025-02-12,NO
1815,3196,120769,648.8,completed,online,2025-02-12,NO
1,43128,122149,872.16,completed,online,2025-02-12,NO
784,40280,125786,377.53,failed,online,2025-02-12,NO
1374,9998,127399,1488.98,failed,online,2025-02-12,NO
1130,3480,130263,1083.97,completed,online,2025-02-12,NO
1535,47566,130319,1039.54,failed,online,2025-02-12,NO
1,27165,131425,856.0,completed,online,2025-02-12,NO
1,23602,133022,1046.94,completed,online,2025-02-12,NO
2123,9721,134385,664.72,failed,online,2025-02-12,NO
4469,16959,136023,404.0,completed,online,2025-02-12,NO
1226,27765,136804,983.86,completed,online,2025-02-12,NO
4450,22529,136916,1914.66,completed,online,2025-02-12,NO
1,45002,137205,1195.62,completed,online,2025-02-12,NO
2619,11002,137473,1724.14,failed,online,2025-02-12,NO
1277,6235,139402,724.02,completed,online,2025-02-12,NO
3860,11258,142544,1268.43,completed,online,2025-02-12,NO
456,8601,143944,1402.05,completed,online,2025-02-12,NO
3821,17748,144071,1772.96,completed,online,2025-02-12,NO
333,25826,147287,319.0,failed,online,2025-02-12,NO
4783,22228,148865,166.37,completed,online,2025-02-12,NO
1579,4471,2312,422.49,failed,online,2025-04-19,NO
1,46628,4459,1672.4,failed,online,2025-04-19,NO
3434,22011,5066,1095.25,completed,online,2025-04-19,NO
2060,38887,5214,1187.41,completed,online,2025-04-19,NO
4237,17213,6658,1552.22,completed,online,2025-04-19,NO
2216,2774,6948,202.86,completed,online,2025-04-19,NO
2101,34965,9249,1567.01,completed,online,2025-04-19,NO
1291,3105,11059,547.8,completed,online,2025-04-19,NO
1103,8265,13992,535.98,failed,online,2025-04-19,NO
1600,10644,15116,354.91,failed,online,2025-04-19,NO
638,26773,15962,1053.67,failed,online,2025-04-19,NO
3249,5663,16861,548.26,failed,online,2025-04-19,NO
1,37587,17430,374.63,failed,online,2025-04-19,NO
3429,3472,17585,489.84,failed,online,2025-04-19,NO
3971,35649,21412,1761.13,completed,online,2025-04-19,NO
549,49749,23100,1738.94,failed,online,2025-04-19,NO
4451,10252,26256,1055.68,failed,online,2025-04-19,NO
1935,17049,28068,1086.41,completed,online,2025-04-19,NO
56,18628,29194,847.52,failed,online,2025-04-19,NO
4698,40174,35947,1766.12,failed,online,2025-04-19,NO
4062,39211,36100,1173.52,completed,online,2025-04-19,NO
4385,27849,36771,54.45,failed,online,2025-04-19,NO
1614,24160,37825,1962.7,completed,online,2025-04-19,NO
1,42230,40998,907.31,failed,online,2025-04-19,NO
4025,44971,42274,1659.99,failed,online,2025-04-19,NO
1020,4663,42318,1579.23,failed,online,2025-04-19,NO
1,26123,42533,277.59,failed,online,2025-04-19,NO
2409,14367,42659,1428.9,completed,online,2025-04-19,NO
4156,31923,43567,1172.92,completed,online,2025-04-19,NO
637,38669,46806,384.32,failed,online,2025-04-19,NO
1256,3079,48442,391.06,failed,online,2025-04-19,NO
956,38258,50610,1857.34,completed,online,2025-04-19,NO
1436,19288,51701,28.98,completed,online,2025-04-19,NO
1,28721,59996,86.43,completed,online,2025-04-19,NO
4179,1010,60334,30.28,completed,online,2025-04-19,NO
3199,36620,60702,1556.84,failed,online,2025-04-19,NO
4869,25411,62047,1117.53,completed,online,2025-04-19,NO
1008,21856,64046,60.64,failed,online,2025-04-19,NO
678,30482,67253,436.62,failed,online,2025-04-19,NO
2531,38950,71353,1943.62,completed,online,2025-04-19,NO
239,45992,71699,722.35,completed,online,2025-04-19,NO
2968,37774,72509,137.3,failed,online,2025-04-19,NO
1,2466,72615,1150.35,failed,online,2025-04-19,NO
4172,16633,72656,1859.42,completed,online,2025-04-19,NO
1444,28426,72899,1259.26,completed,online,2025-04-19,NO
101,33985,73008,1268.76,completed,online,2025-04-19,NO
2441,3000,73710,311.44,failed,online,2025-04-19,NO
1,27210,74545,1076.63,failed,online,2025-04-19,NO
3574,49394,74820,1515.1,failed,online,2025-04-19,NO
2561,17248,78235,1824.89,failed,online,2025-04-19,NO
1,44102,79309,621.4,completed,online,2025-04-19,NO
1276,28184,82644,58.17,failed,online,2025-04-19,NO
3574,43808,83218,1537.52,completed,online,2025-04-19,NO
3511,11042,89881,1636.18,completed,online,2025-04-19,NO
1,29159,90612,1036.84,failed,online,2025-04-19,NO
2962,47707,91641,722.75,completed,online,2025-04-19,NO
4838,48595,94910,79.53,failed,online,2025-04-19,NO
3981,4100,95515,858.66,completed,online,2025-04-19,NO
1079,4994,96826,1516.97,completed,online,2025-04-19,NO
1,17362,104073,1267.26,completed,online,2025-04-19,NO
2350,15207,105014,1395.46,completed,online,2025-04-19,NO
598,21489,107513,1838.8,failed,online,2025-04-19,NO
4549,33223,109923,64.62,failed,online,2025-04-19,NO
1,25844,110095,1951.69,completed,online,2025-04-19,NO
1336,33047,112608,530.5,failed,online,2025-04-19,NO
1931,13997,113021,906.95,completed,online,2025-04-19,NO
2205,37544,113248,187.13,failed,online,2025-04-19,NO
3452,34370,114081,878.31,completed,online,2025-04-19,NO
1,18924,116230,502.72,failed,online,2025-04-19,NO
4904,28434,121576,657.52,failed,online,2025-04-19,NO
1,29812,128889,1077.32,completed,online,2025-04-19,NO
3535,42027,129356,569.08,failed,online,2025-04-19,NO
1678,21562,129666,1348.01,failed,online,2025-04-19,NO
4447,8922,133435,727.82,failed,online,2025-04-19,NO
1811,16566,133664,1751.69,completed,online,2025-04-19,NO
1,3529,134550,876.24,failed,online,2025-04-19,NO
2384,34378,135861,1841.97,completed,online,2025-04-19,NO
4906,49014,136781,1173.88,failed,online,2025-04-19,NO
2075,40699,137436,453.16,failed,online,2025-04-19,NO
1698,29026,137596,958.06,failed,online,2025-04-19,NO
1708,28651,138256,1822.03,completed,online,2025-04-19,NO
4956,44471,141872,1617.59,completed,online,2025-04-19,NO
2535,10725,144353,1432.84,failed,online,2025-04-19,NO
2593,7703,147050,508.11,failed,online,2025-04-19,NO
72,11504,147955,1032.9,completed,online,2025-04-19,NO
2601,4340,148866,306.07,failed,online,2025-04-19,NO
2028,18624,149607,1067.93,completed,online,2025-04-19,NO
3166,28914,278,592.78,failed,online,2025-02-20,NO
4191,37739,993,244.29,completed,online,2025-02-20,NO
1,22561,3468,1920.78,failed,online,2025-02-20,NO
1629,3142,4437,495.34,completed,online,2025-02-20,NO
3848,19681,6262,717.81,failed,online,2025-02-20,NO
1,20094,8521,1650.97,completed,online,2025-02-20,NO
4153,12008,10868,222.01,failed,online,2025-02-20,NO
2914,8365,12231,37.1,failed,online,2025-02-20,NO
3121,13703,18972,921.91,failed,online,2025-02-20,NO
197,36804,19182,247.91,completed,online,2025-02-20,NO
4672,13778,24356,398.5,failed,online,2025-02-20,NO
4102,47777,24640,1880.4,failed,online,2025-02-20,NO
3882,49310,26186,1693.66,completed,online,2025-02-20,NO
2009,23486,30468,655.42,failed,online,2025-02-20,NO
4672,32749,31947,395.82,completed,online,2025-02-20,NO
1501,49848,35717,1825.93,completed,online,2025-02-20,NO
4853,42262,37243,992.51,completed,online,2025-02-20,NO
752,19513,40002,1584.39,completed,online,2025-02-20,NO
2495,43204,42081,939.67,failed,online,2025-02-20,NO
563,13651,44028,1192.92,failed,online,2025-02-20,NO
3585,40955,44103,1822.08,failed,online,2025-02-20,NO
2720,29912,45315,847.3,completed,online,2025-02-20,NO
1,19071,46500,1441.35,failed,online,2025-02-20,NO
3251,8638,47307,1702.29,completed,online,2025-02-20,NO
4976,14856,47925,691.04,failed,online,2025-02-20,NO
4030,43632,48259,1877.52,failed,online,2025-02-20,NO
1,15655,49054,1176.08,completed,online,2025-02-20,NO
445,24851,50627,664.71,failed,online,2025-02-20,NO
3241,20414,52404,1305.85,completed,online,2025-02-20,NO
1909,6981,54462,1870.72,failed,online,2025-02-20,NO
1,11290,54835,920.05,failed,online,2025-02-20,NO
1,36345,55934,853.38,completed,online,2025-02-20,NO
117,49524,57319,1797.64,failed,online,2025-02-20,NO
971,35304,62081,1380.68,failed,online,2025-02-20,NO
1,20585,63153,1788.18,completed,online,2025-02-20,NO
3187,3816,63163,1208.25,completed,online,2025-02-20,NO
3765,32321,63831,1453.45,completed,online,2025-02-20,NO
3108,49623,67544,615.05,completed,online,2025-02-20,NO
1,43957,68922,42.68,completed,online,2025-02-20,NO
982,23567,70403,501.95,completed,online,2025-02-20,NO
1,5323,70424,1127.12,completed,online,2025-02-20,NO
2346,36452,73139,1847.07,failed,online,2025-02-20,NO
1,23626,74045,1832.04,failed,online,2025-02-20,NO
1753,14149,76360,1091.71,completed,online,2025-02-20,NO
1,1766,76849,1286.44,failed,online,2025-02-20,NO
4080,21070,78039,1204.39,failed,online,2025-02-20,NO
4246,37958,80858,1907.58,completed,online,2025-02-20,NO
1,7477,86885,191.33,completed,online,2025-02-20,NO
513,7676,89018,766.66,failed,online,2025-02-20,NO
3886,22474,89828,164.14,failed,online,2025-02-20,NO
1646,28064,93447,1485.92,failed,online,2025-02-20,NO
2858,21639,97866,1862.44,failed,online,2025-02-20,NO
4718,35221,98746,956.2,failed,online,2025-02-20,NO
1,13698,100733,682.83,failed,online,2025-02-20,NO
1,26803,101327,1192.71,completed,online,2025-02-20,NO
2663,42296,102944,369.72,completed,online,2025-02-20,NO
2612,9148,103384,1538.2,failed,online,2025-02-20,NO
3261,1908,105598,548.52,completed,online,2025-02-20,NO
4785,13605,107898,1444.78,completed,online,2025-02-20,NO
4914,49788,110920,485.12,failed,online,2025-02-20,NO
4088,47340,110958,1177.79,failed,online,2025-02-20,NO
2846,32474,111158,951.64,completed,online,2025-02-20,NO
1,14514,111883,1013.96,failed,online,2025-02-20,NO
564,9114,113603,507.72,failed,online,2025-02-20,NO
2872,48829,113610,1396.75,failed,online,2025-02-20,NO
2442,1732,114605,1622.97,failed,online,2025-02-20,NO
2411,37335,114694,1748.8,failed,online,2025-02-20,NO
2316,24528,115272,1559.23,failed,UNKNOWN,2025-02-20,NO
3154,25642,118568,1054.13,failed,online,2025-02-20,NO
3142,19633,118668,75.75,failed,online,2025-02-20,NO
1585,19781,119000,1790.77,completed,online,2025-02-20,NO
1,45281,119180,1132.05,completed,online,2025-02-20,NO
3608,26921,123904,1214.66,completed,online,2025-02-20,NO
1889,21440,125520,1181.67,failed,online,2025-02-20,NO
1,24398,126659,230.83,completed,online,2025-02-20,NO
3306,3237,130552,1081.26,failed,online,2025-02-20,NO
2696,39109,134340,1474.04,completed,online,2025-02-20,NO
4021,47986,134711,1877.94,failed,online,2025-02-20,NO
2538,13985,135563,690.86,failed,online,2025-02-20,NO
2973,21771,136533,396.03,failed,online,2025-02-20,NO
4858,7152,137322,395.39,failed,online,2025-02-20,NO
4591,28361,137456,1636.38,completed,online,2025-02-20,NO
3460,34490,137896,68.49,completed,online,2025-02-20,NO
1297,45893,141588,1190.91,failed,online,2025-02-20,NO
3382,15346,144122,1449.49,completed,online,2025-02-20,NO
4034,34719,146952,90.34,completed,online,2025-02-20,NO
1,909,149410,1299.83,failed,online,2025-02-20,NO
